{"type":"FeatureCollection","features":[{"type":"Feature","geometry":{"type":"MultiPolygon","coordinates":[[[[153.232126108236,-27.4208938754392],[153.231790008284,-27.4207991354044],[153.231538198327,-27.420676925378],[153.231201298389,-27.4204707453423],[153.231016138418,-27.4204001853229],[153.230884408431,-27.4204038153096],[153.230542628464,-27.4204317652753],[153.230108928509,-27.4204483652315],[153.229665638564,-27.4203828151862],[153.229357028604,-27.4203297551545],[153.229012328642,-27.4203212651196],[153.228571628685,-27.4203536050752],[153.228440848699,-27.420350345062],[153.228049638754,-27.4202520250216],[153.22761021881,-27.4201752249766],[153.227305398841,-27.4201904149458],[153.226890728882,-27.4202166149041],[153.226640848909,-27.4202172448788],[153.226454008934,-27.4201785548596],[153.226393528938,-27.4201975148536],[153.226376838933,-27.4202494148524],[153.226402608921,-27.4203228248555],[153.226544118891,-27.4204400748708],[153.226730708856,-27.4205583848906],[153.226795898836,-27.420660074898],[153.227023218792,-27.4208158449222],[153.227235728742,-27.4210280749454],[153.227464838687,-27.4212680549705],[153.227895608608,-27.4215288950162],[153.228030728582,-27.4216163550305],[153.228201728541,-27.4217980250493],[153.228533518464,-27.4221224050854],[153.228901398369,-27.4225591351261],[153.228988238344,-27.4226886151359],[153.229205918284,-27.4229783651602],[153.229310198238,-27.4232470451729],[153.229466128171,-27.4236444051918],[153.229576938127,-27.4239019252051],[153.229746308049,-27.4243701052259],[153.230031627951,-27.4249004052589],[153.230385017854,-27.4253708252984],[153.230667087763,-27.4258463653307],[153.230982997687,-27.4261771653653],[153.231217727617,-27.4265309753919],[153.231507607538,-27.4269066354242],[153.231755407465,-27.4272766954522],[153.231895607414,-27.4275599254686],[153.232096607364,-27.4277832754907],[153.232174427343,-27.4278852354994],[153.232376307281,-27.4281996055223],[153.2326408272,-27.4286155355524],[153.232889717125,-27.4289970855806],[153.233141497035,-27.42949227561],[153.233480836935,-27.4299942356483],[153.233875726854,-27.4302996656907],[153.234375336781,-27.4304575657425],[153.234605326751,-27.4304950457661],[153.234936926732,-27.4303690257986],[153.235335506714,-27.4301741458374],[153.235745806694,-27.4299862758775],[153.236079526699,-27.4296669259087],[153.236241846712,-27.4294253059232],[153.236417226737,-27.4290815559383],[153.236654506772,-27.4286096959585],[153.236797736793,-27.4283198159707],[153.236839416803,-27.4282116259741],[153.236865046818,-27.4280713059756],[153.236930816848,-27.4277748759799],[153.23707732691,-27.4271642859899],[153.237021406993,-27.4265578559794],[153.23688500707,-27.4260677159617],[153.236743097142,-27.4256206459438],[153.236623887229,-27.4250353659271],[153.236592937322,-27.4243341059185],[153.236554027383,-27.423889495911],[153.236507707436,-27.4235039359033],[153.236503437498,-27.423026135899],[153.236429747558,-27.4226171358884],[153.236267097619,-27.4222719658692],[153.236091097673,-27.4219924058491],[153.235854727737,-27.4216908358228],[153.235625027791,-27.4214554657977],[153.23538361784,-27.4212720957718],[153.235042307899,-27.4210998957359],[153.234656827955,-27.4209766456959],[153.234330447999,-27.4209049456623],[153.233926828045,-27.4208836256213],[153.233302648106,-27.4209296555585],[153.232911328143,-27.4209700955192],[153.232538228186,-27.4209472654813],[153.232126108236,-27.4208938754392]]],[[[153.235477868464,-27.3375395051181],[153.235379288398,-27.3381378451128],[153.235332678319,-27.3388047851134],[153.235312558236,-27.3394717751167],[153.23529120816,-27.3400925351194],[153.235321468081,-27.3406894951272],[153.235480897976,-27.3413787351488],[153.23574256787,-27.3419966851802],[153.236055997758,-27.3426157152168],[153.236237257707,-27.3428670752371],[153.236522427627,-27.3432558952691],[153.236936487534,-27.3436434053141],[153.237246767463,-27.3439396653478],[153.237662247358,-27.3444196853937],[153.23776492733,-27.3445560854051],[153.238360097191,-27.3451498054701],[153.23905917703,-27.3458336255463],[153.239808736866,-27.3464947756274],[153.240506476711,-27.3471334557031],[153.241255816562,-27.3476794957832],[153.241410216534,-27.3477705957996],[153.241951766438,-27.3480653558568],[153.24267260633,-27.3483124259317],[153.242955916289,-27.3484021859611],[153.243470496223,-27.3484903760139],[153.244114136134,-27.3486461460803],[153.244833736029,-27.3488706261549],[153.245271255963,-27.3490278162004],[153.24558125591,-27.3491863962331],[153.246277275786,-27.3495722163066],[153.246585845742,-27.3496620163385],[153.247050235658,-27.3499342663877],[153.247747455535,-27.3503200564614],[153.248491945448,-27.3503831065373],[153.248875965419,-27.3502876265754],[153.249540805362,-27.3501796866419],[153.250087905299,-27.3502162766975],[153.250845975185,-27.3504779967764],[153.251814065068,-27.3505890168753],[153.252908224947,-27.3506246269864],[153.253876054844,-27.3506228470844],[153.254759244779,-27.350395747172],[153.255684304718,-27.3500933972633],[153.256440874686,-27.349716167337],[153.257407284659,-27.3491130474301],[153.258205254661,-27.3484350575055],[153.258708734688,-27.3477951975514],[153.259590174714,-27.3468539976333],[153.260262824676,-27.3465896476993],[153.261144634683,-27.3457987577824],[153.261563654734,-27.3450462878189],[153.262024024818,-27.3439930778572],[153.262148674891,-27.3433163278644],[153.262525314961,-27.3424511978957],[153.26328068499,-27.3415853579654],[153.264372504989,-27.3406812880688],[153.265380634973,-27.3399652781653],[153.266377854927,-27.3394860382625],[153.267096684866,-27.3393649783344],[153.267839384803,-27.3392439684087],[153.26855840473,-27.3392154984813],[153.269252234651,-27.339255948552],[153.269969854581,-27.3392048386243],[153.270685544552,-27.3388310286938],[153.270812824556,-27.3386920387056],[153.271013464617,-27.3380472787209],[153.27062397474,-27.3374070586763],[153.269227225039,-27.3362225485254],[153.268811015176,-27.3354897784774],[153.268497155297,-27.3348020384401],[153.268337795393,-27.3341827884191],[153.268204795489,-27.3335397284005],[153.267968195598,-27.3328754883713],[153.267629295713,-27.332257758332],[153.266983425857,-27.3316642582619],[153.266312925971,-27.3313247981913],[153.265385896113,-27.3309879680947],[153.264819456193,-27.330831088036],[153.264177236278,-27.3306979979699],[153.263456616371,-27.3305661278958],[153.262685226488,-27.3302956278155],[153.262015046585,-27.330093787746],[153.261268766704,-27.3297780876679],[153.261062616738,-27.3296881176463],[153.260547896815,-27.3295074675928],[153.259802086914,-27.329353067516],[153.258824587055,-27.3290614574147],[153.257691627222,-27.3287024772971],[153.256919067335,-27.3284555972169],[153.256249987441,-27.3281848671469],[153.255579367567,-27.3277527270756],[153.254830027716,-27.3272064769954],[153.254183027872,-27.3265224769244],[153.253921027981,-27.3258814668928],[153.253762038079,-27.3252384668716],[153.253526498186,-27.3245967368427],[153.253370028234,-27.3243454668248],[153.253110038317,-27.323910456795],[153.252902018365,-27.3237094567724],[153.252669628428,-27.3234077067465],[153.252541038453,-27.3233164667327],[153.251920028586,-27.3227924666657],[153.251766038617,-27.3226794666492],[153.251199008703,-27.3224754665901],[153.250504048811,-27.3222064665176],[153.250219998864,-27.3220244564874],[153.249962018921,-27.3217964664595],[153.249781058945,-27.3217514764408],[153.249444009028,-27.3213864664038],[153.249057039112,-27.3210444563619],[153.24833630922,-27.320797296287],[153.247617119308,-27.3207105662135],[153.246821229389,-27.3207401561331],[153.246616649405,-27.3207868061128],[153.246181239427,-27.3209749560702],[153.245492379441,-27.3214399560041],[153.244855749427,-27.3220877059448],[153.244753689423,-27.3222041459354],[153.244296129407,-27.3227127658931],[153.244015009402,-27.3229908058669],[153.2435823694,-27.323362935826],[153.24330095941,-27.3235258857988],[153.242533579444,-27.3238996357241],[153.242277279459,-27.3239926156989],[153.241816279496,-27.324088185653],[153.241098799563,-27.3241627955809],[153.240406759616,-27.3243288155122],[153.239689459665,-27.3245409754413],[153.238997639706,-27.3247995353733],[153.238281989738,-27.3251494253036],[153.238052439738,-27.3253360352819],[153.237363859732,-27.3259611852172],[153.23680416971,-27.3266087751656],[153.236346899679,-27.3272336351243],[153.236118699671,-27.3274879351032],[153.235813779651,-27.3279037350757],[153.235432069624,-27.3284359450413],[153.235155579563,-27.329150755019],[153.235083749483,-27.3298403050172],[153.235402429286,-27.3311263650596],[153.235535029196,-27.3317230650777],[153.235565509108,-27.3323888750861],[153.235545329031,-27.333009555089],[153.235473418957,-27.3336540550868],[153.23542676888,-27.3342985250872],[153.235482398796,-27.3349179950977],[153.235539488702,-27.335607415109],[153.235544488626,-27.3362055051142],[153.235497838549,-27.3368499551146],[153.235477868464,-27.3375395051181]]],[[[153.397227020472,-27.3436854815875],[153.39735503043,-27.3439144916023],[153.397675020369,-27.3441244816366],[153.397846020321,-27.3443534716558],[153.397846020282,-27.3446574816582],[153.397524020222,-27.3454004816313],[153.397545010173,-27.3457624916363],[153.397694000145,-27.3458574916523],[153.398143020093,-27.3458964816983],[153.398657020009,-27.3461254817524],[153.399681019805,-27.3468704718627],[153.400472019635,-27.3475374919485],[153.4012200095,-27.3479764820282],[153.402224999349,-27.3483204821333],[153.403508009188,-27.3485124822655],[153.404213999118,-27.3484754823371],[153.404855989074,-27.348285482401],[153.405413019014,-27.3482864824577],[153.406569008976,-27.3476214825702],[153.407254008993,-27.3469174826344],[153.407576009047,-27.3462314826618],[153.407704999118,-27.3455654826696],[153.407727009182,-27.3450504826678],[153.407599009278,-27.3444024826496],[153.407215029433,-27.3435074926034],[153.40633902966,-27.3424584825058],[153.406062029758,-27.3419244824734],[153.405849009878,-27.3411624824456],[153.405465000023,-27.3403424924],[153.405316000129,-27.3396374723792],[153.404996010222,-27.339180482343],[153.404915020294,-27.3386794923308],[153.404793000427,-27.3377394823109],[153.404602030534,-27.3370664922861],[153.404456030745,-27.3355294722591],[153.404650030823,-27.3347604822727],[153.404951000872,-27.3341274922984],[153.40510200092,-27.3336284923098],[153.405104010996,-27.3330324723053],[153.404933991075,-27.3325524922841],[153.404933991097,-27.3323794822828],[153.405237021229,-27.3310924923034],[153.405281001291,-27.3305734923038],[153.405174021339,-27.3302854822906],[153.404854021425,-27.3298814822548],[153.405051011639,-27.3280374722603],[153.405052001683,-27.3276914922576],[153.404904031787,-27.326999472237],[153.404689991842,-27.3267494822133],[153.404198011897,-27.326729482163],[153.403791001915,-27.3269214821231],[153.403576011914,-27.3271134921027],[153.403339021843,-27.3278624820845],[153.402974021794,-27.3285534720528],[153.401924021854,-27.328955481949],[153.401388021857,-27.3293774818978],[153.400893991829,-27.3300104818525],[153.400486001777,-27.3307594918169],[153.400250021775,-27.3309704817945],[153.399713001699,-27.332007481748],[153.398597011681,-27.3330824816429],[153.397824011621,-27.334195471573],[153.397394991617,-27.3345794815324],[153.396809021646,-27.3348454714748],[153.396488001648,-27.3350934814441],[153.396294991593,-27.3356834914291],[153.396337001479,-27.3365404814402],[153.396229001432,-27.3369974814328],[153.396229001374,-27.3374554914364],[153.396484031291,-27.3378934814659],[153.396484031262,-27.3381224914677],[153.396377011251,-27.3382934814581],[153.395992011268,-27.3384834814205],[153.395736001268,-27.338692471396],[153.39554302125,-27.3389974813788],[153.395328001195,-27.3396064813617],[153.395284021083,-27.3405204813645],[153.395156011067,-27.3407494913533],[153.394642021052,-27.3413014713053],[153.394469991021,-27.3416824812908],[153.394469990997,-27.3418724812924],[153.394598000966,-27.3420054713064],[153.394790020946,-27.342006491326],[153.395689020899,-27.3416264814145],[153.396160020853,-27.3415894814622],[153.3965450208,-27.3416844815021],[153.397058020697,-27.3420664815574],[153.397228010652,-27.3422754815764],[153.397314000614,-27.342504471587],[153.397206000523,-27.3433044915823],[153.397227020472,-27.3436854815875]]],[[[153.222425283181,-27.3901218442141],[153.222430463096,-27.3907887742199],[153.222512593008,-27.3914092942331],[153.222620122912,-27.3920750042492],[153.222727502822,-27.392694294265],[153.222912082724,-27.3933147242886],[153.22337994259,-27.3939774843412],[153.224051102454,-27.394477564413],[153.224257512412,-27.3946374344352],[153.224748652319,-27.3949559844874],[153.225497012182,-27.3954094645667],[153.22616803207,-27.3957264546371],[153.226579022003,-27.3959074646801],[153.226914021947,-27.3960664747152],[153.227714021804,-27.3965194647998],[153.228333031689,-27.3969054648654],[153.228850011599,-27.3971784649199],[153.229029041572,-27.3972454549386],[153.229777041446,-27.3976074650171],[153.230139411378,-27.3978350550556],[153.230526931299,-27.3981311850971],[153.230939821215,-27.3984498651414],[153.231198171158,-27.3986774351694],[153.231664051065,-27.3990185752192],[153.231895791017,-27.3992009652441],[153.233215700729,-27.4003634153869],[153.233396930686,-27.4005458954067],[153.233888510576,-27.40100216546],[153.234121600522,-27.4012296754854],[153.234689030406,-27.4016620755463],[153.234844920366,-27.4018457655635],[153.235388290248,-27.4023233156223],[153.235569590202,-27.4025295356423],[153.236112890089,-27.4029619557007],[153.236292730055,-27.4030756757198],[153.237013639965,-27.4031850157936],[153.237756739909,-27.4029952758673],[153.23849757991,-27.4023688659373],[153.23913329993,-27.4016749359962],[153.239591009958,-27.4010737160377],[153.239998099996,-27.4004263860738],[153.240454270033,-27.3997563861147],[153.240861470063,-27.3991790061513],[153.24131732012,-27.3983476361909],[153.241647020146,-27.3978634662204],[153.242053230188,-27.3971930862562],[153.242458890227,-27.3965457362922],[153.242762350271,-27.3959459463182],[153.243065670318,-27.3953225363439],[153.243467860412,-27.3942395763761],[153.243570020431,-27.3940094763846],[153.243821030486,-27.3933634764049],[153.244021020549,-27.3926944564198],[153.244094020618,-27.3920964664225],[153.244114020697,-27.3914524564194],[153.244084020782,-27.3908094764113],[153.244028030867,-27.3901884664007],[153.243919000969,-27.389477476384],[153.243734021062,-27.3889034563607],[153.243498011174,-27.3882154563314],[153.243471001198,-27.3880554763274],[153.243313031273,-27.3875964663078],[153.242974021396,-27.386909476268],[153.242767021453,-27.3866354662449],[153.242405021535,-27.3862934562055],[153.242041151632,-27.3858358661651],[153.241911791666,-27.3856758761507],[153.241547631787,-27.3850354761088],[153.241310021905,-27.3843014660789],[153.241152011992,-27.3837504660585],[153.241019002091,-27.3830854660398],[153.240936042181,-27.3824424660263],[153.240905012266,-27.3817994760181],[153.240824022351,-27.3812024660052],[153.24071605245,-27.3805124659888],[153.240634042534,-27.3799164759757],[153.240578012619,-27.3792954659652],[153.240575022654,-27.3790204659627],[153.240521032713,-27.3786054659539],[153.240414012803,-27.3779864559382],[153.240279002899,-27.3773434759194],[153.240018033011,-27.3766794758877],[153.239833043112,-27.3760364658639],[153.239725043206,-27.3753934658479],[153.239566013307,-27.3747284658265],[153.239406033406,-27.3740864758053],[153.239042023526,-27.3734444657633],[153.238447033656,-27.3729204756989],[153.238293043684,-27.3728294756826],[153.237699003808,-27.3723524656187],[153.237389043864,-27.3721694655859],[153.236976043937,-27.3719434755423],[153.236795003979,-27.3717614655226],[153.236176044077,-27.3715124554579],[153.235559004165,-27.3713334653941],[153.234815024241,-27.371361465319],[153.234508024256,-27.3715024652891],[153.234124044262,-27.3717814652524],[153.233588004272,-27.3721524652011],[153.233410034267,-27.3723374651846],[153.232899034268,-27.3727564751362],[153.232669044272,-27.3729184551142],[153.23208201427,-27.3734294650588],[153.231955034269,-27.3735444650469],[153.231548024251,-27.3740304750095],[153.23124302423,-27.374446464982],[153.23106501422,-27.3746774749658],[153.230607014187,-27.3753254749246],[153.230532004177,-27.3754634649181],[153.230176024148,-27.3759954648863],[153.22979401413,-27.3764574748513],[153.229642024122,-27.3766424648374],[153.229082014091,-27.3773594547864],[153.228624044067,-27.3779374747447],[153.228369014056,-27.3782384647212],[153.228141044045,-27.3785164647004],[153.227735994006,-27.3791624646645],[153.227634013999,-27.3793014546553],[153.227330013964,-27.3798324646287],[153.227000013917,-27.3804784646005],[153.226924023899,-27.3806864545944],[153.226621033873,-27.3811484545674],[153.226163033839,-27.3817954545262],[153.225756053803,-27.38241946449],[153.225505043751,-27.3830414744695],[153.225151033704,-27.383711464439],[153.224770003663,-27.3843574644056],[153.224440013616,-27.3850044743773],[153.224061033568,-27.3856964643445],[153.223833013522,-27.3862504643258],[153.223659023456,-27.3869174643135],[153.223560433394,-27.3874928643081],[153.223340593248,-27.3888281942964],[153.223062543192,-27.3894967542736],[153.222629723183,-27.3899363842333],[153.222425283181,-27.3901218442141]]],[[[153.188549785415,-27.401023280876],[153.188510765433,-27.4009102808712],[153.188563765434,-27.4008613008762],[153.188557775466,-27.4006142808736],[153.188521785472,-27.4005952808698],[153.18838275548,-27.4006472908562],[153.188357755489,-27.4005992808533],[153.188347755509,-27.4004492808511],[153.188356735515,-27.4003942808516],[153.188336735527,-27.4003132908489],[153.188278765543,-27.4002392908424],[153.188222775572,-27.4000582908354],[153.1882257756,-27.3998372808339],[153.188263765597,-27.3998253008376],[153.188364725586,-27.3998312908479],[153.188422765583,-27.3998032808535],[153.18843276559,-27.399736290854],[153.188415755598,-27.3996882808519],[153.188353775614,-27.3996122908451],[153.188319755643,-27.3994162808401],[153.18816875569,-27.3991693008229],[153.188142775704,-27.3990853108196],[153.188051745729,-27.3989663008094],[153.188034765738,-27.3989033108072],[153.187952755764,-27.3987713107979],[153.187856755785,-27.3986873107875],[153.187799745807,-27.3985603007808],[153.187793755824,-27.3984343007792],[153.187775765832,-27.398386310777],[153.187732725842,-27.3983443207723],[153.187669765852,-27.3983183007657],[153.187640745861,-27.3982703207624],[153.187621775877,-27.3981563007596],[153.187463765926,-27.3979033107416],[153.187431755944,-27.3977933107375],[153.187425765958,-27.397684310736],[153.187377765976,-27.3975863207304],[153.187266775994,-27.3975373107188],[153.187243736003,-27.3974843107161],[153.187258776019,-27.3973463107165],[153.187239766026,-27.3973063007143],[153.186889766098,-27.3970313206767],[153.186813766113,-27.3969763106686],[153.18679376612,-27.3969403106663],[153.186798766136,-27.3968103106658],[153.186653756176,-27.3966193006496],[153.186640756186,-27.3965453006477],[153.186610756194,-27.3965083006444],[153.18643876622,-27.3964473106265],[153.186389786229,-27.3964213106214],[153.186300766257,-27.3962713006112],[153.186244736273,-27.396195300605],[153.186239776278,-27.3961623106042],[153.186214766283,-27.3961393006015],[153.186158776291,-27.3961253105957],[153.186116726299,-27.3960963105912],[153.186067746319,-27.3959843105854],[153.185921786345,-27.39590232057],[153.185827756366,-27.3958133105598],[153.185764756387,-27.3957033105526],[153.185773776396,-27.3956253205529],[153.185787756399,-27.395590310554],[153.185690776431,-27.3954183005428],[153.18551776647,-27.3952553205241],[153.185134806564,-27.3948353104821],[153.185109806575,-27.394765310479],[153.184934786619,-27.3945673004597],[153.184761816647,-27.3944963204417],[153.184618806693,-27.3942553004254],[153.184448786736,-27.3940553304066],[153.184316766768,-27.3939153203922],[153.184286806783,-27.3938213203884],[153.184122806819,-27.3936733203707],[153.183794786887,-27.3934173203355],[153.183702806902,-27.3933753303259],[153.183615786905,-27.3934213203175],[153.183471796904,-27.393557330304],[153.183429816901,-27.3936153303002],[153.182982806908,-27.3939323202576],[153.182662846924,-27.3940813202264],[153.182325836947,-27.3941793201932],[153.182232806955,-27.3941983201839],[153.182057816976,-27.3941803201661],[153.181807837017,-27.3940613301399],[153.18147980708,-27.3938433201051],[153.181269827113,-27.3937563300832],[153.181081847134,-27.3937493200641],[153.180960817141,-27.3937983300523],[153.18083682714,-27.3939083300406],[153.180759807144,-27.3939483300332],[153.18064380714,-27.3940713300224],[153.180501867122,-27.3943353300102],[153.1805338771,-27.3944863300146],[153.180514857074,-27.3947073300145],[153.180539857061,-27.3947813300176],[153.180501867051,-27.3948923300146],[153.180034847052,-27.3952823299705],[153.179886877057,-27.3953693299563],[153.179746857065,-27.3954193199425],[153.179600857068,-27.3955213299286],[153.179553887067,-27.3955713299242],[153.179308857082,-27.3956593199002],[153.179069897097,-27.3957383298767],[153.178705917112,-27.3959243298414],[153.178657887116,-27.3959393298367],[153.178524877116,-27.3960493398241],[153.17844191711,-27.3961623498166],[153.178319897107,-27.3962923498053],[153.17820885709,-27.396523339796],[153.178066877094,-27.3966093497823],[153.178028877088,-27.3966873397791],[153.178018877082,-27.3967473397785],[153.178153887054,-27.396853349793],[153.17828590703,-27.396929319807],[153.178556886983,-27.3970683298354],[153.178930906913,-27.3973103298751],[153.179096866884,-27.3973963198926],[153.179503876825,-27.3975163299346],[153.17973189678,-27.397684329959],[153.17986088676,-27.3977353299724],[153.18015587671,-27.3978763200033],[153.180263886688,-27.3979573300148],[153.180681916617,-27.3981703200587],[153.180944826568,-27.3983343300866],[153.18108082655,-27.3983583201005],[153.181435856509,-27.3983873301366],[153.181681866474,-27.398454320162],[153.18200587644,-27.3984463201946],[153.182084826424,-27.3985103202031],[153.182139836408,-27.3985913302093],[153.18228882635,-27.3989163202269],[153.182365876333,-27.3989863202353],[153.18269985628,-27.3991273302701],[153.18277486627,-27.3991453102778],[153.182800846266,-27.3991523002805],[153.183127856216,-27.3992733103145],[153.183272836184,-27.3994003103302],[153.183518846141,-27.399529310356],[153.183663816104,-27.399701310372],[153.183734816093,-27.3997263003794],[153.183785836083,-27.3997633003848],[153.183833836065,-27.3998693103905],[153.183961846045,-27.3999143004038],[153.184155806009,-27.4000363104244],[153.184307825977,-27.4001573204407],[153.184326845958,-27.4002933104437],[153.184401845937,-27.4004003104521],[153.184486825921,-27.4004503004611],[153.184585845907,-27.4004803104713],[153.184903835849,-27.4006663105049],[153.185062825797,-27.4009473005232],[153.185306835739,-27.4011933205498],[153.185483815703,-27.4013343005688],[153.185588795676,-27.4014563105804],[153.185747825645,-27.4015673105973],[153.185812795617,-27.4017343106052],[153.186022815568,-27.401938310628],[153.18613282555,-27.4019903106395],[153.186321825513,-27.4021233106597],[153.186407815488,-27.4022493106694],[153.186421835472,-27.4023633106717],[153.18645384546,-27.4024343106755],[153.186512825447,-27.4024823006818],[153.186596815436,-27.4024963106904],[153.18675679541,-27.4025693107071],[153.186813845396,-27.4026333007134],[153.187036825349,-27.4028132907374],[153.187254835316,-27.40289428076],[153.187437805279,-27.4030282907796],[153.187471795264,-27.4031152807837],[153.187524785249,-27.4031892807896],[153.18758278524,-27.4032132907957],[153.187768795215,-27.4032552908148],[153.187843795209,-27.4032422808223],[153.187923775233,-27.4029862808283],[153.18798680524,-27.4028752808338],[153.188257815228,-27.4027392908601],[153.188305815229,-27.4026912808646],[153.188393815233,-27.4025842908726],[153.188436775252,-27.4024022908755],[153.188499775254,-27.4023332908814],[153.188563795255,-27.4022702908873],[153.188524785322,-27.4017742908794],[153.188506785328,-27.4017442808774],[153.188517805331,-27.4017123008783],[153.188508795338,-27.4016602908769],[153.188452765353,-27.4015942808708],[153.188461815354,-27.4015732908715],[153.188538795351,-27.401535290879],[153.188563795352,-27.4015083008813],[153.188571795354,-27.4014792908819],[153.188563765363,-27.4014163008805],[153.188543755374,-27.401351290878],[153.188543755408,-27.4010833008759],[153.188549785415,-27.401023280876]]],[[[153.368314227628,-27.1545771171432],[153.368672187484,-27.1554162771863],[153.368908197343,-27.1563302972175],[153.369228187195,-27.1572242672572],[153.369314187121,-27.15773826727],[153.369720176911,-27.1590512773218],[153.369891176772,-27.1600022673467],[153.370169196637,-27.1608392473817],[153.37021222655,-27.1614862473912],[153.37001822642,-27.1626662473808],[153.370018226367,-27.1630842573842],[153.371067206041,-27.1647782475043],[153.371238245938,-27.165444227527],[153.371583205804,-27.1662152275682],[153.371775235652,-27.167250237596],[153.3722452454,-27.1688392376564],[153.372564255009,-27.1716552077113],[153.372714264917,-27.1722492077313],[153.372906254846,-27.172651217754],[153.373141274655,-27.1739541877883],[153.373268224347,-27.1762721978196],[153.373204244295,-27.1767311878167],[153.372968264228,-27.1774601977985],[153.372861284061,-27.1788581877988],[153.372239323871,-27.1808691977515],[153.372003313847,-27.1812521977305],[153.371853333802,-27.1817311977191],[153.371189363704,-27.183053187662],[153.370803343669,-27.1836471876275],[153.370653363592,-27.184375197618],[153.36906838336,-27.1875161874817],[153.368382443194,-27.1893941974269],[153.367203452987,-27.1919991773277],[153.36690346296,-27.1924591873008],[153.366839912923,-27.1928034872971],[153.36664646289,-27.1932251772808],[153.366453522744,-27.1945281672715],[153.366131492637,-27.1956381672476],[153.365959532509,-27.1967881872392],[153.365380502351,-27.198512177194],[153.365316482251,-27.1993551671942],[153.365358532119,-27.2003511672064],[153.365486532047,-27.2008111772231],[153.365507521992,-27.2012321772285],[153.365657531927,-27.2016151872468],[153.366192511741,-27.2026301473093],[153.366469551607,-27.203454157344],[153.366983581455,-27.2042201474024],[153.367603571229,-27.2054851674755],[153.368694550921,-27.2069981275985],[153.369849560553,-27.2089331377314],[153.371946559944,-27.2119781279689],[153.372138549843,-27.2126101079934],[153.373346549425,-27.2148881081344],[153.374288539015,-27.2173280882497],[153.374609558896,-27.2179950882876],[153.375251518586,-27.2199010683681],[153.375294548538,-27.2202440583752],[153.375743538308,-27.2216740684322],[153.375808508231,-27.2222270684432],[153.376407547908,-27.2242660485204],[153.376493537772,-27.225258058537],[153.376771557547,-27.2268010485776],[153.376835547426,-27.2276980185912],[153.376943547167,-27.2296420186176],[153.376879566957,-27.2313380286246],[153.377007606818,-27.2323300186455],[153.376986616715,-27.2331490086499],[153.377200576552,-27.2342550186804],[153.37722258637,-27.2356660086939],[153.378078586061,-27.2373809987946],[153.378849615712,-27.2394779888897],[153.379363605553,-27.2402979789485],[153.379812595394,-27.2411749990012],[153.380498605071,-27.2431379790866],[153.381097614855,-27.2443389791571],[153.381911594531,-27.2462069792548],[153.383027584133,-27.2484049593858],[153.383528583964,-27.249314959444],[153.383954613783,-27.2503799494958],[153.384893613453,-27.2521889496058],[153.386771602844,-27.2554059398225],[153.387112592709,-27.2561869098634],[153.387923542448,-27.2575569099568],[153.388222552322,-27.2582999299932],[153.38965255185,-27.2608128901587],[153.390592531588,-27.2620879102645],[153.39129655136,-27.2632879003457],[153.393432530772,-27.2661248905857],[153.394136500545,-27.2673238806669],[153.394734520379,-27.2681238707341],[153.39516153023,-27.2689428707841],[153.395588510107,-27.2695518708324],[153.396720519737,-27.2715128509633],[153.3972324696,-27.2721598310205],[153.39768148946,-27.272883831072],[153.398128469233,-27.2742918111287],[153.398405509124,-27.2749198111619],[153.398788498833,-27.2768797912165],[153.399171488635,-27.2781167912653],[153.40000347834,-27.2797337713629],[153.400858488067,-27.2811617514613],[153.401711487717,-27.2831987315643],[153.402245517532,-27.2842077316267],[153.40235147745,-27.2847597416419],[153.402692467312,-27.285558721683],[153.403267487001,-27.2875187217571],[153.403673506839,-27.2884506918058],[153.403864476692,-27.2894407018332],[153.40420549653,-27.2904306918758],[153.404481506338,-27.291704671914],[153.404886516171,-27.2926756819629],[153.405142486017,-27.2936656619969],[153.405669515805,-27.2948926720603],[153.405788465689,-27.2957036320788],[153.4054435056,-27.2966836420515],[153.405313525531,-27.2973366520434],[153.405311515394,-27.2984126420518],[153.40545854526,-27.299334652074],[153.405437515231,-27.2995846420739],[153.405221585185,-27.3001226420562],[153.405221585148,-27.3004106520585],[153.405284545115,-27.3006216220665],[153.405498545065,-27.30083363209],[153.405690535035,-27.3009106321102],[153.405838544928,-27.3016216221309],[153.406009584866,-27.3019676221511],[153.406445534723,-27.3027226322015],[153.406541534692,-27.3028906122126],[153.406755534637,-27.3031406022364],[153.4074155244,-27.304447602314],[153.407778514295,-27.3049666023551],[153.408332514109,-27.3059665824194],[153.408587503989,-27.3066965924512],[153.408566513979,-27.3067915924498],[153.408492493978,-27.3068575824428],[153.408506513958,-27.3070015824454],[153.408622543896,-27.3073885924603],[153.408714523872,-27.3075035824706],[153.408970533813,-27.3077535924986],[153.409481533658,-27.308542562557],[153.409738533621,-27.3086195825838],[153.410037533525,-27.3091195826182],[153.410505543336,-27.3102145726746],[153.411208493104,-27.3114455427559],[153.411293543058,-27.3117335527669],[153.411273533027,-27.3119975527669],[153.411292512975,-27.312386552772],[153.411505532879,-27.3129635427983],[153.411760522795,-27.3134055428277],[153.412123512702,-27.3138285328681],[153.412635532535,-27.3147125329273],[153.413210522322,-27.3159045229953],[153.413593552136,-27.3170385230433],[153.413998512005,-27.3177305130901],[153.414660511836,-27.3185005231637],[153.415086511696,-27.319249513213],[153.41517053162,-27.3197685132257],[153.41491152152,-27.3207675132072],[153.414953541449,-27.3212864932156],[153.415273531374,-27.3216135032508],[153.416021531252,-27.3219405033296],[153.416320501174,-27.322306493363],[153.417279500809,-27.3243624834771],[153.417578510724,-27.3247854735109],[153.417641540675,-27.3251124735199],[153.417833530625,-27.3253434835413],[153.417897520579,-27.3256504735503],[153.418281530472,-27.3261704735935],[153.418898530239,-27.3274774636668],[153.419837489955,-27.3289194637739],[153.42071246972,-27.330034443872],[153.420989509627,-27.3305344439041],[153.421224489535,-27.3310534339322],[153.421542479362,-27.3321484339733],[153.421606499311,-27.3324944439826],[153.421456489304,-27.3326674339687],[153.42145545929,-27.3327824439695],[153.421776479241,-27.3328984440031],[153.421883499208,-27.3330714340154],[153.422227508936,-27.3349104340651],[153.422334528887,-27.3352034340783],[153.422431508812,-27.3357134240922],[153.422728508524,-27.3377134241383],[153.422728508425,-27.3384943941445],[153.422855528304,-27.3393334141641],[153.422767528028,-27.3415624041729],[153.422724527987,-27.3419244041713],[153.422403547945,-27.3425144141433],[153.422360547908,-27.3428384041415],[153.422466547861,-27.3431234141545],[153.422744537804,-27.3433334041846],[153.422744537791,-27.3434403941854],[153.422658537794,-27.343485404177],[153.422530567815,-27.3434284041635],[153.422466547814,-27.3434854041574],[153.421544557669,-27.3453893840785],[153.42051660762,-27.3466274039836],[153.420537637601,-27.3467604039868],[153.420686627563,-27.3469323940033],[153.42004564759,-27.3472554039406],[153.419809637596,-27.3474074039177],[153.419702657585,-27.3475783939082],[153.419658637534,-27.3480164039071],[153.419679627446,-27.3486833839146],[153.419401647434,-27.3490073938888],[153.419294657451,-27.3489693938776],[153.418972657422,-27.3494633838487],[153.418843667375,-27.3499393838393],[153.419078687277,-27.3505113838678],[153.418885677197,-27.3512923838544],[153.418713687191,-27.3514823738383],[153.41860666721,-27.351425383827],[153.418457677196,-27.3516543938136],[153.418370697057,-27.3528153938139],[153.418477717007,-27.3531203838273],[153.418583716996,-27.3531213838381],[153.418668686933,-27.3535403938501],[153.418454726897,-27.3539973838319],[153.418454726856,-27.3543213838344],[153.418645726748,-27.3550073838593],[153.418987696651,-27.355483373898],[153.419479716549,-27.3558653639511],[153.420569716365,-27.3563993640665],[153.420868646285,-27.3567813741],[153.42146768616,-27.3572573541648],[153.422536665976,-27.3578113542782],[153.422707665957,-27.3578113542956],[153.422793695977,-27.3575833443026],[153.423392625887,-27.3577933543653],[153.423755655816,-27.3580413544043],[153.423626665808,-27.3582123443925],[153.42371261578,-27.3583653544024],[153.424225665669,-27.3588033244582],[153.425508635418,-27.3597003345961],[153.425914625323,-27.3601003046407],[153.426127605284,-27.3602343246635],[153.426363615254,-27.3602723246878],[153.42647059522,-27.3604443147001],[153.426277625224,-27.3605773146815],[153.426255615209,-27.3607103046803],[153.426768585113,-27.3610353147352],[153.427046605093,-27.3609593147629],[153.427388605013,-27.3613023048005],[153.427560594958,-27.3615882948203],[153.427538624948,-27.3616832948188],[153.427217604963,-27.3618352947873],[153.427174604948,-27.3619882847841],[153.427409634855,-27.3625222948123],[153.427643594718,-27.3633983048431],[153.427964614654,-27.3636272948776],[153.428345634617,-27.3636007849163],[153.428863604649,-27.3629232949637],[153.429806584794,-27.3610002950446],[153.430000544864,-27.3602952950588],[153.430964544971,-27.3586583051441],[153.431286515085,-27.3574963251677],[153.431929495192,-27.3561253052224],[153.432251465292,-27.355078315247],[153.432808415403,-27.3537453152932],[153.433066435497,-27.352792305312],[153.434181445708,-27.3502223054053],[153.43437441578,-27.3494983054192],[153.434675395845,-27.3487363154439],[153.435447336048,-27.3465083355049],[153.43634731621,-27.3444903455807],[153.43669034633,-27.343271335606],[153.437227296465,-27.3417673256489],[153.437400266746,-27.3394243356479],[153.437380266982,-27.3375953556314],[153.437232257123,-27.3366233456086],[153.437261277247,-27.3356233456036],[153.437292227458,-27.3339523555935],[153.43689222795,-27.3304353755248],[153.436873248109,-27.3292063655131],[153.436387178559,-27.3260933854388],[153.436048198786,-27.3245943853924],[153.435750208921,-27.3237873753556],[153.435240199236,-27.3217504052874],[153.435051169462,-27.3201364052553],[153.434839169617,-27.3190984052255],[153.434456139815,-27.3178684351767],[153.433859150026,-27.3167154251066],[153.433155170246,-27.3155804450258],[153.432024190523,-27.3143504349007],[153.431256190735,-27.3133314348143],[153.430551190913,-27.3125234647361],[153.430274190999,-27.3120814647043],[153.429698191149,-27.3113884546401],[153.428396201537,-27.3094274744918],[153.427777231689,-27.3087544844233],[153.426837241897,-27.3079084943208],[153.426069252094,-27.3070044942353],[153.42476820247,-27.3051395040879],[153.424171212678,-27.304005514018],[153.423766242837,-27.3031025139696],[153.423426253018,-27.3019685139259],[153.422940213403,-27.2993545338556],[153.422366253714,-27.2973945537816],[153.422038223977,-27.2956075537339],[153.421607194327,-27.2932285836711],[153.420606224936,-27.2892895935378],[153.420202205241,-27.2872346134803],[153.4184571764,-27.2796046432419],[153.417947166802,-27.2768836631683],[153.417586177156,-27.2744106731119],[153.41739714745,-27.2722616930756],[153.417357137719,-27.270187693055],[153.417167128001,-27.2681327130194],[153.41708612842,-27.2649187329856],[153.416938128669,-27.263091742956],[153.41672612882,-27.2620837329264],[153.416620098965,-27.2610377629073],[153.416687079222,-27.2589637428977],[153.416602069299,-27.2584307628848],[153.416583089532,-27.2566247728685],[153.416649079639,-27.2557297828681],[153.416951049869,-27.2536757828826],[153.416997070087,-27.2519257928734],[153.41693305016,-27.2514127828628],[153.416936010409,-27.2494527828475],[153.417124020522,-27.2484137928584],[153.41718300067,-27.2472078128548],[153.416945971001,-27.2448057928116],[153.416879981443,-27.2413938127778],[153.416815961504,-27.2409738127679],[153.41689995176,-27.23889583276],[153.416856951969,-27.2372948227429],[153.416983902172,-27.2355988227424],[153.416961922371,-27.2340548527278],[153.417088942586,-27.2322628427266],[153.417236913207,-27.227267862702],[153.417355833341,-27.226123862705],[153.417811863613,-27.2236078827315],[153.417917823797,-27.2220828827302],[153.417846833861,-27.2216368927194],[153.418023824055,-27.2199668927241],[153.41813084408,-27.2196808827328],[153.418065794287,-27.2181179127137],[153.418171794475,-27.2165549027121],[153.418470804594,-27.2153729027332],[153.41851277475,-27.2141139027275],[153.418790764864,-27.2129899127469],[153.418790764968,-27.2121699227404],[153.418939715081,-27.2111599127475],[153.419131705154,-27.2104349127613],[153.419259715164,-27.2102439227729],[153.419088745397,-27.208557922742],[153.419345745507,-27.2074849427597],[153.419323695605,-27.2067379327515],[153.419537695716,-27.205683932765],[153.419666685974,-27.2035579527612],[153.419730676009,-27.2032329427651],[153.41998766604,-27.2027729427877],[153.419923646118,-27.2022169627767],[153.419987666277,-27.2009149627729],[153.420694636688,-27.1971019628147],[153.420801616884,-27.1954739828126],[153.420951596915,-27.195109982825],[153.420951596986,-27.1945549828206],[153.421015587001,-27.1943819828258],[153.420994597147,-27.1932519728146],[153.42125155724,-27.1923129828334],[153.421443547369,-27.1911449828437],[153.42176459741,-27.1905509728717],[153.421743537662,-27.188597002854],[153.422021557723,-27.1878880028767],[153.422171537805,-27.1871209928859],[153.422278517991,-27.1855699928845],[153.422578518074,-27.1846700029079],[153.422642498155,-27.1839799929089],[153.422878508221,-27.1832710129273],[153.422878468416,-27.1817380129151],[153.423092508481,-27.1810490129315],[153.423242488583,-27.1801290129395],[153.423349468762,-27.1786350129385],[153.423713449053,-27.176049022955],[153.423927409145,-27.1751480129697],[153.423969419258,-27.1742290129666],[153.424162399299,-27.1737500129825],[153.42424842938,-27.1730410129857],[153.424226379475,-27.1723130229776],[153.42439836953,-27.1717390229906],[153.424826329768,-27.1695160230165],[153.425147349817,-27.1688650130441],[153.425275359955,-27.1676770130477],[153.425685320042,-27.1666530230813],[153.425813330145,-27.1657390130871],[153.426156320243,-27.1646930231138],[153.426498290493,-27.1624480031308],[153.426542490493,-27.162407423135],[153.426516210496,-27.1624049231323],[153.42688325061,-27.1612110231602],[153.426904280666,-27.1607540231587],[153.426968920687,-27.1605350531635],[153.427033270708,-27.1603170131684],[153.42701126087,-27.1590610331561],[153.427204270901,-27.1586610231726],[153.427461231036,-27.1573860431887],[153.427525221114,-27.1567200431899],[153.427675231156,-27.1562640332016],[153.427717241201,-27.1558830432028],[153.427889191231,-27.1555030132173],[153.427931171311,-27.1548370332163],[153.42821017143,-27.1536760332355],[153.428424211429,-27.153505013256],[153.428595181455,-27.1531620032707],[153.428766141551,-27.152268013281],[153.4292371817,-27.1507070233166],[153.429365141808,-27.1497560133221],[153.429558121843,-27.1493180233383],[153.429600131926,-27.1486330233371],[153.429707111958,-27.1482910133453],[153.429622142008,-27.1479670233341],[153.430007112036,-27.1474350133691],[153.430178112117,-27.1466550433803],[153.430542092154,-27.1460650334128],[153.430884092278,-27.1448080334376],[153.43135505235,-27.1438570234781],[153.43161208241,-27.1431720234988],[153.431697062449,-27.1427910335045],[153.431719032571,-27.141821023499],[153.431868062705,-27.1406410435048],[153.432232042798,-27.1396140335338],[153.432296062849,-27.1391570235367],[153.432660002888,-27.1385480235689],[153.433002002998,-27.1374060435947],[153.433258963206,-27.1355610536062],[153.433707993372,-27.1338860436387],[153.433793943501,-27.1328010536388],[153.433985933575,-27.1320600536525],[153.434049923675,-27.1312220436524],[153.434263953721,-27.13069005367],[153.434370943787,-27.130081053676],[153.434841903893,-27.1288630537144],[153.435012903991,-27.1279490637245],[153.435268874056,-27.1272260637449],[153.435461884172,-27.1261610737561],[153.435803894201,-27.1256470737869],[153.436317854295,-27.1244860638301],[153.436488854347,-27.1239340838431],[153.436580834403,-27.1234160838484],[153.436781834476,-27.122678073863],[153.437014814505,-27.1222630638835],[153.437691824665,-27.1204490639381],[153.438113794788,-27.1191280739706],[153.438260784874,-27.1183350739793],[153.438493764919,-27.1177870639987],[153.438871755101,-27.1160500640234],[153.439315775215,-27.1147850740586],[153.439376775343,-27.1137280740564],[153.439522695431,-27.1129160740649],[153.440389715658,-27.1104240641335],[153.440494695724,-27.1098200741394],[153.440470675827,-27.1090270741306],[153.440893675896,-27.1081390741667],[153.441123696059,-27.1066670641784],[153.441567686183,-27.105326074213],[153.441969656249,-27.1044760742473],[153.442243626353,-27.103438074267],[153.442388646537,-27.1018710742693],[153.442641626597,-27.1011910642897],[153.442872636714,-27.1000780743044],[153.44310557676,-27.0995300643238],[153.443210586826,-27.0989260743297],[153.44359058692,-27.09786808436],[153.443738596982,-27.0972640743703],[153.444076547069,-27.0963010743971],[153.444330557093,-27.0959040644199],[153.444391577221,-27.0948470644177],[153.444644527276,-27.0942050644384],[153.44477052735,-27.0935250544458],[153.444939557387,-27.0930910444596],[153.445171547485,-27.0921280444756],[153.445595497551,-27.091259044512],[153.445911517662,-27.0901260545352],[153.446461457754,-27.088955054582],[153.446841457877,-27.0876710446105],[153.446861467921,-27.0873130546097],[153.447198428073,-27.0858400446324],[153.447811448199,-27.084348054683],[153.447997418252,-27.0837750546974],[153.448260398321,-27.0830200547183],[153.448958348523,-27.0808550547722],[153.449423358692,-27.0791460648061],[153.450017328806,-27.0777590648556],[153.450502299002,-27.0758220548897],[153.450884309078,-27.0749110649214],[153.450904309131,-27.07447405492],[153.451095279182,-27.0739230449351],[153.451284279287,-27.0729360749465],[153.451304279372,-27.0722530749431],[153.451559269382,-27.0719680849669],[153.451707239432,-27.0714550749779],[153.452131259494,-27.0706190650145],[153.452258249541,-27.0701440550237],[153.452428259557,-27.0698780650389],[153.452470239598,-27.0695170550403],[153.452809209664,-27.0687200550685],[153.452935209738,-27.068036055076],[153.453423219803,-27.0671240551185],[153.453443179869,-27.0665930551163],[153.453911189902,-27.0659460551589],[153.454122159954,-27.0653580451758],[153.454419189996,-27.0647880452015],[153.454525150038,-27.064370055209],[153.454501130142,-27.0635730552002],[153.454863180179,-27.0629840552325],[153.454989140236,-27.0624330552409],[153.4553500903,-27.0616350352714],[153.455476120354,-27.06110303528],[153.455877110498,-27.0596410353093],[153.455919120547,-27.0592240453103],[153.45606713057,-27.058920035323],[153.456323110577,-27.058653035347],[153.456427090666,-27.0578750353514],[153.456915100728,-27.0569820253941],[153.457148040786,-27.0563360254127],[153.457527060971,-27.0545710154374],[153.457845011039,-27.0537730154634],[153.458397001122,-27.052670985511],[153.458608041213,-27.0517779955254],[153.458819011259,-27.0512459955427],[153.458775981304,-27.0509239955358],[153.459009981311,-27.0506770055577],[153.459137001349,-27.0502779955675],[153.459582991374,-27.0497079756085],[153.459856961484,-27.0486249856278],[153.459936971498,-27.0484429856345],[153.460289961573,-27.0475629756635],[153.460520931648,-27.046790965681],[153.461451901828,-27.0446069657586],[153.461556881872,-27.0441739557659],[153.461895891906,-27.0436269557961],[153.46200090195,-27.0431939358034],[153.462403861983,-27.0426099458399],[153.462720862067,-27.0416879458649],[153.463123862113,-27.0409899459005],[153.463460832229,-27.0398049259254],[153.463905832259,-27.039200915966],[153.464012822272,-27.0390129259755],[153.464053812308,-27.0386929259771],[153.464180832309,-27.0385799259892],[153.464628792265,-27.0385599260347],[153.46505679218,-27.038878906081],[153.465781792087,-27.039008906156],[153.465910822054,-27.0391589061704],[153.466144782028,-27.0391768861944],[153.466314762029,-27.0390258862106],[153.466399772054,-27.0387628962172],[153.466376772106,-27.0383678862117],[153.466290782137,-27.0381978862015],[153.466013752163,-27.0382179061734],[153.465992762173,-27.0381609061708],[153.466587782154,-27.0378208962288],[153.46684277217,-27.0374818762522],[153.466757762184,-27.0374438862432],[153.466565742197,-27.037500876224],[153.466458792222,-27.0373888762122],[153.466074772265,-27.0373708961729],[153.466074772274,-27.0372958961723],[153.466350792274,-27.0370688861987],[153.466435762294,-27.0368428862055],[153.466306772344,-27.0365608961901],[153.466199792365,-27.0364858961786],[153.466071782378,-27.0364869161655],[153.46613478241,-27.0361858961696],[153.466346772433,-27.0358278861884],[153.466558762437,-27.0356198962083],[153.467197732413,-27.0352798762709],[153.467558752419,-27.034939886305],[153.467685742444,-27.0346388963156],[153.467595732607,-27.0334348962968],[153.467743702622,-27.03318987631],[153.467572732664,-27.033002886291],[153.4675297027,-27.0327578862847],[153.467677672713,-27.032531886298],[153.467826702709,-27.0324378963125],[153.467868712727,-27.0322678963154],[153.467483712827,-27.0317988862723],[153.46746170286,-27.0315538862681],[153.467671722949,-27.0306878862827],[153.468137682993,-27.0299528763244],[153.468242693047,-27.0294448863311],[153.468474693102,-27.0288238663498],[153.468494693145,-27.028465866349],[153.468215683263,-27.027770896315],[153.46772366335,-27.0274898862625],[153.466187703542,-27.0272489061038],[153.466017693543,-27.0273808960875],[153.465975713526,-27.0275499160845],[153.4660617135,-27.0276819160943],[153.466253703473,-27.0277379161144],[153.466254723461,-27.0278319061152],[153.465764743464,-27.0282089060682],[153.46542475348,-27.0283609160347],[153.464358763594,-27.0283449359258],[153.463163753752,-27.0280839358017],[153.462758783794,-27.0280849557604],[153.462289803829,-27.0281989657134],[153.462077773837,-27.0283129656927],[153.461863803857,-27.028331965671],[153.461564803907,-27.0281819656393],[153.461328794004,-27.0276179556107],[153.461200784027,-27.027542975597],[153.46034785413,-27.027431975509],[153.460091844138,-27.0275829754841],[153.459942854153,-27.0275839754689],[153.459622854211,-27.0273959954348],[153.459302864244,-27.0273969954021],[153.458981804313,-27.0271159953671],[153.458980824342,-27.0268900053652],[153.459170834387,-27.0263809953805],[153.459446854404,-27.0260229954059],[153.459445834428,-27.0258350054042],[153.459295854479,-27.0255530053867],[153.458996844537,-27.0253470053545],[153.458613814565,-27.0254420253162],[153.458378864592,-27.0254240252921],[153.45833582463,-27.0251610052856],[153.458249834653,-27.0250480152759],[153.457651854754,-27.0247480152125],[153.457033834818,-27.0247500351494],[153.456520864917,-27.0243940350942],[153.45613685496,-27.0243760350549],[153.455966874968,-27.0244510550381],[153.455816894986,-27.0244330550227],[153.455496895039,-27.0242830549888],[153.455282895085,-27.0240960549655],[153.455132885134,-27.0238330649481],[153.454748905191,-27.0237020649079],[153.454684885205,-27.0236450649009],[153.454683895234,-27.023419064899],[153.454767915275,-27.0230240549044],[153.455470875231,-27.0227970649743],[153.455532845262,-27.0224960449783],[153.455404875302,-27.0222890549636],[153.454742915414,-27.0219520748933],[153.454486905436,-27.0219900748675],[153.454082925457,-27.0221610648276],[153.453784895459,-27.022387084799],[153.453828885419,-27.0226690748058],[153.453764895411,-27.0227820748001],[153.453254955392,-27.0233480847526],[153.452598945301,-27.0246100946957],[153.451982965274,-27.0253260846386],[153.451472955279,-27.0257040945895],[153.449302005338,-27.0270261243785],[153.447515075403,-27.0279891442039],[153.445769095499,-27.0286711640312],[153.443555155597,-27.0297291938138],[153.441191195733,-27.0306002135796],[153.439595235812,-27.0313002334224],[153.437763265919,-27.0319622532408],[153.436868285989,-27.0321532631511],[153.434438296216,-27.0323652929049],[153.431922346484,-27.0323333126481],[153.431814896497,-27.0323204526371],[153.430152396693,-27.0321493224662],[153.426719457071,-27.0320063421151],[153.425526057196,-27.0320084819934],[153.424395507302,-27.032105391879],[153.42015255775,-27.0320764114463],[153.41744659799,-27.0324204411732],[153.416700608046,-27.0325914410986],[153.415123668197,-27.0327074509388],[153.414505648245,-27.0328404608769],[153.413162668371,-27.032956480741],[153.412181658452,-27.0331274706424],[153.41199068845,-27.0332974706243],[153.411969698436,-27.0334294706232],[153.412033688417,-27.0335234706305],[153.412567678352,-27.0335974706855],[153.413313668293,-27.0334454707603],[153.414506628182,-27.0333304608809],[153.41702158797,-27.032929431134],[153.417490577911,-27.0330034311824],[153.41772560787,-27.0331354312074],[153.418110607763,-27.0336614212508],[153.418197587691,-27.0341494112635],[153.41834861763,-27.0345074312818],[153.418690557559,-27.0347884213189],[153.419031577509,-27.0349004213545],[153.41939558742,-27.0352954113948],[153.419694557375,-27.0354073914261],[153.420397587311,-27.0353304014972],[153.421058527239,-27.0353484015647],[153.421718517192,-27.0351774016306],[153.4221225372,-27.0347813716686],[153.42246355719,-27.0345733817017],[153.422611527211,-27.0342913817145],[153.422610507256,-27.0339333917116],[153.422844507258,-27.0337263717338],[153.423099537279,-27.0333493817568],[153.423248527266,-27.0333303817718],[153.423696527181,-27.0336303818199],[153.423931517152,-27.0336673818441],[153.424101457151,-27.0335353818604],[153.424036487198,-27.0332153918512],[153.424185487202,-27.0330653918652],[153.424526467164,-27.0330833719001],[153.424719477129,-27.0331953719207],[153.424890477085,-27.0334023719398],[153.425019467033,-27.0337033619553],[153.425168466999,-27.0338533619717],[153.42529646698,-27.033890361985],[153.425829476932,-27.0338323620389],[153.426127496918,-27.0337003620682],[153.426744456937,-27.0330403421259],[153.426893456924,-27.0330213421409],[153.427128436887,-27.0331153421656],[153.427277436857,-27.0332273421817],[153.427363466827,-27.0333963521918],[153.427366416728,-27.0341683421982],[153.427485736683,-27.0344251222125],[153.427516436672,-27.0344873522161],[153.427794416609,-27.0347503522465],[153.428178436545,-27.0349373522872],[153.428498436512,-27.0349373523198],[153.428775426495,-27.0348423323473],[153.429073416485,-27.0346723323763],[153.429541416487,-27.0342763224209],[153.429988396447,-27.034218332466],[153.430138416403,-27.0344443224831],[153.430373396376,-27.0344623225072],[153.43060740637,-27.0343113325298],[153.430755406384,-27.0340853325431],[153.431032366386,-27.0338403225694],[153.431394376369,-27.033670302605],[153.431500376354,-27.0337073026161],[153.431032366362,-27.0340283125709],[153.430841366341,-27.034348332554],[153.430714386342,-27.0344433225418],[153.430203416374,-27.034613322491],[153.429946386418,-27.0344823224638],[153.429818376431,-27.0344823224507],[153.429478386436,-27.034728332418],[153.429286396458,-27.0347093323983],[153.429116416447,-27.0349353323828],[153.428990416393,-27.0354623223741],[153.428671446403,-27.0356513423431],[153.427711456496,-27.0357103522457],[153.42671149655,-27.0361073421469],[153.42398451673,-27.0369413818756],[153.42293955683,-27.0370183817697],[153.422684526844,-27.0371133917445],[153.422002526906,-27.0371903916756],[153.420703596992,-27.0375874015463],[153.419914547055,-27.0377393914671],[153.419232617126,-27.0377413913976],[153.418593607179,-27.0378554313334],[153.416613627266,-27.0388004211392],[153.415696677345,-27.0389344410468],[153.414738667398,-27.0393124309522],[153.413331697543,-27.039334460809],[153.412180737618,-27.0396934606946],[153.41062675768,-27.0404874605426],[153.409966757689,-27.0409584704791],[153.408539797769,-27.0415074703381],[153.407092827827,-27.0422444801966],[153.40670884785,-27.0423764701585],[153.405706847953,-27.0423974700566],[153.405089847977,-27.0427184699963],[153.403278868111,-27.0431544898153],[153.402596898139,-27.0434944897486],[153.40217291811,-27.0440784897101],[153.401916948115,-27.0442484896853],[153.400808908195,-27.0445334995748],[153.399743948292,-27.0446484994672],[153.398977958296,-27.045251489394],[153.398508978309,-27.0455354993485],[153.397976988336,-27.0457614892961],[153.397337978381,-27.0459324892324],[153.39689099839,-27.0462344991893],[153.396614008404,-27.046347499162],[153.396039018453,-27.0464425091042],[153.395655008476,-27.0465755090662],[153.394911028478,-27.0471785189952],[153.3938250785,-27.0478955088904],[153.393122088533,-27.0482165188214],[153.391971098623,-27.0484635087061],[153.391504118602,-27.049010518663],[153.391312128606,-27.0491425186445],[153.390162158676,-27.0495395085306],[153.389779128661,-27.049973518495],[153.389545158666,-27.0501235184724],[153.389034158694,-27.050331508422],[153.388736208725,-27.0503325083917],[153.389097158713,-27.0501245084268],[153.389524168685,-27.0499925184692],[153.390161168702,-27.0493325085288],[153.390822108657,-27.0491435185946],[153.391077138647,-27.0490115186195],[153.391779108655,-27.0483705086859],[153.393100108567,-27.0479724988172],[153.39371809854,-27.0476705088777],[153.39431406853,-27.0472555189351],[153.395334058543,-27.0463125190314],[153.396037008505,-27.0460284991007],[153.396782998451,-27.0458394891752],[153.39737896843,-27.0455184992333],[153.397591988436,-27.0452924992532],[153.397398978502,-27.0449345092307],[153.397419998521,-27.0447655092315],[153.397484018521,-27.0447095092376],[153.397866978484,-27.0446894892764],[153.398058968492,-27.0444634992942],[153.398313988478,-27.0443684993194],[153.398461998496,-27.0441044893323],[153.398503978556,-27.0435965093326],[153.398588948561,-27.0434835093403],[153.39918495853,-27.0432384993991],[153.399354938529,-27.0431064794153],[153.399481958542,-27.0428994894266],[153.399716978534,-27.0427664894495],[153.399844948513,-27.042823489463],[153.399823958477,-27.0431244894632],[153.399930938454,-27.0432184994749],[153.40018691843,-27.0431984895008],[153.40046394842,-27.0430474895278],[153.400804938389,-27.0430094895622],[153.401038898376,-27.0429144895853],[153.401230928376,-27.0427634896036],[153.401378898391,-27.0425184996168],[153.401249908455,-27.0421244896005],[153.401633888431,-27.0419914896385],[153.401759918452,-27.0417284896493],[153.402036878439,-27.0415954996764],[153.402142878459,-27.0413514996853],[153.402313878461,-27.0412004797015],[153.402632888437,-27.0411244897334],[153.402867918391,-27.0412934797587],[153.403016908375,-27.0412924897738],[153.403079908407,-27.0409914897778],[153.403293868394,-27.040916489799],[153.40350684836,-27.0410094898215],[153.403741868309,-27.0412164898471],[153.403912868289,-27.0412344898646],[153.404039858304,-27.0410084898758],[153.404167858293,-27.0409894898886],[153.404316858268,-27.0410644899044],[153.40421085826,-27.0412154898948],[153.404211878243,-27.041346489896],[153.404339888208,-27.0415164999104],[153.404404858165,-27.0417984999192],[153.404681858132,-27.0418354799477],[153.404937868117,-27.0417404799731],[153.405426818123,-27.0412884700193],[153.405680818151,-27.0408544800417],[153.405680818182,-27.0406104800397],[153.405594828201,-27.0405344900304],[153.405424848207,-27.0406295000138],[153.405105838197,-27.040968499984],[153.404870848229,-27.0409124999596],[153.404699888266,-27.040762499941],[153.404741858288,-27.0405554999437],[153.40495483828,-27.0404424799644],[153.405166828294,-27.0401594899838],[153.405208838323,-27.039896489986],[153.405336848312,-27.0398774899989],[153.405550808277,-27.0399704900214],[153.405699838238,-27.0401584900381],[153.405743858212,-27.0403274900439],[153.405999828168,-27.040459470071],[153.406383848135,-27.0404014701097],[153.40651083817,-27.0400254801196],[153.406616828161,-27.0400064801303],[153.406766808136,-27.0400814801461],[153.407107788103,-27.0400614801807],[153.407276788111,-27.0398544801963],[153.407233788154,-27.0395534701895],[153.406977778205,-27.0393654701619],[153.40714676823,-27.0390264801764],[153.407124798261,-27.0388014801724],[153.407870788221,-27.038498470246],[153.407933788222,-27.0384414702519],[153.40793378825,-27.0382164702502],[153.407398768395,-27.0375215001901],[153.407077788464,-27.0372394901552],[153.406842798496,-27.0371834901308],[153.406245808549,-27.0372604800706],[153.405393828602,-27.0375444999861],[153.404392848685,-27.0377154898855],[153.403881848715,-27.0379044898349],[153.403540868729,-27.0380744798016],[153.402348888748,-27.0389044896868],[153.402052908681,-27.0396764896628],[153.401712908672,-27.040034489631],[153.40107389871,-27.0402615195677],[153.400093918786,-27.0404705094696],[153.398581938863,-27.0411135193207],[153.397304988879,-27.042037519198],[153.396964988867,-27.0424145091664],[153.395538018942,-27.0430005190258],[153.395346028958,-27.0430385190066],[153.394898029038,-27.0427765189589],[153.394685019055,-27.0428145189375],[153.394047029051,-27.043379508877],[153.393281039023,-27.0442285288058],[153.391729099002,-27.0456795386593],[153.391346068987,-27.0461135286238],[153.390665128986,-27.046678538559],[153.390048129032,-27.0468305284974],[153.389387149099,-27.0468505284302],[153.389003139127,-27.0469455283919],[153.388641159146,-27.0470965283563],[153.388045159155,-27.0475115382989],[153.387832179168,-27.0475875382778],[153.387811149168,-27.0476065382758],[153.38783217918,-27.0474935382771],[153.387938139183,-27.047380518287],[153.388576159191,-27.0467955283472],[153.389534099179,-27.0460975284392],[153.3916601192,-27.0441745286403],[153.392554039197,-27.0434585187256],[153.393043029213,-27.0429305287712],[153.393425069242,-27.0423845188058],[153.394106019245,-27.0417995288704],[153.39423303926,-27.0415735388816],[153.396188999307,-27.039594539065],[153.396933959305,-27.038990529136],[153.397571979317,-27.038368519196],[153.398422909305,-27.0377655292779],[153.39929492928,-27.0372365093625],[153.400018869245,-27.0369155194336],[153.4006799192,-27.0367255194994],[153.401318889167,-27.0364615095624],[153.402297859141,-27.0358565196573],[153.402914859107,-27.0356115097182],[153.403426799068,-27.0354975097694],[153.403830819047,-27.0353275098092],[153.40436382898,-27.0354205098642],[153.40504579893,-27.0352495199323],[153.406004798837,-27.0351915000296],[153.406004798851,-27.0350785000287],[153.405833798881,-27.0349844800105],[153.40515178896,-27.0349294999406],[153.404362809028,-27.0350435198611],[153.403680839104,-27.0350075197914],[153.402401849207,-27.0352545096631],[153.401060909265,-27.0358975195316],[153.398866929387,-27.036748529315],[153.396333939492,-27.0380135290671],[153.39446101953,-27.0392585188863],[153.393546029533,-27.039994528799],[153.392291059554,-27.0408625286782],[153.390077069614,-27.0422215584636],[153.389418099602,-27.0428615384016],[153.388526119545,-27.0440485383203],[153.388165169508,-27.0446335482882],[153.387379139478,-27.0455185482152],[153.387124189457,-27.0458955381923],[153.385720219432,-27.0472525580602],[153.384443189463,-27.0480645379367],[153.383229239526,-27.0485745478172],[153.382112299599,-27.0489205477063],[153.381915269612,-27.0489795476867],[153.38106324968,-27.0491515376013],[153.379635299812,-27.0492875574571],[153.379294319836,-27.0493835474232],[153.378271329878,-27.0498975573232],[153.377249329937,-27.0502785472222],[153.374182420048,-27.0519355469234],[153.372840460073,-27.0528485467941],[153.372095420108,-27.0531915567211],[153.371722430114,-27.0534505566852],[153.371222450122,-27.0537995366371],[153.37026345016,-27.0542945365435],[153.369710480146,-27.0548655464918],[153.368943500149,-27.0554735464186],[153.368049510134,-27.0563295263345],[153.367581540137,-27.0566905362898],[153.367112550153,-27.0569575262442],[153.366388540192,-27.0572435361728],[153.365280580219,-27.0579475360657],[153.364344610231,-27.058631535976],[153.363704620264,-27.058898525913],[153.362150630297,-27.0599265357632],[153.361767600294,-27.060268525727],[153.361405630235,-27.0610285256962],[153.361406650199,-27.0613125356986],[153.361706650052,-27.0622235257363],[153.362390659834,-27.0633795158151],[153.36279766968,-27.0642515158634],[153.363332689443,-27.0656745159292],[153.363717649307,-27.0664325159743],[153.363996659164,-27.0673245160098],[153.36568766853,-27.0709265062105],[153.366521648281,-27.0721965063054],[153.366971658089,-27.0733344863602],[153.367207627954,-27.0742074963912],[153.367229677906,-27.0745674863963],[153.367080717851,-27.0751184963855],[153.367082697781,-27.0756684963901],[153.367168687717,-27.0761044864023],[153.367489707575,-27.0769584864418],[153.36768366741,-27.0780964964706],[153.368091667194,-27.0794624965229],[153.368265726898,-27.081644476558],[153.368459726729,-27.0828204665871],[153.368460746627,-27.0836174665936],[153.368598716543,-27.084166476612],[153.368705736475,-27.0846184666264],[153.368771696379,-27.0853164666387],[153.369160786079,-27.0873544466945],[153.369590755855,-27.0887684567495],[153.369722735625,-27.0904664467764],[153.369640755495,-27.0915614567768],[153.369645795226,-27.0936754367942],[153.369927755,-27.0952214268351],[153.369949804935,-27.0957124368413],[153.369866764846,-27.096486436839],[153.369891804637,-27.0981084268545],[153.370087804418,-27.0996744168869],[153.370071824158,-27.1017314069016],[153.370139823988,-27.1030144169187],[153.370034843877,-27.1039773969157],[153.36999685367,-27.1056374069251],[153.3697448935,-27.1071853969117],[153.369704883377,-27.1081853969156],[153.369536873255,-27.1092803869073],[153.369496903159,-27.1100733969095],[153.369009923014,-27.1116213968723],[153.368799902875,-27.112885376861],[153.368523922844,-27.1133583768367],[153.368355922715,-27.1145093768287],[153.367784982564,-27.1161713767839],[153.367636972489,-27.1168883867745],[153.367297962431,-27.1176243667459],[153.36702399229,-27.1189653767287],[153.366535992192,-27.1201353766884],[153.366283012068,-27.1213243666721],[153.365873001952,-27.1225796166404],[153.365635021872,-27.1234063766228],[153.364725081628,-27.1260773765515],[153.364189111496,-27.1275613865088],[153.363760091418,-27.1285313764728],[153.362989141199,-27.1308913864132],[153.362582131146,-27.1316513863779],[153.362196141003,-27.1330983763501],[153.361724160898,-27.1343153863118],[153.36161718082,-27.1350193663065],[153.36161721074,-27.1356473663115],[153.361830190563,-27.1368653663429],[153.362129200391,-27.137968356382],[153.362642210165,-27.139319356445],[153.362985200045,-27.1399853364851],[153.363284169914,-27.1407653365217],[153.363755199765,-27.1415463465759],[153.36399018967,-27.1420973366041],[153.364139179572,-27.1427443366244],[153.364588199423,-27.1435433366765],[153.365102199195,-27.1449133367396],[153.365679188984,-27.1460933168077],[153.365936178832,-27.1470833268417],[153.366363198634,-27.1482813268947],[153.366534198505,-27.149156306919],[153.366812178379,-27.1499183069533],[153.366898208288,-27.1505643069672],[153.367325188192,-27.1509643170138],[153.367347198173,-27.1510973070171],[153.367218208155,-27.151344307006],[153.367240178128,-27.1515352970097],[153.367646207957,-27.1525433070591],[153.367945217778,-27.1537042870987],[153.368094097717,-27.1540617071167],[153.368314227628,-27.1545771171432]]],[[[153.066217063587,-27.2812634475985],[153.069529073798,-27.276788447896],[153.07862604438,-27.2644924587134],[153.077472934532,-27.2642594085956],[153.076730964642,-27.264014398519],[153.075993954754,-27.2637424084427],[153.075287974868,-27.2634304283692],[153.074496985005,-27.2630144182864],[153.073821005129,-27.2625964282151],[153.073159985263,-27.2620904381446],[153.072484005398,-27.2615914380727],[153.071855045543,-27.2609694480045],[153.071378025661,-27.2604374579523],[153.070896035794,-27.2597864678987],[153.070815045815,-27.2596904678897],[153.069293036345,-27.2567594777135],[153.068307056949,-27.2527964975829],[153.067947027332,-27.250057497525],[153.066753987867,-27.2468125273793],[153.065264018343,-27.2442875372094],[153.062741028999,-27.2412035469313],[153.061966029345,-27.2391025568368],[153.061577049634,-27.2371345667821],[153.059969039888,-27.2364705066152],[153.058048960127,-27.23619022642],[153.055943420537,-27.2347122061966],[153.055329090822,-27.232963606121],[153.05494109099,-27.231952616074],[153.054483161129,-27.2312372460223],[153.053883071302,-27.2303654459551],[153.053883071325,-27.2301794459536],[153.053978081334,-27.230033445962],[153.054203061325,-27.2299124359836],[153.054404071315,-27.2298214360031],[153.054572081305,-27.2297624460195],[153.056018061195,-27.2294194461621],[153.057410061098,-27.2290124562988],[153.058554051026,-27.2286224564107],[153.058658000991,-27.2288146164226],[153.05920601081,-27.2297876064854],[153.062502940519,-27.2293215868131],[153.064216950387,-27.2289265969823],[153.066605800151,-27.2287822972213],[153.067758029986,-27.2291242673399],[153.06788060006,-27.2284339573467],[153.069862370125,-27.2262476475286],[153.069972050115,-27.2262364575396],[153.074018879551,-27.227301797955],[153.075721159286,-27.2279724781315],[153.076707758724,-27.2316082782596],[153.076489708604,-27.2327444982467],[153.076443238593,-27.232875548243],[153.076396808581,-27.2330065882394],[153.074920318476,-27.2350902981074],[153.07445113837,-27.23632574807],[153.074418078362,-27.2364128280674],[153.07439511836,-27.2364544280654],[153.074364598352,-27.236539748063],[153.074296858343,-27.2366674980572],[153.074268828338,-27.2367284880549],[153.074228858326,-27.2368595080519],[153.074177208319,-27.2369642480476],[153.074117238313,-27.2370598580423],[153.074093438309,-27.2371072580403],[153.074033698308,-27.2371725980348],[153.073984858303,-27.2372495080305],[153.073915838288,-27.237428488025],[153.073858058277,-27.2375624880202],[153.073841848271,-27.2376222980191],[153.07380990827,-27.2376608480162],[153.073785528266,-27.2377134280141],[153.073764538264,-27.2377451580123],[153.073738698263,-27.2377775680099],[153.073684348258,-27.2378632780051],[153.073617118244,-27.2380300779997],[153.073560178237,-27.2381327879948],[153.07354469823,-27.2381991479937],[153.073492978223,-27.2382964379893],[153.07340249821,-27.2384773479817],[153.073383808209,-27.23850276798],[153.073349788207,-27.2385442979769],[153.073217698197,-27.2387358679651],[153.073184698191,-27.2388128879624],[153.073120608188,-27.2388931179566],[153.07298701817,-27.2391514179452],[153.072930338164,-27.2392471179403],[153.072895838161,-27.2392969179372],[153.072852148153,-27.2393958579336],[153.07282269815,-27.239443937931],[153.072789258148,-27.239489927928],[153.072706518145,-27.2395798179204],[153.07261314814,-27.239701867912],[153.072494818138,-27.239813977901],[153.072419658136,-27.2398939078941],[153.072369768135,-27.2399445878895],[153.072339548136,-27.2399655678866],[153.072290888138,-27.2399904978819],[153.072190148143,-27.2400330678721],[153.072168028144,-27.2400413578699],[153.072131748146,-27.2400585278664],[153.072095068147,-27.2400822078629],[153.072062438145,-27.24012861786],[153.071754008119,-27.2405914778327],[153.071693748116,-27.2406645278272],[153.071603928109,-27.2407974878192],[153.071578918108,-27.240831487817],[153.071493508106,-27.240914207809],[153.071441248108,-27.240946027804],[153.071307908115,-27.2410035077911],[153.071240898118,-27.2410334977846],[153.071168408121,-27.2410712677776],[153.071089898124,-27.24111048777],[153.070976088132,-27.2411493377589],[153.070849288142,-27.2411740977463],[153.070758328151,-27.2411801077372],[153.070617918162,-27.2412105177233],[153.070401508178,-27.241267577702],[153.070372558177,-27.2412951376993],[153.070355298173,-27.241343387698],[153.070351898166,-27.2414015176981],[153.070369418157,-27.2414604577003],[153.070401358145,-27.2415297777041],[153.07043654813,-27.2416182377083],[153.070442928126,-27.2416455077092],[153.070451548116,-27.2417119077106],[153.070460888107,-27.241775507712],[153.070469908102,-27.2418085177132],[153.070494908092,-27.2418685077162],[153.070523928077,-27.2419655077199],[153.070534918067,-27.2420354877215],[153.070525898054,-27.2421414977215],[153.070530938047,-27.2421954977224],[153.07054089804,-27.2422435077238],[153.070556918032,-27.2422904977258],[153.070557908027,-27.2423344877262],[153.070551958022,-27.242380497726],[153.070553928016,-27.2424224877265],[153.070544948011,-27.242467507726],[153.070525938006,-27.2425244977245],[153.070485927997,-27.2426274877213],[153.070440927992,-27.2427104977174],[153.070401937989,-27.242768497714],[153.070271927981,-27.2429424877023],[153.070220937978,-27.2430025076976],[153.070186337974,-27.2430670476947],[153.070144687969,-27.243138937691],[153.070089207962,-27.2432471076863],[153.070067457959,-27.2432872576845],[153.070052237954,-27.2433354676833],[153.070039207945,-27.2434237276827],[153.070010077943,-27.2434647076801],[153.070002267934,-27.2435420776799],[153.069980587926,-27.2436206276784],[153.069952917901,-27.2438404976773],[153.06992492788,-27.2440354876761],[153.06990192787,-27.2441344976745],[153.069894957854,-27.2442634976749],[153.069864957836,-27.2444354976732],[153.069835937823,-27.2445614976713],[153.069817947811,-27.2446724976704],[153.069807937797,-27.2447894976703],[153.069791667791,-27.2448503376691],[153.069778267781,-27.2449457776685],[153.06975603777,-27.2450491776671],[153.069747647761,-27.2451322076669],[153.069736657752,-27.2452124176665],[153.069743377737,-27.245319337668],[153.070192467584,-27.2461594377198],[153.069380887684,-27.2460493976373],[153.069081297598,-27.2469897676147],[153.068416967651,-27.2471224875489],[153.068696957575,-27.2474965075801],[153.068873977504,-27.2479045076011],[153.069163977409,-27.2484174876343],[153.069215987395,-27.2484864976401],[153.069311977351,-27.2487504876518],[153.069362967297,-27.24914048766],[153.069381947265,-27.2493804876639],[153.069509957231,-27.249536497678],[153.069515977217,-27.2496445076794],[153.069420167217,-27.2497304376705],[153.069413997204,-27.2498344976707],[153.069438997174,-27.2500525076749],[153.069542007128,-27.2503275076875],[153.069657017059,-27.2507854877027],[153.069747026999,-27.2511814877149],[153.069919006925,-27.2516234877357],[153.069990006888,-27.2518584777447],[153.07010490683,-27.2522253977591],[153.070271996758,-27.2526554677793],[153.070458006681,-27.2531094778016],[153.070553996628,-27.253447477814],[153.07066900656,-27.253889477829],[153.07079701648,-27.2544164878461],[153.070969986414,-27.2548014678665],[153.07113000633,-27.2553284578868],[153.071271006252,-27.255827467905],[153.071346996199,-27.2561894479155],[153.071444016137,-27.2565964479285],[153.071668016061,-27.2570094679543],[153.071936985994,-27.2573194479838],[153.072097985941,-27.2576064580022],[153.07235399587,-27.2579504680307],[153.072700015798,-27.2582314480677],[153.07306600572,-27.258541448107],[153.073404975658,-27.2587484481427],[153.073590985607,-27.2590004381634],[153.073937945544,-27.2592074482],[153.074488955463,-27.2593804482567],[153.075008975376,-27.2596384283111],[153.075148985343,-27.2597824283263],[153.075328965308,-27.2599024183454],[153.075585965264,-27.2600404283723],[153.075995935199,-27.2602074284149],[153.076457905132,-27.2603504184625],[153.076572925094,-27.2605574284757],[153.076668915057,-27.260769428487],[153.076861925019,-27.2609073985075],[153.077008954979,-27.2611024085239],[153.077149914934,-27.2613374085399],[153.077200944895,-27.2616073985472],[153.077156224866,-27.2618764685448],[153.077155934835,-27.2621174085467],[153.0772459048,-27.2623244085574],[153.077354934766,-27.2624963985697],[153.077533924731,-27.2626283985888],[153.077739934697,-27.2627264086103],[153.078079934647,-27.2628354086453],[153.078406934605,-27.2628924086787],[153.078758064534,-27.2631554387161],[153.079450074434,-27.2633714487874],[153.079513064429,-27.2633574487936],[153.079678044435,-27.2631654488087],[153.079843064441,-27.2629784588238],[153.08003304445,-27.2627524588411],[153.080139044455,-27.2626244588508],[153.080294064461,-27.2624454488649],[153.080386044466,-27.2623264588732],[153.080659064478,-27.2619984488981],[153.080860064486,-27.2617664489165],[153.080887044486,-27.261740448919],[153.080922044481,-27.2617554589226],[153.081016064463,-27.2618174489326],[153.081052054455,-27.2618484589365],[153.081085054451,-27.2618574489398],[153.081101034451,-27.2618434389413],[153.081090054455,-27.26181644894],[153.080985044478,-27.2617254489287],[153.080955034486,-27.2616834489254],[153.080957044489,-27.2616574389254],[153.08098204449,-27.2616324489277],[153.080975044493,-27.2616114489268],[153.080931054502,-27.2615794489221],[153.080892044512,-27.2615364489179],[153.08087904452,-27.2614844489162],[153.080915074524,-27.2614164389193],[153.081042054528,-27.2612794489309],[153.081122064529,-27.2612004589384],[153.08126704453,-27.2610734489519],[153.081401064531,-27.2609534489645],[153.081528054535,-27.2608134589761],[153.081600064537,-27.2607374589828],[153.081745044542,-27.2605734589961],[153.081804064542,-27.2605294390016],[153.081938054545,-27.260391449014],[153.08212004455,-27.2601934490308],[153.082257064557,-27.2600234490432],[153.082642064559,-27.2596804390792],[153.082835044559,-27.2595254490974],[153.083083064556,-27.2593354491208],[153.083384044553,-27.2591064391493],[153.083610044551,-27.2589314491706],[153.083881064548,-27.2587264491963],[153.084054074546,-27.2586004492127],[153.08423606454,-27.2584924492302],[153.084419074532,-27.2583994492478],[153.084552044525,-27.2583424492608],[153.084801044508,-27.2582694492852],[153.084905064484,-27.2583684592965],[153.085087054436,-27.2585974493166],[153.08553104431,-27.2592264493663],[153.085587074297,-27.2592824493723],[153.085662044284,-27.2593184493802],[153.085745044274,-27.2593304593886],[153.085829064267,-27.259317449397],[153.086155044245,-27.259213449429],[153.086353064224,-27.2592154394489],[153.086512054195,-27.2593124594657],[153.086658054135,-27.2596674494832],[153.086991044109,-27.259588459516],[153.087283044096,-27.2594444595443],[153.08745404409,-27.2593464395607],[153.087642054091,-27.2591864495784],[153.087890034097,-27.2589284496013],[153.088072064096,-27.2587794496184],[153.088287044091,-27.2586394496389],[153.088799074063,-27.2584324496888],[153.088996064053,-27.2583414497079],[153.08917604405,-27.258212449725],[153.089312044054,-27.2580724597376],[153.08943106406,-27.2579184497483],[153.089519074074,-27.2577324497557],[153.089575064092,-27.2575474497599],[153.089624044115,-27.257323449763],[153.08973606411,-27.2572664497738],[153.089958054099,-27.2571674597954],[153.090222064084,-27.2570644498211],[153.090448064067,-27.2570064498434],[153.091010054034,-27.2567934398983],[153.091168064024,-27.2567394599138],[153.091313044014,-27.2567014399281],[153.091713043982,-27.2566174499676],[153.092039063956,-27.2565484499999],[153.09226503394,-27.2564834600221],[153.092533053923,-27.2563924500484],[153.092725043912,-27.2563234500672],[153.092831043902,-27.2563124400777],[153.092867073897,-27.2563174600814],[153.092899043893,-27.2563254500847],[153.092910063891,-27.2563334600858],[153.092909043886,-27.256371460086],[153.092910063882,-27.2564054400864],[153.092916053877,-27.2564344500873],[153.092926053875,-27.2564444600883],[153.092948063872,-27.2564484500906],[153.09297806387,-27.2564434600936],[153.09298905387,-27.2564314500946],[153.09297704388,-27.2563614500928],[153.092950073901,-27.2562144500889],[153.092942043912,-27.2561394500875],[153.09293306392,-27.2560834500862],[153.092934043921,-27.2560694500862],[153.092950073922,-27.2560514400876],[153.092961053922,-27.2560434500887],[153.092956053924,-27.2560314500881],[153.092948063928,-27.2560084500871],[153.093102053917,-27.2559664601023],[153.093153043912,-27.2559584501073],[153.093376063846,-27.2562944401324],[153.093599043789,-27.256561450157],[153.093828043745,-27.2567124501812],[153.094066053708,-27.256809450206],[153.09557504353,-27.256949450359],[153.096867393362,-27.257195820491],[153.097234623307,-27.2573192705289],[153.097646633249,-27.2574362805713],[153.097981593197,-27.2575642806061],[153.098567633107,-27.2577822906668],[153.099051593028,-27.2580062807173],[153.099374582971,-27.2581812607512],[153.099787572904,-27.2583662607942],[153.100150602837,-27.2585922508326],[153.100523602779,-27.2587422508713],[153.100777562723,-27.2589692608987],[153.101035582671,-27.2591672509262],[153.101250602623,-27.2593662409495],[153.10155757256,-27.2596022409822],[153.101879212494,-27.2598596710167],[153.101998562466,-27.2599822710296],[153.102149932429,-27.2601459610462],[153.102302132393,-27.2603029710627],[153.102524342336,-27.2605704610872],[153.102725202282,-27.2608304011095],[153.102848462246,-27.2610108011234],[153.102954532212,-27.2611921111355],[153.103141012142,-27.2615855011574],[153.103212952113,-27.261752791166],[153.103248652088,-27.2619239911709],[153.103417061965,-27.2627574511945],[153.103510061893,-27.2632534612078],[153.103663001862,-27.2633668612241],[153.103747971845,-27.2634287812331],[153.103818521836,-27.2634432912403],[153.103991321824,-27.2633921512573],[153.104180061818,-27.2632794512754],[153.104827971776,-27.263066181339],[153.105083941755,-27.2630193813644],[153.105147051751,-27.2629951113705],[153.105672541734,-27.262691341421],[153.105906841715,-27.2626455814443],[153.106152011706,-27.2625108714679],[153.1064061217,-27.2623404814921],[153.106579931684,-27.2623206715095],[153.10669586168,-27.2622572715206],[153.106753601681,-27.262202711526],[153.106880511693,-27.2619962015372],[153.107143491688,-27.2618132015622],[153.107529441654,-27.2617579916006],[153.107632741643,-27.2617645416111],[153.107863751626,-27.2616985516338],[153.10801946164,-27.2614592516476],[153.10808756168,-27.2610874616515],[153.108120561696,-27.2609305816536],[153.10820747173,-27.2605850916596],[153.108214001744,-27.2604723516594],[153.108246491811,-27.2599102116582],[153.108413471827,-27.2596412016729],[153.108433441846,-27.2594802016736],[153.108525561862,-27.2592732016812],[153.108593451872,-27.259136211687],[153.108850451931,-27.2584542117074],[153.109068471964,-27.2580072117259],[153.109222461989,-27.2576802017388],[153.109382482012,-27.2573592117523],[153.109581442008,-27.2572222017713],[153.10972244202,-27.2570092117838],[153.109940412006,-27.2569412018052],[153.109985422037,-27.2566542118075],[153.109915412089,-27.2563042117976],[153.10992840212,-27.2560462117969],[153.109991882147,-27.2557808818012],[153.110006222153,-27.2557184818021],[153.11017843216,-27.2555132118179],[153.110312422158,-27.2554212118306],[153.110466452162,-27.2552612018449],[153.110588442182,-27.254997201855],[153.110646432212,-27.2547101918586],[153.110543432244,-27.2545441918469],[153.11038341227,-27.2544701918302],[153.11008842232,-27.2543262117994],[153.10987742237,-27.2541022117763],[153.109755432414,-27.2538562017621],[153.109735432471,-27.2534202317566],[153.109768432523,-27.2529842217565],[153.109825402553,-27.25269723176],[153.109979402619,-27.2520442217703],[153.110088392638,-27.2518032217793],[153.110198402666,-27.2514882217879],[153.110204202673,-27.251429071788],[153.110223402709,-27.2511272317876],[153.110294392734,-27.2508692217927],[153.110307902781,-27.2504794117909],[153.110409372818,-27.2501002217982],[153.110532152855,-27.2497104618074],[153.110552082862,-27.2496325718088],[153.110647382899,-27.2492572318154],[153.110762392946,-27.2487932318233],[153.110814922959,-27.2486415718274],[153.11089536298,-27.2484092218337],[153.111007353054,-27.2477262218395],[153.111099363106,-27.247240231845],[153.111128343174,-27.2466722418434],[153.111236643216,-27.2462501318509],[153.111371623259,-27.2457963618609],[153.111480353289,-27.2454702418693],[153.111684173346,-27.2448414418848],[153.111810933366,-27.2445747518955],[153.11196131339,-27.2442582319081],[153.112080123424,-27.2438929519172],[153.112216343462,-27.2434742419276],[153.11232518351,-27.2430053219348],[153.112386353536,-27.2427412319389],[153.112639333583,-27.2421582419597],[153.112835303638,-27.2415572319747],[153.113056273682,-27.2410192319927],[153.113360283719,-27.240476242019],[153.113626293779,-27.2397732420402],[153.113893253837,-27.2390922420617],[153.113980053854,-27.2388794520688],[153.114328263918,-27.2380792320975],[153.114511273984,-27.2374042421106],[153.114611064035,-27.2369164521167],[153.114643224051,-27.2367572421187],[153.114728234099,-27.2363052721237],[153.114981214127,-27.2358702621457],[153.115214234165,-27.2353732521653],[153.115480244211,-27.2347902621874],[153.115869184262,-27.2340522622207],[153.116512064277,-27.2333954622803],[153.117046164237,-27.233261242333],[153.117507164185,-27.2332862323797],[153.117731124139,-27.2334654424037],[153.11782617411,-27.2336152424144],[153.117929174107,-27.2335522424243],[153.117904174128,-27.2334032524206],[153.117881174191,-27.2329272424145],[153.117877164241,-27.232532252411],[153.117916184261,-27.2323432324134],[153.117886174299,-27.2320622424081],[153.117823174344,-27.2317632423994],[153.117633154425,-27.2312752523764],[153.117507164475,-27.2309882423614],[153.117361164533,-27.230649262344],[153.117229174606,-27.230184262327],[153.117032154672,-27.2298282523044],[153.116771174752,-27.2294092622748],[153.116249154874,-27.228879262218],[153.115974194932,-27.2286542621885],[153.11587444496,-27.2285110921773],[153.115470065083,-27.2278774421315],[153.115245035186,-27.2272474421039],[153.115221165224,-27.2269712820993],[153.115211165301,-27.2263632720934],[153.115310045342,-27.2259554621002],[153.115341065337,-27.2259684521034],[153.115372055333,-27.2259764621066],[153.115521055315,-27.2259934621217],[153.115593065307,-27.225998452129],[153.115607045306,-27.2259924621304],[153.115615035307,-27.2259814521311],[153.115613065309,-27.2259674521308],[153.115602045311,-27.2259594621296],[153.115379065341,-27.2259054521067],[153.115344065346,-27.2259004621032],[153.115338035374,-27.2256814521008],[153.115249165443,-27.2252112820881],[153.1153231455,-27.2246902820914],[153.115468125598,-27.223797292099],[153.115478855647,-27.2233993320969],[153.11548414567,-27.2232073020959],[153.115615145703,-27.2228352921061],[153.115771145758,-27.2222683021173],[153.115959125783,-27.2219143021335],[153.116003065818,-27.2216004521354],[153.116046105857,-27.221249302137],[153.116315075928,-27.2204604421578],[153.116418035937,-27.220309442167],[153.116432055937,-27.2202944621683],[153.116432055938,-27.2202824521682],[153.11646705594,-27.2202444521714],[153.116496035939,-27.2202244621741],[153.11654005594,-27.2201754521782],[153.116557065941,-27.2201544521797],[153.116579035941,-27.2201364521818],[153.116588055942,-27.2201204521826],[153.116605065942,-27.2201124621842],[153.116621055942,-27.2200924621857],[153.116638065942,-27.2200784521873],[153.116660065942,-27.2200624521894],[153.116688065941,-27.2200484521921],[153.11670806594,-27.220040452194],[153.116733065938,-27.2200334421965],[153.116782055932,-27.2200364622015],[153.116816075926,-27.220056462205],[153.116853045919,-27.220084452209],[153.116876035914,-27.2201034522115],[153.116910055906,-27.2201404522152],[153.116939035899,-27.2201704522183],[153.116968055894,-27.2201834622214],[153.116985065892,-27.2201824422231],[153.117004045892,-27.2201684622249],[153.117007035894,-27.220148462225],[153.116996055898,-27.2201294622238],[153.11693903591,-27.2200824522176],[153.116778035947,-27.2199274622002],[153.116703065961,-27.2198764521922],[153.116668025979,-27.2197627121878],[153.116718065986,-27.2196654621921],[153.11663006607,-27.2190754621785],[153.116582066107,-27.2188154621716],[153.116385046191,-27.2183204521478],[153.116338106224,-27.2180932921413],[153.116378076258,-27.217795292143],[153.116406106305,-27.2173942921426],[153.116445046333,-27.2171404521445],[153.116597076398,-27.2164944521547],[153.116698216461,-27.2159123821603],[153.116761066473,-27.2157623121654],[153.116897066496,-27.2154653121768],[153.117111066531,-27.2150073121947],[153.117325026555,-27.2146413222133],[153.117442046585,-27.2143043122224],[153.117687036602,-27.2139613022444],[153.117894066621,-27.2136413022627],[153.118304066626,-27.2132514523009],[153.118988036662,-27.212389452363],[153.119490066597,-27.2124884624143],[153.119531056605,-27.2123904524177],[153.118998046696,-27.2121162923618],[153.118696986739,-27.2120232923308],[153.118358016796,-27.2118613122953],[153.117956006872,-27.2115903222527],[153.117497016986,-27.2110723222023],[153.117366057019,-27.2109214521879],[153.117086067092,-27.210575452157],[153.116730697204,-27.2099928321166],[153.116493047297,-27.2094534620883],[153.116403077339,-27.2091954620772],[153.116276057463,-27.2083134520574],[153.116291057516,-27.2078864520556],[153.116281017603,-27.2071973320491],[153.116352997639,-27.2068543420536],[153.116439207651,-27.206687712061],[153.116561007668,-27.2064533320714],[153.116772967656,-27.206363332092],[153.117006057613,-27.2065144621167],[153.117088067612,-27.2064544421245],[153.11690797765,-27.2063003421051],[153.116677997704,-27.2060643320801],[153.116474977761,-27.2057823420574],[153.116553057811,-27.2053244420616],[153.116696977849,-27.2049013320727],[153.117099057884,-27.2042834521083],[153.117063067895,-27.2042234521042],[153.116708977973,-27.203904332066],[153.116310078053,-27.2036034520235],[153.115993068132,-27.2032454519887],[153.115832068185,-27.2029634619702],[153.115757058229,-27.2026724519604],[153.115746078238,-27.2026084619588],[153.115675048279,-27.2023464419495],[153.115581058338,-27.201956451937],[153.115536058441,-27.2011774519262],[153.115687058505,-27.2005384619364],[153.115747058539,-27.2002244619399],[153.115939048568,-27.1998294519561],[153.115983068579,-27.1997054619596],[153.116142068614,-27.1992904519723],[153.116557068658,-27.1985944620086],[153.116754058676,-27.198288452026],[153.116535898749,-27.1978903320008],[153.116318908795,-27.1977063519775],[153.115940078868,-27.1974514519374],[153.115845068911,-27.1971874419257],[153.115771958943,-27.1969933619168],[153.115766918993,-27.1965973519131],[153.115775899049,-27.1961453619104],[153.11585706911,-27.1955944419142],[153.115382059207,-27.1952244418635],[153.115348049237,-27.1950164518584],[153.115160069289,-27.1947624418374],[153.115075899335,-27.1944687918266],[153.114998919397,-27.1940373518154],[153.114873949481,-27.1934753417984],[153.114792919539,-27.1930853417871],[153.114780909568,-27.1928673617842],[153.11477090962,-27.19246036178],[153.114829929656,-27.1921283617833],[153.114933079692,-27.1917554517907],[153.114767069761,-27.1913484517707],[153.114488909805,-27.1912273717418],[153.114285969839,-27.1911272717205],[153.114194939855,-27.191082371711],[153.113778909918,-27.1909313716679],[153.113430039999,-27.19058044163],[153.113195640013,-27.1906682316071],[153.112947920057,-27.190525371581],[153.112698910096,-27.1904213615551],[153.112436950126,-27.1904033615285],[153.112314970121,-27.1905463715174],[153.111928940131,-27.1907933614805],[153.11171494011,-27.1911363714616],[153.11146795009,-27.1915013914397],[153.111188940108,-27.1915973914123],[153.10989199026,-27.1914794012808],[153.10951699029,-27.1915553912436],[153.106891030649,-27.1909114109741],[153.106355070713,-27.1908574309197],[153.104619090814,-27.1915124207501],[153.104415090809,-27.1917264407312],[153.104415090666,-27.1928634207403],[153.103762140702,-27.1931204406766],[153.103783130689,-27.1932064506794],[153.103549090619,-27.1939644506618],[153.103616070591,-27.1941274506698],[153.104144120353,-27.1955704307345],[153.104165940206,-27.1967264607458],[153.104754140039,-27.1975554208117],[153.10439907005,-27.1977674507776],[153.104041080045,-27.1981094407443],[153.103794040032,-27.1984194507219],[153.10370206002,-27.198592440714],[153.103625119994,-27.1988594207083],[153.10339815997,-27.1992424206885],[153.103210149943,-27.1996144206725],[153.102915159947,-27.1998304406446],[153.100708190095,-27.2005144404278],[153.099989210135,-27.2007974603577],[153.098703240184,-27.2014954602338],[153.097678250207,-27.202171470136],[153.09672494024,-27.2027101500443],[153.096522290247,-27.2028264800248],[153.094996300337,-27.2033934898757],[153.093202360451,-27.2040004897],[153.092907920474,-27.2040637096708],[153.0926850505,-27.2040454496483],[153.092560070507,-27.2040974496361],[153.088720051073,-27.2028264392396],[153.088732060771,-27.2052164392598],[153.089333070585,-27.206192449328],[153.088835070642,-27.2061614592776],[153.088135430741,-27.2059575092056],[153.087885410764,-27.2059855191807],[153.087398460818,-27.2059715391316],[153.087123440862,-27.2058495291029],[153.086211040987,-27.2056264590094],[153.085187071132,-27.205336448904],[153.084540071237,-27.2050474388366],[153.084271071326,-27.2045644488057],[153.083624071474,-27.2039374387357],[153.083481461498,-27.2038595587207],[153.083066461575,-27.2035995586769],[153.08244607171,-27.2030464486101],[153.082194071746,-27.2029744485842],[153.081955511789,-27.202831568559],[153.081880501823,-27.2026245685498],[153.081668511846,-27.2026235685285],[153.081393481886,-27.2025365685002],[153.081150501926,-27.2024205684748],[153.080754511994,-27.2022175884333],[153.080576502038,-27.2020165884138],[153.080288482071,-27.2019975883847],[153.0799735221,-27.2020305883533],[153.07960951215,-27.201937588316],[153.078688542294,-27.2015715882204],[153.078310552347,-27.2014665781816],[153.0778365224,-27.2014465981337],[153.077542592443,-27.2013535981034],[153.077248542486,-27.201254608073],[153.076799562519,-27.2013725980288],[153.076362582554,-27.2014616079856],[153.076003562594,-27.2014485979494],[153.075658602642,-27.2013555979139],[153.075478622644,-27.2014916078969],[153.075055592686,-27.2015126078545],[153.074606602727,-27.2015676278098],[153.074343582744,-27.201652617784],[153.074016802789,-27.2015702977505],[153.073703592832,-27.2014946277184],[153.073395712865,-27.2014869676874],[153.073235622888,-27.201445617671],[153.073095462918,-27.2013250176559],[153.072755612942,-27.2014146376225],[153.072518652988,-27.2012526275973],[153.072314363019,-27.2011775175762],[153.072000613052,-27.2011816275447],[153.071802633081,-27.2011116175242],[153.071552393112,-27.2010819874988],[153.071257723142,-27.2010861474692],[153.070962993177,-27.2010558674394],[153.070630473225,-27.2009569774051],[153.070285663279,-27.2008176373694],[153.06983766336,-27.2005516473222],[153.069486673422,-27.2003546372853],[153.069185663458,-27.2003246472548],[153.068871903495,-27.2002944772231],[153.068552163544,-27.2001722671899],[153.068200673608,-27.1999586671529],[153.06761886369,-27.1997950470931],[153.067369963737,-27.1996330970668],[153.067230243778,-27.1994203370511],[153.066942183816,-27.1993617270216],[153.066666353843,-27.1993831069941],[153.066538753873,-27.1992506669802],[153.066360703912,-27.199089666961],[153.066021113955,-27.1990359069264],[153.065695714016,-27.1988276868921],[153.065517704055,-27.1986666768729],[153.065292784077,-27.1986767468504],[153.065080724095,-27.1987156868294],[153.064754154125,-27.1987483967968],[153.064363714179,-27.1986486767568],[153.06386421424,-27.1985889567061],[153.063204774326,-27.1984537066387],[153.062731144383,-27.1984053665907],[153.062275774435,-27.1983746965447],[153.061853684485,-27.1983320365019],[153.061642824522,-27.1982106364798],[153.061416124552,-27.1981671064566],[153.06127143457,-27.1981456464419],[153.060861764619,-27.1980975864004],[153.060598814651,-27.1980677063737],[153.060336454679,-27.1980662263473],[153.059913784728,-27.1980357163046],[153.059869764753,-27.1978687162988],[153.059665984789,-27.1977584962775],[153.059345804832,-27.1976827162447],[153.059076214859,-27.1976928762177],[153.058865104891,-27.1976228861959],[153.058520064947,-27.19746649616],[153.058213144994,-27.1973501061282],[153.057988815014,-27.1973837261059],[153.057816205041,-27.197307896088],[153.057553435072,-27.1972837260614],[153.057291515115,-27.1971617960341],[153.057061855155,-27.19704073601],[153.056556515235,-27.1968312359576],[153.056339965273,-27.1967054359348],[153.056128845309,-27.1965997259128],[153.055489835413,-27.1963097458463],[153.055066915462,-27.1962787558035],[153.054477875535,-27.1961957457436],[153.054189895578,-27.1960907557139],[153.053876865623,-27.1960027556817],[153.053306885698,-27.1958857556235],[153.053198875732,-27.1957077556113],[153.053365865731,-27.1955707556269],[153.053065875765,-27.1955517555967],[153.052775915783,-27.1956537455683],[153.052584915813,-27.1955777555485],[153.052341895852,-27.1954737655233],[153.051925905908,-27.1953797654807],[153.051343915996,-27.1951647754206],[153.051036916033,-27.1951287753894],[153.050786926061,-27.1951217653643],[153.050633956097,-27.1949594853476],[153.050403966135,-27.1948497753236],[153.050115946173,-27.1947917752942],[153.04978295622,-27.1947037952601],[153.049245936287,-27.1946207852055],[153.04898294633,-27.1944987951781],[153.048380956397,-27.1944727851174],[153.048285946436,-27.194242795106],[153.048158996466,-27.1941097950922],[153.047851006495,-27.1941427950615],[153.04771099652,-27.1940568150468],[153.047383996554,-27.194065805014],[153.047023996579,-27.1941728049787],[153.046747976591,-27.194303804952],[153.046477956594,-27.1945078049265],[153.046131016608,-27.1946898048931],[153.045771016631,-27.1948138148579],[153.045469016639,-27.195001804829],[153.045127996646,-27.1952348147966],[153.045017986638,-27.1953888147868],[153.044741066622,-27.1957494547619],[153.04449808666,-27.1956524547367],[153.04413804669,-27.195716834701],[153.043875066708,-27.1957958246752],[153.043604056706,-27.19604082465],[153.043200036731,-27.1961868246105],[153.04301505678,-27.1959508245901],[153.042720056797,-27.1960648145613],[153.042572056795,-27.1962008345476],[153.042155076833,-27.1962558345061],[153.041821066865,-27.1962768244727],[153.041514066895,-27.1962988244421],[153.041277066933,-27.1961998544175],[153.041065076932,-27.1963878443977],[153.040744096953,-27.1964838443662],[153.040519106968,-27.1965568443442],[153.039910107037,-27.1965248442828],[153.039309097111,-27.1964418442218],[153.038975127146,-27.1964448441882],[153.038456127193,-27.1965058541366],[153.038237127196,-27.1966708641159],[153.038159167174,-27.19691086411],[153.038031157186,-27.1969218640972],[153.037749127231,-27.1967998640679],[153.03748716728,-27.1966318640403],[153.037201147347,-27.1963378640092],[153.036826117442,-27.1959008739681],[153.036515057516,-27.1955744439343],[153.036414067543,-27.1954424439231],[153.036337047575,-27.1952514439138],[153.03633106758,-27.195220443913],[153.036004057668,-27.1947914438768],[153.035921057697,-27.1946314338671],[153.035853057716,-27.1945414338596],[153.03564106777,-27.1942904438363],[153.03558405778,-27.1942554438303],[153.035217087876,-27.1937994337899],[153.035138057906,-27.1936294437806],[153.035102077913,-27.1936004537767],[153.034921067954,-27.1934324537572],[153.034867087969,-27.1933594537512],[153.034727068003,-27.1932024437359],[153.034238158128,-27.1926159036822],[153.033750148257,-27.1920029036283],[153.03330017839,-27.1913258935777],[153.033043178471,-27.1908998935485],[153.032680188617,-27.1900379235053],[153.032166158799,-27.1890229234456],[153.031578068989,-27.1880064433785],[153.031566058997,-27.1879544333769],[153.031554059001,-27.1879324433755],[153.031521059016,-27.1878384433714],[153.031501059027,-27.1877704333689],[153.031471059042,-27.1876734433651],[153.031422069066,-27.187524443359],[153.031390059085,-27.1873984333548],[153.031370059103,-27.1872724533518],[153.031362069115,-27.1871884433503],[153.031364069119,-27.1871484433502],[153.031333079136,-27.1870464333463],[153.031241069155,-27.1869664433364],[153.031169049173,-27.1868854533285],[153.03078506931,-27.1861224332839],[153.030731049328,-27.1860204432777],[153.030695069341,-27.1859494432735],[153.030648049363,-27.1858094332677],[153.030619069376,-27.1857324432641],[153.030603089384,-27.1856844532622],[153.030584069392,-27.1856314432598],[153.030529059414,-27.1855054432533],[153.030274179546,-27.1846719432211],[153.030111169626,-27.1841719432008],[153.029992149694,-27.1837249331853],[153.029822129775,-27.1832249431642],[153.029698069862,-27.1826424431472],[153.029657079938,-27.1820694331385],[153.029633059969,-27.1818444431343],[153.029522060079,-27.1810564531169],[153.029512060125,-27.1807034331131],[153.029479070156,-27.180478443108],[153.029495050202,-27.1800984531066],[153.029514070262,-27.1796054431046],[153.029498080346,-27.1789484530977],[153.029607110385,-27.1785469431055],[153.029827130413,-27.1781409631244],[153.03017512041,-27.1778739531572],[153.030612100394,-27.1776299531991],[153.030694120394,-27.1775639532068],[153.030663130413,-27.1774319532027],[153.030509100443,-27.1773229531863],[153.03057312045,-27.1772129431919],[153.030641120444,-27.1772059531987],[153.030884140417,-27.1772129432231],[153.031147080397,-27.1771569532491],[153.031161060412,-27.1770249532494],[153.030989070452,-27.1768469632307],[153.030676120502,-27.1767129431983],[153.030395110562,-27.1764769631682],[153.030326090605,-27.176189953159],[153.030482090623,-27.1759149531724],[153.030438070658,-27.1756739531661],[153.030600090664,-27.1754919531809],[153.030773070652,-27.1754349531978],[153.031004070646,-27.1752879532199],[153.031198070642,-27.1751569532383],[153.031244100665,-27.1749339532412],[153.031366080668,-27.1748139632525],[153.031772070663,-27.1745069532908],[153.032047100624,-27.174587943319],[153.032246020625,-27.1744119533376],[153.032319060659,-27.1740799533423],[153.032371070675,-27.1739079633462],[153.032417060684,-27.1737999533499],[153.03218007071,-27.1737929633261],[153.032186050719,-27.173711953326],[153.032258030729,-27.1735749633322],[153.032246020749,-27.1734259633298],[153.032305040768,-27.1732199633341],[153.032403050795,-27.1729229433415],[153.032487070813,-27.1727109533483],[153.032426040878,-27.1722409633384],[153.032241060905,-27.1721819433194],[153.032229050924,-27.1720449533171],[153.032383040915,-27.1719829633321],[153.032614050906,-27.1718579533543],[153.032794030905,-27.1717149533712],[153.033059020912,-27.1714359533956],[153.033189000932,-27.1711669634065],[153.033452020932,-27.1709449634312],[153.03361401094,-27.1707449634458],[153.033583020966,-27.1705679534413],[153.033624011009,-27.1701899634424],[153.033702011035,-27.1699149534481],[153.033895021033,-27.1697729534663],[153.033807021069,-27.1695599634558],[153.034083031054,-27.1694409534826],[153.034276011057,-27.1692589435005],[153.034553991067,-27.1689399535259],[153.034753971088,-27.1686079535433],[153.035064991112,-27.1681509635709],[153.035264971134,-27.1678139535883],[153.035246981158,-27.1676309435851],[153.035337981176,-27.1674129635925],[153.035487001193,-27.1671509436054],[153.035791961229,-27.1666079536317],[153.036049941243,-27.166276953655],[153.036363951225,-27.1661579536855],[153.036435971235,-27.1660209436917],[153.036308951277,-27.1657909536771],[153.036457941281,-27.1656309536908],[153.036586971293,-27.1654259537021],[153.036510981328,-27.1652129636928],[153.036423961386,-27.164828953681],[153.036271971455,-27.1644039536624],[153.035941941546,-27.1639549636257],[153.035584931619,-27.1636779735876],[153.035207961669,-27.1635959635491],[153.035422071775,-27.1625674435624],[153.036407061801,-27.1615304436531],[153.0381450818,-27.1600784538161],[153.03947707177,-27.1591964439429],[153.04046206173,-27.1586784440377],[153.041447051581,-27.1590404341395],[153.042313091464,-27.1592424342281],[153.043385061369,-27.1590944343346],[153.04386908168,-27.1562104543603],[153.041498082237,-27.1537744441028],[153.043017062379,-27.1513564442361],[153.045525672549,-27.1478899344606],[153.045827712545,-27.1476679344892],[153.046194942532,-27.1474670545245],[153.04703867257,-27.1464479346011],[153.047201612605,-27.1460359346142],[153.047704612619,-27.1454999346605],[153.047872622644,-27.1451629346747],[153.04843673266,-27.1445566947266],[153.049030152771,-27.1431719347752],[153.049944182919,-27.1412219248515],[153.050517083032,-27.1398394548981],[153.050874053106,-27.1389544549269],[153.051641173245,-27.1371986549901],[153.052299493402,-27.1353979950419],[153.052797463481,-27.1343439950836],[153.053681413651,-27.1322520151557],[153.053882423679,-27.1318580151728],[153.054200413728,-27.1311950151995],[153.054770393807,-27.130091005248],[153.054846393822,-27.1299090752542],[153.055114413875,-27.129262005276],[153.055607373959,-27.1281760353169],[153.056066364004,-27.1274330353571],[153.056590364059,-27.1265530354028],[153.05704233409,-27.1259250254432],[153.057462344131,-27.12524502548],[153.057735324176,-27.1246560255028],[153.058097264219,-27.124011035534],[153.058446314256,-27.1234180355644],[153.058635304275,-27.123113025581],[153.059101234331,-27.1222690256211],[153.059315264345,-27.1219770356403],[153.059566274361,-27.1216390256628],[153.059833234388,-27.1212000356862],[153.060071214408,-27.1208450457073],[153.06031160442,-27.120544115729],[153.060806144439,-27.1199748757742],[153.061571004503,-27.118824655842],[153.062241184547,-27.1179140359021],[153.062608154535,-27.1176980259373],[153.063050164522,-27.1174300359796],[153.063124154524,-27.1173500359864],[153.063184154532,-27.1172420359915],[153.063168174549,-27.1171180359889],[153.063127144574,-27.1169550259835],[153.063054184602,-27.1167920259749],[153.062980154634,-27.1165960359659],[153.062932164658,-27.1164450359599],[153.062892154673,-27.1163610259552],[153.062840144685,-27.1163110259495],[153.063041334723,-27.115834145966],[153.063463314758,-27.1152003260034],[153.063660114869,-27.1141510360148],[153.063813124877,-27.1139620260287],[153.064568094877,-27.1133260360995],[153.064613094864,-27.1133930361046],[153.064757084856,-27.1133340261186],[153.064936084858,-27.1131670261352],[153.06510106487,-27.11293303615],[153.065173084884,-27.1127620261559],[153.065288094898,-27.1125510061657],[153.065502094908,-27.1122980061852],[153.065769054905,-27.1120960262105],[153.065971074913,-27.1118610162289],[153.066163064916,-27.1116760162467],[153.066322064926,-27.1114650062611],[153.066530074935,-27.11121801628],[153.066677064943,-27.1110290162933],[153.066758094941,-27.110976016301],[153.066849054917,-27.111088016311],[153.066828064898,-27.1112630263103],[153.066756044884,-27.1114330163044],[153.066667064865,-27.1116550162973],[153.06662004485,-27.1118140062938],[153.06663008483,-27.111967026296],[153.066770064811,-27.1120030263104],[153.066981034803,-27.1118860063307],[153.067193064795,-27.1117700163511],[153.067430054782,-27.1116800163742],[153.067701034759,-27.111629986401],[153.067959054734,-27.1116189964269],[153.068191044715,-27.1115699964498],[153.068320034721,-27.1114149964615],[153.068305034736,-27.1113079964592],[153.068270034755,-27.1111849864547],[153.068191044785,-27.1110169864454],[153.068200024804,-27.110858006445],[153.06820101483,-27.1106439964434],[153.068311024838,-27.1104899964533],[153.06849005484,-27.11032799647],[153.06859302485,-27.110161996479],[153.068631054876,-27.1099189964809],[153.068698034886,-27.1097819864866],[153.068811984903,-27.1095539964962],[153.068934004911,-27.1093879965072],[153.069002004915,-27.1092969865133],[153.069256004912,-27.1091059965373],[153.0696780149,-27.1088489965777],[153.070225994884,-27.1085169966301],[153.07062198488,-27.1082159766676],[153.071082974866,-27.1079419767117],[153.071453964866,-27.1076299767466],[153.071942954861,-27.1072539767927],[153.072160644863,-27.1070590068131],[153.072420924853,-27.1069169868381],[153.072689964834,-27.1068449868646],[153.072934954813,-27.1068059668889],[153.073162924787,-27.106817956912],[153.073453944751,-27.1068639669416],[153.073680904728,-27.1068539569643],[153.073961914712,-27.1067469469917],[153.0742428947,-27.1066109570189],[153.074541894687,-27.1064589570478],[153.074690894684,-27.1063549570619],[153.074876894684,-27.1062039570794],[153.075041914689,-27.1060199570946],[153.0751208947,-27.1058719571013],[153.07516188471,-27.1057529671045],[153.075681064708,-27.1053354571534],[153.076822094673,-27.1046594472628],[153.077138074666,-27.1044434372929],[153.077491064661,-27.1041884573263],[153.077743054653,-27.1040394373505],[153.078002064647,-27.1038684473752],[153.079423084598,-27.1030684475117],[153.079722084584,-27.1029284375407],[153.079972074579,-27.1027604375645],[153.080178084569,-27.1026694375845],[153.080276084567,-27.1026034475938],[153.080598084551,-27.1024604476251],[153.081372074503,-27.1021904577008],[153.083042094432,-27.1013554378622],[153.085260084345,-27.100185448076],[153.088168074234,-27.0986224583562],[153.090691064141,-27.0972454485991],[153.092358064076,-27.0963684487599],[153.092638084066,-27.0962094487868],[153.093208074057,-27.0958064388409],[153.093951064028,-27.0954114489126],[153.094822063997,-27.0949324489964],[153.094976063991,-27.0948494590113],[153.097026083906,-27.0938064392093],[153.099069063811,-27.0928454394073],[153.099615063764,-27.0927664494616],[153.100191073715,-27.0926674495188],[153.1004340837,-27.0925824495426],[153.102530063571,-27.0918554497478],[153.103176073537,-27.0915854498107],[153.103625063546,-27.0911394498524],[153.103881073553,-27.090867439876],[153.104171063576,-27.0904364499018],[153.104801343568,-27.0899767599616],[153.105122293535,-27.0899647499938],[153.105354283516,-27.0899257500168],[153.105668293491,-27.0898577500479],[153.105956283474,-27.0897567600761],[153.106281313457,-27.0896197501078],[153.106587293437,-27.0895237301378],[153.106800233421,-27.0894687301588],[153.107038253408,-27.089373730182],[153.107268233398,-27.0892627302043],[153.107549283387,-27.0891097402314],[153.107935273372,-27.0889047402686],[153.108140253366,-27.0887827302883],[153.108482223352,-27.0886067403213],[153.108769223341,-27.088454750349],[153.109129223332,-27.0882217203834],[153.109272233331,-27.088116710397],[153.109300223345,-27.0879807203987],[153.10927223336,-27.0878857203951],[153.109189233376,-27.0878257503863],[153.109044213389,-27.0878447503719],[153.108832223401,-27.0879227403511],[153.108530223427,-27.0879737503211],[153.108316223451,-27.0879607402995],[153.108194243475,-27.0878677402864],[153.108176213501,-27.0876817402831],[153.108655093476,-27.0874794403298],[153.111257063306,-27.0866494405852],[153.112124163251,-27.0863577206702],[153.113340083172,-27.0859684607896],[153.114421073089,-27.0857214508965],[153.114503083082,-27.0857134509047],[153.115902052964,-27.0854764510437],[153.117022052874,-27.0852504511547],[153.118041062787,-27.0850944412561],[153.11848206275,-27.0850184513],[153.118767082724,-27.0849824413284],[153.119763062617,-27.0850054614289],[153.120898062477,-27.0851614515445],[153.121175062434,-27.0852734515733],[153.121379062403,-27.0853514515945],[153.121524072356,-27.085599461611],[153.121540062294,-27.0860784616164],[153.121572072289,-27.0860914416198],[153.121641062264,-27.0862324516279],[153.12173508225,-27.0862714516376],[153.122329082171,-27.0863994516985],[153.122399052166,-27.0863784517054],[153.122458072161,-27.0863734617113],[153.122509062149,-27.0864264417169],[153.122540092146,-27.0864174517199],[153.122553082144,-27.0864234517213],[153.122551082136,-27.0864914517216],[153.122538082135,-27.0865134517205],[153.122491072139,-27.0865144517157],[153.122492052137,-27.086534451716],[153.122541072126,-27.0865774617213],[153.122649082114,-27.0865854517322],[153.122730072102,-27.0866114417406],[153.122759092103,-27.0865814517433],[153.122778072108,-27.0865244617447],[153.122773072113,-27.0864864617439],[153.122754092119,-27.0864534517418],[153.12276007212,-27.0864424517423],[153.122729092127,-27.0864134617389],[153.122795082118,-27.0864284617457],[153.122778072118,-27.0864434417441],[153.122824062105,-27.0865074517492],[153.122922062095,-27.0865104517591],[153.122920052098,-27.0864874617588],[153.123001082084,-27.0865254617672],[153.123187092059,-27.0865714517863],[153.123250092051,-27.0865784617927],[153.123268082051,-27.0865674517945],[153.123470072026,-27.086594441815],[153.123598082006,-27.0866514618284],[153.123630091999,-27.0866764518318],[153.123713021992,-27.08666263184],[153.123816061969,-27.0867594418512],[153.123871061964,-27.0867534518567],[153.12396308195,-27.0867874518662],[153.124081081942,-27.0867514518778],[153.124168061934,-27.0867414418865],[153.124272091921,-27.0867584418971],[153.124267091925,-27.0867314518964],[153.124320081915,-27.086768451902],[153.124388081906,-27.086785451909],[153.124400061909,-27.0867484519099],[153.124424071906,-27.0867534519124],[153.124447071906,-27.0867364519146],[153.124583071888,-27.0867634619285],[153.124620081889,-27.0867254619319],[153.124658071886,-27.0867164519357],[153.124636061891,-27.0866934519333],[153.124802071878,-27.0866614519498],[153.124916061867,-27.0866504619612],[153.124972081865,-27.0866204519666],[153.125113081854,-27.0865854519805],[153.125292081838,-27.0865674519984],[153.125496081817,-27.0865634520189],[153.125657081798,-27.0865814520353],[153.125810091786,-27.0865454520504],[153.125929081781,-27.0864874620619],[153.126120081765,-27.0864534520809],[153.126395071737,-27.0864454421086],[153.12673909171,-27.0863754621427],[153.127132081668,-27.0863774621823],[153.127328091647,-27.086375462202],[153.127817081591,-27.0864164522516],[153.128191051535,-27.0865484522904],[153.128665081476,-27.0866174623387],[153.129090091421,-27.0867014523822],[153.129606091349,-27.0868424524353],[153.129874911307,-27.0869485924632],[153.130181911278,-27.0869196024939],[153.130761061243,-27.0867194525507],[153.131169051223,-27.0865324525904],[153.131449081203,-27.086454452618],[153.13242407113,-27.0862224427144],[153.132743081104,-27.0861654527461],[153.132884081096,-27.0861044527598],[153.133027091104,-27.0859264427728],[153.133114871118,-27.0857365827802],[153.133223861136,-27.0855075727893],[153.133306861155,-27.0852835727959],[153.13349290116,-27.0850885828131],[153.133703831156,-27.0849405828332],[153.133979841143,-27.0848195528601],[153.134228851133,-27.0846885528841],[153.134510851126,-27.0845105529111],[153.134875851112,-27.0843165629464],[153.135170841098,-27.084173552975],[153.135490801092,-27.0839555530055],[153.135881821076,-27.0837555630433],[153.136278801068,-27.0834925530812],[153.136675811049,-27.0833095631198],[153.137206771022,-27.0830805531715],[153.137705770991,-27.0829035432204],[153.138121790966,-27.0827605432612],[153.138455770948,-27.0826175332937],[153.138973740923,-27.0823885433441],[153.13951773089,-27.0821945333974],[153.140138750856,-27.0819425434581],[153.140772710814,-27.0817485135204],[153.141316710782,-27.0815425235736],[153.141720730766,-27.0813315236127],[153.14189370078,-27.0810795236281],[153.142348710759,-27.0808675336723],[153.142687690736,-27.0807645237057],[153.142853690755,-27.0804775137201],[153.142706670805,-27.0802025337031],[153.14253468084,-27.0800655136847],[153.1422596909,-27.079818523655],[153.142163660951,-27.0794975136428],[153.142003681021,-27.0790735336233],[153.141997691094,-27.0785005336181],[153.142100691116,-27.0782365136264],[153.142318671129,-27.0779505236461],[153.142529641143,-27.0776645136651],[153.142721671162,-27.0773495136819],[153.14292665117,-27.0771145237007],[153.143144671173,-27.0769085337211],[153.143323631185,-27.0766675337372],[153.143567631183,-27.0764735237603],[153.143798601196,-27.0761815137813],[153.144079611209,-27.0758375238068],[153.144208641233,-27.0755455238175],[153.144163601262,-27.0753505138114],[153.144009611308,-27.075109513794],[153.143863611363,-27.0748005337768],[153.143613621435,-27.0744335437487],[153.143319611489,-27.0742495437176],[153.143018631527,-27.0742035336869],[153.142685611584,-27.0740255436519],[153.142436681636,-27.0738195436251],[153.142148071724,-27.0733634535924],[153.141579071812,-27.0731414535333],[153.140594081955,-27.0728254534314],[153.139541062117,-27.072419453322],[153.138803072232,-27.0721284632453],[153.138168692325,-27.0719195831797],[153.137826072426,-27.071397453141],[153.137398072544,-27.0708234530933],[153.137332082594,-27.0704784430839],[153.13724408262,-27.070345453074],[153.136448092762,-27.06988245299],[153.137439062761,-27.0690614630834],[153.136886082868,-27.0686694630245],[153.136005082842,-27.0696164629433],[153.135854702876,-27.069470582927],[153.135707722925,-27.06920159291],[153.135470722987,-27.0689086128838],[153.135176723053,-27.0686336128519],[153.134747703143,-27.0682776128059],[153.134558083183,-27.0681124427854],[153.134501063199,-27.0680394627791],[153.134364083248,-27.0677644627631],[153.134176073289,-27.0675944427428],[153.133993063345,-27.067297442722],[153.133858083395,-27.0670174527062],[153.133708073449,-27.0667114626886],[153.13342307352,-27.0663834526573],[153.133170063578,-27.0661344626298],[153.132909083623,-27.0660004526024],[153.13274907364,-27.0659974525863],[153.132561053643,-27.0661264525683],[153.132551053612,-27.0663834525694],[153.13184306372,-27.0661164624959],[153.131430063794,-27.0658714424523],[153.131016083854,-27.0657404524096],[153.130672073913,-27.0655594423734],[153.130272073986,-27.0653144523312],[153.130006054041,-27.0651054523027],[153.129656064106,-27.0648794622656],[153.129089064192,-27.0646654522068],[153.12876505425,-27.0644784521727],[153.12846407429,-27.0644114421418],[153.128217084339,-27.0642254421154],[153.127670054429,-27.0639674420582],[153.127396084474,-27.0638434620296],[153.127225084509,-27.0637104620114],[153.127042074555,-27.0634914619912],[153.126590064657,-27.0630654619422],[153.126298794712,-27.0628676719113],[153.126062784749,-27.0627696618868],[153.125698764791,-27.0627386718498],[153.125562764792,-27.062848671837],[153.125352784792,-27.0630226718172],[153.125117794793,-27.063212661795],[153.124899784803,-27.0633136717739],[153.124697794825,-27.0633116917535],[153.124507774848,-27.0632816917341],[153.124273804876,-27.0632576917104],[153.124013814911,-27.0631946816837],[153.123703784951,-27.063139681652],[153.123471794969,-27.063188691629],[153.123206804996,-27.0631936816023],[153.122986525027,-27.0631311315797],[153.122391795125,-27.0628547115175],[153.122003835179,-27.0627437114776],[153.121821845199,-27.0627417114592],[153.121600875219,-27.0627627014371],[153.121319825239,-27.0628417014094],[153.121098855261,-27.0628517113872],[153.120845835293,-27.0628117113614],[153.120548875327,-27.0627887013313],[153.119798875404,-27.0628037212559],[153.119414895441,-27.0628337312174],[153.118968895479,-27.0629047311731],[153.118441875521,-27.0630107211209],[153.118021905551,-27.0631207210794],[153.117816925557,-27.0632427210597],[153.117449915572,-27.0634367110243],[153.117180905587,-27.063537730998],[153.116854895613,-27.0636057309657],[153.116534895641,-27.0636517409338],[153.116137955679,-27.0636817508941],[153.115785955711,-27.063722740859],[153.115428945735,-27.0638317508239],[153.115072965756,-27.063956730789],[153.114734935777,-27.0640767407559],[153.114371975801,-27.0641907407203],[153.114062965832,-27.0641967506892],[153.113792975858,-27.0642187706622],[153.113559965879,-27.0642457606389],[153.113397975885,-27.0643337606233],[153.113381985871,-27.0644577706227],[153.113116995903,-27.0644297605958],[153.112908985925,-27.0644277605748],[153.112681995946,-27.0644497605521],[153.112444015966,-27.0644877605284],[153.112194025981,-27.064582750504],[153.111887025999,-27.064695750474],[153.111619006013,-27.0648087504479],[153.111345036025,-27.0649377504214],[153.111057996038,-27.0650797703936],[153.110841006042,-27.0652247803729],[153.110649056046,-27.0653577703546],[153.110537066045,-27.0654557703441],[153.11040205604,-27.0656117803317],[153.110172036051,-27.0657117703094],[153.109927046067,-27.0657897902853],[153.10972103608,-27.0658617702652],[153.109465066094,-27.0659677702402],[153.109221066109,-27.0660517802163],[153.108984066124,-27.0661297801931],[153.108632066154,-27.0661877801581],[153.108317066183,-27.0662217801266],[153.107612066253,-27.0662528000559],[153.107119096309,-27.066222800006],[153.106707086363,-27.0661347899638],[153.106342126402,-27.0661307999271],[153.105792106465,-27.0660907998714],[153.105310126529,-27.065986809822],[153.105095096559,-27.0659228197998],[153.104599136631,-27.0657698097487],[153.104129166697,-27.0656378097003],[153.103730146752,-27.0655318196593],[153.103190126827,-27.0653898296038],[153.102849146868,-27.0653458395691],[153.102414176914,-27.0653428295253],[153.101851166981,-27.0652868294682],[153.101421197034,-27.0652218394244],[153.101015167089,-27.0651278393828],[153.100709187139,-27.0649868493508],[153.100096167246,-27.0646428592864],[153.099418217365,-27.0642668492152],[153.098906197458,-27.0639498491611],[153.099504177367,-27.0641808592231],[153.099925207298,-27.0643758492671],[153.100275167244,-27.0645098393034],[153.10063717719,-27.0646388493408],[153.101100137132,-27.064713829388],[153.101491167086,-27.0647518194277],[153.101807187051,-27.0647628294596],[153.102177187019,-27.0647048294964],[153.102542146985,-27.0646698295328],[153.102927146947,-27.0646508295714],[153.103274156909,-27.0646608196065],[153.10372215686,-27.0646798196517],[153.104125146817,-27.0646838196923],[153.104446096788,-27.0646438197243],[153.10475908677,-27.0645298097549],[153.105094116758,-27.0643378097871],[153.105456086743,-27.0641558098221],[153.105907116711,-27.0640338198666],[153.106365086673,-27.0639568099121],[153.106819066629,-27.0639257999575],[153.107259076588,-27.0638837900015],[153.107767086549,-27.0637657900517],[153.108226036507,-27.0637178000976],[153.10866505647,-27.0636468001412],[153.109022026445,-27.0635447901763],[153.109864086381,-27.0633474502596],[153.110904076296,-27.0631534403628],[153.111327076284,-27.0628974604033],[153.111442086308,-27.0626104504126],[153.110964086445,-27.0619134403589],[153.110403076532,-27.0616964603007],[153.109942086656,-27.0610954502495],[153.109121016778,-27.0608107901646],[153.108854016817,-27.060725800137],[153.108442996867,-27.0606658000951],[153.108189056901,-27.0606087900691],[153.107828036948,-27.0605428200322],[153.107285067012,-27.0604858199771],[153.106983027039,-27.060524819947],[153.106721067052,-27.0606378099215],[153.10633204708,-27.0607408198832],[153.105992057117,-27.0607308098488],[153.105630087165,-27.0606528198118],[153.105204057232,-27.0604748297675],[153.104910087282,-27.0603228297367],[153.104668057322,-27.0602088297114],[153.10428005738,-27.0600698296712],[153.103896077448,-27.0598518396308],[153.103423107531,-27.0595898295811],[153.103177097591,-27.0593178595542],[153.103017117622,-27.0592028395372],[153.102819107654,-27.0591168495165],[153.102489117701,-27.0590158394825],[153.102240107742,-27.0588958494565],[153.101981107777,-27.05883884943],[153.10149108784,-27.0587464493799],[153.100481067987,-27.0584254492757],[153.099830088061,-27.0583814392098],[153.09930408815,-27.0581124491547],[153.098902078254,-27.0576194491103],[153.098225078446,-27.0566554490345],[153.097698088626,-27.0556684489736],[153.096846068797,-27.0550194588827],[153.096019088912,-27.0547954587977],[153.096665139035,-27.0532758988506],[153.096731129013,-27.0533928988582],[153.096853148988,-27.0534868988712],[153.096981158964,-27.0535748988848],[153.097065138943,-27.053668898894],[153.097112118926,-27.0537699088995],[153.097197158901,-27.0538979089091],[153.097306148877,-27.0539919089208],[153.097492118845,-27.0540948789403],[153.097527558838,-27.0541228689441],[153.097806128781,-27.0543428889739],[153.097917158751,-27.0544878889863],[153.098067138706,-27.0547158890032],[153.098178138676,-27.0548658890155],[153.098309138638,-27.0550558790302],[153.098368118618,-27.0551678790371],[153.098447138592,-27.0553068890461],[153.098539118567,-27.0554298990564],[153.098662128536,-27.0555738790699],[153.098854148501,-27.0556888990901],[153.099064138468,-27.055780879112],[153.099350148427,-27.0558648691415],[153.099887098364,-27.0559168691959],[153.100197128323,-27.0559838592277],[153.10043208829,-27.0560528692519],[153.100655098257,-27.0561278592749],[153.10086409823,-27.0561628692962],[153.101091088202,-27.0561978693194],[153.101289098173,-27.0562678693399],[153.101550118131,-27.056380869367],[153.101752108106,-27.0564058493876],[153.101915118093,-27.0563798494038],[153.102085098078,-27.0563538394207],[153.102207078053,-27.0564528494337],[153.102291068032,-27.0565478494429],[153.102482068003,-27.0566168594627],[153.102761077967,-27.0566738594913],[153.102942077954,-27.0566248495091],[153.10304807795,-27.0565668495193],[153.103190097922,-27.0566708595344],[153.103350077888,-27.0568028595516],[153.103548047856,-27.0568958595723],[153.103802087819,-27.0569808395985],[153.104025067785,-27.0570608596216],[153.10425406775,-27.0571468296453],[153.104527057712,-27.0572208296734],[153.104731047679,-27.0573128296947],[153.10519503761,-27.0574728297427],[153.105532047558,-27.0576078297777],[153.105838057511,-27.0577258398094],[153.106174047462,-27.0578318298441],[153.106485057418,-27.0579218098761],[153.106764027385,-27.0579558099045],[153.107047997352,-27.0579728099332],[153.107331017325,-27.0579558099616],[153.107589037303,-27.0579118199872],[153.107850997287,-27.0578218200129],[153.108094997274,-27.0577208100366],[153.108357037258,-27.0576318200623],[153.108601037243,-27.0575478100862],[153.108875957226,-27.0574468201131],[153.109301987199,-27.0573087901549],[153.109595957179,-27.0572177901838],[153.109951977157,-27.0570978002187],[153.110227947138,-27.0570137902458],[153.110471957118,-27.05696980027],[153.110692957097,-27.0569538002922],[153.110892947083,-27.0568998003119],[153.111142937071,-27.0567868003361],[153.11137795707,-27.0565968003583],[153.111531947071,-27.0564577903727],[153.111823947065,-27.0562658004006],[153.112094927067,-27.0560177904259],[153.112271917081,-27.0557607904417],[153.112386927095,-27.0555498004516],[153.112467887122,-27.0552658004575],[153.112520917168,-27.0548588004596],[153.112556907207,-27.0545187904605],[153.112648927245,-27.0541388004668],[153.112683887287,-27.0537718004674],[153.112663887329,-27.0534558004628],[153.112643887368,-27.0531628004585],[153.11261191741,-27.0528588004528],[153.112440907495,-27.0523207904313],[153.112384887531,-27.0520848004238],[153.112249867591,-27.0517198004073],[153.112133877652,-27.0513278003925],[153.111968897711,-27.0510027903733],[153.111723867792,-27.0505567903451],[153.111418877871,-27.0501848103114],[153.111108917945,-27.0498578102776],[153.11071190802,-27.0495948102355],[153.110505898061,-27.0494398202135],[153.110193938108,-27.0493218101812],[153.109966908132,-27.0493268201584],[153.109703888153,-27.0493768101323],[153.109635888183,-27.049191810124],[153.109550918209,-27.0490578101143],[153.109388928249,-27.0488748300966],[153.109233908289,-27.0486868300795],[153.109092908314,-27.0486048400646],[153.108884938336,-27.0486088400437],[153.108810918333,-27.0486948200369],[153.108627898354,-27.0486808400184],[153.108613928361,-27.0486358300166],[153.108724918362,-27.048532840027],[153.108888918347,-27.0485178300434],[153.109044918338,-27.0484528200586],[153.10906093835,-27.0483458400593],[153.109038888368,-27.0482218300561],[153.108984908393,-27.0480648200494],[153.108898918425,-27.0478858400393],[153.108787918451,-27.0477728400273],[153.108740938468,-27.0476748300218],[153.108669918491,-27.0475518400136],[153.108627898518,-27.047371830008],[153.108532928563,-27.0470918399962],[153.10841889861,-27.0468168299825],[153.108297908666,-27.0464698299676],[153.108131908723,-27.0461518299483],[153.107979918779,-27.0458328599305],[153.107840928826,-27.0455808499145],[153.107658898875,-27.0453418498942],[153.107395918925,-27.0451608398663],[153.107242908951,-27.0450848398503],[153.106993908995,-27.0449378398241],[153.106794909033,-27.044805849803],[153.106529919093,-27.0445508397743],[153.106302929151,-27.0442738397492],[153.106115899193,-27.044102849729],[153.105928949235,-27.0439198597087],[153.105626949298,-27.0436718696764],[153.105481969315,-27.0436578596616],[153.10534695934,-27.0435758696474],[153.105230959366,-27.0434648696348],[153.105117949396,-27.0433218696223],[153.105093939409,-27.0432348596192],[153.10507696943,-27.0430788696163],[153.105033969463,-27.0428588696102],[153.104950929509,-27.0425558795994],[153.104932969541,-27.0423198695957],[153.10489592957,-27.0421168695904],[153.104735949636,-27.0417248695712],[153.104615929683,-27.0414508695569],[153.104519899734,-27.0411308795447],[153.104427919762,-27.0409798795342],[153.104289949803,-27.0407688895186],[153.104179939831,-27.0406408895065],[153.103996969887,-27.0403508794858],[153.103801949938,-27.0401068794642],[153.103575939986,-27.0399078794399],[153.103431950028,-27.0396958894237],[153.103376980059,-27.0394938894166],[153.103338940096,-27.0392298894106],[153.103315910143,-27.0388818894056],[153.103332920189,-27.0385008794042],[153.103329750208,-27.0383452594027],[153.103315910289,-27.0377178893963],[153.103257910334,-27.0374028893879],[153.103130900386,-27.0370999093728],[153.10306092043,-27.0368029093633],[153.103007890479,-27.0364588993553],[153.102954930531,-27.036087909347],[153.102909920575,-27.03577789934],[153.102793930636,-27.0353908993252],[153.102652930693,-27.0350499093083],[153.102463890746,-27.0347879092872],[153.102225910798,-27.0345728992615],[153.102003920826,-27.0345368992389],[153.101981910845,-27.0344019092356],[153.101955890855,-27.0343469092326],[153.101845910877,-27.0342638992208],[153.101731890896,-27.0342039192089],[153.101572930918,-27.0341619291925],[153.101406930945,-27.0340859291752],[153.101271910975,-27.0339649191606],[153.101148941007,-27.033808929147],[153.101004921045,-27.0336309191311],[153.100829931093,-27.0333919191116],[153.100748981115,-27.0332840491026],[153.100679921134,-27.0331919190949],[153.100593931165,-27.0330179190849],[153.100506911201,-27.0328059290744],[153.100421941226,-27.0326719190648],[153.10018494127,-27.0325239190398],[153.099952911318,-27.0323309290149],[153.099703951364,-27.0321779489886],[153.099484951409,-27.0320009389651],[153.098768961537,-27.0315809388897],[153.098577961569,-27.0314829388697],[153.09814394164,-27.0312829388244],[153.097829961701,-27.0310629387911],[153.097528951758,-27.0308599487592],[153.097335941797,-27.0307059587385],[153.097135951842,-27.0305179587169],[153.096980971879,-27.0303569587],[153.096755951928,-27.0301529586757],[153.096658931951,-27.0300469486651],[153.096476951996,-27.0298419486452],[153.096368982013,-27.029798958634],[153.096262002022,-27.0298119686233],[153.096106982059,-27.0296509586064],[153.095997012084,-27.0295459485945],[153.095944992098,-27.0294739485887],[153.095691982134,-27.0293999485627],[153.095625002156,-27.0292769785549],[153.095483962184,-27.02917796854],[153.095401002203,-27.0290899885309],[153.09535399222,-27.0289999785254],[153.095219962243,-27.0289299785114],[153.095085972264,-27.0288699784974],[153.094988992287,-27.0287699684869],[153.094854992311,-27.0286939684728],[153.09468297234,-27.0286069884548],[153.094432982386,-27.0284429784283],[153.094349982404,-27.0283759784194],[153.094265012428,-27.0282539884099],[153.094154962455,-27.0281259883978],[153.094057002485,-27.0279759883868],[153.09391797253,-27.0277299783708],[153.093737002577,-27.0275079783508],[153.093513982613,-27.0274050083276],[153.093329002641,-27.0273349983084],[153.093221982653,-27.0273319982976],[153.093001012678,-27.0273189982753],[153.092778002713,-27.0272269982521],[153.092530022751,-27.0271299982264],[153.092243022797,-27.0270009981965],[153.091959012832,-27.0269610081675],[153.091675012863,-27.0269549881389],[153.091647012879,-27.0268539981353],[153.091601022897,-27.0267479981298],[153.091511012914,-27.0266869981203],[153.09145199293,-27.0266099981137],[153.091079002977,-27.0265430180757],[153.090857043008,-27.0264800180528],[153.090584023045,-27.0264180080249],[153.090336043083,-27.0263210179991],[153.090139053114,-27.0262400179787],[153.089821063164,-27.0261110179456],[153.089396023222,-27.026000017902],[153.089185053257,-27.02589700788],[153.089045073277,-27.0258600078656],[153.088875053297,-27.0258410078483],[153.088661053319,-27.0258400178268],[153.088497063337,-27.0258370378102],[153.088245103361,-27.0258590277851],[153.088019063378,-27.0259080377627],[153.087825093392,-27.0259630377436],[153.087619093407,-27.0260180377234],[153.087025093441,-27.0262380376653],[153.08679506345,-27.0263610276432],[153.086476053467,-27.0264970376122],[153.086233113479,-27.0265980375885],[153.08586311351,-27.0266670375518],[153.085600093527,-27.026751047526],[153.085351093538,-27.0268680575019],[153.085102123543,-27.0270370574782],[153.084891123549,-27.027165057458],[153.083701073799,-27.0261744573304],[153.083391074039,-27.024516447286],[153.083467074171,-27.0234014572848],[153.083681104276,-27.0223860472982],[153.083916094276,-27.0221900573203],[153.084132104276,-27.0220050573406],[153.084322084282,-27.0217980573581],[153.08450805428,-27.0216590473757],[153.084769104275,-27.0214850574005],[153.085011094268,-27.0213330474237],[153.08522911426,-27.0212160474447],[153.085414094261,-27.021055047462],[153.085612064262,-27.0208810474805],[153.085752084269,-27.0207040474932],[153.085873074284,-27.0204870575037],[153.085931044308,-27.0202490575076],[153.085993054337,-27.0199650475116],[153.085987034373,-27.0196780475087],[153.085987034405,-27.0194290575067],[153.085961044443,-27.0191480475018],[153.085968054475,-27.0188820575004],[153.085929074514,-27.0186060474943],[153.085840044563,-27.0182920474829],[153.085733064608,-27.0180180474699],[153.08556206466,-27.0177500574506],[153.085436024707,-27.0174760574357],[153.085304044752,-27.0172300574205],[153.085173044795,-27.0169960474054],[153.085125044821,-27.0168270573993],[153.085038064855,-27.0166310473889],[153.08486104491,-27.0163420573688],[153.084737054945,-27.016169047355],[153.084612044983,-27.0159680473408],[153.08435307505,-27.0156510473122],[153.084172035091,-27.0154740772926],[153.084017055126,-27.0153250772758],[153.083806045166,-27.0151880672535],[153.083608035201,-27.0150730672327],[153.083290045248,-27.0149660671998],[153.083039035273,-27.0149770771747],[153.082725105296,-27.0150510771437],[153.082376085316,-27.0151820671096],[153.082020065335,-27.015335067075],[153.081365115364,-27.0156470670116],[153.080378075533,-27.0151294569082],[153.07789410592,-27.0141220966504],[153.077764095958,-27.0139270866357],[153.077577145999,-27.0137560866156],[153.077366136038,-27.0136250965933],[153.077167136075,-27.0134980865723],[153.076969156115,-27.0133440965511],[153.076788116153,-27.0131900865317],[153.076576126201,-27.0129850865088],[153.076098166308,-27.0125320964571],[153.075757136383,-27.0122220864203],[153.075641146412,-27.0120830764076],[153.075493176441,-27.0119790863918],[153.075213146484,-27.0118660963628],[153.074984146522,-27.0117570863389],[153.074802156565,-27.0115691163191],[153.074659146605,-27.0113681063031],[153.07445715666,-27.0110961062806],[153.074147166737,-27.0107461062467],[153.073992186771,-27.0106020962299],[153.073805196811,-27.0104421062099],[153.073569186854,-27.0102951061849],[153.073416176878,-27.010230096169],[153.073194186909,-27.0101721061463],[153.072844146964,-27.0100211061099],[153.072694167005,-27.0098260960932],[153.072606167048,-27.0095571060822],[153.072597187061,-27.0094611060806],[153.072565177098,-27.0091851060752],[153.072446187144,-27.0089221160611],[153.072383187182,-27.0086691060527],[153.072408157214,-27.0083921060531],[153.072528167235,-27.008125096063],[153.072585187258,-27.0078921060669],[153.07266015729,-27.0075801060719],[153.072711177316,-27.007326096075],[153.072692167353,-27.0070490960709],[153.07270216743,-27.006428106067],[153.072688147471,-27.0061131060631],[153.072656137509,-27.0058310960576],[153.07258715755,-27.0055621060485],[153.072513167583,-27.0053601060395],[153.072390167614,-27.005221116026],[153.072335157645,-27.0050191160189],[153.072413157655,-27.0048761060256],[153.072484147672,-27.0046771060311],[153.072373157705,-27.0045101060186],[153.072234167755,-27.0042251260024],[153.072160137789,-27.0040181159933],[153.072008117842,-27.0037161259756],[153.071813167894,-27.003466125954],[153.071520147942,-27.0033301159235],[153.071342177964,-27.0033001259053],[153.071290197978,-27.0032331258996],[153.071268157999,-27.0030871258962],[153.071290198012,-27.0029621158974],[153.071318198028,-27.002815115899],[153.071325208056,-27.0025831258979],[153.071314178085,-27.002358125895],[153.07129516812,-27.002098125891],[153.07130811815,-27.0018501158903],[153.071340128179,-27.0015901158915],[153.071380138194,-27.0014371258943],[153.07139889823,-27.0011366658938],[153.071412148254,-27.0009281158935],[153.071384148307,-27.0005331258875],[153.071359148341,-27.000280115883],[153.07131914836,-27.000162125878],[153.071220118394,-26.9999721258666],[153.07106517843,-26.9998171158497],[153.070860118469,-26.999675125828],[153.070401208545,-26.9994581257801],[153.070208158584,-26.9993091257595],[153.069927178635,-26.9991341357299],[153.069656168695,-26.9988791457006],[153.069495168733,-26.9987131456831],[153.069309198766,-26.9986041456635],[153.069095168793,-26.9985741356418],[153.068805208824,-26.9985681456126],[153.068590228846,-26.998572135591],[153.068420208866,-26.9985531455737],[153.068213218882,-26.9985961355533],[153.068057218888,-26.9986781455382],[153.067910228882,-26.9988511355248],[153.067787218876,-26.9990001355137],[153.067650198883,-26.9990591355004],[153.067543218897,-26.9990381354894],[153.067403208919,-26.9989851354749],[153.067195198941,-26.998977145454],[153.066987248959,-26.9990101454333],[153.066785258987,-26.9989571454126],[153.066542249029,-26.9988261453871],[153.066356239066,-26.9986831353673],[153.066295209078,-26.9986413853608],[153.065957629141,-26.9984180553251],[153.065947589144,-26.998404045324],[153.065871009168,-26.9982813953153],[153.065730009202,-26.9981213852999],[153.065588029236,-26.9979683952843],[153.065417019266,-26.9978763952664],[153.065276029299,-26.9977283952511],[153.065292009316,-26.9975823852515],[153.065300009338,-26.9973993852509],[153.065312009362,-26.9971963852505],[153.065239009397,-26.9969823952414],[153.065102029428,-26.9968484052266],[153.064978039447,-26.9967993952137],[153.064790029468,-26.9967883851947],[153.064636029496,-26.9966963851785],[153.064461019527,-26.9965904051601],[153.064107039568,-26.9965643951243],[153.063927059584,-26.9965833851064],[153.063676049608,-26.9966033850813],[153.06352606964,-26.9964734050652],[153.06341006967,-26.9963324150524],[153.063239029713,-26.9961344150336],[153.06277208993,-26.994787444976],[153.063599109962,-26.9938424450516],[153.06429208993,-26.9935164451186],[153.064917079878,-26.9934074351806],[153.065890099768,-26.9934694552789],[153.066935099641,-26.9936134353851],[153.068643079507,-26.9932514455539],[153.06988509967,-26.9909114356602],[153.069889079997,-26.9882914456397],[153.068213110534,-26.9854114454483],[153.066344090945,-26.9836954352467],[153.065944081015,-26.9834744352047],[153.065513091091,-26.9832284451594],[153.064678081236,-26.9827654450718],[153.064258081322,-26.9824314450269],[153.064102081349,-26.9823514550106],[153.063628091422,-26.9821654549615],[153.063368101462,-26.9820594449345],[153.062839101551,-26.9817884448792],[153.062338101649,-26.9814264548259],[153.061554081821,-26.9807124447414],[153.061124081898,-26.9804584346962],[153.060683081974,-26.98022045465],[153.060281072039,-26.9800404446081],[153.060092082068,-26.9799604345885],[153.059845082099,-26.9799194345634],[153.059657112124,-26.9798794445442],[153.059318092151,-26.9799474445106],[153.058014092235,-26.9803704543829],[153.057543102263,-26.980544444337],[153.056976112302,-26.9807064442813],[153.056565082334,-26.9807924342407],[153.055868082407,-26.9807964541707],[153.055484102461,-26.9806864541312],[153.055233092501,-26.9805744541051],[153.055053112536,-26.980445454086],[153.054709092614,-26.9801134540488],[153.054440092698,-26.9796634340182],[153.054161082818,-26.9789444539844],[153.053918102955,-26.9780544339529],[153.053585083165,-26.9766484339082],[153.053413093244,-26.9761664338871],[153.053272093309,-26.9757664438698],[153.053106093359,-26.975499433851],[153.052746093443,-26.9751354538119],[153.052250093534,-26.9748184537595],[153.05166207362,-26.9746304336989],[153.051234073665,-26.9746244436559],[153.050797103705,-26.9746744436124],[153.049943103764,-26.9749164435285],[153.049626103782,-26.9750384334976],[153.042768085201,-26.9694464427642],[153.018460108137,-26.9663424302992],[153.017530087471,-26.9724544502546],[153.017771097402,-26.9728034502815],[153.017844097367,-26.9730184402906],[153.017868477332,-26.9732792902951],[153.017881107293,-26.9735824502988],[153.01767809725,-26.9740934302825],[153.017678097227,-26.9742794302839],[153.017672107194,-26.9745504402855],[153.017677117177,-26.9746854302871],[153.017751097143,-26.9748944502962],[153.017807087119,-26.9750354403029],[153.017909107085,-26.9752234303146],[153.018040107051,-26.9753894303291],[153.018128107029,-26.9754844503387],[153.018387107021,-26.9753344303635],[153.01879211697,-26.9754054304047],[153.019029106911,-26.9756744404306],[153.019106086862,-26.9760024504409],[153.019080096835,-26.9762434504403],[153.018834086822,-26.9765544304181],[153.018281116884,-26.9765214503623],[153.018103106913,-26.9764404403438],[153.018082076914,-26.9764444303417],[153.017691086911,-26.9767994503053],[153.017484096904,-26.9770284402864],[153.0173970869,-26.9771364402785],[153.017382086875,-26.9773464402787],[153.017466106844,-26.9775264402885],[153.017678096794,-26.9777434503115],[153.017908086734,-26.9780314403369],[153.017949106688,-26.9783634403437],[153.01764509672,-26.9783624403131],[153.017458116717,-26.9785434402958],[153.016859106716,-26.9790544502398],[153.011596097278,-26.9789804497112],[153.008532107342,-26.9810394394202],[153.002970097459,-26.9847744488921],[153.000812107715,-26.9845354386738],[152.994265098458,-26.9840924380139],[152.991667108677,-26.9845204377569],[152.988425099192,-26.9831154374207],[152.985138089338,-26.9847144271041],[152.983746089525,-26.9843834469619],[152.98142509999,-26.9826124367153],[152.981261100023,-26.9824884366978],[152.98082011011,-26.982160426651],[152.980425100188,-26.9818684466091],[152.980352110154,-26.9821994466045],[152.975594110345,-26.9846674361474],[152.974094110793,-26.9823464259787],[152.97813911063,-26.9802464363672],[152.977182120812,-26.9795924462661],[152.976696081096,-26.9777224462025],[152.975579111536,-26.9751374360701],[152.975017081691,-26.9743674360076],[152.972985091773,-26.9754244358125],[152.970464111874,-26.9767334355704],[152.970498091864,-26.9767864355743],[152.966829112011,-26.978692435222],[152.966639092018,-26.9787924252038],[152.966117112159,-26.978102435146],[152.963150092878,-26.9748354248229],[152.962538103178,-26.9729464247466],[152.961802113308,-26.9725224246695],[152.961341123353,-26.9725494346236],[152.956799094134,-26.9701044441494],[152.956134104248,-26.9697554340801],[152.955809104305,-26.9695734340461],[152.955795094373,-26.9690364340404],[152.954631104513,-26.9688904339227],[152.954528104524,-26.9688944239124],[152.954481094541,-26.968796433907],[152.954064114603,-26.9686484338641],[152.953844094634,-26.9685834438415],[152.953595094671,-26.9684994338159],[152.953366094702,-26.9684374437925],[152.953190084731,-26.9683544337742],[152.952908084789,-26.9681324337442],[152.952724094832,-26.9679344237242],[152.952518124878,-26.9677414337021],[152.952371104916,-26.9675614336859],[152.952292114953,-26.9673344336762],[152.952277114975,-26.9671634436734],[152.952254115008,-26.9669214436691],[152.952216125027,-26.9668024336644],[152.952186115044,-26.9666884336605],[152.952151115068,-26.9665244336557],[152.952022085116,-26.9662484236406],[152.951908095143,-26.9661294336282],[152.951607115189,-26.9660174335972],[152.951324095226,-26.9659534235684],[152.95104209526,-26.9659224435399],[152.950723085293,-26.965922443508],[152.950471095324,-26.9658904334825],[152.950302095344,-26.9658664434654],[152.95011412537,-26.9658194334462],[152.94978711541,-26.9657754434131],[152.949423105453,-26.9657384433764],[152.949101105487,-26.9657334233441],[152.948681095524,-26.9657924433026],[152.948399095525,-26.9660204332762],[152.948027085551,-26.9661264432398],[152.947614095589,-26.9661624431988],[152.947327095614,-26.9662084331704],[152.946836095646,-26.9663614231225],[152.946340095677,-26.9665354330742],[152.94589611572,-26.96655943303],[152.945623085757,-26.9664914230022],[152.945518115776,-26.9664324329912],[152.945439095797,-26.9663244229824],[152.945402115815,-26.9662184429779],[152.944973095883,-26.9660274229334],[152.944644085947,-26.9657934428986],[152.944358106007,-26.9655534428681],[152.944016106073,-26.9653074228319],[152.943506086152,-26.9651094427793],[152.943027106219,-26.9649704327303],[152.942309106318,-26.964781432657],[152.941730106388,-26.9647054325984],[152.941333096424,-26.9647524225591],[152.940888096453,-26.9648914325157],[152.940456116487,-26.9649854324732],[152.940151116523,-26.9649574424425],[152.939925116563,-26.9648224324188],[152.939595116619,-26.9646504323844],[152.939274096676,-26.9644644323508],[152.939059116725,-26.9642544423277],[152.938927096755,-26.9641194323134],[152.938780106794,-26.9639314322972],[152.938609106824,-26.9638394322793],[152.938425106848,-26.9637994322606],[152.93815909687,-26.9638434322344],[152.938017116875,-26.9639214422208],[152.937930096871,-26.964032442213],[152.937920096852,-26.9641874322132],[152.937796106846,-26.964343422202],[152.93760411686,-26.9643904321832],[152.937380116888,-26.9643574321605],[152.937193126915,-26.9642964321413],[152.936841116968,-26.9641704321051],[152.936538097015,-26.9640454320738],[152.936159117066,-26.9639564220352],[152.935983117103,-26.9638054320164],[152.93585510714,-26.9636164320021],[152.935668117188,-26.9633904319816],[152.935444117229,-26.9632534219581],[152.935042107288,-26.9631114419168],[152.934587097343,-26.9630594318708],[152.934084087394,-26.9630744418206],[152.933705117419,-26.9631894317837],[152.933163127461,-26.9633054317304],[152.932777097497,-26.9633474216921],[152.932585107521,-26.9633124416726],[152.932337097566,-26.9631584316466],[152.931972097629,-26.9629624416086],[152.931598117698,-26.9627264315693],[152.93130611775,-26.9625544415387],[152.930712117838,-26.9623444314776],[152.930386097886,-26.9622354214442],[152.929810127971,-26.962035441385],[152.929497098014,-26.961955431353],[152.92905512806,-26.9619594213089],[152.928768128084,-26.9620114312806],[152.928081118138,-26.962154431213],[152.927592098182,-26.9622104311646],[152.927250128224,-26.96216342113],[152.927082118266,-26.9619654311117],[152.92688512832,-26.9617014410899],[152.92679310835,-26.9615344210793],[152.926751098382,-26.9613174310734],[152.926669118413,-26.9611374310638],[152.926522098447,-26.9609864310479],[152.926385108471,-26.9609044210335],[152.926154108504,-26.9608354410099],[152.92589808853,-26.9608454309844],[152.925627118543,-26.9609674309582],[152.925404098566,-26.9609674309359],[152.925320118587,-26.9608704409268],[152.924915108652,-26.9606894308848],[152.924055098784,-26.9603584307962],[152.923760108834,-26.9602024207655],[152.923655098854,-26.9601324407544],[152.923516098875,-26.9600774407401],[152.923323128893,-26.960098430721],[152.923095108911,-26.9601414306985],[152.92290311892,-26.9602324306801],[152.922739128926,-26.9603274306644],[152.922560098936,-26.960393430647],[152.922297108956,-26.9604544306212],[152.921695119,-26.9606094205623],[152.921511119017,-26.9606324405441],[152.92142410903,-26.9605994305351],[152.921382089045,-26.9605104305302],[152.92140811906,-26.9603664205317],[152.921474109076,-26.9601824205368],[152.921521119091,-26.9600224405402],[152.921506119113,-26.9598594305374],[152.921427099146,-26.959666440528],[152.921306099179,-26.9595014405146],[152.9212380992,-26.9593904405069],[152.921227119212,-26.9592984405051],[152.921222119222,-26.959225440504],[152.921179119238,-26.959134430499],[152.920849119307,-26.9588574304638],[152.920399109389,-26.9585764404166],[152.920273119423,-26.9584114404027],[152.92019711945,-26.9582584203938],[152.920199089472,-26.9580764403926],[152.920176099501,-26.9578624303886],[152.920129119556,-26.9574614203807],[152.92009009959,-26.9572234203749],[152.92007911962,-26.956992430372],[152.920069119636,-26.95686942037],[152.919974109655,-26.9567944303599],[152.919684109695,-26.9567204303303],[152.919550119727,-26.9565784403158],[152.919436099788,-26.9561864203013],[152.919732949842,-26.9555000703255],[152.917268140201,-26.9546934400727],[152.915351130415,-26.9545884298803],[152.914589120519,-26.9543924198026],[152.913289900709,-26.9539632596693],[152.910421180952,-26.9544236693863],[152.908455691193,-26.9541493091878],[152.906051661435,-26.9542253489482],[152.905258551572,-26.9537939788655],[152.903718761723,-26.9538824687124],[152.901525261728,-26.9556914185077],[152.898431441763,-26.9580191982173],[152.896179941904,-26.9587864079985],[152.893128942137,-26.9594834676994],[152.891889332136,-26.960534757584],[152.891161192188,-26.9607374375129],[152.889515262496,-26.9596484373399],[152.887791952974,-26.9572564271488],[152.885514823377,-26.955939596911],[152.88342173354,-26.9563893467057],[152.874011014287,-26.958328445782],[152.865170315361,-26.9571489348907],[152.858017586229,-26.9562042841698],[152.861205208367,-26.9362902643291],[152.860763118421,-26.9362274342846],[152.860846128453,-26.9358994242902],[152.863584138298,-26.9348334245548],[152.866147127989,-26.935158424813],[152.867348127805,-26.9356314149366],[152.86781313773,-26.9358384349846],[152.868276137767,-26.9351484250253],[152.868249127963,-26.9335984150102],[152.869114107963,-26.9328654250907],[152.869560127969,-26.9324364351318],[152.872502107901,-26.9305014254099],[152.875452259702,-26.9135094155688],[152.86751785067,-26.9124088847685],[152.859467881651,-26.9112918539568],[152.860436702227,-26.9058354840099],[152.861149732537,-26.9027302640563],[152.860236722652,-26.902578803964],[152.855304553256,-26.9018717634666],[152.856479704,-26.8948825235281],[152.85424543427,-26.894591373303],[152.855494135034,-26.8873694333699],[152.861876124259,-26.8882434240133],[152.866788113662,-26.8889094245085],[152.868261144595,-26.8801474245856],[152.869483125371,-26.8728644346494],[152.864205116015,-26.872120424117],[152.857481126829,-26.8712184334393],[152.858337117378,-26.8660704234836],[152.851707118181,-26.8651834128156],[152.853201139137,-26.8562084228929],[152.853967129044,-26.8563084329701],[152.854042129093,-26.855854422974],[152.848561149757,-26.8551144224217],[152.848046129435,-26.8581484223946],[152.843947149934,-26.8575774219815],[152.840957140387,-26.8564394316745],[152.839047130729,-26.855293431475],[152.838900150756,-26.8551964114596],[152.838584130812,-26.8550154314267],[152.838194130842,-26.8550944213885],[152.837366120908,-26.8552644213073],[152.834155141204,-26.85558441099],[152.832367121325,-26.8561114208161],[152.832281131321,-26.8562164308084],[152.832066141319,-26.8564134207885],[152.832042121355,-26.856144430784],[152.832117131368,-26.8559764307901],[152.832117131397,-26.8557414207882],[152.832043111492,-26.8550374207752],[152.832043111521,-26.8548024207734],[152.832119141576,-26.8542994207769],[152.832031681658,-26.8537087907635],[152.832011681674,-26.8535947707606],[152.83185813173,-26.8532704107427],[152.831671141787,-26.8529684207217],[152.831360161863,-26.852621420688],[152.830986141939,-26.8523194206483],[152.830650122013,-26.8520064206123],[152.830151132119,-26.8515694105591],[152.829479132266,-26.8509534204873],[152.829167132331,-26.8506854304541],[152.829055112372,-26.8504504204411],[152.829045152403,-26.8502084204381],[152.828774132439,-26.8501474304107],[152.824477132984,-26.8493714299766],[152.823549123266,-26.8478724298722],[152.820660154026,-26.844168409555],[152.81988215416,-26.8437454294742],[152.819601134405,-26.8420004194323],[152.81814614478,-26.8401964292731],[152.818402155093,-26.8374524092767],[152.818101135264,-26.8363234092377],[152.817781145333,-26.8360364192035],[152.81775215533,-26.8360864292011],[152.817187135398,-26.8360104091442],[152.815136165839,-26.8341744189254],[152.815096125895,-26.8337584289181],[152.814731126052,-26.8327974288741],[152.814223126189,-26.8321184188181],[152.813764136281,-26.8317644187696],[152.812971136453,-26.8310434186849],[152.812701146526,-26.8306764186551],[152.812447136644,-26.829940418624],[152.812542146726,-26.8291914186275],[152.812780126784,-26.8285274186459],[152.812749146824,-26.8282304186404],[152.81252714687,-26.8280464186169],[152.812305116907,-26.8279334185938],[152.812035126937,-26.8279194185669],[152.811527126972,-26.8280614285174],[152.811115147005,-26.8281454184771],[152.81081413704,-26.8281174284469],[152.810354127103,-26.8279904184001],[152.809434137246,-26.8276084183055],[152.808927157318,-26.8274534182538],[152.808483137375,-26.827368418209],[152.808134117429,-26.8272264281731],[152.8071821276,-26.8266474180738],[152.806707157702,-26.8262224080231],[152.805644127939,-26.8252044179092],[152.805264128021,-26.8248654178687],[152.804962128068,-26.8247384178376],[152.804360128131,-26.8247384177777],[152.803487118168,-26.8251764176944],[152.801664128178,-26.8266334275246],[152.80057712824,-26.8270484174198],[152.799287138375,-26.8270414272914],[152.797587158564,-26.8269494271216],[152.796779148623,-26.8271564170428],[152.794893128815,-26.8271984168556],[152.793878128891,-26.8274384167565],[152.793465138927,-26.8274954167159],[152.792188149072,-26.8274034165882],[152.791921149118,-26.8272554165605],[152.79175215916,-26.8270564065421],[152.791546149257,-26.8264484265167],[152.791448149274,-26.8263864165065],[152.791166149357,-26.825953416475],[152.791118149425,-26.8254444164662],[152.790817129513,-26.8249924164326],[152.790357129596,-26.8247094263846],[152.790008149656,-26.8245114163483],[152.789342129792,-26.8239744162778],[152.789009139853,-26.823762406243],[152.788884169889,-26.8235754162291],[152.788401129979,-26.8232584161785],[152.786739140277,-26.8222514260053],[152.786540140468,-26.8208724159745],[152.786531120477,-26.8208064259731],[152.786476150539,-26.820351415964],[152.788509130611,-26.8180514261478],[152.788750140875,-26.815707416153],[152.790038151048,-26.8132184062613],[152.788612131229,-26.8129574161174],[152.789373121563,-26.8096154261664],[152.788660131636,-26.8096234160956],[152.788073141655,-26.8099624060399],[152.786789141672,-26.8109104259198],[152.786011141715,-26.8112214058449],[152.785187161762,-26.8115324157655],[152.784679151793,-26.8117164157164],[152.784283121834,-26.8117164156771],[152.783950131879,-26.8116314256433],[152.783537141942,-26.811475415601],[152.783252152003,-26.8112214055706],[152.782935142078,-26.8108814155364],[152.782586132145,-26.8106274054997],[152.782380122177,-26.8105424154785],[152.781920152246,-26.8103724254314],[152.781254142342,-26.8101604153635],[152.78054012245,-26.8098924252904],[152.7801601625,-26.809807415252],[152.779700152546,-26.8098214152064],[152.779367162568,-26.809920415174],[152.779002162594,-26.8100194051386],[152.778637162627,-26.8100614251026],[152.778257162675,-26.8099914150643],[152.77778112275,-26.8097934150154],[152.777186142848,-26.8095024249539],[152.777261152854,-26.8093894049605],[152.778423123519,-26.8030174150251],[152.779498164135,-26.7971154150849],[152.777497154404,-26.7966324148822],[152.777265124461,-26.796364404857],[152.776462124647,-26.7955314047705],[152.776050154674,-26.7956664247307],[152.775875134685,-26.7957224247137],[152.771033155163,-26.7959374142343],[152.770567155231,-26.7957824141867],[152.770589135247,-26.7956334141877],[152.767979165741,-26.7938374139141],[152.766922155916,-26.7933114038048],[152.765660136068,-26.7931414136781],[152.765081136173,-26.7927824236177],[152.764596166218,-26.7928264135699],[152.763474156405,-26.7922574034539],[152.762263156487,-26.7926154133365],[152.761102166641,-26.792350403219],[152.760575136329,-26.7953274031904],[152.760498156315,-26.7955014131842],[152.759189165522,-26.8030384131143],[152.758627135606,-26.8028324130568],[152.757164146066,-26.8003434028917],[152.755657126391,-26.7989824127312],[152.754586146527,-26.7987804126232],[152.753081146862,-26.7973404124623],[152.752231126405,-26.8017594124131],[152.750814165635,-26.8092034023318],[152.749591044961,-26.8157058022622],[152.7494860349,-26.8162848022564],[152.748605144974,-26.8164304121701],[152.746782155328,-26.8151034119785],[152.745745155598,-26.8137904018651],[152.742367156346,-26.8105854115043],[152.742126146425,-26.8101464014769],[152.739881066703,-26.8097909112512],[152.739909126728,-26.8095694112522],[152.739892156768,-26.8092594012481],[152.739825146821,-26.8088864112384],[152.739684146882,-26.8085094112214],[152.739518146938,-26.8081934112024],[152.739370136967,-26.8080874111869],[152.739178146996,-26.8080144111673],[152.738795157039,-26.807986421129],[152.738350147084,-26.808002401085],[152.737899147126,-26.8080404210406],[152.736991137221,-26.8080384009504],[152.736712977252,-26.8080214009227],[152.736509157279,-26.8079711209021],[152.736362137304,-26.8078924208869],[152.736163647344,-26.8077376308659],[152.73594763738,-26.8076318708436],[152.735719147409,-26.8075871008206],[152.734736757512,-26.8075852607231],[152.734341457561,-26.8075180006834],[152.734069747599,-26.8074454006558],[152.733828967632,-26.8073784206314],[152.733625147664,-26.8072894106105],[152.733672157636,-26.8074754106166],[152.734949147264,-26.8094194107588],[152.735171137016,-26.8112414207954],[152.733802136965,-26.8128154206721],[152.73296814679,-26.8149434206063],[152.730845156867,-26.816114410405],[152.72907614699,-26.8166164102335],[152.727473147229,-26.8160344200699],[152.72639113757,-26.8141813999478],[152.726789137762,-26.8122824099721],[152.72663415788,-26.8114593999502],[152.724486128349,-26.8094684197212],[152.723046128773,-26.8072514095607],[152.722235138913,-26.8068024194767],[152.720922158877,-26.8082063993577],[152.720993158827,-26.8085494093675],[152.709441159718,-26.8111004082425],[152.709144159747,-26.8111174082132],[152.696453151318,-26.8091154169396],[152.695522141564,-26.8079034068377],[152.698126161583,-26.8055423970768],[152.697997131865,-26.8033604170467],[152.69879816183,-26.8029693971229],[152.681388143984,-26.8002254053766],[152.680285144123,-26.8000324152659],[152.679220154254,-26.7998644151591],[152.679552154117,-26.8007014051986],[152.679981653959,-26.8016161052484],[152.678059703825,-26.8043391050799],[152.677915133513,-26.8069994050868],[152.678774743206,-26.808769095186],[152.681015692935,-26.8090680754102],[152.681321712797,-26.8099310754474],[152.680457722731,-26.811201085372],[152.68069471262,-26.8119030854011],[152.679476782458,-26.8142580952993],[152.679434802345,-26.8152080953027],[152.679030162238,-26.8164214152723],[152.678564172249,-26.8167314052286],[152.677844172271,-26.8171603951608],[152.675967162367,-26.8179723949814],[152.67514916241,-26.8183243949032],[152.674605162473,-26.818268394849],[152.674182162528,-26.8181854048064],[152.673698142592,-26.8180754047576],[152.673093152652,-26.818101394698],[152.672639122672,-26.8183184046547],[152.671972162669,-26.8189153945935],[152.671818172578,-26.8197853945852],[152.671847152515,-26.8202744045919],[152.672027132436,-26.8207644046137],[152.672238142367,-26.8211464046376],[152.672509152295,-26.8215004046672],[152.672780162236,-26.821745394696],[152.673143152175,-26.8219374147335],[152.673778142098,-26.822020404797],[152.674473182029,-26.8219944048656],[152.675697171945,-26.8216394149839],[152.676872181878,-26.8211874050966],[152.677585171835,-26.8209244051651],[152.677812161815,-26.8209014151874],[152.677955131794,-26.8209434052019],[152.678159131754,-26.8210954052233],[152.679080831525,-26.8221760953232],[152.679185141402,-26.8230894053408],[152.67901316142,-26.8230904053238],[152.678711151447,-26.8231244052941],[152.676381141333,-26.8260294050866],[152.676768151158,-26.8271293951337],[152.67849716079,-26.828648395317],[152.678462150579,-26.8303954053275],[152.676786150606,-26.8315954151711],[152.676145170704,-26.8313444051056],[152.675270150631,-26.8326803950297],[152.674411160648,-26.8332713949493],[152.672714170703,-26.8342734147894],[152.671585150825,-26.8342404146773],[152.670686160834,-26.8349284045939],[152.670078140876,-26.8351053945351],[152.669144140958,-26.8352304044436],[152.667275161078,-26.8358453942636],[152.666540160957,-26.8374523942037],[152.666435150835,-26.8385314142019],[152.666481140716,-26.8394634042139],[152.666913150526,-26.840641414266],[152.667542150381,-26.8412843943333],[152.668035160207,-26.8422774043901],[152.668373150086,-26.8429754044291],[152.670953149576,-26.8449273947],[152.670840149581,-26.8449874146893],[152.669753139386,-26.8474964046017],[152.669798149349,-26.8477583946082],[152.66992213929,-26.8481293946234],[152.670025139245,-26.8484084146359],[152.670061169217,-26.848608394641],[152.670057149174,-26.8489584046434],[152.670103139131,-26.8492724046505],[152.670102159105,-26.849479394652],[152.670132159078,-26.8496734046565],[152.670126139049,-26.8499204046579],[152.670170159012,-26.8501823946643],[152.670125148986,-26.8504304046619],[152.669835158997,-26.8505914146344],[152.669427119001,-26.8509033945966],[152.669095159002,-26.8511793945659],[152.668781149003,-26.8514324045368],[152.668618139004,-26.8515614045217],[152.668451148995,-26.8517774145069],[152.668397168985,-26.8519104045026],[152.668502138958,-26.852034414514],[152.66887217889,-26.8522733945525],[152.669274148822,-26.8524894045941],[152.669533158777,-26.8526334046208],[152.669787158731,-26.8527944146473],[152.669899138703,-26.8529244146594],[152.670007148662,-26.853162414672],[152.670072148617,-26.8534764146809],[152.670085148582,-26.8537513946844],[152.670043138541,-26.8541134046831],[152.669969148502,-26.8544933946788],[152.67001513846,-26.8548024046858],[152.670157158409,-26.8550924047022],[152.67032312836,-26.8553524047207],[152.670594138288,-26.8557024047503],[152.670686158266,-26.8558043947602],[152.670801168223,-26.8560604047736],[152.670886138172,-26.8564024147848],[152.670966148116,-26.8567853947957],[152.671046158088,-26.856949404805],[152.671082138067,-26.8570864148096],[152.671248288025,-26.8572881348277],[152.671372167994,-26.8574364148411],[152.671614167941,-26.8576553948668],[152.671821157908,-26.8577544048881],[152.671956167891,-26.8577744049016],[152.672071147879,-26.857772414913],[152.672235137871,-26.8577004049286],[152.672573167871,-26.8574124049598],[152.67279913787,-26.8572244049807],[152.673169137867,-26.856935395015],[152.673610127856,-26.8566514050564],[152.673761167853,-26.8565453950705],[152.673862167851,-26.85648040508],[152.674261147826,-26.8563454151184],[152.674351157816,-26.8563444151273],[152.674538147787,-26.8564204151464],[152.674760177739,-26.85662241517],[152.675012167671,-26.8569674051977],[152.675244167603,-26.8573184052234],[152.675488167512,-26.8578524052518],[152.675590147469,-26.858114405264],[152.675697167434,-26.8583064152761],[152.675781147388,-26.8586094052869],[152.675828167344,-26.8589294052941],[152.675801157322,-26.859130405293],[152.675647127308,-26.8593743952797],[152.675442137299,-26.8596194152614],[152.675285157269,-26.8600014052489],[152.67524514725,-26.8601854052464],[152.675287127224,-26.8603624152519],[152.675513167157,-26.8607134152771],[152.67576713711,-26.8608804153036],[152.676128157056,-26.8610104153404],[152.676551156977,-26.8612944053845],[152.676838156918,-26.8615294054148],[152.677083146853,-26.8618514054416],[152.67736816677,-26.8622813954733],[152.677511136714,-26.86261139549],[152.677617136654,-26.8630104055037],[152.677665166599,-26.8634174055117],[152.677624146584,-26.8635784155089],[152.677456176579,-26.8637593954937],[152.677308166567,-26.8639804054808],[152.677177166562,-26.8641324154691],[152.677033136531,-26.8645084054578],[152.676977146499,-26.8648184154547],[152.676923126485,-26.8649744054506],[152.676662146475,-26.8652783954272],[152.676348176475,-26.8655424153982],[152.676085156478,-26.8657434153738],[152.675949156468,-26.8659404053619],[152.675922146448,-26.8661304153608],[152.676064166391,-26.8664714053775],[152.676270136332,-26.8667773954004],[152.67657714627,-26.8670173954327],[152.676802166241,-26.8670644054553],[152.677005146225,-26.8670204154751],[152.677205166199,-26.8670624054952],[152.677354156169,-26.8671744055108],[152.677539136122,-26.867399405531],[152.677900156041,-26.8677534055695],[152.678447145933,-26.868167415627],[152.679083125818,-26.8685614056931],[152.679454145751,-26.8687894057316],[152.679762135679,-26.8691094157647],[152.6802161556,-26.8693643958116],[152.680600175495,-26.8698894158538],[152.680708175394,-26.8706164058703],[152.681021165299,-26.8711254159054],[152.681439125212,-26.8714784159496],[152.681676155152,-26.8717664059753],[152.681862155097,-26.872049395996],[152.682016155048,-26.8723154060134],[152.682203145021,-26.8723754060324],[152.682412175008,-26.8723073960525],[152.682522154991,-26.8723514060638],[152.682550144975,-26.8724594160674],[152.68248415496,-26.8726334060622],[152.682386154948,-26.872818406054],[152.682374144917,-26.8730823960549],[152.682473164889,-26.8732244060659],[152.682675124852,-26.8733524060869],[152.68290014482,-26.8734224161097],[152.683177144781,-26.8735024061378],[152.683457134729,-26.8736804161669],[152.683576164698,-26.87383840618],[152.68364613466,-26.8740833961889],[152.683735114619,-26.8743394061997],[152.683824174582,-26.8745674162104],[152.683943134525,-26.874928406225],[152.684093144471,-26.8752424062424],[152.684442164389,-26.8756064162798],[152.684874134304,-26.8759294063252],[152.685209134247,-26.8761104063598],[152.685419114236,-26.8760164063798],[152.685845144213,-26.8758464164207],[152.686125134204,-26.8756784164471],[152.686298144182,-26.8757113964645],[152.686408164159,-26.8758014064761],[152.686436154126,-26.8760484164808],[152.686346144066,-26.8766114064764],[152.686349144021,-26.8769724164795],[152.68639615399,-26.877190396486],[152.686571133951,-26.8773554065046],[152.686642163932,-26.8774513965124],[152.686643143918,-26.8775603965134],[152.686517143913,-26.8777114165021],[152.686289173907,-26.8779534164814],[152.685960153896,-26.8783234164518],[152.685828173883,-26.8785374064404],[152.685747143868,-26.878732416434],[152.685680163828,-26.8791124064303],[152.685560153829,-26.8792044064192],[152.685381153851,-26.8791774164013],[152.685220153882,-26.8790644163844],[152.684911143933,-26.8789123963526],[152.684552173978,-26.8788524063166],[152.684317143988,-26.8789744062943],[152.684127123987,-26.8791364162767],[152.684026133975,-26.8793264062683],[152.684020223966,-26.8794029862683],[152.684015143953,-26.8795104162686],[152.684216153909,-26.87969840629],[152.68444814386,-26.8798964163146],[152.684706123805,-26.880124406342],[152.684906143761,-26.8803114063633],[152.685260163702,-26.8804924063997],[152.685823133641,-26.8805043964556],[152.686244163603,-26.8804554064969],[152.68676615358,-26.8801984065466],[152.686926133564,-26.8801914165623],[152.687248173506,-26.8803894065958],[152.687402123478,-26.8804853966118],[152.687584153428,-26.8807364066319],[152.687740153378,-26.8810104066495],[152.687800163343,-26.8812504066573],[152.687891153311,-26.8814273966678],[152.687957143282,-26.8816054066757],[152.687958133277,-26.8816464066761],[152.687410153344,-26.8815674066212],[152.687439133028,-26.8841103966444],[152.687149143007,-26.884531406619],[152.687296132762,-26.8863944066484],[152.687970142505,-26.8879033967272],[152.688927132364,-26.8882394168246],[152.689343162241,-26.8888784068709],[152.689709142007,-26.8904694069198],[152.689678152006,-26.890503406917],[152.689799151962,-26.890757416931],[152.689798131921,-26.8910894169336],[152.68985916187,-26.8914514069425],[152.68972414184,-26.891812416932],[152.689462151839,-26.8920453969079],[152.68910416185,-26.8922584068742],[152.688860151849,-26.8924764168517],[152.688588151863,-26.8925874168257],[152.688541141865,-26.8926124068212],[152.688536141761,-26.8934664068275],[152.688655131649,-26.8942724168457],[152.688532131661,-26.8942774068336],[152.68867116163,-26.8944114068484],[152.688761131602,-26.8945584068585],[152.688920161543,-26.894903406877],[152.689044151489,-26.895240406892],[152.689042141405,-26.8959224068972],[152.68878912139,-26.8962614068748],[152.688643121376,-26.8964964068623],[152.688590131358,-26.8966893968585],[152.688619141327,-26.8969123968632],[152.688275131369,-26.8968654068287],[152.687883161418,-26.8968064167895],[152.68769014144,-26.8967854167702],[152.678972382502,-26.8955830058973],[152.678596172272,-26.8977744058775],[152.667510133622,-26.896243404768],[152.667402133635,-26.8962293947572],[152.66730015358,-26.8967633947514],[152.667763123327,-26.8984244048104],[152.667499153278,-26.8990514047893],[152.667584163192,-26.8996714148026],[152.667815133101,-26.9002194048299],[152.667378152925,-26.9020183948009],[152.667466152828,-26.9027334048153],[152.667364172666,-26.9041384048164],[152.667264162678,-26.9041234048064],[152.667139152693,-26.9041093947939],[152.666921132605,-26.9050084047795],[152.666750132593,-26.9052494047645],[152.666677132524,-26.9058744047623],[152.666684142477,-26.9062484047659],[152.666538142464,-26.9064783947533],[152.666393162469,-26.9065594047396],[152.666087152466,-26.9068434047116],[152.665547132438,-26.9075303946636],[152.66540916243,-26.9077173946515],[152.665165162423,-26.9079854046295],[152.664832172447,-26.9080724145972],[152.664013142503,-26.9083114145181],[152.663543132543,-26.9083904044722],[152.662682132602,-26.908641394389],[152.662173142628,-26.9088694143404],[152.661698132622,-26.909316404297],[152.661277142626,-26.9096413942579],[152.660836152662,-26.909732394215],[152.660819142642,-26.9099074042148],[152.662246142467,-26.9101144043576],[152.687433149393,-26.9136163968787],[152.687449139379,-26.9137224068812],[152.686860169384,-26.9141824068265],[152.686377129399,-26.914470396781],[152.685903139431,-26.9146104067351],[152.685577159448,-26.914755406704],[152.684918149517,-26.9147544066387],[152.684308159598,-26.9146163965772],[152.683091149692,-26.9148864064589],[152.682193139754,-26.9151523963721],[152.681924169738,-26.9155114163483],[152.682061149662,-26.9160064163658],[152.682369139596,-26.9162833963985],[152.682537149522,-26.9167414064188],[152.682494149478,-26.9171323964176],[152.682352169463,-26.9173764164055],[152.681989139481,-26.9175383963708],[152.681515149531,-26.9175374063239],[152.681076159561,-26.9176674062815],[152.680141139591,-26.9182233961933],[152.679645139625,-26.9183704061454],[152.678258139771,-26.918366406008],[152.677849159783,-26.9186104059695],[152.677704149735,-26.9191234059592],[152.677703119689,-26.9195034159621],[152.677966139617,-26.919859405991],[152.678169159596,-26.9198604060111],[152.678167149529,-26.9204063960153],[152.677814159527,-26.9207213959828],[152.677512159542,-26.920856415954],[152.677212159524,-26.9212564059275],[152.676885159512,-26.9216334158981],[152.676751129488,-26.9219423958873],[152.67645014947,-26.9223454058607],[152.676447119357,-26.9232654058677],[152.676119129399,-26.9232064158348],[152.675766139455,-26.9230474057986],[152.675611129506,-26.922767405781],[152.67471512965,-26.9223634056891],[152.674271139713,-26.9222294056441],[152.673992169742,-26.9222284056165],[152.673525149774,-26.9223673955713],[152.673239139804,-26.922366395543],[152.672986159803,-26.9225924155198],[152.672984149722,-26.9232494055248],[152.673023129647,-26.9238293955333],[152.671908169519,-26.9258144154387],[152.671096149515,-26.9265384053641],[152.670473129564,-26.9266764053035],[152.669880149561,-26.9272054052491],[152.669737139545,-26.9274604152369],[152.669581139476,-26.928150405227],[152.669533149435,-26.9285224052252],[152.669568149401,-26.9287734152307],[152.669678119378,-26.9288654152423],[152.669783139348,-26.9290174052539],[152.669745139341,-26.9291054152508],[152.669699149336,-26.9291874052469],[152.669698129304,-26.9294484052489],[152.669746119271,-26.9296753952555],[152.669751119252,-26.9298214052571],[152.669834119226,-26.9299604052664],[152.669857159186,-26.9302683952712],[152.669908149158,-26.9304533952777],[152.669971149127,-26.9306524052855],[152.669965159098,-26.9308934052868],[152.669993159089,-26.93094340529],[152.670092139073,-26.9309883953002],[152.670300159021,-26.9312334153227],[152.670475138975,-26.9314564153418],[152.670620148944,-26.9315813953571],[152.670887108875,-26.9319164153862],[152.670988148837,-26.932138415398],[152.671014128822,-26.9322374054014],[152.671113158787,-26.9324354154127],[152.671321138747,-26.9325824154345],[152.671452168715,-26.9327354054487],[152.671513158695,-26.9328464054556],[152.671584158672,-26.9329683954636],[152.671730148639,-26.9331153954792],[152.671779138615,-26.9332643954852],[152.67175716861,-26.9333244154835],[152.671667118614,-26.933370405475],[152.671563128621,-26.9333974154649],[152.671393148642,-26.933378415448],[152.671098158678,-26.9333314054184],[152.671030158704,-26.9331854054105],[152.670938138726,-26.9330783954005],[152.670698148751,-26.9330793953768],[152.670636138751,-26.9331343953711],[152.67054514874,-26.9333013953634],[152.670456158725,-26.9335024053562],[152.67034114871,-26.9337194053465],[152.670408158683,-26.9338854053545],[152.670413128668,-26.9339973653559],[152.670417138657,-26.934088405357],[152.67037216864,-26.9342584053539],[152.670324138628,-26.9344014053503],[152.670420168596,-26.9345814153612],[152.670504158571,-26.9347073953705],[152.670427138559,-26.9348724053642],[152.670322128552,-26.935017405355],[152.670274128544,-26.9351244053511],[152.67028212853,-26.9352294153527],[152.670475138464,-26.9356024153748],[152.670547118424,-26.935869405384],[152.670492148398,-26.9361214053806],[152.670418128372,-26.9363974153755],[152.670241138379,-26.9364894153587],[152.670033158396,-26.9365344053385],[152.670017138356,-26.9368723953396],[152.670048158322,-26.9371204053446],[152.670203138279,-26.9373353953617],[152.670485138216,-26.9376044053917],[152.670758118162,-26.9378143954204],[152.670926128122,-26.9379924054385],[152.671036138084,-26.9382094154511],[152.670989128071,-26.9383564154476],[152.670896168065,-26.9384794054394],[152.670621138081,-26.938586405413],[152.670472148086,-26.938676405399],[152.669678118149,-26.9388404053217],[152.669461128165,-26.9388934153006],[152.669190158183,-26.9389803952745],[152.668948158193,-26.9391034052515],[152.668675138212,-26.9391804052251],[152.668336158221,-26.9393984051933],[152.668072158219,-26.9396414051691],[152.667962148213,-26.9397834151594],[152.667802128218,-26.9398764051443],[152.667605138212,-26.9400964151265],[152.667435128182,-26.9404844151128],[152.667217148137,-26.9410314050956],[152.667143128108,-26.9413354150906],[152.667014138085,-26.9416304150802],[152.666992158062,-26.9418334150797],[152.666977158017,-26.9422164050812],[152.666958138,-26.9423634050805],[152.666893137985,-26.9425474050756],[152.666850137952,-26.9428473950737],[152.666959127915,-26.9430544150861],[152.667163127884,-26.943135405107],[152.667340147866,-26.9431253951244],[152.667397127859,-26.9431384051301],[152.667473157842,-26.9432104051382],[152.667549147817,-26.9433494151469],[152.667683137789,-26.943463415161],[152.667627117778,-26.9436014051566],[152.667405157776,-26.9438004051362],[152.666924157802,-26.9440054050902],[152.666642127845,-26.9438924050614],[152.666407137894,-26.9436934050366],[152.666006147984,-26.9433084049938],[152.665669148058,-26.942998414958],[152.665371118111,-26.9428204049271],[152.665073138145,-26.9428004048975],[152.664733138172,-26.9428653948643],[152.664469138185,-26.9429914048392],[152.664224148185,-26.9431964048166],[152.664049128172,-26.9434484048013],[152.664035118136,-26.9437574148024],[152.66425812808,-26.9440164148265],[152.664475118031,-26.9442324048497],[152.664601157987,-26.9444854048642],[152.664676157948,-26.9447384148736],[152.664644147939,-26.9448344048712],[152.664429127934,-26.9450584048517],[152.664142127931,-26.9453294148255],[152.66401813792,-26.9455194048147],[152.663953137893,-26.9457944148105],[152.664054127828,-26.946239414824],[152.66415815778,-26.9465394048367],[152.664208157742,-26.9468034048437],[152.664191117717,-26.9470273948438],[152.664087127694,-26.9472954048357],[152.663793157702,-26.9474854048081],[152.663663137725,-26.9474054047946],[152.663569157764,-26.9471734047835],[152.663416147817,-26.9468764047659],[152.663224157856,-26.9467184147457],[152.663139147896,-26.9464654047353],[152.663139147921,-26.9462664047337],[152.663109147949,-26.9460624047291],[152.662794148008,-26.9458494146962],[152.66246115805,-26.9457994046629],[152.662244168053,-26.9459563946427],[152.66214711804,-26.9461434146346],[152.662220147999,-26.9464144046439],[152.662481157948,-26.9466043946713],[152.662803127883,-26.9468574047051],[152.663038147818,-26.947186404731],[152.663107137769,-26.9475283947406],[152.663078157733,-26.9478423947402],[152.663109147707,-26.9480314147448],[152.663079137694,-26.9481604147428],[152.662848167695,-26.9483464147215],[152.662567117706,-26.9484954146948],[152.662325157711,-26.9486674046723],[152.662144157702,-26.9488894046561],[152.662022137686,-26.9491274046459],[152.661864167688,-26.9492414046312],[152.661683127711,-26.949209404613],[152.661449157762,-26.9489964145882],[152.661325137797,-26.9488164045745],[152.661143147832,-26.9486904045555],[152.661048167851,-26.9486193945455],[152.661005137882,-26.9483983945395],[152.66083011793,-26.9481604145203],[152.660570127978,-26.9479954144933],[152.660237138028,-26.9478744044594],[152.659932148055,-26.9479084044295],[152.659654128069,-26.948033414403],[152.659540138049,-26.9482944043937],[152.659494148026,-26.948519404391],[152.659683147957,-26.9489163944128],[152.659702127924,-26.9491724044168],[152.659663147897,-26.9494214144149],[152.659508167884,-26.9496604144015],[152.659125137899,-26.9498654143652],[152.658850137932,-26.9498344043377],[152.658628147972,-26.9496964143147],[152.658249138051,-26.9493793942747],[152.657942128109,-26.9491724042426],[152.657626148152,-26.9490904042107],[152.657287138187,-26.9490984041773],[152.656970138226,-26.9490484141455],[152.656785158259,-26.9489394141263],[152.656633128295,-26.94877640411],[152.656603128315,-26.9486383941059],[152.656612148339,-26.9484353941052],[152.656469138367,-26.9483374040903],[152.656452168392,-26.9481434140871],[152.656317148438,-26.9478904040717],[152.656093148478,-26.9477564140485],[152.655811118507,-26.9477564140206],[152.655320158536,-26.9479414139735],[152.654802148562,-26.9481714039241],[152.654381158587,-26.9483314038837],[152.653950128605,-26.9485524038428],[152.653586148617,-26.9487614038085],[152.653272138616,-26.9490394037797],[152.652816148579,-26.9497313937401],[152.652235138513,-26.9507653936908],[152.65191112844,-26.9516274036656],[152.652062128357,-26.9521764136849],[152.651972158299,-26.9527194036804],[152.651906128243,-26.9532374036779],[152.651776148186,-26.9538114036697],[152.651582158149,-26.9542714036541],[152.651195148133,-26.9547304136195],[152.651270148053,-26.9553204136316],[152.651461158049,-26.9551883936495],[152.651879118037,-26.9549344036888],[152.652274158021,-26.9547194037261],[152.652888157986,-26.954485393785],[152.653655137936,-26.9542314138588],[152.6541381379,-26.9541143939057],[152.654598147868,-26.9539784039501],[152.655672157772,-26.9538434040553],[152.65630813771,-26.9538044141179],[152.656856147652,-26.9538054141721],[152.657272137604,-26.9538454042135],[152.657556147566,-26.9539054042421],[152.657731127531,-26.9540424142605],[152.657775147512,-26.9541604042658],[152.657796167493,-26.954297404269],[152.657861137452,-26.9545724042776],[152.657926147399,-26.954945394287],[152.657837157363,-26.9553173942812],[152.657594137299,-26.9560424142629],[152.65759315728,-26.956199404264],[152.657702147249,-26.9563564142761],[152.658031117205,-26.9564354043092],[152.65829413718,-26.9564164043351],[152.658469157159,-26.9564364043526],[152.658644137135,-26.9564764043702],[152.658863137103,-26.9565553943925],[152.659082137065,-26.9566734144151],[152.659388146997,-26.9569674144477],[152.659737126928,-26.9572233944843],[152.660088146872,-26.9573804045203],[152.660350146835,-26.9574594045468],[152.660701126793,-26.9574993945819],[152.661139126747,-26.9575003946252],[152.661511136698,-26.9575794146626],[152.661818136649,-26.9577174046941],[152.662145146583,-26.9579724047285],[152.662517146512,-26.9582284047673],[152.662889156434,-26.9585434048066],[152.663261126379,-26.9586804048445],[152.663633136334,-26.9587203948817],[152.664028136293,-26.9587213949207],[152.664466136254,-26.9586634049636],[152.664729156241,-26.9585464049887],[152.665015136235,-26.9583503950155],[152.665234136233,-26.9581744050357],[152.665564166242,-26.9578224050656],[152.665740136236,-26.9577244150822],[152.665937126212,-26.9577444151019],[152.666353156152,-26.9578824051441],[152.666681146098,-26.9580394151779],[152.666899116051,-26.958236405201],[152.667183125985,-26.9585304052314],[152.667730155862,-26.9590614052898],[152.667991125767,-26.95961039532],[152.668077155702,-26.9600624053321],[152.668142125652,-26.9604154053413],[152.668118145601,-26.9608463953424],[152.668096135584,-26.9610034053415],[152.668008135586,-26.9610624053332],[152.667855125604,-26.9610424053179],[152.667702115625,-26.9610024153025],[152.667439135646,-26.9610614052769],[152.667219115652,-26.9611983952562],[152.667021135637,-26.961491405239],[152.666889155607,-26.9618444052287],[152.666822135583,-26.9620994052241],[152.666821155551,-26.962354405226],[152.666777135527,-26.9625894152236],[152.666644165514,-26.9628054052121],[152.666468165489,-26.9631584051975],[152.666379145463,-26.963452405191],[152.666291135443,-26.9636874051842],[152.666093125444,-26.9638443951658],[152.665874125465,-26.9638633951443],[152.665611145473,-26.9640194051195],[152.665391125453,-26.9643724051006],[152.665192165421,-26.9648034050843],[152.664972135425,-26.9649594150638],[152.664798145453,-26.9648813950459],[152.664732155477,-26.9647434050383],[152.664514135507,-26.9646844150163],[152.664345145528,-26.9646583949994],[152.664054125553,-26.9647024149709],[152.663681135587,-26.9647414049343],[152.6633301456,-26.9649363949011],[152.662737135607,-26.965386414846],[152.66260514559,-26.965641394835],[152.662538135556,-26.965974394831],[152.662559125522,-26.9662294048351],[152.662624165491,-26.9664264048431],[152.662731585464,-26.9665525748548],[152.662777135453,-26.9666033948597],[152.662974125423,-26.9666814148798],[152.663324165393,-26.966623414914],[152.664353135275,-26.9667044050164],[152.664528155247,-26.9667834050344],[152.664483115215,-26.9670774050323],[152.664304155125,-26.9679604050216],[152.664369155065,-26.9683924050314],[152.664520154999,-26.9688043950497],[152.664760144944,-26.9690404050753],[152.6650881349,-26.9691193951084],[152.665566134861,-26.9690263951549],[152.665763534845,-26.9689895451742],[152.665943114829,-26.9689644051917],[152.66622814483,-26.9687103952179],[152.666426154836,-26.9684954152358],[152.666690124828,-26.9683384052607],[152.667010154828,-26.9680614052901],[152.667330144825,-26.9678114053198],[152.668213154829,-26.967025405401],[152.668754124813,-26.9666953954519],[152.669324144794,-26.9663623955056],[152.669587124769,-26.9663433955315],[152.669828134739,-26.9663834155557],[152.670047134723,-26.9663253955769],[152.670288144722,-26.9661294055992],[152.670420164727,-26.965973395611],[152.670574124723,-26.9658754056255],[152.670793154702,-26.965856405647],[152.671012154691,-26.9657584056679],[152.671166154704,-26.9655234056813],[152.671298134709,-26.9653664156931],[152.671452164708,-26.9652494057074],[152.671736134666,-26.9653484157363],[152.67212913459,-26.9656234157774],[152.672785144482,-26.9659394158448],[152.673354144398,-26.9661364059027],[152.673813134338,-26.9662354159489],[152.674142144303,-26.9662364159815],[152.674449144288,-26.9660994060108],[152.674821154263,-26.9659824060467],[152.67510614424,-26.9659244060745],[152.675478154206,-26.965886416111],[152.675894144155,-26.9659464061526],[152.676244144106,-26.9660444061881],[152.67674813405,-26.9660653962381],[152.677295124007,-26.9659494062914],[152.677646143994,-26.9657534163245],[152.678635114006,-26.964814406415],[152.679030144001,-26.9645204064518],[152.679403143981,-26.9643643964875],[152.679841143954,-26.9642084065296],[152.680214133924,-26.9641304065659],[152.680695133871,-26.9641514066137],[152.682533123636,-26.9644894067984],[152.682927143592,-26.9645094068375],[152.68343015352,-26.9646674068886],[152.683911113435,-26.9649434069384],[152.684982133257,-26.9654754170487],[152.685200143205,-26.9657114070722],[152.685308143155,-26.9660254070854],[152.685068163185,-26.9659854070613],[152.684783133213,-26.9660044070332],[152.684674143224,-26.9660044070224],[152.684563113209,-26.9662204070132],[152.684497153195,-26.966396407008],[152.684321153191,-26.966572406992],[152.684102153193,-26.9667483969717],[152.684101133161,-26.9670044069737],[152.684515113067,-26.9674163970179],[152.684668153019,-26.9676724070351],[152.684645122993,-26.9679074070347],[152.684557122973,-26.9681434170279],[152.684402142946,-26.9684954170153],[152.683737152947,-26.9690544069539],[152.683141142987,-26.9692364068963],[152.682626123021,-26.9693974168466],[152.682217143044,-26.9695633968074],[152.681783123013,-26.9701804067694],[152.681527112995,-26.970549406747],[152.681175142988,-26.9709024067149],[152.680691112974,-26.9714303966712],[152.680339112948,-26.9719404066404],[152.680338122919,-26.9721754166422],[152.680381162885,-26.9724113966483],[152.680687142822,-26.9726674066806],[152.681015122773,-26.972785416714],[152.681255112711,-26.9730804167402],[152.681232152687,-26.9732964067396],[152.681166132667,-26.9735114067348],[152.681085312629,-26.9738883967298],[152.681032132602,-26.9741584067267],[152.681097142568,-26.9743744167348],[152.681271142526,-26.9745714067536],[152.681380162497,-26.9747094167655],[152.681445132466,-26.9749054067735],[152.681379142449,-26.9751014067685],[152.681269132436,-26.9752973967592],[152.68096114244,-26.9755324067306],[152.680698122436,-26.9757864067065],[152.68039013242,-26.9761784066792],[152.680148142402,-26.976531406658],[152.680015132377,-26.9768444066473],[152.679751132354,-26.9772563966245],[152.679706122323,-26.9775504066223],[152.679858152206,-26.9783634066439],[152.680114122132,-26.9787504066723],[152.68075514197,-26.9795163967419],[152.681056151902,-26.979809396774],[152.681591131802,-26.9801603968297],[152.681931131744,-26.9803444068649],[152.682245141697,-26.9804564068969],[152.682834141625,-26.9805424069559],[152.683091141591,-26.9805974069818],[152.683739121551,-26.9803624070441],[152.684156131545,-26.9800574170829],[152.684788131491,-26.9799573971447],[152.685199121449,-26.9799514071854],[152.685465131441,-26.9797864072104],[152.685699131444,-26.9795644072318],[152.68591912145,-26.9793293972517],[152.686018141468,-26.9790934172597],[152.686203131474,-26.9788924172764],[152.686516151455,-26.9787753973064],[152.686705151418,-26.9789114073262],[152.686825121384,-26.9790874073395],[152.686772161326,-26.9796063973384],[152.68679216127,-26.9800384173438],[152.686856151233,-26.9802844073521],[152.686866151152,-26.9809314073583],[152.686974111091,-26.9813384073722],[152.686878121047,-26.9817754173662],[152.686794131025,-26.9820264073598],[152.686778150991,-26.9823174073606],[152.686799130957,-26.9825683973646],[152.686650140925,-26.982961417353],[152.686517130885,-26.9833924073433],[152.686341130853,-26.9838044073291],[152.686208160833,-26.9840784073181],[152.686164140811,-26.9842944173155],[152.686207140778,-26.9845293973216],[152.686338140744,-26.9846874073358],[152.686491110721,-26.9847464073515],[152.686797130696,-26.9846884073813],[152.68701715068,-26.9846294074026],[152.687476140627,-26.9846704074484],[152.687739120602,-26.9846504074743],[152.688199130567,-26.9845344175189],[152.68863811054,-26.9843784075612],[152.688945150515,-26.9843194075911],[152.689163130483,-26.9843983976133],[152.689272150454,-26.9845364076252],[152.68922814044,-26.9846933976221],[152.688963110373,-26.985458417602],[152.688389150267,-26.9868104175559],[152.688211140218,-26.9873593975426],[152.688014150219,-26.9875164075243],[152.687795110237,-26.9875544075029],[152.687532160272,-26.9874954074764],[152.687226150317,-26.9873963974453],[152.686963130356,-26.9872984074185],[152.686657150406,-26.9871604173871],[152.686330140467,-26.986943407353],[152.686024130528,-26.9867074073208],[152.685740160575,-26.9865694172916],[152.68541111061,-26.986568417259],[152.685148130621,-26.986705407234],[152.684840140619,-26.9869794072057],[152.684741150605,-26.9871764171975],[152.684593150596,-26.9873783971844],[152.684516130571,-26.987650407179],[152.684514120529,-26.9879914171815],[152.684665120445,-26.9885374072008],[152.684664140412,-26.9888104072029],[152.684739110362,-26.989151407213],[152.684890150312,-26.9894244072301],[152.685040160229,-26.9899704172493],[152.684963110204,-26.9902433972439],[152.684811120203,-26.9903794172299],[152.684430140243,-26.9903784171922],[152.68382114029,-26.9905134071329],[152.683591110264,-26.9909224071134],[152.683436130196,-26.9916034071035],[152.683282140145,-26.9921493970925],[152.683357150104,-26.9924224071022],[152.683356160062,-26.9927634171048],[152.683431130029,-26.9929674171138],[152.683583119987,-26.9931724171305],[152.683658129954,-26.9933774171395],[152.683733129913,-26.9936503971491],[152.68388515988,-26.9937874071653],[152.684037139838,-26.993992407182],[152.684265119806,-26.9940604172051],[152.684416159765,-26.9942654172217],[152.684567119715,-26.9945383972388],[152.684567119698,-26.9946754072399],[152.684718119649,-26.994948417257],[152.685021149566,-26.9953584072903],[152.685097139541,-26.9954944072989],[152.685172149508,-26.995699407308],[152.685248139483,-26.9958364173166],[152.685476149442,-26.9959734073402],[152.68562813941,-26.9961093973564],[152.685856159369,-26.99624640738],[152.686083109319,-26.9964514074042],[152.686387119279,-26.9965204174348],[152.686616159246,-26.996589397458],[152.686768139222,-26.9966574074736],[152.686995139181,-26.9967943974972],[152.687147119148,-26.9969314075133],[152.687450149049,-26.9974773975477],[152.687525159007,-26.9977504075573],[152.687524128982,-26.9979554075588],[152.68761512894,-26.99822141757],[152.687889128871,-26.9985434075997],[152.688027138854,-26.9985683976135],[152.688136128833,-26.9986423976249],[152.688274138809,-26.9987163976392],[152.688384148785,-26.9988154176508],[152.688603108732,-26.9990624076745],[152.688602118702,-26.9993093976764],[152.688546128671,-26.9996053976732],[152.688546128646,-26.9998034076748],[152.688573138622,-26.9999753976788],[152.688627128601,-27.0000994076851],[152.688682128571,-27.0002964176921],[152.68870913855,-27.000445407696],[152.688763128523,-27.0006174077027],[152.688817148481,-27.0009144077104],[152.688844158466,-27.0010133977139],[152.688903138443,-27.0011494077208],[152.688979128426,-27.0012174177289],[152.689282118344,-27.0016274177621],[152.689510128286,-27.0019003977869],[152.689586128264,-27.0020123977953],[152.689775118203,-27.0023443978167],[152.690230128105,-27.002754417865],[152.690381128055,-27.0030283978822],[152.690609147989,-27.0033694079074],[152.690759127923,-27.0037794079256],[152.690834127873,-27.0041203979357],[152.691061127798,-27.0045294179614],[152.691516137683,-27.0050764080109],[152.691744147633,-27.0052814080351],[152.691877117611,-27.0053494080488],[152.691991107586,-27.0054523980609],[152.692428157504,-27.0057424081065],[152.693064137416,-27.0059164181709],[152.693230137389,-27.005995408188],[152.693696137313,-27.0062103982359],[152.694032157239,-27.0065253982716],[152.694317147183,-27.0067304183015],[152.694488147159,-27.0067814083188],[152.694602137141,-27.0068334083306],[152.694771897103,-27.0069960583487],[152.695342136974,-27.0075504084096],[152.696140136802,-27.0082674184943],[152.696539116722,-27.0085754085363],[152.696715116683,-27.008733408555],[152.696994126604,-27.0091384185859],[152.697050116554,-27.0094964085943],[152.696878126528,-27.0098543985801],[152.696706146515,-27.010109408565],[152.696591126514,-27.0102114185545],[152.695720126556,-27.0106174184714],[152.695747106547,-27.0106654084745],[152.695540146358,-27.0123723984675],[152.695623116345,-27.012409398476],[152.69720513611,-27.0129604086372],[152.697629115998,-27.0135064086835],[152.697693135871,-27.0144813986976],[152.697114135927,-27.0145153986405],[152.697056135935,-27.0145064086347],[152.697037125924,-27.0146083986336],[152.696979125917,-27.0147114086287],[152.69697813588,-27.015017398631],[152.69703412583,-27.0153754086394],[152.697091105792,-27.0156314186471],[152.697295105719,-27.0160494086706],[152.697849135595,-27.0165754187297],[152.698465145483,-27.0169634187938],[152.69929811536,-27.0172414188786],[152.700192145215,-27.0176574089705],[152.700592155135,-27.0179624190125],[152.700808155075,-27.0182664090364],[152.700838125034,-27.0185704190417],[152.70083713499,-27.0189304090445],[152.700712124941,-27.0194274090361],[152.700556124907,-27.0198414090239],[152.700525134883,-27.0200624090226],[152.700497904807,-27.020699029025],[152.700492144787,-27.0208633990257],[152.700430124763,-27.0211124090215],[152.700337124746,-27.0213324090141],[152.700182104728,-27.0216084190009],[152.70008914471,-27.0218294189934],[152.700057134686,-27.022050418992],[152.700057134662,-27.0222444089936],[152.70009615464,-27.0223894089986],[152.700241124585,-27.0227144190155],[152.700457134548,-27.0228254190378],[152.700673144515,-27.0229084090599],[152.700920134476,-27.0230194090852],[152.701259114416,-27.0232133991204],[152.701660144343,-27.0234624091621],[152.702523104197,-27.0239064092511],[152.703140144091,-27.0242394093149],[152.703509123984,-27.0247924093559],[152.703385123956,-27.0251234193463],[152.703013123941,-27.0255654193129],[152.702395103965,-27.0258953992543],[152.701900123976,-27.0262253992078],[152.701529143988,-27.0264464091728],[152.701528153934,-27.0268884091762],[152.701775113853,-27.0273304092042],[152.702268153774,-27.0275524092549],[152.70276112368,-27.0278854093064],[152.703131123587,-27.0283284093466],[152.703253143519,-27.0287704093622],[152.703129113478,-27.0292124193534],[152.702881133463,-27.0295434193314],[152.702634143462,-27.0297634193087],[152.702479123447,-27.0300124092953],[152.702448133434,-27.0301503992934],[152.702447113406,-27.030371399295],[152.702478143379,-27.0305644092996],[152.702508143349,-27.0307854093044],[152.702446133338,-27.0309234092993],[152.702322143338,-27.0310334092879],[152.701797123352,-27.0313644092385],[152.700437133455,-27.0316934091063],[152.699079113612,-27.0315804189709],[152.698461133664,-27.0316894189105],[152.698213113649,-27.0320204188885],[152.698089123608,-27.0324623988798],[152.697841143579,-27.0329034088587],[152.69746913355,-27.0334554088262],[152.697314123497,-27.0340194188154],[152.697405113426,-27.0345163988283],[152.697466103365,-27.0349583988379],[152.697464133266,-27.0357594188441],[152.697399123072,-27.0373894188506],[152.69755111297,-27.0380804088711],[152.697736132886,-27.0386064188936],[152.697878112791,-27.0392523989128],[152.698011122744,-27.0395184089281],[152.697992142735,-27.039610408927],[152.697918122733,-27.0396834189202],[152.697795112733,-27.0397944189089],[152.697671122729,-27.0399324088977],[152.697485122731,-27.0400694188804],[152.697282112731,-27.0402489988617],[152.697114132736,-27.0403454188458],[152.696866122728,-27.0406213988235],[152.696773112721,-27.0407594088153],[152.696742132701,-27.0409523988138],[152.69680312266,-27.041228408822],[152.696867102646,-27.0412884188288],[152.697266122584,-27.0414504088697],[152.697544142547,-27.0415064088977],[152.697791102504,-27.0416454089232],[152.697914102481,-27.0417284089361],[152.698191102414,-27.0420324189659],[152.69822213239,-27.0421984189703],[152.69819012238,-27.042308418968],[152.698098142383,-27.0423644189594],[152.697974112389,-27.0424194189475],[152.697758102416,-27.0423914089259],[152.697295102485,-27.0422244088787],[152.697017122518,-27.0421964188509],[152.69655411257,-27.0421674088048],[152.696276132593,-27.0422224087777],[152.696029132609,-27.0423043987539],[152.695843132615,-27.0424143987363],[152.695627122614,-27.0426074087165],[152.695348152609,-27.042883418691],[152.695039112601,-27.043214418663],[152.694760142586,-27.0435734086383],[152.694574132571,-27.043849408622],[152.694481242553,-27.0440779786146],[152.694546102505,-27.0444104086237],[152.694489132486,-27.0446124086197],[152.694404122484,-27.0446974086119],[152.694263122488,-27.0447874185987],[152.693269112575,-27.0449354185014],[152.693114132585,-27.0449894184864],[152.693052122577,-27.0451004184812],[152.693021132547,-27.0453763984803],[152.69305110253,-27.0454873984842],[152.693020152489,-27.0458464084839],[152.692957112465,-27.0460944084797],[152.69274114246,-27.04631540846],[152.69231113246,-27.0466834084204],[152.691666112505,-27.0468704083579],[152.690642142593,-27.0470354082578],[152.689773142607,-27.0476634081767],[152.689309122601,-27.0481044081343],[152.689154102597,-27.0482694081202],[152.689091102566,-27.0485734081164],[152.689028142488,-27.0492644181157],[152.689211122349,-27.0502314081415],[152.689271122247,-27.0510054181536],[152.689302112233,-27.0510874081573],[152.689394132213,-27.0511714181671],[152.689486112169,-27.0514474181784],[152.689548122149,-27.0515584181854],[152.68994915209,-27.0516974082262],[152.690041132066,-27.0518074082362],[152.690072152046,-27.0519454182404],[152.690195381996,-27.052247968255],[152.690719111882,-27.0527203983106],[152.690872121825,-27.0530523983284],[152.690871101784,-27.0533843983309],[152.690809121756,-27.053660408327],[152.690716121749,-27.0537984183189],[152.690314111758,-27.0540734182812],[152.689881111779,-27.0542664082399],[152.689572141788,-27.0544583982108],[152.689324121784,-27.0547074081882],[152.689200131773,-27.0549004081775],[152.689231121753,-27.0550384181816],[152.689354121723,-27.0551764081949],[152.689693141666,-27.0553434082298],[152.690095111603,-27.055509408271],[152.690434121557,-27.0555934183052],[152.690712141517,-27.0556764083334],[152.691113131455,-27.0558434083745],[152.691298111428,-27.0558993983932],[152.691421121408,-27.0559544084059],[152.692286131317,-27.0559563984916],[152.692502101284,-27.0560394085136],[152.69265613124,-27.0562604085306],[152.69268537122,-27.0564009185346],[152.692717121203,-27.0565094085386],[152.692624121179,-27.0567854085316],[152.692562111151,-27.0570614085277],[152.692530131127,-27.0572824085263],[152.69262211109,-27.0575044085371],[152.692777131063,-27.0575874185532],[152.69293112105,-27.0575594085682],[152.693086101055,-27.0573944085822],[152.693241121052,-27.0572844085967],[152.693395111053,-27.0571464186109],[152.694230121032,-27.0565954086892],[152.694386121094,-27.0559604186996],[152.694480151119,-27.0556844187068],[152.694603121119,-27.0555744187181],[152.69472711111,-27.0555464087301],[152.6948201411,-27.0555464087393],[152.694912121087,-27.0555744187487],[152.694943111077,-27.0556294187522],[152.695436120949,-27.0562384188059],[152.695712130848,-27.0568194088378],[152.695804150781,-27.0572893988507],[152.695803130746,-27.0575653988528],[152.695710120729,-27.0577864088453],[152.695078130713,-27.058455398788],[152.695061120698,-27.0585934087874],[152.695043120684,-27.0587204087866],[152.695158130634,-27.0590244088005],[152.677683102736,-27.0569464070532],[152.677711132684,-27.0573464170592],[152.677852132557,-27.0582564170804],[152.678578122343,-27.059362397161],[152.67992811211,-27.0600993973005],[152.680960111875,-27.0611183974108],[152.680885141764,-27.0620834174111],[152.681645101591,-27.0628314074923],[152.682316121323,-27.0644293975714],[152.683549131053,-27.0655593977025],[152.684234120769,-27.0672734077839],[152.6845881405,-27.0691404078338],[152.685429570234,-27.0705789279286],[152.685625580038,-27.0719959379593],[152.68502212,-27.072821407906],[152.683996109876,-27.0746983978194],[152.684611129666,-27.0758714078896],[152.685673139469,-27.0765554080002],[152.686027109273,-27.0778444180455],[152.686083099148,-27.0788094180587],[152.68671013882,-27.0809214081376],[152.687089118691,-27.0816444081808],[152.687122108599,-27.0823624181898],[152.686911108503,-27.0833173981765],[152.686066128557,-27.0836014180951],[152.685663678566,-27.0838728980574],[152.684739678557,-27.0847379079727],[152.683730708599,-27.0852559078769],[152.682258738654,-27.0860738977376],[152.680683768767,-27.0865049175851],[152.679305778885,-27.0867319074505],[152.678248818962,-27.0870129473481],[152.677127859027,-27.0874469372405],[152.676470829023,-27.0880409371802],[152.676246718994,-27.0884698571614],[152.676144808937,-27.0890123271556],[152.676511418779,-27.0899783771996],[152.6771412186,-27.0908887872692],[152.677882138415,-27.0917557273494],[152.678463728212,-27.0928984174161],[152.678835218023,-27.0941090974625],[152.679320707891,-27.0947583175157],[152.679994387787,-27.0950256775845],[152.681077747637,-27.0953129176941],[152.682147197522,-27.0953257378001],[152.683338407419,-27.0951391579165],[152.685158227311,-27.0944552580913],[152.686142997268,-27.093965388185],[152.686997027256,-27.0933322982645],[152.688384027154,-27.092969498399],[152.689759017031,-27.0927820185337],[152.690935336864,-27.093132318653],[152.692154726691,-27.0934847287766],[152.693430106497,-27.0939669289068],[152.694857736288,-27.094436919052],[152.695812426134,-27.09486443915],[152.696987726004,-27.0949116292668],[152.697927345902,-27.09492781936],[152.699368915776,-27.0947141595012],[152.70088494562,-27.0946800696511],[152.702098715477,-27.0947974897723],[152.703765925265,-27.0950834799398],[152.704853845123,-27.0953023100494],[152.705970304951,-27.0957375801635],[152.706916124821,-27.0959788602592],[152.707967114675,-27.0962643103656],[152.709042724492,-27.0968246404767],[152.710001104324,-27.097359790576],[152.710538384222,-27.0977236506321],[152.710844804177,-27.0978307106633],[152.711102824147,-27.0978529706891],[152.711371024127,-27.0977824207151],[152.711782934079,-27.0978166307562],[152.711845014019,-27.0982542707659],[152.71178811397,-27.0986919007637],[152.711872793944,-27.0988309707732],[152.71200061392,-27.0989145307865],[152.712073213914,-27.0989004407936],[152.712557423919,-27.098447220838],[152.712751823845,-27.0988782408607],[152.712793903838,-27.0989038208651],[152.713065503815,-27.0988534508916],[152.713728383731,-27.0989656509582],[152.714132393654,-27.0992436510005],[152.715062383465,-27.0999786110986],[152.718309313073,-27.1003726114237],[152.71807034287,-27.1022115814146],[152.726213241885,-27.1032095322301],[152.726493232083,-27.1013705422433],[152.734467131121,-27.102332483042],[152.733520210591,-27.1074184629885],[152.733065200656,-27.1072794729422],[152.732368230739,-27.1072064728725],[152.731630200796,-27.1073754728006],[152.731010250832,-27.107614472741],[152.730882240829,-27.1077524827294],[152.730585210817,-27.1081014727027],[152.730324230765,-27.1087384826819],[152.730252220713,-27.1092204826785],[152.73027324061,-27.1100374726871],[152.730324270532,-27.1106244826968],[152.730345260453,-27.1112444727038],[152.730406250369,-27.1118684527148],[152.730396250293,-27.1124874627188],[152.73044330021,-27.1131214627285],[152.730387300145,-27.1136944627275],[152.730305290129,-27.1138944627209],[152.730197320107,-27.1141629227123],[152.729695010055,-27.1150118126692],[152.729526010034,-27.1153238826549],[152.729454399972,-27.1158882826523],[152.729531529895,-27.1164435626644],[152.729890389777,-27.1170859427051],[152.730167319673,-27.1176916127374],[152.730229039622,-27.1180449427463],[152.730106109585,-27.1184487427373],[152.729711619557,-27.1190177427027],[152.72910698951,-27.1199126226498],[152.728656109486,-27.1204862026096],[152.728292419443,-27.1211470525788],[152.728108129366,-27.1219271425667],[152.728200589255,-27.1227439625824],[152.728708409051,-27.1239599126424],[152.729128928943,-27.1244645926881],[152.729641498845,-27.1248178627418],[152.730108118745,-27.1252308227913],[152.730533808622,-27.1258548428385],[152.730702988553,-27.1262678628586],[152.730913408461,-27.126832122884],[152.73112890836,-27.1274608129103],[152.731221288283,-27.1280023029238],[152.731149718221,-27.1285666829212],[152.730970538164,-27.1291815929083],[152.730903998101,-27.1297459829061],[152.730827528022,-27.1304527029042],[152.731058207926,-27.1310262229316],[152.731355717823,-27.1316044229657],[152.731791597724,-27.1320265230123],[152.732232597614,-27.1325358230601],[152.732642887507,-27.1330542731049],[152.732848127425,-27.1335360431291],[152.733094397311,-27.1342518631593],[152.733299707194,-27.1350181531857],[152.733376797126,-27.1354953631971],[152.733515537,-27.1363993632181],[152.733602806906,-27.1370830132322],[152.73376708685,-27.1373904132509],[152.734059416755,-27.137904393284],[152.734198006656,-27.1385880633032],[152.734290606556,-27.1393130633181],[152.734439526453,-27.1400196633385],[152.734634516335,-27.1408043633641],[152.735077916043,-27.1427782234237],[152.735944785896,-27.1432280835133],[152.736689605729,-27.1439385235929],[152.737452495461,-27.1454450336806],[152.737364415332,-27.1465610836807],[152.738083795117,-27.1476779237609],[152.738195374958,-27.1488680337815],[152.737935714783,-27.1505013237686],[152.739339614582,-27.1509214939113],[152.736950104483,-27.1537596936967],[152.736775894427,-27.1543613336842],[152.736860794306,-27.1552618036997],[152.73617510434,-27.1555761536342],[152.733692224301,-27.1580147434072],[152.732828604261,-27.1590726533299],[152.731241904246,-27.1605520431842],[152.729823994275,-27.1615342030513],[152.729429024115,-27.163160113025],[152.729068694079,-27.163759592994],[152.729618603855,-27.1650939330591],[152.733401832765,-27.1706490234786],[152.733565492642,-27.1714989135016],[152.733146182699,-27.1713985734592],[152.732316792705,-27.1720603933821],[152.732151192727,-27.1720183633653],[152.731818022749,-27.1721286933332],[152.731598002785,-27.1720268733105],[152.731359002836,-27.1718182232852],[152.730592202942,-27.1716257132076],[152.730290902941,-27.1718877631797],[152.730009592929,-27.1722248031545],[152.72954699294,-27.1725355831111],[152.729019422908,-27.1732426330643],[152.729292292788,-27.1739767130972],[152.729509212713,-27.1743973131221],[152.729598022654,-27.1747986831341],[152.729688902614,-27.175042833145],[152.729477492608,-27.1752714731259],[152.728711402568,-27.1762448530576],[152.728494802516,-27.1768491530409],[152.72805107257,-27.1767960229965],[152.727651692611,-27.1768106929569],[152.727086382687,-27.1766803028998],[152.726182022796,-27.1765715628093],[152.72603339279,-27.1767467727959],[152.725765482765,-27.1771761727727],[152.725551702761,-27.1773963227533],[152.724751992803,-27.1777427926767],[152.724402102804,-27.1780284926442],[152.723957022719,-27.1790975526086],[152.723089702673,-27.1802113025314],[152.722976302655,-27.1804559125221],[152.721552802685,-27.1814283223886],[152.721093122725,-27.1815032523436],[152.720663182756,-27.1816169723019],[152.720065022783,-27.1819135222449],[152.719265012793,-27.1825179921704],[152.718610392836,-27.1827334621072],[152.718456392805,-27.1831144020949],[152.718108402675,-27.1844629020711],[152.717405302696,-27.1848916020048],[152.716700202653,-27.1858413919424],[152.716573912656,-27.1859243819305],[152.716313812597,-27.1866300419103],[152.715891982607,-27.1869099718707],[152.715316222688,-27.1867500718123],[152.71278813275,-27.1884088415748],[152.712276212765,-27.1887275615266],[152.71224391272,-27.1891175515265],[152.712258182649,-27.1896772315323],[152.712233222624,-27.1899020615317],[152.71218230261,-27.1900581515278],[152.711853002584,-27.1905566114992],[152.711582282564,-27.1909425814754],[152.71143471253,-27.1913443214639],[152.711195812457,-27.1921384914465],[152.710986012465,-27.1922559714267],[152.710788582487,-27.192249531407],[152.709562802639,-27.1920687112841],[152.708955702683,-27.1922329012252],[152.708327202655,-27.192998131169],[152.707392802576,-27.1944407610878],[152.707347512546,-27.1947207210855],[152.707148582514,-27.1951455410692],[152.7069852125,-27.195398231055],[152.706806212501,-27.1955431410384],[152.706593822507,-27.1956766510184],[152.706191882524,-27.1958908809802],[152.705941202528,-27.1960680609568],[152.705680302531,-27.1962727809326],[152.705388922523,-27.1965831409061],[152.705164012515,-27.1968405408859],[152.704630192481,-27.1975757908388],[152.704210522418,-27.1984400208041],[152.704144602411,-27.1985564207985],[152.703969802409,-27.1987164807824],[152.703820812411,-27.1988353307686],[152.703722992407,-27.1989451207598],[152.703625312403,-27.199064080751],[152.703548002395,-27.1991922507444],[152.703506802387,-27.1992975707411],[152.70345508237,-27.1994761807374],[152.703413392341,-27.1997464907354],[152.703387512327,-27.1998793607339],[152.703341012319,-27.1999846807301],[152.703289402306,-27.2001312007262],[152.7032070923,-27.200250190719],[152.703129712289,-27.2004104507126],[152.703052412274,-27.2005981907064],[152.703026382258,-27.200749350705],[152.702979522226,-27.2010425807027],[152.702979192208,-27.2011892307038],[152.702973822191,-27.2013312707044],[152.702891192174,-27.2015419106979],[152.702772782166,-27.2017066706875],[152.702685402165,-27.2017890006795],[152.702567182169,-27.2018620906683],[152.702443992173,-27.2019305806567],[152.70224868218,-27.2020447606382],[152.70205851218,-27.2022093406207],[152.701955622178,-27.2023145506113],[152.701873382177,-27.2023922806038],[152.701785892173,-27.2024975305959],[152.701713812166,-27.2026119505897],[152.701615882152,-27.2028134005816],[152.701569192129,-27.2030332705787],[152.701543212111,-27.2032073805775],[152.701506822091,-27.2033951905754],[152.701511602071,-27.2035510105771],[152.701531712045,-27.2037435405806],[152.701592702008,-27.2039957305887],[152.701654021981,-27.204156240596],[152.701740781952,-27.2043168206059],[152.701894521918,-27.2044592006223],[152.702063621887,-27.2045695106399],[152.702253311858,-27.2046386506592],[152.702504581824,-27.2046941506846],[152.702622401804,-27.2047540906967],[152.702770371781,-27.2048178907119],[152.702932211741,-27.2049960507294],[152.703029301717,-27.2051069407399],[152.703004301687,-27.2053699507395],[152.702954621649,-27.2057182007373],[152.702977911595,-27.2061373707429],[152.703074091531,-27.2065730107559],[152.703365101448,-27.206987410788],[152.703656231358,-27.2074705308207],[152.703770801321,-27.2076648908336],[152.703842091287,-27.2078774008424],[152.703923701256,-27.2080562308519],[152.704031011219,-27.2082672608642],[152.704148501177,-27.2085057808777],[152.70416850114,-27.2087853708819],[152.704101381125,-27.2089639708767],[152.704008491109,-27.2091746108692],[152.703884791091,-27.2094264108589],[152.703812411066,-27.2096920708538],[152.703786391051,-27.2098340908524],[152.703780801025,-27.2100494508535],[152.703780290995,-27.2102877708554],[152.703630390947,-27.2108053408446],[152.70358892093,-27.2109793908419],[152.703542200904,-27.2112267708392],[152.703505920883,-27.2114237608372],[152.703505410859,-27.2116208208387],[152.703535810832,-27.2118087808432],[152.703601910791,-27.2120839008519],[152.703637210754,-27.2123543508576],[152.703616000717,-27.212670510858],[152.703517890691,-27.2129636308506],[152.703399080665,-27.2132796108413],[152.703249730646,-27.2135542808287],[152.703023170633,-27.2138608808086],[152.70269380061,-27.2143276707797],[152.702585570595,-27.2145382607707],[152.702498010588,-27.214670970763],[152.701627080503,-27.2161034106881],[152.701473200495,-27.2163004006744],[152.701354720485,-27.2164834806641],[152.701236310473,-27.2166803206539],[152.701148420448,-27.2169551006474],[152.70105520041,-27.2173444506412],[152.701034100379,-27.2176102206412],[152.700853100274,-27.2186099406312],[152.700470110169,-27.2197864106026],[152.701023879809,-27.2222205306768],[152.701025309605,-27.2238611606899],[152.70223107917,-27.2263384108291],[152.70119889901,-27.228508680744],[152.700223508902,-27.2302145806608],[152.699860118911,-27.2304574106267],[152.699549898918,-27.2306706305977],[152.698760118932,-27.2312354105239],[152.698280108941,-27.231571410479],[152.697985108947,-27.2317804004514],[152.697507798953,-27.232141620407],[152.697285118949,-27.2323604203867],[152.697123088953,-27.2324714203715],[152.696690708949,-27.2328716603318],[152.696550988949,-27.2329922603189],[152.696426888947,-27.2331128803076],[152.695995098945,-27.2335044202679],[152.695847598944,-27.2336337102543],[152.695700098945,-27.2337564102407],[152.695452118944,-27.2339774102178],[152.695085108977,-27.2340204001818],[152.694890098997,-27.2340324101626],[152.694702079013,-27.2340584201442],[152.693904119089,-27.2341374100657],[152.693714099106,-27.2341614100471],[152.693080129166,-27.2342213999848],[152.692889089176,-27.2343064099665],[152.692698089181,-27.2344292899486],[152.692243079183,-27.2348024199065],[152.692104119184,-27.2349134198936],[152.691936109186,-27.2350383998779],[152.691494099188,-27.235401759837],[152.691351999191,-27.2355062698238],[152.691140119192,-27.2356794098041],[152.690873119188,-27.2359404097798],[152.690800119173,-27.236123409774],[152.690770079153,-27.2363094097725],[152.690768299129,-27.2365018097738],[152.690987079044,-27.2369986397994],[152.691065109016,-27.2371623998085],[152.691140118977,-27.2374124098179],[152.691187098948,-27.237603409824],[152.69120307892,-27.2378144198273],[152.6912220989,-27.2379593998303],[152.691279078872,-27.2381404098374],[152.691345108844,-27.2383084098453],[152.69171510875,-27.2387494098854],[152.691832118721,-27.2388853998981],[152.691966118688,-27.2390304099125],[152.692441088566,-27.2396124199642],[152.692585118523,-27.2398283999802],[152.692650088493,-27.2400143999881],[152.692697098465,-27.2402054099942],[152.692739588442,-27.2403548599996],[152.692748198418,-27.240540760002],[152.692743788393,-27.2407447100031],[152.692737108372,-27.2409214000039],[152.69270910835,-27.2411184100027],[152.692661808333,-27.2412945299994],[152.692559098309,-27.2415824099915],[152.692497408288,-27.2418036999871],[152.692383088264,-27.2420924099781],[152.692059078258,-27.2424183999486],[152.691960128249,-27.24257540994],[152.691643088226,-27.2430384099123],[152.691518118214,-27.2432394099015],[152.691358098215,-27.2433694098867],[152.690880128224,-27.243707409842],[152.690741098227,-27.243802409829],[152.690529108229,-27.2439713998093],[152.690130088221,-27.244378399773],[152.690013108217,-27.2445064097624],[152.689886088212,-27.2446614197511],[152.689485098205,-27.2450614097145],[152.6893605982,-27.2452051097033],[152.689282088185,-27.2453973996971],[152.68918211816,-27.2456834096895],[152.689154078134,-27.2459163996885],[152.689147078109,-27.2461254096895],[152.689122108087,-27.2463203996886],[152.689050098061,-27.2465924096836],[152.688956108041,-27.2468374096762],[152.688856128026,-27.247045419668],[152.68741408794,-27.2489754095404],[152.684338087955,-27.2514954092557],[152.681760127917,-27.2540163990204],[152.681585117912,-27.2542134090046],[152.681513097904,-27.2543333989984],[152.681410097891,-27.2545304089898],[152.681349107883,-27.2546444089847],[152.681246097864,-27.2548873989764],[152.681169117842,-27.2551354089707],[152.681076117801,-27.2555394189647],[152.681014107769,-27.2558554189611],[152.680978077747,-27.2560624089592],[152.68095610736,-27.2592014189819],[152.681007097322,-27.259463418989],[152.681079077279,-27.2597523989984],[152.681135177248,-27.2599496290055],[152.681273587193,-27.2602755690218],[152.681417207136,-27.2606108590387],[152.681463097097,-27.2608864190454],[152.681494077059,-27.2611664090507],[152.681452107023,-27.2614964190491],[152.681385086996,-27.2617674090447],[152.681272416961,-27.2621526090365],[152.681236096939,-27.2623593990346],[152.681210106897,-27.2627174190348],[152.681282086839,-27.2631254190452],[152.681338076805,-27.2633504090525],[152.681559086728,-27.2637774090778],[152.683493116223,-27.2661893992884],[152.683636116175,-27.2664513993047],[152.683754086134,-27.2666804093182],[152.683775076112,-27.2668454093216],[152.683852126073,-27.2670934093311],[152.683872126049,-27.2672684193345],[152.683872126015,-27.2675389393367],[152.683867095985,-27.2677864193381],[152.683577095544,-27.2715954193396],[152.683582095512,-27.2718474093421],[152.683618085473,-27.2721273993478],[152.683679515439,-27.2723527693557],[152.683990385333,-27.2729416593912],[152.684167085288,-27.2731514194103],[152.685465095005,-27.2743194095481],[152.685727094953,-27.2745124095756],[152.686265104863,-27.274774399631],[152.686615104813,-27.2748714196664],[152.686912394777,-27.2749128596962],[152.687246074741,-27.2749134097292],[152.687539094712,-27.2748954097581],[152.687955084674,-27.2748404097989],[152.690285104472,-27.2744674100267],[152.690517094451,-27.2744354100495],[152.690809094418,-27.2744494100785],[152.691086494384,-27.2744863201063],[152.691225084366,-27.2745144001202],[152.693283614085,-27.2750075003281],[152.693489114062,-27.2750174203485],[152.698401903458,-27.2756604408404],[152.698653093425,-27.2757114108657],[152.701164113078,-27.2763474011195],[152.701400123047,-27.2763984111433],[152.701641093018,-27.2764254211674],[152.703556102806,-27.2764874113577],[152.703715092787,-27.2765064113736],[152.703962092752,-27.2765704013986],[152.704305112696,-27.2767314114339],[152.704618102634,-27.2769614214667],[152.704926092555,-27.2773284015002],[152.704993102525,-27.2775124015083],[152.705116112482,-27.2777554215224],[152.705527102275,-27.2790684015735],[152.705562102245,-27.2792804115787],[152.705578092211,-27.2795414115823],[152.705552102181,-27.2798074015818],[152.705495092162,-27.2800054115778],[152.704612122047,-27.2816974215036],[152.704504112033,-27.2818994214945],[152.704437102016,-27.2820964114895],[152.704422102003,-27.2822114014889],[152.704391071986,-27.2823764114871],[152.704401111956,-27.2826054214899],[152.704436771925,-27.2828262314952],[152.704477801905,-27.2829501115002],[152.704534081883,-27.2830784115068],[152.705380111524,-27.2852454016079],[152.70545209149,-27.2854614116167],[152.705534111452,-27.2856954216267],[152.705560091427,-27.2858704116307],[152.705565091403,-27.2860624216327],[152.705539071383,-27.2862414116315],[152.705498191335,-27.2866685216308],[152.7054411013,-27.2869944116277],[152.705400111281,-27.2871874016252],[152.705380111265,-27.2873334116244],[152.705339091243,-27.287545421622],[152.705241081235,-27.2876914216134],[152.705169111217,-27.287902411608],[152.705061101203,-27.2881044115989],[152.704963101196,-27.2882424015903],[152.7040341011,-27.2898154015106],[152.703869191079,-27.2901315114968],[152.703756121058,-27.2903974114877],[152.703689101035,-27.290640411483],[152.703643081005,-27.2909204114806],[152.703581100972,-27.291241401477],[152.703525110939,-27.2915494114739],[152.703545110907,-27.2917879514778],[152.70366308084,-27.292233211493],[152.703791080803,-27.2924174115072],[152.704012090757,-27.2926004115305],[152.704305110708,-27.2927384015606],[152.704582080669,-27.2928174215887],[152.704998100623,-27.29282641163],[152.705378100591,-27.2927624216672],[152.705650100575,-27.2926574116933],[152.707180110467,-27.2922144118415],[152.707442110451,-27.2921134218666],[152.707868100428,-27.2919304219074],[152.712598100189,-27.2897924123594],[152.712860090177,-27.2896684023844],[152.713086100163,-27.2895814124061],[152.713379090141,-27.2895084124346],[152.71359907012,-27.2894904124563],[152.713728100103,-27.2895134124693],[152.714046090064,-27.2895594225011],[152.714308120024,-27.2896514225279],[152.71450809999,-27.2897524125485],[152.714688119955,-27.2898854125674],[152.71488306991,-27.2900744025882],[152.715083089859,-27.2903134026099],[152.717013099391,-27.292421412818],[152.717116099368,-27.292518422829],[152.71726509934,-27.2926194128446],[152.717408099317,-27.2926784128592],[152.717562099294,-27.292738402875],[152.721121098819,-27.293499423234],[152.721347068789,-27.2935504132568],[152.721963078692,-27.2937984233198],[152.722250078651,-27.293881413349],[152.724140088355,-27.2946404135425],[152.724355078326,-27.2946914135642],[152.724612108295,-27.2947184035899],[152.724843078269,-27.2947284136129],[152.724957098258,-27.2947234236242],[152.726307088122,-27.2946564137576],[152.726466088104,-27.2946604137734],[152.726758088068,-27.2947024238026],[152.727128088023,-27.2947484138397],[152.727354097987,-27.2948454038629],[152.727549077958,-27.2949094238828],[152.727765087921,-27.2950194239051],[152.731128117341,-27.2967984142528],[152.731462097289,-27.296932414287],[152.731852097229,-27.2970794143269],[152.7320470772,-27.2971434243467],[152.732617107131,-27.2972084144038],[152.734445096947,-27.2971234045845],[152.734779066917,-27.2970724246173],[152.735077086897,-27.2969764046461],[152.735349086887,-27.2968254046719],[152.735703066869,-27.2966654247057],[152.73603211686,-27.2964594247368],[152.736438106848,-27.296202424775],[152.736756086845,-27.2959594248046],[152.737003086853,-27.295679404827],[152.737228106874,-27.2953224148465],[152.737845106927,-27.2943634149001],[152.738024106939,-27.2941154149159],[152.738271056937,-27.2939184149389],[152.738497106927,-27.2938034149604],[152.738656096916,-27.2937584249758],[152.738861086898,-27.2937264149959],[152.739277106857,-27.2936944150369],[152.74164508661,-27.2936554152717],[152.745608106222,-27.2933694256628],[152.745664096226,-27.2932934056678],[152.748799085665,-27.2951124259934],[152.750566085485,-27.2950414161683],[152.751171075381,-27.2953604162309],[152.752245085258,-27.2954294163381],[152.753606095166,-27.2950014264699],[152.75302706507,-27.2962664164224],[152.753224084962,-27.2969654164475],[152.754139064714,-27.298177406548],[152.754754094602,-27.298551426612],[152.75492509458,-27.2985754166292],[152.755606074454,-27.2990054167002],[152.756849084117,-27.3006504168367],[152.757028113947,-27.3018604068641],[152.756419073922,-27.3025844268093],[152.756362103901,-27.3028054268054],[152.756417103699,-27.3043804268233],[152.756401083667,-27.3046474168239],[152.756551063337,-27.3071724268588],[152.755568113359,-27.3078414167664],[152.756162083196,-27.3086404168317],[152.756299063174,-27.3086944168458],[152.755961073076,-27.3097784068208],[152.754246083185,-27.3103694066551],[152.754241083143,-27.3107144166574],[152.753955073097,-27.3113284166338],[152.753109073181,-27.3113774165502],[152.752952093182,-27.3115004265356],[152.75227209325,-27.3115374264684],[152.752133103269,-27.3115104164543],[152.752024113218,-27.3120114164475],[152.751148113246,-27.3125344063646],[152.75055506329,-27.312692416307],[152.749918063342,-27.3128184162447],[152.749617553357,-27.312956796216],[152.749125103378,-27.3132114161691],[152.748755973328,-27.3139293861381],[152.748638082973,-27.3168884161499],[152.748228113001,-27.3170084161101],[152.7472310831,-27.3170754160116],[152.747279073024,-27.3176434260209],[152.748010092879,-27.3181804260977],[152.748509092756,-27.3187424161517],[152.747003062952,-27.3184566059999],[152.744859053113,-27.3190000457914],[152.744010023077,-27.3200232657152],[152.742389423063,-27.3215249655662],[152.739934033194,-27.3225841453309],[152.739172603183,-27.3233251452611],[152.734698113678,-27.323185044816],[152.731174694052,-27.3232098344665],[152.730106444052,-27.3241240243678],[152.728021894367,-27.3233866141551],[152.726881784481,-27.3234456840425],[152.725670784706,-27.3226808639163],[152.724906184847,-27.3222059838367],[152.723313215036,-27.3220532136775],[152.722151525062,-27.3228377935684],[152.720509755168,-27.32339575341],[152.719556815264,-27.3234489433159],[152.719125455182,-27.3244756332813],[152.718913544917,-27.3267893032786],[152.719068774782,-27.3277430733015],[152.71842648478,-27.3283087232423],[152.717559864703,-27.3296764131672],[152.717304074614,-27.3306119031492],[152.716108664706,-27.3308986330329],[152.712829974932,-27.3318973227157],[152.710200335134,-27.3325406024601],[152.707100575234,-27.3343987021675],[152.703114885193,-27.3381548718022],[152.702266545287,-27.3381345217179],[152.700765045317,-27.3391867215775],[152.700064535269,-27.3401749615158],[152.698639905374,-27.3405544113777],[152.6971306654,-27.3416457812368],[152.695669315407,-27.3428446911014],[152.693513815692,-27.3424050808844],[152.691990305811,-27.3427641807363],[152.690837635835,-27.3435637906284],[152.689401355776,-27.3452762904997],[152.688716215665,-27.3467550204435],[152.688061915712,-27.3469467903802],[152.68739319564,-27.3480976203231],[152.686215855755,-27.3481889202072],[152.686055765663,-27.3490675501983],[152.684190795899,-27.3487752400113],[152.684108055852,-27.3492245800066],[152.679783133511,-27.3717961697569],[152.679699213463,-27.3722520297522],[152.686407182626,-27.373204860424],[152.687050243,-27.3696388304595],[152.690512372571,-27.3701065108062],[152.69225831364,-27.3600023108992],[152.69952711274,-27.3609817916272],[152.700342343256,-27.3561336116696],[152.706933362445,-27.3569798223296],[152.707824002994,-27.3517921623769],[152.723903961004,-27.3539610639886],[152.722016249823,-27.3650728938892],[152.733240618429,-27.366620395015],[152.732185477791,-27.3726548549581],[152.733128387673,-27.3727919550527],[152.736853317206,-27.3733334954267],[152.732952014804,-27.3959771052186],[152.733331754755,-27.3960419252568],[152.734441794673,-27.3957509453646],[152.736134084726,-27.3938694155177],[152.736292094695,-27.3939824155343],[152.737247074725,-27.3929204256207],[152.739396084529,-27.3926384058317],[152.741509074496,-27.3910904260292],[152.742085084358,-27.3916974260912],[152.741769064216,-27.393109416071],[152.743371083845,-27.3947094062427],[152.742668053767,-27.3959384161826],[152.742275063628,-27.3973954261551],[152.742368063532,-27.3980834261698],[152.740659063633,-27.3987424060053],[152.740382063483,-27.4001884259893],[152.740821082987,-27.4037874160613],[152.741371062633,-27.4061594161347],[152.741593932601,-27.4062254061573],[152.747229971891,-27.4070692067235],[152.745830381026,-27.4152157166489],[152.748127030741,-27.4155238568794],[152.747779840737,-27.4158540268475],[152.747900580643,-27.4165018768647],[152.747543430505,-27.4179171068404],[152.74772239042,-27.4184447268623],[152.74761187037,-27.4189432268553],[152.747861380266,-27.4195568868849],[152.747968880151,-27.4203881669022],[152.748089980075,-27.4208927769182],[152.748055669964,-27.4218155569221],[152.747784659952,-27.4221475568978],[152.747531199841,-27.4232534268813],[152.747098349823,-27.4237683068424],[152.746415839844,-27.424191736778],[152.744890169968,-27.4245103366291],[152.743840000008,-27.4250875965294],[152.742874060072,-27.425412806436],[152.742126430086,-27.425938946366],[152.741372230094,-27.4265281362958],[152.741209730025,-27.4272156662851],[152.74095390003,-27.4273977262611],[152.744200829627,-27.4278359765869],[152.742726528722,-27.436366306508],[152.746045468305,-27.4368472668413],[152.745412487909,-27.4405662668078],[152.747408447659,-27.4408522370082],[152.747028447434,-27.4429862369874],[152.747208467411,-27.4430132270055],[152.744125315608,-27.4601206568345],[152.738270276339,-27.4593137462469],[152.738348416243,-27.4600141862602],[152.737877826173,-27.4609762462211],[152.738094345925,-27.4627845462569],[152.738040325815,-27.4637100262588],[152.737845195721,-27.4646343962468],[152.738255495632,-27.4649898162903],[152.739256575239,-27.4672771364077],[152.739140325186,-27.4678001564003],[152.738325205124,-27.4690021763289],[152.738440295018,-27.4697499463462],[152.739236614792,-27.4708816764342],[152.738874204784,-27.4712540464012],[152.738109014824,-27.471598596328],[152.737895344799,-27.4719783963098],[152.737976484729,-27.4724705663217],[152.738061384733,-27.4723613263293],[152.738269504743,-27.4721074563479],[152.7391732047,-27.4716729964342],[152.741055254489,-27.4717360066215],[152.741377374451,-27.4717670566537],[152.741491614503,-27.471252736661],[152.742657174356,-27.471421376778],[152.742559164287,-27.4720630567734],[152.741342914432,-27.4719463966517],[152.740642884056,-27.4755665666108],[152.740614014037,-27.4757447766094],[152.743373773688,-27.4761571568866],[152.742640783311,-27.4798121468427],[152.740326863602,-27.4794761666103],[152.739875873355,-27.4818451665843],[152.739733813274,-27.4826132165762],[152.739473053261,-27.482945416553],[152.739844082984,-27.4848404166048],[152.74046406275,-27.4861804266769],[152.740868082684,-27.4863634267184],[152.740962072666,-27.4864274167283],[152.740758072681,-27.4864804167084],[152.740604082689,-27.4865544166937],[152.741443072535,-27.4870664267811],[152.742329072315,-27.4880614068769],[152.739331072696,-27.4875924165756],[152.738013051965,-27.4945864165],[152.736466072161,-27.4943514063446],[152.735988072162,-27.4947564163003],[152.734107812401,-27.4944668861114],[152.733506982354,-27.4953596760589],[152.731754072588,-27.4949974058821],[152.730170042682,-27.4956114257297],[152.729979072793,-27.4948894057051],[152.729964072823,-27.4946634157018],[152.729981052853,-27.4944084057015],[152.729895052911,-27.4940134156898],[152.72963506304,-27.4932044056577],[152.729327043192,-27.4922554156196],[152.728621053401,-27.4911884055411],[152.72769308359,-27.4904744154434],[152.726496063739,-27.4903144153234],[152.725389053804,-27.490745405217],[152.723791053883,-27.4914934150644],[152.722286043996,-27.4918864149182],[152.72095708408,-27.4923584247901],[152.720158064068,-27.493145414717],[152.719800063968,-27.4942534146903],[152.719796093806,-27.4955574247002],[152.720237083581,-27.4969814247552],[152.721164073363,-27.4979284148546],[152.721872063247,-27.4982474149273],[152.722224073194,-27.4983674049632],[152.722889063098,-27.4985664150307],[152.724349062827,-27.4994774051827],[152.725985062532,-27.5004294153526],[152.727001082304,-27.5013804054609],[152.727174052152,-27.5024454154864],[152.727262051955,-27.503947415507],[152.727006081854,-27.5049774154898],[152.726962061818,-27.505304405488],[152.726990051697,-27.5062484054982],[152.725562061773,-27.5068744053615],[152.724060051875,-27.5073584052163],[152.722087042027,-27.5078404250244],[152.721180062106,-27.5079904249356],[152.7191840523,-27.508160414739],[152.718161072431,-27.5079974146362],[152.717764972469,-27.5080364345972],[152.717192072558,-27.5078134145387],[152.716889082624,-27.5075454245065],[152.716645002679,-27.5073174144805],[152.716484082705,-27.507248424464],[152.716133052738,-27.5072894244295],[152.714879212837,-27.5075744443074],[152.714630062855,-27.5076454142833],[152.71445406285,-27.5078433842674],[152.714355072831,-27.5080753942594],[152.714281082789,-27.5084754142552],[152.714313062748,-27.5087754142608],[152.714443072677,-27.5092324142773],[152.714439052632,-27.5096034142798],[152.714325062621,-27.50978941427],[152.714215052621,-27.5098834142598],[152.714010072636,-27.5099414142399],[152.713853082648,-27.5099774142246],[152.713535062683,-27.5099764141931],[152.712961062749,-27.5099394141359],[152.712807072764,-27.5099494241207],[152.71244907279,-27.510055414086],[152.712208062815,-27.5100614240622],[152.71155807292,-27.5097804039955],[152.71124808298,-27.5095674139631],[152.710182063158,-27.5090604038534],[152.709824073222,-27.5088574238163],[152.709316063293,-27.5087294237649],[152.708246063433,-27.5085314136573],[152.708001073466,-27.5084784136326],[152.707683053518,-27.5083344135999],[152.706729093749,-27.5073064234972],[152.706558053811,-27.5069604134776],[152.70646705386,-27.506644413466],[152.706317073876,-27.5066434134512],[152.705873053829,-27.5074054134132],[152.705748073791,-27.507815413404],[152.705712093647,-27.5090084234099],[152.705820093595,-27.5093254134231],[152.706071063479,-27.5100394034536],[152.70612808343,-27.510388413462],[152.706080083409,-27.5105964234589],[152.705846083416,-27.5107394134368],[152.705341063457,-27.5108524033876],[152.704956063442,-27.511298403353],[152.704590083443,-27.5116104033192],[152.704330053451,-27.5117694132947],[152.704154053434,-27.5120594232795],[152.704157083414,-27.5122184132811],[152.704299063362,-27.5125154132975],[152.704352063315,-27.5128454133053],[152.704187043305,-27.5130634132907],[152.703865083304,-27.5133554232611],[152.703930053273,-27.513548413269],[152.704325093212,-27.5136924133093],[152.705246053108,-27.5137264234009],[152.706039053032,-27.513656413479],[152.706299042999,-27.513696413505],[152.706386062973,-27.5138234135147],[152.706257072953,-27.514097423504],[152.706227062931,-27.5142994235027],[152.706387042863,-27.5147074235217],[152.70646304281,-27.5150684135321],[152.706404092783,-27.5153324235284],[152.706107052775,-27.5156584135015],[152.705741072795,-27.5158104034664],[152.705397052806,-27.516024413434],[152.704965082814,-27.5163304033936],[152.703577062848,-27.5172564232633],[152.702845082879,-27.5176454231938],[152.702489102883,-27.5179154531607],[152.702332082887,-27.518022413146],[152.70217805289,-27.5181294231315],[152.701981132907,-27.5181644031123],[152.701706102945,-27.5181004130845],[152.701501962986,-27.5179454130631],[152.701313073039,-27.5176854230423],[152.701109953076,-27.5175654430212],[152.700819043122,-27.5174454229914],[152.700732063154,-27.5172694129814],[152.700725093175,-27.5171004129794],[152.700820143187,-27.5169254529875],[152.701025083185,-27.5167654130065],[152.701158893189,-27.5166183730186],[152.701191053205,-27.5164564130205],[152.701073923254,-27.5161684530066],[152.700807183316,-27.5159014229781],[152.700561063362,-27.5157454129525],[152.700285163415,-27.5155553829236],[152.700019043473,-27.5153234128954],[152.6998230735,-27.5152734028756],[152.699618053385,-27.516376412864],[152.697455063657,-27.5160644126472],[152.697439073648,-27.5161544126463],[152.697264053647,-27.5163103826302],[152.696887043656,-27.5165664125949],[152.696292093659,-27.5170574225398],[152.696146793664,-27.517139372526],[152.695898083673,-27.5172824125025],[152.69534598369,-27.5176243824505],[152.694803083708,-27.5179503723993],[152.694277073722,-27.5182934223499],[152.69388401373,-27.5185734323131],[152.693340083736,-27.5189934022625],[152.692806053741,-27.5194134122129],[152.692306073754,-27.519739422166],[152.692036163774,-27.5198164321399],[152.691931043809,-27.519629412128],[152.691879903868,-27.5191924621194],[152.691767043923,-27.5188564121056],[152.691715033969,-27.5185294220979],[152.691752084043,-27.5179054220966],[152.691726204065,-27.5177494120928],[152.69163904409,-27.5176244020832],[152.691386064122,-27.5175844120578],[152.691088074148,-27.5176384120287],[152.69088608415,-27.5177934220099],[152.690606054148,-27.5180504019842],[152.690439064125,-27.5183784119703],[152.69038592408,-27.5187853919682],[152.690280034035,-27.5192373619613],[152.690295183958,-27.5198454019676],[152.690399063892,-27.5202824119813],[152.69003811383,-27.521092451952],[152.690105053698,-27.5220954119665],[152.689990993672,-27.5224074519577],[152.689631063688,-27.5225854219234],[152.689229933732,-27.5225774518836],[152.688862043767,-27.5226224618475],[152.688774193742,-27.522895421841],[152.688790033697,-27.5232464218453],[152.689034073642,-27.5234734218713],[152.689156093591,-27.5237774118858],[152.689364943522,-27.5241524419094],[152.689477073446,-27.5246594219246],[152.689599053381,-27.52508140194],[152.689606133328,-27.5254944319439],[152.689465063297,-27.5258684119329],[152.689237123299,-27.5260474019117],[152.688866063328,-27.5261394218757],[152.688704003344,-27.5261483918597],[152.688360903371,-27.5262293818264],[152.687923043404,-27.5263474117839],[152.68770605343,-27.5263224417622],[152.687344083464,-27.5263624217267],[152.687130053479,-27.526427391706],[152.686913053479,-27.526613411686],[152.686817933475,-27.5267314016775],[152.686722053442,-27.5270814216707],[152.686641053427,-27.5272654216642],[152.686518053428,-27.5273694116528],[152.686318073424,-27.5275764016346],[152.686241233407,-27.5277794416286],[152.686077063407,-27.5279214116135],[152.685849153416,-27.5280393715918],[152.685656943409,-27.5282633815746],[152.685463053421,-27.528341421556],[152.685219203431,-27.5284703815328],[152.684922203438,-27.528669371505],[152.684552093489,-27.5285804214676],[152.684414923513,-27.5285053814535],[152.684229173546,-27.5284063914343],[152.684031053556,-27.5284944114153],[152.683985063545,-27.5286204114118],[152.683890053553,-27.5286434114026],[152.683775223556,-27.5287143813917],[152.683683063548,-27.5288583613838],[152.683385073561,-27.5290174113555],[152.683092093584,-27.529084411327],[152.682909083609,-27.5290394613085],[152.68264701364,-27.5290183912824],[152.682452213655,-27.5290653812635],[152.682338073658,-27.5291404112528],[152.682056073677,-27.5292314112256],[152.681944973671,-27.5293803812157],[152.681917083647,-27.5295914112146],[152.681957923607,-27.529880411221],[152.682225073552,-27.5300944012491],[152.68234307352,-27.530246421262],[152.682437093474,-27.5305324612736],[152.682486083459,-27.530610401279],[152.68252305341,-27.5309704112855],[152.682385123397,-27.5311953912736],[152.682343143393,-27.5312664112701],[152.682267043377,-27.531459411264],[152.682177913375,-27.5315534212559],[152.681950073403,-27.5315264112332],[152.681643043487,-27.5311154211995],[152.681491013514,-27.5310334111838],[152.681357063531,-27.5310124111704],[152.681219973544,-27.5310224211569],[152.681071993552,-27.5310903711428],[152.680972093551,-27.5311814111336],[152.680743063541,-27.5314624011131],[152.680660093548,-27.531476411105],[152.680435143585,-27.531377381082],[152.680257063619,-27.5312544110634],[152.680146063639,-27.5311964110519],[152.679833913668,-27.5312294110213],[152.679639883684,-27.5312664110023],[152.679499063701,-27.5312554109883],[152.679309083715,-27.5313063709699],[152.679018913722,-27.5315023809427],[152.678905143717,-27.5316424409326],[152.678824073713,-27.5317404009253],[152.678777063693,-27.5319434009222],[152.678776983667,-27.5321544309239],[152.67886009363,-27.5323774109339],[152.679049063576,-27.5326494209548],[152.679167063508,-27.5330884109699],[152.679227073491,-27.5331794109766],[152.679351903464,-27.5332824109897],[152.679370993452,-27.5333663909923],[152.679215063456,-27.5334664209776],[152.679006063472,-27.5335204209574],[152.678762243502,-27.533492390933],[152.678420203569,-27.5332503708972],[152.678234053595,-27.5332024008784],[152.678104143603,-27.5332493708659],[152.677967053604,-27.5333614108532],[152.677794193594,-27.5335923608379],[152.677585083587,-27.5338324208191],[152.677466233565,-27.5341074408095],[152.677297063559,-27.5343034107943],[152.677077073561,-27.5344774007739],[152.676908073557,-27.5346564107586],[152.676812083553,-27.53477340075],[152.676716083548,-27.5348934707414],[152.676677073547,-27.5349384007379],[152.67651606352,-27.5352964207248],[152.676314073538,-27.535325410705],[152.676005063562,-27.535397410675],[152.675797053582,-27.5354214006546],[152.675582073584,-27.5355884006346],[152.675405083569,-27.5358624106193],[152.675368073554,-27.5360134006168],[152.675196083549,-27.5362044206013],[152.674959053557,-27.5363414105789],[152.674877073557,-27.5364194005714],[152.674740083563,-27.5364864105584],[152.674404073572,-27.5367014205268],[152.674090063603,-27.5367304104959],[152.673987053619,-27.5366914104854],[152.673860073619,-27.5367954204737],[152.673790063618,-27.5368644004673],[152.673761083578,-27.5372124104672],[152.673722063584,-27.5371974004632],[152.673365063622,-27.5372034204279],[152.670184083709,-27.5392604101292],[152.666278074689,-27.5347774197072],[152.662881054782,-27.5369834093884],[152.659270075727,-27.5325204189959],[152.65471458585,-27.5354855785686],[152.652300076483,-27.5324934083061],[152.651451046507,-27.5330384182265],[152.651351076519,-27.5330234082165],[152.650463066009,-27.5378964081671],[152.650426055986,-27.5381144081651],[152.648094064649,-27.5508724180351],[152.639983875675,-27.5496766272237],[152.638769085828,-27.5494993971022],[152.634230966401,-27.5488326966483],[152.625785087469,-27.5475854058037],[152.623027077815,-27.5472004055282],[152.620987048054,-27.5470514053255],[152.619135038319,-27.5465264151384],[152.618422048454,-27.5460644150643],[152.617892068526,-27.545949395011],[152.617134258159,-27.5495528249646],[152.616550768233,-27.5494668249063],[152.609041009183,-27.5483554341558],[152.604514499755,-27.5476879137036],[152.603897499626,-27.5492659136551],[152.603796099639,-27.549251403645],[152.603641089606,-27.5496483936328],[152.601632089833,-27.5495714034339],[152.601485069845,-27.5496014034196],[152.601471049834,-27.549701403419],[152.602251059516,-27.5515834035109],[152.603389089337,-27.5520353936268],[152.603370509327,-27.5521279136257],[152.60308350917,-27.5536389236092],[152.60130654944,-27.5530169134289],[152.601631539476,-27.5524389134564],[152.601089549634,-27.5516449333967],[152.60024461976,-27.551362943311],[152.598081079926,-27.5519074131018],[152.597981069939,-27.5518924130918],[152.59746907966,-27.5545814030625],[152.59748605963,-27.5548114130659],[152.59738509964,-27.554815413056],[152.593584100121,-27.5542504026764],[152.593226070177,-27.55411141264],[152.592197100377,-27.5534043925329],[152.590874080581,-27.5529124023984],[152.590114080673,-27.5528344123228],[152.589696080751,-27.5525634022794],[152.588923050849,-27.5524484022023],[152.588514060907,-27.552336412161],[152.588617760967,-27.5517659921668],[152.588671740997,-27.5514800021698],[152.589013751173,-27.54976200219],[152.589257711305,-27.5484900222041],[152.589275711315,-27.5483920222051],[152.584420371931,-27.5476615317203],[152.584402811921,-27.5477510317192],[152.578279902698,-27.546827091108],[152.57837987276,-27.5462441011133],[152.575637453108,-27.5458264808395],[152.570326083768,-27.5451304003103],[152.569732043399,-27.5486211202792],[152.5695700533,-27.5495671402707],[152.568806112825,-27.5540561302308],[152.568776102806,-27.5542361302293],[152.564309163364,-27.5536291497841],[152.563654212969,-27.5573891397492],[152.567501162488,-27.5579128201326],[152.566798062052,-27.5620314000957],[152.56649807209,-27.5619924100658],[152.56648409208,-27.5620813900651],[152.566552091971,-27.5629044000783],[152.566449081981,-27.5629113900682],[152.566210081831,-27.5643244100558],[152.566290051816,-27.5643814000641],[152.566054081809,-27.5646424000429],[152.565963091754,-27.5651604000381],[152.565936081707,-27.5655624100386],[152.565901071645,-27.5660924000393],[152.565896071643,-27.566119410039],[152.565143081553,-27.5674993899757],[152.565033071561,-27.5675293999651],[152.56477607144,-27.5687274099492],[152.564756101383,-27.569207409951],[152.564794061369,-27.5692853999553],[152.564632081381,-27.5693283999397],[152.563753081483,-27.5692753898526],[152.562364081626,-27.5693344097162],[152.560712091925,-27.5683663995457],[152.559516092003,-27.5687773894311],[152.557508082197,-27.5689693992347],[152.55700307221,-27.5693004091876],[152.554661082506,-27.5689563989541],[152.554312362325,-27.5707242789337],[152.550295972835,-27.5701144185331],[152.550312072845,-27.570024398534],[152.548111053124,-27.5696903983145],[152.547829083137,-27.5698323882879],[152.545415043444,-27.5694654080472],[152.545280073361,-27.5702513980401],[152.545351063321,-27.5705143880492],[152.539981074002,-27.5697093975139],[152.534910054633,-27.5690493970094],[152.534256084715,-27.5689603869443],[152.53341326482,-27.5688435068604],[152.53340377481,-27.5689333068602],[152.527118875596,-27.5680833662348],[152.513838067257,-27.5662844049138],[152.513067076768,-27.5709013948743],[152.512473176401,-27.5743857748434],[152.509335056971,-27.5725279645201],[152.507798076076,-27.5810943944364],[152.503262776638,-27.5805294939859],[152.503096076692,-27.5802383939672],[152.497019087016,-27.582939393391],[152.502569195208,-27.5926764840134],[152.502957085081,-27.593368404057],[152.504443944605,-27.5959057342232],[152.487962085477,-27.6032983826612],[152.487864075443,-27.6036573926544],[152.487864075432,-27.6037464026551],[152.487910065417,-27.6038243926602],[152.487986055403,-27.6038723826681],[152.488065085388,-27.6039273826763],[152.48823907536,-27.6039963926939],[152.488341095346,-27.6040263927042],[152.488474065322,-27.6041003927178],[152.488568085303,-27.6041734027276],[152.488584075293,-27.6042413827297],[152.488599075282,-27.6043174027318],[152.488567065269,-27.6044474027297],[152.488528085265,-27.6045143927264],[152.488402085262,-27.6046483827151],[152.48822509527,-27.6047363926984],[152.488041065279,-27.604825392681],[152.487840095293,-27.6048914026618],[152.487664095301,-27.6049803826451],[152.487480095312,-27.6050473926276],[152.487329095318,-27.6051354026135],[152.487228105317,-27.6052323926043],[152.487152105311,-27.6053433925977],[152.487076075309,-27.6054333925909],[152.486976105311,-27.6054993825816],[152.486875075317,-27.6055443925721],[152.48677506533,-27.6055214025621],[152.486708085344,-27.6054684025551],[152.486633075358,-27.6054233925473],[152.486533065366,-27.6054453825377],[152.486457075369,-27.6054903925306],[152.486256105368,-27.6056684025122],[152.486196095361,-27.6057804025072],[152.48614605535,-27.6059133925033],[152.486145075336,-27.6060253925041],[152.48617007532,-27.6061373925074],[152.486194095309,-27.6062044025104],[152.486295055292,-27.6062493925206],[152.486604095264,-27.6062064025506],[152.486738085252,-27.6061843825636],[152.486922085229,-27.6062074025819],[152.487056075214,-27.6062153925951],[152.487183065198,-27.6062313926077],[152.487374065175,-27.6062533926267],[152.487482065159,-27.6062843926375],[152.487582075134,-27.6063963926482],[152.487607075115,-27.6065303926518],[152.487581095101,-27.6066643826503],[152.48753006509,-27.6067984026463],[152.487429075079,-27.6069763926378],[152.487328075073,-27.607117392629],[152.487287085066,-27.6072064026256],[152.487211055058,-27.6073403926192],[152.487034065044,-27.6076083826039],[152.486933075041,-27.6077193825949],[152.486857075035,-27.6078303825883],[152.48675608503,-27.6079644025794],[152.486655055027,-27.6080764025704],[152.486579055019,-27.608209392564],[152.486479085021,-27.6082764025547],[152.486277095029,-27.6083874025357],[152.486152085035,-27.6084543925239],[152.486051045035,-27.6085433925147],[152.485849095037,-27.6086983824961],[152.485597095026,-27.6090103924738],[152.485513075021,-27.6091223924664],[152.485361085016,-27.6093003924529],[152.485260095013,-27.6094123924438],[152.485185085007,-27.6095233924373],[152.485084095001,-27.6096644024285],[152.485058064995,-27.6097313924265],[152.485033104984,-27.6098433924249],[152.48502507497,-27.6099614024251],[152.48499908495,-27.610148402424],[152.484998064931,-27.6103043924251],[152.484947064922,-27.610416392421],[152.48487209492,-27.6105053924143],[152.484771064925,-27.6105493824047],[152.484570064941,-27.6105934023853],[152.484361094959,-27.6106373923651],[152.484160094975,-27.6106814023457],[152.483908094986,-27.610814402322],[152.483799074987,-27.610903402312],[152.483648104992,-27.6109923822979],[152.483497074995,-27.6111033822839],[152.483296105008,-27.6111703922647],[152.483195065016,-27.6111923922549],[152.483070055025,-27.611236402243],[152.482911065034,-27.6113023922279],[152.482810065036,-27.6113694022185],[152.482734075034,-27.6114584022117],[152.482683085025,-27.6115704022076],[152.482532085014,-27.6117934021945],[152.482330055008,-27.6120153821764],[152.482226065011,-27.6120863821668],[152.482115105014,-27.6121603621565],[152.481981075018,-27.612246392144],[152.481819055022,-27.6123573921289],[152.481810185013,-27.6124334221286],[152.481749084975,-27.6127924021255],[152.481467084962,-27.6131444021005],[152.481477084916,-27.6135073921044],[152.480613054643,-27.6164713820428],[152.480453084593,-27.6170193920314],[152.479971064543,-27.6178444019906],[152.479008084443,-27.6194914019089],[152.475880064365,-27.6228693816283],[152.475061084168,-27.6251733915659],[152.473793074173,-27.6262463914499],[152.47257408423,-27.6268544013349],[152.47083606377,-27.6321003912055],[152.470382073685,-27.6331843911695],[152.470158073554,-27.6344403911574],[152.470001083533,-27.6347453811443],[152.469904063122,-27.6381493811616],[152.469378063143,-27.6384433911123],[152.469056063187,-27.6383693910801],[152.465520093064,-27.6424693907651],[152.463656073151,-27.6434023905895],[152.463693082964,-27.6448753906047],[152.463883062949,-27.644827390623],[152.464878092669,-27.6462224007316],[152.465334082481,-27.6473403907852],[152.465332072341,-27.6484663907939],[152.465069062271,-27.6492663907743],[152.464601052276,-27.6496353907313],[152.463657052334,-27.6499964006415],[152.463210072234,-27.651194380607],[152.462763061989,-27.6535654005818],[152.462749081901,-27.6542903905861],[152.462591071921,-27.6542694005704],[152.459443062317,-27.653839380258],[152.459344072329,-27.6538264002482],[152.458937062086,-27.6561433902265],[152.458863072042,-27.6565683902225],[152.458815072014,-27.65683838022],[152.457834061426,-27.6624423801678],[152.4578580814,-27.6626373901716],[152.457859071381,-27.6627833901729],[152.457169071458,-27.6627693901051],[152.456665081529,-27.6626383900546],[152.456387061578,-27.6624873900261],[152.455016081866,-27.6613713998827],[152.454669071963,-27.6608913998449],[152.454522052033,-27.660449399827],[152.454491062092,-27.6600073898205],[152.454416062302,-27.6583703898003],[152.454339082373,-27.6578683897887],[152.454125082471,-27.657266399763],[152.453842062565,-27.6567513897312],[152.453525062665,-27.6562273796959],[152.45331106272,-27.6559643896729],[152.452993072797,-27.655626389639],[152.452779072864,-27.6552713896152],[152.452514082956,-27.6547643795852],[152.452405052996,-27.6545373895727],[152.452204083049,-27.654281389551],[152.45127808326,-27.6533943794531],[152.450911073324,-27.6531983994156],[152.450598083368,-27.6531183793842],[152.4502850634,-27.6531343893536],[152.449929073419,-27.6532883993199],[152.449663063422,-27.6535013892955],[152.449486073409,-27.6537583892802],[152.449372093381,-27.6540863992716],[152.449465093302,-27.6546453892851],[152.449421073245,-27.6551473892847],[152.449368073222,-27.6553743792813],[152.449196083212,-27.6556113892663],[152.449059063211,-27.6557383892538],[152.448830063219,-27.6558713892324],[152.448640083228,-27.6559703992146],[152.448376073248,-27.6560413791892],[152.448087073281,-27.6560253991607],[152.447799083325,-27.6559243891317],[152.447475073387,-27.6557053890982],[152.4463670836,-27.6549603889836],[152.445854073722,-27.6544283889291],[152.445262083814,-27.6542043888692],[152.444484083914,-27.6540773887919],[152.443735064009,-27.6539703787176],[152.442713064115,-27.6540053786176],[152.442433074147,-27.6539943985901],[152.441974084221,-27.6538023785435],[152.441604084289,-27.6535813785055],[152.441119074421,-27.6529383984528],[152.440718084535,-27.6523713884091],[152.440605084582,-27.6520883983957],[152.440587084611,-27.6518653983922],[152.440620084639,-27.6516113883935],[152.440785064714,-27.6508663984038],[152.440672054774,-27.6504743783896],[152.440486094816,-27.65030138837],[152.440182084877,-27.6500733883384],[152.439789084937,-27.6499343882987],[152.43946208498,-27.6498723882662],[152.439135085009,-27.6499313882346],[152.43885508502,-27.6500843782083],[152.438556085014,-27.6504003781815],[152.438381064986,-27.6507763881673],[152.438168084968,-27.651110388149],[152.437897074957,-27.651434378125],[152.437733074959,-27.6515623781099],[152.437475064968,-27.6517213880859],[152.437022055005,-27.6518203880422],[152.436645085044,-27.6518353880054],[152.436230085102,-27.6517333979638],[152.435873075164,-27.6515463779274],[152.435516065238,-27.6512593878901],[152.435141065322,-27.6509053878505],[152.434935065374,-27.6506693878285],[152.434671055418,-27.6505503978016],[152.434332085448,-27.6505993877688],[152.433915075465,-27.6508333877297],[152.43341808547,-27.6512283876841],[152.432953075485,-27.6515143976408],[152.432527085513,-27.6516663876002],[152.431977065569,-27.6516933775465],[152.431412085643,-27.6515943874903],[152.431099055674,-27.6516173874598],[152.430651055698,-27.6518173874174],[152.430293065689,-27.6522043873854],[152.430248065645,-27.6525983773841],[152.430397095579,-27.6530033874019],[152.430768075498,-27.6533293874408],[152.431418065411,-27.6534603875056],[152.432036085292,-27.6538803975695],[152.432805065114,-27.6546493876509],[152.433042065035,-27.6550773876775],[152.433191094956,-27.6555823976961],[152.433102064916,-27.6559883976906],[152.432938074899,-27.6562693976767],[152.4326650949,-27.6565013876518],[152.432196064935,-27.6566253876068],[152.430873085059,-27.6567923874783],[152.430307085129,-27.6567223874223],[152.423275066147,-27.6546773967168],[152.423105086172,-27.6546253866998],[152.422987076191,-27.6545703866878],[152.422788086225,-27.6544743966675],[152.422662086243,-27.6544343966548],[152.422519076268,-27.6543643966403],[152.422460096277,-27.6543383766343],[152.422300076307,-27.6542403866178],[152.422211086327,-27.6541563966084],[152.422074066362,-27.6539913965937],[152.421513066486,-27.6534853865348],[152.421335086537,-27.6532253865153],[152.421233076571,-27.6530453765038],[152.421221066598,-27.652834386501],[152.421142076625,-27.6526833864921],[152.420989066672,-27.6524403964752],[152.420838066715,-27.6522253864587],[152.420514056733,-27.6523673864281],[152.420472086673,-27.652887386428],[152.420441496428,-27.6548939164408],[152.420419086385,-27.6552593864415],[152.418447066275,-27.6578893762689],[152.413288076901,-27.6573653857593],[152.412905086667,-27.6595993957393],[152.412864056643,-27.6598283857371],[152.412838076627,-27.6599753857357],[152.412561076479,-27.6614223857199],[152.416654075966,-27.6619693861253],[152.41649807587,-27.6628773861172],[152.422649085104,-27.6636583867261],[152.419132054887,-27.6685133964196],[152.419080594849,-27.6688668764174],[152.418909594819,-27.6692568764037],[152.418587584801,-27.6696918863755],[152.418231604787,-27.6701118663439],[152.417873614743,-27.6707878763142],[152.417668624713,-27.6712078862974],[152.417683624656,-27.6716598763024],[152.417731624598,-27.6720808563104],[152.417760644521,-27.672683846318],[152.417726664471,-27.6731188563181],[152.417453644428,-27.673704866296],[152.417080644415,-27.6741398562628],[152.416588664403,-27.6746648662188],[152.416197674389,-27.6751288661841],[152.415690694412,-27.6753828561364],[152.414998684455,-27.6756508760707],[152.414434724493,-27.6758398760169],[152.41356708455,-27.6761443859343],[152.413499084565,-27.6760763759271],[152.412213084587,-27.6770363858087],[152.41207909459,-27.6771313757963],[152.411920054341,-27.6792833957976],[152.41162908423,-27.6804393857782],[152.411174074161,-27.6813973857412],[152.409915074253,-27.6817603956207],[152.409155074253,-27.6824273955515],[152.407192064391,-27.683042385364],[152.406002064439,-27.6837083852527],[152.405189054539,-27.6836103951723],[152.404250054545,-27.6843913850865],[152.403039064599,-27.6850243849728],[152.40109408476,-27.6854343847856],[152.399703074829,-27.6861053746546],[152.399524074837,-27.6861923846378],[152.397869094983,-27.6864693844779],[152.396481075137,-27.6864493843418],[152.395458085199,-27.6868523842448],[152.394588075167,-27.6878793741677],[152.392178085172,-27.6899623839481],[152.391568065133,-27.6908153838951],[152.391463085,-27.691982383894],[152.39170008491,-27.6925033739213],[152.391770084722,-27.6939643839397],[152.391412064584,-27.6953983839159],[152.390830064479,-27.6967623938697],[152.390684064395,-27.6975733738617],[152.390652054376,-27.69775538386],[152.407681052228,-27.7001053855461],[152.413503061492,-27.7009263961229],[152.412257060728,-27.708200386058],[152.409069081132,-27.7077473757421],[152.40678004983,-27.7202943956165],[152.410135059403,-27.7207893859491],[152.409969059304,-27.7217343759403],[152.405132076445,-27.7491043856815],[152.403485086658,-27.7488433955181],[152.402915426338,-27.7519307654866],[152.39730453705,-27.7511308049308],[152.395376066039,-27.7610033848196],[152.393848096438,-27.7591343846553],[152.393650046547,-27.7584293846304],[152.392379046861,-27.7570083844947],[152.391875676937,-27.7568378344441],[152.389511055624,-27.7695473843125],[152.389237055629,-27.7697443942872],[152.390146815291,-27.7716708143914],[152.390461815262,-27.7716268244219],[152.39540405345,-27.7819053849864],[152.402667771721,-27.789446725757],[152.403661771594,-27.7895877158555],[152.402593861008,-27.7952707357955],[152.408765750228,-27.7961056764066],[152.408512730084,-27.7974956763927],[152.407121899288,-27.8051456963165],[152.407090069272,-27.8053083863147],[152.407058059252,-27.805499386313],[152.40096300003,-27.8046087357091],[152.400865979975,-27.8051397257037],[152.385775241892,-27.8030028442095],[152.385608251793,-27.8039568342006],[152.383403322071,-27.8036628439825],[152.382792351698,-27.8072178839506],[152.385168321397,-27.8075408541857],[152.384998341292,-27.8085438541769],[152.39335107023,-27.8097253950038],[152.391957209398,-27.8176807649298],[152.398669048547,-27.8186083855943],[152.399498068275,-27.8200693856869],[152.39979904802,-27.8218613957305],[152.400162037893,-27.8225653957715],[152.400723047562,-27.8247373858435],[152.399927057484,-27.8260743757761],[152.399330057391,-27.8273493857276],[152.397389067352,-27.8293833855535],[152.394871077444,-27.8308743853187],[152.395021057379,-27.8312633853364],[152.394906047193,-27.8328693953377],[152.394765047051,-27.8341403753339],[152.394843046965,-27.8347613853464],[152.395309076835,-27.835396385397],[152.395666046691,-27.8362493754387],[152.396086046591,-27.8366843854832],[152.396152046524,-27.8371653854934],[152.396423056446,-27.837549395523],[152.397667046076,-27.8394373956596],[152.398436065916,-27.8400433757397],[152.398581045768,-27.8411113857622],[152.398714045653,-27.8419253857816],[152.398640065548,-27.8428373757816],[152.398892055415,-27.8436843858129],[152.398959075302,-27.8445423958262],[152.39984204519,-27.8446603859136],[152.399401054908,-27.8473273858913],[152.399850034757,-27.8481433859417],[152.400129044643,-27.8488193859743],[152.400886054441,-27.849780386056],[152.401277044217,-27.8512413961057],[152.401188054192,-27.8515223860992],[152.401450053959,-27.8531673861378],[152.400933063787,-27.8550113961016],[152.400938063581,-27.8566653861151],[152.401478043288,-27.8585503861827],[152.402626042889,-27.8607543863125],[152.402605052691,-27.8623713763231],[152.402356272555,-27.8636905563091],[152.413444021161,-27.8651042774064],[152.414098901138,-27.8647119974675],[152.414322651114,-27.8647099274894],[152.414663011061,-27.8648352275237],[152.419286210476,-27.8654563679817],[152.420892061405,-27.8565513880692],[152.423228061107,-27.8568793983008],[152.423555071066,-27.8569233883332],[152.425466060826,-27.8571653885224],[152.426543071449,-27.8511923885811],[152.428479062568,-27.8404643886868],[152.432473042056,-27.8410583790831],[152.436259041572,-27.8416163794587],[152.435874041354,-27.8437093994374],[152.443250070415,-27.8447563901691],[152.443404060398,-27.8447583801842],[152.443451030424,-27.8445023801868],[152.448653053398,-27.8159523904732],[152.450385054389,-27.8064393905684],[152.450663034638,-27.804186390578],[152.450645044667,-27.8039694005746],[152.451063044785,-27.8026543806053],[152.451184034854,-27.8019893806119],[152.452266044717,-27.8021423907193],[152.45247205469,-27.8021723807397],[152.459378073814,-27.8031404014252],[152.459918053751,-27.8031683914784],[152.460701043671,-27.8031253915549],[152.461542043603,-27.802935401636],[152.462236053568,-27.8026034017015],[152.462334053563,-27.8025523917108],[152.462260033581,-27.8024783917029],[152.463861074487,-27.7937653917917],[152.464925044485,-27.7928443918889],[152.467171034689,-27.789224382081],[152.466760044897,-27.7879103820304],[152.466664054912,-27.7878713820206],[152.46655707493,-27.7878263920098],[152.466642044941,-27.7876623920168],[152.46741106542,-27.7831214020567],[152.473400054658,-27.7839883826517],[152.481225073661,-27.7851204034293],[152.481898054019,-27.7816444034681],[152.494402992434,-27.7833933947108],[152.494503442421,-27.7834132747208],[152.49451906243,-27.7833234047216],[152.496480973505,-27.772945074833],[152.498991045045,-27.7583473849651],[152.499007065054,-27.758257404966],[152.499107045042,-27.7582723849759],[152.519331072474,-27.7611593869878],[152.519369062496,-27.7609513969899],[152.520806073339,-27.7529023770681],[152.522247344228,-27.7444930171438],[152.523714065085,-27.7363123872239],[152.523815065289,-27.7345833972202],[152.523548065349,-27.734335407192],[152.522963186334,-27.7269190570761],[152.524335146753,-27.7223440571752],[152.524968096843,-27.7210620672274],[152.525591076846,-27.7204950372843],[152.529422046842,-27.7171684076352],[152.529652066847,-27.716928407656],[152.529802046826,-27.716964407671],[152.529461936782,-27.7176170476426],[152.542135065183,-27.7193633989042],[152.542090065206,-27.7192193888987],[152.542085065218,-27.7191273888975],[152.542113055225,-27.7190463988996],[152.542158065235,-27.7189293989031],[152.542167045246,-27.7188344089032],[152.54216007526,-27.7187283989017],[152.542109045294,-27.7184933988948],[152.542111055311,-27.718359398894],[152.54213306532,-27.7182643988954],[152.561685232849,-27.7209973008433],[152.561787062836,-27.7210133908535],[152.561960043331,-27.716882400838],[152.561908063391,-27.7164514008295],[152.562012053378,-27.7164633908399],[152.580658041015,-27.7191244026994],[152.579841500548,-27.723586452654],[152.587900369524,-27.7247579034582],[152.598102518228,-27.7262353744767],[152.598218548213,-27.7262543944883],[152.598636438459,-27.7239147745111],[152.60577032755,-27.7249748952238],[152.604634926891,-27.731249915161],[152.604636166881,-27.7313282751617],[152.608665876405,-27.731622115562],[152.608644296395,-27.7317219355606],[152.607682565853,-27.7369077155064],[152.607648875834,-27.7370864755045],[152.615144734882,-27.7381684162533],[152.615659744817,-27.7382434163048],[152.615863744793,-27.738258416325],[152.628323533189,-27.7402223375716],[152.628525523163,-27.7402513475918],[152.638021061964,-27.7415634085407],[152.638223021939,-27.7415924085609],[152.63913205247,-27.7365434086111],[152.639333062445,-27.7365723986312],[152.647677251388,-27.7377542194656],[152.647985241351,-27.7377792094963],[152.655977060416,-27.7382934002909],[152.65581306034,-27.7390414102806],[152.655409040118,-27.7411744102574],[152.655374040099,-27.7413554102553],[152.655455030089,-27.7413644002634],[152.655776050048,-27.7414094102955],[152.663430029079,-27.7424854110614],[152.663533029055,-27.7425924110724],[152.667529048548,-27.7431614214724],[152.668640038407,-27.7433204115836],[152.667535037777,-27.7493224215214],[152.667435027735,-27.7497484215149],[152.667535037697,-27.7499634115265],[152.684295025557,-27.7524654232057],[152.684414015542,-27.7524784132176],[152.684391025599,-27.7520404232118],[152.684281045637,-27.7518354031993],[152.684138045668,-27.7517084231842],[152.684083035696,-27.7515384031774],[152.684004055726,-27.7513624131682],[152.684124025721,-27.7512994031796],[152.684409015698,-27.7512364132073],[152.684679045661,-27.7512934132345],[152.684964035639,-27.7512234032622],[152.685115035637,-27.7511104132762],[152.685386055658,-27.7507024132999],[152.685577015651,-27.750597423318],[152.685846025625,-27.7505694133444],[152.686121055597,-27.7505554133715],[152.686254025577,-27.750599423385],[152.68630603559,-27.750448403389],[152.68632504562,-27.7501904233889],[152.68620602566,-27.7499734133754],[152.686142035676,-27.7499034133685],[152.685940045708,-27.7498254133479],[152.685798025739,-27.7496984133328],[152.685762035764,-27.7495324133279],[152.685817045778,-27.7493694133321],[152.6858820458,-27.7491404133367],[152.685879015837,-27.7488414233341],[152.685850035885,-27.7484824133284],[152.685836025897,-27.7484064133264],[152.68576105593,-27.7482004133173],[152.685740025947,-27.7480854133144],[152.685737035964,-27.747951423313],[152.68581302598,-27.747762413319],[152.686087035984,-27.747487403344],[152.686282055993,-27.7472504233615],[152.686329026005,-27.747109413365],[152.686358046023,-27.7469394133666],[152.686394036031,-27.7468454233694],[152.686608036003,-27.7468854133909],[152.696111024788,-27.7483174143437],[152.704362033729,-27.7495914151715],[152.70748103249,-27.7567654155371],[152.707547022287,-27.758331425556],[152.719738020726,-27.7601824267795],[152.721506080499,-27.760454396957],[152.721273030458,-27.760986416938],[152.737549038376,-27.7634374285724],[152.737686998283,-27.7640574185909],[152.737695028237,-27.7644194285945],[152.757812075686,-27.7672634306145],[152.758881015371,-27.7688474207332],[152.762619014461,-27.772847421136],[152.762708044441,-27.7729304311455],[152.760641013126,-27.7851914110365],[152.760726013104,-27.7852944210458],[152.780587010601,-27.7879664130408],[152.781968030426,-27.7881594231796],[152.782145020404,-27.7881834231974],[152.782130020394,-27.7882734231966],[152.782834030243,-27.7888644232713],[152.784861020028,-27.7888174134725],[152.786111029677,-27.7905234336102],[152.786535019586,-27.7908794236552],[152.786452999521,-27.7914634336516],[152.786433039508,-27.7915854236506],[152.785965029217,-27.7943074236254],[152.785930029196,-27.7945074236235],[152.785638029014,-27.7962094236079],[152.787116018827,-27.7964074337564],[152.787321008803,-27.7964214337769],[152.787318018802,-27.7964344237767],[152.795167007813,-27.7974864245657],[152.795176027818,-27.7974344245662],[152.797857017483,-27.7977764248357],[152.79810602745,-27.7978214248608],[152.802479016905,-27.7983564253001],[152.801168006053,-27.8062694252319],[152.801108006011,-27.8066554352289],[152.799810025163,-27.8145184351616],[152.799981025101,-27.8148634151813],[152.795764005491,-27.8154214347661],[152.801138004797,-27.8162734353075],[152.805593994223,-27.8169664257564],[152.804052023399,-27.8248474256649],[152.802681002667,-27.8318524355835],[152.800563022937,-27.8315444253703],[152.800499002897,-27.8319194153669],[152.800209002717,-27.8335974253512],[152.800400042692,-27.8336274353704],[152.800362012536,-27.8348994153767],[152.800037012577,-27.834856425344],[152.800030992571,-27.8349124253438],[152.800042022562,-27.8349784353454],[152.800091002546,-27.8350554253509],[152.800175022526,-27.8351414153599],[152.800279012506,-27.8352114253708],[152.800335002498,-27.8352304253766],[152.800426002488,-27.8352314153856],[152.800546012472,-27.8352514153977],[152.800767022439,-27.8353224254203],[152.800829032426,-27.8353734254269],[152.800858012398,-27.8355654154312],[152.800914002384,-27.8356304254373],[152.800994012371,-27.8356664254456],[152.801135992349,-27.8357174354601],[152.801284002334,-27.8357074254748],[152.801460002315,-27.8357024254922],[152.801494022306,-27.835747425496],[152.801494022297,-27.8358184254965],[152.801431022291,-27.8359244254911],[152.801306012278,-27.8361314254803],[152.801123002273,-27.8363284354636],[152.800970032267,-27.8365154354499],[152.800838992276,-27.8365504354371],[152.80073603228,-27.8366154254274],[152.800611012277,-27.8367424254159],[152.80053101227,-27.8368684254089],[152.800434032255,-27.8370704354009],[152.80045600222,-27.8373334254051],[152.800394022199,-27.8375504354007],[152.800439032185,-27.8376214354057],[152.800456002164,-27.8377774254086],[152.800410012157,-27.8378734254048],[152.800063002151,-27.838216435373],[152.799949012147,-27.8383474253627],[152.799778012159,-27.8384034253461],[152.799505032157,-27.8386554153209],[152.799362022149,-27.8388424353081],[152.799334022119,-27.8391104253074],[152.79942400209,-27.8392614253176],[152.799515032075,-27.8392974253269],[152.79959500207,-27.8392674353347],[152.799908022076,-27.8389494153633],[152.800010002071,-27.8389034253731],[152.800471002025,-27.8388694254187],[152.800601012005,-27.838914415432],[152.800607001984,-27.8390764254338],[152.800720001963,-27.8391424354456],[152.800817021945,-27.8392034254557],[152.800765011915,-27.8394864154528],[152.80070299191,-27.8395764254473],[152.800674011898,-27.8396984254454],[152.800679011859,-27.8400014254483],[152.800713001833,-27.8401784354531],[152.800769021815,-27.8402744254594],[152.800825011802,-27.8403334254654],[152.800954001772,-27.8404564254792],[152.800937001734,-27.84077242548],[152.800945031699,-27.841045435483],[152.800701021671,-27.8414764254621],[152.800742011651,-27.8415984354671],[152.800831001635,-27.8416494254764],[152.8011210316,-27.8416784255054],[152.801251011573,-27.8417794255192],[152.801388031531,-27.8419944255345],[152.801469021513,-27.8420664255431],[152.801802991462,-27.8421834255773],[152.801743031414,-27.8426174355747],[152.801602031402,-27.8428304255624],[152.801472011397,-27.8429814255506],[152.801113001434,-27.842998425515],[152.800813011463,-27.8430334254854],[152.800564001477,-27.8431394254615],[152.800413001466,-27.8433524154481],[152.800393001441,-27.8435744154479],[152.800551991381,-27.8439114354664],[152.800731031329,-27.8441694154862],[152.800901011302,-27.8442314255036],[152.801140011264,-27.8443294255282],[152.801400001213,-27.8445074355554],[152.801649001169,-27.8446414255813],[152.801998011116,-27.8447574256169],[152.802268001081,-27.8448014356441],[152.802547011048,-27.844819435672],[152.802886021002,-27.8448914357063],[152.803216020973,-27.8448384357387],[152.803436000945,-27.8448654257609],[152.804015000874,-27.844928435819],[152.8043740208,-27.8452044158569],[152.804872020717,-27.8454264159082],[152.805551000624,-27.845578435977],[152.805751020602,-27.8455784359969],[152.806440030558,-27.8453314260635],[152.806730020556,-27.8450924160905],[152.806850000566,-27.844914436101],[152.80695001059,-27.8446304161088],[152.807031000604,-27.8444534261154],[152.807211020603,-27.8443024361322],[152.807549990586,-27.8441434261646],[152.807830020564,-27.844073426192],[152.807960000547,-27.8440994362051],[152.808079020504,-27.8443394362188],[152.808049020485,-27.8445174262173],[152.808158010447,-27.8447214162297],[152.808348030405,-27.84489041625],[152.808477020365,-27.8450944162644],[152.808617000336,-27.8452014262792],[152.808736020317,-27.8452544262914],[152.808906000284,-27.8453614263092],[152.809075000254,-27.8454594263268],[152.809195010228,-27.8455564163395],[152.809215010217,-27.845628416342],[152.809245020199,-27.8457434363459],[152.809205010183,-27.8459034263432],[152.80915402018,-27.8459744263387],[152.809024990181,-27.8460804263267],[152.808745000181,-27.8463194363007],[152.808445010193,-27.8464874262722],[152.808315000193,-27.8466024262601],[152.808245030187,-27.846709426254],[152.808235020174,-27.8468244262539],[152.808324010151,-27.8469224162635],[152.808523990121,-27.846993426284],[152.808732990098,-27.8469944263048],[152.809033020067,-27.8469764263345],[152.80926301005,-27.8469144263569],[152.809447010036,-27.8468604263748],[152.809675020016,-27.8468214263972],[152.809922999985,-27.8468554364222],[152.810757029856,-27.8471564265076],[152.810985989823,-27.8472194165308],[152.811279009786,-27.8472594365603],[152.811362019771,-27.8473044265689],[152.811719019732,-27.8473054266045],[152.81187198972,-27.8472654266194],[152.812082009699,-27.8472544266402],[152.812228009677,-27.8473004366551],[152.812285029658,-27.8473964266616],[152.812195999638,-27.8476344266546],[152.812175999609,-27.8478834266545],[152.812112019605,-27.8479734266489],[152.811971999614,-27.8480244266353],[152.811870019618,-27.8480754366256],[152.811813009609,-27.8481994166209],[152.811793009575,-27.8484884266211],[152.811837029539,-27.8487374166275],[152.811951999508,-27.84887942664],[152.812079019483,-27.8489644366534],[152.812238019465,-27.8489754266693],[152.812353029451,-27.8489874266808],[152.81258800942,-27.8490274267045],[152.812874029392,-27.8489974167328],[152.81313299937,-27.8489474267582],[152.813426999343,-27.8489074367871],[152.813708999303,-27.8489784168158],[152.81388901927,-27.8490884168345],[152.813967019221,-27.8494094368448],[152.813910009184,-27.8497504268418],[152.81378601916,-27.8500514168318],[152.813763019128,-27.8503214268317],[152.813954029087,-27.850482436852],[152.814259019042,-27.850573436883],[152.814428019029,-27.8505334168996],[152.814586019032,-27.850373426914],[152.814879999053,-27.84995242694],[152.815128999063,-27.8496514269624],[152.815321029059,-27.8495214269805],[152.815581009093,-27.8490204370025],[152.815807019089,-27.8488604270237],[152.815954009088,-27.8487404370374],[152.816190999095,-27.848480437059],[152.816338019093,-27.8483694370727],[152.816676999074,-27.8482204171053],[152.816970019047,-27.8481804171342],[152.817139019015,-27.8482904271519],[152.81721799899,-27.8484214171608],[152.817184018963,-27.8486614271593],[152.816935018968,-27.8488424271359],[152.816811028961,-27.8490024371248],[152.816641008928,-27.8494134271111],[152.816573008894,-27.8497444271069],[152.816706998804,-27.8503354271249],[152.816797008772,-27.8505164371353],[152.81685299872,-27.8508774271437],[152.816852018671,-27.8512684271467],[152.816749998638,-27.8516194271393],[152.816568998622,-27.8518994171235],[152.81612901864,-27.8521394270815],[152.815858008671,-27.8521294370545],[152.81559900872,-27.8519684270274],[152.815372998752,-27.8519084270044],[152.815259998749,-27.8520284269941],[152.815203018671,-27.8527004369937],[152.814976028605,-27.8534214369768],[152.814703988587,-27.8538024269527],[152.814353988579,-27.8541624369207],[152.813958008558,-27.8546734268853],[152.813608008545,-27.8550844168537],[152.813608008525,-27.8552444268549],[152.813708998498,-27.8553654368659],[152.813844018479,-27.8554054268797],[152.814385998413,-27.855456436934],[152.814723988381,-27.8554164169674],[152.814995008352,-27.8554074269943],[152.815311018295,-27.8555884370272],[152.815468008273,-27.8556284270431],[152.81560400825,-27.8556884270571],[152.815795008205,-27.8558794170776],[152.815986998172,-27.8559804270976],[152.816099018142,-27.8561204171098],[152.816099018103,-27.8564314271123],[152.815961998086,-27.8566784371006],[152.815633028074,-27.8570594270708],[152.815447018074,-27.8572234270536],[152.815132028077,-27.8574774270242],[152.814859988078,-27.8577054269989],[152.814810018062,-27.8578694269952],[152.814783998047,-27.8580134269938],[152.814859988017,-27.8581824270026],[152.81501299799,-27.8582674370186],[152.815183997973,-27.8582514370355],[152.81538401796,-27.8581834270548],[152.815536997942,-27.8581924170701],[152.815765007902,-27.8583114270938],[152.816203007831,-27.8584974271388],[152.816451027787,-27.8586254271645],[152.816850987736,-27.8586854272048],[152.817184017708,-27.8586174172375],[152.817393997698,-27.8585164272576],[152.817708017666,-27.8584994272887],[152.817879997654,-27.8584404273054],[152.818184997627,-27.8583904273354],[152.818385017594,-27.858483427356],[152.818546997575,-27.8584924373722],[152.81874701754,-27.8585944273929],[152.819080007476,-27.8588144274278],[152.81925101746,-27.8587894274447],[152.819460997431,-27.858840437466],[152.819641017395,-27.8589684174849],[152.819774027303,-27.859586427503],[152.819983017228,-27.8600014275271],[152.82004901719,-27.8602384275355],[152.819991017165,-27.8604924275317],[152.819867027151,-27.8607124375211],[152.819724017154,-27.8608054375076],[152.819276017183,-27.8609654174642],[152.818952007216,-27.8609904374322],[152.818695007234,-27.8610664274072],[152.81866598721,-27.861286437406],[152.818818017171,-27.8614644174225],[152.819065007117,-27.8616764274488],[152.81951300704,-27.8618974274951],[152.819883996975,-27.8620924275336],[152.820054996935,-27.862262417552],[152.820006996922,-27.8624064275483],[152.819740006923,-27.8626254275235],[152.819682986897,-27.8628794275198],[152.819586996886,-27.8630574175116],[152.819395986888,-27.8632014274937],[152.818871996917,-27.8634294374433],[152.818680996914,-27.8636154374258],[152.818622996895,-27.8638184374216],[152.818718986868,-27.8639534274322],[152.81899500682,-27.8640894274608],[152.819147026786,-27.864225437477],[152.819384016721,-27.8645394375031],[152.819365006694,-27.864767427503],[152.819259986668,-27.8650634274948],[152.819259986649,-27.865216427496],[152.819462016601,-27.8654234175178],[152.820165996493,-27.8656704375898],[152.820618996436,-27.8657304276354],[152.820918986407,-27.865696427665],[152.821109996396,-27.8656204276834],[152.821215006406,-27.8654474376925],[152.821239016427,-27.8652614376935],[152.821371996428,-27.8651344377057],[152.821758016413,-27.8649184277424],[152.821954016424,-27.86466042776],[152.822226016428,-27.8643944377849],[152.82252199642,-27.8642044178129],[152.822735996386,-27.8642894278349],[152.822916996343,-27.8644674378543],[152.823007006305,-27.8646964278651],[152.823057996218,-27.8653394278752],[152.823133986181,-27.8655684278846],[152.823477016098,-27.8659244179216],[152.823857015997,-27.8663944279631],[152.823981005974,-27.8664754279761],[152.824313995932,-27.8665184380096],[152.824902995869,-27.8665064280682],[152.825196025841,-27.8664714280971],[152.825247995851,-27.8663454281013],[152.825252015877,-27.8661394281],[152.825139005916,-27.8659304380871],[152.825025015951,-27.8657444380743],[152.82483499604,-27.8652064380512],[152.82455300616,-27.8645044380176],[152.824416016199,-27.8643094280024],[152.824392006233,-27.8640614379981],[152.824412006242,-27.8639744279994],[152.824456026243,-27.8639264180034],[152.824524026246,-27.8638444280095],[152.824598006247,-27.8637704280163],[152.824804016224,-27.8637794180369],[152.825055026187,-27.8638514180625],[152.825250006152,-27.8639604280827],[152.825406996112,-27.8641424280998],[152.825602016067,-27.8643254281207],[152.825879996012,-27.8645214381499],[152.826221995954,-27.8646864381853],[152.82668901586,-27.8650264282344],[152.826979005802,-27.8652304282649],[152.827221005736,-27.8655434282915],[152.827454025679,-27.8657934183167],[152.827812995609,-27.8660424283544],[152.828243005558,-27.8660684283974],[152.828477995548,-27.8659474384199],[152.828781015539,-27.8657524284485],[152.828943005547,-27.8655524184631],[152.829547985542,-27.8650664285196],[152.82986601553,-27.8648844285498],[152.830140015506,-27.8648414285768],[152.830465015459,-27.8649264186098],[152.830870015361,-27.8653504186535],[152.831256995238,-27.8659934286971],[152.831591005174,-27.8662124287321],[152.831943995105,-27.8664484387691],[152.832260015031,-27.8667624388031],[152.832401014978,-27.8670604288195],[152.832383014935,-27.8674204288205],[152.832769994837,-27.8678604288625],[152.833227994757,-27.86809542891],[152.833756984665,-27.8683624289648],[152.834108994607,-27.8685194390011],[152.834515014525,-27.8688184290439],[152.834656014484,-27.8690224290596],[152.834707994443,-27.869304429067],[152.834707004399,-27.8696484390696],[152.835024994343,-27.8698214291026],[152.835289004327,-27.8697124291281],[152.835694994325,-27.8693834191659],[152.835978014341,-27.8690074291912],[152.836630994307,-27.8687104292539],[152.837337014267,-27.8684134293219],[152.837761004254,-27.8681484393621],[152.838342994228,-27.8678504394178],[152.839243014179,-27.8674604195044],[152.839490004174,-27.8672884295277],[152.839684984182,-27.8670534195453],[152.839596984267,-27.8664574295318],[152.839704004364,-27.8655954395357],[152.839651994415,-27.8652354295277],[152.839651994452,-27.8649374295254],[152.840323004405,-27.8647344295906],[152.840940004347,-27.8646564296515],[152.841328004259,-27.865017419693],[152.8415030142,-27.8653314197129],[152.841820014096,-27.8658804297488],[152.84213702399,-27.8664444397849],[152.842488993898,-27.8668684198233],[152.842789023803,-27.867360429857],[152.842793003785,-27.8675054298586],[152.843039993717,-27.8678284198857],[152.84324300367,-27.8680224299075],[152.843606003588,-27.8683584299463],[152.843998993555,-27.8682814299849],[152.844187993519,-27.8683984300046],[152.84456598347,-27.8684634400428],[152.845161993421,-27.8683344401012],[152.845728983355,-27.868361430158],[152.84600602334,-27.8682454301847],[152.846369013305,-27.8682074302206],[152.847024003248,-27.8680914402849],[152.847315023248,-27.8678334403119],[152.847759003281,-27.8671904303511],[152.848245003336,-27.8663294203928],[152.848667013343,-27.8659134304316],[152.849261013269,-27.8659834404914],[152.849606013229,-27.8659974205259],[152.85029302314,-27.8661094205953],[152.850996993045,-27.8662494306666],[152.851310012997,-27.8663604306987],[152.85195099293,-27.8663334407624],[152.852622992888,-27.8660844308274],[152.852999022887,-27.8657644308624],[152.853203012907,-27.8654314308801],[152.853579002945,-27.8648064309127],[152.853923012944,-27.8645154309447],[152.854271992956,-27.8641194309764],[152.85446799297,-27.8638344209937],[152.854850992977,-27.8634524310289],[152.85526599299,-27.8629874410667],[152.855492992994,-27.8627584310875],[152.855744002996,-27.8625294311107],[152.855940003024,-27.8621334411272],[152.855932013059,-27.8618624311242],[152.855862993129,-27.8613694311135],[152.855691993245,-27.8605984410904],[152.855622013305,-27.8601814310801],[152.855716003314,-27.8600284410883],[152.855919023303,-27.8599454311079],[152.856177003269,-27.8599874411339],[152.856411983227,-27.8601194411584],[152.85732602305,-27.8607244212543],[152.857841002965,-27.8609544313075],[152.858387992873,-27.8612124413641],[152.85888000278,-27.8615184314155],[152.859224022735,-27.8615744314503],[152.85985799267,-27.8615404215133],[152.86048301262,-27.8613954415745],[152.86102299258,-27.8612424216271],[152.861579002564,-27.8608884316798],[152.862243012508,-27.860757431745],[152.862548002487,-27.8606604317747],[152.862885002462,-27.8605704318076],[152.862978992476,-27.8603764418154],[152.862986992497,-27.8602024318149],[152.862739002551,-27.8599864217884],[152.862304982628,-27.8597574317434],[152.862054992672,-27.8596244317174],[152.861757992717,-27.8595234216869],[152.861503012752,-27.8594654316611],[152.861433002764,-27.8594374316539],[152.861309992784,-27.8593824316412],[152.861229992798,-27.8593394216328],[152.861017012823,-27.8593284316115],[152.860606022892,-27.859135421569],[152.860251022973,-27.858803441531],[152.860000013014,-27.8586974315051],[152.85974998308,-27.8583864314777],[152.859214023196,-27.8579364414207],[152.859159013235,-27.8576744214132],[152.859726993202,-27.857442431468],[152.860063993181,-27.8573174315006],[152.860315003183,-27.8570844415238],[152.860697013161,-27.8569304315607],[152.861579983093,-27.856698441647],[152.862550013015,-27.856476441742],[152.863094992981,-27.8562744317948],[152.86430500287,-27.8561104319142],[152.864904002825,-27.8559464319727],[152.865853002739,-27.8558024320662],[152.866550012669,-27.8557544421354],[152.867051012609,-27.8557934321857],[152.867552992564,-27.8557164422352],[152.868261022522,-27.8554364423036],[152.868665002513,-27.8551564223417],[152.869558992439,-27.8549724224295],[152.870593992361,-27.8546924325305],[152.871433012306,-27.854403442612],[152.871814992249,-27.854519432651],[152.872086982194,-27.8547234326798],[152.872378982127,-27.8550004327111],[152.872639012071,-27.8552184427387],[152.872929992018,-27.8553814427691],[152.873236001966,-27.8555324428008],[152.87364999191,-27.8556144328427],[152.873956001863,-27.8557234328741],[152.874232011821,-27.8558184329024],[152.874630011774,-27.8558464429424],[152.875104991756,-27.8555744329876],[152.87539699176,-27.8552884430145],[152.875474001826,-27.8547034330176],[152.875444001953,-27.8537224330069],[152.875368001991,-27.8534914229975],[152.875061992076,-27.8530824329638],[152.874709982149,-27.8528094429265],[152.874343012211,-27.8526324328885],[152.874097002247,-27.8525644328634],[152.873668022295,-27.8525504428205],[152.87316300233,-27.8527124327713],[152.872549992382,-27.8528344327111],[152.871814002443,-27.8529844326389],[152.871262012512,-27.8529154325832],[152.870618992614,-27.8526694325171],[152.870237022692,-27.8523834224768],[152.870190992724,-27.8521654424705],[152.870467002747,-27.8517434324947],[152.870636002779,-27.8513484425085],[152.871035022764,-27.8511174325465],[152.871892992734,-27.8506144326281],[152.872445012698,-27.8504244426817],[152.872629012679,-27.8504114327],[152.873349012556,-27.8507654327746],[152.873976992456,-27.8510114228392],[152.874313992414,-27.8510524428732],[152.874681002375,-27.8510394329097],[152.874972022333,-27.8511214329394],[152.875232992305,-27.8511214329654],[152.875692012244,-27.8512034430119],[152.8760600122,-27.8512314330488],[152.876488992131,-27.851408433093],[152.876856002069,-27.8515864231311],[152.877500011988,-27.851668433196],[152.877775981954,-27.8516954232237],[152.878633991841,-27.8518464233106],[152.879008991802,-27.8518344333479],[152.879469981761,-27.8517554433933],[152.879665001742,-27.8517394434126],[152.879917001707,-27.8517954434382],[152.880123991679,-27.8518404334593],[152.880608021638,-27.8517454335068],[152.880659011637,-27.8517124335117],[152.880727991646,-27.8515784335175],[152.880853991647,-27.8514664335292],[152.880967001652,-27.8513264235394],[152.881024011669,-27.8511424235436],[152.88094301171,-27.8508904335336],[152.88089899177,-27.8504494335257],[152.880861981805,-27.8502084335201],[152.880724011875,-27.8497724235029],[152.880680001938,-27.8493084334949],[152.880692991988,-27.848900433493],[152.880845012013,-27.8485764435056],[152.881109022019,-27.8483024335298],[152.881304002008,-27.8482194235486],[152.881674991967,-27.8482194235856],[152.881913991939,-27.8482364236096],[152.88210298192,-27.8482254436284],[152.88231001189,-27.8482814436495],[152.882574021834,-27.8484994436776],[152.882706001796,-27.8486844436922],[152.882832001768,-27.8487904337056],[152.883139991715,-27.8489474337376],[152.883448011662,-27.8490984337696],[152.883793991619,-27.8491374338044],[152.884654991517,-27.8492054438909],[152.885032001471,-27.8492394439288],[152.885648011368,-27.8495254339925],[152.886019001315,-27.8496204340303],[152.886610001241,-27.84969942409],[152.887106991169,-27.8498334441406],[152.88772300107,-27.8500854342041],[152.88813202101,-27.8502064342459],[152.888452010967,-27.8502704342784],[152.88891801092,-27.8502374243247],[152.890099990796,-27.8501994244424],[152.890710010721,-27.8502674345038],[152.891534000613,-27.8504074445872],[152.892024010551,-27.8504694346366],[152.892641010477,-27.8505254346987],[152.893049010413,-27.8506824447407],[152.893169020378,-27.850850444754],[152.893193000344,-27.8510964347583],[152.893092000298,-27.8515544447518],[152.892979000277,-27.8518114447426],[152.892757990258,-27.8521524347232],[152.892531980251,-27.8524094347026],[152.892374010247,-27.8525774346882],[152.892248010243,-27.8527164246767],[152.891977990232,-27.8530354446522],[152.891594010223,-27.8534424446171],[152.8914489902,-27.8537444346049],[152.891518010155,-27.8540404346142],[152.891624010119,-27.8542364446263],[152.891793990081,-27.8543934346445],[152.89209599005,-27.8543714346745],[152.892429020031,-27.8542374447067],[152.892787990032,-27.8539184247401],[152.89321599001,-27.8537184447812],[152.893668999977,-27.8535894448255],[152.894040019934,-27.8536064448626],[152.894559009857,-27.8537694249158],[152.894859989799,-27.8539704349474],[152.894922989771,-27.854138424955],[152.894796989731,-27.8545634249458],[152.894770999687,-27.8549324349461],[152.894796009638,-27.8553014349515],[152.895022009563,-27.8556924249771],[152.895135019503,-27.8560724349914],[152.895297989441,-27.8564194450104],[152.895498999384,-27.8566994350327],[152.895712989334,-27.8569114350557],[152.895888999302,-27.8570124450741],[152.896152999252,-27.8571804351018],[152.896857009129,-27.8575384351749],[152.897384989064,-27.8575944352281],[152.897623989065,-27.8573824452503],[152.898103019088,-27.8567904452935],[152.898393009125,-27.8562424353182],[152.898682999224,-27.855214445339],[152.898959999261,-27.8546784453625],[152.899226009285,-27.8542624353858],[152.899430989301,-27.8539544254039],[152.899619009308,-27.853738445421],[152.899974989325,-27.8532984354531],[152.900152019328,-27.8531154354693],[152.900452009317,-27.852949435498],[152.900789009285,-27.8529074355313],[152.901519009228,-27.8527254356028],[152.901851019204,-27.8526294356352],[152.902660989153,-27.8523354357138],[152.903689999093,-27.8519204258134],[152.904411019034,-27.8517624358842],[152.905403018939,-27.8516554359825],[152.905899008899,-27.8515394360311],[152.906778988837,-27.851273426117],[152.907827018758,-27.8509914362195],[152.908799998684,-27.8507344263147],[152.909389978632,-27.8506354363729],[152.910382018533,-27.8505604364714],[152.910971018475,-27.8505114365299],[152.911971988387,-27.8503454266286],[152.913919008207,-27.8500804368212],[152.914649008148,-27.8499234468929],[152.915276008109,-27.8496824269537],[152.91578999809,-27.8493914470028],[152.916295998083,-27.8490094370503],[152.916736008066,-27.8487684370924],[152.91708198804,-27.8486694471262],[152.91764397798,-27.8486614371824],[152.917906017951,-27.8486614372086],[152.918093007939,-27.8485974372268],[152.918266017929,-27.8485274372435],[152.918629987961,-27.8479614272754],[152.918903007999,-27.8474224272985],[152.919084998034,-27.8469914373133],[152.919449018052,-27.8465344273461],[152.919812998063,-27.8461304273793],[152.920147008054,-27.845915437411],[152.920540988024,-27.8458074374496],[152.921479987891,-27.8460504375454],[152.92175398786,-27.8460584475728],[152.922048987941,-27.8451654275953],[152.922291017971,-27.844719437616],[152.922488988001,-27.8443114376326],[152.922815008018,-27.8438964476619],[152.923118978043,-27.8434384376887],[152.923391018054,-27.8431154477134],[152.923845988062,-27.8426574477553],[152.924218978079,-27.842199437789],[152.924593988054,-27.8420784278255],[152.924947998015,-27.8420734378609],[152.926198007881,-27.8420544379857],[152.926911987817,-27.8419454380563],[152.927583987778,-27.8416774381214],[152.928063997745,-27.8415194381681],[152.928859007671,-27.8414224382469],[152.929737017609,-27.8411544483326],[152.93002499761,-27.8408984483594],[152.930189977626,-27.8406304383738],[152.930299007652,-27.8403264383823],[152.930684007659,-27.8399364484177],[152.930958017642,-27.8398384284444],[152.931479017574,-27.8399244384972],[152.932000017488,-27.8401564485511],[152.932671977381,-27.8404244386204],[152.933493997266,-27.8406204487042],[152.933959987207,-27.8406814387513],[152.934495007163,-27.8405714388039],[152.935290997077,-27.8405604288835],[152.93649699693,-27.8406824390051],[152.937430006833,-27.8406464390981],[152.938307976734,-27.8406714291862],[152.938961986642,-27.8408344392529],[152.939368016582,-27.8409534492944],[152.939678996522,-27.8411604393272],[152.939993006472,-27.8412844493596],[152.940272996434,-27.841341449388],[152.940781986359,-27.8414994394402],[152.941226006295,-27.8416184494856],[152.941528996242,-27.8417754395171],[152.941921006163,-27.8420604295586],[152.942374996075,-27.8423664396064],[152.942681006022,-27.8425194396382],[152.943013015969,-27.8426494296725],[152.943356005923,-27.8427154397073],[152.943884015859,-27.8427704397606],[152.944264015824,-27.8427154397982],[152.944687995791,-27.8426124298398],[152.944871995773,-27.8425924398581],[152.945008975759,-27.8425884398718],[152.94530597572,-27.8426404399019],[152.94576000565,-27.8428034499486],[152.946042985594,-27.8430014299785],[152.946283005542,-27.8432024400041],[152.946439015494,-27.8434474300216],[152.946165995507,-27.8435774299953],[152.945486985575,-27.8436324299278],[152.944958975576,-27.8440774498785],[152.944748005525,-27.844664439862],[152.945125015302,-27.846098449911],[152.945062995202,-27.8469424299114],[152.945133005091,-27.8477554299248],[152.944788994994,-27.8488194398987],[152.944886004893,-27.849530439914],[152.945528004781,-27.8498594399809],[152.946240014725,-27.8496874500508],[152.946882014657,-27.8496724401149],[152.947897004495,-27.8500724502196],[152.949637984185,-27.8510184504013],[152.950107994085,-27.8514024304514],[152.950799003941,-27.8519494405248],[152.950965993846,-27.8525544505463],[152.950722973848,-27.8527444405235],[152.948338984001,-27.8535974402916],[152.947648004015,-27.8540754402262],[152.947549993986,-27.8543894402188],[152.948279013847,-27.8548584402955],[152.949145993747,-27.8549014503826],[152.949941983591,-27.8554444404665],[152.949972973566,-27.855619430471],[152.950419993443,-27.8562054405204],[152.950810983376,-27.856396430561],[152.951705993232,-27.8567594406534],[152.951929013125,-27.8574124306809],[152.951962003092,-27.857642440686],[152.95153700307,-27.8581814406477],[152.951277993092,-27.8582344506222],[152.95100497311,-27.8583224505955],[152.950721993126,-27.8584464405682],[152.950625993123,-27.8585504405594],[152.950459013125,-27.8586804405437],[152.95027100314,-27.8587254405252],[152.949822993186,-27.8587464304806],[152.949433983237,-27.8586824404411],[152.94787400335,-27.8591334302885],[152.946714003387,-27.859843450178],[152.945186003473,-27.8604844300301],[152.943354983581,-27.8612084498526],[152.942905003601,-27.8614404398094],[152.942600993556,-27.8620594497838],[152.942914973413,-27.8629124498219],[152.943653003233,-27.863701439902],[152.944433003042,-27.8645294399865],[152.944795992904,-27.865311440029],[152.944768002849,-27.8657664400298],[152.944161002751,-27.8670604399792],[152.943946972617,-27.8683034399676],[152.94422900232,-27.8704024300123],[152.944692991979,-27.8726964300767],[152.945098001755,-27.8741134401284],[152.945486981611,-27.8749144301736],[152.945906981413,-27.8761144402251],[152.946127991232,-27.8773494402569],[152.946575011086,-27.8781174503077],[152.946862000973,-27.8787634303415],[152.94730698084,-27.8794264403912],[152.947950980614,-27.8806534504653],[152.948430990492,-27.8812004405176],[152.949405980313,-27.8817744406197],[152.950082000217,-27.8819484506888],[152.950350970123,-27.8824554407197],[152.950291000023,-27.8832954307203],[152.950590989941,-27.8836824307533],[152.950620989865,-27.8842554407608],[152.951369969619,-27.885554450846],[152.951444979549,-27.8860354508573],[152.951325009478,-27.8867014508505],[152.951354969389,-27.8873814408589],[152.951158969358,-27.8877954508425],[152.951148019184,-27.8891734408522],[152.951100999153,-27.8894564308497],[152.951036979126,-27.8897284408455],[152.951033009072,-27.8901544408484],[152.951141988973,-27.8908434308647],[152.951278978927,-27.8910904508804],[152.951606968853,-27.8913914409156],[152.951690008818,-27.8915954409255],[152.951502978775,-27.8920954409107],[152.951042968768,-27.8925434408682],[152.950705018742,-27.8930424408383],[152.950308988719,-27.8935644308027],[152.950180988674,-27.8940294507936],[152.950250988588,-27.8946484408054],[152.950149008563,-27.8949374507975],[152.94988697856,-27.8951864407732],[152.949433978606,-27.8952094307281],[152.948872018681,-27.895107440671],[152.948213998754,-27.8951014506051],[152.947390998793,-27.8955034405259],[152.947110968768,-27.8959404405013],[152.947136008711,-27.8963654405071],[152.947326978613,-27.896975440531],[152.947658978512,-27.8974854305683],[152.948194978361,-27.8982144406276],[152.948493008252,-27.8988124406622],[152.948780988132,-27.8995104406965],[152.949197998035,-27.8999164407414],[152.949336997987,-27.9001804407574],[152.949236987952,-27.9005424507502],[152.949067987913,-27.9009924407368],[152.94931600781,-27.9015924307664],[152.949702977728,-27.9019014408075],[152.950318987668,-27.9018404408687],[152.952146987519,-27.9014434310486],[152.952717007495,-27.9011394411033],[152.953442007419,-27.9011124311756],[152.953978987315,-27.9014664512322],[152.954821997026,-27.9030194513288],[152.954781986978,-27.903434441328],[152.954453996979,-27.9037084412973],[152.953857997029,-27.9038224412385],[152.953321987011,-27.9044314411897],[152.952903996941,-27.905340441155],[152.952824016821,-27.906358441155],[152.953170986619,-27.9076554411999],[152.95355799646,-27.9085744412458],[152.954094986367,-27.9088394413017],[152.954869006261,-27.9090064413805],[152.95526696617,-27.9093774414232],[152.955571996062,-27.9099724314584],[152.955561996009,-27.9103964314608],[152.955333975982,-27.9108024414411],[152.954916015983,-27.9111554314021],[152.954926965954,-27.9113764414049],[152.954936015923,-27.9116144414077],[152.955322995841,-27.9119234414488],[152.956018975744,-27.9120914415198],[152.956643995683,-27.9120294515819],[152.957240005619,-27.9120214416415],[152.958244015525,-27.9118974317411],[152.958714975453,-27.9120584417895],[152.959170965339,-27.9125614318391],[152.959438985244,-27.91307344187],[152.959438985146,-27.9138504418761],[152.959677005009,-27.9147244419068],[152.960093974794,-27.916057431959],[152.960182964651,-27.9171074419762],[152.959993964476,-27.9186454419693],[152.959466984423,-27.9195194319234],[152.95912899438,-27.9201544418945],[152.95923896425,-27.9210814419128],[152.95966298417,-27.9213494319574],[152.96031998415,-27.9209364420199],[152.969102983029,-27.9221874529094],[152.978160961873,-27.923469443827],[152.97841997184,-27.9235074438533],[152.982584981307,-27.9241054342754],[152.98260699132,-27.9239854442766],[152.983979982168,-27.9161284443526],[152.984670992491,-27.9129894343972],[152.984657962598,-27.9121614543894],[152.984623002637,-27.9118804543837],[152.984995992583,-27.9119844444219],[152.988134991951,-27.9142534447543],[152.990632981565,-27.9151374550117],[152.991117991495,-27.9152694550614],[152.991436011461,-27.9152604450932],[152.99575531095,-27.9155608655286],[152.995892010934,-27.9155704455424],[152.999654970418,-27.9163894459262],[153.000536010153,-27.9177094560249],[153.001202970014,-27.9182284560959],[153.004352009515,-27.9194414464213],[153.01269897845,-27.920622447268],[153.01371699904,-27.9151064473268],[153.01362198931,-27.9130664573013],[153.014176969412,-27.9117854373469],[153.013263999777,-27.909707447239],[153.01364999015,-27.906435447252],[153.014545990292,-27.9045484473271],[153.015285110685,-27.900822467372],[153.016356640601,-27.9005624374775],[153.017473980537,-27.900103447586],[153.017863980473,-27.9002724476265],[153.018303990384,-27.9005954576732],[153.019197950266,-27.9007504677642],[153.02085600001,-27.9013364579352],[153.023354129788,-27.9009334381828],[153.024866979562,-27.9014044483384],[153.025971979362,-27.9020304484542],[153.026340009306,-27.9021554484921],[153.026948649241,-27.9021381885531],[153.030328988886,-27.9020264488916],[153.031165968737,-27.9024714489792],[153.031486988693,-27.902541459012],[153.031617988654,-27.9027374390267],[153.032180008428,-27.9040304490933],[153.031425998348,-27.9053084490276],[153.030807978216,-27.9068734489778],[153.030632998043,-27.9083834589721],[153.031530967834,-27.9092584490691],[153.031433007489,-27.9120544490813],[153.03101795733,-27.9136614490522],[153.030984997073,-27.915709459065],[153.032180006736,-27.9173244491977],[153.034053996465,-27.9178404593899],[153.03518596641,-27.9173044594994],[153.036103976357,-27.9169254495886],[153.036180996337,-27.917015449597],[153.037060976155,-27.9176914596907],[153.038567985656,-27.9203164598627],[153.039135995416,-27.9217144499308],[153.039732995228,-27.9226714499982],[153.03996199517,-27.9229304500233],[153.040479995103,-27.9230114500759],[153.045257954519,-27.9234914505597],[153.048561974115,-27.9238234508943],[153.047758973605,-27.9285154608504],[153.048634973494,-27.9286334509394],[153.047417992747,-27.9355414608714],[153.050561992313,-27.9362444611928],[153.052008992137,-27.9363824513393],[153.054459971886,-27.9362464615846],[153.056966971632,-27.9360844518353],[153.057980981529,-27.9360194419367],[153.057861991463,-27.9366424519296],[153.067618550192,-27.9382184129229],[153.069695939922,-27.9385534431345],[153.070042989889,-27.9385114531691],[153.070216979892,-27.9383404531852],[153.070216979918,-27.9381414531836],[153.070076969946,-27.9380364431687],[153.069894979986,-27.9378814531492],[153.069740990031,-27.937657453132],[153.069719960057,-27.9374714531284],[153.069803990056,-27.9374084431364],[153.070111970011,-27.937495453168],[153.070216980014,-27.9373834531777],[153.070328960026,-27.9371914631874],[153.070481970029,-27.9370414632017],[153.070726960018,-27.9369174532253],[153.07092296999,-27.9369674632454],[153.071069989952,-27.9371414532616],[153.071335959911,-27.9372344532891],[153.071489959895,-27.9372214433044],[153.071545979899,-27.9371474433095],[153.071461959922,-27.9370354533002],[153.071335959958,-27.9368614532861],[153.07135698998,-27.9366744632868],[153.071531969976,-27.9365504533034],[153.071754979951,-27.9365564433259],[153.072209949892,-27.9366304433722],[153.072440959875,-27.9365624633949],[153.072664959896,-27.9362084634147],[153.07300696989,-27.9359594534471],[153.073286959869,-27.9358844534747],[153.073398979851,-27.9359284434863],[153.073510959788,-27.9363254535007],[153.073916989761,-27.9361884435404],[153.074224979766,-27.935884453569],[153.074608949738,-27.9357784436068],[153.075161969691,-27.9356724636616],[153.075231969704,-27.9355104536674],[153.075119959778,-27.9350264636523],[153.075244969855,-27.9343114536593],[153.075328949865,-27.9341624536666],[153.075517989865,-27.9340004536843],[153.075761949844,-27.9339514637085],[153.076146959805,-27.933932463747],[153.076538959788,-27.9337264437849],[153.076909989765,-27.9335904538211],[153.077328969732,-27.9334844438624],[153.077762959699,-27.9333724539052],[153.078489959634,-27.9332594539775],[153.078818969602,-27.9332284440103],[153.079168969569,-27.9331844540452],[153.079490979549,-27.9330604440766],[153.07960897954,-27.9330354540883],[153.079751989528,-27.9330004541024],[153.080175969498,-27.9328794641441],[153.080539989485,-27.932662454179],[153.08090998946,-27.9325434442153],[153.081028979446,-27.9325504542273],[153.081266959407,-27.9326494542521],[153.081574979367,-27.9326984542834],[153.081756969351,-27.9326674543015],[153.081847959348,-27.9326114543102],[153.081889979354,-27.9325304643138],[153.081953959345,-27.9325474643204],[153.084651968945,-27.9333684545983],[153.084799968923,-27.9334144646136],[153.084892978913,-27.9334144646229],[153.084917978965,-27.9329844546221],[153.084976959027,-27.9324414546237],[153.085110949058,-27.9320854646344],[153.085325979063,-27.9318614646543],[153.08589894904,-27.9315504547095],[153.086568978987,-27.9313924547757],[153.087614958913,-27.9310734548785],[153.087817978897,-27.9310244448985],[153.088365988852,-27.9309094549527],[153.088743978856,-27.930552454988],[153.089310968928,-27.9295024550368],[153.089652978964,-27.9289254550667],[153.089829969007,-27.9284314550806],[153.089864969065,-27.9279484550804],[153.089828979136,-27.9274244650726],[153.090040969188,-27.9268364550893],[153.090179959248,-27.9262444550987],[153.090474959282,-27.9257294551243],[153.091017969262,-27.9254144551765],[153.092777959121,-27.9250144453505],[153.093817959038,-27.9247724454533],[153.094419989016,-27.9244254655112],[153.09516096897,-27.9241464655836],[153.095490968961,-27.9239364556152],[153.09558495899,-27.9236324556222],[153.095348989061,-27.9232754455957],[153.095265979121,-27.9228764555842],[153.095051979282,-27.9217954455541],[153.094826959358,-27.9213964555284],[153.094684979436,-27.9209034555102],[153.09434198952,-27.9205424654728],[153.094010969626,-27.9199974554352],[153.094151969726,-27.9190944454423],[153.093890959828,-27.9185174454115],[153.094020969851,-27.9182234454223],[153.094906969804,-27.9178344455084],[153.095343979764,-27.9177704555519],[153.096025989704,-27.9176544656197],[153.096438979659,-27.9176544656613],[153.096935969562,-27.9179904557139],[153.097407989502,-27.9180524557619],[153.098530979382,-27.9180314558748],[153.099894989218,-27.9181454560131],[153.100473989159,-27.9181134460711],[153.101016959149,-27.9177244461227],[153.101040979182,-27.9174414561229],[153.100768979268,-27.9170004560921],[153.100826979317,-27.9165704560945],[153.101074959347,-27.916125456116],[153.101499969378,-27.915516456154],[153.101522959446,-27.914960456152],[153.101722979501,-27.9143614661674],[153.102277959495,-27.9139314462199],[153.102926969459,-27.9136574662831],[153.10345895948,-27.9130384563318],[153.104367949451,-27.912481456419],[153.10532395937,-27.9123024465138],[153.105867959353,-27.911966456566],[153.106320959372,-27.9114264566074],[153.106228979521,-27.9103404565896],[153.106063959601,-27.9098574565692],[153.10569694967,-27.9096274565304],[153.104065989946,-27.9088624463601],[153.102765970162,-27.9082864562247],[153.102174960272,-27.9079314561624],[153.101983950307,-27.9078224561423],[153.101231980472,-27.9071704560615],[153.101097950536,-27.906788456045],[153.101183980566,-27.9064724560511],[153.102614970607,-27.9049264661831],[153.103043990639,-27.9043074562214],[153.103128960698,-27.9037724562258],[153.102879960858,-27.9027344561926],[153.102602960915,-27.902522466163],[153.101809961005,-27.902497446083],[153.10071197114,-27.9023794559715],[153.099459981358,-27.9017444658404],[153.098275961582,-27.9010074557154],[153.097921981675,-27.9005834556765],[153.097674981852,-27.8994044556423],[153.098006992096,-27.8972074456585],[153.097805982256,-27.8961274556298],[153.097756962352,-27.8954144456192],[153.09811897241,-27.8946504556497],[153.098366992478,-27.8939034556688],[153.098766952627,-27.8923904556972],[153.099414982672,-27.8914824557553],[153.100110962645,-27.8911004558223],[153.10084698255,-27.8912094558973],[153.101912962336,-27.8919724460106],[153.102485972254,-27.8921244660695],[153.103067972218,-27.8919124561265],[153.103573972235,-27.8913434461729],[153.103667962308,-27.8906904561773],[153.103381982397,-27.8902404561449],[153.101957972714,-27.8889754459916],[153.101135992893,-27.8882714459033],[153.101059962948,-27.8879064658928],[153.101383972967,-27.8874824659221],[153.102041952945,-27.8870914659853],[153.102432982956,-27.8866664660213],[153.102737972991,-27.8861324660478],[153.103124983025,-27.8855344460821],[153.103525972992,-27.8854494561218],[153.104165962887,-27.8857284561884],[153.10512098276,-27.885906466286],[153.105425982737,-27.8858214563161],[153.105950962734,-27.8853964563656],[153.106976972714,-27.8846744564632],[153.108302982616,-27.8843084565939],[153.110183972449,-27.884001466781],[153.11119499239,-27.8836024568797],[153.111585972398,-27.8832034469159],[153.111595972425,-27.8829824469152],[153.111375952476,-27.8827704568914],[153.110802982557,-27.8826264568325],[153.110061952665,-27.8824184567562],[153.10789298295,-27.8820394665348],[153.106202953181,-27.8816754563617],[153.104528953386,-27.8815024461918],[153.103955983482,-27.881239456132],[153.103506953588,-27.8807904560833],[153.102904963747,-27.8800614660169],[153.102350963873,-27.8795524559571],[153.102149963931,-27.8792644659346],[153.101948994073,-27.878322465907],[153.101880994158,-27.8777174558954],[153.102128974224,-27.8769874459146],[153.102938984276,-27.8758844559875],[153.103224954314,-27.8753414460121],[153.103252994364,-27.8749254560116],[153.103061984418,-27.8746704559904],[153.102587964505,-27.8743874559404],[153.101498984715,-27.8736764458252],[153.100848994869,-27.8730234557546],[153.100771974921,-27.8726834557442],[153.100914984967,-27.8722004657548],[153.101024954984,-27.8719754657641],[153.101228954978,-27.8718414557836],[153.101519974955,-27.8717734658123],[153.101800984927,-27.8717544658405],[153.102123974886,-27.8718024558734],[153.102555984821,-27.8719364459179],[153.102781954777,-27.8720894659419],[153.102964974743,-27.8722034559612],[153.103558974652,-27.8724044660226],[153.10402295456,-27.8727304460719],[153.104528954484,-27.8728924561241],[153.105024954406,-27.8730834461756],[153.105822994288,-27.8733224462578],[153.106406994239,-27.8732084563157],[153.106696984235,-27.8729864563432],[153.106941974247,-27.8726884563655],[153.107069974291,-27.8722304563748],[153.107223974327,-27.8718174563871],[153.107403994423,-27.8709124563981],[153.107505974518,-27.8700764564018],[153.107479984588,-27.869549446395],[153.107311974678,-27.8689884563737],[153.107117974717,-27.8688514663531],[153.106821964737,-27.868942466324],[153.106499954755,-27.8690804562926],[153.106112984777,-27.8692414662549],[153.105687974826,-27.869218446212],[153.105132964922,-27.8689444661539],[153.104578965013,-27.8687044660962],[153.104140965094,-27.8684404460501],[153.10422998514,-27.8680054560556],[153.104815955131,-27.8675694461112],[153.105047985147,-27.867248456132],[153.105098975171,-27.8670194661354],[153.108061975084,-27.8651614564192],[153.108885965093,-27.864382456496],[153.109452995096,-27.8638784565492],[153.109786965103,-27.8635344565801],[153.110328995071,-27.8633274566331],[153.111178964984,-27.8632814667183],[153.111848964931,-27.8631204567846],[153.113213985001,-27.8614004569085],[153.113702975009,-27.860919456954],[153.114423964974,-27.860575457024],[153.115351974862,-27.8606654571181],[153.116047954751,-27.8609404571904],[153.117398964472,-27.8619714673346],[153.118252954296,-27.8626214574258],[153.118655994206,-27.8629804574692],[153.119871983917,-27.8642054676014],[153.120330973819,-27.8645794676506],[153.120881133708,-27.8649783977091],[153.121185983646,-27.8651994577416],[153.121398963608,-27.865320457764],[153.122303983423,-27.8659964478605],[153.122767973343,-27.866220447909],[153.123098993299,-27.8662854579429],[153.123632983255,-27.8661724579958],[153.124000973257,-27.8658414580303],[153.124155953304,-27.865342458042],[153.123755993547,-27.8637784479894],[153.123663973645,-27.8630904579747],[153.123856983651,-27.8628764679925],[153.12440696359,-27.862888448048],[153.124892963527,-27.8629674680976],[153.12544696347,-27.8629354581532],[153.126063953411,-27.8628734682149],[153.126740963361,-27.8626804582816],[153.127161983337,-27.8625134583227],[153.127644993295,-27.8624294683708],[153.12825297323,-27.8624154584319],[153.128829963143,-27.8626084584916],[153.12928198309,-27.8626364685374],[153.129811963027,-27.8626774585911],[153.130715992937,-27.8626074586817],[153.131573962858,-27.8624954587673],[153.132009992831,-27.86232845881],[153.132336952806,-27.8622454688423],[153.132523982786,-27.8622454688611],[153.132726962758,-27.8622864588819],[153.133568972621,-27.8626454589696],[153.134020952557,-27.8627564590161],[153.134363982548,-27.8625344590489],[153.134612982565,-27.8621874490713],[153.134721972599,-27.8618274590794],[153.134736972635,-27.8615364590787],[153.13339199322,-27.8581014689161],[153.133047973342,-27.8574374688762],[153.132859963471,-27.8565924588506],[153.132328963679,-27.8554144487878],[153.132405983718,-27.8550404587926],[153.132981983724,-27.8544994588464],[153.133620993687,-27.8542494489089],[153.134134983652,-27.8540834489594],[153.13463397362,-27.8539024690083],[153.135116983594,-27.8536944490553],[153.135583963577,-27.8534304591003],[153.136970963537,-27.8525564592333],[153.137375963514,-27.8523894592728],[153.137671983493,-27.852306449302],[153.138014973448,-27.852361459337],[153.138450963376,-27.8525544693825],[153.139043973269,-27.8528864694449],[153.139994983133,-27.8531354595428],[153.140681993023,-27.8534114596142],[153.140899962973,-27.8536194596379],[153.14121299285,-27.8543114696749],[153.14150897277,-27.8546854597076],[153.141695952748,-27.8546994697266],[153.142272982684,-27.8547124497849],[153.142709962647,-27.8546284598283],[153.142942982621,-27.8546284598518],[153.143036972609,-27.8546464598614],[153.14325498258,-27.8546834598837],[153.143457962572,-27.8545724599033],[153.143597972582,-27.8543784499159],[153.143487962638,-27.8540324699021],[153.143253962699,-27.8537554698763],[153.143190962745,-27.8534504598676],[153.143439962749,-27.8532014698907],[153.143860952723,-27.853048449932],[153.14432896267,-27.8530614599793],[153.145201962563,-27.8531574500681],[153.145778952478,-27.8533234601276],[153.146835962186,-27.8547124502451],[153.14710098212,-27.8550024602741],[153.147538982004,-27.8555364603225],[153.147844961928,-27.855872460356],[153.148697971762,-27.8564374704465],[153.149003981711,-27.8565764604785],[153.149820961576,-27.8569344505637],[153.150896981385,-27.8575154606768],[153.151224971345,-27.8575434507101],[153.151473981306,-27.857639470736],[153.151676951257,-27.8578474607581],[153.151887961193,-27.858170460782],[153.152323991096,-27.858557460829],[153.152584961048,-27.8587114708565],[153.152904961003,-27.8587884708894],[153.153484980924,-27.8589164709489],[153.154123990837,-27.8590454710144],[153.154878990739,-27.8591734710916],[153.155400970665,-27.8593014511453],[153.156010960589,-27.8593784712075],[153.156984970465,-27.8595144613068],[153.157706970411,-27.8593244713782],[153.157906960464,-27.8587404613938],[153.157776980598,-27.8577994613733],[153.157647990738,-27.8568104613524],[153.157810960864,-27.8556904613601],[153.157480961014,-27.8547984613198],[153.157023981155,-27.8540854512681],[153.155652971412,-27.8532434611231],[153.15505098151,-27.8529844610603],[153.154756971566,-27.8527974610292],[153.153661971776,-27.8520934609131],[153.151999982069,-27.8512194707386],[153.15119596222,-27.8507174506535],[153.150976962284,-27.850409460629],[153.150847972345,-27.8500364706131],[153.150956952352,-27.8498904706229],[153.151559972297,-27.8498084606831],[153.152234962223,-27.8498074607512],[153.152690962205,-27.8495634607953],[153.153110972175,-27.8494334608367],[153.153712962122,-27.8493354708966],[153.15433299209,-27.849058470957],[153.154377952089,-27.8490304609613],[153.154861982074,-27.8487334610078],[153.155536972046,-27.8483764610731],[153.155859422041,-27.8481365911038],[153.156174962041,-27.8478724711335],[153.156521962026,-27.8476914611671],[153.157172981984,-27.847460451231],[153.15754498196,-27.8473314512675],[153.158216991934,-27.8469624513324],[153.158381971936,-27.8468064613478],[153.158805991935,-27.8464564613879],[153.159249971952,-27.8459414614286],[153.159703961972,-27.8453984614702],[153.159827991998,-27.8450854614802],[153.160064982025,-27.8446724715009],[153.160414982092,-27.8438534515298],[153.160579962105,-27.8436054615445],[153.1607349821,-27.8435134615594],[153.161044972082,-27.8433934715898],[153.161499982039,-27.8433374716352],[153.162223961956,-27.8433734517086],[153.162843981895,-27.8433174517707],[153.163505981849,-27.8431144518359],[153.16406396182,-27.8428654618903],[153.164208971815,-27.8427824719043],[153.164456951803,-27.8426624619284],[153.164679971783,-27.8426304619506],[153.165744971711,-27.8422854720554],[153.166597971626,-27.842224452141],[153.167023961571,-27.8422874621845],[153.168295991446,-27.8421854623121],[153.169057961391,-27.8419604623873],[153.169444971404,-27.841532462423],[153.1695829815,-27.8406594724301],[153.169442961586,-27.8401074624116],[153.168882981748,-27.8393214523489],[153.16871198182,-27.8389034623283],[153.168798961853,-27.8385674723345],[153.169139981844,-27.8383464723672],[153.170116971784,-27.837986462463],[153.17121796179,-27.8369954725663],[153.171881971829,-27.8361234726265],[153.172214961849,-27.8356844626567],[153.17236099187,-27.8353994526692],[153.172413951861,-27.8354234726747],[153.172907981937,-27.8344034727166],[153.173093991962,-27.8340484527326],[153.173305981973,-27.8337874627519],[153.173462341985,-27.8335596627659],[153.173713131991,-27.8332956527891],[153.173943962001,-27.8330214628103],[153.174210962007,-27.8327434628351],[153.174423972014,-27.8325064628547],[153.17466297204,-27.8321034628757],[153.174786962063,-27.8318134728859],[153.174888982097,-27.8314604728934],[153.175044982149,-27.830926472905],[153.175278982206,-27.8302764729235],[153.175512992243,-27.8297894629433],[153.175668992273,-27.8294174629561],[153.176084982302,-27.8288384629936],[153.176403992319,-27.8284314630226],[153.17724896235,-27.8274754631004],[153.177613962367,-27.8270274631338],[153.178184972388,-27.8263754731863],[153.178517962391,-27.8260654632175],[153.178752982398,-27.8258154532392],[153.179026992405,-27.8255274632647],[153.180042962428,-27.824479463359],[153.180518962449,-27.8239134734026],[153.180930972483,-27.8232904634394],[153.181756972516,-27.8223274635152],[153.182557962549,-27.8213864635887],[153.183186972617,-27.8203224536439],[153.183345962639,-27.8200114736575],[153.183280952733,-27.8193324636456],[153.183057972797,-27.8190224636206],[153.182674982929,-27.8183154635764],[153.182165993035,-27.8179204735218],[153.181719963109,-27.8177234634753],[153.181530963149,-27.8175684734549],[153.181538953168,-27.8174154534545],[153.181443983221,-27.8170824534423],[153.18120896331,-27.8165824634146],[153.180784973495,-27.8154984733633],[153.180549993558,-27.8152064633373],[153.179188973769,-27.8147084631959],[153.178578993857,-27.814542463133],[153.17782898397,-27.8142934730553],[153.177593964039,-27.8139594730289],[153.177452964097,-27.8136264730121],[153.177154984211,-27.8129834729769],[153.17684097428,-27.812709462943],[153.176746984333,-27.8123764629309],[153.176886964361,-27.8120424629424],[153.177495964332,-27.8117494630016],[153.177870964323,-27.8114994730375],[153.17797396433,-27.8113554730468],[153.178031964335,-27.811265463052],[153.177886984424,-27.8106944630328],[153.177754964477,-27.8103934730171],[153.177533954544,-27.8100524529921],[153.177184984636,-27.8096314729536],[153.176801984739,-27.8091494729111],[153.176482974825,-27.8087534628757],[153.176175974908,-27.8083634628417],[153.175735965002,-27.8079994527944],[153.175461965063,-27.8077574627648],[153.175154965134,-27.8074614627315],[153.174740975213,-27.8071984626876],[153.174224975316,-27.8068314626326],[153.173914985373,-27.8066484525999],[153.173810955402,-27.8065114625883],[153.173501985459,-27.8063274625557],[153.172881965573,-27.8059614624902],[153.172433045657,-27.8056878424427],[153.172106995722,-27.805457462408],[153.171744985802,-27.8051374723689],[153.170763975979,-27.8045874622655],[153.170360976071,-27.8042094522218],[153.169963966154,-27.8038984721793],[153.169449976244,-27.8036294621253],[153.16924798631,-27.8032854721022],[153.169128956358,-27.8030154620881],[153.169036976413,-27.802659472076],[153.16897996646,-27.8023424720677],[153.16892696652,-27.801912452059],[153.168934966571,-27.8015064520566],[153.168915986611,-27.8012104520524],[153.168949966654,-27.8008434720529],[153.169012966683,-27.8005694720571],[153.169140966694,-27.8003714620685],[153.169520966713,-27.7998984521031],[153.170062996717,-27.799404472154],[153.170946986671,-27.7990104522401],[153.171978986603,-27.7986624723416],[153.172538976574,-27.7984154623962],[153.173225976546,-27.7980504724626],[153.174159976495,-27.7976494625538],[153.175104956437,-27.7973004626465],[153.175885986387,-27.7970244627232],[153.176584956334,-27.7968444527923],[153.17712096629,-27.7967394728456],[153.177323976273,-27.7966924628658],[153.177732956241,-27.7965974629063],[153.178205966213,-27.7964124629526],[153.178822996182,-27.7961314630127],[153.179515986151,-27.79578845308],[153.180109986126,-27.7954754531376],[153.180417976109,-27.7953464531676],[153.180745956082,-27.7952784732002],[153.181047966055,-27.7952334632304],[153.181419966023,-27.7951654732674],[153.181728976001,-27.7950754632979],[153.181935965994,-27.7949514633178],[153.182105985991,-27.7948284533341],[153.182250965994,-27.7946824733475],[153.182351956001,-27.7945424633566],[153.182418976021,-27.7943314733618],[153.182556986068,-27.7938434633719],[153.182738966125,-27.7932434733855],[153.182869966181,-27.7926964633944],[153.183025966228,-27.7921914634062],[153.183319976296,-27.7914094734298],[153.183659976391,-27.7903724734559],[153.184001976476,-27.789416463483],[153.184240986521,-27.7888604635027],[153.184447976538,-27.7885574535213],[153.184862976555,-27.7880644635593],[153.18549698657,-27.7874104536182],[153.185999986592,-27.7868094636643],[153.186307976605,-27.7864504736926],[153.186910996613,-27.785874453749],[153.187331986621,-27.7854484537881],[153.187939966624,-27.7849064638453],[153.188405956623,-27.7845194638893],[153.188796986631,-27.7841214739257],[153.189486976652,-27.7833694639895],[153.19002798666,-27.7828524640401],[153.191031986678,-27.7818514641336],[153.191389986681,-27.7815304741673],[153.192068986672,-27.7810224642319],[153.192438996668,-27.780736474267],[153.19267598667,-27.7805154742892],[153.192853956684,-27.7802584643052],[153.1929869667,-27.7800224643168],[153.193019966747,-27.779624474317],[153.193012986778,-27.7793894643144],[153.192858956839,-27.7790434642961],[153.192719966881,-27.7788254542804],[153.192548966929,-27.7785954642613],[153.192271967,-27.7782784642308],[153.191962997081,-27.7779034741966],[153.191582997176,-27.777489464155],[153.191224967249,-27.7772214741167],[153.190874967299,-27.7771234540805],[153.190564977337,-27.777090474049],[153.190172967387,-27.7770384640089],[153.189857967426,-27.7769994739768],[153.189598967452,-27.7770114539507],[153.188899987515,-27.7771134638809],[153.188623977543,-27.7771344638532],[153.188199987593,-27.7770984638101],[153.187845977635,-27.7770724737741],[153.187517987689,-27.7769294637398],[153.187239967743,-27.7767454637103],[153.186941987808,-27.7764904636782],[153.186780977852,-27.7762764736603],[153.186610967904,-27.776014453641],[153.186483977944,-27.7758134736266],[153.186407987981,-27.7755884536172],[153.186369988003,-27.7754434736122],[153.186388968014,-27.7753424636133],[153.186451968035,-27.7751234636179],[153.18651197805,-27.7749604536227],[153.186724988076,-27.7745754736412],[153.186900998089,-27.774323463657],[153.187070978096,-27.7741214636726],[153.187271978087,-27.7740194736921],[153.187448968069,-27.7740084637099],[153.187811958023,-27.774066463747],[153.18833295796,-27.7741164638],[153.18874599792,-27.7740734738414],[153.189453987842,-27.774081463913],[153.190543987727,-27.774058474023],[153.191477987647,-27.773886454116],[153.1922109776,-27.7736354641881],[153.192812967578,-27.7732954542462],[153.19334196757,-27.7729044542966],[153.193572977575,-27.7726724643181],[153.193692987586,-27.7724844743287],[153.193762997617,-27.7721804643334],[153.193782997646,-27.7719384643335],[153.19365097774,-27.7713134543153],[153.193538987839,-27.7706344742986],[153.193497967898,-27.7702054542911],[153.193486977975,-27.7696104642853],[153.193425988046,-27.7691094642752],[153.193304988122,-27.7686184742591],[153.193273968157,-27.768367464254],[153.193303968197,-27.7680284742544],[153.193392988222,-27.7677594642612],[153.193582978236,-27.7674874742783],[153.193942978282,-27.7668164643094],[153.194636988267,-27.7663504643758],[153.195102978225,-27.7662814544224],[153.195577988184,-27.7661974644697],[153.195997958147,-27.7661264645116],[153.196519988126,-27.7658484645622],[153.196890968124,-27.7655534645973],[153.19730195813,-27.7651504646357],[153.197643968147,-27.764730454667],[153.197971988192,-27.7640994546951],[153.198049988241,-27.7636484646995],[153.198100978322,-27.7629674646993],[153.198125988361,-27.7626464646993],[153.198283998414,-27.7620964647109],[153.198327978427,-27.7619554547142],[153.19858599859,-27.7604594747285],[153.198764988691,-27.7595174747392],[153.198849958747,-27.7590084647438],[153.198788968838,-27.7583424647324],[153.198667978911,-27.7578764647165],[153.198433969026,-27.7571794546873],[153.198087989195,-27.7561434546442],[153.198009989232,-27.7559214546346],[153.197882969282,-27.7556414646195],[153.197664989369,-27.7551404645936],[153.197474969462,-27.7545784745699],[153.197266999559,-27.7539964645443],[153.19721497963,-27.753484474535],[153.197239989687,-27.7530164645339],[153.19725896981,-27.752032464528],[153.197262979836,-27.7518264645268],[153.197406969971,-27.7506474645321],[153.19752699005,-27.7499274545386],[153.19755097015,-27.7491274645347],[153.197501980225,-27.7485774545254],[153.197471980277,-27.7481934745194],[153.197444970374,-27.7474594645108],[153.197469970434,-27.7469694545095],[153.197537970475,-27.7465934645134],[153.197682990501,-27.7462604645254],[153.19799200052,-27.7458544645535],[153.198387000529,-27.7454484645902],[153.19900498054,-27.7448344646478],[153.199486960544,-27.744391464693],[153.199744000544,-27.7441714647173],[153.199958980565,-27.7438294747363],[153.200146990583,-27.7435274547529],[153.200567000649,-27.7426544647885],[153.200745990701,-27.7420954648022],[153.200762970749,-27.7417014748008],[153.200864980831,-27.7409734548054],[153.201088980904,-27.740212464822],[153.201249990913,-27.7400084648367],[153.201541990907,-27.7398014648646],[153.201893990886,-27.7396714648991],[153.202349990843,-27.7396164649448],[153.203029980765,-27.7396514650138],[153.2036559907,-27.7396304750769],[153.204373000631,-27.7395634651489],[153.204942000586,-27.7394304652054],[153.205609980546,-27.7391764652709],[153.20610500051,-27.7390394653199],[153.206456970478,-27.738986465355],[153.206957970425,-27.7389754554056],[153.207322380387,-27.7389695754424],[153.207613980344,-27.7390574654726],[153.207935980288,-27.7392224755064],[153.208480960199,-27.7394524655633],[153.208938970133,-27.7395844656107],[153.209421970069,-27.7396714656602],[153.20992100002,-27.7396374657104],[153.210076960005,-27.739615465726],[153.210855979943,-27.7394384558034],[153.211634969902,-27.7391004658795],[153.212718979846,-27.7386194659853],[153.213584979777,-27.7384234560713],[153.214082979733,-27.7383484561211],[153.215195979649,-27.7380604662314],[153.215949999587,-27.7379054563064],[153.216543999544,-27.7377384563652],[153.217470989497,-27.7373194664556],[153.218335959455,-27.7369104765399],[153.218585989448,-27.7367514665639],[153.218755969459,-27.7365244665793],[153.218866969484,-27.7362374565883],[153.219026979499,-27.7359844766025],[153.219187979504,-27.7358024666174],[153.219582989512,-27.7354054566542],[153.219779979539,-27.7350304666711],[153.21982899957,-27.7347444766739],[153.219654959642,-27.734325466653],[153.219231969823,-27.7332694666018],[153.218684980071,-27.7317944665349],[153.218348990235,-27.730793466493],[153.21801298037,-27.730022456453],[153.217677980481,-27.7294394664145],[153.217243990593,-27.7289334763666],[153.216623970754,-27.7281974662981],[153.216288970864,-27.7276194562597],[153.2162299909,-27.7273854662518],[153.216435990921,-27.72704647627],[153.216645980914,-27.7269254662903],[153.217115990859,-27.7269574763381],[153.217649000793,-27.7270224663925],[153.218452980688,-27.7271644664749],[153.219095970617,-27.7271744565401],[153.219479000586,-27.7270854765781],[153.219890970562,-27.7269284666185],[153.220011970556,-27.7268694666303],[153.220399960543,-27.7266434766678],[153.220800990552,-27.7262324767051],[153.220941990555,-27.7260924667183],[153.221201980566,-27.7257864567422],[153.221619980591,-27.7252334767801],[153.222046990593,-27.7248594568203],[153.222414990591,-27.7245604668552],[153.222910000574,-27.724268456903],[153.223453990551,-27.7239914569558],[153.224191990506,-27.7237164770283],[153.225121970442,-27.7234254671201],[153.225616000399,-27.7233494771695],[153.225873980372,-27.7233424571955],[153.226051990352,-27.7233414672135],[153.226470970308,-27.7233334672559],[153.226990990243,-27.723399457309],[153.227385990179,-27.7235704773503],[153.22757897014,-27.7237084673709],[153.227688980097,-27.723954457384],[153.227688980053,-27.7242984673867],[153.227540969931,-27.7253804573803],[153.227491989847,-27.7260784673808],[153.227534989783,-27.7265414673888],[153.227710989722,-27.7268694674092],[153.227996969657,-27.7271374574402],[153.228315979605,-27.7272714774736],[153.228726969556,-27.7273084775155],[153.229137989528,-27.727173457556],[153.229388969524,-27.72699347758],[153.229656989531,-27.7267094676048],[153.230049979543,-27.7262874576413],[153.230585979542,-27.725838467692],[153.231120959534,-27.725449467743],[153.231376979528,-27.7252764677676],[153.231640979521,-27.725105477793],[153.231974989537,-27.7247014778236],[153.232359989558,-27.7242084678587],[153.232600969579,-27.7238364678801],[153.232609979615,-27.7235514778788],[153.232525989658,-27.7232824678682],[153.232205959745,-27.7228794678326],[153.231701969872,-27.7223134777771],[153.231180969985,-27.7218664777209],[153.230592990086,-27.7215764676591],[153.229585990233,-27.7212794675549],[153.228344990398,-27.7210424674274],[153.227052970558,-27.7208804672954],[153.226397860652,-27.7207045672277],[153.226213980681,-27.7206284772085],[153.225324980829,-27.7202264671154],[153.224805990916,-27.719985467061],[153.224087961042,-27.7196114769854],[153.222933981227,-27.719136466865],[153.221623991433,-27.7186384667285],[153.22137397147,-27.7185604667026],[153.220755991557,-27.7184024666388],[153.219650991697,-27.7182454665258],[153.218789991803,-27.718145456438],[153.218042981884,-27.7181464563624],[153.217214981959,-27.7182634762796],[153.216613972009,-27.7183804662197],[153.216126982063,-27.7183664561704],[153.215460972161,-27.7181654561014],[153.214907992273,-27.7177614760423],[153.21430596241,-27.717198465977],[153.213726962551,-27.7165874659136],[153.213591992584,-27.7164384658988],[153.212875972772,-27.7155714658196],[153.212735992824,-27.7152834758031],[153.212826002878,-27.7147904658083],[153.213068982879,-27.7145734658312],[153.213636992849,-27.7143274658867],[153.214399992779,-27.7142244559631],[153.215099002704,-27.7142234560337],[153.216056982593,-27.7142794561311],[153.217113002469,-27.7143504662384],[153.21787599238,-27.714399466316],[153.218449992322,-27.7143694663738],[153.219439982228,-27.7142674664731],[153.220235972146,-27.7142364665534],[153.221088982052,-27.7142424566397],[153.221919971948,-27.7143564767247],[153.222567991867,-27.7144404667909],[153.223057971805,-27.714506476841],[153.223983971683,-27.714678466936],[153.224861001564,-27.7148654670262],[153.225674001443,-27.7151284671106],[153.226585981321,-27.7153094672043],[153.226959971272,-27.7153734772426],[153.227267991239,-27.7153734772738],[153.227624991209,-27.7153004773093],[153.227876991199,-27.7151704773338],[153.228152971198,-27.7149384673599],[153.228321961221,-27.7146194673745],[153.228467961269,-27.7141204673853],[153.228700981343,-27.7133434674028],[153.228871001379,-27.7129164774166],[153.229163001401,-27.7124964674428],[153.229632971396,-27.7121344574875],[153.230102981377,-27.7118874675332],[153.230857981322,-27.7116804676079],[153.231928961237,-27.7114324777143],[153.232756971164,-27.7113014577971],[153.233324981121,-27.7111554778534],[153.233535991119,-27.7109964678735],[153.233730971133,-27.7107214678911],[153.233761991194,-27.7102154778903],[153.233646981268,-27.7097384678749],[153.233548981317,-27.7094344778626],[153.233369991388,-27.7090304778412],[153.233189971447,-27.7087194678206],[153.232814971561,-27.7081494677781],[153.232428611683,-27.7075174877341],[153.232110441781,-27.707022577698],[153.232023461881,-27.7063155776836],[153.232310431932,-27.7056695777075],[153.232813761927,-27.7052833577554],[153.233302391895,-27.7051215678036],[153.234420201808,-27.7048504879146],[153.235372591744,-27.7045506980086],[153.235901741734,-27.7041759680592],[153.236240381765,-27.7036513380894],[153.236219211841,-27.7030704980826],[153.235626562013,-27.702227338016],[153.235004352189,-27.7013775779463],[153.234517332325,-27.7007265778919],[153.233891022565,-27.6993793578179],[153.233573542783,-27.6979366577744],[153.233404222955,-27.6967374977478],[153.23348934307,-27.6957635877487],[153.233688343154,-27.6949405977624],[153.23390931321,-27.6943135977798],[153.234319973203,-27.6940224578191],[153.234580003175,-27.6940214578454],[153.235359963068,-27.6941934779257],[153.236594982865,-27.694741468055],[153.23747196274,-27.6949714781456],[153.238283982649,-27.694998468228],[153.239453992516,-27.6950454783468],[153.240530992328,-27.6956054684602],[153.241007252244,-27.6958615685105],[153.240747222161,-27.696732558491],[153.241144231986,-27.6977635285393],[153.24186324187,-27.6980665386145],[153.243288201685,-27.6983065287607],[153.245475981502,-27.6978864689788],[153.247490411317,-27.6976279591808],[153.252439670805,-27.6974441996805],[153.254013030729,-27.696702459834],[153.254919480806,-27.695331189915],[153.2552618511,-27.6927404699293],[153.256517301075,-27.6918768900496],[153.258997150682,-27.6928506903085],[153.260931900474,-27.6928409805045],[153.26236982032,-27.6928314306501],[153.264333960135,-27.6926174608474],[153.266238379914,-27.6927360810413],[153.267807849644,-27.6935156412065],[153.269061469364,-27.6946426413424],[153.270016309102,-27.695882341449],[153.271832698728,-27.697275391644],[153.273461108461,-27.6979861218147],[153.274903338338,-27.6977289019588],[153.276171638305,-27.696914352081],[153.278052588245,-27.6957883622628],[153.278733608168,-27.695813352332],[153.279266978108,-27.6958334623863],[153.280369577983,-27.6958743324984],[153.283646507692,-27.6953793328267],[153.285043467588,-27.6950163229655],[153.286679987497,-27.6943414831262],[153.289463987442,-27.6924224733934],[153.291355967314,-27.6918234835805],[153.292526997162,-27.6920194737009],[153.293170377128,-27.6917372937639],[153.29332035709,-27.6919112837805],[153.293536367015,-27.6923162838056],[153.29379634689,-27.6930702738379],[153.294054366805,-27.6935142738676],[153.294185006749,-27.6938434638834],[153.294292346718,-27.6939972738955],[153.294292346705,-27.6940942638963],[153.294444336622,-27.6946162639158],[153.294488356568,-27.6950032639234],[153.294472366332,-27.6968602539364],[153.294516386295,-27.6971122439428],[153.294538906221,-27.6976725139495],[153.294648366157,-27.6980792439638],[153.294712396137,-27.6981752539711],[153.294778386093,-27.6984652439801],[153.294778386056,-27.6987562439824],[153.294822406041,-27.6988332439875],[153.294822406021,-27.6989882539887],[153.295059835934,-27.6994704440165],[153.295103375927,-27.6994902540211],[153.295211015893,-27.6996634840334],[153.295275365881,-27.6997022240402],[153.295383375847,-27.6998762340526],[153.295447395835,-27.6999152340594],[153.295726905755,-27.7003005140908],[153.295813375739,-27.7003592341],[153.296093005662,-27.7007244941313],[153.29615735565,-27.7007642341381],[153.29617907564,-27.7008214341408],[153.296415915582,-27.7010724441668],[153.296415915577,-27.7011115041671],[153.29645913557,-27.7011305041716],[153.296459135565,-27.7011694641719],[153.296501985558,-27.7011884641764],[153.29673938549,-27.7015172042031],[153.297084085379,-27.7020954742426],[153.297687365215,-27.7028682043099],[153.297946365135,-27.7032742043394],[153.298053345111,-27.703370204351],[153.29829037504,-27.7037181843778],[153.298548354975,-27.7040081944062],[153.298915364862,-27.7045871844481],[153.299087354816,-27.7047991944672],[153.299087354811,-27.7048381944675],[153.299152364799,-27.7048771944744],[153.299432354724,-27.7052241945055],[153.299539334703,-27.705301194517],[153.299561344693,-27.7053591945197],[153.299647334676,-27.7054171845289],[153.299668364666,-27.7054751845315],[153.299776324645,-27.705552164543],[153.299798374635,-27.7056101845457],[153.299926344609,-27.7057061745595],[153.299947874599,-27.7057635145621],[153.300679334446,-27.7063431746409],[153.300787344429,-27.7063811746521],[153.301023354381,-27.7065541846774],[153.301496314306,-27.706747174727],[153.302031914228,-27.7068995047825],[153.302526314167,-27.7069561548331],[153.303426944048,-27.7071274649259],[153.303749284011,-27.7071461649587],[153.304457963912,-27.707317455032],[153.305316263814,-27.7073541451194],[153.305552233784,-27.7073921451436],[153.306388233696,-27.7073701252283],[153.306989233639,-27.7073111052888],[153.307182253626,-27.707252115308],[153.307524843594,-27.7072114353424],[153.308210233544,-27.7070171254104],[153.308639223518,-27.7068611154528],[153.309196173473,-27.7067431055084],[153.309839193431,-27.7065280955719],[153.311211153325,-27.7061950957086],[153.312218153256,-27.7058820758083],[153.312518143231,-27.7058230858383],[153.31260312323,-27.7057650858465],[153.313118133194,-27.7056090758975],[153.313589093168,-27.7054140859438],[153.314017093154,-27.7051610759852],[153.314103123147,-27.7051420759938],[153.314274093146,-27.7050060860101],[153.31438107314,-27.7049670860207],[153.31446611314,-27.7048890960287],[153.314574083134,-27.7048500760393],[153.315237073114,-27.7044420761034],[153.315302113117,-27.7043640561094],[153.315344083113,-27.7043640561137],[153.315515093114,-27.7042090661298],[153.315558083109,-27.7042090661342],[153.315622073112,-27.7041310761401],[153.315686053108,-27.7041110761464],[153.316007073111,-27.7038200661767],[153.316029043116,-27.7037620661785],[153.316306083118,-27.7035100662046],[153.316328053123,-27.7034520662064],[153.316734083126,-27.7030830662447],[153.316777043139,-27.702947076248],[153.316647063178,-27.7027540662333],[153.316668053188,-27.7026570662346],[153.316926033153,-27.7027140662613],[153.317076013142,-27.7026750662762],[153.317183033145,-27.7025590762861],[153.317290053141,-27.7025000562965],[153.317333013146,-27.7024230563003],[153.317868023131,-27.702092056352],[153.318318033097,-27.7019750663968],[153.318724973053,-27.7019740664381],[153.31896098302,-27.7020310464625],[153.319261992988,-27.7020300464931],[153.319495892973,-27.7019514765162],[153.319625832959,-27.7019514765294],[153.320204972914,-27.7018140365871],[153.320482962881,-27.7018330366155],[153.320869972815,-27.7020250466563],[153.321062982794,-27.7020250466759],[153.321427942759,-27.7019850367127],[153.321705962749,-27.7018290267397],[153.321726952755,-27.7017710267413],[153.321983942757,-27.7015380167656],[153.322218932768,-27.7012470367872],[153.32245396277,-27.7010330268093],[153.322560902766,-27.7009750268197],[153.322603932774,-27.7008780368233],[153.322710922773,-27.7008000368336],[153.322731942778,-27.7007420168353],[153.322945942782,-27.7005290268553],[153.323037962802,-27.7002930268628],[153.323050912828,-27.7000780368624],[153.323050912862,-27.6998130268603],[153.322984922912,-27.699484016851],[153.322855052965,-27.6991744368354],[153.321474923424,-27.6967600466762],[153.321473933432,-27.6967020466757],[153.32134490347,-27.696509056661],[153.321322933485,-27.6964130566581],[153.321128903551,-27.6960650766356],[153.321020933602,-27.6957560666222],[153.320976913629,-27.6955820566164],[153.320976913656,-27.6953690666147],[153.321000963691,-27.6950784866148],[153.321120873866,-27.6936080666154],[153.321118903941,-27.6930270566106],[153.321073894008,-27.6925440566022],[153.320986914057,-27.692234076591],[153.320867894108,-27.6919390765766],[153.32079299414,-27.6917505165675],[153.320425764273,-27.6910233065244],[153.320208884371,-27.6904370764978],[153.319668904576,-27.689298086434],[153.31960498459,-27.689239516427],[153.319454134644,-27.6889494564094],[153.319345914672,-27.6888151063974],[153.319280874712,-27.6885630963888],[153.319152094743,-27.6884284363746],[153.318870904848,-27.6878490963415],[153.318784874874,-27.6877140963317],[153.318741914881,-27.6876940963272],[153.31830989503,-27.6869020962771],[153.317921905148,-27.686304116233],[153.317705895243,-27.6857441262066],[153.31742488535,-27.6851451161734],[153.317056885544,-27.6839461261265],[153.316560085731,-27.6829024360679],[153.316516875741,-27.6828641360632],[153.316494895758,-27.68274814606],[153.316365905802,-27.6825161360451],[153.316300905814,-27.6824781360382],[153.316300905828,-27.6823621360373],[153.316214905858,-27.6822071460273],[153.316213925873,-27.6820911360263],[153.316148875907,-27.6818791460181],[153.316146905972,-27.6813751460139],[153.31631688603,-27.6807751360264],[153.316390906054,-27.6805241460319],[153.316409966073,-27.6803594760326],[153.316371096098,-27.6801964960274],[153.316332876117,-27.6800841460226],[153.316213046142,-27.6799875160097],[153.316167896151,-27.6799601560049],[153.316053946164,-27.6799534959932],[153.315876876185,-27.6799381559751],[153.315945906182,-27.6798981659818],[153.316059896172,-27.6798811659933],[153.316148876167,-27.679847156002],[153.316224876165,-27.6798021660094],[153.316287866169,-27.6797111660151],[153.316325866174,-27.6796431560184],[153.316339076186,-27.6795414860189],[153.316339076202,-27.6794164560179],[153.316344846228,-27.6792031560168],[153.31638287624,-27.6790841660198],[153.316419856254,-27.6789431560224],[153.316464856268,-27.6787961560258],[153.316539866282,-27.6786211660321],[153.316660866289,-27.6784631560431],[153.316843876297,-27.67824816606],[153.317027876305,-27.6780281660769],[153.317242856309,-27.6778131560971],[153.317406856314,-27.6776371261123],[153.317514856318,-27.6775191361224],[153.317660816309,-27.6774621361367],[153.317812836295,-27.677445136152],[153.317958846286,-27.6773941361665],[153.318192846279,-27.6772521461891],[153.318312816279,-27.6771451362004],[153.318502836278,-27.6769921462185],[153.318908786275,-27.6766751262572],[153.319478806274,-27.6762021363114],[153.31954279627,-27.6761821463177],[153.319607806273,-27.6761051463237],[153.319735806266,-27.6760461263362],[153.31988582627,-27.6758921363503],[153.319949806266,-27.6758721363566],[153.319971816271,-27.6758141363584],[153.320035796266,-27.6757951363647],[153.320057806271,-27.6757371463665],[153.320399776274,-27.6754271363988],[153.320485776285,-27.6752721464063],[153.320636006286,-27.6751354264205],[153.320763756304,-27.6748851464315],[153.320783976312,-27.6748030064329],[153.320806786322,-27.6747101364345],[153.320762766381,-27.6742851364266],[153.320634766439,-27.6739371264109],[153.320505776478,-27.6737441363963],[153.320311776559,-27.6732801363729],[153.319989776665,-27.6727201463358],[153.319817786704,-27.6725651363171],[153.319817786708,-27.6725271363168],[153.319688756737,-27.6724111363028],[153.319688756742,-27.6723721363025],[153.319645796749,-27.672353156298],[153.319387776822,-27.672005156269],[153.319301786836,-27.67196715626],[153.319280766846,-27.6719091562574],[153.318979786918,-27.6716001562244],[153.318764767013,-27.6710391561981],[153.318592777066,-27.6707681561785],[153.318335777128,-27.6704981661503],[153.318120757189,-27.6702091761262],[153.318056987201,-27.6701695161194],[153.317969787227,-27.6700351861095],[153.317819777261,-27.6699001660932],[153.317733787287,-27.6697641760834],[153.317669977299,-27.6697254360766],[153.317647787309,-27.6696681760739],[153.316960787472,-27.6689721759987],[153.316788797531,-27.6686631659788],[153.316187787662,-27.6681421859136],[153.316166797672,-27.6680841959111],[153.315693837775,-27.6676781958598],[153.315650797789,-27.6676011958549],[153.315522797811,-27.6675441958414],[153.315414937837,-27.6674274758295],[153.315178817882,-27.6672731858044],[153.315093117909,-27.6671374957946],[153.314985807933,-27.6670421957829],[153.314856777977,-27.666810185768],[153.314813818001,-27.6666551957624],[153.314705818035,-27.6664812057501],[153.314684788052,-27.666365205747],[153.314426808139,-27.6659012057172],[153.314169818192,-27.6657082156896],[153.313010828354,-27.6654202055696],[153.312731828406,-27.6652462355399],[153.312624838435,-27.665111225528],[153.312430848506,-27.6647242055053],[153.312173848566,-27.6644732154772],[153.312109058575,-27.6644535154705],[153.311958828608,-27.6643192154542],[153.311937838618,-27.6642612054516],[153.311679818676,-27.6640292154235],[153.311335848792,-27.6634112253838],[153.311227838861,-27.6629662253693],[153.311098848917,-27.6626382353536],[153.311098848931,-27.6625222253527],[153.311055818946,-27.6624442253477],[153.310904819064,-27.6616522253261],[153.31081885909,-27.6615162253163],[153.310625849126,-27.6614012352958],[153.310625849139,-27.6613035152951],[153.310689869139,-27.6612462253011],[153.310689939159,-27.6610904852999],[153.310539819197,-27.6609172352833],[153.310197119254,-27.6607624252473],[153.310067839283,-27.6606472252332],[153.310002829292,-27.6606282252265],[153.309959869307,-27.6605504952215],[153.309595819388,-27.660222245182],[153.309466829427,-27.6600292551674],[153.309272979539,-27.659313435142],[153.309230129603,-27.658849495134],[153.309185849621,-27.6587532551288],[153.309185849655,-27.6584822451266],[153.309335829651,-27.6583862551411],[153.309378829657,-27.6583082551449],[153.309378829689,-27.6580572451429],[153.309206839742,-27.6577862451233],[153.309056819773,-27.6576702451071],[153.309034849783,-27.6576122451045],[153.308712809842,-27.6574202750702],[153.308669849859,-27.6573232550651],[153.308583819876,-27.6572652650559],[153.308541849893,-27.6571682650509],[153.308433839917,-27.6570722650392],[153.308369859941,-27.6569372750316],[153.308304809956,-27.6568782550246],[153.308154840029,-27.6564342650058],[153.308153850083,-27.6560082650024],[153.308196960086,-27.6559505050063],[153.308281860126,-27.6555632650118],[153.308345840134,-27.6554472650174],[153.308409860174,-27.655080265021],[153.308495820187,-27.6549062750284],[153.308709850192,-27.6546932650484],[153.308730840197,-27.6546352650501],[153.309030800199,-27.6543632550784],[153.309395800185,-27.6541702651139],[153.30945982019,-27.6540732751197],[153.309545810188,-27.6540152751279],[153.309566800196,-27.6539372551294],[153.309695790199,-27.6538022651415],[153.309716780207,-27.653725265143],[153.309866790216,-27.6535312551567],[153.310144780247,-27.6530472651811],[153.310251760268,-27.65279527519],[153.310251760295,-27.6525832651883],[153.310079770356,-27.6522542551682],[153.309929790397,-27.6520612651515],[153.309800770446,-27.6517902651362],[153.309757810482,-27.6515392751299],[153.309799780512,-27.651268265132],[153.309541800642,-27.6504762650996],[153.309412770683,-27.6502632750848],[153.309283780709,-27.650167295071],[153.309133800733,-27.6501092750553],[153.308961780771,-27.6499552850366],[153.308919770785,-27.6498772850317],[153.308897790808,-27.6497232950283],[153.308940750818,-27.6496072750317],[153.30893977086,-27.649278295029],[153.308896770884,-27.6491232850234],[153.308810780916,-27.6489492850133],[153.308660760947,-27.6488332949972],[153.308596780969,-27.6487172849898],[153.308595761001,-27.6484662949877],[153.308659781029,-27.6481952849921],[153.308659781068,-27.6478862749896],[153.308616781085,-27.6477892849845],[153.308624261108,-27.6476101149838],[153.308637801148,-27.6472862849827],[153.308786801193,-27.646803284994],[153.308979741215,-27.646474285011],[153.309022731212,-27.6464542850152],[153.309107741223,-27.6462992950226],[153.30930072123,-27.6460862850405],[153.309600751219,-27.6459122950696],[153.309879751222,-27.6456602850959],[153.310136711246,-27.6452532851188],[153.310200701266,-27.6450412951236],[153.310371701285,-27.6447502851386],[153.310628701287,-27.6445182851629],[153.311099691273,-27.6442272952084],[153.311164701276,-27.6441502752144],[153.311206711272,-27.6441502752187],[153.311228681274,-27.6441112852206],[153.31127172127,-27.644111285225],[153.311292701272,-27.6440722852268],[153.311506671264,-27.6439562852476],[153.311849691264,-27.6436652852801],[153.312128661254,-27.6435102853072],[153.31221371126,-27.6433942953149],[153.312321681256,-27.6433362753254],[153.312321681261,-27.6432972853251],[153.312642691261,-27.6430262953556],[153.312684671273,-27.6428912753588],[153.312470671316,-27.6427362853358],[153.312470671324,-27.6426792853354],[153.312899651277,-27.6426782853789],[153.313027661254,-27.6427552853925],[153.313113651227,-27.6428902654023],[153.313199651211,-27.6429482554115],[153.313264651184,-27.6431032754193],[153.313265021169,-27.6432194554203],[153.313199651164,-27.6433152654144],[153.313157711148,-27.6434702754113],[153.313221841127,-27.6435864754188],[153.313414671108,-27.6435672654382],[153.313479641109,-27.6435092754443],[153.313671631095,-27.6434502754634],[153.313950821088,-27.6432765254903],[153.314036631096,-27.643140275498],[153.314057651106,-27.6430442754993],[153.314057651138,-27.6427922654973],[153.314014651152,-27.6427152754924],[153.313905671261,-27.6419612654754],[153.313905671293,-27.6417092554734],[153.313969911331,-27.6413614954771],[153.314055611344,-27.6411872654845],[153.314161641394,-27.6407032854914],[153.314461631419,-27.6402582855184],[153.314504591441,-27.640045275521],[153.314718631455,-27.6397552855405],[153.315062101453,-27.6394846555732],[153.315103601458,-27.6394074655768],[153.315103561473,-27.6392904755759],[153.314953581502,-27.6391944855599],[153.31446058156,-27.6391564855096],[153.313774591614,-27.6393124954411],[153.313495591644,-27.6393124954128],[153.313173581693,-27.6391974953792],[153.313152561701,-27.6391584953768],[153.313002581727,-27.639081485361],[153.312723611787,-27.6388494953308],[153.312681131804,-27.6387524753257],[153.312829611827,-27.6384434953384],[153.312829611852,-27.6382494853368],[153.312722591903,-27.6379405153235],[153.312700581952,-27.6375735053184],[153.312227872115,-27.6367034552635],[153.312184582139,-27.6365484952579],[153.312197432191,-27.636134855256],[153.312205612223,-27.6358725052547],[153.311862102342,-27.6352344852148],[153.311818602364,-27.6350985052093],[153.311839582429,-27.6345765052073],[153.311624562516,-27.6340745351816],[153.311645592544,-27.6338425251819],[153.311795562562,-27.6335715351949],[153.312223562566,-27.6331845352353],[153.312287552571,-27.6330875152411],[153.312330542591,-27.6328935252439],[153.312308542626,-27.6326425152397],[153.312244552657,-27.6324495252317],[153.312137572691,-27.6322755152194],[153.312136552709,-27.6321395252182],[153.312265582737,-27.6318105152288],[153.312243572789,-27.6314245152235],[153.312350552817,-27.6311145352319],[153.312349562844,-27.6309015252301],[153.312177832922,-27.630437465209],[153.312156552964,-27.6301285152044],[153.311769583082,-27.6295295051604],[153.311812543112,-27.6292584951626],[153.311790563174,-27.6287945051567],[153.311939853202,-27.6284466651691],[153.311939523289,-27.6277694951638],[153.311853133328,-27.6275375051532],[153.311745523352,-27.6274414851415],[153.311381513408,-27.6273064751034],[153.310802513486,-27.6271904750438],[153.310610013519,-27.6270945150235],[153.31045853356,-27.6269014750066],[153.310437553594,-27.6266504650025],[153.310479523607,-27.6265144650056],[153.310479523637,-27.6262824750038],[153.310264503694,-27.6260124749799],[153.310243513712,-27.6258954749768],[153.310285523722,-27.6257804649802],[153.310285963749,-27.6255676249785],[153.310199533781,-27.6253934849684],[153.310199533806,-27.6251994849668],[153.310370533844,-27.6247544749807],[153.310370533866,-27.6245804749793],[153.310305743895,-27.6244065949714],[153.310305823935,-27.6240975149689],[153.310241503959,-27.6239624449613],[153.310133543983,-27.6238654549496],[153.309897494024,-27.6237494549247],[153.309812484043,-27.6236724249155],[153.309747484064,-27.623556434908],[153.309778504079,-27.62341544491],[153.309858004101,-27.6231764549162],[153.309942934122,-27.622943454923],[153.310027914132,-27.6227884549304],[153.310432544156,-27.6222643549673],[153.310602564157,-27.6221093649834],[153.310667534153,-27.6220893649898],[153.310859564157,-27.6218953550078],[153.31113656415,-27.6217203650345],[153.311328514154,-27.6215263550524],[153.31143553415,-27.6214673550628],[153.311670524132,-27.6214083550862],[153.311756984142,-27.6212535150938],[153.311562954198,-27.6209835250719],[153.311496524245,-27.6206733550628],[153.311389544269,-27.6205773550511],[153.311259534317,-27.6203073650358],[153.311194524374,-27.6199203650262],[153.311192514419,-27.6195713650232],[153.31113097447,-27.6192174750142],[153.311077974522,-27.6188574650059],[153.31175399451,-27.6183804850708],[153.311767974518,-27.6183094750717],[153.311877004486,-27.6184644750839],[153.31261298447,-27.6179734851548],[153.312160974602,-27.6173224651037],[153.31138198463,-27.6177564750281],[153.311206974683,-27.6174944750083],[153.311167004695,-27.6174334650037],[153.310613994846,-27.616719474942],[153.310558984857,-27.6166774849361],[153.310474994868,-27.6166644749274],[153.309880994922,-27.6167374748677],[153.309165565079,-27.6161133847902],[153.309036535116,-27.6159393647757],[153.309036535143,-27.615726374774],[153.309580965118,-27.6154644748272],[153.309753975108,-27.6153924748442],[153.309826975083,-27.6155314848527],[153.310286005057,-27.6153414648978],[153.310128975113,-27.6150414748795],[153.309984005163,-27.6147724848626],[153.308763985227,-27.6152954747429],[153.308734575237,-27.6152443947396],[153.308691535254,-27.6151474047344],[153.308412965306,-27.6149735047048],[153.308261565342,-27.6148193946882],[153.308111555368,-27.6147424046724],[153.308047565375,-27.6147424046659],[153.307810575443,-27.6144143946392],[153.307638545476,-27.6142994046209],[153.307595555481,-27.6142994046165],[153.307230555554,-27.6140293945773],[153.307187555559,-27.614029394573],[153.307072685585,-27.6139258245605],[153.306994575602,-27.613855404552],[153.306994575607,-27.6138174045517],[153.306757585662,-27.6135853945258],[153.306736565672,-27.6135273945232],[153.306499605722,-27.6133344244976],[153.306456565737,-27.6132574044927],[153.306392585746,-27.613238404486],[153.306241585779,-27.6131034144696],[153.306047585832,-27.612852424448],[153.306026595847,-27.6127554044451],[153.3058535859,-27.6124854144254],[153.305789605929,-27.6123114044175],[153.305659595958,-27.6121954144034],[153.305145596013,-27.6121974143513],[153.304996566034,-27.6121584143358],[153.304845606063,-27.6120624143198],[153.304459586122,-27.6119284242795],[153.304329806149,-27.6118217742655],[153.304201596177,-27.6117164142517],[153.303921936268,-27.6112334542195],[153.303899636296,-27.6110404442157],[153.303939306329,-27.6107453042174],[153.303961616348,-27.6105754442183],[153.303939936393,-27.6102465142135],[153.303874596415,-27.610130424206],[153.303681616458,-27.609956434185],[153.303530616484,-27.6098794341691],[153.303316616534,-27.6096674241457],[153.303229646563,-27.6095124341356],[153.303115946625,-27.609124134121],[153.303099626634,-27.6090684341189],[153.303013636665,-27.6088944441088],[153.302989616752,-27.6082364341012],[153.303073606803,-27.607771434106],[153.303071596855,-27.6073644541026],[153.3031345969,-27.6069584541058],[153.303194636922,-27.6067368441102],[153.303197596923,-27.6067254441104],[153.303303586939,-27.6065124541194],[153.303495576953,-27.6062404441368],[153.303538576951,-27.606221444141],[153.303538576956,-27.6061824541407],[153.303644576957,-27.6060854541507],[153.303857586981,-27.6057174541694],[153.303921606999,-27.6055234441743],[153.303920147048,-27.6051364941711],[153.303854557073,-27.6050004441634],[153.303725607101,-27.6048854541494],[153.30338304716,-27.6047124941133],[153.302329587395,-27.6037674639989],[153.302265607404,-27.6037474439923],[153.302201617421,-27.6036704439852],[153.302157597426,-27.6036704439807],[153.301964587468,-27.6034974539598],[153.301900567478,-27.6034784539531],[153.301728577519,-27.6033044639343],[153.301641597553,-27.6031114639239],[153.301641597575,-27.6029374739226],[153.301747927596,-27.6026844539314],[153.301746607613,-27.6025494739302],[153.301617947649,-27.6023754839157],[153.301616597684,-27.6021044739134],[153.301743577717,-27.6017364739234],[153.301764567737,-27.6015624639242],[153.301699597777,-27.6013104739156],[153.301505597844,-27.600943473893],[153.301482607884,-27.6006534638884],[153.301695587918,-27.6002074639065],[153.301694597938,-27.6000524739052],[153.301758587956,-27.5998584639101],[153.301736577978,-27.5997044739067],[153.301628568014,-27.5995104638942],[153.301628028057,-27.5991814538915],[153.301690588079,-27.598949463896],[153.301796548093,-27.5987554739053],[153.301861588091,-27.5987164639116],[153.301945578099,-27.598580463919],[153.302202568099,-27.5983674739434],[153.302308568107,-27.5982114639529],[153.302286558147,-27.5979214739484],[153.302243558159,-27.5978634639436],[153.302177568198,-27.5976124739349],[153.302197568265,-27.5970704739327],[153.302302578313,-27.5966054639396],[153.302234578447,-27.5956184639249],[153.302339988474,-27.5953164739332],[153.303450538475,-27.5943754740385],[153.303664508462,-27.5942974740596],[153.303770978457,-27.59424047407],[153.30404953845,-27.5940634740968],[153.304112508456,-27.5939664741024],[153.304304498455,-27.5938114641207],[153.30432551846,-27.5937534641224],[153.304731508464,-27.5933834641607],[153.305072488481,-27.5929574641919],[153.305263498508,-27.5925884642084],[153.305391828514,-27.5924334542202],[153.305731458562,-27.5917734642494],[153.305831438567,-27.5916475042586],[153.306008458577,-27.5914244642748],[153.306008458582,-27.5913854642745],[153.30609445858,-27.5913274642827],[153.306200448588,-27.5911724742923],[153.306601988588,-27.5908363643304],[153.306734478588,-27.5907254743429],[153.306862448596,-27.5905504643545],[153.307075428598,-27.5903564743746],[153.307417908589,-27.5901424844077],[153.307461128584,-27.5901424844121],[153.307673448581,-27.5899864544324],[153.307930438566,-27.5898894444577],[153.308421438551,-27.5895974645052],[153.308807138529,-27.5894414845432],[153.30916939852,-27.5892074445781],[153.309258018515,-27.5891745145868],[153.309383398507,-27.5891294445992],[153.309533408491,-27.5891284446144],[153.309811398468,-27.5890704546422],[153.310240378395,-27.5892814446874],[153.31071137834,-27.5893184447355],[153.31150433822,-27.5895874348181],[153.311633368206,-27.5895864348312],[153.311761368202,-27.5895084348435],[153.311932378186,-27.5894894348607],[153.312104358158,-27.5895654348788],[153.312297378113,-27.5897584248999],[153.312426368099,-27.589758424913],[153.312623978094,-27.589627464932],[153.312982338079,-27.589446424967],[153.312960328091,-27.5893694249642],[153.312532328127,-27.5894484449213],[153.31235898816,-27.5893374749029],[153.312295988265,-27.5885664748904],[153.312335008285,-27.5883824748929],[153.312365998296,-27.5882654748951],[153.312633358299,-27.5880154349203],[153.312842978298,-27.5878504649402],[153.313061358286,-27.5877624249617],[153.313103328294,-27.5876654349652],[153.313060338306,-27.5876074349604],[153.31297433832,-27.5875694349514],[153.31241734838,-27.5875704348948],[153.31224535843,-27.5873194248754],[153.312103998466,-27.5871594748598],[153.311972998526,-27.5868014848437],[153.311935988552,-27.5866294648385],[153.31183509862,-27.5861794348247],[153.311840248624,-27.586141194825],[153.311900988641,-27.5859644648297],[153.31194697867,-27.5856974748323],[153.311977998692,-27.5855004648339],[153.312046988726,-27.5851734848383],[153.312224998742,-27.5849014748542],[153.312328978747,-27.5847704748637],[153.312697998769,-27.5842894748974],[153.312897838769,-27.5841244549164],[153.31309007877,-27.5839485249345],[153.313239108764,-27.583871464949],[153.313537318759,-27.5836574249776],[153.313689558759,-27.5835323449921],[153.313793328754,-27.5834824350022],[153.31392231875,-27.5834044350147],[153.314221328743,-27.5832094250435],[153.314306298736,-27.583190425052],[153.314370318735,-27.5831514350582],[153.314605268729,-27.5829954350808],[153.315268258698,-27.5826834351456],[153.315439258691,-27.5825884351622],[153.315586978682,-27.5825394651768],[153.315756008676,-27.5824394751932],[153.316320988645,-27.5822124852488],[153.317051978594,-27.5819924853213],[153.317404998559,-27.581974475357],[153.317558998522,-27.5821314753738],[153.317820988475,-27.5822784754016],[153.318052988416,-27.5825404654272],[153.318094998415,-27.5825164754313],[153.318093978419,-27.5824844654309],[153.317906988473,-27.5822174754098],[153.318001998472,-27.582149475419],[153.318010978473,-27.5821354654198],[153.318054998465,-27.5821584854244],[153.318150988474,-27.582009485433],[153.317988998506,-27.5818934654156],[153.317943998539,-27.5816764854093],[153.317895998574,-27.5814384754026],[153.317869978594,-27.5813024653989],[153.317746968643,-27.5810234653842],[153.317520998696,-27.5808004653595],[153.317362008734,-27.580636465342],[153.317181988775,-27.5804654753224],[153.317008978814,-27.5803134753036],[153.316701978879,-27.5800604652705],[153.316452968929,-27.5798744752437],[153.316255978968,-27.5797414752227],[153.31593897902,-27.5795984651894],[153.315738999054,-27.5794984751683],[153.315512989093,-27.5793874751444],[153.315606979132,-27.5790024751509],[153.315477989151,-27.5789634751375],[153.315384979113,-27.579336475131],[153.315254279135,-27.5792764351173],[153.315019979163,-27.5792554750933],[153.314805289166,-27.5794134350728],[153.31476327916,-27.5794914250692],[153.31474228914,-27.5796654350684],[153.314597609127,-27.5798874250555],[153.314465289115,-27.5800924550436],[153.314316259114,-27.5802284450296],[153.314273299119,-27.5802284450252],[153.31382529911,-27.5806754449833],[153.313633309123,-27.5807334449642],[153.313099319138,-27.5810644449127],[153.312992299147,-27.581084444902],[153.31271431916,-27.5812204548748],[153.312607299156,-27.5813374548649],[153.312522329138,-27.5815504548579],[153.312394319147,-27.5815894548452],[153.312212989157,-27.5816624748274],[153.311824009201,-27.5816484747878],[153.311741299207,-27.5816645647796],[153.311324319261,-27.5815934547367],[153.311223619276,-27.5815652747262],[153.310230339418,-27.5812874646232],[153.309523379539,-27.5809414745487],[153.309329379582,-27.5807674645276],[153.309093369624,-27.5806324745026],[153.308906999672,-27.580418484482],[153.308749389713,-27.5802274644645],[153.30866386973,-27.5801695044554],[153.308492179783,-27.5798995044358],[153.308382389844,-27.5795124644216],[153.308380339913,-27.5789704644171],[153.308401369933,-27.5787964744179],[153.308293399967,-27.5786224644055],[153.308123130003,-27.5784874843872],[153.308057390025,-27.5783714943796],[153.308099370045,-27.5781774843823],[153.308078160072,-27.5779844943787],[153.307819370124,-27.5777914843509],[153.307734000156,-27.5776174743408],[153.30762600018,-27.5775214343291],[153.30760435019,-27.5774634943265],[153.307324360252,-27.5772124842961],[153.306938370318,-27.5770204942554],[153.306766420366,-27.5767884842361],[153.306552090416,-27.5765764342127],[153.30653983042,-27.5765574342113],[153.306228850515,-27.5760744941759],[153.305949410585,-27.5757654941451],[153.30594941059,-27.5757264941448],[153.305625430681,-27.5752825141084],[153.305561410708,-27.5751275041007],[153.305324380765,-27.5748775040746],[153.305087390843,-27.5744715040474],[153.305030340869,-27.5743118740403],[153.304914410923,-27.573987514026],[153.30489138099,-27.5734845140197],[153.304932411028,-27.5731555140212],[153.305144871096,-27.5724385040372],[153.305421401116,-27.5720505040622],[153.305612371143,-27.5716825040786],[153.305720151143,-27.5715854940888],[153.305974371166,-27.5711975041115],[153.306275171168,-27.5709233141399],[153.306358391169,-27.5708475041477],[153.30662101115,-27.5707724741738],[153.307093971138,-27.5704754742195],[153.307362361143,-27.5702055042446],[153.307405351139,-27.5702055042489],[153.307661371143,-27.5699524942729],[153.307770971143,-27.5698594742833],[153.30808400115,-27.5695464743126],[153.30867198115,-27.5690514743684],[153.308683291192,-27.5687104943668],[153.308640301214,-27.5685754843614],[153.308552991253,-27.5683424743507],[153.30860898127,-27.5681624743549],[153.308847291329,-27.5675034843739],[153.308932001374,-27.5670794843792],[153.308920981382,-27.5670274743776],[153.308809981418,-27.5668364843649],[153.30858799148,-27.56653746434],[153.308512981555,-27.5660134743282],[153.308539991559,-27.5659574743305],[153.308562001566,-27.5658914643322],[153.308568971573,-27.5658284743324],[153.308573971587,-27.565714474332],[153.308578981594,-27.5656564843321],[153.308582001602,-27.5655874743319],[153.308587991609,-27.565528474332],[153.308580001619,-27.5654564743306],[153.308562991628,-27.5654034743285],[153.308534011638,-27.5653474743251],[153.30850598165,-27.5652814643217],[153.30847798166,-27.5652214743184],[153.30844998167,-27.5651684643151],[153.308404981683,-27.5651054743101],[153.308351001698,-27.5650354743041],[153.308298981711,-27.5649754742983],[153.308245001724,-27.5649214742924],[153.308197001733,-27.5648894742873],[153.307903001778,-27.5647824642566],[153.307804011793,-27.5647484842463],[153.30770199181,-27.5647014742355],[153.307578981829,-27.5646544842227],[153.306860011947,-27.5643354641472],[153.306460992012,-27.5641684741054],[153.306204982047,-27.5641064740789],[153.30526499217,-27.5639354839822],[153.305026982208,-27.5638394839573],[153.304613402264,-27.5637455239145],[153.304575362288,-27.5635945239095],[153.304275372337,-27.563460533878],[153.303932342384,-27.5633835338426],[153.302219402565,-27.563408543669],[153.301748992622,-27.5633524736208],[153.301662412629,-27.5633715436121],[153.301364172669,-27.5633144935814],[153.300710162743,-27.5632841835148],[153.300593032756,-27.5632784935029],[153.300249972805,-27.5631824534673],[153.299628412872,-27.5631845434043],[153.298430882965,-27.563459473285],[153.297469473009,-27.5639275631911],[153.297319463025,-27.5639275631759],[153.297018513082,-27.5637355731439],[153.296911493094,-27.563735573133],[153.296783493097,-27.5638135631206],[153.296571103083,-27.5641044931014],[153.296422103089,-27.5641824330869],[153.2962719431,-27.564221503072],[153.296036883125,-27.5642224930481],[153.295694153167,-27.5641845030131],[153.295457523185,-27.5642435629895],[153.295415503185,-27.5642825529856],[153.295030543208,-27.5644195729476],[153.294581553257,-27.564420582902],[153.294066543324,-27.5643255928491],[153.293467573391,-27.5643075927882],[153.292503573516,-27.564136572689],[153.292075573565,-27.5641185726455],[153.29188282359,-27.5640804826256],[153.291604543617,-27.5641005725976],[153.291455153626,-27.5641594925829],[153.291283603629,-27.5642766025664],[153.291134603616,-27.5645085925531],[153.291028573585,-27.564838592545],[153.289439983784,-27.5646194823821],[153.289611603878,-27.5637396023926],[153.289676033886,-27.5636234623982],[153.289737823919,-27.563314172402],[153.289759583931,-27.5631976024033],[153.289929593955,-27.5628676024179],[153.28999259398,-27.5626155924223],[153.290184584017,-27.5621696024383],[153.290204584054,-27.5618595924379],[153.290267584072,-27.5616666024427],[153.29031062407,-27.5616466024469],[153.290459574099,-27.5612976024593],[153.290522614134,-27.5609685924631],[153.290520604193,-27.5605046024592],[153.290478114213,-27.560387512454],[153.29032405435,-27.5594394424309],[153.290194074416,-27.5590334624145],[153.290194074428,-27.5589375224137],[153.290021614491,-27.5585895923935],[153.289870614525,-27.5584545923771],[153.289720594551,-27.5583776023613],[153.289655594587,-27.5581455923528],[153.289569594616,-27.5579905923429],[153.289225624676,-27.5578176223066],[153.289054614714,-27.5576636122881],[153.288967604743,-27.557508612278],[153.28875360478,-27.5573936222554],[153.288411594815,-27.5574136222209],[153.288368604814,-27.5574526122168],[153.288261624823,-27.5574726122061],[153.288069594826,-27.5576086121877],[153.287641634867,-27.5576486221447],[153.287235644889,-27.5578236121049],[153.287042634912,-27.5578056120852],[153.286570644987,-27.5576126220358],[153.286356615008,-27.5576326220142],[153.286122645013,-27.5577886119917],[153.286014685027,-27.5577696119806],[153.286098625077,-27.5573046119855],[153.286204625098,-27.5570526119942],[153.286182655155,-27.5566276219886],[153.285902625217,-27.5563766419583],[153.285838645226,-27.5563576419516],[153.285580655286,-27.5561066319235],[153.285549995297,-27.5560404719198],[153.285472655327,-27.5558746419107],[153.285258655372,-27.5557006318876],[153.285021665445,-27.5553336218607],[153.284870665478,-27.5551986318443],[153.284763865519,-27.5549664418316],[153.284762655544,-27.55477363183],[153.284677065575,-27.5545995118199],[153.284590665594,-27.5545226418106],[153.284483065638,-27.5542704717977],[153.284523655693,-27.5538056317981],[153.284586655721,-27.5535346318024],[153.284863615748,-27.5530886318269],[153.285225655754,-27.5527396318609],[153.285268625769,-27.552584631864],[153.285203615793,-27.5524496418563],[153.284967645831,-27.5523526318316],[153.284625965862,-27.5523924417973],[153.284261655901,-27.5523936417604],[153.28385468596,-27.5522786417182],[153.28336167602,-27.5522226516678],[153.283061686062,-27.5521456516367],[153.282783666092,-27.5521466516086],[153.282547656127,-27.552070651584],[153.282419686158,-27.55193466157],[153.282418706188,-27.5517026515681],[153.282589086204,-27.5514315115832],[153.282567106234,-27.5512184815793],[153.282287666288,-27.5510256615494],[153.2822021063,-27.5510064415406],[153.282095166324,-27.550910501529],[153.281986686365,-27.5506786515162],[153.281964676387,-27.5505236415127],[153.281835686423,-27.5503496514982],[153.281791706452,-27.5501566614923],[153.28174867646,-27.5501366614877],[153.281597706515,-27.54982767147],[153.281490686539,-27.5497316814584],[153.281254716574,-27.5496546614339],[153.28110470661,-27.5495006714174],[153.281104706627,-27.5493646714163],[153.281152006635,-27.5492644814204],[153.281170986639,-27.5492204714219],[153.28117397665,-27.5491294614215],[153.281081706687,-27.5489196714105],[153.281058706738,-27.5485326714051],[153.280929716767,-27.5484166813911],[153.280907676784,-27.548300661388],[153.280950706787,-27.5482426713919],[153.281099696779,-27.5481836714065],[153.281142696781,-27.5481256714104],[153.281226686819,-27.547757671416],[153.281290706815,-27.5477386714224],[153.28131165682,-27.547679671424],[153.281439666821,-27.5475636614361],[153.281803676805,-27.5473876714716],[153.281996656781,-27.5474066714913],[153.282339646722,-27.5475796415275],[153.282767676679,-27.5475596515707],[153.283087676662,-27.5474226516021],[153.283194656675,-27.5472286416114],[153.283150676697,-27.5470936516058],[153.283171626715,-27.5469386616067],[153.283300066718,-27.5468024616187],[153.283384636736,-27.5465896516256],[153.283533626733,-27.5464926616399],[153.283597656738,-27.5463956416457],[153.283661636734,-27.546375651652],[153.283747626737,-27.5462786516599],[153.283790046752,-27.546123491663],[153.28378861679,-27.5458336516606],[153.283724156809,-27.5457364916533],[153.283724156816,-27.5456784416528],[153.283530636859,-27.5455056516318],[153.283422636876,-27.5454666516206],[153.283359126892,-27.5453894516135],[153.283336606907,-27.5452926616105],[153.283442996923,-27.5450795016196],[153.283442996953,-27.5448474716177],[153.283420626965,-27.5447696416149],[153.283334996984,-27.5446925016056],[153.283249656996,-27.5446736515967],[153.283162647017,-27.5445776515872],[153.283118627081,-27.544112671579],[153.283011647103,-27.5440356715676],[153.282903637131,-27.5439006615556],[153.282732637162,-27.5438036615375],[153.282538637205,-27.5436306715164],[153.28249662721,-27.5436306715122],[153.282368037246,-27.5434564414977],[153.282195617284,-27.5433026714791],[153.282151637308,-27.5431476714734],[153.282301647319,-27.5429346614869],[153.282300627329,-27.5428576714862],[153.282236607343,-27.5427996714792],[153.282086627367,-27.5427416714636],[153.281480657424,-27.5428016714026],[153.281106677458,-27.5428546713651],[153.281000057477,-27.5427964713538],[153.2809236675,-27.5426816813452],[153.28087066751,-27.5426426613395],[153.280464637551,-27.5426627012985],[153.280185667589,-27.5426056812698],[153.280121687603,-27.5425476812628],[153.280078687607,-27.5425476812585],[153.279863667653,-27.5423746912353],[153.279799647677,-27.5422396912277],[153.279756647684,-27.5422197012232],[153.27964864772,-27.5420266812107],[153.279562687739,-27.5419496912014],[153.278962697835,-27.5417007011386],[153.278833707869,-27.5415456811243],[153.278790717893,-27.5413916911187],[153.278683077925,-27.5412364911066],[153.278468677972,-27.5410446910833],[153.278197658015,-27.540937701055],[153.27797570805,-27.5408527110318],[153.277889998074,-27.5407364610222],[153.277910698101,-27.5405047110225],[153.278081158115,-27.5402524210378],[153.278122688143,-27.54000071104],[153.278250698158,-27.5397687010512],[153.278314718157,-27.5397297110574],[153.278335708162,-27.539671711059],[153.278442688155,-27.5396327110696],[153.278570688156,-27.5395167010816],[153.27867668817,-27.5393227110908],[153.279104648148,-27.5391287011327],[153.279253678147,-27.5390116811469],[153.279445668134,-27.5389536911659],[153.279530678135,-27.5388756911739],[153.279744018161,-27.5384884311924],[153.279807678184,-27.5382566811971],[153.279871658185,-27.5381986812031],[153.280019668211,-27.5378686812155],[153.280211658217,-27.5376556912333],[153.280317658243,-27.5373656812417],[153.280424638254,-27.5371916912512],[153.280573628255,-27.5370556812652],[153.280873658223,-27.5370546812956],[153.281002648197,-27.5371506913095],[153.281130658183,-27.5371506913224],[153.281258628177,-27.537092681335],[153.281343628183,-27.5369756913427],[153.281364618225,-27.536627681342],[153.281406628223,-27.5366086813461],[153.281513648236,-27.5364146913555],[153.281790978238,-27.5361624613816],[153.281896608249,-27.5359886913909],[153.281961618247,-27.5359496913972],[153.281960588252,-27.5359107013968],[153.282046618253,-27.5358336814049],[153.282225148245,-27.5357434414223],[153.282239158245,-27.5357355214237],[153.282537618218,-27.5356926714536],[153.282859078191,-27.5356375114857],[153.283179578181,-27.5354436615167],[153.283414608166,-27.5353656715399],[153.283692588136,-27.5353646715681],[153.283842608115,-27.5354026715836],[153.284078578072,-27.5355376616086],[153.284292978049,-27.5355364216303],[153.284388028046,-27.5354874716396],[153.284739558073,-27.5349746716712],[153.284846578079,-27.534839681681],[153.284845918111,-27.5345874616789],[153.284736558197,-27.5340086716632],[153.284758098212,-27.5338725116643],[153.28482156822,-27.5337566716698],[153.284797588291,-27.5332156716632],[153.28466757836,-27.5327906716466],[153.284603558379,-27.5326936816393],[153.284538588415,-27.5324616716309],[153.284493578492,-27.5319016716219],[153.284386568528,-27.5317086616096],[153.284383568624,-27.5309546816033],[153.284212568658,-27.530838661585],[153.284190558667,-27.5307806615823],[153.284052558698,-27.5306566815674],[153.283696568804,-27.5301246915271],[153.283652478834,-27.529927891521],[153.283610028863,-27.5297384515152],[153.28363093888,-27.5295834715161],[153.283759568884,-27.5294476815281],[153.28386453888,-27.5293896915383],[153.28425997884,-27.5293694715782],[153.284268998868,-27.5291434715774],[153.285084008748,-27.529397471662],[153.285102988803,-27.5289464616604],[153.285064988809,-27.5289334816564],[153.285079008865,-27.5284814716543],[153.284663998965,-27.5280514716088],[153.284659989025,-27.5275804816047],[153.284825989025,-27.5274444716204],[153.285003009056,-27.5270504716352],[153.285438499074,-27.5265436616754],[153.285566979068,-27.526484501688],[153.285716479069,-27.5263496717021],[153.285736479091,-27.5261556617025],[153.285694109106,-27.5260785216976],[153.285436489158,-27.52588567167],[153.285436489163,-27.5258476816697],[153.285670529163,-27.5256526716919],[153.285713889168,-27.5255755016957],[153.285733529218,-27.5251696716944],[153.285819009243,-27.524898421701],[153.285967489242,-27.5247826717151],[153.286052499253,-27.5246276717225],[153.286116479251,-27.5245886817287],[153.286223499261,-27.5244136717382],[153.28635146926,-27.5243176717504],[153.286414469268,-27.5242006817558],[153.286500869266,-27.5241424417641],[153.28664948928,-27.5239106717774],[153.286734469305,-27.5236396617839],[153.286792249358,-27.523176461786],[153.286944449424,-27.5225366817964],[153.286943459453,-27.5223046717945],[153.287008069469,-27.5221304917997],[153.287345479498,-27.5216156718298],[153.287390479499,-27.521568661834],[153.28756103952,-27.5212584718489],[153.287666459546,-27.5209686718573],[153.287942429581,-27.5204646818813],[153.288133469625,-27.5199616618966],[153.288218449662,-27.5195946819024],[153.288302429676,-27.5194196719095],[153.288380319716,-27.5190400319144],[153.288429449741,-27.5188006719175],[153.288363859824,-27.5182014419061],[153.288383429869,-27.5178346619052],[153.28857238996,-27.5169636619175],[153.288658419961,-27.5168856719256],[153.288701409956,-27.5168856719299],[153.288765429947,-27.5169056619366],[153.288894429916,-27.5170406819507],[153.288958409909,-27.5170396819572],[153.289043419917,-27.5169046719648],[153.289020389984,-27.5164016719585],[153.289062399999,-27.5162466819615],[153.289147410005,-27.5161306619692],[153.289147410017,-27.5160336719684],[153.289061410056,-27.5158026819579],[153.289017430065,-27.5157636819531],[153.28901743008,-27.5156476619522],[153.289145440101,-27.515376681963],[153.289101420148,-27.515047671956],[153.289206390193,-27.5146026719631],[153.289206390212,-27.5144576719619],[153.289204380262,-27.5140616819586],[153.289394370338,-27.5133076719719],[153.289437400341,-27.5132496819758],[153.289564380387,-27.512784681985],[153.289628190392,-27.5126875019907],[153.289839370463,-27.5119526820063],[153.289882370466,-27.5118946620102],[153.290095380461,-27.5117586720308],[153.290159330476,-27.5115846820359],[153.290317380477,-27.5114426720508],[153.290509370473,-27.5113136720692],[153.290747350463,-27.5111916620924],[153.290721360493,-27.5109796720881],[153.290111340629,-27.5104216720218],[153.290041840651,-27.5103095620139],[153.289912340692,-27.5101006619991],[153.289676040768,-27.509702471972],[153.289470830831,-27.5093804619486],[153.289341370852,-27.509323661935],[153.289142880877,-27.5092974619147],[153.288982390886,-27.5093616818989],[153.288860370887,-27.5094516818873],[153.288783390891,-27.5094906818798],[153.288770400872,-27.5096446918797],[153.288927930781,-27.5102302519003],[153.289263260583,-27.5115015719443],[153.289283370554,-27.511706111948],[153.28926100054,-27.5118352019467],[153.289157990544,-27.5118967519368],[153.289079630486,-27.5124130719329],[153.288986990461,-27.5126894819257],[153.28892238046,-27.5127476819196],[153.288731380417,-27.5132506719042],[153.28853629041,-27.5134644018861],[153.288530590389,-27.5136359018869],[153.288497420382,-27.5137156718842],[153.288402620368,-27.5139107918761],[153.288322980358,-27.5140520218691],[153.28819939035,-27.5142196718579],[153.288158070346,-27.5142890818543],[153.288038650346,-27.5143823918429],[153.287969300345,-27.5144509718364],[153.286581130543,-27.5140664916926],[153.286036440411,-27.5155576816492],[153.285895440414,-27.5156516816356],[153.285060470514,-27.5155741315503],[153.284771060556,-27.5154874915203],[153.284670970588,-27.5153245115089],[153.284691490631,-27.5149636815081],[153.282296500872,-27.5150897012662],[153.282287490818,-27.5155217012688],[153.281517520872,-27.5157447111924],[153.281371520927,-27.5154387311752],[153.281401520962,-27.5151357311759],[153.280489941054,-27.5151834610838],[153.280204540951,-27.5162307310632],[153.279888420994,-27.5161602610306],[153.279448081054,-27.5160615109851],[153.279359901065,-27.5160514309761],[153.279162541091,-27.5160097309558],[153.27802856126,-27.5156437408379],[153.277969571239,-27.5158547308336],[153.277717581265,-27.5158587508081],[153.276650611401,-27.5156927506986],[153.276586631379,-27.515922740694],[153.27630262141,-27.5159197406652],[153.275264601539,-27.5157747605588],[153.275199591517,-27.516002750554],[153.274948581544,-27.5160067705286],[153.273872521676,-27.5158732504185],[153.273755651636,-27.5162877604099],[153.273344621679,-27.5162937603683],[153.271933971864,-27.5160292102232],[153.271742671833,-27.5164387802071],[153.271371651878,-27.5163987801692],[153.270311692035,-27.516056770059],[153.269957062001,-27.5166234700276],[153.269585712051,-27.5165407899893],[153.268888702179,-27.5161237999154],[153.269055692195,-27.5158558099302],[153.268585722242,-27.5158807998827],[153.26859772225,-27.5158107998834],[153.265127232599,-27.5159915395332],[153.264607222652,-27.5160184794807],[153.264118772701,-27.5160448194314],[153.263590802753,-27.5160778293782],[153.263073812738,-27.5166338393302],[153.262463972858,-27.516203439265],[153.261633122952,-27.5161684391805],[153.261611152971,-27.5160334291773],[153.261674842972,-27.5159758391832],[153.261909792952,-27.5159368392067],[153.262145042951,-27.515742459229],[153.262208802947,-27.5157228292353],[153.262400792951,-27.5155288392533],[153.262465072961,-27.5153934392587],[153.262569823024,-27.5148128292647],[153.26269779304,-27.5145808392759],[153.262696773067,-27.5143678292741],[153.262759803092,-27.5141168392785],[153.262738823107,-27.5140198292756],[153.262673813121,-27.5139628292685],[153.262288773158,-27.5140018292298],[153.262096783181,-27.5139828292102],[153.262031783197,-27.5139058292031],[153.26203178322,-27.5137318392017],[153.261924793243,-27.5136358391901],[153.261795803255,-27.5136548391771],[153.261689993244,-27.5138294991678],[153.261412083256,-27.5139654991407],[153.261241083275,-27.5139654991234],[153.261133843293,-27.5139088291121],[153.260940863314,-27.5139084390925],[153.260769833337,-27.5138708290749],[153.260683833354,-27.5138128290657],[153.260619813378,-27.5136778390582],[153.260597843399,-27.5135295790548],[153.260553863442,-27.513232859048],[153.260552073521,-27.5126145190429],[153.260593823541,-27.5124208590456],[153.260721793547,-27.5122658490574],[153.260721793552,-27.5122278490571],[153.26078581355,-27.5121888290632],[153.260785813555,-27.5121498290629],[153.260998793554,-27.5119758390831],[153.261062813562,-27.5118588290887],[153.261062813572,-27.5117818290881],[153.26093382361,-27.5115888390735],[153.260932803625,-27.5114728390725],[153.261082813636,-27.511259829086],[153.261037813693,-27.5108538290782],[153.261102123698,-27.510756469084],[153.261486793675,-27.5106208391219],[153.261529793677,-27.5105628291258],[153.261528773687,-27.510484829125],[153.261475703708,-27.5103656491187],[153.261442813721,-27.5102918391148],[153.261442813736,-27.5101758291139],[153.261505813744,-27.5100598291194],[153.261655793743,-27.5099438391336],[153.261697803748,-27.5098658391373],[153.261697803773,-27.5096728291357],[153.261761823776,-27.5095948291416],[153.262082773754,-27.5094978391734],[153.262141793754,-27.5094438391789],[153.262274763758,-27.5093038291913],[153.262401783774,-27.5090718392023],[153.262443753791,-27.5088978292052],[153.262507773795,-27.5088198292111],[153.262507923809,-27.5087034692102],[153.262443133826,-27.508626429203],[153.262464743836,-27.5085298392044],[153.263169953763,-27.5085084392757],[153.26340476376,-27.5083338392981],[153.263447903768,-27.5082374493017],[153.263404763787,-27.5081208292964],[153.263168903822,-27.5080444992719],[153.263126053832,-27.5080054292672],[153.263126053839,-27.5079474592668],[153.26321076384,-27.5078708392748],[153.263317783834,-27.5078318392853],[153.263424733837,-27.5077148292952],[153.263466743845,-27.5076188292987],[153.263466743864,-27.5074638392975],[153.263358733901,-27.507270829285],[153.263272703917,-27.5072128292758],[153.262909783954,-27.5072328292392],[153.262802763958,-27.5072918392289],[153.262653773954,-27.507446839215],[153.262589793958,-27.5074658392087],[153.262481783977,-27.5074088391973],[153.262460763992,-27.5073118391944],[153.26252376402,-27.5070408391986],[153.262480764031,-27.5069828391938],[153.262458754056,-27.5068098391902],[153.262650744072,-27.5065188392073],[153.262821754066,-27.5064218392239],[153.263077764046,-27.5063628292494],[153.263141744049,-27.5062858292552],[153.263141744059,-27.5062078392546],[153.262990744095,-27.5060538392381],[153.262799154126,-27.5059764692181],[153.262605744168,-27.5058038291971],[153.262326734213,-27.5056878591679],[153.26226275423,-27.5056108591609],[153.262240704247,-27.5054948491577],[153.26236896425,-27.5053584491696],[153.26236772427,-27.5052048591683],[153.262303744284,-27.5051468591613],[153.262176024303,-27.5051085091481],[153.262025174336,-27.5049735191317],[153.261917754377,-27.504741859119],[153.261809754401,-27.5046458591073],[153.261764634416,-27.5045677391021],[153.261745764423,-27.5045298490999],[153.261637764462,-27.5043178590873],[153.261615714481,-27.504181849084],[153.261701744489,-27.5040468490917],[153.261936734467,-27.5040268491153],[153.262128724466,-27.5038708591335],[153.262170734461,-27.5038708591378],[153.262341734463,-27.5037158491539],[153.262448724471,-27.5035608591635],[153.262768714451,-27.503444859195],[153.262896724453,-27.503327849207],[153.262981724466,-27.5031538592143],[153.263024694486,-27.5029598492171],[153.262915704549,-27.5025548592028],[153.263043964565,-27.502321479214],[153.263172114561,-27.5022444292264],[153.263600184513,-27.5022624292699],[153.263642704513,-27.5022238592739],[153.263641944528,-27.5021074592729],[153.263342024587,-27.5018954992408],[153.263170724613,-27.501838859223],[153.263127694628,-27.501760859218],[153.26314868463,-27.5017228592199],[153.263319684617,-27.5016828492369],[153.263383704617,-27.5016248492429],[153.263510724648,-27.501276849253],[153.263744694668,-27.500927859274],[153.263700994726,-27.5005024892662],[153.263935654728,-27.5002898492883],[153.264169694745,-27.4999598493094],[153.264319674746,-27.4998248493235],[153.264552654786,-27.4993208593431],[153.264531114803,-27.49920450934],[153.264402964826,-27.4991274793264],[153.264188674844,-27.499167849305],[153.264081694848,-27.4992258592947],[153.263804654846,-27.4994778492686],[153.26371968485,-27.4995168492603],[153.26346269488,-27.4994978492341],[153.263290664938,-27.4991898592142],[153.263075684988,-27.4989768491908],[153.263011664997,-27.4989578491841],[153.262796675045,-27.4987648591608],[153.262775655057,-27.4986878591581],[153.262603665097,-27.4985138691393],[153.262452845155,-27.4981854391214],[153.262409995162,-27.4981664591169],[153.262323675191,-27.4980128691069],[153.262259685201,-27.4979928691003],[153.262109705236,-27.4978388790839],[153.261852675279,-27.4977238690569],[153.261616705333,-27.4974928690312],[153.261508695352,-27.4974348790198],[153.261316715368,-27.4974738690007],[153.261274695363,-27.497550868997],[153.261209725367,-27.4975708689906],[153.261081725366,-27.4976868689785],[153.260996675375,-27.4976878589699],[153.260953715385,-27.4976488689653],[153.260952695397,-27.4975518689644],[153.2610597154,-27.4974358789743],[153.261123695411,-27.4973008789797],[153.261122715433,-27.4971258689783],[153.26094970552,-27.4965858689565],[153.260713725605,-27.4961218789289],[153.260777715615,-27.4959868789343],[153.260926705614,-27.4958698689485],[153.260926705619,-27.4958318689482],[153.261054675625,-27.4956768789599],[153.26109665564,-27.4955218689629],[153.261095665672,-27.4952708889608],[153.261030655697,-27.4951348789532],[153.260987665728,-27.4949228889472],[153.260901665757,-27.4947678989372],[153.260879655782,-27.4945938889336],[153.260793705808,-27.4944588889238],[153.260750665837,-27.4942658789179],[153.260621675883,-27.4940148889029],[153.26057769591,-27.4938408988971],[153.260491665934,-27.4937248888874],[153.260427675943,-27.4937058888808],[153.260341685965,-27.4936098888713],[153.260020666006,-27.4935528888384],[153.259742726053,-27.4934178988091],[153.259269716163,-27.4929548987576],[153.259099076194,-27.4928584387395],[153.25903498621,-27.4927814787324],[153.258992176215,-27.4927814787281],[153.258734696269,-27.4925699087003],[153.258155696363,-27.4923198986397],[153.257984696396,-27.4922049086215],[153.257727706431,-27.492146908595],[153.25736368647,-27.4921479085581],[153.257234696526,-27.4918198985424],[153.257618716512,-27.4916059085797],[153.257682846515,-27.4915284885855],[153.257853696509,-27.4914318986021],[153.258130696514,-27.491159918628],[153.258322946525,-27.4909074986455],[153.258471716522,-27.4908109086598],[153.258492706527,-27.4907529186614],[153.258599686525,-27.4906758986717],[153.258706666531,-27.4905399086814],[153.258962676526,-27.490364918706],[153.259240666501,-27.4903259187338],[153.259453676503,-27.4901319087539],[153.259731666473,-27.490130908782],[153.259881676465,-27.4900729087968],[153.259923686467,-27.4900149188006],[153.260052676461,-27.4899559188132],[153.260094656469,-27.4898588988166],[153.260243646468,-27.4897429088308],[153.260286646473,-27.4896659088346],[153.260350626469,-27.4896459088409],[153.260371656474,-27.4895879188425],[153.260521666475,-27.4894528988567],[153.260649636471,-27.489374888869],[153.260840636495,-27.4890258888856],[153.260947626498,-27.4889098888955],[153.261032636511,-27.4887358989028],[153.261117636512,-27.4886578789108],[153.261181656528,-27.4884838889159],[153.261266636531,-27.4883868989237],[153.261264586585,-27.4879619089202],[153.261370626611,-27.4876709089286],[153.261413616611,-27.4876329089326],[153.261412596653,-27.4873039089299],[153.26138963671,-27.4868789089243],[153.261172606856,-27.4859129088946],[153.261129616878,-27.4857769188892],[153.260678037027,-27.4849855088372],[153.260591607066,-27.4847538988266],[153.260590617113,-27.4843868988236],[153.260525607135,-27.4842709088161],[153.260289637189,-27.4840399087904],[153.260225617218,-27.4838658987825],[153.26013962724,-27.483768908773],[153.260116587309,-27.4832469087666],[153.259944607369,-27.4829189287465],[153.259708597421,-27.482706928721],[153.259494627461,-27.4825719186982],[153.259451157481,-27.4824555186929],[153.259365637497,-27.4823989286838],[153.259279607526,-27.4822439286738],[153.259021627583,-27.4820129286459],[153.258657617647,-27.4818199286075],[153.25848660767,-27.4817819285899],[153.257994667723,-27.48178292854],[153.257651887776,-27.4816484685043],[153.257482637797,-27.481628918487],[153.257302657813,-27.4816539284689],[153.257079647825,-27.4817479284471],[153.256989677825,-27.4818249284386],[153.256883637767,-27.4823659184321],[153.256799067752,-27.4825594484251],[153.256756617754,-27.4825799284209],[153.256734647746,-27.4826569284193],[153.256670917748,-27.4826954484132],[153.256650007743,-27.4827534984115],[153.256436877746,-27.4829084683911],[153.256094697788,-27.4828709583562],[153.255794667817,-27.482890948326],[153.255602677815,-27.4830659483079],[153.255453027827,-27.4831044982931],[153.255368047828,-27.4831624582849],[153.255239677844,-27.4831439382718],[153.255153837864,-27.4830664282624],[153.255110687883,-27.4829509482572],[153.2551316779,-27.4827959382581],[153.255066667932,-27.4826029482499],[153.254980677953,-27.4825069482405],[153.254702697978,-27.4825459482126],[153.254424857991,-27.4826814981856],[153.254339697987,-27.4827789481777],[153.254339697977,-27.4828569481783],[153.254404707963,-27.4829149481854],[153.254383717953,-27.483010938184],[153.254169717976,-27.4830119381623],[153.254062707995,-27.482953948151],[153.253719708041,-27.4828779481157],[153.253484688079,-27.4827809480911],[153.253462938088,-27.4827234380885],[153.253205718136,-27.4825689380612],[153.252990958188,-27.4823374280376],[153.252777138218,-27.4822804480155],[153.252690708245,-27.4821459380057],[153.252284718305,-27.4820109579635],[153.25224175832,-27.4819339679586],[153.251876718396,-27.4816449579193],[153.25166070842,-27.4816339678973],[153.251347728453,-27.4816429578657],[153.251063758484,-27.4816339678369],[153.250632728531,-27.4816269577932],[153.250145888585,-27.4816144477438],[153.249872758614,-27.4816139677161],[153.24954378865,-27.4816069576828],[153.249347778669,-27.4816289576631],[153.248865798706,-27.4817409576152],[153.248524088739,-27.4817734975808],[153.248302818759,-27.4817959775586],[153.248118828775,-27.4818289775402],[153.247801818797,-27.4819239775089],[153.247668778809,-27.4819359774955],[153.247573808812,-27.4819969774864],[153.247477958807,-27.4821154874776],[153.247338818817,-27.4821549874638],[153.247180808849,-27.4820359774469],[153.247047808876,-27.4819339874326],[153.246864798903,-27.4818769874136],[153.246617838932,-27.4818599873885],[153.246389858958,-27.4818479773653],[153.24621884898,-27.4818189873478],[153.246003829006,-27.4817899773258],[153.245783079042,-27.4816984273027],[153.245453999096,-27.4815504572682],[153.24521283914,-27.4814099872427],[153.244934859177,-27.481346977214],[153.244744839202,-27.4813129771945],[153.244573839218,-27.4813289771773],[153.244275849239,-27.4814189971479],[153.244066889253,-27.4814799971272],[153.243914869266,-27.481507997112],[153.243516139301,-27.4815735070722],[153.243287869326,-27.481567997049],[153.243116899348,-27.4815394870315],[153.242793879398,-27.4814149969978],[153.242453039461,-27.4812104469617],[153.242205899503,-27.4810859969357],[153.242111909531,-27.4809439969251],[153.24203587955,-27.4808600069167],[153.241940869565,-27.4808200069068],[153.241896889571,-27.4808139969023],[153.241826919581,-27.480790996895],[153.241757899592,-27.4807630068878],[153.2417008896,-27.4807460068819],[153.241643909612,-27.4807060068758],[153.241599889622,-27.480660996871],[153.241536889637,-27.4805929868641],[153.24148589965,-27.4805359968585],[153.241447899661,-27.4804850068542],[153.241409909672,-27.4804290068499],[153.241379169685,-27.4803495168462],[153.241385999703,-27.4802024568457],[153.241418049715,-27.480084466848],[153.241442899734,-27.4799150068492],[153.241455899749,-27.4797850068495],[153.24146888976,-27.47968399685],[153.241482139766,-27.4796324668509],[153.241463049774,-27.4795814468486],[153.241451149783,-27.4795194368469],[153.24143786979,-27.4794744468452],[153.2414320998,-27.479400466844],[153.241419909811,-27.4793279968422],[153.241388189829,-27.4792144268381],[153.241193059896,-27.4788474968155],[153.241136189913,-27.478762456809],[153.241117069921,-27.4787224968068],[153.241091879928,-27.4786834168039],[153.241054099937,-27.4786434567998],[153.241028879949,-27.4785704767967],[153.241017019954,-27.4785414867952],[153.240960119982,-27.4783724767881],[153.240992199996,-27.4782314467902],[153.24107491,-27.4781300067978],[153.241270880002,-27.4779560168163],[153.2413979,-27.4778594668284],[153.241494000007,-27.477724476837],[153.241658909998,-27.4776574268532],[153.241803959977,-27.4777024268682],[153.241942949961,-27.4777094568824],[153.241982149968,-27.4776184468856],[153.242013869989,-27.4774269968873],[153.241995150016,-27.4772294668839],[153.241970980041,-27.47705344688],[153.241977150059,-27.4769134868795],[153.242072890082,-27.4766474368871],[153.242104870093,-27.4765359968895],[153.242104870102,-27.4764619968889],[153.242112130107,-27.4764165068893],[153.242112130114,-27.4763654868889],[153.242125090119,-27.4763154368898],[153.242130890127,-27.4762480268898],[153.242174000141,-27.476097476893],[153.242252840201,-27.4755590068967],[153.242279150219,-27.4753954568981],[153.242273060237,-27.4752654868965],[153.242102060266,-27.4751745068784],[153.241976060297,-27.4750444568646],[153.241849840317,-27.4749880068514],[153.24168519034,-27.4749474368344],[153.24148283037,-27.4748794868134],[153.241324860391,-27.4748510167972],[153.241127910425,-27.4747484567764],[153.240906860465,-27.474619006753],[153.240577890519,-27.4744710067186],[153.240381880555,-27.4743520166978],[153.240255960582,-27.4742494866842],[153.240148870613,-27.4740980066722],[153.240016850659,-27.4738490166568],[153.2399598707,-27.4735720166489],[153.239941880728,-27.4733630266454],[153.239834860756,-27.4732330266336],[153.239785150783,-27.4730689866272],[153.239771860791,-27.4730130266254],[153.239790880795,-27.472968016627],[153.239828870796,-27.4729280166305],[153.239879860798,-27.4728720166353],[153.239955860797,-27.4728100266425],[153.240050870799,-27.4727140266513],[153.240076850807,-27.4726300166533],[153.240045870831,-27.4724660166488],[153.240014880865,-27.4722290066438],[153.240002870888,-27.4720540166412],[153.240021890904,-27.471913016642],[153.240066960916,-27.4717824966456],[153.240142880914,-27.4717320066529],[153.240130870934,-27.4715860266505],[153.240130840953,-27.4714400366493],[153.240200840955,-27.4713660266558],[153.240352830962,-27.4711850166698],[153.240479850973,-27.4709880166811],[153.240600810974,-27.4708760166924],[153.240708810982,-27.4707230167022],[153.240766851003,-27.4705090067063],[153.240792841021,-27.4703460267077],[153.240817841043,-27.4701540167087],[153.240843831068,-27.4699340167096],[153.240863831085,-27.4697810167104],[153.240863831103,-27.4696400067093],[153.240895841114,-27.4695270167116],[153.240946831126,-27.4693920167157],[153.241010851136,-27.4692620167212],[153.241004831149,-27.4691610067198],[153.241131011159,-27.4689774667311],[153.241179991174,-27.4688184667348],[153.241164811191,-27.4686980067323],[153.241006801258,-27.4683030367132],[153.240962821284,-27.4681390267074],[153.240944791317,-27.4678910367037],[153.240995811331,-27.4677380467076],[153.241059871339,-27.4676244867132],[153.241173831342,-27.4675020367238],[153.241249821351,-27.4673660267304],[153.241288801364,-27.4672370267333],[153.24128281138,-27.4671120367317],[153.241217811433,-27.4667520267223],[153.241282811483,-27.4663000367253],[153.241465821523,-27.4658360367401],[153.241400751574,-27.4654910367308],[153.241260771627,-27.4651890367143],[153.241012791676,-27.4650170266878],[153.240495801749,-27.4648770366344],[153.240161831784,-27.4648770366006],[153.23982781179,-27.4651140365686],[153.239716781759,-27.4654540365601],[153.239634801758,-27.4655280365524],[153.239572971754,-27.4656092165467],[153.239519791749,-27.465696036542],[153.239487821732,-27.4658550365401],[153.239455841724,-27.4659500365376],[153.23934185173,-27.4659950265264],[153.239233851735,-27.4660510265159],[153.239144831733,-27.4661410365076],[153.239112811721,-27.4662600465053],[153.23909383171,-27.4663610365042],[153.239087851703,-27.4664230265041],[153.239080841697,-27.4664740265038],[153.239067851693,-27.4665140265028],[153.239061861689,-27.4665530265025],[153.239042841685,-27.4666040265009],[153.239016821679,-27.4666660464988],[153.238940831675,-27.4667680364919],[153.238832821674,-27.4668630264817],[153.238724821676,-27.4669360364714],[153.238572841686,-27.4669870364564],[153.238395851699,-27.4670370464389],[153.238243821719,-27.4670030364232],[153.238091841739,-27.4669740464076],[153.237952851754,-27.4669790663936],[153.237774871761,-27.4670690463763],[153.237635881761,-27.4671870563632],[153.237565871753,-27.467306046357],[153.237545871731,-27.4675030563565],[153.237526891715,-27.4676440463557],[153.237557881699,-27.4677400563596],[153.237582961684,-27.4678354663629],[153.237544851674,-27.46794905636],[153.237524851662,-27.4680620563588],[153.23741002164,-27.4683294663493],[153.237346001623,-27.4685164663443],[153.237309021582,-27.4688704663434],[153.237327021522,-27.4693284663488],[153.237393881478,-27.4696190363579],[153.237368851474,-27.4696650363557],[153.237342861472,-27.4697100363534],[153.237323911466,-27.469772026352],[153.237304901461,-27.4698230263505],[153.237253911457,-27.469901026346],[153.237253911444,-27.4700030363468],[153.237279131407,-27.4702674363514],[153.237378921369,-27.4704830363632],[153.237498901337,-27.4706360363766],[153.237618911315,-27.4707090363893],[153.237757901292,-27.4707720464039],[153.237840901281,-27.4707890264124],[153.238174001198,-27.471158476449],[153.23835186116,-27.4713100464682],[153.238439861133,-27.4714460364782],[153.238604841094,-27.4716150364963],[153.23872989105,-27.4718530365108],[153.238773881028,-27.4719940465164],[153.238824870999,-27.472175026523],[153.238849870986,-27.4722600365262],[153.238867860979,-27.4722990365283],[153.238880860967,-27.4723840465303],[153.238886880957,-27.4724510265314],[153.238867860949,-27.4725360365302],[153.23880987094,-27.4726540265252],[153.238746900927,-27.4728070465201],[153.238669920923,-27.4729080365131],[153.238574920921,-27.4729980365042],[153.238504910911,-27.4731340264982],[153.238421910898,-27.4733080464911],[153.238345910891,-27.4734320264844],[153.23821291089,-27.4735450264718],[153.238015880892,-27.4737020364532],[153.237825900892,-27.4738600264352],[153.237723880893,-27.4739390364255],[153.237641900888,-27.474046046418],[153.237558900872,-27.4742370364111],[153.237348920858,-27.4745300363922],[153.237202950848,-27.474728026379],[153.23708196083,-27.4749700263687],[153.237004900816,-27.4751450363622],[153.236941940813,-27.4752240363565],[153.236864930811,-27.4753080363494],[153.236826930807,-27.475365036346],[153.2368019608,-27.4754430363441],[153.236819920784,-27.4755560363468],[153.236844930772,-27.4756300363499],[153.236863940738,-27.4758780463538],[153.236850950723,-27.4760080463535],[153.236678920693,-27.4763910263391],[153.23666593068,-27.4765040263387],[153.236715930663,-27.4765950263445],[153.236829960646,-27.4766340263563],[153.237012930616,-27.4767140363755],[153.237158930591,-27.4767880363908],[153.237278950568,-27.4768670364036],[153.23734793055,-27.4769520464113],[153.237328910546,-27.4769970364097],[153.237138930552,-27.4771090363913],[153.237121490549,-27.4771507663899],[153.237074950539,-27.4772620263861],[153.237074950527,-27.4773580463868],[153.237137950506,-27.4774710363941],[153.237112100497,-27.4775604863922],[153.236991870506,-27.4775934363803],[153.236763970529,-27.4776050363573],[153.236674980532,-27.4776610363488],[153.23659899053,-27.4777400363417],[153.236509960519,-27.4778980363339],[153.236369990503,-27.4781400363217],[153.236305970488,-27.4783150263166],[153.236241980482,-27.4784110263109],[153.236090000474,-27.478603036297],[153.235809970469,-27.4788780362708],[153.235671010463,-27.4790420462581],[153.235562020446,-27.4792730362489],[153.235459970428,-27.4794980362403],[153.235319950417,-27.4797010262278],[153.235104970418,-27.4798760462074],[153.234869980438,-27.4799200361839],[153.234667960465,-27.4798750461631],[153.234420960496,-27.4798400361379],[153.234212000513,-27.479879036117],[153.234110020518,-27.4799290461071],[153.234039610519,-27.4799798661004],[153.233913140518,-27.4800924760885],[153.233811990519,-27.4801710460788],[153.23375502052,-27.4802110360734],[153.233684970524,-27.4802390260665],[153.233565000527,-27.480312036055],[153.233406000532,-27.4804070260396],[153.233057060547,-27.4805864760057],[153.232948990549,-27.4806600359954],[153.232880000547,-27.480733035989],[153.232802990546,-27.4808060359818],[153.232740020547,-27.4808510259757],[153.232550040553,-27.4809690359575],[153.232340020553,-27.4811440359376],[153.232042030551,-27.4814080259095],[153.231938080551,-27.4814969758997],[153.231800040551,-27.4816110258866],[153.231522060561,-27.4817680558598],[153.231287030577,-27.4818410558366],[153.231059050597,-27.4818740558137],[153.230729060622,-27.481958045781],[153.230590060625,-27.4820530457677],[153.230463080648,-27.4819740557542],[153.230451070663,-27.4818720657522],[153.230451070674,-27.4817820557515],[153.230375080687,-27.4817414557435],[153.230286060695,-27.4817590457346],[153.230052130707,-27.4818594457117],[153.229963070707,-27.4819330557033],[153.229842070704,-27.4820570656921],[153.229716070709,-27.4821300456799],[153.229519080731,-27.4821240456599],[153.22944305074,-27.4821120656521],[153.229317060754,-27.4821060456393],[153.229070100781,-27.4821060456143],[153.228854090802,-27.4821220555926],[153.228771960804,-27.4821724655847],[153.2287341108,-27.4822400455814],[153.228727110789,-27.4823310455814],[153.22872711078,-27.482404045582],[153.228713090732,-27.4827880555836],[153.228645020733,-27.4828404655771],[153.22847299074,-27.4829314655604],[153.228301000742,-27.483057465544],[153.228024550765,-27.4831151555165],[153.227886000829,-27.4827234654994],[153.227625020859,-27.4827134554729],[153.227387990884,-27.4827144554489],[153.227278020897,-27.4827044654377],[153.227148010913,-27.4826864654244],[153.227031020926,-27.4826844654126],[153.226920030937,-27.4826914654014],[153.226827100945,-27.4827095753922],[153.226728990952,-27.4827336953824],[153.226670920959,-27.4827297953765],[153.226622440963,-27.4827335653716],[153.226578900967,-27.4827393453673],[153.226520020973,-27.4827455753614],[153.226470860978,-27.4827465753564],[153.226417200983,-27.4827558453511],[153.226356390989,-27.4827549353449],[153.226310990994,-27.4827574553403],[153.226208061003,-27.48276771533],[153.22614721101,-27.4827701453239],[153.226102211015,-27.4827693253193],[153.22604950102,-27.482769605314],[153.225996141026,-27.4827709353086],[153.225950301031,-27.4827705153039],[153.225893061036,-27.4827812052982],[153.225840871041,-27.482783995293],[153.225756991048,-27.4827956152846],[153.225630261061,-27.4828066852718],[153.225481201074,-27.4828222552569],[153.225369031084,-27.4828434552457],[153.225278911091,-27.4828604952367],[153.223940061218,-27.4829937951023],[153.223927101224,-27.4829568051007],[153.22372431124,-27.4830039450806],[153.223675431243,-27.4830170050758],[153.222428781361,-27.4831433849506],[153.22213561139,-27.4831570349211],[153.221865511421,-27.4831411648936],[153.221832181426,-27.4831311148902],[153.221601171457,-27.4830851048665],[153.221342211493,-27.4830161048397],[153.220611991608,-27.4827332947636],[153.219626231759,-27.4823761146611],[153.21953024177,-27.4823681046513],[153.21947523177,-27.4824121146461],[153.219469211763,-27.482478104646],[153.219621201691,-27.4829101146648],[153.219256631729,-27.482919234628],[153.218829151775,-27.4829242245848],[153.218704941833,-27.4825659445694],[153.218665001847,-27.4824929945648],[153.218604521861,-27.4824355345582],[153.2183820219,-27.4823107845347],[153.218234711936,-27.4821555745186],[153.218157731962,-27.4820178445097],[153.218101481987,-27.4818661945028],[153.218059432014,-27.4816860044972],[153.218098892032,-27.4815151444998],[153.218166382027,-27.4814952945065],[153.218241642021,-27.481479104514],[153.218341402009,-27.4814932145242],[153.218356322012,-27.4814547345254],[153.218330152019,-27.4814214045225],[153.218162762045,-27.481359664505],[153.217984942068,-27.4813286944868],[153.217803792087,-27.4813297544685],[153.217223912137,-27.4814234744106],[153.216881182164,-27.4815038343766],[153.21614424221,-27.4817611543041],[153.215553492252,-27.4819281942457],[153.215004492295,-27.4820567041912],[153.214671502321,-27.482128584158],[153.21420361236,-27.4822151041114],[153.213706302405,-27.4822840340617],[153.213221402451,-27.482332934013],[153.213118462458,-27.4823621040028],[153.21297192247,-27.4823925039883],[153.212099312565,-27.4823817939],[153.209981362795,-27.4823581636856],[153.209668052837,-27.4822938736534],[153.208174433035,-27.4819911835],[153.207885393075,-27.4819191834702],[153.207523423123,-27.4818531934331],[153.207306973153,-27.4817924734107],[153.20684116323,-27.481579443362],[153.206508863288,-27.481405843327],[153.206178433345,-27.4812332032922],[153.205807413424,-27.4809282032523],[153.205410143489,-27.4807504632108],[153.205156433535,-27.480604203184],[153.204916923584,-27.4804164631583],[153.204614183636,-27.4802634631264],[153.204303463691,-27.4800931930937],[153.204025953741,-27.4799394530644],[153.203791443788,-27.4797652230393],[153.203583463833,-27.4795892130169],[153.203406473876,-27.4793962229975],[153.20325543392,-27.4791762229805],[153.203198463945,-27.4790292229736],[153.203295003969,-27.4787564529812],[153.203364463965,-27.478730222988],[153.203433453961,-27.4787082229948],[153.203522473954,-27.4786862130036],[153.203598973948,-27.4786684930112],[153.203985433916,-27.4785972230497],[153.204024133922,-27.4785114430529],[153.203961163956,-27.4783024430449],[153.20379699399,-27.4781664730273],[153.203752464008,-27.478065223022],[153.203746944023,-27.4779514430205],[153.203691144049,-27.4777935130136],[153.203614454071,-27.477687213005],[153.203538464094,-27.4775682229964],[153.203513424103,-27.4775172129935],[153.203502144118,-27.4774144329915],[153.203463964148,-27.477205452986],[153.203426914167,-27.4770874629813],[153.203313434207,-27.4768732129682],[153.203268434221,-27.476799212963],[153.203256464228,-27.4767492229614],[153.203237444239,-27.4766812229589],[153.203244454246,-27.4766192229592],[153.203238464257,-27.4765402129579],[153.203238464266,-27.4764662129573],[153.203257444276,-27.4763762129586],[153.203283474282,-27.4763032229606],[153.203315444286,-27.4762462129634],[153.203334464291,-27.4761902129649],[153.203353444298,-27.4761172129662],[153.203322854331,-27.4758844229613],[153.203322854341,-27.4758114429607],[153.20337443437,-27.4755352129637],[153.203431404385,-27.4753662229682],[153.203452104397,-27.4752584729694],[153.20343341444,-27.474937222965],[153.203420414465,-27.4747512229622],[153.203358844492,-27.4745864429547],[153.203263434538,-27.4743042129428],[153.203195064561,-27.4741854929349],[153.20310644458,-27.4741062229253],[153.203011434599,-27.4740382129152],[153.20296139462,-27.4739142129092],[153.202949894646,-27.4737214629065],[153.202911424675,-27.473524212901],[153.202861424701,-27.4733612128947],[153.202818134717,-27.4732754928896],[153.202653994754,-27.4731225028718],[153.202457404787,-27.4730262328512],[153.202267424816,-27.4729582428315],[153.201983454861,-27.4728442428018],[153.201812444887,-27.4727872227841],[153.201648124908,-27.4727584627673],[153.201483434924,-27.4727702427507],[153.201217424956,-27.4727402327236],[153.201027884973,-27.4727674527047],[153.200762164992,-27.4728404526784],[153.200532435,-27.4729702226562],[153.200393435004,-27.4730602326429],[153.200310474999,-27.4731732326354],[153.200221484989,-27.4733192326275],[153.200119464983,-27.4734602426183],[153.199942484991,-27.4735442326011],[153.199821484997,-27.4735942325893],[153.199485465026,-27.4736502325558],[153.199416475034,-27.4736492325488],[153.199340485045,-27.4736272425409],[153.199238505057,-27.4736152325305],[153.199156495067,-27.4736042425221],[153.199023485082,-27.4736032625087],[153.198694505106,-27.4736872524761],[153.198548475111,-27.473771262462],[153.198465505112,-27.4738332524541],[153.197131035219,-27.4741224623215],[153.195751145239,-27.47512316219],[153.195586165254,-27.4751451621735],[153.195402175263,-27.4752291521556],[153.195104185277,-27.4753751721266],[153.19485120529,-27.4754821721019],[153.1945782253,-27.4756331720755],[153.194280195306,-27.475836172047],[153.194032185314,-27.4759871720232],[153.192016035493,-27.4762754518217],[153.192222255549,-27.4756601818377],[153.192286235551,-27.4755931718436],[153.192349205554,-27.4755141818494],[153.19239424556,-27.4754351818533],[153.192464215564,-27.4753391718596],[153.192502245568,-27.475277181863],[153.192540205573,-27.4752041818662],[153.19256623558,-27.4751251818682],[153.192592225595,-27.4749901918698],[153.192630255599,-27.4749221818731],[153.192668215608,-27.4748201718761],[153.192681205618,-27.4747301718767],[153.192707235626,-27.4746511718787],[153.192758225633,-27.4745501818831],[153.192863195652,-27.4743091818918],[153.193093185661,-27.4740431719129],[153.193287215669,-27.4738221719308],[153.193473185689,-27.473504171947],[153.19358516572,-27.4731691819557],[153.193592025723,-27.4731405019562],[153.193624185729,-27.4730621719588],[153.193675215729,-27.4730171819636],[153.193713175734,-27.4729491719669],[153.193776205735,-27.4728881819728],[153.193865195739,-27.4727811719809],[153.194068175743,-27.4725781719998],[153.194196175746,-27.4724431820117],[153.194259175753,-27.4723361820172],[153.19436816578,-27.4720311820258],[153.1943751758,-27.4718731820253],[153.194401155838,-27.4715521820254],[153.194389155854,-27.4714331720232],[153.194339185876,-27.4713031720171],[153.194283155923,-27.4709761920089],[153.194315165934,-27.4708681820113],[153.194397145945,-27.4707111720183],[153.194455185961,-27.4705361820228],[153.194487155971,-27.4704291820252],[153.194475185997,-27.4702371820224],[153.194438176026,-27.4700391820171],[153.194356156054,-27.4698861820076],[153.194236146088,-27.4697221819942],[153.194085146123,-27.4695751819778],[153.193990176143,-27.4694961819676],[153.193844176168,-27.4694221919522],[153.193636156205,-27.4693081719303],[153.193491176236,-27.4691841819147],[153.193428146252,-27.4691101819077],[153.19337116627,-27.4690142019012],[153.193333136287,-27.4689122018966],[153.193308166306,-27.4687881918931],[153.193296156321,-27.468681201891],[153.193276156338,-27.468560201888],[153.193277146341,-27.4685342018879],[153.193278166354,-27.4684321918872],[153.193291156366,-27.4683251918877],[153.193297146378,-27.4682291918875],[153.193291156394,-27.4681051918859],[153.193248166417,-27.4679642018805],[153.193195166453,-27.4677272018733],[153.193128696484,-27.467539221865],[153.192845166616,-27.4667371918301],[153.192501006816,-27.4654480317851],[153.192467176836,-27.4653212017807],[153.191050167312,-27.4627692116173],[153.190086167519,-27.4619512215134],[153.194542087417,-27.4589971919403],[153.194083067545,-27.458379201889],[153.193922067625,-27.4578832018688],[153.193809027688,-27.4574784618542],[153.194043027681,-27.4573354718767],[153.194897997717,-27.4563324519552],[153.194928007725,-27.4562434719575],[153.194897997744,-27.4561234619535],[153.194786017827,-27.4555644619378],[153.194683017898,-27.4550904619236],[153.194548007993,-27.454459461905],[153.194474018046,-27.4541004718947],[153.194375028111,-27.4536714518813],[153.194275018179,-27.4532234618676],[153.194182998246,-27.4527704618547],[153.194089998311,-27.4523334618419],[153.194066018321,-27.452276461839],[153.19401101833,-27.4522544618333],[153.193902028338,-27.4522824518225],[153.192702018477,-27.4521984617006],[153.192452028547,-27.4518584516726],[153.19199102875,-27.4506494616165],[153.191971028756,-27.4506204716142],[153.191819008766,-27.4506674615992],[153.19157303878,-27.4507674715752],[153.191292018795,-27.4508864615477],[153.191056008806,-27.4509994615248],[153.19078802882,-27.4511114614986],[153.190232028851,-27.4513374514442],[153.189940028867,-27.4514594614157],[153.189688028881,-27.451559451391],[153.189462018894,-27.4516464613689],[153.189389018899,-27.4516694613617],[153.189314008906,-27.4516814613542],[153.189090008927,-27.4517024613317],[153.188801008955,-27.4517234613027],[153.188047029026,-27.4517984612271],[153.187650019065,-27.4518324611873],[153.187562199071,-27.4518542311786],[153.187008159181,-27.4514592411195],[153.186828179207,-27.4514042411009],[153.186686199232,-27.4513252310859],[153.18652916927,-27.4511602210687],[153.18650318929,-27.451024231065],[153.186357149412,-27.4501872410437],[153.186373169441,-27.4499432410434],[153.186424159468,-27.4496872410465],[153.186545159506,-27.4492862310555],[153.186621519524,-27.4490782910616],[153.186650169531,-27.4490002410639],[153.186726159541,-27.4488582310704],[153.186993129559,-27.4484932310945],[153.187135149564,-27.4483302211076],[153.187261109566,-27.4482122311193],[153.187880149545,-27.447850241179],[153.187940119545,-27.4478022311847],[153.187980119549,-27.4477402411882],[153.187998119556,-27.4476702411895],[153.187990119565,-27.4475992311881],[153.187959099577,-27.4475332311845],[153.187597599681,-27.4470159711439],[153.187207119794,-27.4464572311],[153.186994149841,-27.446265251077],[153.184849150099,-27.4460402608585],[153.184472550151,-27.4459499808198],[153.182964180359,-27.4455892606646],[153.181532210532,-27.4454332705187],[153.181050380617,-27.4451627504679],[153.180141130779,-27.4446534403721],[153.17997122081,-27.4445582803541],[153.179265490942,-27.4441134802794],[153.179011270989,-27.4439532902524],[153.178531221102,-27.4434725702001],[153.175433281827,-27.4403702798628],[153.175338241886,-27.4399822698501],[153.17510727203,-27.4390392998193],[153.175091282042,-27.4389573098171],[153.174907872197,-27.4378955997901],[153.174740262338,-27.4369253097655],[153.17467927237,-27.4367193097577],[153.174485272451,-27.4362506897344],[153.174448262466,-27.43616130973],[153.174364272492,-27.4360262997205],[153.174214292545,-27.435734309703],[153.174083262612,-27.4353173096865],[153.173868272722,-27.4346303096593],[153.173300812835,-27.4342149995987],[153.172805252935,-27.4338523095459],[153.172246693067,-27.4332750394849],[153.17223727307,-27.4332652994839],[153.171514313325,-27.4318613193998],[153.171537273338,-27.4317363194011],[153.171538303384,-27.4313803193984],[153.171570313378,-27.4313963194017],[153.171617283372,-27.4314013194065],[153.171690323362,-27.4314243294141],[153.171691303359,-27.4314473294144],[153.171713283355,-27.4314613294167],[153.17175828335,-27.4314563194212],[153.171791283357,-27.4313783194239],[153.171833253351,-27.4313873094282],[153.171897243346,-27.4313703094345],[153.171933263341,-27.4313812994383],[153.171967283328,-27.4314572994423],[153.171960273322,-27.431512299442],[153.171930273316,-27.4315852994396],[153.17202126329,-27.4317102994498],[153.171991263286,-27.4317633094471],[153.17201926327,-27.4318673094508],[153.172049263267,-27.4318713094539],[153.172098283271,-27.4317923194582],[153.172085253278,-27.4317522994565],[153.172106273283,-27.4316942994582],[153.172129273303,-27.4315163094591],[153.172085253321,-27.4314083094538],[153.172014293336,-27.4313563094462],[153.172018273341,-27.4313092994463],[153.172134273351,-27.4311313094566],[153.172128253359,-27.4310743094555],[153.172169233356,-27.4310642994596],[153.172188253359,-27.4310233094612],[153.172212273362,-27.4309803094633],[153.172211283366,-27.4309522994629],[153.172184273382,-27.4308462994594],[153.172223253385,-27.4307882994628],[153.172223253389,-27.4307593094626],[153.172079263444,-27.4304463094456],[153.172108243446,-27.4304032994482],[153.172165263443,-27.4303852994538],[153.17223227343,-27.4304303094609],[153.172321263388,-27.4306812994719],[153.172363273385,-27.4306762994761],[153.172292283437,-27.4303203094661],[153.172219283458,-27.430220319458],[153.172191283463,-27.430203309455],[153.172165263482,-27.4300773094514],[153.172130293491,-27.4300312994475],[153.1722302635,-27.4298763094563],[153.172221253506,-27.4298393094551],[153.172155263518,-27.4298023094482],[153.172166283521,-27.429767309449],[153.172193253522,-27.4297342994515],[153.17217829353,-27.4296843094496],[153.172057253549,-27.429635309437],[153.172039263558,-27.4295793094347],[153.17208426356,-27.4295292994389],[153.172176243548,-27.4295443094483],[153.172213253551,-27.4294873094515],[153.172182263563,-27.4294192994479],[153.172032253593,-27.4293123194319],[153.171982283611,-27.429211329426],[153.17198925362,-27.4291383194262],[153.171920273637,-27.4290563294186],[153.171892273651,-27.4289743194151],[153.171858293659,-27.4289393194114],[153.171869243662,-27.4289013194122],[153.171886293666,-27.4288603194136],[153.171791283696,-27.4287023194027],[153.171789273703,-27.4286473294021],[153.171763283711,-27.4286113293992],[153.171723283716,-27.428598329395],[153.17171324372,-27.4285793293939],[153.171692253731,-27.4285093193912],[153.171661263739,-27.4284733193878],[153.171656263742,-27.4284573193872],[153.171628273759,-27.4283463193835],[153.171569253775,-27.4282673293769],[153.171501253786,-27.4282343193697],[153.171487273797,-27.4281613193678],[153.171474273799,-27.4281543293664],[153.171433253806,-27.4281363293621],[153.171413253812,-27.4281033193598],[153.171330283825,-27.4280773293512],[153.171257253843,-27.4279903293432],[153.171209253851,-27.4279683293382],[153.171192283859,-27.4279213193361],[153.171155263865,-27.4279023193322],[153.171158293872,-27.4278503193321],[153.171083293887,-27.4277943193241],[153.170997263898,-27.4277803293153],[153.170972253904,-27.4277533193125],[153.171003283909,-27.4276883293152],[153.170808263945,-27.4275703192945],[153.170727273962,-27.4275023292858],[153.170643283979,-27.4274423192769],[153.170473264005,-27.4273783292592],[153.17042727401,-27.4273793292546],[153.170411284016,-27.4273413292526],[153.170251274037,-27.4273143192363],[153.170193274054,-27.4272253292297],[153.170168274063,-27.4271753292268],[153.170071254085,-27.4270863192163],[153.170038294094,-27.4270453292126],[153.169983294103,-27.4270213292069],[153.169966284107,-27.4270043292051],[153.169930294114,-27.4269783192012],[153.169917264127,-27.4268823191991],[153.169873244138,-27.4268363291943],[153.169854264146,-27.4267903191921],[153.169808274157,-27.426743329187],[153.169737244164,-27.4267423291799],[153.169711254173,-27.4266963191769],[153.169651284181,-27.4266813191707],[153.169619274188,-27.4266563291673],[153.169647274187,-27.4266383291699],[153.169711254184,-27.4266083191762],[153.169784254188,-27.4265113191828],[153.169749254203,-27.4264283291786],[153.169686284221,-27.4263393291715],[153.169542294244,-27.4262763191565],[153.16948725426,-27.4261953291503],[153.169441264267,-27.4261783191455],[153.169406294277,-27.4261353291416],[153.169373264287,-27.4260813291379],[153.169363264301,-27.4259813191361],[153.169421264295,-27.4259753191419],[153.169501274287,-27.42597531915],[153.169566274289,-27.4259013191559],[153.169537264298,-27.4258523191526],[153.16947626431,-27.4258133191462],[153.169500244311,-27.4257863291484],[153.169565254308,-27.4257573191547],[153.169585254316,-27.4256763291561],[153.169528284327,-27.42563232915],[153.169504264333,-27.4256083191474],[153.169561244337,-27.4255263291525],[153.169513244348,-27.4254793191473],[153.169460284358,-27.4254513291417],[153.169420274368,-27.4253983291372],[153.169326294389,-27.4253153191271],[153.169330264394,-27.4252703291271],[153.169337564394,-27.4252656591278],[153.169366294393,-27.4252473291306],[153.16942925439,-27.4252243191368],[153.169477254392,-27.4251643191411],[153.169441264402,-27.4251183291371],[153.169239274435,-27.425029329116],[153.169260264441,-27.4249633191176],[153.169258294447,-27.4249183291171],[153.169205254455,-27.4248953291115],[153.169238284467,-27.4247713291139],[153.169181234479,-27.4247263291078],[153.169157254497,-27.4246073191044],[153.169190294502,-27.4245393191072],[153.169184264509,-27.4244883291062],[153.169210294509,-27.4244643191086],[153.169245264516,-27.4243813291115],[153.169231284524,-27.4243313191097],[153.169209274533,-27.4242783191071],[153.16936326452,-27.4242513291224],[153.169375274527,-27.4241883191231],[153.169381254537,-27.424105319123],[153.169446264539,-27.4240343191291],[153.169453274543,-27.4239923291294],[153.169537264541,-27.4239373291375],[153.169660264531,-27.4239143291497],[153.169737244532,-27.4238413291569],[153.169843274534,-27.4237333291667],[153.169933244523,-27.4237433191759],[153.169983254522,-27.4237143291807],[153.169995224525,-27.4236763291816],[153.170039244522,-27.423663319186],[153.170063224528,-27.4236003291879],[153.170104214524,-27.423594319192],[153.17015122452,-27.4235863291967],[153.170183234522,-27.4235443291996],[153.170151224535,-27.4234703291958],[153.17020824453,-27.4234563292014],[153.170373224524,-27.4233703192174],[153.170385224528,-27.4233243292182],[153.170357234541,-27.4232443192148],[153.170371244544,-27.4232093292159],[153.17035124455,-27.4231813192137],[153.170355224553,-27.4231583292139],[153.170432244542,-27.4231773292218],[153.17048323454,-27.4231463192267],[153.170466254551,-27.4230783192245],[153.170578244546,-27.4230253292353],[153.170627224551,-27.4229403192396],[153.170594264566,-27.4228503192356],[153.170632224564,-27.4228333192393],[153.170655254572,-27.422755319241],[153.170699234571,-27.4227193192451],[153.170734244577,-27.422642329248],[153.17068522459,-27.4225853292427],[153.170714234594,-27.4225283292451],[153.170700224602,-27.4224803192433],[153.170693214615,-27.4223803292418],[153.170730264615,-27.4223483192453],[153.17077523462,-27.4222733292493],[153.170744244629,-27.4222233192458],[153.170733224636,-27.4221773292443],[153.170783224634,-27.4221553292492],[153.170831074635,-27.4221054592536],[153.170819254642,-27.4220633292521],[153.170755224653,-27.4220263292453],[153.170745224663,-27.4219583292438],[153.170811254668,-27.4218653292497],[153.170817244675,-27.4217993192498],[153.170754244687,-27.4217603192431],[153.170759244699,-27.4216603292428],[153.170724244714,-27.4215733192386],[153.170774934712,-27.4215464792435],[153.170801214715,-27.4214973192458],[153.170736244732,-27.4214253192386],[153.170777234733,-27.4213793292424],[153.170766254745,-27.4212903292406],[153.170725224756,-27.421238319236],[153.170764244762,-27.4211623292394],[153.170834254765,-27.4210783192458],[153.170804244776,-27.4210183192423],[153.170839214778,-27.4209723292454],[153.170829174782,-27.4209453192442],[153.170762234794,-27.4209123192372],[153.170775194804,-27.4208183192377],[153.170742234812,-27.4207853292342],[153.170736214817,-27.4207513292333],[153.170678214823,-27.4207503292274],[153.170658214832,-27.420696329225],[153.17058521484,-27.4206983292176],[153.170557214849,-27.4206523192144],[153.170575214858,-27.4205603192155],[153.170626204858,-27.4205173192203],[153.170720184853,-27.4204823192295],[153.170762204854,-27.4204343292334],[153.17071318487,-27.4203513192278],[153.170716214875,-27.4203123292278],[153.170690224883,-27.4202673292248],[153.17070719489,-27.420199329226],[153.170808194887,-27.4201393292357],[153.170849184889,-27.4200863292394],[153.170831224897,-27.4200363192372],[153.170797204903,-27.4200213192337],[153.17080621491,-27.4199583292341],[153.170893194911,-27.4198763192422],[153.170863194921,-27.4198233292388],[153.170749204936,-27.4198003192271],[153.170723214948,-27.4197293192239],[153.170786214957,-27.4196073292293],[153.170852214952,-27.4195883292358],[153.170998214932,-27.4196233292508],[153.171026204935,-27.4195763192533],[153.170959194968,-27.4193723192449],[153.170920204975,-27.4193483292408],[153.170723215003,-27.4192913292204],[153.170645185019,-27.4192363292121],[153.170574225031,-27.4192013292047],[153.170542215039,-27.4191663192012],[153.170550205041,-27.4191383292017],[153.170660185031,-27.4191303192128],[153.170691205032,-27.4190953192156],[153.170652185056,-27.4189343192104],[153.170600215069,-27.4188793292047],[153.170531195076,-27.4188833291978],[153.17048020508,-27.4188913191927],[153.170458225093,-27.4188103291899],[153.170574225091,-27.4187223192009],[153.170594225096,-27.4186663292025],[153.170303215161,-27.418400329171],[153.17028722517,-27.4183443291689],[153.170223205187,-27.4182663191618],[153.170226235202,-27.4181473291612],[153.170165205214,-27.4181023291547],[153.170094215226,-27.4180633191472],[153.170013185251,-27.4179403291381],[153.170023225253,-27.4179103191388],[153.170094215248,-27.4178903191458],[153.170045195263,-27.4178173191403],[153.17001719527,-27.4177873191372],[153.170053185286,-27.4176253291396],[153.170086225291,-27.4175613191424],[153.170070235321,-27.417336319139],[153.17003720533,-27.4172963291354],[153.170043225336,-27.4172373291355],[153.170083195335,-27.4172143291394],[153.170050235342,-27.4171913191359],[153.170011215346,-27.4171853291319],[153.169900215371,-27.4170863291199],[153.169868205384,-27.417010319116],[153.169971205372,-27.4170163291265],[153.170141195346,-27.4170803191442],[153.17020918534,-27.4170683291509],[153.170300185344,-27.4169653191593],[153.170360195339,-27.4169513191652],[153.17041023534,-27.4169003291699],[153.170430235345,-27.4168473291715],[153.170834175339,-27.4165493292099],[153.170935175328,-27.4165543292201],[153.170999195325,-27.4165243192264],[153.171126175324,-27.4164223292384],[153.171238195318,-27.4163733192493],[153.171331165316,-27.4163143292582],[153.171349155319,-27.4162753292597],[153.171436175321,-27.4161833292678],[153.171510195316,-27.4161583192751],[153.171657145305,-27.4161223192896],[153.171785155303,-27.4160333293018],[153.172006195282,-27.416015329324],[153.172142195271,-27.4159813293375],[153.172265165256,-27.41599632935],[153.172456125237,-27.4159863193692],[153.172597125226,-27.4159513193832],[153.172685135218,-27.415945329392],[153.172832155195,-27.4160023194073],[153.173016145176,-27.4159933294258],[153.173047135176,-27.4159713194288],[153.173126155168,-27.4159643294367],[153.173257125148,-27.4160173294503],[153.173291135146,-27.4160013294536],[153.173332125149,-27.4159413294573],[153.173478165135,-27.415932319472],[153.173588145132,-27.4158633194825],[153.173702165118,-27.4158723294941],[153.173757135121,-27.4158043194991],[153.173764145126,-27.4157633194995],[153.173824145123,-27.4157313195053],[153.173843125129,-27.4156723195068],[153.173818165158,-27.4154603295026],[153.173908095164,-27.4153383195107],[153.173936095185,-27.415153319512],[153.174016105189,-27.4150503295193],[153.174043115199,-27.4149453295212],[153.174009095232,-27.4147183295159],[153.174047125236,-27.4146543195193],[153.174079105247,-27.4145433195216],[153.174045085258,-27.4144793295177],[153.174107095261,-27.4144043295234],[153.17410509527,-27.4143403195227],[153.174147105278,-27.4142373295261],[153.174143125289,-27.414155319525],[153.17416710531,-27.413970319526],[153.174145095333,-27.4138083195225],[153.174157105336,-27.4137743295234],[153.174193095336,-27.4137433295268],[153.17421309534,-27.4136943195284],[153.174213095364,-27.4135003295269],[153.174179115384,-27.4133773195225],[153.174201085391,-27.4132983295241],[153.174140095422,-27.4131083295164],[153.174085085456,-27.4128833195091],[153.174088115464,-27.4128173295089],[153.174158125467,-27.4127403295153],[153.174191125479,-27.4126133295177],[153.174151115498,-27.4124973295127],[153.174203095534,-27.4121703295154],[153.174228055541,-27.4120943295173],[153.17424408556,-27.4119323295176],[153.174180065595,-27.4117093295094],[153.174127095605,-27.4116753195038],[153.173980075621,-27.4116723294889],[153.17396106563,-27.4116143294865],[153.173982085632,-27.4115833194884],[153.173997055643,-27.4114883294892],[153.174042095641,-27.4114613294935],[153.174154075631,-27.4114513195047],[153.174201045629,-27.4114203195092],[153.174218095635,-27.4113633195105],[153.174187065655,-27.4112283295063],[153.174129075668,-27.4111773195],[153.174063075678,-27.4111533294932],[153.174068075683,-27.4111113294934],[153.174117065684,-27.4110643194979],[153.174100085691,-27.4110203294959],[153.174006105709,-27.4109593194859],[153.173995075715,-27.4109193194845],[153.174020085716,-27.4108903294868],[153.174077055712,-27.4108713294924],[153.174215065695,-27.4108903295064],[153.174256095692,-27.4108783195105],[153.174277075698,-27.4108183295121],[153.174272075733,-27.4105433295095],[153.174217075764,-27.4103453195023],[153.174260065775,-27.4102213295057],[153.174255065819,-27.4098763295025],[153.174286095836,-27.4097163195043],[153.174273065847,-27.4096463195025],[153.174097055884,-27.4094973194835],[153.174093085891,-27.4094453294827],[153.174197075893,-27.4093463194924],[153.174232075897,-27.4092823294954],[153.17424707591,-27.4091723294961],[153.174229085916,-27.409136329494],[153.174163085929,-27.409090319487],[153.174152065945,-27.4089703294849],[153.174205065948,-27.4089033194897],[153.174248065945,-27.4088903294939],[153.174280075949,-27.4088363294968],[153.174260065958,-27.4087813294943],[153.174259085967,-27.4087073294936],[153.174382055974,-27.4085463295048],[153.17440803598,-27.4084803195069],[153.174393035985,-27.4084563195051],[153.174345045988,-27.4084733195004],[153.174254045987,-27.4085523194919],[153.174188095991,-27.4085813294855],[153.174159075997,-27.4085533194823],[153.174213025997,-27.4085143194874],[153.174253026,-27.408456319491],[153.174275036016,-27.408305329492],[153.174292046017,-27.4082863294936],[153.174286056025,-27.4082273294925],[153.174245036035,-27.4081873294881],[153.174070056062,-27.4081213194699],[153.174099066064,-27.4080743194724],[153.17416305606,-27.4080533194787],[153.174222076051,-27.4080763294849],[153.174246056051,-27.4080573294871],[153.174198056084,-27.4078373294806],[153.174073046106,-27.4077713194674],[153.17407505612,-27.4076533294667],[153.174059066133,-27.4075663294644],[153.17413903613,-27.4075243294721],[153.17418206613,-27.4074863294762],[153.174088046149,-27.4074153294661],[153.174163056146,-27.4073763294734],[153.174153056152,-27.4073403294721],[153.174033036165,-27.4073333194599],[153.173993036173,-27.4073053294557],[153.173980046181,-27.407258319454],[153.174061036177,-27.4072213194619],[153.17407103618,-27.4071863194626],[153.174052056188,-27.4071423194603],[153.173993036197,-27.4071153294542],[153.173981026204,-27.4070743194526],[153.17400004621,-27.407013319454],[153.173982046221,-27.4069383194516],[153.173925036239,-27.4068433294451],[153.17386904625,-27.4068013294391],[153.173835066261,-27.4067453294353],[153.173859046267,-27.4066803194372],[153.17385104628,-27.4065833294356],[153.173794076294,-27.4065213494294],[153.173830066297,-27.4064643394325],[153.17380706631,-27.4063823394296],[153.173725016325,-27.4063353394209],[153.173646066336,-27.4063173294128],[153.173615046343,-27.4062853494094],[153.173702056338,-27.4062493494179],[153.173720056343,-27.4061943494193],[153.173709026351,-27.4061413394178],[153.173747066353,-27.4060923394212],[153.173755056361,-27.4060263494215],[153.173734066375,-27.4059323494186],[153.173742066383,-27.4058643394189],[153.173655046408,-27.4057363394091],[153.173624056438,-27.4055303394043],[153.173597046452,-27.4054403394009],[153.173600036467,-27.4053183294002],[153.173578066482,-27.4052233393973],[153.173601026499,-27.4050633493983],[153.173551056523,-27.4049193493921],[153.173515066544,-27.4047813393874],[153.173319066606,-27.4044573393651],[153.173090066664,-27.4041964593399],[153.172869016707,-27.4040443493164],[153.172793026721,-27.4039973393083],[153.172704036742,-27.4039043392986],[153.172565046778,-27.4037413392833],[153.172407036809,-27.4036303392664],[153.172197016841,-27.4035513392446],[153.171984036868,-27.4035153392228],[153.171862056891,-27.4034383492099],[153.171673026922,-27.4033503391901],[153.171454056953,-27.4032953391676],[153.171427046959,-27.4032713491647],[153.171454056962,-27.403223339167],[153.171426066968,-27.403195349164],[153.171173087009,-27.4030863491376],[153.170971097046,-27.4029673391162],[153.170726107106,-27.4026973490894],[153.170716067113,-27.402653339088],[153.170775087114,-27.4025923390935],[153.170843087107,-27.4025923391003],[153.170893057088,-27.4027053391063],[153.170990107069,-27.4027713491166],[153.171040037062,-27.4027843491217],[153.17107807706,-27.4027663491254],[153.171098077069,-27.4026793491268],[153.171078077098,-27.4024693291231],[153.171000037139,-27.4022073391131],[153.170896047164,-27.4020993291018],[153.17071705721,-27.401888359082],[153.170443047271,-27.4016403690524],[153.170173057321,-27.4014663590238],[153.169794077366,-27.4014323489852],[153.169555077384,-27.4014963589616],[153.168619067503,-27.4013453688659],[153.168337067536,-27.4013203588373],[153.168022077564,-27.4013693588059],[153.167779127592,-27.4013533787812],[153.167431107623,-27.4013953687464],[153.167101107657,-27.4014083787132],[153.166729097702,-27.4013683786754],[153.166595107724,-27.4013093786614],[153.166372097752,-27.4012763786386],[153.165970117792,-27.4012933785982],[153.16581411782,-27.4012093685817],[153.165725097859,-27.4009723885709],[153.165679107901,-27.400684378564],[153.165559127931,-27.4005443685507],[153.165489087999,-27.4000723785399],[153.165540108001,-27.4000103885446],[153.165551098022,-27.3998383585444],[153.165523108056,-27.3995913585396],[153.165462108095,-27.3993363585314],[153.165407108161,-27.3988593685221],[153.165482118206,-27.3984413885263],[153.165448098228,-27.3982923885217],[153.165789038226,-27.398021448554],[153.166359028273,-27.3971714486048],[153.167214038262,-27.396534458686],[153.167307008414,-27.3952601586853],[153.167685038551,-27.3938584487124],[153.168399008486,-27.3937724687838],[153.16966793829,-27.3942494689156],[153.170539478155,-27.3945768790062],[153.172274037829,-27.3956914491901],[153.172980927817,-27.3951933392576],[153.173081957813,-27.3951333392673],[153.173215957799,-27.3951333592808],[153.173559967758,-27.3951663693158],[153.173671947741,-27.3952033493274],[153.174569957625,-27.3953673494194],[153.17498196757,-27.3954533394617],[153.175187897544,-27.3954863394827],[153.175282907529,-27.3955243394926],[153.175570927481,-27.3956573395227],[153.175651927467,-27.3956993495312],[153.175733937456,-27.3957183495397],[153.175799937449,-27.3957143395463],[153.175867937439,-27.3957403495534],[153.176032917409,-27.3958363395708],[153.176924897262,-27.3962453396641],[153.177284897213,-27.3963253397011],[153.177403927202,-27.396313349713],[153.177517917184,-27.3963643297249],[153.177654937165,-27.396396339739],[153.178006907136,-27.3963313497741],[153.178252877127,-27.3961943397978],[153.17843789713,-27.3960143498151],[153.178493887137,-27.3959053498199],[153.178591887139,-27.395814349829],[153.178853887118,-27.3957593298551],[153.179244877098,-27.3955863198932],[153.179415837096,-27.3954583299094],[153.179588857088,-27.3953763199262],[153.179885857082,-27.3951703299546],[153.18017084708,-27.3949493199816],[153.180369877081,-27.3947703200003],[153.180417877094,-27.394624320004],[153.180387837121,-27.3944383199995],[153.180438867142,-27.394230320003],[153.18052383715,-27.3940963300105],[153.180605847149,-27.3940333200183],[153.180626837157,-27.3939523200198],[153.180796817159,-27.3937923200357],[153.181027827146,-27.3937063300583],[153.181206827128,-27.3936963200763],[153.181417827101,-27.3937313200979],[153.181569857076,-27.3937963301138],[153.181905837014,-27.3940063201494],[153.18205384699,-27.3940713301648],[153.182188816973,-27.3940913301786],[153.18231883696,-27.3940823201917],[153.182721796931,-27.3939753202315],[153.182783766928,-27.3939433302375],[153.182923786928,-27.3938283202508],[153.183064786921,-27.3937633302645],[153.183058796926,-27.3937283302636],[153.183081796929,-27.3936883302656],[153.183125806925,-27.39368032027],[153.183160776927,-27.3936373202732],[153.18322377692,-27.3936333302795],[153.183352766917,-27.3935483202919],[153.183484786924,-27.393388330304],[153.183484786939,-27.393267320303],[153.183428756958,-27.3931613202965],[153.183336776983,-27.3930453202863],[153.183331776999,-27.3929213202848],[153.18328980701,-27.3928683302801],[153.183166797033,-27.3927963302672],[153.183095767053,-27.3926943202592],[153.183093797063,-27.3926173302584],[153.182967807103,-27.392410330244],[153.182757817158,-27.3921483302207],[153.18266280718,-27.3920543302104],[153.182424797254,-27.3916763201833],[153.182141807362,-27.3910613301499],[153.181984787416,-27.3907693201317],[153.181883787447,-27.3906113301203],[153.181667787564,-27.3898693200926],[153.181612777585,-27.389744310086],[153.181474807677,-27.3891393100673],[153.181434807695,-27.3890273100624],[153.18137078772,-27.3888833200548],[153.181378817726,-27.3888323200552],[153.181362787732,-27.3887953200533],[153.180998807887,-27.3878843200093],[153.18047678803,-27.3871893299511],[153.179781788204,-27.3864063198747],[153.179260788348,-27.3857113298166],[153.185550728819,-27.3766972403804],[153.192022029302,-27.3674364609608],[153.202191260063,-27.3528808118731],[153.188847012427,-27.3454474704658],[153.178676251667,-27.3600025495539],[153.177741041833,-27.3594814594553],[153.173224061747,-27.3639664690348],[153.17192838165,-27.3658203489187],[153.173858031308,-27.366895459122],[153.16967688093,-27.3734023887514],[153.167789940775,-27.3762164085833],[153.160814310642,-27.3831461979341],[153.156497819926,-27.3924360075721],[153.156575419723,-27.3939723575921],[153.158322679454,-27.3946211477736],[153.158378189379,-27.3951684177835],[153.158369179376,-27.3952054177829],[153.158392169325,-27.3955834077882],[153.158364179313,-27.3957034177863],[153.158325159307,-27.395783417783],[153.158303189297,-27.3958834077816],[153.158432179241,-27.3962154077972],[153.158546199199,-27.3964484178106],[153.158544199166,-27.3967114078125],[153.158477179142,-27.3969544078076],[153.15832019914,-27.397108417793],[153.158123209119,-27.3974414177758],[153.158048199089,-27.3977414177706],[153.157834229029,-27.3983904177541],[153.157782219009,-27.3985984077505],[153.157723198966,-27.3989864077476],[153.157731228951,-27.3990974077493],[153.15776725893,-27.399232427754],[153.157968188894,-27.3993494177752],[153.158108198874,-27.3993824177896],[153.158255228859,-27.3993824178045],[153.158386218853,-27.3993204078172],[153.158636208827,-27.3993094178423],[153.158856198813,-27.3992334278639],[153.159024208803,-27.3991744078804],[153.160490188693,-27.3988053880254],[153.161141168635,-27.3987164080904],[153.161881138571,-27.3985953981641],[153.16253612852,-27.398442398229],[153.162681138519,-27.3983343782428],[153.162734138522,-27.3982663782476],[153.16280111852,-27.398224378254],[153.162942148511,-27.3981783882679],[153.163951118402,-27.3981843783698],[153.164069088363,-27.3983933783833],[153.164266158223,-27.3993313784106],[153.164384158114,-27.4000883784285],[153.164391168111,-27.4001133784294],[153.164413138105,-27.4001393884319],[153.164507158091,-27.4001713784416],[153.164644148014,-27.4006663984594],[153.16456614801,-27.4007603984522],[153.164552128007,-27.4007983984511],[153.16394914807,-27.4008053883903],[153.164036127951,-27.401674408406],[153.160952718225,-27.4021104680983],[153.160864208334,-27.4013263980831],[153.157222058673,-27.4017175077187],[153.154706588934,-27.4017810974654],[153.154415528838,-27.402786067444],[153.155290878731,-27.4028877875331],[153.155698768654,-27.4031522575764],[153.155874288621,-27.403267417595],[153.155493308625,-27.4035584075589],[153.15524130863,-27.4037294375348],[153.15493729863,-27.4039834275061],[153.154689288636,-27.4041514274824],[153.154326328638,-27.4044414274481],[153.153287358619,-27.4054694373514],[153.152645358605,-27.4061154372918],[153.151761358557,-27.4072404272115],[153.150929378507,-27.4083404571363],[153.150374398458,-27.4091914570871],[153.150035428428,-27.409716927057],[153.149267098334,-27.4111057469905],[153.148953158295,-27.4116796869634],[153.148796428277,-27.4119573369498],[153.148344448216,-27.412820466911],[153.146878498021,-27.4155954867851],[153.146249537956,-27.41663947673],[153.145405547883,-27.4179294866551],[153.144688537831,-27.4189464865908],[153.143977737795,-27.4198325765261],[153.143863017787,-27.4199937865158],[153.143815937782,-27.4200682365117],[153.143797827781,-27.42009170651],[153.143755927779,-27.4201425465062],[153.143733917778,-27.4201733165042],[153.143719827778,-27.4201855465029],[153.143697817776,-27.4202140465009],[153.143662447775,-27.4202531264976],[153.143653437775,-27.4202648664968],[153.143646827773,-27.4202811464963],[153.143638907772,-27.4202962864956],[153.143626027772,-27.4203119364944],[153.143577917771,-27.42035871649],[153.143534047769,-27.420411776486],[153.143495827766,-27.4204654864825],[153.143444327764,-27.4205224064778],[153.143420527764,-27.4205475164756],[153.143404537764,-27.4205619564741],[153.143369137763,-27.4205982064708],[153.143323437762,-27.4206478764666],[153.143287227759,-27.4206976364633],[153.143269747758,-27.4207199864617],[153.143250547758,-27.42073894646],[153.143231127757,-27.4207623864582],[153.143169847754,-27.4208406464526],[153.143154337753,-27.4208573664512],[153.143079907752,-27.4209275364442],[153.143033737752,-27.4209670364399],[153.143003517751,-27.4209971364371],[153.14297580775,-27.4210289364345],[153.142948727749,-27.4210624764321],[153.142895257747,-27.4211216264272],[153.142867007747,-27.4211494864245],[153.142843097746,-27.4211757164223],[153.142817397745,-27.4212019164199],[153.142740857743,-27.4212878664129],[153.142712537743,-27.4213134664103],[153.142682457742,-27.4213424364075],[153.142658557741,-27.4213686564052],[153.142634137741,-27.421392626403],[153.142602127741,-27.4214204364],[153.14256602774,-27.4214572163966],[153.142535727738,-27.4214986163939],[153.142505437737,-27.4215292663911],[153.142479007737,-27.4215538163886],[153.142399737738,-27.4216148463811],[153.142370207738,-27.4216415463783],[153.142344617738,-27.4216626963759],[153.142318297738,-27.4216860563734],[153.142243327738,-27.4217471863664],[153.142142627737,-27.4218373363569],[153.142111237737,-27.421862896354],[153.142084847737,-27.4218896463515],[153.142048417738,-27.421912906348],[153.142015827738,-27.4219356263449],[153.141982427738,-27.4219662363418],[153.141918337738,-27.4220207463358],[153.141884937738,-27.4220507863326],[153.141856717738,-27.42207470633],[153.141840627737,-27.4220925563285],[153.141812517738,-27.4221102663258],[153.141782447738,-27.422134146323],[153.141755437738,-27.4221592163204],[153.141731707738,-27.4221786563182],[153.141678457737,-27.4222270863132],[153.141658017738,-27.4222403763112],[153.141640717738,-27.4222553763096],[153.141620857738,-27.4222698263077],[153.141576727739,-27.4222997263035],[153.141535117739,-27.4223336362996],[153.14150504774,-27.4223569462968],[153.141422917739,-27.422428146289],[153.141397917739,-27.4224515362867],[153.141299107739,-27.4225349462774],[153.141279257739,-27.4225538762755],[153.141229947739,-27.4225933362709],[153.141206217739,-27.4226110762686],[153.141069747746,-27.4226704662553],[153.141019627748,-27.4227015062505],[153.140954227749,-27.4227441262443],[153.14091173775,-27.4227753162402],[153.14088092775,-27.4228047562374],[153.14083074775,-27.4228471162326],[153.140736607751,-27.4229166062237],[153.140680037752,-27.4229543962183],[153.140638827753,-27.4229856962144],[153.140550717754,-27.423048326206],[153.140505817754,-27.4230838262017],[153.140464717755,-27.4231134461978],[153.140422637755,-27.4231474861939],[153.140371897756,-27.423183026189],[153.140323097757,-27.4232198361844],[153.140270907758,-27.4232574861794],[153.140229227757,-27.4232932861755],[153.140134837758,-27.4233649861666],[153.140024937758,-27.4234607661562],[153.139982627759,-27.4234908061522],[153.139881747762,-27.4235539661425],[153.139835347763,-27.4235807861381],[153.139741657765,-27.4236417661291],[153.139692237766,-27.4236773961244],[153.139647337767,-27.4237072161201],[153.139609747768,-27.4237354661165],[153.139530937768,-27.4237995561091],[153.139489657768,-27.4238314061052],[153.13944005777,-27.4238636161005],[153.13938351777,-27.4239059660951],[153.139192727775,-27.4240298760768],[153.139125757777,-27.4240746260704],[153.138982637781,-27.4241610460567],[153.138845947787,-27.4242304560435],[153.138728637791,-27.4242977060322],[153.138675017793,-27.424326136027],[153.138604827794,-27.4243762860203],[153.138530627797,-27.4244180860131],[153.1384682478,-27.4244456860071],[153.138411927802,-27.4244750260016],[153.138297747806,-27.4245425659907],[153.138170107809,-27.4246270259785],[153.138057507812,-27.4246970059677],[153.138011227814,-27.4247232759632],[153.137957757815,-27.4247556859581],[153.137915707816,-27.424782955954],[153.137866027817,-27.4248168459493],[153.137814307819,-27.4248500059443],[153.137770617819,-27.4248810859402],[153.137724047819,-27.4249203759358],[153.13767684782,-27.4249533959313],[153.137628637821,-27.4249851659267],[153.137509427826,-27.4250516859152],[153.137446647828,-27.4250877659092],[153.13737685783,-27.4251294259024],[153.137250017835,-27.4251969358902],[153.137204027837,-27.4252198358857],[153.137165627838,-27.4252434558821],[153.13712690784,-27.4252636458783],[153.137072227843,-27.4252815358729],[153.137006307848,-27.4253012858664],[153.136927537852,-27.4253374558588],[153.136204737894,-27.4256135557881],[153.135810937915,-27.4257777957497],[153.135393008056,-27.4250214557016],[153.133539028159,-27.4257714455206],[153.132318028221,-27.4263164554019],[153.132360048206,-27.4263984554067],[153.131441048256,-27.4267774653171],[153.131569018212,-27.427024455332],[153.131338038206,-27.4272614553106],[153.129525858242,-27.4285125751378],[153.127781888302,-27.42951457497],[153.12762693831,-27.4295795849549],[153.124702018436,-27.4310554546718],[153.124435018516,-27.4306514546417],[153.122471028596,-27.4316774644519],[153.122792008504,-27.4321316144878],[153.12254402851,-27.4322976144642],[153.121186038525,-27.4333246143354],[153.119929058507,-27.4345296242183],[153.118763098471,-27.4358016341109],[153.116017098369,-27.438929423859],[153.115931098361,-27.4390684738515],[153.115801088357,-27.4392054638395],[153.115613188351,-27.4394174938222],[153.115535078348,-27.4395074938151],[153.115446158346,-27.4395964238068],[153.11523989834,-27.4398164637878],[153.114933158336,-27.4401094137592],[153.114614908333,-27.4404034437294],[153.114529978333,-27.4404714937214],[153.114453978332,-27.4405434737143],[153.114254178332,-27.4407134936956],[153.114051018339,-27.4408354636761],[153.113482028408,-27.4407654536182],[153.113021028413,-27.4411184535746],[153.112639018508,-27.4406944535327],[153.112004028515,-27.4411754534726],[153.111480038492,-27.4418014534247],[153.110126028555,-27.4424434632935],[153.108470028631,-27.4432494531331],[153.103828028848,-27.4454634526831],[153.102896038921,-27.445675452591],[153.10300418884,-27.4462224726062],[153.102923198847,-27.4462324625981],[153.102815918859,-27.4462344425873],[153.102706128869,-27.4462484825764],[153.102657878871,-27.4462694625717],[153.102575098876,-27.4462984325636],[153.102486148882,-27.4463284025549],[153.102337118889,-27.4464034825405],[153.102172938897,-27.4464764625245],[153.102093038899,-27.4465284825169],[153.101709018913,-27.4467464524799],[153.10129310889,-27.4472744924422],[153.101189078894,-27.4473314524322],[153.1010681189,-27.4473904124205],[153.100943908907,-27.4474365024084],[153.100853898914,-27.4474564823994],[153.10074195892,-27.4475085023886],[153.100646908922,-27.4475674423795],[153.100556898928,-27.4475974123707],[153.100453968933,-27.4476464523607],[153.10033406894,-27.447690472349],[153.100214198949,-27.4477274723372],[153.099993158962,-27.4478074823156],[153.099891978967,-27.4478554523058],[153.099787958973,-27.4478944122956],[153.099669878982,-27.4479224922839],[153.09956008899,-27.4479544422731],[153.099459968995,-27.4479964722634],[153.099349119001,-27.4480474022526],[153.099250129005,-27.4480964722431],[153.099039009032,-27.4480634422215],[153.098686019059,-27.4481484521867],[153.098558929057,-27.4482734921749],[153.098450189067,-27.448283482164],[153.098365949076,-27.4482854621555],[153.098264079085,-27.4483024621454],[153.098147099094,-27.4483274921338],[153.098048069103,-27.448342422124],[153.097959159111,-27.4483514321151],[153.097874189118,-27.4483664621067],[153.097591929151,-27.4483444020781],[153.097499079164,-27.4483254220686],[153.097487179168,-27.4483044420672],[153.097485019177,-27.4482324420664],[153.097474949183,-27.4481914120651],[153.097446149191,-27.4481565020619],[153.097374869202,-27.4481294920545],[153.09729952921,-27.4481287520469],[153.097026549234,-27.4481667720198],[153.096773569256,-27.4482137619947],[153.096346039387,-27.4475364519463],[153.093701029593,-27.4481484516849],[153.093747019548,-27.448464451692],[153.093925579447,-27.4491107817151],[153.093789579457,-27.4491477817017],[153.093664609464,-27.4491957716895],[153.09335960948,-27.4493297716599],[153.093249599489,-27.449353781649],[153.093159629497,-27.44936779164],[153.09285459952,-27.44944578161],[153.092709619532,-27.4494747715956],[153.092672609534,-27.4494847815919],[153.092524639547,-27.4495057815772],[153.092335639564,-27.4495387815585],[153.092160619577,-27.4495807815412],[153.09198760959,-27.4496257715241],[153.091889609598,-27.4496407715144],[153.091812629604,-27.4496627715068],[153.09163764962,-27.4496837914894],[153.091510629635,-27.4496747814765],[153.091479679634,-27.4497047814736],[153.091433649637,-27.4497207914691],[153.091317659648,-27.4497327714575],[153.091239659654,-27.4497527714499],[153.091008649672,-27.449804791427],[153.090821659688,-27.4498348014084],[153.090607659705,-27.4498878013873],[153.09054063971,-27.4498987913807],[153.090482649716,-27.4499048013749],[153.090432639722,-27.4498967913698],[153.090423659727,-27.4498647913686],[153.090409649733,-27.4498318013669],[153.090363659739,-27.4498218013622],[153.090313649744,-27.4498257913572],[153.090269629747,-27.4498398013529],[153.090216669751,-27.4498508013477],[153.090173639756,-27.4498477913433],[153.090110639764,-27.4498348013369],[153.09002963977,-27.4498617913289],[153.089958649776,-27.4498718013219],[153.089917659782,-27.4498617913177],[153.089878639786,-27.4498597913137],[153.08982764979,-27.4498698013087],[153.089814619792,-27.4498708013074],[153.089773629796,-27.4498718013033],[153.089726619802,-27.4498657912985],[153.089666029817,-27.4497944512918],[153.08964200983,-27.4497094412887],[153.089635039832,-27.449702451288],[153.089707019874,-27.4493104612921],[153.088840039998,-27.4490664612029],[153.088066020053,-27.4492864411268],[153.088204019966,-27.4498594411452],[153.087937029972,-27.4500364511197],[153.087882019979,-27.4500254411141],[153.087730039988,-27.4500844610993],[153.087375040017,-27.4501544410641],[153.087031020055,-27.4501504510295],[153.086760050081,-27.4501674510023],[153.086925030175,-27.449290461012],[153.084383020479,-27.4490374507542],[153.084210050381,-27.4499604507441],[153.08415873039,-27.4499278207387],[153.0840887604,-27.4499108207315],[153.083945750419,-27.4498848107169],[153.083863770432,-27.4498528207084],[153.083723030455,-27.4497834406937],[153.083664040465,-27.4497574506876],[153.083590020476,-27.4497314606799],[153.083518040487,-27.4497074506725],[153.083369020509,-27.4496614606571],[153.08328802052,-27.4496424606488],[153.08322404053,-27.4496164506422],[153.08316305054,-27.4495904506359],[153.08309103055,-27.4495674606284],[153.083018030561,-27.4495474606209],[153.082933020573,-27.4495224506122],[153.082860020583,-27.4495054506047],[153.082769030596,-27.4494774505953],[153.082700040606,-27.4494574605882],[153.082610030619,-27.449433440579],[153.082541010629,-27.4494114505719],[153.082476040639,-27.4493864505651],[153.082418040647,-27.4493724505592],[153.082348040656,-27.449358440552],[153.082261020668,-27.4493394405431],[153.08211801069,-27.4492894605283],[153.081965040713,-27.4492384505126],[153.081903800721,-27.4492208405062],[153.081868790727,-27.4492028405026],[153.080711050879,-27.4489894403844],[153.079920021006,-27.4486534503022],[153.079696021041,-27.4485614502789],[153.079910021162,-27.4474234602915],[153.078714021331,-27.4471044601686],[153.074694021897,-27.4460294397558],[153.07227801221,-27.4456034395094],[153.072182022156,-27.4461124495038],[153.072112012116,-27.4464904394997],[153.072092052119,-27.4464844494977],[153.072042042125,-27.4464794594926],[153.072006022125,-27.4465034494892],[153.071967042131,-27.4464954594852],[153.071971012139,-27.446421459485],[153.071936052147,-27.4463934494813],[153.071874032153,-27.4463934494751],[153.07179304216,-27.446407449467],[153.071618022171,-27.4464674494499],[153.07148903218,-27.4465114394373],[153.071374022196,-27.4464824494255],[153.071310042211,-27.4464164394185],[153.071233022227,-27.4463544494103],[153.071122022249,-27.4462724593985],[153.071006032272,-27.4461884493861],[153.070899052291,-27.4461274593749],[153.070778052309,-27.4460934493625],[153.070688042323,-27.4460544493531],[153.070649022336,-27.4459834493486],[153.070618032348,-27.445915449345],[153.070572042359,-27.44587244934],[153.07053704237,-27.445815449336],[153.070470022385,-27.4457534393288],[153.070405022395,-27.4457294493221],[153.070337022401,-27.4457354593153],[153.070263032413,-27.4457084493076],[153.070212042425,-27.4456564493021],[153.070130032446,-27.4455594492931],[153.070049032472,-27.4454224592839],[153.070101052501,-27.4451464592869],[153.069220052651,-27.4447024591948],[153.06909602264,-27.4448994391839],[153.068643972706,-27.4447569191373],[153.068596992714,-27.4447339291324],[153.068551992723,-27.4447049191276],[153.068460992738,-27.4446569291181],[153.068409962747,-27.4446339291128],[153.068363972753,-27.4446229291081],[153.068308972759,-27.4446199291025],[153.068217972777,-27.4445569190929],[153.068178962784,-27.4445339190888],[153.068122972793,-27.444509929083],[153.068078952798,-27.4445079290785],[153.068020982805,-27.4445039290727],[153.067977952812,-27.4444849290682],[153.067923972819,-27.4444729290627],[153.067879982827,-27.444448929058],[153.067779972842,-27.4444189290477],[153.06773095285,-27.4443959290426],[153.067685952856,-27.444380929038],[153.067635982865,-27.4443539190328],[153.067587982871,-27.4443459190279],[153.067537982879,-27.4443269290227],[153.067496992885,-27.4443179290185],[153.067246962923,-27.4442259489926],[153.067202952929,-27.4442159389881],[153.067112022944,-27.4441749489787],[153.067054982954,-27.4441449389727],[153.066952992965,-27.4441419389624],[153.066904012972,-27.4441319389574],[153.066853022978,-27.4441239389522],[153.066617013012,-27.444058948928],[153.066509013028,-27.4440209289168],[153.066386993046,-27.4439839389043],[153.066216023071,-27.4439279388866],[153.065764993134,-27.4438089388403],[153.06564801315,-27.4437869488284],[153.065588003155,-27.4437969388224],[153.065573993154,-27.4438139388212],[153.065389013178,-27.4437839488023],[153.06539200318,-27.4437619388025],[153.065377983188,-27.4437169388007],[153.065308013201,-27.4436689387933],[153.064905023257,-27.443566958752],[153.064760043276,-27.4435369587371],[153.064620063296,-27.4435049687228],[153.064463043317,-27.4434669687067],[153.064305033339,-27.4434269586905],[153.064160053359,-27.4433939686757],[153.064011023378,-27.4433679586605],[153.063922033389,-27.4433569686515],[153.063804033405,-27.4433294386394],[153.063605033421,-27.4433724486197],[153.063111043489,-27.4432544385691],[153.063194043535,-27.442819448574],[153.062691043598,-27.4427434485229],[153.062617013556,-27.4431384485186],[153.062021043637,-27.4430094484576],[153.062082033671,-27.4426884484612],[153.061480043747,-27.4425964484],[153.061499023757,-27.4425014584011],[153.061198043795,-27.4424554483705],[153.060997033822,-27.44241144835],[153.060790043848,-27.4423804483289],[153.060719013808,-27.4427534383247],[153.060523043834,-27.4427144483047],[153.060320033861,-27.442675448284],[153.060220023874,-27.4426584482738],[153.060118043886,-27.4426494582635],[153.060017043898,-27.4426384482532],[153.059916013911,-27.442625438243],[153.059814033923,-27.4426164482327],[153.059582043951,-27.4425854482091],[153.059345043982,-27.4425434481849],[153.059344023981,-27.4425514381849],[153.059142034006,-27.4425294481644],[153.059144044007,-27.4425134381645],[153.05904304402,-27.4425024581543],[153.05893902403,-27.4425064481438],[153.058737034055,-27.4424844481234],[153.058284134109,-27.4424399980775],[153.058229134116,-27.4424299880719],[153.058168144123,-27.4424289880657],[153.058091124132,-27.442422998058],[153.05802513414,-27.4424150080513],[153.057975134146,-27.4424059980462],[153.057917134153,-27.4424049980403],[153.057840154161,-27.4423999980325],[153.057782114169,-27.4423879980266],[153.057725144175,-27.4423879980209],[153.0575191342,-27.4423699980001],[153.057442124209,-27.4423590079922],[153.057365144218,-27.4423529879844],[153.057294114227,-27.4423419979772],[153.057217134236,-27.4423359879694],[153.057159134242,-27.4423359879636],[153.057063144253,-27.4423300179539],[153.056979114264,-27.4423180079453],[153.056825124282,-27.4423070179298],[153.056790124286,-27.4423060179263],[153.056728144292,-27.44230601792],[153.056685144297,-27.4423040179157],[153.056567104311,-27.4422950079038],[153.056555134312,-27.4422950079026],[153.056465124323,-27.4422890178935],[153.05639416433,-27.4422890178863],[153.056279154343,-27.4422830278747],[153.056195174354,-27.4422710178662],[153.056031034374,-27.4422534478496],[153.055977154379,-27.4422590078442],[153.055919154386,-27.4422550178383],[153.055887144389,-27.4422540178351],[153.055823164397,-27.4422480178286],[153.055771154403,-27.4422420078234],[153.055726144407,-27.4422470278189],[153.055716184408,-27.4422470278179],[153.055655154415,-27.4422420078117],[153.055598174422,-27.442242007806],[153.055424184442,-27.4422300177884],[153.055216024465,-27.4422204577674],[153.055165034473,-27.4422054577621],[153.055012024489,-27.4422034577467],[153.054934024502,-27.4421674577386],[153.054852194506,-27.4422030077307],[153.05418821458,-27.4421850276638],[153.054037214596,-27.4421850276486],[153.053918194608,-27.4421910376367],[153.053603194637,-27.4422260276054],[153.053499174645,-27.4422510375951],[153.053336194655,-27.4423090375792],[153.052343214721,-27.442636037482],[153.052152244724,-27.4427740374639],[153.052133234724,-27.4427910374621],[153.052101224725,-27.442803037459],[153.052068224727,-27.4428200374558],[153.052004244731,-27.4428430374496],[153.051927224733,-27.4428880274422],[153.051844224738,-27.4429230274341],[153.051805244739,-27.4429450274304],[153.051721224744,-27.4429800274222],[153.051689244744,-27.4430020274192],[153.051657234746,-27.4430200274161],[153.051618214746,-27.4430540274124],[153.051560254747,-27.4430880374069],[153.051483204748,-27.4431510273996],[153.051438234749,-27.4431800373954],[153.05134822475,-27.4432480373868],[153.051271214749,-27.4433170273796],[153.051232264749,-27.4433570373761],[153.051187264749,-27.4433910273718],[153.051077254746,-27.4435060373617],[153.051026264746,-27.4435510373569],[153.050936284738,-27.4436890473489],[153.050904274733,-27.4437570273463],[153.050852264731,-27.4438200373415],[153.050833284728,-27.4438550473399],[153.05079426473,-27.4438770373362],[153.050762254729,-27.4439120373332],[153.050742254723,-27.4439750373317],[153.050729254713,-27.4440660373311],[153.050710244709,-27.4441120273296],[153.050710244705,-27.4441460273298],[153.050697244701,-27.4441870273289],[153.050690244696,-27.4442320373285],[153.050690244688,-27.444301037329],[153.050684294682,-27.4443520273289],[153.050690244676,-27.4443930373298],[153.050690244669,-27.4444440273302],[153.050684294666,-27.4444790273299],[153.050696264658,-27.4445300373315],[153.050703234651,-27.4445760273325],[153.050696264647,-27.4446160373321],[153.050696264633,-27.4447310373331],[153.05068323463,-27.444759027332],[153.050689254628,-27.4447760273327],[153.050734264621,-27.4447940273374],[153.050741264617,-27.4448170473383],[153.050741264614,-27.4448390373384],[153.050702254615,-27.4448680273347],[153.050708274612,-27.4448850273355],[153.050721264608,-27.4449020273369],[153.050766274592,-27.4449890373421],[153.050779264586,-27.4450290373438],[153.050811234574,-27.4450970373475],[153.050830254563,-27.44516602735],[153.050849274559,-27.445183027352],[153.050856274555,-27.4452060373529],[153.050855254552,-27.445235027353],[153.050875264546,-27.4452640373553],[153.050894274538,-27.4453090273575],[153.050907234532,-27.4453500273592],[153.050941034518,-27.4454294473632],[153.050972024504,-27.445515457367],[153.051003264487,-27.445625027371],[153.051015234483,-27.4456470273723],[153.051035234478,-27.4456650273745],[153.051054254473,-27.4456880373766],[153.051073274466,-27.4457340373789],[153.051099264457,-27.4457790473818],[153.051099264455,-27.445797027382],[153.05110528445,-27.4458310273829],[153.051131234442,-27.4458710273858],[153.051169264428,-27.4459510373902],[153.051175254423,-27.4459860373911],[153.051227264405,-27.4460830373971],[153.051251244399,-27.4461100273997],[153.051246244394,-27.4461520373996],[153.051259234388,-27.4461920374012],[153.051271244383,-27.4462210274026],[153.051290264379,-27.4462380274047],[153.051303254374,-27.4462610374061],[153.051310264368,-27.4463070374072],[153.051322274362,-27.4463410374087],[153.051335264354,-27.4463930374104],[153.051361254343,-27.4464610274136],[153.051380274328,-27.4465650374163],[153.051393264323,-27.4465930474178],[153.051457254307,-27.4466620274248],[153.051463234301,-27.4467080374258],[153.051476264295,-27.4467420374273],[153.051476264291,-27.4467710274276],[153.051482254287,-27.4468000374284],[153.051495244281,-27.44683404743],[153.051514264277,-27.4468570374321],[153.051527254272,-27.4468800374336],[153.051540284267,-27.4469140374351],[153.051546274261,-27.4469540374361],[153.051607264243,-27.4470410374429],[153.051646244228,-27.4471270274475],[153.05162303422,-27.4472094474458],[153.051632054212,-27.4472654474471],[153.051648034193,-27.4474054474498],[153.051641024192,-27.4474184374492],[153.051713044162,-27.4475974474579],[153.051779034136,-27.4477454474657],[153.051929304058,-27.4482320174846],[153.051968324043,-27.4483240174893],[153.051981284034,-27.4483820074911],[153.052000294026,-27.4484270174933],[153.052012304019,-27.4484730174949],[153.052044314009,-27.4485300074986],[153.052064323997,-27.4486050075012],[153.052076293987,-27.4486740175029],[153.05208928398,-27.4487140175045],[153.052102283966,-27.4488170175067],[153.052108303954,-27.448908017508],[153.052127283947,-27.4489490175102],[153.052178273933,-27.4490170275159],[153.052210283918,-27.4491030075198],[153.05221729391,-27.449166027521],[153.0522293039,-27.4492350075227],[153.052223273895,-27.4492750075224],[153.052242293891,-27.4492920075245],[153.052242293887,-27.4493270075248],[153.052273283854,-27.4495600175297],[153.052288323845,-27.4496170175317],[153.052287043835,-27.4497014475322],[153.052323033808,-27.4498824575373],[153.052429023748,-27.450267437551],[153.05246005373,-27.450385447555],[153.052566043653,-27.4509044475698],[153.052558013645,-27.4509694375695],[153.052669053618,-27.4510904475816],[153.052836043519,-27.4517334576035],[153.052817023512,-27.4518094476021],[153.05292228346,-27.4521310176153],[153.052922283454,-27.4521730176156],[153.052902283442,-27.4522870076145],[153.052898303437,-27.4523300276144],[153.052910283425,-27.4524160076163],[153.052952033399,-27.4525834576218],[153.052051033511,-27.4524664375304],[153.052124033455,-27.4528444475407],[153.053026023343,-27.4529704576323],[153.053066283326,-27.4530710176372],[153.053079273321,-27.4530940176387],[153.053084313318,-27.4531170076393],[153.05310329331,-27.4531639976416],[153.053110303304,-27.4532019976426],[153.0531212833,-27.4532269976439],[153.053121283297,-27.4532499876441],[153.053127273292,-27.453283997645],[153.053112303283,-27.4533699976442],[153.053111283275,-27.4534329976446],[153.053161293257,-27.4535369976504],[153.053173293252,-27.4535659876518],[153.053173293246,-27.4536119976522],[153.053185303239,-27.4536579876538],[153.053183303223,-27.4537839976546],[153.053188303214,-27.4538529976556],[153.053193953209,-27.4538864476564],[153.053200313204,-27.4539220076574],[153.053212313197,-27.4539679976589],[153.053230273189,-27.4540140076611],[153.05324830318,-27.4540709976634],[153.053267283173,-27.4541060076656],[153.053292283167,-27.4541349976683],[153.053311273161,-27.4541639976704],[153.053356313153,-27.4541929876752],[153.053395033116,-27.4544484376811],[153.053365033112,-27.4545054576785],[153.052915023158,-27.4545274576335],[153.052939043118,-27.4548244476383],[153.05337204307,-27.4548384576819],[153.053386023007,-27.4553244476871],[153.053413322998,-27.4553689976902],[153.05340631299,-27.4554439976901],[153.053411312981,-27.4555069876911],[153.05341033297,-27.4555979876917],[153.053414302956,-27.455701997693],[153.053413322947,-27.4557710076934],[153.053418322935,-27.4558679976947],[153.053424342928,-27.4559139876956],[153.053430332924,-27.4559429976965],[153.05341602292,-27.4559864576954],[153.05342233291,-27.4560569976966],[153.053415332909,-27.456073997696],[153.053414302904,-27.4561139976962],[153.053426312898,-27.4561549876977],[153.053432342892,-27.4561950076987],[153.053438322885,-27.4562469876997],[153.053450332878,-27.4562929977013],[153.053455292871,-27.4563389877021],[153.053456352868,-27.4563649977024],[153.053462302863,-27.4564010077033],[153.053460332854,-27.4564740077037],[153.05346632285,-27.4564969977045],[153.053472342845,-27.4565319977053],[153.053470332828,-27.4566689977062],[153.053477342821,-27.4567169977073],[153.053482302817,-27.456743987708],[153.053481322814,-27.4567719977081],[153.05348730281,-27.4567949977089],[153.053486322803,-27.4568529977093],[153.0534923428,-27.45686999771],[153.053492342797,-27.4568929877102],[153.053504352792,-27.4569219977116],[153.053510342787,-27.4569609977126],[153.053510342784,-27.4569849877127],[153.05352231278,-27.4570079877141],[153.053528332774,-27.457048007715],[153.05353432277,-27.4570709977158],[153.053540342767,-27.4570889977166],[153.053537312741,-27.457300987718],[153.053532352732,-27.4573790077181],[153.053529322731,-27.4573859977178],[153.053528332724,-27.4574439977182],[153.05350833272,-27.4574949977166],[153.053487302707,-27.4576089977154],[153.053485332692,-27.4577359977162],[153.053497342687,-27.4577589977176],[153.053503332682,-27.4577929977184],[153.053502312679,-27.4578189877185],[153.053500332659,-27.4579799977196],[153.053499312656,-27.4580049877197],[153.053492342653,-27.4580339977192],[153.05349132264,-27.45814299772],[153.053486322638,-27.4581619977196],[153.053472342629,-27.4582389977188],[153.053452342619,-27.4583410077176],[153.053435332612,-27.4584109877165],[153.053408322603,-27.4585029877145],[153.053328712588,-27.458691877708],[153.053325762584,-27.4587199577079],[153.05332966258,-27.4587481677085],[153.053336852576,-27.4587770877095],[153.053354552561,-27.4588793977121],[153.053350322559,-27.4588970077118],[153.053349332555,-27.458931987712],[153.053367292541,-27.4590299977145],[153.053372332534,-27.4590810077155],[153.053385322527,-27.4591219977171],[153.053397332522,-27.4591499877185],[153.05339733252,-27.4591679977186],[153.053390322517,-27.4592019977182],[153.053419312493,-27.4593629977224],[153.053432342488,-27.459397007724],[153.053447452475,-27.4594825277262],[153.053447812469,-27.4595324777266],[153.053444342453,-27.4596562977272],[153.053446722442,-27.4597437477282],[153.053447812441,-27.4597527177283],[153.053453832435,-27.4597928277293],[153.05346132243,-27.4598310477303],[153.053496362414,-27.4599249977346],[153.053500372411,-27.4599429977351],[153.053499352408,-27.4599720077353],[153.053511362401,-27.4600149977368],[153.053517342388,-27.4601119877382],[153.05352735237,-27.4602470077403],[153.053533372368,-27.460258997741],[153.053539352362,-27.4602989877419],[153.053538372356,-27.4603449977421],[153.053550342347,-27.4604079877438],[153.053584362313,-27.4606489877492],[153.053590342305,-27.4607069877502],[153.053588372296,-27.4607809877506],[153.053594362291,-27.4608159877515],[153.053613382282,-27.4608729877538],[153.05362436227,-27.4609589977556],[153.053642362258,-27.4610399877581],[153.053648382252,-27.461080007759],[153.053666342244,-27.4611259977612],[153.053685352233,-27.4611949977636],[153.053708352213,-27.461332987767],[153.053714332211,-27.4613449977677],[153.053713352203,-27.4614130077682],[153.053711342188,-27.4615339977689],[153.053718352184,-27.4615600077698],[153.053714332181,-27.4615839977696],[153.053721342179,-27.4615959877704],[153.053740362175,-27.4616129877725],[153.053759342167,-27.4616540077747],[153.053785362159,-27.4617009977777],[153.053822342138,-27.4618329877824],[153.053845372113,-27.4620109977862],[153.053857342106,-27.4620569877877],[153.053893372086,-27.4621839877924],[153.053912382078,-27.4622299977946],[153.053942352066,-27.4622989877982],[153.053974362057,-27.4623459978018],[153.053980382054,-27.4623629778025],[153.053980382051,-27.4623859778027],[153.053985352046,-27.4624259678035],[153.054010352039,-27.4624609778063],[153.054048382026,-27.4625299778107],[153.054079332017,-27.4625759678141],[153.054098352009,-27.4626169878164],[153.054117372004,-27.4626459778185],[153.054129381998,-27.46267997782],[153.054173361984,-27.462754977825],[153.054191351972,-27.4628359878275],[153.054203321967,-27.4628649778289],[153.054241361956,-27.4629169778331],[153.054291331946,-27.4629569778385],[153.054317351939,-27.4629869878413],[153.05439736191,-27.4631539878507],[153.054435361895,-27.4632399678552],[153.054479341882,-27.4633039778601],[153.054491351877,-27.4633329678615],[153.054510361872,-27.4633559878636],[153.054524381867,-27.4633819778652],[153.054547341861,-27.4634139878678],[153.054584351846,-27.4634999678722],[153.054609351834,-27.4635749678753],[153.054627351826,-27.4636209778775],[153.054652381818,-27.4636619778803],[153.054677351806,-27.4637369778834],[153.054708381796,-27.4637889778869],[153.054727361788,-27.4638349878892],[153.054758341778,-27.4638919878928],[153.054770351771,-27.4639329778943],[153.054789371765,-27.4639669878965],[153.054813351755,-27.4640249878994],[153.054876351735,-27.4641289679065],[153.054913361722,-27.4641979779108],[153.054932381715,-27.464238967913],[153.054938361712,-27.4642619879138],[153.054950331707,-27.4642849779152],[153.054963331702,-27.4643189879168],[153.054975341698,-27.4643369879181],[153.054988371693,-27.4643709679197],[153.055013371686,-27.4643999779224],[153.05503235168,-27.4644349779246],[153.055050341672,-27.4644809679268],[153.055056371668,-27.4645039879276],[153.055069361665,-27.464521987929],[153.055088381661,-27.4645389879311],[153.055119331652,-27.4645789879345],[153.055150351641,-27.4646429779381],[153.05518835163,-27.4646989779424],[153.055256351608,-27.4648159879501],[153.055299351596,-27.4648719879549],[153.055401361568,-27.4650069779662],[153.055448381553,-27.4650849779716],[153.055458341549,-27.4651099679728],[153.055452361545,-27.4651449779724],[153.055471331537,-27.4651909779747],[153.055509371527,-27.4652369779789],[153.055535361519,-27.4652769679818],[153.055567331511,-27.4653169879854],[153.055586351504,-27.4653569779876],[153.055644381487,-27.465437977994],[153.055663321479,-27.4654839879963],[153.055682341474,-27.4655119779984],[153.055778341443,-27.4656789780094],[153.055797351425,-27.4657989880123],[153.05579637142,-27.4658449780125],[153.055803341415,-27.4658739880135],[153.05581535141,-27.4659019780149],[153.055847361403,-27.4659369580184],[153.055886341395,-27.4659659680226],[153.055924371388,-27.4659889580266],[153.055937371384,-27.466005958028],[153.055975331377,-27.466028958032],[153.055988361373,-27.4660519580335],[153.056007341364,-27.4661039580358],[153.056020371358,-27.4661439580374],[153.056027341352,-27.4661839480384],[153.056084351336,-27.4662639680448],[153.056129361326,-27.4663049580497],[153.056154361319,-27.4663389680524],[153.056162831314,-27.4663690480535],[153.056181331308,-27.4664009180556],[153.056214041301,-27.4664306880592],[153.056241341295,-27.4664533880621],[153.056274851289,-27.4664690580656],[153.056337741276,-27.4665196180723],[153.056386131268,-27.4665465480774],[153.056436321257,-27.4665853280827],[153.05647775125,-27.4666099180871],[153.056529831239,-27.4666522980926],[153.056539621235,-27.4666780280938],[153.056550311232,-27.466692738095],[153.056583821229,-27.4666839480983],[153.056600941222,-27.4667252081004],[153.056619001216,-27.4667602081025],[153.056627841214,-27.4667686081034],[153.056637221212,-27.4667710081044],[153.056643931211,-27.4667751881051],[153.05664861121,-27.4667841881056],[153.056655361208,-27.4667931781064],[153.056673351204,-27.4668109581083],[153.056699341194,-27.4668629581113],[153.056724341188,-27.4668909681141],[153.056757341182,-27.4669089681175],[153.056788331177,-27.4669199581207],[153.056808331173,-27.4669369581229],[153.056840341163,-27.4669889581265],[153.056860341155,-27.4670329581289],[153.056872351149,-27.4670749681304],[153.056871291139,-27.4671529581309],[153.05687731113,-27.4672189481321],[153.056890311124,-27.4672589681337],[153.056916331117,-27.4672929481366],[153.056939261111,-27.4673178881391],[153.056883811115,-27.4673324481336],[153.056943821099,-27.4674113481402],[153.056996521083,-27.4674921581462],[153.057047041067,-27.4675735381519],[153.057044961066,-27.4675829781518],[153.057046461065,-27.467592428152],[153.057051711062,-27.4676073181526],[153.057079821053,-27.4676595881559],[153.057111721043,-27.4677098281595],[153.057122451039,-27.4677318281607],[153.057128841038,-27.4677375781614],[153.057134461037,-27.467739898162],[153.057189541033,-27.4677253881674],[153.057197311025,-27.4677809681687],[153.057213741019,-27.4678137281706],[153.057145041024,-27.4678318381638],[153.057152231021,-27.4678483581647],[153.057186321011,-27.4678998281685],[153.057201841007,-27.4679183481702],[153.057228041006,-27.4679046381727],[153.057259540992,-27.4679902781766],[153.057272720986,-27.4680261481782],[153.057289040976,-27.4680861081803],[153.057286330974,-27.4681079681802],[153.057292320967,-27.4681599781812],[153.057292360961,-27.4682059881816],[153.057304370953,-27.4682569881832],[153.057304370947,-27.4683029781835],[153.057298340943,-27.4683439781833],[153.057304370937,-27.4683889881842],[153.057329370922,-27.4684809881875],[153.057354330896,-27.4686699781915],[153.057354330888,-27.4687279781919],[153.05736036088,-27.468784978193],[153.057354330874,-27.4688419781928],[153.057308380861,-27.4689859781894],[153.057321370849,-27.4690659781913],[153.057340350842,-27.4691059681935],[153.057353350834,-27.4691569781952],[153.057372360826,-27.4692039881975],[153.05737835082,-27.4692489781985],[153.057391340814,-27.4692839782],[153.057397370808,-27.469329988201],[153.057397370803,-27.4693699882013],[153.057403350797,-27.4694099782022],[153.057403350782,-27.4695249782031],[153.057409380775,-27.4695759782042],[153.057409380769,-27.4696279882046],[153.057402370763,-27.4696789682043],[153.057415330757,-27.4697189882059],[153.057415330752,-27.4697539682062],[153.057412110749,-27.4697817582061],[153.057408350747,-27.4697999782058],[153.057408350741,-27.4698449682062],[153.057395360731,-27.4699369682056],[153.057388350728,-27.4699659782051],[153.057375360727,-27.469988978204],[153.057362360724,-27.470022978203],[153.05735638072,-27.4700569782026],[153.057362360714,-27.4701029682036],[153.057344840702,-27.4702102182027],[153.05732681068,-27.4704021782024],[153.057297760675,-27.4704671782],[153.057302650672,-27.4704867582006],[153.057302430666,-27.470532578201],[153.057283010664,-27.4705669181993],[153.057270020659,-27.4706127181984],[153.057246910658,-27.4706451481963],[153.057246440657,-27.4706535181963],[153.057237640652,-27.4706985981958],[153.05721742065,-27.470732588194],[153.057192350646,-27.4707844381919],[153.057171540641,-27.4708410281903],[153.057153660635,-27.470905668189],[153.057140330631,-27.4709447781879],[153.057112850629,-27.4709888681855],[153.057095040625,-27.4710305981841],[153.057082340621,-27.4710759281831],[153.057056130617,-27.4711279281809],[153.057035910616,-27.4711570481791],[153.056975350607,-27.471276838174],[153.056950530603,-27.4713306881719],[153.056939330599,-27.4713704481711],[153.056928630598,-27.4713913281702],[153.056907900596,-27.4714234981684],[153.056895930593,-27.4714575781674],[153.056865340588,-27.4715179781648],[153.056940860576,-27.4715482481727],[153.056849650568,-27.4716908881646],[153.056735800559,-27.4718632681546],[153.056655720553,-27.4719757081474],[153.056629410558,-27.4719586681446],[153.056622650557,-27.471969138144],[153.056595720558,-27.4719903281415],[153.05655823056,-27.4720033081378],[153.056546110559,-27.4720191681367],[153.056525930557,-27.472054798135],[153.056519430553,-27.4720948881346],[153.056467820552,-27.4721405781298],[153.056454940552,-27.4721577481286],[153.056429130551,-27.4721805981262],[153.056409750551,-27.4722034581245],[153.056403250546,-27.4722435481241],[153.056383840545,-27.4722721581224],[153.056345220547,-27.4722892281187],[153.056313030547,-27.4723120381156],[153.056275720544,-27.4723707981123],[153.056317330534,-27.4724107881168],[153.056287440533,-27.4724450881141],[153.056248350532,-27.4724855281105],[153.056213420531,-27.4725235481073],[153.056182320531,-27.4725527781044],[153.056144140532,-27.4725779781007],[153.056093510535,-27.4725979380958],[153.056009750536,-27.4726607280879],[153.055997740537,-27.4726645180867],[153.055951640539,-27.4726830380822],[153.055902140541,-27.4727083980774],[153.05577242054,-27.4728257680653],[153.055727460538,-27.4728797080612],[153.055689820538,-27.4729180780578],[153.055629530535,-27.4729858780522],[153.055532730534,-27.4730776080432],[153.055512950533,-27.4731060580415],[153.055332930532,-27.4732663980247],[153.055205030531,-27.4733785480127],[153.055060240545,-27.4733922579982],[153.054978840551,-27.4734140079902],[153.054983260548,-27.4734358779908],[153.054946720552,-27.4734386379872],[153.054914750556,-27.4734285879839],[153.054906020558,-27.473420537983],[153.05489383056,-27.4734183779817],[153.05488292056,-27.4734289179807],[153.054858720558,-27.4734593379785],[153.054811820557,-27.4735124079742],[153.054789150557,-27.4735295779721],[153.054787110557,-27.4735325179719],[153.054723010558,-27.4735800679658],[153.054651440563,-27.4735977479588],[153.054625850564,-27.4736152579563],[153.054576060564,-27.4736553479516],[153.054540950566,-27.4736716579483],[153.054533030567,-27.4736710879475],[153.054507550567,-27.4736933379451],[153.054501640567,-27.4736972979445],[153.054488860566,-27.4737121179433],[153.054431120566,-27.473764327938],[153.054406560567,-27.4737773279356],[153.054388530566,-27.4737955879339],[153.054376520567,-27.4737986079327],[153.054354140566,-27.4738287479307],[153.054322830567,-27.4738497779278],[153.054250560569,-27.4738905679208],[153.054239240567,-27.4739151379199],[153.05426552056,-27.4739512179228],[153.054212050559,-27.4740019079178],[153.054160440559,-27.474047617913],[153.05409605056,-27.4740932379069],[153.054031630561,-27.4741446079008],[153.05397352056,-27.4742017378954],[153.053880150561,-27.4742676778866],[153.053857630562,-27.4742816178844],[153.053806020562,-27.4743273178796],[153.053748060562,-27.4743729778741],[153.053696410562,-27.4744186678693],[153.053657830563,-27.4744414778656],[153.053599720562,-27.4744986078602],[153.053477340563,-27.4745956578487],[153.053412840563,-27.4746527678426],[153.053329150567,-27.4746925978346],[153.053284040566,-27.4747325978303],[153.053232430567,-27.4747725378255],[153.053187350567,-27.4748125178213],[153.053169940565,-27.4748379578197],[153.05312201057,-27.4748443178149],[153.053025510574,-27.4748898678056],[153.052974040576,-27.4749183578007],[153.05290966058,-27.4749467877944],[153.052851730583,-27.4749695477888],[153.052800230586,-27.4749922977838],[153.05272942059,-27.4750207577769],[153.052671530594,-27.4750377577712],[153.052626530596,-27.4750547977668],[153.052574910598,-27.4750890177619],[153.052523450601,-27.4751060377569],[153.052465520605,-27.4751230577512],[153.052394820609,-27.4751514977443],[153.052330440613,-27.475174187738],[153.052248970618,-27.4752066577301],[153.052201740622,-27.4752139077254],[153.052137430625,-27.4752423477191],[153.05206665063,-27.4752650477122],[153.05200862063,-27.4753164377068],[153.051957150632,-27.4753449277018],[153.051750630642,-27.4754362676818],[153.051699640644,-27.4754644776769],[153.051641650647,-27.4754929476713],[153.051570840649,-27.4755328376645],[153.051487250655,-27.4755554976563],[153.05141644066,-27.4755781776494],[153.051339240666,-27.4755951276417],[153.051236350673,-27.4756291776317],[153.051152620678,-27.4756633176235],[153.051024030687,-27.4756972576109],[153.050927520695,-27.4757198876013],[153.050856710699,-27.4757425675944],[153.050773060704,-27.4757766975863],[153.050708630707,-27.4758108875801],[153.050650740709,-27.4758450775745],[153.05059924071,-27.4758735675696],[153.05056552071,-27.4759034275664],[153.050142520745,-27.4759880075246],[153.049593050787,-27.4761194474704],[153.049463030795,-27.4761724574578],[153.049132010813,-27.4763114474256],[153.049103030813,-27.4763304474228],[153.048923020826,-27.4763804474052],[153.048858050831,-27.4763974473988],[153.048753040838,-27.4764304573885],[153.048542030857,-27.4764594373675],[153.04844103087,-27.4764464573573],[153.048367050873,-27.4764864473501],[153.048359020873,-27.4764934473494],[153.048318030874,-27.4765154373454],[153.048278020876,-27.4765324473415],[153.048246010879,-27.4765384573384],[153.048177030883,-27.4765634473317],[153.048150020885,-27.476575457329],[153.048112020888,-27.4765824473253],[153.048087020889,-27.4765924373228],[153.04804103089,-27.4766294373185],[153.048033040886,-27.476661447318],[153.048025040884,-27.4766854373173],[153.047990040886,-27.4766984473139],[153.047940030887,-27.4767354473092],[153.04780104089,-27.4768264472959],[153.047752020887,-27.4768914572915],[153.047660040884,-27.4769984372831],[153.047578030885,-27.4770624472754],[153.047399030892,-27.4771514572581],[153.047358040895,-27.4771644372541],[153.047308040897,-27.4771944472493],[153.047242040895,-27.4772664472433],[153.047186020895,-27.477314437238],[153.047164040896,-27.4773264472359],[153.047007020898,-27.477442437221],[153.046998040898,-27.4774504472202],[153.0469660309,-27.4774614372171],[153.046875040903,-27.4775174372084],[153.046830580904,-27.4775400272041],[153.046760030907,-27.4775794471973],[153.046643550913,-27.477629027186],[153.046553580919,-27.4776620371772],[153.046533580919,-27.4776740371753],[153.046468570924,-27.4776900271689],[153.046378560928,-27.4777350371602],[153.046346590931,-27.477740027157],[153.04633360093,-27.4777570271559],[153.046281580934,-27.4777740371508],[153.046242570936,-27.477790037147],[153.046197600937,-27.4778180271427],[153.046171570939,-27.4778290371402],[153.046113570947,-27.4778110471342],[153.046049590954,-27.4778110471278],[153.045998560957,-27.4778330471228],[153.04595363096,-27.4778440571184],[153.045901620964,-27.4778540471132],[153.045840630971,-27.4778550471071],[153.045805620974,-27.4778590571036],[153.045708610982,-27.4778800570941],[153.045637610988,-27.477891047087],[153.045528630999,-27.4779010570762],[153.045341601015,-27.4779320570576],[153.045302621019,-27.4779320570537],[153.045245601024,-27.477937057048],[153.045219621026,-27.4779480470455],[153.045097601039,-27.4779460470332],[153.044968611052,-27.4779560570203],[153.044904621059,-27.4779550570139],[153.044833631069,-27.4779370570066],[153.044769611076,-27.4779360570002],[153.044673611088,-27.4779230469904],[153.0445776211,-27.4779050469806],[153.044447601116,-27.4778900469675],[153.044324641132,-27.477870046955],[153.044135601158,-27.4778230569356],[153.044052641169,-27.4778050569271],[153.043902621191,-27.4777630469117],[153.043819621202,-27.4777450469032],[153.043772651207,-27.4777390468985],[153.04368264122,-27.4777160568892],[153.043571641237,-27.4776780568778],[153.043471631251,-27.4776500668675],[153.043377641266,-27.4776090668578],[153.043427031299,-27.4773094468603],[153.043122031351,-27.4771574468285],[153.042844011383,-27.4771374468004],[153.042554021442,-27.4769174467696],[153.042169021525,-27.4765864467283],[153.041913041572,-27.4764334467014],[153.041752661587,-27.4764520566854],[153.041804021615,-27.4761814466884],[153.041572021665,-27.4759864566635],[153.041519031664,-27.4760374366586],[153.041220021727,-27.4757914466267],[153.041034021725,-27.4759694466094],[153.040985031733,-27.4759454366043],[153.040861041755,-27.4758784465913],[153.040825671755,-27.475910066588],[153.040780671762,-27.4758870665833],[153.040678691779,-27.4758390665727],[153.040647041787,-27.4758054465692],[153.040456041834,-27.4755944565484],[153.040405051846,-27.4755424565428],[153.040277041887,-27.4753274465283],[153.040216011906,-27.4752284465214],[153.040185031914,-27.475193446518],[153.040157031914,-27.4752194465154],[153.040146661914,-27.4752230665143],[153.040102681925,-27.4751770765096],[153.040057681934,-27.4751420765048],[153.040019681943,-27.4751010565006],[153.03999468195,-27.4750720664979],[153.039957671959,-27.4750320764939],[153.039976031961,-27.4749944464954],[153.040381031966,-27.4746134365331],[153.040156042047,-27.4741624465069],[153.039675052075,-27.4743534364601],[153.039590042079,-27.4743924564519],[153.039584022083,-27.474361446451],[153.039562042102,-27.4742324464478],[153.039544012112,-27.4741704564455],[153.039581022108,-27.4741694364492],[153.039576022127,-27.4740204364475],[153.039360022208,-27.4735664464222],[153.03931903222,-27.4735024364176],[153.039278042225,-27.4735034364135],[153.039185042262,-27.4732884464025],[153.039143102278,-27.4731941563975],[153.03909802238,-27.4724284363869],[153.039210042419,-27.472021436395],[153.038972022565,-27.4710694463635],[153.038792042677,-27.4703314463396],[153.038459012879,-27.4690144462958],[153.0381450429,-27.469115446265],[153.038017032907,-27.4691734362526],[153.037769023087,-27.4679574562181],[153.037684053139,-27.4676134462069],[153.037536663216,-27.4671340961883],[153.037517643223,-27.467088086186],[153.037455633253,-27.4669090961783],[153.037444483259,-27.4668663761769],[153.03741865327,-27.4668000961738],[153.037380663283,-27.4667300861694],[153.037356643296,-27.4666500961664],[153.037316643311,-27.4665610861616],[153.037306643315,-27.4665400961605],[153.037287623326,-27.466471086158],[153.037238643348,-27.466338106152],[153.037213633358,-27.4662801161491],[153.037188673366,-27.4662390961462],[153.037163633375,-27.4661871161433],[153.037138633386,-27.4661241061403],[153.037100673399,-27.4660540961359],[153.037075633409,-27.465997096133],[153.037044643419,-27.4659441161294],[153.036991643434,-27.4658680961235],[153.036940033452,-27.4657654461175],[153.036867613471,-27.4656781061096],[153.03684965348,-27.4656260961073],[153.036799613496,-27.4655391161016],[153.036761653507,-27.4654871060974],[153.036672673529,-27.4653880960877],[153.03663463354,-27.4653300960834],[153.036577663553,-27.4652770960773],[153.036533643565,-27.4652141060724],[153.036438633585,-27.4651381060622],[153.036381653599,-27.465074096056],[153.036298653617,-27.4650091060471],[153.036247623626,-27.4649800960418],[153.036113633652,-27.4648860960276],[153.036044213663,-27.4648554460204],[153.035634023721,-27.4647454459783],[153.035608693724,-27.4647410959757],[153.035435653745,-27.4647271159582],[153.035357683753,-27.4647261159504],[153.03528767376,-27.4647311059434],[153.035184673771,-27.464729105933],[153.035126673776,-27.4647400959273],[153.035042693784,-27.464750105919],[153.034952683791,-27.4647721059101],[153.034816683798,-27.4648330958969],[153.034707653804,-27.4648781258863],[153.034642683808,-27.46490012588],[153.034577683811,-27.4649331258737],[153.034395653812,-27.4650801258566],[153.034350683813,-27.4651081158523],[153.034304693809,-27.4651821158483],[153.034232683804,-27.4652791358418],[153.034187673797,-27.465375125838],[153.034179683793,-27.4654101358375],[153.03415369379,-27.4654551258353],[153.034107703787,-27.4655181158311],[153.034040723774,-27.4656841158257],[153.034024703766,-27.4657561158247],[153.034007693763,-27.4657921158233],[153.033981703762,-27.4658261258209],[153.033948713762,-27.4658551258178],[153.033954693755,-27.4659071358188],[153.033947693751,-27.4659411158184],[153.033947693746,-27.4659811358187],[153.033933713743,-27.4660211358176],[153.033928013726,-27.4661574358182],[153.033851033733,-27.4661704458105],[153.033833043712,-27.4663504458101],[153.033911043704,-27.4663474558179],[153.033910713643,-27.4668301158217],[153.033902723638,-27.4668761258213],[153.033908703629,-27.4669411158224],[153.033906703611,-27.4670871158234],[153.033908633607,-27.4671185858238],[153.033911703599,-27.4671771258246],[153.033908703563,-27.4674611358265],[153.033913713556,-27.4675141158274],[153.033910713528,-27.467744125829],[153.033923713523,-27.4677671258305],[153.033928713515,-27.4678241258314],[153.0339207135,-27.4679561158316],[153.033945723486,-27.4680431258348],[153.033944733483,-27.4680661258349],[153.033938713483,-27.4680771258344],[153.033955683465,-27.4682041358371],[153.033951703425,-27.4685201258392],[153.033964733422,-27.4685371258407],[153.03396473342,-27.4685541358408],[153.033951703419,-27.4685711358396],[153.033950723417,-27.4685891158397],[153.033980723395,-27.4687381358439],[153.033983713389,-27.4687791258445],[153.033992843381,-27.4688382958459],[153.033974043374,-27.4689044458445],[153.033976053369,-27.468948445845],[153.033994043349,-27.4690844558479],[153.034005723321,-27.4692961258508],[153.033975033311,-27.4694014458485],[153.033977733304,-27.4694561158492],[153.033989703295,-27.4695191258509],[153.033968023273,-27.4697154558503],[153.033969043268,-27.4697514558507],[153.033953753264,-27.4697951258495],[153.033941743267,-27.4697831258482],[153.033864763275,-27.4697871158405],[153.033867723244,-27.4700291158427],[153.033950753232,-27.4700531358512],[153.033962723234,-27.4700261258522],[153.034026023227,-27.4700284558586],[153.034098033199,-27.4701894358671],[153.034059053182,-27.4703554358645],[153.034073033165,-27.4704824458669],[153.034109023142,-27.4706264458717],[153.034097043135,-27.470699445871],[153.034171033074,-27.4711174558818],[153.034199033013,-27.4715734458882],[153.03420403297,-27.4719144558914],[153.03420903295,-27.4720624558931],[153.034240022917,-27.472299435898],[153.034195052922,-27.4723004358935],[153.033830052959,-27.472314445857],[153.033836032934,-27.4725064558591],[153.034200052897,-27.4724964458956],[153.03410102285,-27.4729544458893],[153.034130042807,-27.4732634558946],[153.034156032778,-27.4734714558989],[153.034190052733,-27.4738044459049],[153.034254032703,-27.4739814359127],[153.034301042666,-27.4742404359195],[153.03428403265,-27.4743794459189],[153.034245022628,-27.4745894459166],[153.034225012607,-27.4747694459161],[153.034298012556,-27.4751134559261],[153.034295022548,-27.4751754459263],[153.034362762519,-27.4753481059345],[153.034367762506,-27.4754461059357],[153.034334042497,-27.4755454459331],[153.034326782493,-27.4755831159327],[153.034325792481,-27.4756811059334],[153.034337762474,-27.475727095935],[153.034337762467,-27.4757840959354],[153.034349772461,-27.4758190959369],[153.034347762438,-27.4760081159382],[153.034331782417,-27.476181105938],[153.0343427624,-27.4763131059401],[153.03434178239,-27.4763871059406],[153.034353792383,-27.4764391059422],[153.034353792375,-27.4765021059427],[153.034358752367,-27.4765600959437],[153.034345792364,-27.4765941059426],[153.034331782355,-27.4766741159418],[153.034291772347,-27.4767711059386],[153.03427177234,-27.4768461059372],[153.034251772337,-27.4768861059355],[153.034232792338,-27.4768971159337],[153.034212792338,-27.4769140959318],[153.034212792336,-27.4769310959319],[153.034205782333,-27.4769541159314],[153.034172782325,-27.4770511059289],[153.034178772319,-27.4770911059298],[153.034190782315,-27.4771091059311],[153.034209762311,-27.4771251059332],[153.034209762309,-27.4771441059333],[153.034196802308,-27.4771611059321],[153.034196802307,-27.4771720959322],[153.034142782292,-27.4773380959281],[153.034089782278,-27.477492115924],[153.034056782271,-27.4775780959214],[153.034042772264,-27.4776411059205],[153.034040802248,-27.4777731059213],[153.034000792241,-27.477859115918],[153.033994772238,-27.4778930959176],[153.033941772228,-27.4780131059133],[153.033875752222,-27.4781150959074],[153.033822782213,-27.4782351059031],[153.033781792194,-27.4784181059004],[153.033774792188,-27.4784701159001],[153.033741792185,-27.4785271158972],[153.033702812183,-27.4785721058937],[153.033689812184,-27.4785780958924],[153.033643792182,-27.4786291058882],[153.033610792179,-27.4786801058853],[153.033577802169,-27.4787891058829],[153.033570792163,-27.4788401158825],[153.033587582149,-27.478941885885],[153.033581812146,-27.4789670958847],[153.033574802141,-27.4790181058844],[153.033554802135,-27.4790811158828],[153.033540822128,-27.4791441058819],[153.03353381212,-27.4792191058818],[153.03348005211,-27.4793384458774],[153.033459022111,-27.4793474358753],[153.033441032109,-27.4793804458738],[153.033279042103,-27.479567445859],[153.033251782099,-27.4796221058567],[153.033237802093,-27.4796801058557],[153.033211772087,-27.4797481158537],[153.033177792073,-27.4798910958514],[153.033175782057,-27.4800181058522],[153.033187792047,-27.4800871058539],[153.033158812023,-27.4803051058528],[153.033119792014,-27.4804071058496],[153.032925032021,-27.480517455831],[153.032840822021,-27.4805871058231],[153.03282111202,-27.4806164258213],[153.032781772019,-27.4806551158177],[153.032768812016,-27.4806901158166],[153.032742022013,-27.4807344358143],[153.032709792012,-27.4807751058114],[153.032674242007,-27.4808416258083],[153.032654022005,-27.4808734458066],[153.032647782003,-27.4808971058061],[153.032590801997,-27.4809901058011],[153.032520871994,-27.4810764157948],[153.032372022001,-27.4811454557804],[153.032264012,-27.4812434457703],[153.032226021999,-27.4812894357669],[153.032187041998,-27.4813244457632],[153.032162031995,-27.4813704557611],[153.032109041997,-27.481404455756],[153.032084031994,-27.4814444557538],[153.032039031996,-27.4814684457495],[153.031962011996,-27.4815374457423],[153.031898031991,-27.4816294557366],[153.03186704199,-27.4816644557338],[153.031809041992,-27.4816984357282],[153.031745021996,-27.481722455722],[153.031694031998,-27.4817454457171],[153.031649032001,-27.4817624457127],[153.031598042003,-27.4817864457078],[153.031533032009,-27.4817984457013],[153.031482042014,-27.4817984456962],[153.031431052021,-27.481792455691],[153.031405022023,-27.4817984456885],[153.031366042027,-27.4817994456846],[153.031328052028,-27.4818164456809],[153.031290052029,-27.4818454356773],[153.03126402203,-27.4818624356748],[153.031071052046,-27.4818984456557],[153.031027032048,-27.4819154456514],[153.030969032054,-27.4819164456456],[153.030930012058,-27.4819224556418],[153.030907022055,-27.4819624556398],[153.030849022061,-27.481968445634],[153.030778032066,-27.481986445627],[153.030727042069,-27.482003445622],[153.030669042073,-27.4820214456163],[153.030612022078,-27.4820334556107],[153.030548042083,-27.4820504356044],[153.03047004209,-27.4820574455966],[153.030400032096,-27.4820684355897],[153.030284042106,-27.4820924555782],[153.03023305211,-27.4821044355732],[153.030163042117,-27.4821054355662],[153.029951052136,-27.4821354455451],[153.029886042143,-27.4821354455386],[153.02983501215,-27.4821244355334],[153.029758032161,-27.4821014455255],[153.029713032167,-27.4820904555209],[153.029642042176,-27.4820854355137],[153.029443042197,-27.4820864354938],[153.029372052205,-27.4820814454866],[153.029321022212,-27.4820704554814],[153.029269042218,-27.4820644454761],[153.029237032223,-27.4820534554728],[153.029205022227,-27.4820474354695],[153.029019022243,-27.4820774454511],[153.028974012248,-27.4820774454466],[153.028761042276,-27.4820394454249],[153.028703042284,-27.482027445419],[153.02864603229,-27.4820224454132],[153.028588032298,-27.4820114354073],[153.028510032307,-27.4820064453995],[153.028416042323,-27.4819604553897],[153.02828504234,-27.4819384353763],[153.028208032352,-27.4819104453684],[153.028166012356,-27.4819084453641],[153.027993042381,-27.4818624353464],[153.02793701239,-27.4818404453406],[153.027874012398,-27.4818304553342],[153.027823022404,-27.481819445329],[153.027773022412,-27.4818024453238],[153.027684032421,-27.4818034453149],[153.027577012434,-27.4817934553041],[153.027533032439,-27.4817944552997],[153.027476022444,-27.481800445294],[153.027438022447,-27.4818124552903],[153.027413022449,-27.4818184452878],[153.027400022456,-27.4817724352862],[153.027111022479,-27.4818304552576],[153.027072042503,-27.4816754452525],[153.027124052499,-27.4816644552576],[153.027111022507,-27.4816124452559],[153.026638012589,-27.4813644352064],[153.026573042597,-27.4813564451999],[153.02650304261,-27.4813104351925],[153.026436022623,-27.4812674451854],[153.026488042637,-27.4811094551894],[153.025821032768,-27.4806424351187],[153.025575022831,-27.4803524550917],[153.025220032929,-27.4798784450523],[153.025054022967,-27.4797144450344],[153.024810022978,-27.4798384450109],[153.024214013154,-27.478953444944],[153.024189053171,-27.4788394449406],[153.024260043165,-27.4788204449476],[153.024165033212,-27.4785324349358],[153.024128023215,-27.4785424449322],[153.024097033229,-27.4784544449284],[153.024064033243,-27.4783724549244],[153.024017023261,-27.4782684449189],[153.02396202328,-27.4781684549126],[153.023900043299,-27.4780704349056],[153.023832043318,-27.477976444898],[153.023758023337,-27.4778864348898],[153.023677023357,-27.477800444881],[153.02361903337,-27.4777454448748],[153.023548033385,-27.4776834348672],[153.023525043391,-27.4776614448647],[153.023552053391,-27.4776354448672],[153.023304033444,-27.4774274548406],[153.023248043443,-27.4774804348354],[153.022707043583,-27.476831434776],[153.022587023615,-27.4766794447628],[153.02259305362,-27.476633454763],[153.022592033626,-27.4765864447625],[153.022582023633,-27.4765404547612],[153.022565023641,-27.4764954447591],[153.022541043649,-27.4764534447564],[153.022511033657,-27.4764154447531],[153.022474023665,-27.4763824447491],[153.022432053673,-27.4763534547446],[153.022386023681,-27.4763304447398],[153.022337043688,-27.4763144347348],[153.022286053695,-27.4763044447296],[153.022211043717,-27.4761924447212],[153.022140053739,-27.4760794547132],[153.022071023761,-27.4759644547053],[153.022003023782,-27.4758534546976],[153.021924043806,-27.4757334446887],[153.02170303387,-27.475410454664],[153.021650033885,-27.4753364546581],[153.021602043898,-27.4752734446528],[153.021551053911,-27.4752124446472],[153.021498053925,-27.4751534546414],[153.021443043938,-27.4750954546354],[153.021387013951,-27.4750394546294],[153.021342053964,-27.4749744446243],[153.021420053961,-27.4749274346318],[153.021285034001,-27.4747294546167],[153.021203024004,-27.4747724446088],[153.021030044046,-27.47458944459],[153.020762024125,-27.4741904545599],[153.020584014177,-27.47393245454],[153.020526024186,-27.473906444534],[153.020461594204,-27.4738176745268],[153.020141894298,-27.473346404491],[153.0201270343,-27.4733444444895],[153.020100864308,-27.4733044644866],[153.020117954307,-27.4732942144882],[153.020026044334,-27.4731584444779],[153.020052944337,-27.4731172144803],[153.019934934371,-27.4729483844671],[153.018807924699,-27.471302214341],[153.018680944704,-27.4713712143288],[153.018650944721,-27.4712602143249],[153.018634914729,-27.4712102143229],[153.018612944738,-27.4711572143203],[153.018591924745,-27.4711202143179],[153.01856494476,-27.4710272143144],[153.018525934776,-27.4709352143098],[153.018505924782,-27.4709012043075],[153.018474934789,-27.4708732143042],[153.018278934833,-27.470687234283],[153.018201954848,-27.4706392242749],[153.018150054861,-27.4705824542693],[153.01802004489,-27.4704614442553],[153.018005034893,-27.4704484342537],[153.017934044904,-27.4704224442463],[153.017852974919,-27.4703692442378],[153.017810964929,-27.4703312442333],[153.017694974958,-27.4702002442206],[153.017639964969,-27.4701552342147],[153.017607954982,-27.4700802342109],[153.017540975005,-27.4699592442032],[153.017515935012,-27.4699212242004],[153.017312055052,-27.4697774441788],[153.01726003506,-27.4697624441735],[153.017169045078,-27.4696894341638],[153.017069035102,-27.4695904441529],[153.016882045134,-27.4694964441334],[153.016805025145,-27.4694744541255],[153.016670055163,-27.4694474441118],[153.016491015183,-27.4694404440938],[153.016368055187,-27.469514444082],[153.016254025206,-27.4694564540701],[153.01613802522,-27.4694414440583],[153.015999035236,-27.4694384540444],[153.015947025241,-27.4694414440392],[153.015860045248,-27.4694554540305],[153.015723025258,-27.4694994440172],[153.015513035269,-27.4695914439968],[153.015200055282,-27.4697544439667],[153.01509704529,-27.4697774439565],[153.015014015292,-27.4698302639486],[153.014969985293,-27.4698592539444],[153.014931005296,-27.4698682639406],[153.014840995303,-27.4698932539318],[153.014777015306,-27.4699222639256],[153.01470000531,-27.4699512539181],[153.014649005315,-27.469962253913],[153.014565025317,-27.470014263905],[153.014546005317,-27.4700322439033],[153.01451501532,-27.4700364439002],[153.014407055348,-27.4699034438883],[153.014170015367,-27.4699574438649],[153.014077015368,-27.4700284538562],[153.013920035376,-27.470096433841],[153.013832035379,-27.4701464438325],[153.013636025391,-27.4702204438135],[153.013522035396,-27.4702774438025],[153.013078045415,-27.4705034337597],[153.012661035431,-27.4707284337196],[153.012219895447,-27.4709779036773],[153.011890045459,-27.4711644436457],[153.00973903551,-27.4725874434412],[153.007980025514,-27.4740524432763],[153.007899025517,-27.4741014432686],[153.007591155517,-27.4743603032397],[153.007401025523,-27.4744804432216],[153.007207025527,-27.4746144532032],[153.00701404553,-27.4747504431849],[153.006651025538,-27.4749994331505],[153.006534035541,-27.4750764531393],[153.006243025544,-27.4753004531119],[153.005981205541,-27.4755453130876],[153.005910175542,-27.4755973230809],[153.005846195542,-27.4756543230749],[153.005789035542,-27.4757024330696],[153.00565420554,-27.475827333057],[153.00557719554,-27.4758953130498],[153.005493205542,-27.4759533330419],[153.005429215541,-27.4760113330359],[153.00536519554,-27.47607432303],[153.005308185541,-27.4761143230246],[153.005256175541,-27.4761603330197],[153.004600045542,-27.4767154429583],[153.004238045533,-27.477092432925],[153.003974215516,-27.4774533329014],[153.003917245515,-27.4775053128961],[153.003859205514,-27.4775683328907],[153.003769235504,-27.4777233228829],[153.002617045487,-27.4788374427762],[153.002269045471,-27.4792624427446],[153.001964015456,-27.479638442717],[153.001492035433,-27.4802214526743],[153.000728015395,-27.4811764426052],[152.999998015361,-27.4820704525391],[152.999326015325,-27.4829244524785],[152.999246045321,-27.4830254424712],[152.998960035303,-27.4834124424456],[152.998553025277,-27.4839644424092],[152.998385045265,-27.4842054423942],[152.99804702524,-27.4846904423642],[152.997922045212,-27.4850134523542],[152.997761045208,-27.4851874423394],[152.997624025206,-27.4853144423267],[152.997489045203,-27.4854544323142],[152.997091055157,-27.4861634422799],[152.996859015131,-27.4865684522599],[152.996556035117,-27.4869374522324],[152.996468035102,-27.4871264422251],[152.996439055094,-27.4872184422229],[152.996250055049,-27.487732452208],[152.996242024999,-27.4881364322104],[152.996215044975,-27.4883474422094],[152.996331444924,-27.4886553622235],[152.996337474921,-27.4886753622242],[152.996368424912,-27.4887173522277],[152.996401454904,-27.4887523522312],[152.996427444896,-27.4887963622342],[152.996455434887,-27.4888463322374],[152.996503434875,-27.4888993422426],[152.996523434868,-27.4889333422449],[152.996601474848,-27.4890293322535],[152.996640424839,-27.4890673322577],[152.99668841483,-27.4890963422627],[152.99673747482,-27.489136342268],[152.996817044797,-27.4892534422769],[152.997463024686,-27.4895784323442],[152.998142034589,-27.4897684524138],[152.998560394537,-27.4898263124562],[152.999074024465,-27.4899614425088],[152.999276374448,-27.4899263325288],[152.999368354437,-27.4899343225381],[152.999471394426,-27.4899313225484],[152.999483364425,-27.4899303225496],[152.999588384412,-27.4899393325602],[152.999648384404,-27.4899523225663],[152.999791394386,-27.4899763325808],[152.999847384379,-27.4899793325865],[152.999888374375,-27.4899763325906],[152.99993637437,-27.4899793325954],[152.999978384366,-27.4899723225996],[152.999983384366,-27.4899723226001],[153.000023384362,-27.489967322604],[153.000058394358,-27.4899663226075],[153.000180374342,-27.48999032262],[153.000256364332,-27.4900073226277],[153.000341414321,-27.4900183326363],[153.000408384313,-27.4900253226431],[153.000493394304,-27.4900243226516],[153.000553404297,-27.4900313326577],[153.000742404277,-27.4900293026766],[153.000905404259,-27.490036312693],[153.00107440424,-27.49004130271],[153.001229344223,-27.4900423027256],[153.001331364213,-27.4900363127358],[153.001384324207,-27.4900373127411],[153.001461374199,-27.4900323127488],[153.001614344183,-27.4900293027641],[153.001671364178,-27.4900233027697],[153.001753374168,-27.4900333127781],[153.001808344163,-27.4900273027835],[153.001858354159,-27.4900183127885],[153.001902374154,-27.4900203127929],[153.001924344151,-27.4900233027951],[153.002008034137,-27.4900634528038],[153.00208235413,-27.4900543128112],[153.002199334115,-27.4900693128231],[153.002229374112,-27.4900693128261],[153.002278354108,-27.4900593028309],[153.002314344105,-27.4900583028345],[153.002368324101,-27.4900433028398],[153.002519324086,-27.4900303028548],[153.00269533407,-27.4900113028724],[153.002715334067,-27.4900103028743],[153.002765374062,-27.4900123028794],[153.002843344054,-27.4900093028872],[153.002898013986,-27.4904984428965],[153.003504023921,-27.4904964429573],[153.003502013986,-27.489985432953],[153.003589323977,-27.4899852929618],[153.003622323973,-27.4899892829652],[153.003727293962,-27.4899822929756],[153.003890303945,-27.489980292992],[153.00393932394,-27.4899752829968],[153.004040323929,-27.489976293007],[153.004095323924,-27.4899692830124],[153.004398313895,-27.4899472930426],[153.00443631389,-27.4899502830465],[153.004481313883,-27.4899702830512],[153.004512303878,-27.4899802930543],[153.004567303871,-27.4899882830599],[153.004584313869,-27.4899892830616],[153.00467133386,-27.4899892830704],[153.004771303849,-27.4899952930804],[153.004840293841,-27.4899952930874],[153.004894313836,-27.4899872830927],[153.004930333834,-27.4899752830962],[153.004963333832,-27.4899612930994],[153.005014253827,-27.4899565531045],[153.005082283821,-27.4899502831113],[153.005172253811,-27.4899532831203],[153.005234303803,-27.4899602931266],[153.00543429378,-27.4899702831468],[153.005542293769,-27.4899682831576],[153.005615293762,-27.4899652931649],[153.005699283752,-27.4899692631733],[153.005781293744,-27.4899612731815],[153.005881303742,-27.489893273191],[153.005926273739,-27.4898802631954],[153.005938283738,-27.4898792631966],[153.005986283732,-27.4898812632014],[153.006004273729,-27.4898962632033],[153.006042273723,-27.4899052732072],[153.006103303716,-27.4899102732134],[153.006174293707,-27.4899192632206],[153.006347263687,-27.489931273238],[153.006405303681,-27.4899322632438],[153.006477313673,-27.4899322632511],[153.006506293671,-27.4899282732539],[153.00659429366,-27.4899392832629],[153.006708283647,-27.4899412732743],[153.006804283638,-27.4899352632839],[153.006867283631,-27.4899362632902],[153.006911263625,-27.4899472732947],[153.00696627362,-27.4899372633002],[153.007115263605,-27.489928273315],[153.007158263601,-27.4899282733193],[153.007215233594,-27.4899322633251],[153.007242243591,-27.4899302733278],[153.007380253575,-27.4899392833417],[153.007451243571,-27.4899132633486],[153.007480223568,-27.4899092733515],[153.007524243564,-27.4899072733559],[153.007563263559,-27.4899132633599],[153.007624253553,-27.4899102733659],[153.007663233548,-27.4899172633699],[153.007690243545,-27.4899162633726],[153.007769273535,-27.4899252733806],[153.007787263534,-27.4899222733824],[153.007915233519,-27.4899282733953],[153.008002253511,-27.489923273404],[153.008042253506,-27.489924273408],[153.008078243503,-27.4899212834116],[153.008135253496,-27.4899262534173],[153.008174273491,-27.4899342434213],[153.008237273484,-27.4899332434276],[153.008258263483,-27.4899262534297],[153.008384253471,-27.4899122534422],[153.008509273457,-27.4899162434548],[153.008599243448,-27.4899122534638],[153.008737253433,-27.4899152434776],[153.008763233429,-27.4899242534803],[153.008792253425,-27.4899262534832],[153.008876243418,-27.4899122534916],[153.008932193412,-27.4899132534972],[153.009062213395,-27.4899372435104],[153.00910922339,-27.4899372435151],[153.00918623338,-27.4899472535229],[153.009224193376,-27.4899512535268],[153.009263213374,-27.4899292535305],[153.009299203372,-27.489919243534],[153.009336213368,-27.4899182435377],[153.009376213361,-27.4899392635419],[153.009400203358,-27.4899442535444],[153.009433233353,-27.4899542435478],[153.00945922335,-27.4899572635504],[153.009515213346,-27.4899432535559],[153.009577223338,-27.4899502535622],[153.009606243335,-27.4899472535651],[153.009640223331,-27.4899492535685],[153.009662233328,-27.4899552435707],[153.009744213321,-27.4899462535789],[153.009796223314,-27.4899512535841],[153.009840203305,-27.4899852535888],[153.009904223297,-27.4899962635953],[153.009954233292,-27.4899932436003],[153.010049243283,-27.4899852536098],[153.010041243278,-27.4900272436093],[153.010134213265,-27.4900512636189],[153.010200203258,-27.4900552536255],[153.010243203254,-27.4900512636298],[153.010326243251,-27.4899982536377],[153.010394243245,-27.4899932436445],[153.010469243237,-27.489987253652],[153.010510233233,-27.4899912436561],[153.010548193227,-27.49000423366],[153.010567213223,-27.490017233662],[153.01058422322,-27.4900242336638],[153.010622223213,-27.4900502436678],[153.010653243203,-27.4901052436714],[153.010664193201,-27.4901072436725],[153.010690213199,-27.490103223675],[153.010713253196,-27.4901042236774],[153.010808223185,-27.490116233687],[153.01085724318,-27.4901162336919],[153.010958203167,-27.4901272437021],[153.011000173165,-27.4901112337062],[153.011050183162,-27.4900902437111],[153.011097193158,-27.4900832237157],[153.011221183145,-27.4900832237282],[153.011274183139,-27.4900852237335],[153.011340173131,-27.4900892437401],[153.011423173122,-27.4900922337485],[153.011501213113,-27.4900922337563],[153.011555193106,-27.4901022237618],[153.011672173093,-27.4901092437736],[153.011736163087,-27.49010222378],[153.01179719308,-27.4901082437861],[153.011879173069,-27.4901212237945],[153.011909203065,-27.4901262437975],[153.012036193047,-27.4901632438106],[153.012208183024,-27.4901982438281],[153.012269203017,-27.4902052338343],[153.012301223013,-27.4902052338375],[153.012351183009,-27.4901952238424],[153.012405203005,-27.4901782238477],[153.012461193001,-27.4901622438532],[153.012588182993,-27.4901202238656],[153.012643182989,-27.490106243871],[153.012824192974,-27.4900722338889],[153.012911172967,-27.4900492238974],[153.013040162965,-27.4899592239097],[153.013069172963,-27.4899492139125],[153.013123162957,-27.4899502139179],[153.013220142944,-27.4899712139278],[153.013260142938,-27.489985213932],[153.013304122931,-27.4900062139365],[153.013397162913,-27.4900632139463],[153.013438152907,-27.4900812139506],[153.013491152899,-27.490096213956],[153.013581162887,-27.4901172139652],[153.013754172861,-27.490172213983],[153.013812132852,-27.490196203989],[153.014039162814,-27.4903012140126],[153.0141171628,-27.4903452040208],[153.014171152792,-27.4903652240264],[153.014289152777,-27.4903882240384],[153.014320142771,-27.4904092140417],[153.01435817276,-27.4904572240459],[153.014409162751,-27.4904852140512],[153.014444132745,-27.4905092140549],[153.014492132736,-27.4905362140599],[153.01452414273,-27.4905562140633],[153.014577172722,-27.4905752140688],[153.014622142716,-27.4905842040734],[153.014667152711,-27.4905892240779],[153.014685182707,-27.4906002140798],[153.014805152688,-27.4906532140923],[153.014920132669,-27.4907032141042],[153.015030172654,-27.4907322041155],[153.015125182639,-27.4907671941253],[153.015176102632,-27.4907781941305],[153.015221142625,-27.4907971941351],[153.01525012262,-27.4908082041381],[153.015366122604,-27.49084019415],[153.015446132591,-27.4908721941583],[153.01551413258,-27.4909012041654],[153.015557122573,-27.4909252041699],[153.015602132563,-27.4909602041747],[153.015616112561,-27.4909691941761],[153.015680092546,-27.491032204183],[153.015725132537,-27.4910661841878],[153.015765142528,-27.4911011941921],[153.015845152513,-27.4911541942006],[153.015931102498,-27.4911961842095],[153.015949142495,-27.4912071942114],[153.016006112484,-27.4912441942174],[153.016096122466,-27.491310204227],[153.016147112458,-27.4913341942323],[153.016184122453,-27.4913411942361],[153.016211132449,-27.4913502042388],[153.016306142432,-27.4913991842488],[153.016330122426,-27.4914261942514],[153.016376112414,-27.4914871942565],[153.016409142407,-27.49150919426],[153.016519122389,-27.4915601942714],[153.016553142382,-27.491587204275],[153.016586132376,-27.4916052042785],[153.016626142367,-27.4916442042828],[153.016653152362,-27.4916642042857],[153.016692092355,-27.4916861942898],[153.016733122347,-27.4917131942941],[153.016794112335,-27.4917572043006],[153.016835142322,-27.4918211943052],[153.016869122314,-27.4918601943089],[153.017000122288,-27.4919491943228],[153.017092102266,-27.4920511843328],[153.017157142253,-27.4920951743397],[153.017275112231,-27.4921671743521],[153.017294122226,-27.4921901743542],[153.017321132221,-27.492207174357],[153.017382122211,-27.4922381843634],[153.017490132193,-27.4922901843746],[153.01756112218,-27.4923341743821],[153.017633142165,-27.4923901743898],[153.01765314216,-27.492413174392],[153.017758112139,-27.4924851744031],[153.017778112134,-27.4925081744052],[153.017836112125,-27.4925301844112],[153.017856112122,-27.4925411744133],[153.017914112113,-27.4925571744193],[153.017979082102,-27.4925961744261],[153.018005112097,-27.4926071844288],[153.018077082083,-27.4926571744364],[153.018135082075,-27.4926731744424],[153.018207102062,-27.4927121744499],[153.018259072053,-27.4927451744554],[153.018337112039,-27.4927901844636],[153.018376092031,-27.4928181944677],[153.018422082024,-27.4928341944724],[153.018468072015,-27.4928682044773],[153.018546111998,-27.4929351844857],[153.018572061993,-27.4929521944884],[153.018606081985,-27.4929861944921],[153.018696091966,-27.4930581945017],[153.018742081959,-27.4930801945065],[153.018805111946,-27.4931291945132],[153.018860081935,-27.493164204519],[153.018977101915,-27.4932251945312],[153.019043091901,-27.4932761945383],[153.019089121891,-27.4933201745432],[153.019121091885,-27.4933431845466],[153.019167081877,-27.4933651845514],[153.019186101874,-27.4933701745534],[153.019225121867,-27.4933921745574],[153.019245081863,-27.4934091745596],[153.01936911184,-27.4934821745726],[153.019408091832,-27.4935151845768],[153.019421091828,-27.4935381745783],[153.019460071822,-27.4935491845823],[153.019533111805,-27.4936221845902],[153.019566101798,-27.4936501745937],[153.019605081789,-27.4936891745979],[153.019683081772,-27.4937561846063],[153.019716081766,-27.4937791746098],[153.019782111752,-27.4938351746168],[153.019841091737,-27.4938971746233],[153.019867081733,-27.493908174626],[153.019903071724,-27.4939521746299],[153.019913111721,-27.493969174631],[153.019995091703,-27.4940421746399],[153.020034111692,-27.4940941746442],[153.020118091676,-27.4941491746531],[153.020134081673,-27.4941541746547],[153.020170101667,-27.4941741746585],[153.020281101641,-27.4942851746705],[153.020347091623,-27.4943691746778],[153.020406081614,-27.4943971846839],[153.020458091603,-27.4944361846894],[153.020510101595,-27.4944581846948],[153.020549121586,-27.494492184699],[153.020602081574,-27.4945421747047],[153.020628071567,-27.4945761747076],[153.020668071559,-27.4946101747119],[153.020753121538,-27.4947001847211],[153.020780091531,-27.4947341847241],[153.020813091524,-27.4947621747277],[153.020878061512,-27.4948011747345],[153.020924051502,-27.4948401747394],[153.020963071491,-27.4948971647438],[153.02100906148,-27.4949421647487],[153.021040051474,-27.494960164752],[153.021069061464,-27.4950161647553],[153.021096041456,-27.4950611547584],[153.021109071452,-27.4950781547598],[153.021136041443,-27.495129154763],[153.021169071434,-27.4951691547666],[153.021195061429,-27.4951851547693],[153.021228061419,-27.4952421547731],[153.02126105141,-27.4952821547767],[153.0212950714,-27.4953321647805],[153.021328031391,-27.4953721547841],[153.021393071377,-27.4954281547911],[153.021420051367,-27.4954851547943],[153.021467061355,-27.4955421547995],[153.021528051332,-27.4956721548066],[153.021561081321,-27.4957291748104],[153.021588061311,-27.4957861648135],[153.021621051302,-27.4958311648172],[153.021654051294,-27.4958651648208],[153.021708031276,-27.495962154827],[153.021735041265,-27.4960241548301],[153.021762051256,-27.4960751548333],[153.021782051247,-27.4961321548357],[153.021809061237,-27.4961891548389],[153.021830051226,-27.4962521648415],[153.021857061218,-27.4962971548446],[153.021871041211,-27.4963431648463],[153.0218980512,-27.4964001648495],[153.021924041192,-27.4964451548524],[153.021938061184,-27.4964971648543],[153.021952031179,-27.4965251648559],[153.02198507117,-27.4965701648596],[153.022015071157,-27.4966421648631],[153.022026061152,-27.4966731648645],[153.022049091128,-27.4968441648682],[153.022044051124,-27.496885164868],[153.022155051063,-27.4972731648822],[153.022209071043,-27.4973811648885],[153.022255061032,-27.4974321648935],[153.02229506102,-27.4974881648979],[153.022316051009,-27.4975621649006],[153.022329081005,-27.4975851649021],[153.022414050989,-27.497635164911],[153.022519060969,-27.4977081349222],[153.02255206096,-27.4977471549258],[153.022618050942,-27.4978381549331],[153.022631040937,-27.4978611449346],[153.022633090927,-27.4979411449354],[153.022638050923,-27.4979691449362],[153.022640570901,-27.4981404749378],[153.022643050879,-27.4983101449394],[153.022597060855,-27.4985401349366],[153.022491100835,-27.4987901449279],[153.022467090833,-27.4988251449258],[153.022426100829,-27.4988901349222],[153.022398100822,-27.49897214492],[153.022391090819,-27.4990061449196],[153.022374080813,-27.4990611449183],[153.022372080809,-27.4991011449184],[153.022376090803,-27.4991461349192],[153.022396090792,-27.4992141449217],[153.022395070788,-27.4992461449219],[153.022402080784,-27.4992691449227],[153.022438100776,-27.4993061449267],[153.022495080765,-27.4993391449326],[153.022586110751,-27.4993751549421],[153.022750110728,-27.4994201449589],[153.022825040702,-27.4995624449675],[153.02286702066,-27.4998564449741],[153.022822050617,-27.5002354349725],[153.022880050542,-27.5007794449827],[153.022845040491,-27.5012164349826],[153.022763030473,-27.501428444976],[153.022642030421,-27.501942454968],[153.022441030398,-27.5022954449506],[153.022337040374,-27.5025724449423],[153.022267030361,-27.5027364549366],[153.021905020354,-27.5031044549032],[153.021408040356,-27.5035054448564],[153.021289050351,-27.5036454448456],[153.020619020365,-27.504110444782],[153.020305040376,-27.5042854347519],[153.020113020379,-27.5044314447338],[153.019823020391,-27.5045764447058],[153.019647020397,-27.504681444689],[153.019389040414,-27.5047634446638],[153.018590020479,-27.5049354545849],[153.017984050527,-27.5050704445252],[153.01793503053,-27.5050854545204],[153.01783403054,-27.5050954445103],[153.017735040548,-27.5051144445005],[153.017642040556,-27.5051294444913],[153.017563020565,-27.5051274444834],[153.017449030575,-27.5051424544721],[153.017335040585,-27.5051594544607],[153.017231010595,-27.5051714444504],[153.017108050607,-27.5051824444382],[153.016999020616,-27.5051994444273],[153.016890030627,-27.5052094344165],[153.016804040635,-27.5052184444079],[153.016750020641,-27.5052124344025],[153.016697020647,-27.5052124343971],[153.016639020654,-27.5052104343913],[153.016588030659,-27.5052124343862],[153.016539050662,-27.5052304343814],[153.016447030669,-27.5052504543724],[153.016357020677,-27.5052664343635],[153.016272010685,-27.505276444355],[153.016171020695,-27.5052844343449],[153.016094040702,-27.5052874543372],[153.01602104071,-27.5052864343299],[153.015967020717,-27.5052844343245],[153.015909020725,-27.5052644343185],[153.015879020728,-27.5052694543155],[153.015827040732,-27.5052834343104],[153.015790030735,-27.5052904543067],[153.015762030739,-27.5052834343039],[153.015744040741,-27.5052834343021],[153.015716050741,-27.5053004442994],[153.015652030746,-27.5053194442931],[153.015602020751,-27.5053194442881],[153.015497040767,-27.5052844342773],[153.015454010772,-27.505285434273],[153.015405030774,-27.5053044342682],[153.015348020778,-27.5053224342626],[153.015227020791,-27.5053224342505],[153.015113030803,-27.5053274542391],[153.015014040812,-27.5053364442292],[153.01482603083,-27.5053564442105],[153.014718030841,-27.5053584341997],[153.01462802085,-27.5053694441908],[153.01452001086,-27.50537945418],[153.01442303087,-27.5053864441703],[153.014366020876,-27.5053814541646],[153.014328020882,-27.5053684441607],[153.014299040887,-27.5053554441577],[153.013736030941,-27.5054064441016],[153.013369020981,-27.5054034440647],[153.013011031016,-27.505429444029],[153.012546021055,-27.505512453983],[153.012187041095,-27.5055044439469],[153.011551031155,-27.5055694438836],[153.010952031215,-27.5056034538238],[153.010746021234,-27.5056294438033],[153.010569031253,-27.5056274437855],[153.01041803127,-27.5056284437704],[153.00985604133,-27.505625443714],[153.009006031419,-27.5056464436289],[153.008464041483,-27.5056054535742],[153.007928041534,-27.5056524435208],[153.007370031591,-27.505674433465],[153.007074011617,-27.5057204434357],[153.006760041645,-27.5057674334046],[153.005959051716,-27.5058894433252],[153.005790021731,-27.5059144333084],[153.005559051747,-27.5059874332858],[153.005305041762,-27.5060794332611],[153.00497004179,-27.506145443228],[153.004872041797,-27.5061764532184],[153.004442041821,-27.5063504431767],[153.004230041838,-27.5063974531558],[153.004025021849,-27.5064844431359],[153.003941041847,-27.5065674531281],[153.003872011844,-27.5066564531219],[153.003649041828,-27.506970453102],[153.003108031816,-27.5075254530521],[153.002519031805,-27.5081154329977],[153.002400441802,-27.5082422529868],[153.001959011781,-27.5087864529469],[153.001835021788,-27.5088294429348],[153.001675041784,-27.5089974429201],[153.00155704177,-27.5092164429099],[153.001483021762,-27.5093374329035],[153.001456041758,-27.5093964529012],[153.00134402174,-27.5096284428918],[153.001226021729,-27.5098174328815],[153.001158021721,-27.5099424428757],[153.000917051693,-27.5103684428549],[153.000684031659,-27.5108394528352],[153.000272021597,-27.5116804428005],[153.000045031567,-27.5121094327812],[152.999991041549,-27.5122974327772],[152.999761021491,-27.5129534427594],[152.999709041473,-27.5131404427556],[152.999671051458,-27.513290442753],[152.999638011425,-27.513580442752],[152.999664041376,-27.5139494527575],[153.000223041242,-27.5145374528182],[153.001003521112,-27.5148972628993],[153.001141561091,-27.5149472429136],[153.001321541065,-27.515002242932],[153.001462541045,-27.5150402429465],[153.001801551,-27.515110252981],[153.002405040917,-27.5152534430427],[153.002648020887,-27.5152854430673],[153.002925020847,-27.5153664330957],[153.003653010747,-27.5155354331701],[153.005043480576,-27.5157052233109],[153.005131480564,-27.5157242233199],[153.005519040529,-27.5156714433583],[153.006241050454,-27.5156494534306],[153.006573450416,-27.515667213464],[153.006681460402,-27.5156892034751],[153.006933450373,-27.5157012135004],[153.007108430352,-27.5157232135182],[153.007189460343,-27.5157252035263],[153.007340430326,-27.5157262035415],[153.007453470312,-27.5157392135529],[153.007675420286,-27.5157582135753],[153.007786460272,-27.5157772135866],[153.007871430261,-27.5157882235952],[153.00798644025,-27.5157832236067],[153.008070430242,-27.515769223615],[153.008300410211,-27.5158232036385],[153.008546020168,-27.5159554436642],[153.009127030093,-27.5160484437232],[153.010012039955,-27.5163914438147],[153.010095039935,-27.5164804538237],[153.010224039916,-27.516521443837],[153.010384019889,-27.5165984438537],[153.010647359842,-27.5167431938812],[153.010868039795,-27.5169284439048],[153.011015359757,-27.517104183921],[153.011194019679,-27.5175684339426],[153.01135903962,-27.5178994439618],[153.011467039583,-27.5181004439742],[153.011576359541,-27.518337183987],[153.01162139952,-27.5184691839926],[153.011641399512,-27.518514173995],[153.0116723595,-27.5185791839986],[153.011683379493,-27.5186251740001],[153.011688379483,-27.5187051740012],[153.011699369471,-27.5187881840029],[153.011700349461,-27.5188681740037],[153.011699369453,-27.5189341840041],[153.011689399441,-27.5190321740039],[153.011689399434,-27.5190911740043],[153.011687359423,-27.5191821740048],[153.011679359414,-27.5192581740046],[153.011473029386,-27.5196534439871],[153.011344039327,-27.5202294439787],[153.010981049319,-27.5206034339452],[153.010820049291,-27.5209674439319],[153.010775039259,-27.5212574439297],[153.010704049233,-27.5215204439247],[153.010670029222,-27.5216404339222],[153.010592029201,-27.5218684439162],[153.010358029171,-27.5223114438962],[153.010190019167,-27.5224854438807],[153.009599049164,-27.5230124538256],[153.009022969186,-27.5233274537703],[153.008826959199,-27.5233884637511],[153.008725969208,-27.5234024537411],[153.008560949222,-27.5234354537248],[153.008478969227,-27.5234634637168],[153.008394949233,-27.5234874537085],[153.008303949241,-27.5235024636995],[153.008057029258,-27.5235784436754],[153.007616879279,-27.5237874736329],[153.007566909284,-27.5237894736279],[153.00750602929,-27.5237984436218],[153.007458909294,-27.5238054736172],[153.007325899305,-27.523827463604],[153.007206909316,-27.5238424735922],[153.007130919323,-27.5238554735847],[153.007085069328,-27.5238574535801],[153.007016089334,-27.5238684635732],[153.006910089343,-27.5238834535627],[153.006815079352,-27.5238944535533],[153.006694089363,-27.5239134535413],[153.006590099373,-27.5239214435309],[153.006495089381,-27.5239334535215],[153.0063070694,-27.5239474635027],[153.005930099439,-27.523961483465],[153.005858089446,-27.5239684734579],[153.004684029573,-27.5239614433401],[153.004009029643,-27.5239784432725],[153.003874019656,-27.523990453259],[153.002958019762,-27.5239304431667],[153.002657039805,-27.5238484431359],[153.002457019829,-27.5238274531156],[153.002288019848,-27.5238234330986],[153.002139029869,-27.5237864330834],[153.001848019903,-27.523761443054],[153.001473019947,-27.5237334530162],[153.001026039993,-27.5237464329715],[153.000598040031,-27.5238154429291],[153.000289030065,-27.5238084528981],[153.000201030071,-27.5238374428895],[152.999988010089,-27.5238774328684],[152.999847010106,-27.5238634528542],[152.999682030121,-27.5238854428378],[152.999278020157,-27.5239374527977],[152.999076020185,-27.5238934427771],[152.998994050189,-27.5239304427691],[152.998872030198,-27.5239624427572],[152.99857703023,-27.5239584427276],[152.998269050255,-27.5240244326972],[152.998051030284,-27.523981442675],[152.997629020335,-27.5239394526323],[152.997302010378,-27.523875442599],[152.997194050392,-27.5238584325881],[152.9971020304,-27.5238674425789],[152.996470030477,-27.5238024325151],[152.996088020526,-27.5237394424762],[152.995526030596,-27.5236584524193],[152.994873010665,-27.5236714423539],[152.99458404068,-27.5237994423259],[152.995288020521,-27.5244584424017],[152.995408030491,-27.5245984324148],[152.995369080491,-27.5246254224111],[152.995174070504,-27.5246923423921],[152.995110080516,-27.5246503823854],[152.995044090528,-27.5246123823785],[152.994910100553,-27.5245273823644],[152.994849070568,-27.5244623823577],[152.994819100576,-27.5244233923544],[152.994774100585,-27.5243933823497],[152.99474209059,-27.5243803723464],[152.9946701106,-27.524360382339],[152.994597070613,-27.5243223823314],[152.994553050622,-27.5242873723267],[152.994485050639,-27.5242063823192],[152.994462100646,-27.5241713823166],[152.994351100677,-27.5240243823043],[152.994316100687,-27.5239693823004],[152.994257080705,-27.5238813722938],[152.994231090711,-27.523854382291],[152.994198090718,-27.5238243822874],[152.994166080726,-27.523793372284],[152.994105050738,-27.5237453822775],[152.994080090744,-27.5237203922748],[152.994059100751,-27.5236853822724],[152.994038110756,-27.5236593722701],[152.993942080779,-27.5235613822597],[152.993867070794,-27.5235093822517],[152.993773090811,-27.5234533822419],[152.993689060827,-27.523393382233],[152.993614090841,-27.5233533822251],[152.993547080853,-27.5233133922181],[152.993479080866,-27.5232673822109],[152.993388080882,-27.5232143722014],[152.993292090899,-27.5231673821914],[152.99321810091,-27.5231373821837],[152.993143100922,-27.523110392176],[152.993058120936,-27.5230724121672],[152.992985090949,-27.5230274021595],[152.992916100964,-27.5229723921522],[152.992852120979,-27.5229074021452],[152.992820650985,-27.5228830821419],[152.992667141017,-27.5227644021256],[152.992366121078,-27.5225384020936],[152.992343131082,-27.5225204020911],[152.991813111182,-27.5221813920353],[152.991710141203,-27.5221014020244],[152.990951121361,-27.5215024019436],[152.990179151515,-27.5209374118617],[152.990092131533,-27.5208654118524],[152.989358151692,-27.5202314217738],[152.988760141823,-27.5197034117097],[152.988588151867,-27.5195044416909],[152.988515151882,-27.5194424316831],[152.988512161887,-27.5194114416825],[152.988427151907,-27.5193254316734],[152.98833615193,-27.5192214316634],[152.988270161947,-27.5191434316562],[152.98821713196,-27.5190784416503],[152.988158141973,-27.519026441644],[152.987987141998,-27.5189774316265],[152.987824132021,-27.5189304416098],[152.98776314203,-27.5189164416036],[152.987748142033,-27.518905431602],[152.987746172035,-27.5188874316016],[152.987756132039,-27.5188504316023],[152.987754162043,-27.5188184416019],[152.987737122048,-27.5187944316],[152.987695142057,-27.5187544315955],[152.987679152062,-27.5187344315937],[152.98765514207,-27.5186904415909],[152.987634152074,-27.5186764415887],[152.987607142078,-27.5186654315859],[152.98760415208,-27.5186524415855],[152.987577142089,-27.5186014415824],[152.9875531221,-27.5185364315795],[152.987526152108,-27.5184984315765],[152.987485122116,-27.5184674415721],[152.987446182122,-27.5184574315682],[152.98740515213,-27.5184284215638],[152.987365152139,-27.5183914215595],[152.987334162147,-27.5183534315561],[152.987304152156,-27.5183044415527],[152.987226152177,-27.5182034315441],[152.987196152186,-27.5181604315407],[152.987104172207,-27.5180754315309],[152.987072162213,-27.5180544315275],[152.987054202217,-27.5180384315256],[152.986992192233,-27.5179594315187],[152.986930172247,-27.517900431512],[152.986836192267,-27.5178294315021],[152.986804182274,-27.5177974314986],[152.986760162282,-27.517772431494],[152.986711172292,-27.5177324414888],[152.986662192301,-27.5177034314836],[152.98663518231,-27.5176524414805],[152.986586202323,-27.5175944314751],[152.986558202329,-27.5175714314722],[152.986529152336,-27.517542441469],[152.98651119234,-27.5175224414671],[152.986494182345,-27.5174964314651],[152.986460162357,-27.5174294214612],[152.986434182364,-27.5173994514584],[152.986342202383,-27.5173254514486],[152.986304162393,-27.5172774514444],[152.986288182399,-27.5172464614425],[152.986257152407,-27.5172124614391],[152.986211202416,-27.5171734614342],[152.986172182428,-27.5171144414299],[152.986070202452,-27.5170104614188],[152.986045162458,-27.5169834514161],[152.98599216247,-27.5169334614104],[152.985968182475,-27.5169164614078],[152.985824192506,-27.5167894513924],[152.985790212516,-27.5167444413886],[152.985746192527,-27.5166974513839],[152.98568417254,-27.5166444513772],[152.985610192555,-27.5165914513694],[152.985565182564,-27.5165504513646],[152.985520182575,-27.5165034413597],[152.985483172585,-27.5164574513556],[152.985443162597,-27.5163944613511],[152.985269172641,-27.5161984513321],[152.985018202698,-27.5159574513051],[152.984583192806,-27.5154714612576],[152.98439018285,-27.5152904512368],[152.98413694291,-27.5150274012094],[152.984080252922,-27.5149799712033],[152.984066642926,-27.5149616012018],[152.984007732942,-27.5148866211953],[152.983286233114,-27.5141334511171],[152.983066213165,-27.5139214510933],[152.98300621318,-27.5138484510868],[152.982927223197,-27.5137824510783],[152.982875213213,-27.5137014510725],[152.982873203215,-27.5136854510721],[152.982869183217,-27.5136754610717],[152.982852213225,-27.5136244610696],[152.98283619323,-27.5135964510677],[152.982819223235,-27.5135764510659],[152.982801193239,-27.5135604510639],[152.982770233245,-27.5135364510606],[152.982741223251,-27.5135174510576],[152.982723223255,-27.5134944610556],[152.982705193261,-27.5134684510536],[152.982686213265,-27.5134474510515],[152.982659203271,-27.5134274510486],[152.982633213277,-27.5134034510459],[152.982561203291,-27.5133544510383],[152.982538243296,-27.5133294510357],[152.9825202133,-27.5133114510338],[152.982497213307,-27.5132754510312],[152.982480203312,-27.5132514610293],[152.982467213316,-27.5132354610279],[152.982456223318,-27.5132224510267],[152.982438233323,-27.5132044510248],[152.982407203329,-27.5131844510215],[152.982384213334,-27.513164451019],[152.982358223338,-27.5131504510163],[152.982321213344,-27.5131354510125],[152.982295223349,-27.5131184410097],[152.982285183353,-27.5130904510085],[152.982258213359,-27.5130674610056],[152.982231203366,-27.5130414510027],[152.98220624337,-27.5130254410001],[152.982182223376,-27.5130004709975],[152.982161193381,-27.5129764709952],[152.982131233388,-27.5129454709919],[152.982114223394,-27.51291748099],[152.982087213399,-27.5128964609871],[152.982058233406,-27.512868470984],[152.982038223411,-27.5128474709818],[152.982015233417,-27.5128204609793],[152.981962233429,-27.5127664609736],[152.981941213434,-27.5127434709713],[152.981917193439,-27.5127234709687],[152.981893213446,-27.5126914609661],[152.98187620345,-27.5126714709642],[152.981854233455,-27.5126504709618],[152.98183120346,-27.5126304709594],[152.981799223466,-27.512610470956],[152.981742213481,-27.5125394709497],[152.981717213487,-27.5125184709471],[152.981643223505,-27.512436480939],[152.981622243511,-27.5124054709367],[152.981600193516,-27.5123824809343],[152.981571213524,-27.5123474709311],[152.981532193533,-27.5123114709269],[152.981503213539,-27.5122824709238],[152.981468203546,-27.51225647092],[152.981437183554,-27.5122274709167],[152.981410213559,-27.5122094609139],[152.981337213575,-27.512142480906],[152.981306223581,-27.5121174609027],[152.981271213588,-27.5120984608991],[152.981252203593,-27.5120714708969],[152.9812222336,-27.5120424708937],[152.981190223607,-27.5120174708903],[152.981156203614,-27.5119844708866],[152.981119233622,-27.5119574808827],[152.981080213629,-27.5119324608786],[152.981047213634,-27.5119194808752],[152.98101422364,-27.5119024808718],[152.980987213645,-27.5118834808689],[152.980953193651,-27.5118684708654],[152.980892203663,-27.5118234608589],[152.980881213667,-27.5117994708576],[152.980664223719,-27.5115714708341],[152.980470773758,-27.5114308208136],[152.980415253769,-27.5113904708077],[152.979866263888,-27.5109174807489],[152.979424243977,-27.510588490702],[152.979366243987,-27.510557490696],[152.979315253997,-27.5105174906906],[152.979291244,-27.5105174906882],[152.979214264018,-27.5104375006798],[152.978862724085,-27.5102089706428],[152.978831264091,-27.5101884906395],[152.978551234148,-27.5099704806097],[152.978312234195,-27.5098004905844],[152.97822124421,-27.509761490575],[152.977950264265,-27.5095594905462],[152.977871244279,-27.5095114805379],[152.977715284307,-27.5094255105216],[152.977403274376,-27.5091415004881],[152.977432254377,-27.5091085104908],[152.977287284406,-27.5090055104754],[152.977182304425,-27.5089465104644],[152.976943264474,-27.508757510439],[152.976936264474,-27.5087655004384],[152.9768412545,-27.5086395004278],[152.976539284563,-27.5083955003957],[152.97651129457,-27.5083665203926],[152.976422304586,-27.5083155103833],[152.976311274611,-27.5082145003714],[152.976294294615,-27.5081975003696],[152.976051284661,-27.5080345103439],[152.975770304723,-27.5077865003138],[152.975705264733,-27.5077595103071],[152.975674274744,-27.5077025303035],[152.97558327476,-27.507646530294],[152.975426294794,-27.5075155302772],[152.974986724893,-27.5071055202299],[152.974906274911,-27.5070305202213],[152.974844264923,-27.5069865302147],[152.974772324933,-27.5069685302074],[152.974704324944,-27.5069385202003],[152.97458631497,-27.5068335301877],[152.97446929499,-27.5067765301755],[152.974448314994,-27.5067615301733],[152.974295305021,-27.5066755201573],[152.974209305038,-27.5066195201482],[152.974137295047,-27.5066045201409],[152.97411831505,-27.5065985301389],[152.974106305051,-27.5065975301377],[152.974082325055,-27.5065925301353],[152.974022325061,-27.5065905301292],[152.974006335063,-27.5065935301276],[152.973980305065,-27.506594530125],[152.973969285066,-27.506599520124],[152.973946325069,-27.5065955301217],[152.973930335071,-27.50659153012],[152.973884315076,-27.5065905301154],[152.973871315078,-27.5065875201141],[152.973854315081,-27.5065805301123],[152.973844305083,-27.5065745301113],[152.973822335085,-27.5065735301091],[152.973806315087,-27.5065715301074],[152.973760325094,-27.5065575301027],[152.973728315099,-27.5065435300994],[152.973700975103,-27.5065368100966],[152.973639325111,-27.5065215500903],[152.973537305128,-27.5064765400797],[152.973238335181,-27.5063115500485],[152.973166325193,-27.506272540041],[152.973146315199,-27.5062495400388],[152.973127305204,-27.5062245500367],[152.973125295207,-27.5061985400363],[152.973101315214,-27.5061665500336],[152.97307032522,-27.5061455500304],[152.973056315223,-27.5061345500289],[152.973043315226,-27.5061205400274],[152.973030325229,-27.506109550026],[152.972999295236,-27.5060795500227],[152.972967325242,-27.5060575500193],[152.972759315273,-27.5059865499979],[152.972501295306,-27.5059495499718],[152.972329345318,-27.5059975499549],[152.972209325326,-27.5060345499432],[152.972058365339,-27.5060605499283],[152.971882365348,-27.5061425399113],[152.971650365363,-27.5062245498887],[152.971390345372,-27.5063715498638],[152.97130336537,-27.5064615498558],[152.971133345372,-27.5065935498399],[152.971100345372,-27.5066165398367],[152.971056325373,-27.5066525498326],[152.971034355373,-27.5066685498305],[152.971009315372,-27.5066955398282],[152.970998365371,-27.5067125398273],[152.970988335371,-27.5067225498263],[152.970950375368,-27.506776549823],[152.970764365363,-27.5069755398059],[152.970638405367,-27.5070505497939],[152.970355385358,-27.507368569768],[152.970286395355,-27.5074495597618],[152.970202375359,-27.5074905597537],[152.970078385347,-27.5076895597428],[152.96994435534,-27.5078605597308],[152.969889355327,-27.5080095597264],[152.969724375332,-27.5081075697107],[152.969678385328,-27.5081855697067],[152.96961936532,-27.5082935697016],[152.969555375316,-27.5083805596959],[152.969541365311,-27.5084345596949],[152.969526395308,-27.5084705596937],[152.969517385307,-27.5084825696929],[152.969503405305,-27.5085165696918],[152.969491425301,-27.5085535696909],[152.969352405292,-27.5087475596785],[152.969277395284,-27.5088715696719],[152.969153405283,-27.5089855596604],[152.969087415268,-27.5091665696552],[152.96904839526,-27.5092605596521],[152.968943415253,-27.5094065696427],[152.968772415229,-27.5097445596283],[152.968749385231,-27.5097415596259],[152.96866039522,-27.5099095596183],[152.968685395217,-27.5099135596209],[152.968501405191,-27.5102725696053],[152.968446435183,-27.5103845696007],[152.968399425165,-27.5105695695974],[152.968347445157,-27.510675559593],[152.968337445153,-27.5107125595923],[152.968317445147,-27.5107785595909],[152.96821243512,-27.5110885695828],[152.968099425102,-27.5113205595733],[152.968072415088,-27.5114615695717],[152.968072415083,-27.511498559572],[152.968036425063,-27.5116865595699],[152.967988615046,-27.5118605895665],[152.967939445029,-27.512039559563],[152.967943425018,-27.512121569564],[152.967870465018,-27.5121865595572],[152.967793415003,-27.5123705595509],[152.967817424991,-27.512448559554],[152.967798444956,-27.5127375695543],[152.967799434938,-27.5128835695556],[152.967837434863,-27.5134415595638],[152.967837654861,-27.513463779564],[152.967851444822,-27.5137545695677],[152.967802464775,-27.5141745695661],[152.967840464692,-27.5147995595748],[152.967811484679,-27.5149275595729],[152.967817464655,-27.515116549575],[152.967871484625,-27.5153015495819],[152.96787947462,-27.515335559583],[152.967887474615,-27.5153695595841],[152.967834474585,-27.515653549581],[152.967846484577,-27.5157065595826],[152.96797846456,-27.515727549596],[152.968096474484,-27.5162345496118],[152.968154474459,-27.5163775496188],[152.968182464439,-27.5165175396227],[152.968418474343,-27.5170735396507],[152.968562464295,-27.5173325396672],[152.968700474226,-27.5177605396844],[152.968726494215,-27.5178255496875],[152.968748474207,-27.51787053969],[152.968806474184,-27.5180075496969],[152.968918484134,-27.5183035497105],[152.968997474097,-27.5185315397202],[152.969082484064,-27.5187205397302],[152.969139454033,-27.5189185397375],[152.969311223962,-27.519337959758],[152.969360463942,-27.5194545497639],[152.969628453868,-27.5198115397935],[152.969668453819,-27.5201685298003],[152.969721453789,-27.5203575298072],[152.969895483729,-27.5206885298272],[152.970130473665,-27.5209915298531],[152.970199493637,-27.5211555298613],[152.970286473607,-27.5213195298713],[152.970392463567,-27.5215485198838],[152.970294463579,-27.5215345198738],[152.970332463565,-27.5216115298783],[152.970495463528,-27.5217695198958],[152.970543463512,-27.5218585299013],[152.970639463474,-27.5220745299127],[152.970797473401,-27.522521529932],[152.970876453373,-27.5226735299411],[152.971108453295,-27.5230975499677],[152.971238503239,-27.5234255499833],[152.971254483234,-27.5234535399852],[152.971276463228,-27.5234855499876],[152.971295473221,-27.5235185499898],[152.971492463163,-27.5238155300119],[152.971591493135,-27.5239495300228],[152.971611453126,-27.5240095200253],[152.97169347311,-27.524064520034],[152.971767453089,-27.5241655300422],[152.97192345303,-27.5244995300605],[152.972073432988,-27.5247055300771],[152.972132422971,-27.5247925200837],[152.972321422912,-27.5251005201051],[152.972456432867,-27.5253415201205],[152.972672442802,-27.5256715301447],[152.972768432765,-27.525878520156],[152.97278745275,-27.5259815301587],[152.972903442694,-27.5263315301731],[152.972964432638,-27.5267245301823],[152.972908442645,-27.5267155201766],[152.972905422624,-27.5268865301777],[152.972939432596,-27.5270745301826],[152.97295648257,-27.5272685201858],[152.972868482507,-27.5278435201815],[152.972867462501,-27.5278925301818],[152.972901442485,-27.527992520186],[152.972980462459,-27.528131510195],[152.972990502451,-27.5281875101965],[152.972988452446,-27.5282225101965],[152.972973452445,-27.5282445101952],[152.972959472445,-27.5282595101939],[152.972930492445,-27.5282835001912],[152.972912462445,-27.5282955101895],[152.972895492445,-27.5283125101879],[152.972870482446,-27.5283275201855],[152.972861472445,-27.5283425001848],[152.972716452397,-27.5288475301742],[152.972688462382,-27.5289875001725],[152.972410472293,-27.5299295201521],[152.97227849229,-27.53006953014],[152.972237472274,-27.5302285201371],[152.972220462266,-27.5303105301361],[152.972080482244,-27.5306025301244],[152.971979522226,-27.5308325301161],[152.971882502217,-27.5309895201076],[152.971675512178,-27.5314705200907],[152.971565502154,-27.5317595200819],[152.971397492093,-27.53238453007],[152.97137552208,-27.5325055200688],[152.971388512052,-27.5327205300718],[152.971454502022,-27.5328965300798],[152.971447502004,-27.5330495300803],[152.971503491979,-27.533195530087],[152.971709491847,-27.5340665101146],[152.971826511794,-27.5343905001288],[152.971937471751,-27.5346365201419],[152.97196054173,-27.5347825001454],[152.971956521699,-27.5350295101469],[152.972005511682,-27.5351225101526],[152.972145521646,-27.5352935101679],[152.972287511617,-27.535398510183],[152.972404491591,-27.5355065101955],[152.972147021603,-27.5356284501707],[152.972260021573,-27.5357714301832],[152.97230503156,-27.5358344501882],[152.972328021552,-27.5358834301909],[152.972344041548,-27.5358994401926],[152.972397041538,-27.5359374401982],[152.972410041534,-27.5359524401996],[152.972418031531,-27.5359694402006],[152.972417051528,-27.5359974502007],[152.972413031525,-27.5360214402005],[152.972417051521,-27.5360524502011],[152.972456031506,-27.5361334402057],[152.9724740215,-27.5361674502077],[152.972495051495,-27.53619244021],[152.972517021491,-27.5362074402123],[152.972537021487,-27.5362174302144],[152.972552021484,-27.536226440216],[152.972566041482,-27.5362364302175],[152.972578051478,-27.5362514402188],[152.972581041476,-27.5362684402193],[152.972578051474,-27.5362894302191],[152.972577021471,-27.5363104302192],[152.972583051468,-27.5363264302199],[152.972591041467,-27.5363334502208],[152.972641051458,-27.536360440226],[152.972654041455,-27.5363714502274],[152.972665031452,-27.5363844302286],[152.972673021449,-27.5364044502295],[152.972681011445,-27.5364274402305],[152.972704041438,-27.5364644402331],[152.972792481405,-27.5366485002434],[152.972823511393,-27.5367195002471],[152.972837491377,-27.5368365202494],[152.972834501367,-27.5369195102498],[152.972853471355,-27.5369945102523],[152.972875491349,-27.5370245102547],[152.972909501343,-27.5370445102583],[152.972953491338,-27.5370465102627],[152.972986521335,-27.5370375002659],[152.973035501335,-27.5369975002705],[152.973070501338,-27.5369445002736],[152.973092481342,-27.5368905002754],[152.973127521345,-27.5368375202785],[152.973169491347,-27.5367925102823],[152.973265491342,-27.5367455102916],[152.973287501339,-27.5367525102939],[152.97331951133,-27.5367985002974],[152.973322501325,-27.536828510298],[152.973326511318,-27.5368855002988],[152.973346521312,-27.536912500301],[152.973474521285,-27.5370164803147],[152.973542051264,-27.5371314403223],[152.973551031245,-27.5372754503244],[152.973577011234,-27.5373374403275],[152.973621031222,-27.5373924403323],[152.973709041207,-27.5374394303415],[152.973902051162,-27.5376334403624],[152.974033481122,-27.5378324803771],[152.974107511095,-27.5379865003857],[152.974293471044,-27.5382354904063],[152.974440501008,-27.5383944904223],[152.974572480971,-27.538575500437],[152.974662520939,-27.5387534904474],[152.974694500891,-27.5391054904534],[152.974747500867,-27.5392494904598],[152.975017010802,-27.5395304504891],[152.975017010799,-27.5395554404892],[152.975021030796,-27.5395794404898],[152.975027010791,-27.5396084504907],[152.975023040789,-27.5396314404905],[152.975019020784,-27.5396724404904],[152.97501902078,-27.5397094404907],[152.975017010776,-27.5397384404907],[152.975017010771,-27.539776440491],[152.975019020768,-27.5398014404914],[152.975017010765,-27.5398274504914],[152.975021030754,-27.5399144404925],[152.97501902075,-27.5399434404925],[152.975024020744,-27.5399864404934],[152.975047020732,-27.5400594404962],[152.97507505072,-27.5401344404996],[152.975103040711,-27.5401784505028],[152.975223020677,-27.5403484505162],[152.975158520667,-27.5404864705108],[152.975149470653,-27.5405994705108],[152.975200500584,-27.5411064605199],[152.975202500543,-27.5414274805226],[152.9752164905,-27.5417604805266],[152.975132500465,-27.542110480521],[152.975140490428,-27.542395470524],[152.975122530406,-27.5425804705237],[152.975127540388,-27.5427254705254],[152.97513254038,-27.5427834705263],[152.975128080376,-27.5428142905261],[152.975111550366,-27.5429074805252],[152.974972520332,-27.5432994705144],[152.974776510304,-27.5436914704978],[152.974646540294,-27.5438764704863],[152.974529520278,-27.5441034604763],[152.974262560251,-27.5445454704531],[152.974203540254,-27.5445744704474],[152.974151520253,-27.5446264804426],[152.973817550266,-27.5448094604106],[152.973493540292,-27.5448774903786],[152.973339580298,-27.5449595003639],[152.973162560312,-27.5450054903465],[152.972650570349,-27.5451455002963],[152.972365540368,-27.5452375002685],[152.972169580386,-27.5452664902491],[152.971702590425,-27.545352490203],[152.971612580432,-27.5453794801942],[152.971290620462,-27.5454144901622],[152.971250610465,-27.5454235001583],[152.971180610473,-27.5454225001512],[152.971141590478,-27.5454164801473],[152.971111290481,-27.5454129301442],[152.971065050488,-27.5453974501395],[152.970982050504,-27.5453454401307],[152.970940040509,-27.5453364301265],[152.97085601052,-27.545325450118],[152.970731040534,-27.5453184301054],[152.970326030584,-27.5452674500644],[152.970132040607,-27.5452524400449],[152.97000502063,-27.5451764500316],[152.969913040644,-27.5451484400221],[152.96946456069,-27.5451650899773],[152.969384620701,-27.5451465099692],[152.968822630773,-27.5450525099121],[152.968339630832,-27.5449985098633],[152.968165630856,-27.5449554998456],[152.967701650912,-27.5449075297987],[152.967494650935,-27.5449025297779],[152.967097640988,-27.5448215197375],[152.966977631005,-27.5447925297253],[152.966367641081,-27.5447125196636],[152.966115681111,-27.5446875296381],[152.965756671155,-27.5446455296018],[152.965453681191,-27.5446155295713],[152.965419051195,-27.5446174295678],[152.965281041263,-27.5441984395507],[152.964147021417,-27.5439434394351],[152.964109021435,-27.5438284394304],[152.963659711503,-27.5436735393842],[152.963395741577,-27.5433115493549],[152.963190721635,-27.5430325393321],[152.962999721689,-27.5427625693109],[152.962913721711,-27.5426675693015],[152.962779731749,-27.5424805692866],[152.962637711778,-27.5423695692715],[152.962382721829,-27.5421845692445],[152.962180731882,-27.5419305692223],[152.96199571194,-27.5416295692014],[152.961772732001,-27.5413395591768],[152.961359042164,-27.540401449128],[152.961023022266,-27.5398774390902],[152.960691712377,-27.5392815890523],[152.96067273239,-27.5391895890497],[152.9604560325,-27.5385044390226],[152.960339012553,-27.5381864390083],[152.960301022566,-27.5381124390039],[152.960244732583,-27.5380235889976],[152.960244732587,-27.5379955789974],[152.960223712595,-27.5379505889949],[152.960206742609,-27.5378505789924],[152.960206742615,-27.5378045789921],[152.96021572262,-27.5377575789926],[152.960215722627,-27.5377045689922],[152.960223712633,-27.5376505889926],[152.960232722637,-27.5376115689931],[152.960233532638,-27.5375967189931],[152.960234732641,-27.537573568993],[152.960243712651,-27.5374845889932],[152.960232722665,-27.5373815789913],[152.96022772267,-27.5373465789906],[152.960229702672,-27.5373325789906],[152.960229702674,-27.5373145789905],[152.960237722693,-27.5371605789901],[152.960214732728,-27.5368975789857],[152.96014169276,-27.5367075889769],[152.960014752787,-27.5366065789634],[152.959545722896,-27.5361376089127],[152.959093713015,-27.535577588863],[152.958870733068,-27.5353515988389],[152.95878970309,-27.53524560883],[152.958777723093,-27.5352315988287],[152.958749693101,-27.5351926088255],[152.958709733111,-27.5351495888212],[152.958663743123,-27.5350945888162],[152.958606723137,-27.53503059881],[152.958561723148,-27.5349825888051],[152.958540733153,-27.5349585988028],[152.958499743162,-27.5349185987984],[152.958276733215,-27.5346906087742],[152.957944723286,-27.5344136087388],[152.95792070329,-27.5343995987363],[152.957800733318,-27.5342825887234],[152.957720833333,-27.534231848715],[152.957592723357,-27.5341506087015],[152.957069743465,-27.5337356186459],[152.95631376362,-27.5331566285656],[152.955584743766,-27.5326186084884],[152.955437763799,-27.5324845984726],[152.954880773911,-27.5320676184135],[152.95459428397,-27.5318453583831],[152.954135764064,-27.5314896083344],[152.953881764124,-27.5312296083069],[152.953659804173,-27.5310346182832],[152.953596774189,-27.5309616182763],[152.953370804233,-27.5308016082524],[152.953198814265,-27.5306966282343],[152.953105774284,-27.5306226282244],[152.952966824306,-27.5305736382102],[152.952955794313,-27.5305226282086],[152.952672774363,-27.5303676381791],[152.952559804378,-27.5303456381676],[152.952510784392,-27.5302806281622],[152.952410814407,-27.5302476281519],[152.952317194421,-27.5302104581423],[152.952286784426,-27.5301998981391],[152.952221084436,-27.5301774381324],[152.952049794467,-27.5300786281144],[152.951803784512,-27.5299266380886],[152.951706804523,-27.5299246380789],[152.951517774551,-27.5298646380595],[152.951225774599,-27.5297286280292],[152.951059804629,-27.5296376280119],[152.950690824687,-27.5294906279738],[152.95012182477,-27.5293146579154],[152.949730074832,-27.529158127875],[152.949541804863,-27.5290736578555],[152.949262834906,-27.5289726478268],[152.948984814946,-27.5288916477983],[152.948691834986,-27.5288236477684],[152.948521815007,-27.5288006477512],[152.948429795025,-27.5287426577416],[152.94822985505,-27.5287136477213],[152.948129845066,-27.528670647711],[152.947979865085,-27.5286516676958],[152.947799845112,-27.5285886776773],[152.947317865179,-27.5284716676282],[152.946817815241,-27.5284003875775],[152.946598885269,-27.5283696775554],[152.946392845296,-27.5283296775345],[152.946052845333,-27.5283246675004],[152.945685035387,-27.5282154374627],[152.94539004542,-27.5282054274331],[152.945128045449,-27.5281924474068],[152.944725885488,-27.5282326773669],[152.944568905504,-27.5282386973512],[152.944207875539,-27.5282686873153],[152.94388390558,-27.5282196972825],[152.943618915609,-27.528216697256],[152.943456925623,-27.52824568724],[152.943049915673,-27.5281936871989],[152.943010935676,-27.528202697195],[152.942877895686,-27.528241687182],[152.942549905724,-27.528216717149],[152.942391935738,-27.5282427071334],[152.942357915744,-27.5282197171298],[152.942291925749,-27.5282407071234],[152.942140925765,-27.5282447071083],[152.941976045787,-27.5282064270915],[152.94132003586,-27.5281904470258],[152.941100965879,-27.5282267070041],[152.940865935918,-27.5281167069797],[152.940609925946,-27.5281107069541],[152.940480935954,-27.5281566969415],[152.940355965968,-27.528156696929],[152.939964936003,-27.5282097068903],[152.939529926053,-27.5281827268466],[152.939328966071,-27.5282137168267],[152.938810986133,-27.5281677267745],[152.938568996159,-27.5281697267504],[152.938481976166,-27.5281837267418],[152.938272976186,-27.528202726721],[152.937951016221,-27.5282027266888],[152.937736976241,-27.5282227266675],[152.937012966319,-27.5282297365952],[152.936703046349,-27.5282497365643],[152.935743016457,-27.528213736468],[152.935534016479,-27.5282237464472],[152.935081016527,-27.5282234264019],[152.9343280566,-27.528289756327],[152.933412016703,-27.5282534362351],[152.93253404679,-27.5283124361478],[152.932415026807,-27.5282834461357],[152.931713056871,-27.5283774460662],[152.93124402692,-27.5283894260194],[152.930459096989,-27.5285097759418],[152.929634087063,-27.5286277858603],[152.929484107074,-27.5286657858455],[152.929253097089,-27.5287477758231],[152.928991137099,-27.528892775798],[152.928831127102,-27.5290027757829],[152.928623147094,-27.529242775764],[152.928473137083,-27.5294637957508],[152.928367177071,-27.5296507957416],[152.92824412705,-27.5299238057315],[152.928053127001,-27.5304707957167],[152.928000166972,-27.5307487957136],[152.927970126921,-27.531179785714],[152.927896136884,-27.5315347857094],[152.927880156851,-27.53181278571],[152.927892196808,-27.5321427857138],[152.927857156734,-27.5327607757152],[152.927826166692,-27.533124785715],[152.927794156666,-27.5333547757136],[152.927604176578,-27.5342177857014],[152.927578156557,-27.5344047757003],[152.927537166482,-27.5350367757012],[152.927560196439,-27.535362785706],[152.927518186367,-27.5359657757066],[152.92753018635,-27.5360907757088],[152.927468216262,-27.5368477757086],[152.927456206212,-27.5372567757106],[152.927406196181,-27.5375467857079],[152.927369186138,-27.5379157857071],[152.927351236038,-27.5387307857117],[152.927340206022,-27.5388647757117],[152.927231325994,-27.5391797957033],[152.927181215981,-27.5393247756994],[152.92701126595,-27.5397177756855],[152.926995245943,-27.5397897756845],[152.927022215926,-27.5398997756881],[152.927022215905,-27.5400627856893],[152.92696425589,-27.5402307856849],[152.92652724586,-27.5408497756461],[152.926278135838,-27.5412343656242],[152.92618523583,-27.541377785616],[152.926068255825,-27.5415217856055],[152.925806255821,-27.5417707755812],[152.925532285822,-27.5419977755556],[152.925364175829,-27.5420915055396],[152.924843275848,-27.5423817754898],[152.924548285862,-27.5425257754614],[152.9239432959,-27.5427427854026],[152.923493285931,-27.5428787953587],[152.923108325963,-27.5429557953208],[152.922625285999,-27.5430817952735],[152.92227732603,-27.5431357952392],[152.922227366031,-27.5431698052344],[152.922175346038,-27.5431547952291],[152.920621356183,-27.5433358250752],[152.920058346238,-27.5433808150193],[152.919260386328,-27.5433538249393],[152.917003406567,-27.5433878447139],[152.916660456604,-27.5433798346796],[152.916343446637,-27.543394834648],[152.915890526675,-27.5434800246034],[152.915725436689,-27.5435108445871],[152.915674406697,-27.5434878545819],[152.915465446723,-27.5434638545608],[152.915100446764,-27.5434508545242],[152.914275476847,-27.5434958444421],[152.913792466892,-27.5435538643943],[152.913374466935,-27.5435698643526],[152.913047506971,-27.5435608743199],[152.912195517055,-27.5436248642353],[152.911584507112,-27.5436938641747],[152.910983537173,-27.5437238941149],[152.91080150719,-27.5437478840969],[152.910753517196,-27.543738894092],[152.909692527302,-27.5438088839866],[152.909574527315,-27.5437988939747],[152.908518547426,-27.5438259038694],[152.908110547464,-27.543874913829],[152.907456617529,-27.543919903764],[152.907237577553,-27.543909913742],[152.906706577607,-27.5439359036892],[152.906406587634,-27.5439839136596],[152.906106587656,-27.5440609236302],[152.905972597665,-27.5441049236172],[152.905908617667,-27.5441429136111],[152.9054376177,-27.5442879235652],[152.904971627718,-27.5445429235206],[152.904810617727,-27.5446109335051],[152.904478617739,-27.5447979334734],[152.904286627743,-27.5449329234553],[152.904099677742,-27.5451009234379],[152.903864647736,-27.5453509334164],[152.903693647724,-27.5455909334012],[152.903565647709,-27.5458159333902],[152.903378657676,-27.5462429233749],[152.903363687667,-27.5463239233741],[152.903331677666,-27.5463629233712],[152.903219657635,-27.5467029533626],[152.903220647607,-27.5469229333645],[152.903242657579,-27.5471339233684],[152.903307697532,-27.5474499233774],[152.903372707498,-27.5476609333855],[152.903442677471,-27.5478179233937],[152.903604657425,-27.5480429234117],[152.903738647392,-27.5481959334263],[152.90412664728,-27.5487509334694],[152.90424464725,-27.5488849334823],[152.904440657212,-27.5490199235029],[152.904567677183,-27.5491429335166],[152.904669657152,-27.549299923528],[152.904712657133,-27.5494149235332],[152.904809667105,-27.549553923544],[152.904885667081,-27.5496829135526],[152.904966657043,-27.5499179135626],[152.905457656853,-27.5510039036202],[152.905635666802,-27.55125690364],[152.906017636677,-27.5519219136834],[152.906039686666,-27.5519889136861],[152.906319676583,-27.5524099037174],[152.906330666576,-27.5524579137189],[152.90645465654,-27.5526348837327],[152.906536556513,-27.5527841737421],[152.906685666464,-27.553040883759],[152.906874656388,-27.5534858837814],[152.906939666355,-27.5536968937895],[152.906961636334,-27.5538408937929],[152.907227686192,-27.5547448938266],[152.907216666192,-27.5547548938256],[152.907254656165,-27.5549318938308],[152.907282656124,-27.555237883836],[152.907259006093,-27.5555047538357],[152.907252326082,-27.5555942938358],[152.907128666046,-27.5559858938265],[152.907091646039,-27.5560769038235],[152.90700167603,-27.5562258938157],[152.906707706016,-27.5565908837892],[152.906498676016,-27.5567678937697],[152.906080706024,-27.5570648937303],[152.905888686026,-27.5572058937122],[152.905471746048,-27.557392893672],[152.905296876052,-27.5575114236555],[152.904978706065,-27.5576818836251],[152.904445036106,-27.5578084435727],[152.901920036295,-27.5584724233257],[152.900104056454,-27.5587644331466],[152.898451046576,-27.5592184429851],[152.897469046659,-27.5593964228884],[152.895805046727,-27.5602864227292],[152.895254046734,-27.5606984426774],[152.895207036703,-27.560987422675],[152.895684046561,-27.5617044327283],[152.89677904632,-27.5626854328454],[152.897762866155,-27.5631499429474],[152.897864886137,-27.563206942958],[152.898111886085,-27.5634079329843],[152.898198166068,-27.5634701829934],[152.898551895998,-27.5637229330307],[152.898982885906,-27.5640859230766],[152.899132895875,-27.5642009330925],[152.900282825661,-27.564915923213],[152.900378825646,-27.5649549232229],[152.900695865587,-27.5651549232562],[152.900883875558,-27.5652219132755],[152.901140835526,-27.5652549133014],[152.901210845517,-27.5652689033085],[152.901253835509,-27.565296913313],[152.90151185547,-27.5653829133395],[152.901629825449,-27.5654499033518],[152.901747835431,-27.5654879033639],[152.902034795373,-27.5657069033943],[152.902188825334,-27.5658839134111],[152.902263835312,-27.5659939134194],[152.902415815251,-27.5663479134374],[152.902410815227,-27.5665449034384],[152.902295845129,-27.5674259234339],[152.902221855078,-27.5678869334302],[152.902157835059,-27.5680969234254],[152.90203585504,-27.5683519234152],[152.901928835032,-27.5685049234058],[152.901928835025,-27.5685619234062],[152.90184506502,-27.5686758933988],[152.901736845011,-27.5688409133892],[152.901185874993,-27.569451913339],[152.90095085499,-27.5696809333174],[152.900704874992,-27.5698729232943],[152.900559904991,-27.5700119332809],[152.900527894993,-27.5700219232778],[152.90018588499,-27.5703389232461],[152.900008894994,-27.5704539332294],[152.899714884993,-27.5707179232021],[152.899586884983,-27.5709099231908],[152.89913191498,-27.5713179231486],[152.898757894984,-27.5716069231135],[152.898136954984,-27.5721449230557],[152.89755394499,-27.572595923001],[152.896538954965,-27.5736669229081],[152.896046964945,-27.5742429128635],[152.895693974923,-27.574722922832],[152.895572034913,-27.5749049228213],[152.895364014888,-27.5752839328035],[152.895268024871,-27.5755039327957],[152.895193014865,-27.5756189327891],[152.895193014861,-27.5756479227893],[152.895118004854,-27.5757629327827],[152.894980034834,-27.5760459227712],[152.894873014811,-27.5763199327626],[152.89483100481,-27.5763669227588],[152.894772024793,-27.5765449227543],[152.894718984767,-27.5768039327511],[152.894646024702,-27.5773779227483],[152.894637044626,-27.5779919227523],[152.894626024496,-27.5790354327594],[152.894696064409,-27.5796679327714],[152.894728044379,-27.5798789027762],[152.894761034358,-27.5800129027806],[152.895052054236,-27.5807399128154],[152.89521502414,-27.5813619028366],[152.895296054104,-27.5815779128464],[152.895329054095,-27.58161590285],[152.895593053994,-27.5821949028809],[152.895766023936,-27.5825109029007],[152.895938053864,-27.5829318829212],[152.895992033834,-27.5831228829281],[152.896128033778,-27.5834528829443],[152.896300053725,-27.5837258929636],[152.89644003369,-27.5838888929789],[152.896340023673,-27.5841104329706],[152.896291043654,-27.5843008829672],[152.896372033621,-27.5844918829768],[152.89652405354,-27.5850088829961],[152.896691013478,-27.5853578830155],[152.896745033462,-27.5854348830215],[152.896853033422,-27.5856648730341],[152.897025053367,-27.5859468730535],[152.897268033296,-27.5863098730807],[152.897682023182,-27.5868548631263],[152.897822033148,-27.5870078631415],[152.898209043057,-27.5873998731833],[152.898650982944,-27.5879168632315],[152.89911004283,-27.5884324332814],[152.899671052703,-27.5889554333416],[152.899952032638,-27.5892354333718],[152.900191032576,-27.5895164233979],[152.900423022521,-27.589761443423],[152.900561032492,-27.5898694434377],[152.900817042443,-27.5900364434646],[152.901232042378,-27.5901974335073],[152.9017770323,-27.590351443563],[152.902188022213,-27.5906934336067],[152.90243603217,-27.5908194336325],[152.902533012158,-27.5908324436423],[152.903099972018,-27.5914538237038],[152.903198961989,-27.5916038137149],[152.903327981942,-27.5918668137299],[152.903662941836,-27.5924168237677],[152.903748971813,-27.5925308137772],[152.903964001743,-27.5928997938015],[152.904104961689,-27.593205783818],[152.904233951649,-27.5934168038326],[152.90443897157,-27.5938657938566],[152.904600961521,-27.5941198038748],[152.904740971484,-27.5942917938902],[152.905279971315,-27.595171803951],[152.905413961278,-27.5953538039658],[152.905688991192,-27.5957977839968],[152.905699971185,-27.5958457739982],[152.905882951126,-27.5961527840189],[152.905996971082,-27.5964057740323],[152.906061981049,-27.5966167840405],[152.90609498102,-27.5968177840454],[152.906229950939,-27.597343774063],[152.906252000933,-27.5973727840654],[152.906278970914,-27.5974977740691],[152.906592980773,-27.5983487741072],[152.906711970712,-27.5987317741221],[152.90675095068,-27.5989547741278],[152.906675980666,-27.5991297841217],[152.906632990663,-27.5991877841178],[152.906605980652,-27.599297784116],[152.906580970586,-27.5998487841178],[152.906587980539,-27.6002167741214],[152.906630940511,-27.6003987741272],[152.906716970475,-27.6006097841374],[152.906749970456,-27.6007337741417],[152.906766940431,-27.6009207841449],[152.906750990406,-27.6011267841449],[152.906730000392,-27.6012607841439],[152.906704010385,-27.6013327841418],[152.90662901038,-27.6014427841352],[152.906425990377,-27.6016397741165],[152.906088000383,-27.6018807740846],[152.905670990399,-27.6021157740448],[152.905526010405,-27.6021887740309],[152.90530099042,-27.602265774009],[152.905001030433,-27.6024197839803],[152.904342030478,-27.6026267839161],[152.903978050505,-27.6027237838804],[152.903152050572,-27.6028977737993],[152.902863050597,-27.6029467737708],[152.902723070611,-27.6029617837569],[152.902460090639,-27.6029617837307],[152.90189707071,-27.6028817836738],[152.901768080724,-27.6028827836609],[152.901699060729,-27.6028967936541],[152.901288030762,-27.6029904336138],[152.901099040769,-27.6031004435958],[152.900975050778,-27.6031324235837],[152.900688050818,-27.6030624435544],[152.90040302086,-27.6029734335253],[152.900249030876,-27.6029744335099],[152.900120030887,-27.6029984334972],[152.899862020918,-27.6029784334713],[152.899785040923,-27.6030014234637],[152.899657030934,-27.6030254434511],[152.899529030942,-27.6030734334387],[152.899452050947,-27.6030964434312],[152.899271040966,-27.6030994434132],[152.899136030988,-27.6030464333993],[152.898774021038,-27.6029614333624],[152.898439031073,-27.602966423329],[152.898207031101,-27.6029474233057],[152.897948031137,-27.6028824332793],[152.897793011159,-27.6028394432635],[152.89758504119,-27.6027744332422],[152.89740305122,-27.6026854232233],[152.897195031257,-27.6025744332017],[152.89702202129,-27.6024574331835],[152.896845041323,-27.6023464331649],[152.896714041349,-27.6022564331511],[152.896533031377,-27.6021904431325],[152.896376051405,-27.6021014431161],[152.896247021424,-27.6020574231029],[152.896090031453,-27.6019684430865],[152.895960021478,-27.6018784430728],[152.895829021503,-27.601789433059],[152.895672041534,-27.6016774330425],[152.89556702156,-27.6015644430311],[152.895435041594,-27.6014054330167],[152.895230021642,-27.6012044329946],[152.894917431706,-27.6009608429615],[152.894483161814,-27.6004758429143],[152.894332161859,-27.6002508428974],[152.894288171882,-27.6001028428919],[152.894137171922,-27.5999118528753],[152.893815131996,-27.5996058428407],[152.893546172071,-27.599241852811],[152.89349302209,-27.5991304328048],[152.893430022112,-27.5990154327976],[152.893308192149,-27.5988258427839],[152.893206172186,-27.5986198527721],[152.893119152221,-27.5984098527617],[152.893033162275,-27.5980548727504],[152.892957172309,-27.5978548727412],[152.89276390239,-27.5973723027181],[152.892676192427,-27.5971558727076],[152.892579132463,-27.5969548726963],[152.8925031425,-27.5967248726869],[152.892136172643,-27.5959018626438],[152.891964182704,-27.595566882624],[152.891753182793,-27.5950358825987],[152.891548192853,-27.5947398825759],[152.891526152864,-27.5946728925732],[152.891483152876,-27.5946148925684],[152.891451142891,-27.5945188825645],[152.891289192941,-27.5942658925463],[152.891173633014,-27.593783172531],[152.890878533068,-27.5936034025001],[152.890729213112,-27.5933808924834],[152.890584193159,-27.593136912467],[152.890266203247,-27.5927119124319],[152.889997203323,-27.5923379124021],[152.889824223367,-27.5921329023832],[152.889556203427,-27.5918849023545],[152.889417833476,-27.5916180423386],[152.888846943612,-27.5910218222769],[152.888471173687,-27.5907516722372],[152.8889260337,-27.5902574422787],[152.889506023567,-27.5908204323411],[152.890548023334,-27.5917754424527],[152.891158043167,-27.5925754325199],[152.891583013051,-27.5931344325667],[152.892450032722,-27.5950064326681],[152.89315204249,-27.596246432748],[152.893705012259,-27.597611432814],[152.894625031925,-27.5994754329205],[152.895735031622,-27.6009274330429],[152.895884031575,-27.6011704230596],[152.896048021539,-27.6013204430772],[152.896305021493,-27.601460433104],[152.896568041442,-27.6016444331317],[152.896814051399,-27.6017704331573],[152.897070021353,-27.601920433184],[152.897270041315,-27.602046443205],[152.897469041284,-27.6021204432255],[152.897736041241,-27.602236433253],[152.897918031212,-27.6023074332718],[152.898156041176,-27.6023944432962],[152.898466041135,-27.6024494433276],[152.898785051098,-27.6024734333597],[152.899132021056,-27.6025054433946],[152.899799020982,-27.6025214234614],[152.900301040931,-27.6024984335113],[152.900802040886,-27.6024264335608],[152.903018030657,-27.6023434337815],[152.905994020473,-27.6012464440702],[152.906085050815,-27.5984504240573],[152.905081041228,-27.5960334439379],[152.903786021607,-27.5941344337935],[152.902535022009,-27.5920164436518],[152.901710052222,-27.5910264335616],[152.900215042471,-27.5903364334068],[152.898217032953,-27.5882204231905],[152.897042033275,-27.5866644330609],[152.896080033631,-27.584661432949],[152.895413033905,-27.5830554328697],[152.894818054147,-27.5816444327992],[152.893976034535,-27.5792864226965],[152.893920044597,-27.5788394226873],[152.89379302474,-27.5778114426666],[152.893982014873,-27.5765924326758],[152.895035044996,-27.5747104327661],[152.895311015009,-27.574369442791],[152.897905035096,-27.5714484330271],[152.899323025083,-27.5703374431599],[152.900598045139,-27.5688024332752],[152.901566025184,-27.5676094233625],[152.901874045258,-27.5667554333865],[152.901523025349,-27.5663394433481],[152.900948045481,-27.5657754332862],[152.900114015611,-27.5654654232005],[152.897754036025,-27.5641964329547],[152.89585603638,-27.5629974327557],[152.895074026567,-27.5621824326712],[152.894690046698,-27.5614714426272],[152.894516046792,-27.5608764226051],[152.894460026819,-27.5607034325982],[152.894543026834,-27.560513442605],[152.895068036825,-27.5601384226544],[152.895798036809,-27.5596414427234],[152.896851026753,-27.559179442825],[152.89795504668,-27.5588104429323],[152.89962904656,-27.5583344330958],[152.901475026415,-27.5579044432768],[152.904994036165,-27.5568744336202],[152.905752026128,-27.5565184336931],[152.90630102613,-27.5560284337441],[152.906588026176,-27.555416433768],[152.906550026292,-27.5545314237572],[152.905980046546,-27.5530004436882],[152.905239016771,-27.551843433605],[152.903948057136,-27.5500504334618],[152.90291904749,-27.5481164433438],[152.90274504761,-27.54730743332],[152.90290404774,-27.5461394433267],[152.903117017795,-27.5455234233431],[152.903594037815,-27.5449554433863],[152.904152047814,-27.5444824334383],[152.905027027779,-27.544008443522],[152.90614104771,-27.5436064336301],[152.907493047594,-27.5433704337633],[152.909959057349,-27.5432064340084],[152.912901027073,-27.5428764242999],[152.91544704681,-27.5427834245536],[152.917096046673,-27.5424654347159],[152.922170016147,-27.5422944352218],[152.924132035986,-27.5418924354148],[152.925186055942,-27.5413424255158],[152.925742015937,-27.540903445568],[152.926140055975,-27.5402634356027],[152.92659202609,-27.5389604456376],[152.926831036264,-27.537373435649],[152.926727046621,-27.5346244256169],[152.927021057013,-27.5312604256197],[152.927447047185,-27.5295314356487],[152.928148027202,-27.528796435713],[152.928395027191,-27.5286744457367],[152.929716067186,-27.5275824658602],[152.929973067164,-27.5275343958855],[152.930668937116,-27.5273214659534],[152.931123107077,-27.5272397859982],[152.93191205701,-27.527097466076],[152.932350856972,-27.5270294261193],[152.932673076941,-27.5270004361513],[152.932930146918,-27.5269614761767],[152.933111916903,-27.5269223961946],[152.933475896879,-27.5268064062301],[152.933894186846,-27.5267094662712],[152.934354996806,-27.5266314363166],[152.934537166792,-27.5265834663345],[152.934916956768,-27.5264524263715],[152.934981046766,-27.5264144463776],[152.935253186746,-27.5263394864042],[152.935640196715,-27.5262544164422],[152.935972126691,-27.5261584064747],[152.936583026644,-27.5260124265346],[152.936963176624,-27.5258444765713],[152.937295106602,-27.5257374766037],[152.937399896597,-27.5256844566138],[152.937728216575,-27.5255784266458],[152.93792188656,-27.5255304566648],[152.938374046531,-27.5253753967088],[152.938569176514,-27.5253454267281],[152.938624946508,-27.5253444467336],[152.938785876483,-27.5254064567502],[152.938926986457,-27.525489426765],[152.939029986445,-27.5255004167754],[152.939347136416,-27.5254584568068],[152.939508066398,-27.5254624368229],[152.939838176356,-27.5255144368564],[152.940140906323,-27.5255214668867],[152.94089006624,-27.5255373969618],[152.94091200624,-27.5255193969638],[152.940970006231,-27.5255434269698],[152.941893046112,-27.5256954470634],[152.942109056085,-27.5257294670853],[152.942712036006,-27.5258404271465],[152.942853185989,-27.5258523971607],[152.942872965986,-27.5258564471627],[152.942903185981,-27.5258693971658],[152.94311813596,-27.5258604071873],[152.943207015948,-27.5258774071963],[152.943550145886,-27.5260764172322],[152.943753895854,-27.5261554272532],[152.943792035847,-27.5261794572572],[152.944006945804,-27.5263324572799],[152.94436121575,-27.5264624173164],[152.944581165719,-27.5265164173388],[152.944894005688,-27.52649941737],[152.945072925662,-27.5265484573883],[152.945306205625,-27.5266424174124],[152.946904935435,-27.5267904575736],[152.947134045405,-27.5268294375968],[152.949413075119,-27.5271494678274],[152.949553125098,-27.5271964578418],[152.949774165072,-27.5272154378641],[152.949909175055,-27.5272404678778],[152.95002685504,-27.5272553978897],[152.95008521503,-27.5272844878957],[152.950659034938,-27.527521447955],[152.951061884873,-27.5276944279967],[152.95138118482,-27.5278424780299],[152.952015884687,-27.5283574680975],[152.952109104672,-27.5283984081071],[152.952412934632,-27.528456458138],[152.952785194586,-27.5285064081756],[152.953191044519,-27.5286894482177],[152.953465954472,-27.5288244582463],[152.953657104437,-27.5289374182663],[152.953881034397,-27.5290664782898],[152.954117194347,-27.5292604283149],[152.95473601424,-27.5295794783794],[152.954873904211,-27.5296904483941],[152.955080204155,-27.5299594584169],[152.95517992413,-27.5300764684278],[152.955430134072,-27.5303253984548],[152.955580954045,-27.5304094684705],[152.956417963883,-27.5309794385588],[152.956743033828,-27.5311394385926],[152.956893893798,-27.5312444786086],[152.957118873759,-27.5313674186321],[152.957215013739,-27.5314394386423],[152.957552023676,-27.5316504486777],[152.959106043399,-27.5325194488401],[152.959295083364,-27.53263839886],[152.95981706324,-27.5331783989165],[152.960259153119,-27.5337584489654],[152.960421173072,-27.5339954189835],[152.96067317301,-27.5342694790109],[152.960903192956,-27.5345014090357],[152.960969082942,-27.5345614190428],[152.96115990289,-27.5348044390638],[152.961390982837,-27.5350304190887],[152.961742002751,-27.5354094091269],[152.961852892719,-27.5355723891393],[152.962181902643,-27.5358953991748],[152.96229709261,-27.5360604791876],[152.96244006253,-27.5365674292059],[152.962590882457,-27.5370244592246],[152.962593032454,-27.537040479225],[152.96259303245,-27.5370744092252],[152.962633002425,-27.5372354092305],[152.962653152381,-27.5375714792352],[152.962680162371,-27.5376243892383],[152.962752142328,-27.5379094192478],[152.962908032246,-27.5384264792675],[152.962923142236,-27.5384883992695],[152.96313699214,-27.5390684492955],[152.963154992131,-27.5391284792977],[152.963220142106,-27.5392674393054],[152.963332122056,-27.539568389319],[152.963585211951,-27.5401864193492],[152.964492061653,-27.5417754594525],[152.965138951481,-27.5425874495237],[152.965380871425,-27.5428254095498],[152.965758861347,-27.54312142959],[152.965910081319,-27.5432104296059],[152.966013051302,-27.5432634396166],[152.966447031229,-27.5434654396617],[152.966867041168,-27.5435924397047],[152.967184041137,-27.5435644497363],[152.969119010911,-27.5437064399312],[152.969683010857,-27.5436574499873],[152.970847030749,-27.5435154401028],[152.972317110651,-27.5430351602462],[152.972385030646,-27.5430204402529],[152.972652870634,-27.5428844402787],[152.972823870624,-27.5428154202953],[152.973049950605,-27.5427794203176],[152.973330020586,-27.542691400345],[152.973551100578,-27.5425644103662],[152.97363709058,-27.542469450374],[152.973673120592,-27.5423494103767],[152.973711990621,-27.5420844503785],[152.973687900653,-27.5418494403742],[152.973678160682,-27.5416324603715],[152.973614060753,-27.541117470361],[152.97353705082,-27.5406524603496],[152.973458940855,-27.5404444603402],[152.973404920872,-27.5403584203341],[152.973344070897,-27.5402064003268],[152.973039880997,-27.5396764002921],[152.972972211015,-27.5395874902847],[152.972572941135,-27.5389784502398],[152.972423911182,-27.538733470223],[152.972229871236,-27.5384744502015],[152.971868081326,-27.538064420162],[152.97164810139,-27.5377494201375],[152.971076071543,-27.5370254600745],[152.971019931553,-27.5369884600686],[152.970981031562,-27.5369554300644],[152.97094719157,-27.5369204100607],[152.970914051578,-27.5368863900571],[152.970879881586,-27.5368494100534],[152.970860061615,-27.5366384600498],[152.970778011635,-27.5365434000408],[152.970735891651,-27.5364564700359],[152.970631141678,-27.5363274100244],[152.970580001699,-27.5362104000183],[152.970491091714,-27.5361654100091],[152.970526021717,-27.5361124100122],[152.970303151783,-27.5357754499872],[152.970204161812,-27.5356364799762],[152.970129991836,-27.5355093999677],[152.970065201856,-27.5354044699604],[152.97005801186,-27.5353744099595],[152.970101191864,-27.5353094199633],[152.970100101875,-27.5352224799625],[152.97004900189,-27.5351464299568],[152.969916141911,-27.535096479943],[152.969876901919,-27.5350614799389],[152.969871901933,-27.5349603899375],[152.969808131953,-27.5348523899303],[152.969809961987,-27.5345844699284],[152.969925882015,-27.5342604699374],[152.969899972023,-27.5342184299345],[152.969903182031,-27.5341494099343],[152.969898142042,-27.5340693999331],[152.969920122047,-27.5340104599349],[152.969908952072,-27.5338244199323],[152.969912932077,-27.5337824799324],[152.969929202084,-27.5337106299334],[152.969952132094,-27.5336094099349],[152.969966182145,-27.533193419933],[152.969894202173,-27.5330314399245],[152.969854962206,-27.5328034599188],[152.969753062233,-27.5326784599076],[152.96975484224,-27.5326193999073],[152.969820032244,-27.5325374099132],[152.969803132255,-27.5324594699109],[152.969818982268,-27.5323434799116],[152.969811572273,-27.5323111799106],[152.969799892281,-27.532261489909],[152.969870082289,-27.532132429915],[152.969935962287,-27.5320964299213],[152.969948922294,-27.5320274799221],[152.969897092314,-27.531912459916],[152.969919022325,-27.5318094199174],[152.970042172324,-27.5317074499289],[152.970059072327,-27.5316704499303],[152.970043962345,-27.5315394099278],[152.970119922354,-27.5314044199343],[152.970091122364,-27.531350419931],[152.97010189237,-27.5312954199316],[152.970178972374,-27.5311994699386],[152.970239092373,-27.5311534099443],[152.970218942396,-27.5309894299409],[152.97031213239,-27.53095143995],[152.970331942407,-27.5308044599508],[152.970380202418,-27.5306774799546],[152.970376952423,-27.530634469954],[152.970387022436,-27.5305294199541],[152.970447142435,-27.5304864099598],[152.970497912442,-27.5303874199641],[152.970450022452,-27.530349439959],[152.970528132449,-27.5302994899665],[152.970569202466,-27.5301344299693],[152.970630042472,-27.5300294799746],[152.970682972509,-27.5296924299772],[152.970717862513,-27.5296304199802],[152.970834882516,-27.529509459991],[152.970869082523,-27.5294234199937],[152.970900032547,-27.5292093899951],[152.971013072606,-27.528642400002],[152.971050162635,-27.5283824800036],[152.971093012655,-27.5281884300064],[152.971125052674,-27.5280064700082],[152.971116042684,-27.5279354500067],[152.971114942687,-27.5279124100064],[152.971113882689,-27.5279014200062],[152.971103082697,-27.5278424800047],[152.971095892701,-27.5278184500038],[152.971113882773,-27.5272334400009],[152.971071032845,-27.5266934499924],[152.971023152906,-27.5262563999841],[152.971006942923,-27.5261354499816],[152.970946132961,-27.5258844399735],[152.970906862983,-27.5257424199684],[152.970870873002,-27.5256263999639],[152.970701033085,-27.5251114399428],[152.970275043205,-27.5245194398955],[152.970140033238,-27.5243734398808],[152.96997808329,-27.5241024498624],[152.969781163349,-27.5238024698403],[152.969546063416,-27.5234664198141],[152.969484893437,-27.5233574198072],[152.969355973473,-27.5231754297928],[152.969273043507,-27.522980439783],[152.968853083625,-27.5224054097363],[152.968683173673,-27.5221644597174],[152.968635973688,-27.5220884297121],[152.968557863716,-27.521928399703],[152.96846318374,-27.5218194196927],[152.967975033873,-27.5211824796387],[152.967896053908,-27.5209774496292],[152.967709023971,-27.5206364396078],[152.967453054044,-27.5202704295793],[152.967193024123,-27.51986744955],[152.96680105427,-27.5190394395042],[152.966681034341,-27.5185784394886],[152.966630044373,-27.5183664494818],[152.966542044435,-27.5179474394697],[152.966394034504,-27.5175264394515],[152.966344944525,-27.5174054494457],[152.966252094585,-27.5170044094332],[152.966217884632,-27.516660439427],[152.966208874655,-27.5164824094247],[152.966244904671,-27.5163314894271],[152.966223984705,-27.516078409423],[152.966010864842,-27.5151744393946],[152.96586508491,-27.5147574693767],[152.965852054926,-27.5146364393744],[152.965809054975,-27.5142894393674],[152.96584095498,-27.51421746937],[152.965884134996,-27.514057449373],[152.965893875001,-27.5140094793737],[152.965901075012,-27.5139134393736],[152.965905045017,-27.5138714093737],[152.965912935021,-27.5138344293742],[152.965874055026,-27.5138283993702],[152.965937055038,-27.5136794593754],[152.965960125048,-27.5135763893769],[152.966094045066,-27.5133214293883],[152.966137955083,-27.5131534093913],[152.966032035157,-27.5126504493767],[152.966097035179,-27.5124264293815],[152.966198035203,-27.5121464393894],[152.966334175288,-27.5113514193967],[152.96640904532,-27.5110354394018],[152.966492225328,-27.510899439409],[152.966546935342,-27.5107474294133],[152.966554125357,-27.510619449413],[152.966641035371,-27.5104344494202],[152.967212045444,-27.509365439469],[152.967414875471,-27.5089784794862],[152.967648875515,-27.5084294895053],[152.967810165556,-27.5079664295178],[152.967968905589,-27.5075674595306],[152.968110045612,-27.5072694695424],[152.968121915612,-27.5072583995435],[152.968128045613,-27.507243449544],[152.968138115613,-27.5072364395449],[152.968150015613,-27.507222399546],[152.968179145613,-27.5072004395487],[152.96824718561,-27.5071634395553],[152.968402015626,-27.5069063995687],[152.96837894563,-27.5068904695663],[152.96849417564,-27.5067194795765],[152.968521185634,-27.5067384795793],[152.968554985635,-27.5067074195825],[152.968634925642,-27.5065804295895],[152.968808035645,-27.5064124296055],[152.968873045649,-27.5063194296113],[152.968994915668,-27.5060704096215],[152.969015105668,-27.5060504296234],[152.969080945671,-27.5059654596293],[152.969087085673,-27.5059514096298],[152.969123035675,-27.505900449633],[152.969227025676,-27.5058074496427],[152.969240055674,-27.505806449644],[152.969260015674,-27.5057934396459],[152.969271045675,-27.5057754396468],[152.969275025679,-27.505738439647],[152.96943124569,-27.5055196096609],[152.969558695684,-27.5054566096731],[152.969633195682,-27.5054094396802],[152.969655895682,-27.5053924396824],[152.969681085682,-27.5053674096847],[152.969736165685,-27.5052953996896],[152.96985996569,-27.5051564497009],[152.969907165689,-27.5051194697054],[152.969994985693,-27.5050173997134],[152.970042175691,-27.5049874297179],[152.970613115686,-27.5045444497716],[152.970659175679,-27.5045554197763],[152.970690165675,-27.5045673897794],[152.970709985671,-27.5045763997815],[152.970731915668,-27.5045834097838],[152.970749215665,-27.5045964697856],[152.970775135661,-27.5046014097882],[152.970795975657,-27.5046164497904],[152.970816155654,-27.5046204097925],[152.970833055651,-27.5046324797943],[152.970853975646,-27.5046524597965],[152.970870175643,-27.5046634297982],[152.97088492564,-27.5046794497998],[152.970900035636,-27.5046974498015],[152.97092810563,-27.5047194098045],[152.970951175626,-27.5047293998069],[152.970969865623,-27.5047354298088],[152.97098789562,-27.5047424598107],[152.971006945616,-27.5047594598127],[152.971083995607,-27.5047684698205],[152.971104145605,-27.5047634198225],[152.971149875601,-27.504757479827],[152.971174005599,-27.5047534298294],[152.971216125596,-27.5047444398335],[152.971235185593,-27.5047464198355],[152.971253215592,-27.5047394798372],[152.971280915589,-27.50473947984],[152.971301065587,-27.504738409842],[152.971326975585,-27.5047314698445],[152.971346065584,-27.5047304898464],[152.971361905582,-27.504727419848],[152.97138388558,-27.5047244598502],[152.97140187558,-27.5047124898519],[152.97141592558,-27.5046964698532],[152.97142998558,-27.5046864798545],[152.971447935579,-27.5046784698562],[152.971468125578,-27.5046734198582],[152.971491885575,-27.5046734198606],[152.971510975574,-27.5046663998625],[152.971572875569,-27.5046524598686],[152.971590875568,-27.5046473998703],[152.971609965566,-27.5046444398722],[152.971631205564,-27.5046444398743],[152.971650985562,-27.5046384098763],[152.971667195563,-27.5046194098777],[152.971690955561,-27.5046144698801],[152.97171398556,-27.5046014098823],[152.971731985559,-27.504593399884],[152.971751105558,-27.5045864798859],[152.971767965557,-27.5045774698875],[152.971806875552,-27.5045844098915],[152.971828125549,-27.5045904398936],[152.971845055546,-27.5046024098954],[152.971858015543,-27.5046184298968],[152.971878165539,-27.504631479899],[152.971911995532,-27.5046554199025],[152.971928205529,-27.5046644199042],[152.971935025527,-27.504677469905],[152.971951965524,-27.5046824299068],[152.971962045522,-27.5046944899079],[152.971981095519,-27.5047004299098],[152.972005985516,-27.5047024099123],[152.972027925514,-27.5046974499145],[152.972049855513,-27.5046914199166],[152.972072925512,-27.5046814299189],[152.97209092551,-27.5046774699206],[152.972112895509,-27.5046714399228],[152.972130855508,-27.5046624399245],[152.972153195506,-27.5046534399267],[152.972171915506,-27.5046444399285],[152.972197105504,-27.504637409931],[152.972221955503,-27.5046224899333],[152.972268055502,-27.5045914199377],[152.972318065499,-27.5045714399426],[152.972338975497,-27.5045684799446],[152.972363105496,-27.504560469947],[152.972385035494,-27.5045544399491],[152.972409855492,-27.5045524599516],[152.972484065486,-27.5045364399589],[152.972626965469,-27.5045444499733],[152.972688865468,-27.5045014399791],[152.972696095472,-27.5044644399796],[152.972991995435,-27.5045024200095],[152.973173075401,-27.5046174300286],[152.973409955352,-27.5048034700538],[152.973647175317,-27.5048834800782],[152.973727105305,-27.5049064200864],[152.973924355278,-27.5049541301065],[152.974207015232,-27.5050784201358],[152.974373265209,-27.5051195401528],[152.974421265205,-27.5051095501575],[152.9744562652,-27.5051195401611],[152.974518285195,-27.5051035401672],[152.974602305186,-27.5051085201756],[152.974983295149,-27.5050785302136],[152.975115275127,-27.5051365302272],[152.975163275123,-27.505128530232],[152.975219305114,-27.5051525302378],[152.975328035065,-27.505445440251],[152.975467025044,-27.5054934502653],[152.975504295048,-27.5054355202686],[152.975598285037,-27.505439520278],[152.975833264994,-27.5055795303027],[152.975998284972,-27.5056115303195],[152.976129284956,-27.5056275303327],[152.97643026491,-27.5057355203637],[152.976453214906,-27.5057475303661],[152.976477234903,-27.5057545203686],[152.976501214899,-27.5057635303711],[152.976525234895,-27.5057765303736],[152.976551254891,-27.5057865203762],[152.976580244886,-27.5058015303793],[152.976606264882,-27.5058085203819],[152.97662225488,-27.5058105203835],[152.976726274865,-27.5058445203942],[152.976768254855,-27.5058875203988],[152.976957244826,-27.5059505104182],[152.977125224789,-27.5061065004363],[152.977204244773,-27.5061675104447],[152.977344254741,-27.5062955104597],[152.977709224663,-27.5066025004987],[152.977911244623,-27.5067545005202],[152.978024254596,-27.5068685105324],[152.978352244553,-27.5069325105658],[152.978495244523,-27.507046500581],[152.978591244507,-27.5070905105909],[152.978671254495,-27.5071155105992],[152.978784254475,-27.507179480611],[152.97893222444,-27.507334490627],[152.97901763442,-27.5074141506362],[152.9791092144,-27.5074994906461],[152.979257184363,-27.5076625006622],[152.979695044271,-27.5080174407089],[152.979919224243,-27.5080494807316],[152.980041094218,-27.5081442007445],[152.980215204183,-27.5082794907631],[152.980333204163,-27.5083344907753],[152.980492204131,-27.5084514907922],[152.980739234087,-27.508589480818],[152.980773214079,-27.5086234608217],[152.980930234047,-27.5087444708384],[152.981176204003,-27.5088814608641],[152.981583223919,-27.5092024709075],[152.981708163899,-27.5092574809204],[152.981805173861,-27.5094754809318],[152.981854193852,-27.509500470937],[152.982094033794,-27.509757440963],[152.982426043728,-27.5100004409982],[152.982855173656,-27.5102044710428],[152.983234183584,-27.5104494510827],[152.98353020353,-27.5106244611138],[152.983594183518,-27.5106664511205],[152.98384016347,-27.5108434411466],[152.98405317343,-27.510977461169],[152.984263193389,-27.5111184511912],[152.984921433267,-27.5115294412604],[152.985001733255,-27.5115577612686],[152.98509193324,-27.511597361278],[152.985443163172,-27.5118334313151],[152.985518173158,-27.511882441323],[152.98562315314,-27.5119374413339],[152.985695163126,-27.5119844313415],[152.985804153104,-27.5120664413531],[152.98593113308,-27.5121504313665],[152.986024143061,-27.5122224313764],[152.986151153036,-27.5123094413898],[152.986426152982,-27.5125054314189],[152.986528132959,-27.5126004214299],[152.986381142913,-27.513086441419],[152.986323142912,-27.5131484314137],[152.986290152906,-27.5132214314109],[152.986270142895,-27.5133264614098],[152.986285152884,-27.5134024614119],[152.986285152874,-27.5134794514125],[152.986276132865,-27.5135584514122],[152.986280152852,-27.5136614614134],[152.986300152843,-27.5137164614158],[152.986402162811,-27.5138784614273],[152.986465132796,-27.5139434514342],[152.986539152778,-27.5140284614423],[152.986603132762,-27.5140994414492],[152.986757132726,-27.5142504614659],[152.98682914271,-27.5143154514736],[152.986901122692,-27.5144014614815],[152.986988142669,-27.5145094614911],[152.987024132656,-27.5145774514952],[152.987046172646,-27.5146394614979],[152.987076142636,-27.5146944615013],[152.987123152623,-27.5147584515066],[152.98718316261,-27.514809441513],[152.987260132595,-27.5148654415211],[152.987312152586,-27.5148904315265],[152.987429132561,-27.5149894415391],[152.98747713255,-27.5150374315443],[152.987531152535,-27.5151044415502],[152.987553122527,-27.5151484315527],[152.987590172518,-27.5151944415568],[152.987637142504,-27.5152654415621],[152.987673132492,-27.5153264415662],[152.987754162472,-27.515420441575],[152.987817122459,-27.5154634315817],[152.987909142439,-27.5155454415916],[152.988095142392,-27.5157584316119],[152.988150152382,-27.5157934316177],[152.988206142371,-27.5158344316236],[152.988222162365,-27.5158654316255],[152.988249142357,-27.5159064316285],[152.988304112343,-27.5159734416345],[152.988367112329,-27.5160314416413],[152.988425112317,-27.5160744316475],[152.988459122307,-27.5161214416512],[152.988501102298,-27.5161614316558],[152.988523112289,-27.5162094416584],[152.988557092281,-27.5162494416621],[152.988654142258,-27.5163424416725],[152.988736122238,-27.5164304216815],[152.988889092203,-27.516582441698],[152.988981112179,-27.5166954417081],[152.989093092151,-27.5168184317203],[152.989177112131,-27.5169054317294],[152.989266142109,-27.5170024117391],[152.989325082093,-27.5170794217456],[152.989370132082,-27.5171274117505],[152.989427102071,-27.5171694117566],[152.989497112055,-27.5172384117641],[152.989567122037,-27.5173194217718],[152.98964311202,-27.5173874117799],[152.989884121971,-27.5175744118056],[152.989935111958,-27.5176294118111],[152.99002213194,-27.5176984118204],[152.990194111903,-27.5178474118388],[152.990316101877,-27.5179484218518],[152.990518121838,-27.5180894118732],[152.990641091815,-27.5181654118861],[152.990700111804,-27.5181974218923],[152.990774141792,-27.5182294219],[152.99094109177,-27.518266421917],[152.991141111742,-27.5183194219375],[152.991269081721,-27.5183734219507],[152.991370111703,-27.5184324219613],[152.991578091668,-27.5185294019829],[152.991622101658,-27.5185753919877],[152.991711091642,-27.518621401997],[152.991818111625,-27.518662392008],[152.991874101617,-27.5186803920138],[152.991935091606,-27.5187173920202],[152.992070111583,-27.5187864020343],[152.992258081545,-27.5189233920542],[152.992325061532,-27.5189674020613],[152.992488071496,-27.5191164020788],[152.992514091489,-27.5191504120817],[152.992541061484,-27.5191683920845],[152.992570081479,-27.5191853920875],[152.992592091475,-27.5191924020898],[152.992609061475,-27.5191843920915],[152.993310081403,-27.5191574021615],[152.993433091375,-27.5192704021748],[152.993485061365,-27.5193074021803],[152.993537081352,-27.5193614021859],[152.993572081342,-27.5194114021898],[152.993654061324,-27.5194834121986],[152.993729031309,-27.5195394122065],[152.994075051236,-27.5198243822435],[152.994217041208,-27.5199273922585],[152.994331061182,-27.5200323722708],[152.994372051176,-27.520046382275],[152.994439061163,-27.5200943922821],[152.99449703115,-27.5201473722883],[152.994637041117,-27.5202883823035],[152.994713031103,-27.5203383823115],[152.994770051091,-27.5203783823175],[152.994825051079,-27.5204273923234],[152.994866081071,-27.5204553823278],[152.994899041065,-27.5204823923313],[152.994968061048,-27.5205583823388],[152.99509504102,-27.5206693823524],[152.995157061008,-27.520709382359],[152.995215050998,-27.520743392365],[152.995504060945,-27.5209173823954],[152.99558305093,-27.5209623724037],[152.995777040896,-27.521067382424],[152.995945050869,-27.5211433724414],[152.996012030857,-27.5211803724484],[152.996078060844,-27.5212273824554],[152.996120040834,-27.5212673824599],[152.996183070822,-27.5213073824666],[152.996265050808,-27.5213493524751],[152.996536030765,-27.5214633725032],[152.996621000752,-27.521494362512],[152.996798020723,-27.5215683625303],[152.996888030708,-27.5216143625397],[152.996954020696,-27.5216543625466],[152.997010010688,-27.5216663725523],[152.997092030675,-27.5217003525608],[152.997172000662,-27.5217363525691],[152.997257010647,-27.521778372578],[152.997355010631,-27.5218213625881],[152.997449000617,-27.5218543725978],[152.9975660206,-27.5218873526098],[152.99769402058,-27.521937362623],[152.997816010562,-27.5219803526356],[152.99796204054,-27.5220253626506],[152.998084030526,-27.5220323526629],[152.998223020509,-27.522053352677],[152.998325000495,-27.5220723526874],[152.998474030477,-27.5220943727025],[152.998767960437,-27.5221553427325],[152.999047990402,-27.5221943427609],[152.999181980386,-27.5222103427744],[152.99929696037,-27.5222393327862],[152.999434020353,-27.5222553328],[152.999560960339,-27.5222593528128],[152.99972496032,-27.5222693428293],[152.999851980305,-27.5222813528422],[152.999980970291,-27.5222773528551],[153.000389990242,-27.5223163528964],[153.000568000221,-27.5223303329144],[153.000905950185,-27.5223293329482],[153.001160940155,-27.522353352974],[153.001200950151,-27.522350332978],[153.001251930145,-27.5223553529832],[153.001367930133,-27.5223483229947],[153.001489950123,-27.5223233230068],[153.001700960105,-27.5222913230277],[153.001834950091,-27.522280333041],[153.001909960085,-27.5222713230485],[153.002032930074,-27.5222493230606],[153.002156950062,-27.522239313073],[153.002286970048,-27.5222423330861],[153.002622950017,-27.5222023131194],[153.003086939972,-27.5221563231656],[153.003252899954,-27.5221583231823],[153.003337949945,-27.5221563231908],[153.003449929935,-27.5221453232019],[153.003776899906,-27.5220973332343],[153.003906909893,-27.5220843232473],[153.004025939881,-27.5220793132592],[153.004180909867,-27.5220623132746],[153.004338919853,-27.5220393132903],[153.004530909836,-27.5220023133092],[153.004659899825,-27.521982313322],[153.004894889803,-27.5219563033454],[153.005077899788,-27.5219233033635],[153.005334899763,-27.521896313389],[153.005456879753,-27.5218723134011],[153.005628869741,-27.5218253034179],[153.005775889729,-27.5217943034325],[153.005918899716,-27.5217713034466],[153.006046899707,-27.5217393034592],[153.006159869699,-27.5217053134703],[153.006247869691,-27.521691313479],[153.006329889688,-27.5216493134869],[153.006379859686,-27.5216163134916],[153.006569879667,-27.5216043035106],[153.006709849656,-27.5215763135244],[153.006872859644,-27.5215322835404],[153.007113869623,-27.5214932835643],[153.007258849611,-27.5214652935786],[153.007372839603,-27.5214272935897],[153.007468829599,-27.521380283599],[153.007580849592,-27.5213382936099],[153.007689879585,-27.5213012936205],[153.007822849575,-27.5212652936336],[153.00790186957,-27.5212392836413],[153.007999839565,-27.5211972836508],[153.008142879559,-27.5211192936646],[153.008381849552,-27.5209742836874],[153.008563829552,-27.5208162937044],[153.00862584955,-27.5207782937103],[153.008829849548,-27.5206272837296],[153.008935809547,-27.5205442937396],[153.009006839548,-27.5204702937461],[153.009049829551,-27.52041629375],[153.009085819555,-27.5203472837531],[153.00915782956,-27.5202512937595],[153.009226819567,-27.5201372937655],[153.009316829571,-27.5200232937737],[153.009399829575,-27.5199272937812],[153.009514839585,-27.5197472937914],[153.009551819589,-27.5196812837945],[153.009563819591,-27.5196592937956],[153.0095937896,-27.5195602937978],[153.009625799609,-27.5194602838002],[153.009650799619,-27.5193582938019],[153.009646789632,-27.5192602838007],[153.009626789646,-27.519166283798],[153.009608789663,-27.5190522837953],[153.00958980969,-27.5188502837918],[153.0095957997,-27.5187702937918],[153.009556779719,-27.5186482837869],[153.009550789726,-27.5186022937859],[153.00950979974,-27.5185242937812],[153.009477789757,-27.5184132937771],[153.009425819778,-27.518295283771],[153.009357819802,-27.5181612837631],[153.009217809845,-27.5179372937473],[153.00918681986,-27.5178452937434],[153.009146809877,-27.5177482937386],[153.008979789915,-27.5175892837206],[153.008856779938,-27.5175142837077],[153.008708779963,-27.5174372936922],[153.008567809986,-27.5173752936776],[153.008406850011,-27.517314283661],[153.008220810038,-27.5172592836419],[153.00806382006,-27.5172222836258],[153.007856830086,-27.5171923136048],[153.007713820104,-27.5171673035903],[153.007571840122,-27.5171503035759],[153.007274840155,-27.5171433035461],[153.006980830185,-27.5171533135167],[153.006691820212,-27.5171843034879],[153.006554870224,-27.5172043034743],[153.006427850238,-27.5172043034616],[153.006265870256,-27.5171963134453],[153.006210860262,-27.5171963134398],[153.006004860289,-27.5171633034188],[153.005737860317,-27.5171683033921],[153.005642850327,-27.5171653033825],[153.005378840353,-27.5171903133563],[153.005041880386,-27.5172083333226],[153.004960850393,-27.5172253133146],[153.004903870396,-27.5172503333091],[153.0048418604,-27.517272323303],[153.004706880418,-27.5172433132893],[153.004620890429,-27.5172273332805],[153.004506900445,-27.5172023232689],[153.00437791046,-27.5171893332559],[153.004309910467,-27.5171963232491],[153.004153900485,-27.5171813232333],[153.004001920502,-27.5171833232181],[153.003835880521,-27.5171693132013],[153.003704880537,-27.5171543331881],[153.003431900569,-27.5171333131605],[153.003286880587,-27.5171163331458],[153.003162890603,-27.5170913231332],[153.003059890618,-27.5170613331227],[153.003004880625,-27.5170533231171],[153.002806910646,-27.5170553230972],[153.002710880658,-27.5170473330875],[153.002667880664,-27.5170343230831],[153.002588890674,-27.5170243530751],[153.002364890696,-27.5170333430527],[153.001973940742,-27.5170063530133],[153.00182692076,-27.5169913429984],[153.001717930773,-27.5169763429874],[153.001603900788,-27.5169583429758],[153.001471920805,-27.5169323529624],[153.001348920823,-27.5168943529497],[153.001227920839,-27.5168703429374],[153.001089950857,-27.5168473429234],[153.00106790086,-27.5168423529211],[153.000959930875,-27.5168173329101],[153.000818940896,-27.5167733428956],[153.000471930948,-27.5166533528599],[153.000346950966,-27.516614332847],[153.000236940984,-27.5165723428357],[152.999803941048,-27.5164273527911],[152.99972697106,-27.5163973727831],[152.999546951087,-27.5163373527646],[152.999114971164,-27.5160953527194],[152.998958971193,-27.515999362703],[152.99876198123,-27.5158743526822],[152.998679961248,-27.5158053726735],[152.998499951292,-27.5156113626539],[152.998317961334,-27.5154283526342],[152.998243931353,-27.5153463626261],[152.997981971416,-27.5150673625976],[152.997916931434,-27.5149773625904],[152.997874961445,-27.5149313525859],[152.997816961465,-27.5148223925792],[152.997783961479,-27.5147353825752],[152.997758961496,-27.5146223825718],[152.997742971509,-27.5145353825695],[152.997724941527,-27.5144023825666],[152.997701981545,-27.5142853925634],[152.997718951552,-27.5142163825646],[152.997727931558,-27.514155392565],[152.997716951581,-27.5139853725625],[152.997726951588,-27.513924382563],[152.997721981595,-27.5138703825621],[152.997725961601,-27.5138213725621],[152.997736951608,-27.5137523825627],[152.997800931614,-27.5136543725683],[152.99784294162,-27.5135693825719],[152.997926971617,-27.5135223725799],[152.997949961619,-27.513487372582],[152.997985951631,-27.5133623825846],[152.998004931639,-27.5132763825858],[152.998014971653,-27.5131583925859],[152.998055961715,-27.5126293825858],[152.998104941757,-27.5122563825878],[152.998119941769,-27.5121473825884],[152.998153961776,-27.5120693825912],[152.998174951782,-27.5119973825928],[152.998187941803,-27.5118233725927],[152.998171961847,-27.5114883725884],[152.998173961856,-27.5114163725881],[152.998160931868,-27.5113313825861],[152.998158961877,-27.5112643725854],[152.998150971887,-27.511191372584],[152.998151951896,-27.5111153725835],[152.9982119619,-27.5110333825888],[152.998244921907,-27.5109503725915],[152.998281931912,-27.5108793725946],[152.998376901919,-27.5107463726031],[152.998425921925,-27.5106553726073],[152.998543931935,-27.5104723726177],[152.998591931944,-27.5103623726216],[152.998718911958,-27.5101443826327],[152.998799901974,-27.5099463826392],[152.998820931984,-27.5098463926405],[152.998850931991,-27.5097663726429],[152.998890931996,-27.5096963726464],[152.998977952002,-27.5095723826541],[152.999032922008,-27.5094743726589],[152.999214942034,-27.5091173726743],[152.99924692204,-27.5090413826769],[152.999293932052,-27.5089063826805],[152.999336932054,-27.5088543826844],[152.999389892065,-27.5087213826887],[152.999430882071,-27.5086383526922],[152.999518042081,-27.5084864926997],[152.999609912093,-27.5083113727075],[152.999728862107,-27.5081013527178],[152.999878882121,-27.5078583627309],[152.999994912125,-27.5077283627415],[153.00001689213,-27.5076693627433],[153.000066892134,-27.5075993627477],[153.000132882135,-27.5075303527538],[153.000239902142,-27.5073873727634],[153.000278882146,-27.5073223627668],[153.000313882152,-27.5072433627697],[153.000333892159,-27.5071733627711],[153.000344872167,-27.5071003627717],[153.000459052184,-27.5068644427813],[153.001232412191,-27.5061531928532],[153.001341982185,-27.5061064128638],[153.001443162177,-27.5060814728738],[153.001627122167,-27.5060074028916],[153.002168922136,-27.5057934829443],[153.002590132115,-27.505597452985],[153.002792092106,-27.5055004430045],[153.002871992102,-27.5054574130121],[153.0029461621,-27.5054104430192],[153.0030070021,-27.5053644530249],[153.003176912096,-27.5052484330411],[153.003237022097,-27.5051894730466],[153.003324152097,-27.5051114630547],[153.003399012096,-27.5050614230618],[153.00359487209,-27.5049404430806],[153.003684152086,-27.5048924730891],[153.003770912081,-27.5048624130976],[153.003878912075,-27.5048194031081],[153.004053162064,-27.504754433125],[153.00424902205,-27.5047004331443],[153.005669201955,-27.5042454732831],[153.005732201949,-27.5042324132893],[153.005841991945,-27.5041774332999],[153.005916121942,-27.504131443307],[153.005993911939,-27.5040884333144],[153.006073111939,-27.5040234433219],[153.006151951937,-27.5039744933294],[153.00636292192,-27.5039254233502],[153.006470191915,-27.5038764733605],[153.007097041879,-27.5036284434215],[153.007332031858,-27.5035964834448],[153.00742314185,-27.5035804534538],[153.007602021836,-27.5035414034714],[153.007676921829,-27.5035304134789],[153.007734851821,-27.5035454534848],[153.007863031799,-27.5036054834981],[153.007991921779,-27.5036583935115],[153.00804988177,-27.5036763935174],[153.008121161762,-27.5036804535246],[153.008192081757,-27.5036634535316],[153.008282051751,-27.5036314035404],[153.008373161746,-27.5035974735492],[153.00846317174,-27.503567413558],[153.008747171718,-27.5034964135859],[153.00884295171,-27.5034834435955],[153.008989101693,-27.5034894736102],[153.00916587168,-27.5034424136275],[153.009376111662,-27.5034084836484],[153.009467171653,-27.5034004736574],[153.009584191643,-27.503376443669],[153.009683181637,-27.5033414236786],[153.009749061633,-27.503314423685],[153.009939881623,-27.5032314337035],[153.010164871606,-27.5031774337257],[153.010312111593,-27.5031544037402],[153.010416871583,-27.5031484637507],[153.010741971554,-27.5030944637829],[153.010844211545,-27.5030854737931],[153.010873011542,-27.503085473796],[153.010921951536,-27.5030884338009],[153.01097992153,-27.5030824038067],[153.011055141522,-27.5030814238142],[153.011140111515,-27.5030704338226],[153.011223991508,-27.5030544138309],[153.01142704149,-27.5030224638511],[153.01177587146,-27.5029594638856],[153.011914131447,-27.5029514538994],[153.012117181424,-27.5029554139198],[153.012224091413,-27.5029554139305],[153.0123219814,-27.5029724139405],[153.012435021387,-27.5029774639518],[153.012522881379,-27.5029694539606],[153.012594161371,-27.5029704439678],[153.012688121359,-27.5029854839773],[153.01278389135,-27.5029774639868],[153.012819151345,-27.5029854839904],[153.012926061335,-27.5029724140011],[153.013162941313,-27.5029464040246],[153.013308031297,-27.5029534340392],[153.013414981286,-27.5029444240499],[153.013535901275,-27.5029264240619],[153.013635981267,-27.5029054640718],[153.013745081259,-27.5028804340825],[153.013845861251,-27.5028544240924],[153.013948091245,-27.5028144641024],[153.014046021237,-27.5027994441121],[153.014136031229,-27.502782444121],[153.014224951224,-27.5027494041296],[153.014317111217,-27.5027244841387],[153.014445991206,-27.5026984741514],[153.014545021197,-27.5026894641613],[153.014659121187,-27.5026724641726],[153.014741901181,-27.5026454541807],[153.014823991173,-27.5026434741889],[153.014906071165,-27.5026344841971],[153.014991011159,-27.5026084642054],[153.015050071156,-27.5025864142111],[153.015304951133,-27.5025464542364],[153.015390981127,-27.5025224242448],[153.015531031114,-27.5025094542588],[153.015605201107,-27.5024954342661],[153.015686921099,-27.5024904742743],[153.015757111094,-27.5024734742812],[153.015830181087,-27.5024674442885],[153.015888871082,-27.5024544742943],[153.015955121076,-27.5024444843008],[153.016028191071,-27.502422434308],[153.016091191066,-27.5024084843142],[153.016157071061,-27.5023964243207],[153.016235191053,-27.5023894143285],[153.016361181043,-27.5023594443409],[153.016424221038,-27.5023514343472],[153.01649189103,-27.502350434354],[153.016545871028,-27.5023244243592],[153.016708961014,-27.5022964243753],[153.016953030992,-27.5022644843995],[153.017046980983,-27.5022554844089],[153.01720901097,-27.5022174144249],[153.017391140955,-27.5021824144429],[153.017503120946,-27.5021574744539],[153.01759094094,-27.5021344444625],[153.017754020928,-27.5020854744785],[153.01785414092,-27.5020684744884],[153.018096030901,-27.5020104145122],[153.018216990892,-27.5019753945241],[153.018341890884,-27.5019334545363],[153.018457090875,-27.5019054645476],[153.018605060866,-27.5018534445621],[153.018759890856,-27.5018034245772],[153.018870050847,-27.5017824445881],[153.018947100842,-27.5017504045956],[153.019039960836,-27.5017174746047],[153.019236140823,-27.5016594146239],[153.019431960811,-27.5015824546429],[153.019541060806,-27.5015294546535],[153.019655200799,-27.5014904746646],[153.019780100793,-27.5014294646767],[153.020024910786,-27.5012804247001],[153.020177190783,-27.5011724247145],[153.020254970781,-27.5011244547219],[153.020316870781,-27.5010684747277],[153.020364030782,-27.501021404732],[153.020428120781,-27.5009724447381],[153.020496890783,-27.5009043947445],[153.020559890782,-27.5008534647504],[153.020604130786,-27.5007814647542],[153.020621060791,-27.5007294447555],[153.020626140796,-27.5006894847557],[153.020621060814,-27.5005504347541],[153.020607010826,-27.5004694447521],[153.020587960836,-27.5004054547496],[153.020572120842,-27.5003694547478],[153.020517040867,-27.5002194147411],[153.020450060893,-27.5000704747331],[153.020402210913,-27.4999474247274],[153.02033092094,-27.499795434719],[153.020306070953,-27.4997154247159],[153.020275110967,-27.4996344047122],[153.020249200982,-27.4995344147088],[153.020194121008,-27.499374414702],[153.02017288102,-27.4993004246993],[153.020137981036,-27.4991984546949],[153.020114191049,-27.4991154846919],[153.020082181061,-27.4990494246882],[153.020047941076,-27.498960394684],[153.020027101087,-27.4988914646814],[153.019988191102,-27.4988074046768],[153.019956141116,-27.4987194746729],[153.019902851144,-27.4985454046662],[153.019820071182,-27.4983164546561],[153.019799191196,-27.4982254646532],[153.019767871207,-27.4981594046496],[153.019722871223,-27.4980734546444],[153.019691921235,-27.4980064046408],[153.01962206126,-27.4978674346326],[153.019588951272,-27.4977974346288],[153.019565191284,-27.4977274146258],[153.01950292131,-27.4975694546183],[153.019474121324,-27.4974844146148],[153.019450001337,-27.4974054746117],[153.019417951347,-27.4973493946081],[153.019395981356,-27.4973004446055],[153.01936791137,-27.4972084646019],[153.019349181384,-27.4971194645993],[153.019322171396,-27.4970464645961],[153.019297021403,-27.4970104645932],[153.019281181414,-27.4969364845911],[153.019254871428,-27.4968454045877],[153.019214941442,-27.4967674645831],[153.019185041453,-27.4967054545796],[153.019154051464,-27.496647394576],[153.019128141473,-27.496595464573],[153.019110871482,-27.4965444445709],[153.01909000149,-27.4964974545684],[153.019005021521,-27.4963264645585],[153.018970131534,-27.4962464445544],[153.018948161545,-27.4961834545517],[153.018921881553,-27.4961414245487],[153.018886951563,-27.4960934545449],[153.018863911574,-27.496024434542],[153.018800221597,-27.4958944645346],[153.01875412161,-27.4958344345295],[153.018708061619,-27.4957974545246],[153.018657981632,-27.495735444519],[153.01852910166,-27.4956284145053],[153.018484101666,-27.4956194245007],[153.018433001673,-27.4956034044954],[153.01834518169,-27.4955424644861],[153.018326051696,-27.495512424484],[153.018309881703,-27.4954764244821],[153.018255171719,-27.4953964144759],[153.018191071734,-27.495329444469],[153.018134941751,-27.4952374544626],[153.017945901796,-27.4950424344421],[153.017880061814,-27.4949564844348],[153.017796141835,-27.4948644244257],[153.017711171854,-27.4947824344165],[153.017635951871,-27.4947174444084],[153.017372091932,-27.4944594243799],[153.017288211952,-27.4943664443708],[153.017038002007,-27.4941474743439],[153.016955912027,-27.494059454335],[153.016896132044,-27.4939734043283],[153.016830982059,-27.4939094143213],[153.016721182086,-27.4937874843093],[153.016652092101,-27.4937334843019],[153.016591942115,-27.4936744342954],[153.016527882131,-27.4935954142884],[153.016451192148,-27.4935294442802],[153.016374142165,-27.4934564642719],[153.016328082177,-27.4934054242668],[153.016262932192,-27.4933404542598],[153.016171132215,-27.4932364042497],[153.016121092224,-27.4932084142445],[153.016056992238,-27.4931514542376],[153.015870152275,-27.4930174342178],[153.015661002319,-27.4928474241955],[153.015573152338,-27.4927724641861],[153.015479202355,-27.4927144041762],[153.015389192373,-27.4926494141666],[153.01529918239,-27.4925944341572],[153.015105872425,-27.4924814741369],[153.015024882438,-27.4924484541285],[153.014925862453,-27.4924114741183],[153.014709162483,-27.4923544040961],[153.014593962501,-27.4923144440842],[153.014501072514,-27.4922864440747],[153.014406022526,-27.492277454065],[153.014302002542,-27.4922394740543],[153.014077012573,-27.4921844740313],[153.013861012606,-27.492102414009],[153.013727092626,-27.4920604739952],[153.013611162643,-27.4920204139833],[153.013310922688,-27.4919234739524],[153.013187072705,-27.4918964839397],[153.013053882723,-27.4918654239261],[153.012963872735,-27.491849423917],[153.012869882748,-27.4918204339073],[153.012754002762,-27.4918114438956],[153.012545182791,-27.4917554638742],[153.012512072797,-27.4917384438707],[153.012480032803,-27.4917154138674],[153.012379952822,-27.4916574438569],[153.012313012832,-27.4916284538499],[153.012275922837,-27.4916194638461],[153.012167922855,-27.4915744538349],[153.012122912861,-27.4915614138303],[153.012080062867,-27.4915494438259],[153.011937162883,-27.4915464638116],[153.011900082888,-27.4915404338078],[153.011830952894,-27.4915514238009],[153.011749962903,-27.4915464637928],[153.011694882908,-27.4915544737873],[153.011639072914,-27.4915514237817],[153.011449012935,-27.4915514237626],[153.011339912948,-27.4915374737516],[153.011266112956,-27.4915374737442],[153.011213192963,-27.4915294637388],[153.011100882974,-27.4915354037276],[153.010905052997,-27.4915244337078],[153.010781213008,-27.4915434136956],[153.010690143015,-27.4915623936866],[153.01063503302,-27.4915684236811],[153.010457203034,-27.4916104536636],[153.010402123037,-27.4916354836583],[153.010345983041,-27.4916464636527],[153.010299153044,-27.4916624836481],[153.01012202306,-27.4916874136306],[153.010068033064,-27.4917004436252],[153.010020043068,-27.4917094536205],[153.009997043072,-27.4917044336182],[153.009995043072,-27.491705433618],[153.009990043072,-27.4917054336175],[153.009973033074,-27.4917024436157],[153.009954053076,-27.4917024436138],[153.009948023077,-27.4917034436132],[153.009942043077,-27.4917054336127],[153.009935033078,-27.491709453612],[153.009929043076,-27.4917254336115],[153.009923023076,-27.4917304536109],[153.009916013077,-27.4917284536102],[153.009899043081,-27.4917134436084],[153.009895033082,-27.491711453608],[153.009890033082,-27.4917114536075],[153.009877033082,-27.4917244336063],[153.009871053082,-27.4917324436057],[153.009868023081,-27.4917424336055],[153.00986502308,-27.4917464536052],[153.009833013083,-27.4917534436021],[153.009828053084,-27.4917534436016],[153.009816043084,-27.4917564436004],[153.009811043085,-27.4917564435999],[153.009800023086,-27.4917594435988],[153.009790023087,-27.4917604335978],[153.009798043088,-27.4917404435985],[153.009776043092,-27.4917334435962],[153.009747023096,-27.4917274535933],[153.009669023104,-27.4917234335854],[153.009650043107,-27.4917164435834],[153.009621023111,-27.4917154435805],[153.009565033116,-27.4917204435749],[153.009553023117,-27.4917224435738],[153.009533023119,-27.4917274535718],[153.009516053117,-27.4917514435703],[153.009489043118,-27.4917684435677],[153.009440023123,-27.4917714435628],[153.009426043124,-27.4917734435614],[153.009381033128,-27.491782453557],[153.009341033132,-27.491783453553],[153.009284023138,-27.4917814335472],[153.009240033142,-27.4917914435429],[153.009150023151,-27.4917934435339],[153.009095023158,-27.4917894435283],[153.009048043161,-27.4918034535237],[153.009000053163,-27.4918314435191],[153.008951033165,-27.4918574535144],[153.008896023171,-27.4918544335089],[153.008842043175,-27.4918704335036],[153.008740023183,-27.4918904334935],[153.008688043188,-27.4918944534883],[153.008597013197,-27.4918984434792],[153.008549643201,-27.4919133434746],[153.008482623206,-27.491926343468],[153.008420613212,-27.4919323434618],[153.008353633218,-27.4919413534552],[153.008302643223,-27.4919493434501],[153.008244613227,-27.4919643434444],[153.00819661323,-27.4919813434397],[153.008146643234,-27.4919903334348],[153.00808860324,-27.491994353429],[153.007974653254,-27.4919833434175],[153.007923623259,-27.4919863434124],[153.007869643263,-27.491995353407],[153.007784673269,-27.4920213433987],[153.00776766327,-27.4920333533971],[153.007757703269,-27.4920443433962],[153.007755653266,-27.4920743433962],[153.007758683264,-27.4920883533966],[153.007629693269,-27.4921573333843],[153.007593663272,-27.4921603533807],[153.007557683275,-27.4921673433771],[153.00752566328,-27.4921593533738],[153.007506693284,-27.4921383333718],[153.00747066329,-27.4921273433681],[153.007384673301,-27.4921123433593],[153.007349663304,-27.4921183433559],[153.007298673307,-27.4921343433509],[153.007265683309,-27.4921473433477],[153.007246663309,-27.4921653433459],[153.007214683311,-27.4921793533428],[153.00712267332,-27.4921813633336],[153.007026673332,-27.4921723633239],[153.006914663342,-27.4921893633128],[153.006845673347,-27.492204363306],[153.006760663354,-27.4922193632976],[153.006716643358,-27.4922243632932],[153.00670168336,-27.4922263632917],[153.006306023402,-27.492231443252],[153.00611702342,-27.4922494432332],[153.005804033447,-27.4922964332022],[153.005717023453,-27.4923274431937],[153.005684023456,-27.4923294431904],[153.005636023462,-27.4923234431856],[153.005407023486,-27.4923254431626],[153.005306033496,-27.4923344331526],[153.005225033503,-27.4923474431445],[153.005102033516,-27.4923534331322],[153.005035013522,-27.4923614431256],[153.004900043535,-27.4923694431121],[153.004256033598,-27.4924184430479],[153.003706013652,-27.4924584429931],[153.003543043664,-27.4925064529771],[153.002620033763,-27.4925024328845],[153.002341023769,-27.492693442858],[153.002259043781,-27.4926744528496],[153.00198004382,-27.4925984528211],[153.001913023828,-27.4925944328143],[153.001838023835,-27.4925994528068],[153.001691033851,-27.4925974527921],[153.001630043858,-27.4925944327859],[153.001485023872,-27.4926054427715],[153.001383043884,-27.4925984527612],[153.001179043905,-27.4926044427408],[153.001077033917,-27.4925984527305],[153.000979023933,-27.4925594527204],[153.000877043945,-27.4925514427101],[153.000875043942,-27.4925764327101],[153.000834053947,-27.4925724427059],[153.000774043954,-27.4925604526998],[153.00072904396,-27.4925574326953],[153.000622023974,-27.4925354426844],[153.00057201398,-27.4925304426793],[153.000551033983,-27.4925274426772],[153.000471023992,-27.4925234526691],[153.000423023998,-27.4925174426643],[153.000316044011,-27.4924984426534],[153.000269034017,-27.4924934426486],[153.00016803403,-27.4924774426384],[153.000119054036,-27.4924734426334],[153.000066014042,-27.4924714426281],[152.999996044047,-27.4924894526212],[152.999960024049,-27.4925034526177],[152.999911044055,-27.4924994326128],[152.999708024078,-27.4924874525923],[152.999684044081,-27.4924844325899],[152.999626044088,-27.4924804425841],[152.999579034094,-27.4924744425793],[152.999527024101,-27.492461442574],[152.999486034108,-27.4924364425697],[152.999436864113,-27.4924394625648],[152.999334994124,-27.4924414425546],[152.999317004126,-27.4924424225528],[152.999202024141,-27.492417442541],[152.999088034157,-27.4923924525294],[152.999048034163,-27.4923744525253],[152.99899704417,-27.4923634425201],[152.998953024177,-27.4923474425155],[152.998912034184,-27.4923274425112],[152.998798044202,-27.4922794324994],[152.998624054226,-27.4922424324817],[152.998583024231,-27.4922374424775],[152.998562034234,-27.4922264524754],[152.998522034243,-27.4921944424711],[152.998452024254,-27.4921624424638],[152.998438044257,-27.4921544524623],[152.998367054267,-27.492129442455],[152.998309014277,-27.492106442449],[152.998258024284,-27.4920874424438],[152.99821904429,-27.4920794524398],[152.998148054301,-27.4920464424324],[152.99811403431,-27.4920054524287],[152.998054024321,-27.4919674524224],[152.998020044329,-27.4919404424187],[152.997970044337,-27.4919134524135],[152.997893024349,-27.4918874424056],[152.997818024361,-27.4918514423978],[152.997719034377,-27.4918114423875],[152.997685054383,-27.491796442384],[152.997637054389,-27.4917854523791],[152.997570034395,-27.4917944423725],[152.997479814401,-27.4918284223637],[152.997415824407,-27.4918314423573],[152.997322824415,-27.4918514423481],[152.997222854424,-27.4918644423382],[152.997112034436,-27.4918624423271],[152.997003044452,-27.4918294423159],[152.996948044461,-27.4918054423102],[152.996855044478,-27.4917494523004],[152.996823034484,-27.491725432297],[152.996797044493,-27.491678442294],[152.996782044499,-27.4916394422922],[152.996756054509,-27.4915884422892],[152.996721044528,-27.4914624422847],[152.996653054553,-27.4913214522768],[152.996627024563,-27.4912694422738],[152.996587024575,-27.4912034422692],[152.996567014579,-27.4911924522671],[152.996436024606,-27.4910924422532],[152.996387034616,-27.4910494422479],[152.996326044631,-27.4909864522413],[152.996228914653,-27.4908934322309],[152.996191104663,-27.4908444622267],[152.996150074674,-27.4907974022222],[152.99612080468,-27.490769432219],[152.996089854688,-27.4907374422157],[152.996059044697,-27.4906854422122],[152.996027034705,-27.4906504322087],[152.995937024717,-27.4906354521996],[152.995895014722,-27.4906304421953],[152.995847024729,-27.4906154321904],[152.995767044741,-27.4905924421822],[152.995667034755,-27.4905654421719],[152.995566044769,-27.4905394321616],[152.995462014783,-27.490518442151],[152.995362044797,-27.4904914521408],[152.995230024816,-27.4904524521272],[152.995193054822,-27.4904324521234],[152.995070044849,-27.4903254421102],[152.995043034857,-27.4902854521072],[152.994989054868,-27.4902404421014],[152.994961014878,-27.4901884320982],[152.994925034887,-27.4901504320943],[152.994892034896,-27.4901024520906],[152.994861044902,-27.4900814520873],[152.994798844916,-27.4900244520806],[152.994744024929,-27.4899714520747],[152.994703034937,-27.4899444420704],[152.994631864955,-27.4898574520625],[152.994593064969,-27.489778422058],[152.994608214975,-27.4897164120591],[152.994609994978,-27.4896924720591],[152.994585874986,-27.4896514320563],[152.994576164996,-27.4895804120548],[152.994559955004,-27.4895334420528],[152.994552035014,-27.4894614420514],[152.994553095016,-27.4894444420514],[152.994562145017,-27.4894244620521],[152.994554195019,-27.4894134720513],[152.994550975021,-27.4894014120508],[152.994529005028,-27.4893674820484],[152.994522875033,-27.4893334620475],[152.994485055052,-27.4892174420428],[152.994455935073,-27.4890704820387],[152.994444035079,-27.4890324120372],[152.994438995085,-27.4889924520364],[152.994492355093,-27.4888865320409],[152.994578025094,-27.4888034520488],[152.994598025106,-27.4886894320499],[152.994442025157,-27.4884184520321],[152.994420055189,-27.4881824420281],[152.994399025203,-27.4880924420253],[152.994419035223,-27.4879124320259],[152.994552035248,-27.4876034520367],[152.994555835253,-27.4875614720368],[152.994628835264,-27.4874094720429],[152.994660805271,-27.4873274620455],[152.994695815281,-27.4872174620481],[152.994716835285,-27.4871714720498],[152.994725855289,-27.4871284820504],[152.994749835297,-27.4870454720522],[152.994766835306,-27.4869574620532],[152.994780815311,-27.4869094820542],[152.994784835313,-27.4868904820544],[152.994785855316,-27.4868624720543],[152.994792825324,-27.4867974820545],[152.994798845327,-27.4867684720549],[152.99480983533,-27.4867354620557],[152.99481600533,-27.4867234820562],[152.994826845332,-27.4867024820572],[152.994857835334,-27.4866564720599],[152.99487385534,-27.486597472061],[152.994884805345,-27.4865484720618],[152.994885825349,-27.4865174820616],[152.994894845354,-27.4864684720621],[152.994894845359,-27.4864304720618],[152.994900835362,-27.4863974720622],[152.994910835365,-27.4863654620629],[152.994905835369,-27.4863374720622],[152.994922845374,-27.4862894720635],[152.994932805378,-27.4862494720642],[152.994968835384,-27.4861724720672],[152.994987815388,-27.4861204720687],[152.995000805393,-27.4860734820696],[152.995023835396,-27.4860284720716],[152.995033835399,-27.4859904720723],[152.995049865407,-27.4859194720733],[152.995046835425,-27.4857804820719],[152.995050845429,-27.4857444720721],[152.995052815436,-27.4856834620718],[152.995060815442,-27.4856264620721],[152.995060815453,-27.4855454720715],[152.99532879548,-27.4850984720948],[152.995401795474,-27.485082472102],[152.995442815472,-27.485065472106],[152.995496805469,-27.4850414721112],[152.995544805469,-27.4850054721157],[152.995598825469,-27.4849594621208],[152.995693795469,-27.4848734821296],[152.995777815472,-27.4847794821373],[152.995851035473,-27.4847124321441],[152.995904035474,-27.484660452149],[152.996083025515,-27.4841834421632],[152.995984775539,-27.4840724621525],[152.996053825546,-27.4839564721585],[152.996127775553,-27.483837482165],[152.996231805566,-27.4836514821739],[152.996293745572,-27.4835511021793],[152.996342805576,-27.4834774721837],[152.99646076559,-27.4832644821938],[152.996499755593,-27.4832024621972],[152.996543765597,-27.4831394722012],[152.996576765601,-27.483074462204],[152.996611765605,-27.483016462207],[152.996641775609,-27.4829594722096],[152.996665785613,-27.4829094822116],[152.996743755621,-27.4827784622184],[152.996753795628,-27.4827144722189],[152.996774775632,-27.4826624722205],[152.996800765634,-27.4826234722228],[152.996861795637,-27.4825484722284],[152.996880005639,-27.4825135422299],[152.99688475564,-27.4825044822303],[152.996907745642,-27.4824714722324],[152.996937785643,-27.4824374722351],[152.99696476565,-27.4823614722372],[152.99699877565,-27.4823304722404],[152.997017795653,-27.482288472242],[152.997017795659,-27.4822434822416],[152.997057765662,-27.4821844622451],[152.997082765665,-27.4821384722473],[152.997133795669,-27.4820624722518],[152.997213765678,-27.4819264622588],[152.997252745679,-27.4818794722623],[152.997348735687,-27.4817344722708],[152.99736775569,-27.4816944722724],[152.997390785693,-27.4816514822743],[152.997417765696,-27.4816064522767],[152.997436745696,-27.4815874522784],[152.997463755699,-27.4815424622808],[152.997542735714,-27.4813574622872],[152.99758974572,-27.4812714522913],[152.997710925728,-27.4811066423021],[152.998021655748,-27.48068411233],[152.998306755766,-27.4802964523555],[152.998330735769,-27.4802524523575],[152.998364715771,-27.4802044523606],[152.998389755774,-27.4801584623627],[152.998449765778,-27.4800774423681],[152.998506735781,-27.4800084623732],[152.998583245783,-27.4799241123802],[152.999190715802,-27.4792544524359],[152.999244695802,-27.479213462441],[152.999325725803,-27.4791294524484],[152.999415695803,-27.4790584424569],[152.999446725804,-27.4790224424597],[152.999562725806,-27.4789094524705],[152.999608675806,-27.4788684524747],[152.999642695807,-27.4788304524779],[152.999742445809,-27.4787311624871],[153.000129205816,-27.4783462325228],[153.00036652582,-27.4781100425447],[153.000612355825,-27.4778653825675],[153.00091468583,-27.4775644625954],[153.000953695831,-27.477524442599],[153.000986655832,-27.477485442602],[153.001003665834,-27.4774554626035],[153.001024655835,-27.4774294526054],[153.001102695834,-27.4773734526128],[153.001217665831,-27.4772994526237],[153.001265705831,-27.4772604526282],[153.001311655831,-27.4772214526325],[153.001376625833,-27.4771474526384],[153.001443635835,-27.4770774526446],[153.001865655847,-27.4766174326833],[153.001998655854,-27.4764544426953],[153.002062645853,-27.4764084327014],[153.002107645854,-27.4763574327055],[153.002300625847,-27.476253442724],[153.002434645844,-27.4761614427367],[153.002460635844,-27.4761384427392],[153.002492615848,-27.4760804227419],[153.002778045841,-27.4758944527691],[153.00296003584,-27.4757444527861],[153.003095045841,-27.4756214427987],[153.003264035836,-27.4755174328148],[153.003369045842,-27.4753784428243],[153.003502015845,-27.4752424328365],[153.003591045856,-27.4750784528442],[153.003741025865,-27.4748774528576],[153.003896035835,-27.474984452874],[153.00428804585,-27.4745384329098],[153.004130185879,-27.4744424228932],[153.005351035888,-27.4733294430069],[153.005454035887,-27.4732524430166],[153.005743045886,-27.4730124430437],[153.007485515872,-27.4716363932076],[153.007717515868,-27.4714713932296],[153.007757515869,-27.4714333932333],[153.007867495867,-27.4713504032436],[153.007963525867,-27.4712713932527],[153.008124455868,-27.4711294032677],[153.008266475866,-27.4710204032811],[153.008345495867,-27.4709484032884],[153.008619025865,-27.4707314533141],[153.008952455863,-27.4704624033455],[153.008968475865,-27.4704284033468],[153.009105065866,-27.4703054833595],[153.009215185866,-27.4702124333698],[153.009371075862,-27.4701154033847],[153.009409985862,-27.4700764433883],[153.009510025857,-27.470033413398],[153.009533065858,-27.4700044334001],[153.009552875857,-27.4700004734021],[153.009597155856,-27.4699704134063],[153.009782205855,-27.4698194934236],[153.00990316585,-27.4697524334352],[153.00996795585,-27.4696994234413],[153.010050045849,-27.4696394834491],[153.010227875843,-27.4695334634661],[153.010303135842,-27.4694754134732],[153.01043705584,-27.4693784934858],[153.010568095834,-27.4693144034985],[153.010610945835,-27.4692714635024],[153.010662045832,-27.4692504135074],[153.01077687583,-27.4691664435182],[153.010857175828,-27.4691164035259],[153.010898925825,-27.46910741353],[153.010937065824,-27.4690824735337],[153.010970215821,-27.469079423537],[153.011159175815,-27.468961423555],[153.011260025811,-27.4689114435647],[153.011546035797,-27.4687794435924],[153.011594035797,-27.4687324535968],[153.011742035787,-27.4686894436113],[153.011789895782,-27.4686904336161],[153.011924905769,-27.4686744136295],[153.011965965767,-27.4686573936335],[153.012010975764,-27.4686444436379],[153.01206101576,-27.4686354336429],[153.012125075756,-27.4686114036491],[153.012190955753,-27.4685804536555],[153.012238145752,-27.4685424736599],[153.012284215751,-27.4685164636643],[153.01233315575,-27.468483443669],[153.012440065749,-27.468394423679],[153.012783895736,-27.468204443712],[153.012795025735,-27.4682014637131],[153.012868105731,-27.4681714037202],[153.012927155727,-27.468153403726],[153.013008155721,-27.468135403734],[153.013065055717,-27.4681174037395],[153.013107145713,-27.4681114637437],[153.013146045711,-27.4680944637475],[153.013207955707,-27.4680764637535],[153.013260145703,-27.4680654737587],[153.013351945698,-27.4680264137676],[153.013403085696,-27.4679994037725],[153.013459945693,-27.467976463778],[153.01355320569,-27.4679174137869],[153.013588105689,-27.4678984337903],[153.013673075683,-27.4678724237986],[153.013737165677,-27.4678604538049],[153.013800895673,-27.4678374238111],[153.013872145667,-27.4678254538182],[153.013917185662,-27.4678274338227],[153.013949195659,-27.4678244538259],[153.013994205656,-27.4678144638304],[153.014084205645,-27.4678254538395],[153.014147935636,-27.467836423846],[153.01418713563,-27.46785442385],[153.014314965614,-27.467871443863],[153.014463995597,-27.467882413878],[153.014528085591,-27.4678764738844],[153.014565865586,-27.4678814338883],[153.01462422558,-27.4678814338941],[153.014682155574,-27.4678754738999],[153.014740115569,-27.4678644139056],[153.014790885565,-27.4678584739106],[153.014880895556,-27.4678524439196],[153.014939185552,-27.4678344439253],[153.015034965546,-27.4677944839346],[153.015346055521,-27.4677324539654],[153.016069955455,-27.4676374340373],[153.016402035424,-27.4676044540703],[153.016503025412,-27.4676094440805],[153.016688045391,-27.4676234540992],[153.016885035364,-27.4676644441193],[153.01705702534,-27.4677144541369],[153.017221015314,-27.4677774441539],[153.017367015291,-27.467838444169],[153.017516045264,-27.4679214541846],[153.017638035242,-27.4679974441974],[153.017763045217,-27.4680874542107],[153.017864035195,-27.4681774542216],[153.017957045173,-27.4682684542316],[153.018115045134,-27.4684444442488],[153.018325035082,-27.4686774542718],[153.018484495043,-27.4688512942891],[153.018713024987,-27.469100434314],[153.018770044974,-27.4691564543202],[153.018914034943,-27.4692824343357],[153.019025034921,-27.4693564343474],[153.019116024905,-27.4694044443569],[153.019309034873,-27.469498444377],[153.019735024782,-27.4698574344226],[153.020033054721,-27.4700844544543],[153.020199014688,-27.470209434472],[153.020364034659,-27.4703004344892],[153.02055905463,-27.4703604545093],[153.020718044598,-27.4704794445262],[153.021467024432,-27.4711604446067],[153.021646024392,-27.471325454626],[153.022175014268,-27.4718584546833],[153.02211701423,-27.4722094546803],[153.022290024181,-27.4724504546995],[153.02265404408,-27.4729414447399],[153.023623043809,-27.4742644548477],[153.0238710238,-27.4741244448715],[153.02466804357,-27.4752664449605],[153.025340043379,-27.4762084550354],[153.025619043305,-27.4765564550661],[153.025866043237,-27.4768894550936],[153.026164023162,-27.4772264551262],[153.027069042915,-27.4784124452264],[153.027178032888,-27.4785394452383],[153.027327022857,-27.4786574452542],[153.027481022832,-27.4787234552702],[153.027602022816,-27.4787494452825],[153.028173022661,-27.4794874453457],[153.028448012664,-27.4792344453713],[153.028506052655,-27.4792544353773],[153.028824042604,-27.4793894554103],[153.029084022567,-27.479462455437],[153.02930204254,-27.4794894454591],[153.029540022514,-27.479493445483],[153.029752052494,-27.4794694455041],[153.029906042482,-27.4794344455193],[153.030326052432,-27.4794734455618],[153.030392042428,-27.4794464555682],[153.030423032432,-27.4793884555708],[153.030410032443,-27.479317455569],[153.030463032442,-27.4792734355739],[153.030555052438,-27.4792284455828],[153.030747042437,-27.4790744556009],[153.030763022436,-27.4790704356024],[153.030885042419,-27.4791024456149],[153.031245042419,-27.4787904456486],[153.031226032432,-27.478704455646],[153.031291032439,-27.4785974456517],[153.031427032434,-27.4785224456648],[153.031541022435,-27.4784124456753],[153.031791052461,-27.4779934456971],[153.031794042468,-27.477939445697],[153.031545042529,-27.4776634356698],[153.031653042545,-27.477445455679],[153.031684032555,-27.4773414456812],[153.031716042563,-27.4772554356838],[153.03172203257,-27.4771924456839],[153.031798022637,-27.4765974556868],[153.032697012557,-27.476464455776],[153.032473012737,-27.4752274557438],[153.031879013201,-27.472055445659],[153.03177904321,-27.4720704456491],[153.031537043424,-27.4705844556131],[153.031475033429,-27.4705934456069],[153.031233043571,-27.4696724355753],[153.031002033754,-27.4684244455423],[153.031118023809,-27.4678884455497],[153.03136203393,-27.466725445565],[153.031252023944,-27.4667014455538],[153.031411054024,-27.4659324455636],[153.031452044038,-27.4657924555666],[153.031351334061,-27.4656951255558],[153.031768024067,-27.4652934555944],[153.032040014102,-27.4647824456177],[153.032408044145,-27.4641284556495],[153.032576024146,-27.4639804556652],[153.033289044149,-27.4633464357318],[153.033820044151,-27.4628814357814],[153.033917034145,-27.4628464357909],[153.033981054143,-27.462811455797],[153.034457044115,-27.4626264558433],[153.034442044089,-27.4628464358436],[153.035302024015,-27.4626954459288],[153.035550043989,-27.4626964359537],[153.035983043942,-27.4626974359972],[153.03655302388,-27.4627034560545],[153.036792023851,-27.4627354360787],[153.037297043764,-27.4629934361315],[153.037376023746,-27.46306643614],[153.037573013701,-27.4632594561613],[153.037930023614,-27.4636444562002],[153.038352033477,-27.4643674562483],[153.038747043411,-27.4645554462894],[153.039249023243,-27.465463446347],[153.039609023181,-27.4656504463847],[153.039649023167,-27.4657231863893],[153.039661983163,-27.4657411863907],[153.039673993158,-27.4657751763922],[153.039681003153,-27.4658041863931],[153.039706003144,-27.465855186396],[153.03971899314,-27.4658781863975],[153.039738013135,-27.4659011763996],[153.039782983119,-27.4659931764048],[153.039814993109,-27.4660391864084],[153.039841013099,-27.4660961864115],[153.039866023092,-27.4661361864143],[153.039891973082,-27.4661881864173],[153.039946023051,-27.4663894464243],[153.039983033039,-27.4664564564286],[153.040028043019,-27.466570456434],[153.040083993001,-27.4666701664404],[153.040095972997,-27.4666871664418],[153.040102972994,-27.4667101664427],[153.040134982982,-27.4667731564464],[153.040174992966,-27.4668711664512],[153.040271022861,-27.4676154464667],[153.04033004282,-27.4678944464748],[153.040354022798,-27.4680444364784],[153.040389022785,-27.4681221564826],[153.040394972778,-27.4681691664835],[153.040406982772,-27.468209166485],[153.040418992761,-27.4682841664868],[153.040411982758,-27.4683121764864],[153.040418002753,-27.4683471564872],[153.04043100275,-27.4683591664886],[153.040443012743,-27.4684051664902],[153.040454982733,-27.468479166492],[153.040479982721,-27.4685491564951],[153.040511012705,-27.468652166499],[153.040522982695,-27.4687161565007],[153.040527982688,-27.4687731565017],[153.040541052656,-27.4690164465049],[153.040629012597,-27.4694071665168],[153.040753992553,-27.4696491665313],[153.040740992545,-27.4697241665306],[153.040672042539,-27.4698254565245],[153.040666022516,-27.4700174465254],[153.040681022489,-27.4702184465285],[153.04080899245,-27.4704211765429],[153.040841002436,-27.4704981665467],[153.040866992425,-27.4705651565499],[153.04098397238,-27.4708261565637],[153.04100598237,-27.4708841665664],[153.041042012359,-27.4709411665704],[153.041077012341,-27.4710541665748],[153.041089022336,-27.4710801565762],[153.04109701233,-27.4711211565774],[153.041157022306,-27.4712631565845],[153.0411739923,-27.4712941665865],[153.041199002286,-27.4713881665897],[153.041229982272,-27.4714661665935],[153.04127597225,-27.4716021565992],[153.041299992237,-27.4716861666022],[153.041321012229,-27.4717321566047],[153.041350982216,-27.4718121666083],[153.0413670022,-27.4719211666108],[153.041390772186,-27.4720103266139],[153.041425992167,-27.4721381566185],[153.041428002164,-27.4721571566188],[153.04147800214,-27.472302156625],[153.041483002135,-27.4723421566258],[153.041495992127,-27.4723881666275],[153.041521002117,-27.4724511566305],[153.041539982112,-27.4724751666326],[153.041582982089,-27.472619156638],[153.041639002066,-27.4727521566447],[153.04164499206,-27.4727921466456],[153.041657002053,-27.4728441366472],[153.041701022037,-27.4729311366524],[153.041739342017,-27.4730530966572],[153.041767992003,-27.4731441466608],[153.041786971995,-27.473190136663],[153.041818001985,-27.4732421466666],[153.041850011979,-27.47326613667],[153.041874981968,-27.473329146673],[153.041899981955,-27.4734101466761],[153.041926911939,-27.4735179766797],[153.041935971933,-27.4735541466809],[153.041954981924,-27.4736061466832],[153.041974001917,-27.4736471466854],[153.041993021911,-27.4736761366876],[153.042023971898,-27.4737571466913],[153.042049011889,-27.4738091466943],[153.04209197187,-27.4739241466995],[153.042134011854,-27.4740131467044],[153.042185991836,-27.4741091467104],[153.042205011828,-27.4741551367127],[153.042216031816,-27.4742421467144],[153.04224198181,-27.4742711467173],[153.042266981801,-27.4743171467202],[153.0422679718,-27.4743261467203],[153.042368891778,-27.4744175267312],[153.042410981768,-27.4744561467357],[153.042501021744,-27.4745671467456],[153.042538981734,-27.4746191367499],[153.042590011721,-27.4746781467555],[153.042641001709,-27.474730136761],[153.042729001689,-27.4748121467705],[153.042919971645,-27.4749981467912],[153.042963991635,-27.4750391467959],[153.043021001623,-27.475086146802],[153.043066011615,-27.4751151368067],[153.043109991606,-27.4751501468114],[153.043174011593,-27.4751911368182],[153.043237991582,-27.4752271368249],[153.043333991567,-27.4752621368348],[153.043391001559,-27.4752801368407],[153.043449001549,-27.4753101468467],[153.043506011541,-27.4753281468526],[153.043659971519,-27.4753651468684],[153.043903971487,-27.4754141168933],[153.044051001467,-27.4754501169083],[153.044127971458,-27.4754521169161],[153.044204991449,-27.4754591269239],[153.044282001439,-27.4754711169317],[153.044443011422,-27.4754731369479],[153.044506991414,-27.4754801269544],[153.044577001405,-27.4754921369615],[153.044647991398,-27.4754881169686],[153.044718981389,-27.4754941269758],[153.04498795136,-27.4754981270028],[153.045058941352,-27.47550511701],[153.045224951335,-27.4754969370266],[153.045341961323,-27.4754921370383],[153.045425951314,-27.4754931270468],[153.045482961309,-27.4754821270524],[153.0455739613,-27.4754721370615],[153.045656961292,-27.4754671370698],[153.045733971286,-27.4754511370774],[153.045817961278,-27.4754411470858],[153.045914941271,-27.4754191470953],[153.046107951253,-27.4753931371145],[153.046184971247,-27.4753771371221],[153.046287941239,-27.4753501471323],[153.046410981229,-27.4753291471445],[153.046687941209,-27.4752514271717],[153.046771961203,-27.4752251271799],[153.0468369312,-27.4751971371862],[153.047094911184,-27.4751031372114],[153.047191931178,-27.4750641172208],[153.047275921172,-27.4750421172291],[153.047585951153,-27.4749261272593],[153.047862911139,-27.4748041172862],[153.047940951136,-27.4747641172937],[153.048005921132,-27.4747421273001],[153.048066621129,-27.4747094573059],[153.048153921126,-27.4746641273143],[153.048231921121,-27.4746311273219],[153.048470931112,-27.4745021273449],[153.04862689111,-27.4743891273597],[153.048678901108,-27.4743611173647],[153.048879871103,-27.4742261273838],[153.049008901098,-27.4741541173962],[153.049076901095,-27.4741201174027],[153.049281921096,-27.4739391274219],[153.049340901095,-27.4738941174275],[153.049391891094,-27.4738601174323],[153.049443871092,-27.4738321274373],[153.049586881093,-27.4737021074507],[153.049632901092,-27.4736740974551],[153.049664911092,-27.4736461074581],[153.049698901091,-27.4736291074614],[153.04974788109,-27.473592107466],[153.049767881092,-27.4735581074677],[153.049799891092,-27.4735351074708],[153.049857891092,-27.4734841074762],[153.050057871091,-27.473324097495],[153.050231871091,-27.4731701075113],[153.050289871092,-27.4731121075167],[153.050366851091,-27.473061107524],[153.05043185109,-27.4730100975301],[153.050476891091,-27.4729641075343],[153.05060588109,-27.4728610975464],[153.050617861089,-27.4728610975476],[153.050656881086,-27.4728501075515],[153.050740861085,-27.4727870975594],[153.050766851086,-27.4727591075618],[153.050772871087,-27.4727421075623],[153.050740861094,-27.4727130975588],[153.050760861096,-27.4726841075606],[153.050830871095,-27.4726331075672],[153.05085690109,-27.47265010757],[153.05096986109,-27.4725501175805],[153.051153861089,-27.4724051075979],[153.05121186109,-27.4723471176032],[153.051268871089,-27.4723070976087],[153.051333881089,-27.4722500976147],[153.05139184109,-27.4721931076201],[153.051494841089,-27.4721131076298],[153.05164281109,-27.4719821076437],[153.05171384109,-27.4719251076503],[153.051784841091,-27.4718561076569],[153.05186886109,-27.4717941176649],[153.05191383109,-27.4717541176691],[153.05195168109,-27.4717169876726],[153.05238004102,-27.4719114377172],[153.052780041006,-27.4716804477556],[153.052514031073,-27.4713804577265],[153.052614041071,-27.471311447736],[153.052821031078,-27.4710774377549],[153.053112811103,-27.4706340677807],[153.053248811105,-27.4705030677934],[153.053403791105,-27.4703660778079],[153.053473801105,-27.4703090678144],[153.053551801106,-27.4702340678217],[153.053680831109,-27.4700970678336],[153.053757811109,-27.4700340778408],[153.05383581111,-27.4699600778481],[153.053983781114,-27.4698000678617],[153.054041811118,-27.4697200778669],[153.054239421124,-27.469509607885],[153.054490031102,-27.4694664479099],[153.054631031104,-27.469336447923],[153.054746041126,-27.4690594479324],[153.054796051147,-27.4688504479358],[153.054752031159,-27.4687914479309],[153.054758781167,-27.468724077931],[153.054759771185,-27.46858206793],[153.054740791222,-27.4683080679259],[153.054755751232,-27.4682130679267],[153.054767761264,-27.4679520679258],[153.054755751277,-27.4678590679239],[153.054733781285,-27.4678110679213],[153.054687751305,-27.4676900779157],[153.054652791318,-27.4676240679117],[153.054619751326,-27.467582067908],[153.054475761361,-27.4674270778923],[153.054417761379,-27.4673360778858],[153.054300781406,-27.4672230778731],[153.054143761444,-27.467055077856],[153.054085761459,-27.4669860778497],[153.05404977147,-27.4669330678456],[153.053976771493,-27.4668100678373],[153.053883771517,-27.4667000678271],[153.053811751534,-27.4666240678193],[153.053754781549,-27.466554057813],[153.053621041586,-27.4663744477981],[153.053184031694,-27.4658874477504],[153.052554041853,-27.4651704476814],[153.052250031928,-27.4648314576481],[153.052148051963,-27.4646444576364],[153.051721032065,-27.4641924475899],[153.051760022066,-27.4641534475935],[153.051563022129,-27.4638194475711],[153.05160504213,-27.463776457575],[153.051458012176,-27.4635404475583],[153.051372822194,-27.4634700975492],[153.051347782205,-27.4634070775462],[153.051341802209,-27.4633780975454],[153.051342782211,-27.4633610875454],[153.051277052245,-27.4631514475371],[153.051182772275,-27.4629911075263],[153.051160792288,-27.4629070975235],[153.051135762296,-27.4628661075206],[153.051082762316,-27.4627501075144],[153.051018772339,-27.4626211075069],[153.050975782358,-27.4625121075018],[153.050924792376,-27.4624111174958],[153.050877992387,-27.4623656774908],[153.050786822408,-27.4622751074809],[153.051104042409,-27.4619924475105],[153.051475022378,-27.4619244575473],[153.051264022542,-27.4608094375173],[153.051113752949,-27.4577151174777],[153.050696042993,-27.4577174474357],[153.050660013002,-27.4576774474318],[153.050676043031,-27.4574344474315],[153.050683053036,-27.4573904574318],[153.050721743049,-27.4572491174346],[153.050766053068,-27.4570624374376],[153.050834743108,-27.4566881074415],[153.050841753127,-27.456531117441],[153.050840763143,-27.4564061074399],[153.05080773319,-27.4560620974339],[153.050802363199,-27.4559926674328],[153.050795723211,-27.4559061074314],[153.050772763233,-27.4557480974279],[153.050742723256,-27.4555971074237],[153.050695713285,-27.4554051074174],[153.050672683296,-27.4553390074146],[153.050567743345,-27.4550381074017],[153.050468023384,-27.4548144473899],[153.050447043392,-27.4547714473874],[153.050427033401,-27.454718447385],[153.050403023412,-27.4546514373821],[153.050376043423,-27.4545854473788],[153.050370023426,-27.4545684473781],[153.050329033443,-27.4544654373731],[153.050290013459,-27.4543724373685],[153.050250053475,-27.4542814373638],[153.050115033525,-27.4539974473479],[153.050048023552,-27.45384045734],[153.049976043571,-27.453747457332],[153.049905053595,-27.4536234473239],[153.049893043598,-27.4536094473226],[153.049832053614,-27.4535314473158],[153.049767043633,-27.4534344573085],[153.049737043645,-27.453370447305],[153.049661043668,-27.4532484572964],[153.049615023685,-27.4531584572911],[153.049566043703,-27.4530564472853],[153.049487013726,-27.4529354572764],[153.049358023764,-27.452746437262],[153.049308023781,-27.4526534372562],[153.04929802379,-27.4525934472547],[153.049189033825,-27.4524084472423],[153.049102053851,-27.4522774472326],[153.048997733882,-27.4521171272208],[153.048959043906,-27.4519644472157],[153.048908013936,-27.451768457209],[153.048827023972,-27.4515544471992],[153.048737054002,-27.4513914471889],[153.048648034027,-27.451269457179],[153.049139024002,-27.4510474572265],[153.04865905416,-27.4502024471716],[153.048132024187,-27.4504394471206],[153.048001024225,-27.4502514571059],[153.047884744255,-27.4501091570931],[153.047698734318,-27.4497671470717],[153.047400024434,-27.4491044570365],[153.047106044545,-27.4484694470019],[153.047044034567,-27.4483534469948],[153.047267054556,-27.4482504370164],[153.047343044533,-27.4483634570249],[153.047383044532,-27.4483424370287],[153.047433014517,-27.4484184570343],[153.047483024515,-27.4483924470392],[153.047562044491,-27.4485144570481],[153.047651034487,-27.4484694470567],[153.047012024679,-27.4474904369847],[153.047177044672,-27.4474044570006],[153.046932014746,-27.447029436973],[153.046926034765,-27.4468844569713],[153.046861024796,-27.4466944369632],[153.046722034806,-27.4467314369496],[153.046557014885,-27.4462454469292],[153.046698014875,-27.446208446943],[153.046572014937,-27.4458214469273],[153.04650401497,-27.4456144469188],[153.04633502499,-27.4456044369018],[153.046360025036,-27.4452134469012],[153.046411015131,-27.4444214369001],[153.046431015169,-27.4441054368996],[153.046665025222,-27.4434824569181],[153.046639035229,-27.4434514469153],[153.046669035235,-27.4433774469177],[153.046637025243,-27.4433424469142],[153.046611035281,-27.4430614469094],[153.046649035288,-27.4429754369125],[153.046832735312,-27.4426291569282],[153.046920705315,-27.4425301669363],[153.047059035311,-27.4424404369495],[153.047104045308,-27.4424284469539],[153.047181025304,-27.4423984469614],[153.047244025301,-27.4423634469675],[153.047450025276,-27.4423884569884],[153.047482035273,-27.4423824469915],[153.04753905527,-27.4423614469971],[153.047546025273,-27.4423304369975],[153.047506675289,-27.4422411569929],[153.047382025316,-27.4421314569795],[153.047245695341,-27.4420441669651],[153.047263035372,-27.4417864469648],[153.047512045379,-27.4415224469877],[153.047850685361,-27.4413761770206],[153.04794168536,-27.4413071670292],[153.048170645351,-27.4411841570512],[153.04832902534,-27.4411334570668],[153.048389025339,-27.4410924570725],[153.048455635335,-27.441068167079],[153.048487645332,-27.4410621670821],[153.048532655331,-27.4410321670864],[153.048558025332,-27.4410034570887],[153.048597035331,-27.4409794370925],[153.048702045332,-27.4408794471022],[153.049324665328,-27.4403831671609],[153.049390655327,-27.4403391571671],[153.049557605317,-27.4402761671834],[153.049681635309,-27.4402361671956],[153.049786615306,-27.4401701572056],[153.049870595299,-27.4401531572139],[153.049972615292,-27.4401241472239],[153.050062625284,-27.4401071472328],[153.050287605267,-27.440056137255],[153.05035261526,-27.4400511472615],[153.050410615255,-27.4400391372672],[153.050448615251,-27.4400391372711],[153.050557635235,-27.4400801372823],[153.050596615228,-27.4400971372864],[153.050699585214,-27.4401201472969],[153.050769625205,-27.4401321373041],[153.050827595198,-27.4401371573099],[153.050898625189,-27.4401551573172],[153.050949615184,-27.4401491373223],[153.050994615181,-27.4401321373267],[153.051091595179,-27.4400631573359],[153.05111761518,-27.4400351473383],[153.05114963518,-27.4400061373412],[153.05119459518,-27.4399721473455],[153.05124858518,-27.4399251473506],[153.052261605111,-27.4396131374499],[153.0524155651,-27.439567147465],[153.052493595095,-27.4395391374726],[153.052564585089,-27.4395271574796],[153.052737595077,-27.4394761474966],[153.052782565073,-27.4394711575011],[153.052859545067,-27.4394541475087],[153.052936565059,-27.4394481375164],[153.053007555054,-27.4394311375234],[153.053091545046,-27.4394191275317],[153.053161545039,-27.4394201275388],[153.05323954503,-27.4394251275467],[153.053296565023,-27.4394311175524],[153.053348575016,-27.4394431275577],[153.053399525011,-27.4394371275628],[153.053457565004,-27.4394431275687],[153.053566554996,-27.4394201275795],[153.053740544979,-27.4394031275968],[153.053887534963,-27.4394041276116],[153.053952574957,-27.4393981376181],[153.054087554942,-27.4393981376316],[153.054151534935,-27.4394041276381],[153.054299544919,-27.439404127653],[153.054363524914,-27.4393931176594],[153.054421564908,-27.4393871276651],[153.054485544901,-27.4393871276716],[153.054543544897,-27.4393701276773],[153.054646544888,-27.4393591176875],[153.054774514877,-27.4393361177002],[153.054819524873,-27.4393251377046],[153.054916534863,-27.4393251377144],[153.055128534844,-27.4392971277355],[153.055200544837,-27.4392911277427],[153.05527752483,-27.4392801277503],[153.055341504823,-27.4392801277567],[153.055418524817,-27.4392631177643],[153.055507514808,-27.4392571277732],[153.055592524799,-27.4392571277818],[153.055714504788,-27.4392401277939],[153.055849514774,-27.4392401078075],[153.055907514769,-27.4392241078132],[153.055997524761,-27.4392181078222],[153.056074504752,-27.43922410783],[153.056138524745,-27.4392181078364],[153.056215504739,-27.439207107844],[153.056440054713,-27.4392174478667],[153.056710474681,-27.439242107894],[153.056858484661,-27.4392771079092],[153.056915464655,-27.4392771079149],[153.056980504647,-27.4392820979215],[153.057050474637,-27.4393000979287],[153.057121504629,-27.4393061179358],[153.057262464611,-27.4393271079502],[153.057346494599,-27.4393501079588],[153.057364484597,-27.4393541079606],[153.057506474578,-27.4393851079752],[153.05762246456,-27.4394251079871],[153.057757484539,-27.4394771080011],[153.05781547453,-27.4395050980072],[153.058078494488,-27.4396091080344],[153.058117484484,-27.4396091080384],[153.058200484471,-27.439644108047],[153.058277494461,-27.4396550980548],[153.058476494433,-27.4397070880752],[153.058624504413,-27.4397420880904],[153.058688484405,-27.4397530980969],[153.058752504397,-27.4397590881034],[153.058855474382,-27.4397880981139],[153.058932454373,-27.4397990881218],[153.059023044361,-27.439815458131],[153.059316034323,-27.4398694381609],[153.059620474288,-27.4398860881916],[153.059806444261,-27.4399440882108],[153.059870464251,-27.4399670882174],[153.059922444246,-27.4399670882226],[153.060545464175,-27.4399940982854],[153.061328424087,-27.4400290783644],[153.061430404078,-27.4400170683746],[153.061488434073,-27.4400060683803],[153.061546434069,-27.439989078386],[153.061604434061,-27.4400000683919],[153.061675424053,-27.4400060683991],[153.061765434044,-27.4400000684081],[153.061848434035,-27.4400000684165],[153.061938404025,-27.4400070784256],[153.061990424019,-27.4400070784308],[153.062099414009,-27.4399900784416],[153.06252303398,-27.4398664484832],[153.062619023968,-27.4398754584929],[153.06258942393,-27.4402000684925],[153.064069383758,-27.4403130486422],[153.064382153717,-27.4403682786741],[153.065353753591,-27.4405411587731],[153.066065753499,-27.4406678488457],[153.066459113448,-27.4407378288858],[153.067212033349,-27.4408854389627],[153.067805013266,-27.4410394590235],[153.068806033125,-27.4413004491263],[153.069520043027,-27.4414754491994],[153.070093312948,-27.4416130092582],[153.076889211973,-27.4435699599571],[153.078517221744,-27.4439989601243],[153.08352502105,-27.4452504506379],[153.083579041066,-27.445071460642],[153.085459040819,-27.445436440834],[153.087021060628,-27.4456248809927],[153.089339030378,-27.445639441226],[153.090080010296,-27.4456538713007],[153.091513990159,-27.445523881444],[153.092942970032,-27.4453158415862],[153.094809939899,-27.4447868717699],[153.099435839604,-27.443203832223],[153.099745839585,-27.4430928322534],[153.099790839582,-27.4430768222578],[153.106673719139,-27.4407558029324],[153.106954689127,-27.4406058029595],[153.107355029113,-27.4403834529981],[153.108034038887,-27.441592463076],[153.110082008854,-27.4401224532707],[153.10929601905,-27.4392354531845],[153.109683649047,-27.4389357832212],[153.109893639042,-27.4387947832412],[153.110032669042,-27.4386747932542],[153.110337038991,-27.438818463286],[153.11121803898,-27.4381624533696],[153.111659028975,-27.4378304534114],[153.112086048979,-27.4374374534513],[153.111852629039,-27.4371587734255],[153.111925629041,-27.4370857734323],[153.112025599041,-27.4369967634417],[153.112097619044,-27.4369147534483],[153.112171599045,-27.4368397534551],[153.112228579048,-27.4367737634604],[153.11230456905,-27.4366927534674],[153.11237158905,-27.4366317634736],[153.112419579054,-27.4365597634779],[153.11254758906,-27.4364037634896],[153.112604599062,-27.4363387534948],[153.112649569065,-27.4362797634989],[153.112709579066,-27.4362207635044],[153.11277056907,-27.4361347635099],[153.112974569078,-27.4359027735286],[153.11304358908,-27.435825773535],[153.114853509178,-27.433520743699],[153.115601029221,-27.4325494637667],[153.115999029141,-27.4328474538091],[153.118585019258,-27.429731444045],[153.119551429257,-27.4289237141359],[153.121172389182,-27.4281477142931],[153.121654379164,-27.4278827243396],[153.12375001908,-27.426774464542],[153.126821018932,-27.4253424548401],[153.127144008917,-27.4251944548715],[153.128929048838,-27.4243064550444],[153.130745028749,-27.4234724552208],[153.132901048645,-27.4224734554302],[153.133081028638,-27.4223784554476],[153.133259038628,-27.422307455465],[153.133804018602,-27.4220544455179],[153.135920038505,-27.4210264557231],[153.1361690385,-27.4208624557469],[153.136896048487,-27.4203514458162],[153.137815038483,-27.4196064559029],[153.14065302844,-27.4175474561728],[153.141090038457,-27.4170424662128],[153.143981018737,-27.4123894564675],[153.145202018893,-27.4101234665727],[153.14546083923,-27.4072495865761],[153.146306839356,-27.4055395566479],[153.146742029419,-27.4046754566849],[153.145517019603,-27.4042554465581],[153.14547803963,-27.4040734665527],[153.145478039649,-27.4039224465515],[153.14549602967,-27.4037444665519],[153.145544029692,-27.403527456555],[153.145592829735,-27.4031435865569],[153.14561081979,-27.4026985865552],[153.145832819826,-27.4022275765738],[153.145831829847,-27.4020635865725],[153.14585482986,-27.4019355865738],[153.145916799874,-27.4017735865787],[153.146030789888,-27.4015665865886],[153.146295779907,-27.4011925766123],[153.146309759912,-27.4011425866134],[153.146365789929,-27.4009635766176],[153.146511789928,-27.4008425866314],[153.146620779939,-27.4006655766409],[153.14665278996,-27.4004745866427],[153.146776779995,-27.4000935766522],[153.146816780017,-27.3998845866545],[153.146870800033,-27.3997135866586],[153.146908800056,-27.3994975866608],[153.146920730105,-27.3991035866588],[153.146970780146,-27.398735586661],[153.147133750191,-27.3982445766735],[153.147465750238,-27.3975915867018],[153.14783875027,-27.397024556735],[153.148287730291,-27.396480566776],[153.148584730296,-27.3961885668036],[153.149193700299,-27.3956545568608],[153.149439710295,-27.3954745568842],[153.149692690288,-27.3953165669084],[153.149848690295,-27.3951305669227],[153.15004966029,-27.395004566942],[153.150449040298,-27.3946014669791],[153.150435030306,-27.3945534569773],[153.150119700391,-27.3941465669423],[153.149901030505,-27.3934284569145],[153.149737040535,-27.3933294668972],[153.148970030698,-27.3926914568148],[153.148731030737,-27.3925814467898],[153.148529030773,-27.3924684567685],[153.146384041546,-27.3881764565182],[153.146960051548,-27.3876714565723],[153.14772103151,-27.3873334666464],[153.148041031496,-27.3871734566774],[153.149067041475,-27.3864674567753],[153.149240021473,-27.3863394567917],[153.149577611497,-27.385862586822],[153.149721601488,-27.3858125768361],[153.150268621433,-27.3857895868911],[153.150370641427,-27.3857495869011],[153.151152581384,-27.3854285769774],[153.151928611354,-27.3850115870524],[153.152071611346,-27.3849545670664],[153.152810561317,-27.3845595571378],[153.153177561317,-27.3842505671723],[153.153295571324,-27.3841005671831],[153.153538591355,-27.383643567204],[153.153836571367,-27.3833025572313],[153.154046561354,-27.3832245572519],[153.154495541344,-27.3829275572948],[153.154960521338,-27.382578557339],[153.155223541335,-27.382384567364],[153.155500531333,-27.3821675573902],[153.1561740313,-27.3818584674557],[153.157667471334,-27.3803285675943],[153.158604021281,-27.3799604576859],[153.158917041278,-27.3797184577155],[153.159293431305,-27.3791865477493],[153.159676431302,-27.3788935477856],[153.15997043131,-27.3785775478128],[153.160226441322,-27.3782665378362],[153.160445411343,-27.3779165378555],[153.160477381367,-27.377702547857],[153.1605314014,-27.3773995378601],[153.160512391413,-27.3773095378574],[153.160446431433,-27.3772035478499],[153.160402411466,-27.3769855478438],[153.160328391484,-27.3769045478357],[153.160219401501,-27.3768615378243],[153.160061391517,-27.3768725478085],[153.159986421532,-27.3768135478004],[153.159942401555,-27.3766655677948],[153.159863421574,-27.3765845577862],[153.159773411586,-27.376563557777],[153.159652451597,-27.3765845577649],[153.159423441623,-27.3765655577417],[153.15913243166,-27.376523567712],[153.158956431686,-27.3764615676937],[153.158920441701,-27.3763805576894],[153.158838461716,-27.3763295676808],[153.158668441742,-27.3762675576631],[153.158558431768,-27.3761565576511],[153.158440431807,-27.3759425676375],[153.158362461825,-27.3758665576291],[153.158262451842,-27.3758185676186],[153.158153431853,-27.3758195676076],[153.157950451894,-27.3756715875859],[153.157910451906,-27.3756115875814],[153.157721411949,-27.3754325775609],[153.157505411992,-27.3752685775379],[153.15734645203,-27.3751075775205],[153.157243452061,-27.3749475875089],[153.157073432134,-27.3745135774883],[153.156912432251,-27.3737275874658],[153.156890452272,-27.3735815774624],[153.156893412284,-27.3734775774619],[153.156917432304,-27.3733006074629],[153.157076422381,-27.3725635974731],[153.157076422407,-27.3723566074715],[153.157154462432,-27.3720885974773],[153.157263452448,-27.3718736074865],[153.157370432471,-27.3715986074952],[153.157388422492,-27.3714235974956],[153.15736539253,-27.371139597491],[153.157464422597,-27.3705246074961],[153.157430402641,-27.3702116074902],[153.157405402683,-27.3698946074852],[153.157304402762,-27.3693606074708],[153.157294402798,-27.3690796074676],[153.157028392974,-27.3679186174315],[153.156975393058,-27.3672946174212],[153.156815413151,-27.3666976174003],[153.156644413238,-27.3661566273788],[153.156513373308,-27.365708607362],[153.156414423354,-27.3654276373498],[153.15638741341,-27.3650126373438],[153.156370403453,-27.3646826373395],[153.156418403539,-27.3639676273387],[153.156350403582,-27.3636806373295],[153.156144363648,-27.363336637306],[153.155995363684,-27.3631796472897],[153.155634423754,-27.3629266372513],[153.155291393811,-27.3627656472154],[153.154876383882,-27.3625546571719],[153.154665383915,-27.36247565715],[153.154423423956,-27.3623506571246],[153.154185403993,-27.3622586570998],[153.153770404066,-27.3620356770562],[153.153131394178,-27.361687676989],[153.152316424308,-27.3613486969041],[153.152047454346,-27.3612706968763],[153.151683444395,-27.361195686839],[153.151373414443,-27.3610766868068],[153.150226434594,-27.3608467166893],[153.149861474638,-27.3608076966522],[153.149409454686,-27.3608107166066],[153.149269444698,-27.3608357065927],[153.149177464704,-27.3608597065836],[153.148963464713,-27.3609757165629],[153.144882545178,-27.3607357561494],[153.144803555212,-27.3605367461399],[153.144742565224,-27.3604897561334],[153.14449754525,-27.3604947761087],[153.144177505267,-27.3606267660775],[153.143988545272,-27.3607497560594],[153.143606535356,-27.3604097660182],[153.143365535398,-27.3602737759928],[153.143178545424,-27.3602297559736],[153.142672545477,-27.3602347959226],[153.142005545534,-27.3603497858563],[153.14175255555,-27.3604337758314],[153.141564545564,-27.3604847858129],[153.141435555573,-27.3605237858001],[153.14110256559,-27.3606657857677],[153.140868565609,-27.3607117757445],[153.13946660579,-27.3604677956012],[153.139102625804,-27.360662805566],[153.138983595804,-27.3607618055548],[153.138746605815,-27.3608747955318],[153.138676595796,-27.3610837955264],[153.138623635795,-27.3611397955215],[153.135143646352,-27.359666825159],[153.135063676378,-27.3595288151498],[153.134201656587,-27.3586028350556],[153.13358064671,-27.3581538349894],[153.132717676872,-27.3576018348981],[153.131509677092,-27.3568768347706],[153.130345727286,-27.3563288446489],[153.129551747414,-27.3559838645662],[153.128723777559,-27.3555348444792],[153.127722767727,-27.3550508543744],[153.126686787903,-27.3545328642659],[153.12534077813,-27.3538768741251],[153.124374798298,-27.3533588740236],[153.122441798626,-27.3523919038212],[153.121233828808,-27.3519778936962],[153.119818869037,-27.3513559235487],[153.119498909034,-27.3516509235188],[153.11884986914,-27.3513589134511],[153.118086909264,-27.3510199033716],[153.117240919403,-27.3506339232833],[153.116362939546,-27.3502429231917],[153.115257909725,-27.3497599230766],[153.11449895985,-27.3494139329974],[153.113946969935,-27.3492069429402],[153.113225950017,-27.3491619428672],[153.112593990063,-27.3493339428049],[153.112221000091,-27.349422942768],[153.112163000093,-27.3494589427625],[153.108064050704,-27.3480844523388],[153.107987030715,-27.3480584623308],[153.107810050741,-27.3480014623126],[153.106496041032,-27.3468060121708],[153.104384081422,-27.3455020219478],[153.102318111806,-27.3442070317295],[153.101407141966,-27.3437080316338],[153.101214092007,-27.3435480516131],[153.100733102118,-27.343077051561],[153.100549102154,-27.3429470515414],[153.100265132197,-27.342844051512],[153.100074092218,-27.3428400514928],[153.099785052261,-27.3427384514628],[153.099263022319,-27.3427244414102],[153.098610152395,-27.342671071344],[153.098260152444,-27.3425810713081],[153.098026152474,-27.3425380812842],[153.097767142498,-27.3425670612583],[153.097535192519,-27.3425970712352],[153.097189172563,-27.3425380811999],[153.097059192581,-27.3425070711866],[153.096885192609,-27.3424370711685],[153.096732192629,-27.3424070811529],[153.096399202666,-27.3423900711193],[153.095896042756,-27.3421054510663],[153.094852032779,-27.3428074509668],[153.094312462809,-27.3430208709142],[153.094209932921,-27.3422239308976],[153.094036592978,-27.3419197708777],[153.093991883015,-27.3416617308712],[153.093934103042,-27.341495340864],[153.093882703071,-27.3413120108574],[153.093792993117,-27.3410195008461],[153.093748243157,-27.3407442208394],[153.09365827319,-27.3405547808288],[153.093619943212,-27.3404114408238],[153.093523543245,-27.3402336608127],[153.093299113284,-27.3401131107892],[153.09318993332,-27.3399181107766],[153.093414663273,-27.3401075608008],[153.093568553248,-27.3401706108167],[153.09371630324,-27.3401075608311],[153.093684073276,-27.3398495108258],[153.093677983318,-27.3395283808227],[153.093799923334,-27.3392992208331],[153.093851313353,-27.3391042208368],[153.093613813403,-27.3389033808113],[153.09333159344,-27.3388517307825],[153.093177413469,-27.3387539407662],[153.092952683515,-27.3385761707421],[153.092715183538,-27.3385931407184],[153.092535493549,-27.3386617307008],[153.092355763582,-27.3385528406819],[153.092227433617,-27.3383806306676],[153.092073543658,-27.3381856406506],[153.091810533693,-27.3381336906237],[153.091624123698,-27.3382484106058],[153.091636933674,-27.3384261906085],[153.091848853628,-27.3386153506314],[153.09205413358,-27.3388220206536],[153.092265753539,-27.3389656306761],[153.092471323496,-27.3391375706981],[153.092015513563,-27.3389884106511],[153.091598283634,-27.3387759206074],[153.091277483707,-27.3384717405727],[153.091110823746,-27.3382995205546],[153.090886093798,-27.3380814605302],[153.09057799387,-27.3377714804968],[153.090321333928,-27.337530640469],[153.090122473969,-27.3373698204477],[153.089731054032,-27.337203160407],[153.089423024083,-27.3370598203749],[153.08917274413,-27.3368931503484],[153.088896664177,-27.3367553603195],[153.088672224233,-27.3365028902949],[153.088235834317,-27.3362042902487],[153.087799434396,-27.3359459502027],[153.087516964444,-27.3358081601732],[153.08725387449,-27.3356645501456],[153.086856134546,-27.3355554001047],[153.086406664601,-27.3355034700591],[153.086105034641,-27.3354343000282],[153.0857072547,-27.3353079099871],[153.085277254762,-27.3351815099429],[153.084962514803,-27.3351181899107],[153.084673904845,-27.3350262598809],[153.084455594879,-27.3349457098583],[153.08423754492,-27.3348020998352],[153.084147834949,-27.334647359825],[153.084404494916,-27.3346934798512],[153.084738074859,-27.3348656998861],[153.085142524798,-27.335009299928],[153.085533914743,-27.3351129099682],[153.086021704681,-27.3351934600179],[153.086522264604,-27.3353773500697],[153.087023084544,-27.3354292801205],[153.087594164464,-27.3355845501792],[153.088056144392,-27.3357626202271],[153.088479724315,-27.3360153802717],[153.088922504229,-27.3363253903187],[153.089230524162,-27.3365951003519],[153.089602754087,-27.3368762103915],[153.090026374011,-27.3371175904361],[153.090385793945,-27.337335650474],[153.0905974539,-27.3375137004967],[153.090796343854,-27.3377145305183],[153.091027463821,-27.337777580542],[153.091110823832,-27.3376170205492],[153.090886353885,-27.3373876005248],[153.09038579397,-27.3371406404724],[153.090064954021,-27.3370028804391],[153.089634984101,-27.3367328703936],[153.089333314165,-27.3364862103613],[153.089070224226,-27.3362223203328],[153.088767484295,-27.3359342003],[153.088428624353,-27.3357573302645],[153.0881333344,-27.3356309502338],[153.087754724462,-27.3354642901944],[153.087388884516,-27.3353437201566],[153.086971684577,-27.3352115201136],[153.086451714642,-27.3351365200607],[153.08610532469,-27.3350501300251],[153.085848624734,-27.3349181799983],[153.085553374784,-27.3347687399674],[153.085290064822,-27.3346940199403],[153.08498196485,-27.3347281899096],[153.084686684898,-27.3346018198789],[153.084423664958,-27.3343434798504],[153.084135055015,-27.3341368198197],[153.083795055077,-27.3339359797839],[153.08348699513,-27.3337693197516],[153.083198105176,-27.3336487497215],[153.082870625201,-27.3337287796892],[153.08256303527,-27.333445449656],[153.084041035388,-27.3312574597874],[153.082879055592,-27.3306234496655],[153.083363335591,-27.330224219711],[153.083681905569,-27.3301284197423],[153.084716065488,-27.3298994498446],[153.084864905476,-27.3298624698592],[153.084962255468,-27.3298471998689],[153.085521285424,-27.3297261999242],[153.086241285361,-27.3296182099958],[153.08635724535,-27.3296052100074],[153.087024245287,-27.3295401800739],[153.087060235286,-27.3295211800774],[153.087546235247,-27.3294171901255],[153.087748265242,-27.3292881901448],[153.08782827524,-27.3292341901524],[153.08790123524,-27.3291721801593],[153.088027265245,-27.3290301901708],[153.088064245248,-27.3289741901741],[153.088111215251,-27.3289071801783],[153.088142205254,-27.328854180181],[153.088169215258,-27.3288031801833],[153.088193195266,-27.328717190185],[153.088193195279,-27.3286201901843],[153.088200205284,-27.3285741801846],[153.088219225291,-27.328502180186],[153.088233205294,-27.3284651801871],[153.088230205303,-27.3283981901863],[153.088208235308,-27.3283761801839],[153.088203235315,-27.328324190183],[153.08821122532,-27.3282771801834],[153.088209225326,-27.3282301901828],[153.088213205331,-27.3281841801828],[153.088174215344,-27.3281201901784],[153.08816220535,-27.3280801801769],[153.088159215356,-27.3280321901762],[153.088175245365,-27.3279521801772],[153.088174215371,-27.3279011901767],[153.088165205382,-27.3278271901752],[153.088156225387,-27.327795180174],[153.088122205402,-27.3277041801699],[153.08810621541,-27.3276481801678],[153.088040225434,-27.3275141901601],[153.08802723544,-27.3274821801586],[153.08799620545,-27.327425180155],[153.087977225459,-27.3273681901526],[153.087957225468,-27.3273201801502],[153.087940215474,-27.3272851801482],[153.087923245481,-27.3272471801462],[153.087900215489,-27.3272031801436],[153.087864225502,-27.3271301801394],[153.087849225508,-27.3270951801376],[153.087828235515,-27.3270531901351],[153.087805205522,-27.3270151901325],[153.087782205531,-27.3269632001298],[153.087748225542,-27.326910200126],[153.08772220555,-27.326863210123],[153.087665225566,-27.3267912101167],[153.087639235574,-27.3267452001137],[153.087621205579,-27.3267242001117],[153.08761923558,-27.3267121901114],[153.087607225584,-27.32669319011],[153.087603215586,-27.3266782101095],[153.08759321559,-27.3266592101084],[153.087587225593,-27.3266422101076],[153.087570215599,-27.3266072101056],[153.087552225604,-27.3265792001036],[153.087535215609,-27.3265572001017],[153.087524225614,-27.3265242001004],[153.087477215627,-27.3264662000952],[153.087403225647,-27.3263632100869],[153.087294205685,-27.3261592100743],[153.087270225694,-27.3261062100715],[153.087207225712,-27.3260162100644],[153.087129225737,-27.3258852100555],[153.087064215757,-27.3257832000482],[153.086998185776,-27.3256862000408],[153.086943215793,-27.3255942000345],[153.086894195809,-27.325515210029],[153.086858215821,-27.3254512000248],[153.086817225834,-27.3253752000201],[153.086798205844,-27.3253182000177],[153.086764225853,-27.325274210014],[153.086636215885,-27.3251242099999],[153.086560225904,-27.3250411999916],[153.086529205911,-27.3250091999882],[153.08648620592,-27.3249731899836],[153.086421195937,-27.3248951999765],[153.086321255961,-27.3247902099656],[153.086221245984,-27.3246902199547],[153.086161246,-27.3246162199481],[153.086129236011,-27.3245602199444],[153.086093246022,-27.3245032199404],[153.086037256034,-27.3244552099343],[153.085957246048,-27.324412219926],[153.085883256058,-27.3243892199183],[153.085752266074,-27.324377219905],[153.08563323609,-27.3243482298928],[153.08548624611,-27.3243152198778],[153.085356236132,-27.3242512098642],[153.085256266152,-27.3241742198535],[153.085179246169,-27.3241062298452],[153.085118216182,-27.3240542298387],[153.085053246196,-27.3239972298317],[153.085000256209,-27.3239432298259],[153.084957256218,-27.3239032298213],[153.084919256229,-27.3238542198171],[153.084882246237,-27.3238212198131],[153.084817246252,-27.323751209806],[153.084703256279,-27.3236342197936],[153.084655256291,-27.3235812197884],[153.084593246305,-27.3235212197817],[153.08453323632,-27.3234562097751],[153.08449322633,-27.3234062297707],[153.084466226338,-27.3233702197677],[153.084401246353,-27.3233072297606],[153.08433226637,-27.3232282397531],[153.084280256382,-27.3231732397474],[153.084164256414,-27.3230232397345],[153.084138236422,-27.3229762497315],[153.084100276433,-27.3229232497273],[153.084192256431,-27.3228632297361],[153.084168276438,-27.3228312497334],[153.084211266436,-27.3228032397375],[153.08423524643,-27.3228332397402],[153.084350226427,-27.3227612397512],[153.084327266434,-27.3227272397486],[153.084327266441,-27.3226662397481],[153.084297266452,-27.3226102397447],[153.083681906564,-27.3222354196798],[153.083629236551,-27.3223862496757],[153.083576246554,-27.3224092396705],[153.083306256599,-27.3222822396424],[153.083265266606,-27.3222602396381],[153.083232306614,-27.3222192496344],[153.083169266625,-27.3221862396278],[153.083087286636,-27.3221692396194],[153.083005276649,-27.3221392396109],[153.082972276654,-27.3221252496075],[153.082901286669,-27.3220642395999],[153.082760286702,-27.3219262395846],[153.082737286706,-27.3219072495821],[153.082710276711,-27.3218962395793],[153.082683306714,-27.3218902395766],[153.08264527672,-27.3218742395726],[153.082610266726,-27.321863249569],[153.082580306729,-27.321863249566],[153.082547306732,-27.3218672695627],[153.082512306734,-27.3218802495593],[153.082483286734,-27.3219012495565],[153.08239929674,-27.3219292595483],[153.082316296746,-27.3219532495402],[153.082264286751,-27.321957249535],[153.082223296755,-27.3219542495308],[153.082187306759,-27.3219542495272],[153.082149276761,-27.3219682595235],[153.082094266765,-27.3219862595181],[153.082046276768,-27.3219992595133],[153.082013276772,-27.32200025951],[153.081961266779,-27.3219912495047],[153.081905276783,-27.3220052594992],[153.081819276788,-27.3220402594908],[153.081709266795,-27.3220772594801],[153.081593266802,-27.3221192494687],[153.081512276806,-27.3221502594608],[153.081418286813,-27.3221782494516],[153.081330286819,-27.3222002694429],[153.081273276823,-27.3222182694373],[153.081215316826,-27.3222442594317],[153.081133296833,-27.3222622594236],[153.081053326841,-27.3222662594156],[153.080991316846,-27.3222792594094],[153.080942296851,-27.3222762594045],[153.080894296858,-27.3222612593995],[153.080799326872,-27.3222332493898],[153.080698286885,-27.3222102593794],[153.080605326897,-27.32220126937],[153.080535316907,-27.3221772493628],[153.080452316919,-27.3221522593542],[153.080358296932,-27.3221262693446],[153.080172326957,-27.3220912593256],[153.080019316976,-27.32206524931],[153.079845316998,-27.3220392792923],[153.079687317019,-27.3220062792761],[153.079461307048,-27.321963279253],[153.079370307061,-27.3219432792437],[153.079319317069,-27.3219192692384],[153.07920733709,-27.3218462692266],[153.079184307093,-27.3218442692242],[153.079135327097,-27.3218502792193],[153.079067327103,-27.3218642692126],[153.078980307111,-27.3218732792039],[153.078851357124,-27.321875279191],[153.078651367143,-27.3219002691711],[153.078536357156,-27.3218952791595],[153.078396347172,-27.3218802691453],[153.078272357192,-27.3218272691324],[153.078154347212,-27.32176627912],[153.078005357239,-27.3216812891043],[153.077894327258,-27.3216212690927],[153.07782836727,-27.3215822690858],[153.077705327291,-27.3215262690729],[153.077582317312,-27.32146028906],[153.077516367324,-27.3214202690531],[153.077418327339,-27.3213822690429],[153.077304337357,-27.3213362790311],[153.077190347377,-27.3212742890191],[153.077060337399,-27.3212112790056],[153.076798337441,-27.3210962789783],[153.076678327461,-27.3210382989658],[153.076581347478,-27.3209862989556],[153.076433337501,-27.3209342889403],[153.07631737752,-27.3208792889282],[153.076205357537,-27.3208382989166],[153.075982377567,-27.3207872888938],[153.075880397582,-27.3207562988833],[153.075737387602,-27.3207222988686],[153.07559938762,-27.3206932888545],[153.075541387629,-27.3206692988485],[153.075486377639,-27.3206402888427],[153.075431377646,-27.3206252888371],[153.075360387658,-27.3205962988297],[153.075315377668,-27.3205552988249],[153.075259387681,-27.3204962888188],[153.075204387692,-27.3204572888129],[153.075150367707,-27.3203852888069],[153.075088387721,-27.3203242888002],[153.075010347738,-27.3202502887918],[153.074940377755,-27.3201802887842],[153.074872377771,-27.3201082887768],[153.074839387781,-27.3200612987731],[153.074799377789,-27.3200282887688],[153.074725357807,-27.3199502987607],[153.074636367826,-27.3198732987512],[153.074554357845,-27.3197912887423],[153.074483397862,-27.3197142887345],[153.074306377906,-27.3195182987152],[153.074204397926,-27.3194432987043],[153.074105367949,-27.3193453086936],[153.074025357967,-27.3192683086849],[153.073943377984,-27.3192023186762],[153.073866368003,-27.3191173186677],[153.07370634804,-27.3189643186504],[153.073672368047,-27.3189343086468],[153.073630358054,-27.3189103186424],[153.073544398075,-27.318818318633],[153.073466368095,-27.3187283186244],[153.073401398111,-27.3186553186173],[153.073296388137,-27.3185403186058],[153.073222358154,-27.3184623185978],[153.073073368193,-27.3182853085814],[153.07301237821,-27.3181973085746],[153.072873418248,-27.3180133085591],[153.072801408264,-27.3179483185514],[153.07274238828,-27.3178723185448],[153.072638398307,-27.3177483185334],[153.072543428332,-27.3176303185229],[153.072487438347,-27.3175543085167],[153.072427428366,-27.3174583085099],[153.072388408376,-27.3174103185056],[153.07232241839,-27.3173543184985],[153.072273398404,-27.317284318493],[153.07221141842,-27.3172103184862],[153.07216341843,-27.317169318481],[153.072118378439,-27.3171403084763],[153.072064398447,-27.3171173184707],[153.072019428455,-27.317094318466],[153.071830028498,-27.3169164284455],[153.071855218499,-27.3168874384478],[153.071796418513,-27.3168223384414],[153.07169213854,-27.3166964584299],[153.071557118578,-27.3165054884148],[153.071589898578,-27.3164824284179],[153.070867018767,-27.3155904583382],[153.07086522877,-27.3155714583378],[153.069716099077,-27.3141034582107],[153.069643429098,-27.3140023382025],[153.069604409109,-27.3139433481982],[153.069575429122,-27.3138663481946],[153.069566409132,-27.3137953481932],[153.069570389141,-27.313721348193],[153.069585389146,-27.3136703381941],[153.069625399149,-27.3136083481976],[153.069681429152,-27.3135403382027],[153.069758399158,-27.3134303582096],[153.069826399164,-27.3133213582155],[153.069881409171,-27.3132193482203],[153.069937399181,-27.3130953382249],[153.069978389191,-27.3129783482281],[153.070026389212,-27.3127733482313],[153.070034419221,-27.3126893382314],[153.070035439239,-27.3125493482304],[153.070030399253,-27.3124443482291],[153.070014409266,-27.3123523482268],[153.069982399284,-27.3122413482227],[153.069941409299,-27.3121543582179],[153.069896409314,-27.3120683482127],[153.06984939933,-27.3119843382073],[153.069796399346,-27.3119033482013],[153.069735409362,-27.3118263481945],[153.069657409381,-27.311739348186],[153.069578389399,-27.3116653481775],[153.069480419419,-27.311591348167],[153.069369419439,-27.3115253581554],[153.069257409458,-27.3114663381436],[153.069157399475,-27.3114223481332],[153.069029429494,-27.31137633812],[153.068901419512,-27.3113453481069],[153.06875840953,-27.3113173480923],[153.068647419544,-27.311303358081],[153.068542149556,-27.3112944780704],[153.06841790957,-27.3112894480578],[153.068349389579,-27.3112783480508],[153.068286399587,-27.3112633380444],[153.068234419596,-27.311240348039],[153.068190399605,-27.3112073380343],[153.068156239613,-27.3111704580306],[153.06813210962,-27.3111364280279],[153.068115899626,-27.311103408026],[153.068074479642,-27.3110113180211],[153.067781419754,-27.3103653679865],[153.067485179866,-27.3097324279517],[153.067211209994,-27.3089434079179],[153.067125880026,-27.3087664679079],[153.066972430089,-27.3083953578895],[153.066725400214,-27.3076063778585],[153.066578380283,-27.3071827378403],[153.066354050405,-27.3064084378116],[153.066145050549,-27.3054384477829],[153.066024050629,-27.3049064477665],[153.065963060666,-27.3046644477585],[153.065790050759,-27.3040744477364],[153.065640040837,-27.3035794377174],[153.065411030935,-27.3029944476898],[153.065377050953,-27.3028804576854],[153.065059061136,-27.3016994476441],[153.065029061152,-27.3015954476403],[153.064957411189,-27.3013633976312],[153.064831411308,-27.3005274076119],[153.064751041385,-27.2999794475995],[153.06473403141,-27.2997944475963],[153.064674061486,-27.299247447586],[153.064620041562,-27.2986864475761],[153.064584051602,-27.2984044575702],[153.064548071663,-27.297945447563],[153.064483061748,-27.2973280475515],[153.064519381819,-27.2967294275504],[153.064569381884,-27.2961734275511],[153.064624391971,-27.2954394175508],[153.064689362082,-27.2944984175499],[153.064719362161,-27.2938504175477],[153.064736552178,-27.2937023275483],[153.064765352206,-27.2934544275492],[153.064779372257,-27.2930354175473],[153.064841052355,-27.2922054575469],[153.064863062401,-27.2918224475461],[153.06489704243,-27.2915634475475],[153.064915042464,-27.291274447547],[153.06500607258,-27.2902784375482],[153.065041032681,-27.2894464375452],[153.065064072757,-27.2888224575425],[153.064993072842,-27.2882117675305],[153.064989752937,-27.2874609475243],[153.064950733013,-27.2868924075158],[153.06492642306,-27.2865384475106],[153.064939313179,-27.2855804375043],[153.064836123261,-27.2850201074895],[153.064690273326,-27.2846264474717],[153.064491933399,-27.2842092774484],[153.064072033529,-27.2835354474009],[153.066217063587,-27.2812634475985]]],[[[153.07431608796,-27.0008441061848],[153.074564067889,-27.0012060962126],[153.074637107859,-27.0013851062214],[153.074723057829,-27.0015471062313],[153.074864057799,-27.0016691162465],[153.074986077777,-27.0017400962593],[153.075099087768,-27.0017210962705],[153.075227087774,-27.0015661062822],[153.075350097778,-27.0014280962934],[153.075442077781,-27.0013301063019],[153.075555077775,-27.0012831163129],[153.075692067765,-27.0012471163264],[153.075798097764,-27.0011650963364],[153.075895077771,-27.0010281063451],[153.075966107789,-27.0008291063506],[153.076050087805,-27.0006300963575],[153.076033087827,-27.0004721063545],[153.075941107856,-27.000316096344],[153.075726077886,-27.0002531063219],[153.07554208791,-27.0002171063031],[153.075457117933,-27.0001051062937],[153.075397107957,-26.9999650962865],[153.075215077976,-26.9999630962682],[153.075088057993,-26.9999321162552],[153.074964068028,-26.9997590962413],[153.074860078055,-26.9996310962299],[153.074677108079,-26.9995901062111],[153.074445078093,-26.9996791061885],[153.074303098094,-26.9997891061751],[153.07421906808,-26.9999650961681],[153.074279078057,-27.0001001161752],[153.074302068034,-27.0002691061788],[153.074262108014,-27.0004561061763],[153.074269107978,-27.0007381061792],[153.07431608796,-27.0008441061848]]],[[[153.144800641072,-27.0763295138835],[153.145065631015,-27.076555513912],[153.145419600976,-27.0765755339478],[153.14562360097,-27.0764465339674],[153.145602611011,-27.0761425139629],[153.14537562106,-27.0759385239383],[153.145119611104,-27.0758035239115],[153.14479363113,-27.0758725338791],[153.144715591122,-27.0760045238723],[153.144726611101,-27.0761565238746],[153.144800641072,-27.0763295138835]]],[[[153.085547975967,-27.0073380573663],[153.085533996007,-27.0070280473624],[153.085493956057,-27.0066620473555],[153.085409966114,-27.006285047344],[153.08532098616,-27.0059880673327],[153.085185966218,-27.0056400673163],[153.085084976262,-27.005372077304],[153.084933976312,-27.0051030672867],[153.084649966376,-27.0048270672559],[153.084474946424,-27.0045930772365],[153.084216966478,-27.0043780672088],[153.083901966544,-27.004113077175],[153.083611946609,-27.0038370771436],[153.083303996674,-27.0035770771106],[153.083084996717,-27.0034180670873],[153.082687976795,-27.003126067045],[153.082443976843,-27.0029510770191],[153.082143986896,-27.0027760669875],[153.08195699694,-27.0025880869672],[153.08180697698,-27.0023870869505],[153.081597987042,-27.002070086927],[153.081311967115,-27.0017250968954],[153.081028987176,-27.0014820768651],[153.08074899722,-27.0013630868359],[153.080546997245,-27.0013340768154],[153.080391987247,-27.0014440768007],[153.080159987266,-27.0014880967777],[153.079931977296,-27.0014360867543],[153.079679027325,-27.0014240867288],[153.079353017352,-27.0014750866964],[153.079084007369,-27.0015710866701],[153.078829017376,-27.0017280966457],[153.078663997369,-27.0019170866306],[153.078513037352,-27.0021850766176],[153.078330067336,-27.0024650966014],[153.078197057319,-27.00271108659],[153.078041057294,-27.0030350765769],[153.077886037267,-27.0033830865641],[153.07776106724,-27.0037070965541],[153.077668027207,-27.0040470865474],[153.077559037198,-27.0042070965377],[153.077518047185,-27.0043430865347],[153.07743508713,-27.0048530965304],[153.077405077094,-27.0051640765299],[153.077367087065,-27.0054300865282],[153.077337077028,-27.0057520865277],[153.077336057002,-27.0059550865292],[153.077318096965,-27.0062720865299],[153.077295066954,-27.0063800865285],[153.07723206693,-27.0066230865241],[153.077199076905,-27.0068500965226],[153.077191076879,-27.0070590865234],[153.077173086846,-27.0073360865238],[153.077140056824,-27.0075450865222],[153.077145086798,-27.0077480865243],[153.077163086764,-27.0080020865281],[153.077174106738,-27.0081990765308],[153.077199106707,-27.0084300865351],[153.077247106679,-27.0086100965414],[153.077286126635,-27.0089250965478],[153.077337116592,-27.0092290865554],[153.077437126554,-27.0094470865672],[153.077517136525,-27.0096150865766],[153.077634116491,-27.0097870765897],[153.077865126443,-27.0099750766144],[153.078037076415,-27.0100560866324],[153.078216076387,-27.0101260966509],[153.07835907635,-27.0103040866667],[153.078538076314,-27.0104420966858],[153.07872207629,-27.0104780967046],[153.078967066265,-27.0104730767292],[153.079193106247,-27.0104230967516],[153.079477116215,-27.0104460867803],[153.079705086186,-27.0104870868036],[153.079891096151,-27.0106070968232],[153.080057096119,-27.0107230868409],[153.080210066095,-27.0107870768568],[153.080533056055,-27.0108380868897],[153.080863056009,-27.0109270869236],[153.081181075957,-27.0110730869567],[153.081410045922,-27.0111600769804],[153.081657075891,-27.0112050670056],[153.081815045874,-27.0112080670215],[153.082047045851,-27.0111920670448],[153.082198045841,-27.0111440770596],[153.082436025826,-27.0110720770829],[153.082655055806,-27.0110450671048],[153.082818025796,-27.0109850671207],[153.083003995793,-27.0108520671383],[153.083163025801,-27.0106630771528],[153.083292015803,-27.0105310771647],[153.083492005791,-27.0104590771843],[153.083599025784,-27.0104290671948],[153.083703005789,-27.0103030672043],[153.083850035792,-27.0101580672179],[153.084023005796,-27.0099750572338],[153.084157035803,-27.009808057246],[153.084349025839,-27.0093650772618],[153.084507975843,-27.0091980572765],[153.084721975826,-27.0091540672976],[153.084922985805,-27.0091500673178],[153.085091975793,-27.0091080573345],[153.085259985788,-27.0090030573506],[153.085357995793,-27.0088820473595],[153.085411975804,-27.0087510473638],[153.085469975821,-27.0085640473682],[153.08549800584,-27.0083940473696],[153.085535965868,-27.0081340473714],[153.085553995903,-27.0078460473709],[153.085534985937,-27.007592057367],[153.085547975967,-27.0073380573663]]],[[[153.104691890299,-27.036482879525],[153.104629880297,-27.0365518895193],[153.10458987028,-27.0367218795166],[153.104620900251,-27.0369248795214],[153.104675870223,-27.0371038895283],[153.104787880184,-27.0373158795413],[153.104860890156,-27.03748387955],[153.104960890117,-27.0377078995618],[153.105091860075,-27.0379368895768],[153.105228880036,-27.0381258795921],[153.105364910005,-27.0382648896069],[153.10555087997,-27.0383848696266],[153.105883869907,-27.0386048696619],[153.106113889867,-27.0387348696861],[153.106458889805,-27.0389378697224],[153.106706869767,-27.0390338597482],[153.106876889754,-27.038996859765],[153.107056909745,-27.0389148697825],[153.107244879734,-27.0388488598009],[153.107458879714,-27.0388278698223],[153.107717849682,-27.0388678598487],[153.108122849634,-27.0389108598898],[153.108266849622,-27.038879849904],[153.108326849629,-27.0387768399093],[153.10834381964,-27.0386748499101],[153.108103839703,-27.0383748598836],[153.108010839734,-27.0382018598729],[153.107905859769,-27.0380178598608],[153.107867829804,-27.037769869855],[153.107804869844,-27.0375058798466],[153.107698829882,-27.0372878698342],[153.107556849915,-27.0371438698187],[153.107358839952,-27.0370128697977],[153.107194840001,-27.0367618597792],[153.107005840053,-27.0365058797582],[153.106756880096,-27.0363748797321],[153.106495830138,-27.0362558697048],[153.106214850185,-27.0361198896754],[153.105915880229,-27.0360188796445],[153.105663890259,-27.0359898896189],[153.105398890284,-27.0360118895924],[153.105255890288,-27.0360998895787],[153.105173870299,-27.0360838895704],[153.105071850317,-27.0360238995596],[153.105006890331,-27.0359688995526],[153.104918880341,-27.0359598895437],[153.104824900346,-27.0359948895345],[153.10478891034,-27.0360748795315],[153.104818870314,-27.036259879536],[153.104820880303,-27.0363448895369],[153.104778870298,-27.0364188895333],[153.104691890299,-27.036482879525]]],[[[153.105337136651,-27.0649928098168],[153.105521126626,-27.0650348198357],[153.105706116594,-27.0651328098551],[153.105986106552,-27.0652347998841],[153.106246096517,-27.0652967999107],[153.106506116484,-27.0653427899373],[153.106822066444,-27.0653927899695],[153.107183086401,-27.0654367900062],[153.107581076355,-27.0654687900465],[153.107996046314,-27.0654438000881],[153.108372066285,-27.0653627901254],[153.108711086261,-27.0652657701587],[153.109016036248,-27.0651127801882],[153.109245046245,-27.06495077021],[153.109410056258,-27.0647047802246],[153.109499046276,-27.0644887702319],[153.109456016307,-27.0642807802259],[153.109289066341,-27.064148780208],[153.109054036376,-27.0640627701837],[153.10875105641,-27.064045790153],[153.108468026436,-27.0640797901248],[153.107991086474,-27.0641797900776],[153.107733066497,-27.0642127900519],[153.107274076542,-27.0642327900058],[153.107028066566,-27.0642487899812],[153.106719056601,-27.0642327899499],[153.10644706663,-27.0642267899225],[153.106070126666,-27.0642568198848],[153.105775096688,-27.0643298198556],[153.105556096701,-27.0644078198342],[153.105408086701,-27.0645288098203],[153.105266106698,-27.0646728098071],[153.10524109667,-27.0649218198066],[153.10527409666,-27.0649718098103],[153.105337136651,-27.0649928098168]]],[[[153.105047081426,-26.9474964588521],[153.093937102251,-26.9501914377552],[153.087040102764,-26.9518634570746],[153.086980092757,-26.9519664470693],[153.086901112754,-26.9520554470621],[153.086877092742,-26.9521724370606],[153.086761092725,-26.9524024470508],[153.086668092705,-26.9526424470433],[153.086602102668,-26.9529904570395],[153.086793102597,-26.9533974570619],[153.086863072552,-26.9537034470714],[153.086850082501,-26.9541164570734],[153.086793102461,-26.9544884570706],[153.086755112444,-26.9546544570681],[153.086653092444,-26.9547354470585],[153.086380112459,-26.9548454470319],[153.086023102464,-26.9551074469981],[153.085577112449,-26.9555964569571],[153.085196082433,-26.9560464469224],[153.084829082419,-26.9564664568888],[153.084542082408,-26.9567864468625],[153.084028082388,-26.9573784468155],[153.083853102369,-26.9576764468002],[153.083628082341,-26.9580914367809],[153.083330092334,-26.9583974467534],[153.082882092357,-26.9585814467098],[153.082467092389,-26.9586754466688],[153.081490092452,-26.958989446573],[153.080781082485,-26.9593214465043],[153.079655092519,-26.9599904463964],[153.079320092509,-26.9603504363656],[153.079261072465,-26.9607494463628],[153.079374082381,-26.9613274463788],[153.079629102269,-26.9620114464099],[153.079683092207,-26.9624554464189],[153.079763092139,-26.9629314464307],[153.07997008206,-26.9633914464552],[153.080011071999,-26.9638434464629],[153.080112111953,-26.9641274564753],[153.080169081908,-26.9644404564836],[153.080160101858,-26.9648414464858],[153.080187081768,-26.9655424464941],[153.080174081692,-26.9661544464977],[153.080127111604,-26.966903456499],[153.079928071484,-26.9680244364879],[153.079848101352,-26.9691484464888],[153.079869091284,-26.969669446495],[153.079714071258,-26.9700064364821],[153.079414081209,-26.9706514464571],[153.079141101053,-26.9721244464414],[153.07888910098,-26.9729194464224],[153.078862090948,-26.9731974464218],[153.07895608089,-26.9735764364343],[153.078794090871,-26.9738644464203],[153.078640100836,-26.9742774464081],[153.078193080788,-26.9750334463692],[153.077848080726,-26.9758164363407],[153.077568090705,-26.9762154463157],[153.077509070698,-26.9763234463107],[153.07737807065,-26.9768134363014],[153.077245110605,-26.9772834462918],[153.07717510058,-26.9775414562868],[153.077054100542,-26.9779484462778],[153.076990080508,-26.978275436274],[153.076952080474,-26.9785794462726],[153.076978110442,-26.9788094462771],[153.077030080395,-26.9791414462849],[153.077062090357,-26.9794164462903],[153.077261090305,-26.9796624363123],[153.077415080262,-26.9798834363296],[153.077774100162,-26.9803784463696],[153.077909080113,-26.9806534463854],[153.079344069807,-26.9818954465396],[153.079676079752,-26.9820564465743],[153.080220069658,-26.9823534466314],[153.080726069553,-26.9827714366856],[153.081117099448,-26.9832754567289],[153.081451069354,-26.9837514367663],[153.08172609927,-26.9841864467974],[153.082131099138,-26.9849024568439],[153.082541069015,-26.9855444368902],[153.082842088944,-26.985858436923],[153.083220078856,-26.9862424469641],[153.083688088772,-26.9865174470134],[153.084334098686,-26.9866704470796],[153.085090088585,-26.986836447157],[153.085704088507,-26.9869444472196],[153.086248088436,-26.9870584472752],[153.086600088379,-26.9872184473119],[153.087042108303,-26.9874584473583],[153.087561098219,-26.9876924374124],[153.08809209814,-26.9878754374673],[153.088598098076,-26.9879664475189],[153.089072088004,-26.988143447568],[153.08953308794,-26.9882684576154],[153.090064087869,-26.9883884476698],[153.090576067788,-26.9886114477231],[153.091414077589,-26.9894934478144],[153.092934077255,-26.9908874479785],[153.093124207154,-26.9915342980028],[153.09312522712,-26.991805308005],[153.093318207064,-26.9920843080267],[153.093566217002,-26.9923743080539],[153.093751206951,-26.9926232980745],[153.093854206918,-26.9928023080863],[153.094004186878,-26.9929932981029],[153.094368196794,-26.9933593081425],[153.094599206748,-26.9935382881672],[153.094736196714,-26.9936952881822],[153.095783086184,-26.9970394583142],[153.096350075966,-26.9983054483814],[153.096698795879,-26.9987080084196],[153.096861805831,-26.998958018438],[153.096954775797,-26.9991480084489],[153.097084825758,-26.9993490184636],[153.09718479572,-26.9995670184754],[153.097227795689,-26.9997810084814],[153.097232795664,-26.9999730184835],[153.097224795641,-27.0001650084842],[153.097288815597,-27.000463008493],[153.097386785466,-27.0014260085105],[153.097276815458,-27.0015800185007],[153.097161795447,-27.0017690184906],[153.097129785422,-27.0019890184892],[153.097152825395,-27.002186008493],[153.097178775358,-27.0024630084979],[153.097197785322,-27.0027330185019],[153.09720578528,-27.0030600185053],[153.097296815218,-27.0034760085178],[153.097354775173,-27.0037849985261],[153.09736579515,-27.0039599885286],[153.097339805122,-27.004208998528],[153.097313825098,-27.0044239885271],[153.097350835062,-27.0046769985328],[153.097414815017,-27.0049810085417],[153.097484824975,-27.0052559885509],[153.097559794937,-27.0054969885604],[153.097602824906,-27.0057109985664],[153.097688824874,-27.0058899985765],[153.097789814833,-27.0061359985886],[153.097881834801,-27.0063089885993],[153.097937824767,-27.0065389986067],[153.097974834734,-27.0067649986122],[153.098013814689,-27.0070910086188],[153.098069844652,-27.0073439886264],[153.098163794615,-27.0075619986376],[153.098148834498,-27.0085049986436],[153.098108824481,-27.0086749886409],[153.098138834452,-27.0088779986456],[153.098149814425,-27.0090859886483],[153.098175804385,-27.0093850086533],[153.098225844349,-27.0096269986603],[153.098229824325,-27.0098129986622],[153.098215814302,-27.0100099886623],[153.098207814279,-27.0102029986631],[153.098225844246,-27.0104449986668],[153.098258804206,-27.0107379986725],[153.098344834172,-27.0109389886827],[153.098400824141,-27.01114098869],[153.098497844081,-27.0115349787029],[153.09856182404,-27.0118099887115],[153.098637823997,-27.0120899787214],[153.098715823938,-27.0124899687324],[153.09875082392,-27.0126069787369],[153.098823823889,-27.0127919787457],[153.098880833852,-27.0130399787534],[153.098923803818,-27.0132759787596],[153.098998803782,-27.0134999787689],[153.09908082374,-27.0137639687793],[153.099171083658,-27.014343448793],[153.099491083592,-27.0146024488273],[153.100046103496,-27.0149054388855],[153.100858813353,-27.015359968971],[153.100863813327,-27.0155629689731],[153.100943823293,-27.0157699689828],[153.101061823259,-27.015942958996],[153.101243813211,-27.0161709490162],[153.101392843172,-27.0163539590326],[153.101644833114,-27.01660895906],[153.102367102976,-27.0171044491367],[153.10539780247,-27.0185959194537],[153.105846752383,-27.0189199195015],[153.106128782331,-27.0190949195313],[153.106590772237,-27.0194589195807],[153.106721762199,-27.0196539295954],[153.106858752161,-27.0198429296107],[153.107000772128,-27.0199869296262],[153.107236782086,-27.020122909651],[153.107423732049,-27.0202608996709],[153.107621752009,-27.0204149096921],[153.107789751973,-27.0205589097102],[153.107925751941,-27.020702899725],[153.107947731918,-27.0208599097285],[153.107951741902,-27.0209899097299],[153.108048761873,-27.0211349097408],[153.108145781854,-27.0212059097512],[153.10836773182,-27.0212918997742],[153.108640751782,-27.0213658998023],[153.108813731752,-27.0214588998204],[153.109056741707,-27.0216179098462],[153.109285741672,-27.0217028798699],[153.109576721632,-27.0217768798998],[153.109882741583,-27.0219118899317],[153.110422721505,-27.0220818899874],[153.110886711438,-27.0222308900353],[153.111261711382,-27.0223588900741],[153.111667701324,-27.022486870116],[153.111947691281,-27.0225938801451],[153.112119681252,-27.0226748701631],[153.112315681232,-27.0226718701828],[153.112454671215,-27.0226918701969],[153.112645681184,-27.0227778802168],[153.112955671114,-27.0230768702504],[153.113022691083,-27.0232728602588],[153.113171681047,-27.023433870275],[153.113421710998,-27.0236088603016],[153.113638660965,-27.0236948703242],[153.113931650918,-27.0238248503547],[153.114160680879,-27.0239388503787],[153.114365670842,-27.0240648504003],[153.114551640807,-27.02418486042],[153.114813670759,-27.0243498604477],[153.115177650698,-27.0245288504858],[153.115432670655,-27.0246648605126],[153.115706640609,-27.0247948605412],[153.115924660569,-27.0249318305642],[153.116085620535,-27.0250748405816],[153.116294620475,-27.025375830605],[153.116424630439,-27.0255538406196],[153.116548620406,-27.0257098306333],[153.116670610377,-27.0258368306466],[153.116866610325,-27.0260868206683],[153.117034070279,-27.026313450687],[153.117245630243,-27.0264238407092],[153.117473640213,-27.0264708307325],[153.117693660197,-27.0264148307542],[153.117964680167,-27.0264268207816],[153.118169660126,-27.0265868108036],[153.118344680084,-27.0267748208227],[153.118455600055,-27.0269078208349],[153.118648650013,-27.0270798108557],[153.118876629984,-27.0271258208791],[153.119233639947,-27.027120810915],[153.119358609918,-27.0272458109286],[153.119481619886,-27.0273958109422],[153.119695619834,-27.0276348109656],[153.119836649804,-27.0277507909808],[153.12002261977,-27.0278658010004],[153.120240639728,-27.0280247910236],[153.120415619687,-27.0282018010427],[153.120577639644,-27.0284078010606],[153.120897629554,-27.0288587910965],[153.121196639476,-27.0292307911295],[153.12157258938,-27.029674771171],[153.121736619327,-27.0299597811898],[153.121946609265,-27.0302767812134],[153.12210358922,-27.0305057712311],[153.122247589176,-27.0307337812474],[153.122404609129,-27.0309787812652],[153.122537619079,-27.0312647712808],[153.122754609011,-27.0316267813056],[153.122853598975,-27.0318277813172],[153.123031568918,-27.0321347713375],[153.123247578853,-27.032469751362],[153.123397588809,-27.0326977613789],[153.123612608751,-27.0329817614028],[153.123763578703,-27.0332377614201],[153.123924618667,-27.0333877614375],[153.124130588624,-27.0335527614596],[153.124310598587,-27.0337017614789],[153.124466608548,-27.033878771496],[153.124673598499,-27.0341007715186],[153.124847588461,-27.0342557615374],[153.125053598416,-27.0344427415596],[153.125615588322,-27.0347147416184],[153.126062598262,-27.0348227516643],[153.126438548215,-27.0348817417027],[153.126860568157,-27.0349907517461],[153.127097558118,-27.0351057417709],[153.12741656807,-27.0352207218039],[153.127813578008,-27.0353757318452],[153.128120577956,-27.0355367218774],[153.128561577876,-27.0358007119239],[153.129137547792,-27.0359897319835],[153.129885537693,-27.0361567120602],[153.130436537626,-27.0362256921163],[153.130864537585,-27.0361917121592],[153.131268527565,-27.0360147021985],[153.131654507538,-27.0359087022365],[153.132016517494,-27.0359577022734],[153.132215477465,-27.036021692294],[153.132355497443,-27.0360786923085],[153.132560517397,-27.0362676923307],[153.132368527374,-27.0366116823141],[153.132240517367,-27.0367776823025],[153.132105507353,-27.0370006822907],[153.131983487315,-27.0374076822816],[153.131912527276,-27.0377746822774],[153.131809527216,-27.0383356922715],[153.131790507151,-27.0388686822738],[153.131898517047,-27.0396076822905],[153.131911067023,-27.0397894422933],[153.132067066848,-27.041053452319],[153.132165076797,-27.0413724523315],[153.132398086676,-27.0421434623611],[153.132522076617,-27.0425054423765],[153.132551056584,-27.0427494423813],[153.132810066438,-27.0436924424149],[153.133002086321,-27.0444614524404],[153.133098086274,-27.0447584524525],[153.13323408619,-27.0453134524706],[153.133310076147,-27.0455914524804],[153.133500056065,-27.0460794425035],[153.133825095944,-27.0467694525417],[153.133808085884,-27.047267462544],[153.133825095857,-27.0474684625473],[153.133842065841,-27.0475794625499],[153.133747085826,-27.0477754525419],[153.133861075778,-27.0480634625557],[153.13449168537,-27.0507778726408],[153.134550605308,-27.0512256426503],[153.134428615306,-27.0513396426389],[153.13444161528,-27.0515346526418],[153.134549575231,-27.0518386226551],[153.134735585181,-27.0520796226758],[153.135016595118,-27.0523426427062],[153.135428064951,-27.0533334627555],[153.135332064957,-27.0533654427461],[153.135245084956,-27.053440442738],[153.135197084949,-27.0535404527339],[153.135197084935,-27.0536484627348],[153.135348604867,-27.0540626427533],[153.135520584825,-27.0542516327722],[153.135770574771,-27.0544746327992],[153.136220074646,-27.0550964528494],[153.136569594578,-27.0553416128866],[153.136703584528,-27.0556276129024],[153.136869594478,-27.0558856129212],[153.137016614434,-27.0561096129378],[153.13717057439,-27.0563326029551],[153.13740059433,-27.0566196129805],[153.137707594246,-27.0570326130148],[153.137892614179,-27.0574045930364],[153.138045584116,-27.0577775830548],[153.138160594056,-27.0581615930694],[153.138390583973,-27.0586255930963],[153.138608593914,-27.0589185931206],[153.138869603843,-27.0592626031497],[153.138953593793,-27.0595885931607],[153.138940603763,-27.0598356031614],[153.13917661371,-27.060064593187],[153.139509603658,-27.0601965732216],[153.139873573603,-27.0603285732594],[153.140148563556,-27.0604775732883],[153.140366543499,-27.0607415833124],[153.140820573434,-27.0608855733593],[153.14122353338,-27.0609775734006],[153.14144154336,-27.0609485834224],[153.141658533333,-27.0609835634446],[153.141908563298,-27.0610575634703],[153.142298523243,-27.0611615535105],[153.14263754319,-27.0613045535458],[153.142893513146,-27.0614375535727],[153.143194533093,-27.0616095636044],[153.143482513033,-27.0618445536353],[153.143673522984,-27.0620735836564],[153.143884522934,-27.0622915736794],[153.144013082895,-27.062496453694],[153.143878542887,-27.0626755536819],[153.14371151289,-27.0627895536659],[153.143782502859,-27.0629735536745],[153.143935512815,-27.0631965536917],[153.143954532781,-27.0634545536957],[153.143858532754,-27.0637475536884],[153.143951502707,-27.0640425537001],[153.144043522653,-27.0643945537122],[153.144145532629,-27.0645035537233],[153.14443907253,-27.0650394437572],[153.144695522458,-27.0654035637859],[153.144759502434,-27.0655355637934],[153.14485550241,-27.065650553804],[153.145060552359,-27.0658855638266],[153.14538106228,-27.0662434438618],[153.145946082156,-27.0667534539228],[153.146204532095,-27.067026533951],[153.146415512045,-27.067244533974],[153.146703091978,-27.0675394440054],[153.146852081948,-27.0676514640213],[153.147791521776,-27.0682305141207],[153.148050081732,-27.0683644541478],[153.148321531687,-27.0684945241762],[153.148597511646,-27.0685865242048],[153.149013501581,-27.0687585242481],[153.149460521509,-27.0689545342947],[153.149742481457,-27.0691374943246],[153.150023061398,-27.0693714643548],[153.150260491349,-27.0695565043802],[153.150906501264,-27.0696945144465],[153.151143501226,-27.0697975044712],[153.151437471181,-27.0699124945018],[153.151589201159,-27.0699590945174],[153.151885471116,-27.0700505045481],[153.152359461037,-27.0702854945977],[153.152576490999,-27.0704054846206],[153.152743440958,-27.0705894846389],[153.153005070901,-27.0708244546672],[153.15332448084,-27.0710424747011],[153.153606440786,-27.0712374847311],[153.153804460732,-27.0714954847531],[153.153843070664,-27.0720084547611],[153.153881070642,-27.0721524547661],[153.153907060634,-27.072190454769],[153.153967060618,-27.0722674547757],[153.154067070598,-27.0723464447864],[153.154139090585,-27.072385444794],[153.154233070572,-27.0724094648036],[153.154314070563,-27.0724174548119],[153.154525070545,-27.0723854448329],[153.154973080513,-27.0722604648771],[153.155396070477,-27.0721954549193],[153.15547444043,-27.0724994649296],[153.155295410443,-27.0725454749119],[153.155154410453,-27.072585464898],[153.154994430458,-27.0726824648826],[153.154815430459,-27.0728254748657],[153.154674470456,-27.0729684748526],[153.154655450427,-27.0732094748526],[153.154770460417,-27.0731924748641],[153.154891460423,-27.0730434748751],[153.155020450428,-27.0728944748869],[153.155148420429,-27.0727794648989],[153.155308440405,-27.0728424749156],[153.155365410381,-27.0729804649224],[153.15541042035,-27.0731874549286],[153.155659420256,-27.073731474958],[153.155704430209,-27.0740694649653],[153.15569143017,-27.0743844649665],[153.155750090122,-27.074716444975],[153.155783080095,-27.0749044649799],[153.155927440039,-27.075232444997],[153.15616344996,-27.0756624450243],[153.156438439875,-27.0761044450555],[153.156835419774,-27.0765744350993],[153.156866079756,-27.0766894551033],[153.156963459683,-27.0771934451171],[153.157097449637,-27.0774454551327],[153.157119499606,-27.0776683651367],[153.157135449585,-27.0778294451395],[153.157282469516,-27.0782474551577],[153.157440399446,-27.0786771151771],[153.157518439411,-27.0788894351866],[153.157653449352,-27.0792454352031],[153.157780069293,-27.0796044652187],[153.157786459267,-27.079806425221],[153.157857449239,-27.0799724252294],[153.157933079201,-27.080212465239],[153.158080069117,-27.0807524652581],[153.158215439036,-27.081279435276],[153.158284468952,-27.0818924352878],[153.158222088819,-27.0830004552903],[153.158075068745,-27.0837134652812],[153.158001078727,-27.0839144652753],[153.158285958691,-27.0839620653044],[153.158366438633,-27.0843564053157],[153.158488498557,-27.084855405332],[153.158705488447,-27.0855494153594],[153.158952088301,-27.0865034653918],[153.158967488285,-27.0866204253943],[153.159133488224,-27.0869644054138],[153.159133488215,-27.0870334154144],[153.15928649814,-27.0875033854335],[153.159388518084,-27.0878643954467],[153.15935047805,-27.0881673954453],[153.159484507985,-27.088563405462],[153.159676497931,-27.0888383854835],[153.159816517869,-27.0892114055006],[153.159912507817,-27.0895434055129],[153.160104497738,-27.090013395536],[153.160213487705,-27.0901793955484],[153.160449497664,-27.0903063955732],[153.160750477617,-27.0904323856046],[153.161141497558,-27.0905693756451],[153.161685787457,-27.0909201157028],[153.162238067262,-27.0920014657671],[153.162381437194,-27.092427365785],[153.162496447122,-27.0929023758004],[153.162874447023,-27.0933733658423],[153.163091436953,-27.0937453658671],[153.16307844692,-27.094020365868],[153.163097466875,-27.0943583658726],[153.163167466796,-27.0949263458842],[153.163353506708,-27.0954703559073],[153.163666496581,-27.0962153559448],[153.16386450651,-27.096616355968],[153.164088506405,-27.0972643459957],[153.164376496319,-27.0977003260283],[153.164663456231,-27.0981643460609],[153.16497746614,-27.0986173360962],[153.165316476048,-27.099070326134],[153.165726445959,-27.0994313161783],[153.166173465882,-27.0996663262252],[153.166974455765,-27.0999253263081],[153.167652445681,-27.1000283163774],[153.168625425571,-27.1000862964761],[153.169194055508,-27.1001114565337],[153.16966808546,-27.1000934565814],[153.170673075367,-27.099992466682],[153.171539075257,-27.1001424567706],[153.172133075176,-27.1002864668317],[153.17247905514,-27.1002844468666],[153.172593085121,-27.1003374468786],[153.173540075032,-27.1002554569735],[153.174190064961,-27.1002784570393],[153.174767054896,-27.1003104570978],[153.175382084834,-27.1002874671597],[153.176424044741,-27.1001554672639],[153.176850074714,-27.1000084673057],[153.178015084632,-27.0996874574208],[153.178405044604,-27.0995874574594],[153.179494064524,-27.0993054675671],[153.180729074439,-27.098952447689],[153.181485064383,-27.0987644477639],[153.182198054333,-27.0985634478343],[153.182616054297,-27.098498457876],[153.183369044245,-27.0982814579503],[153.18426005418,-27.0980534580384],[153.18456807415,-27.0980364580694],[153.185570074067,-27.0978584481692],[153.186519103985,-27.0977172082639],[153.187255133914,-27.0976662183379],[153.188399073803,-27.0975844684528],[153.190051063625,-27.0976204486199],[153.191064083517,-27.0976281987223],[153.191755073445,-27.0976221887921],[153.192440063378,-27.097582178861],[153.193068043317,-27.0975421789241],[153.193702013262,-27.0974461789874],[153.194334993204,-27.0973771790508],[153.194936993154,-27.0972741691108],[153.195538983108,-27.0971371791705],[153.196287963051,-27.0969651592448],[153.196857953017,-27.0967591693008],[153.197324962991,-27.0965761593465],[153.197753952984,-27.0962721493875],[153.198182932995,-27.0958251594273],[153.19850293301,-27.0954361594565],[153.198842933029,-27.0950011694874],[153.19910492306,-27.0945371495102],[153.199380063114,-27.0938794595328],[153.199582053185,-27.0931484695474],[153.200138063365,-27.0912614695885],[153.200287053427,-27.0906434495987],[153.200363043472,-27.090220449603],[153.200734063546,-27.0893294496334],[153.200768053565,-27.0891524696354],[153.201107063589,-27.0886794596659],[153.20144107362,-27.0881504696955],[153.20217782365,-27.0873011497632],[153.202767813624,-27.0870091698205],[153.2033128336,-27.0867451498735],[153.203856823593,-27.0863501599253],[153.204470753583,-27.0859151499839],[153.204861783577,-27.0856401700212],[153.205283793561,-27.0854171500621],[153.205827753532,-27.0851871601153],[153.206461753502,-27.084895150177],[153.206833733519,-27.0844541502111],[153.207082733557,-27.0839441602322],[153.207204713602,-27.0834861602409],[153.207402693654,-27.0829071602563],[153.207499743715,-27.0823401502616],[153.207541863767,-27.0818963602624],[153.207563733793,-27.0816701602628],[153.207524713878,-27.0810281502537],[153.207486713987,-27.0801971502433],[153.207365684134,-27.0791371602226],[153.207211684263,-27.0782431801999],[153.207090694395,-27.0772981801802],[153.206949694558,-27.0761231701566],[153.206873694676,-27.0752521801419],[153.206789674745,-27.0747711801296],[153.206636664862,-27.0739741801078],[153.206478074945,-27.0734444700876],[153.206306055063,-27.0726504700639],[153.206025075175,-27.0720014700303],[153.205645655353,-27.0709021799832],[153.205293645515,-27.0699171799398],[153.205129075598,-27.069390469919],[153.205123045629,-27.0691504699164],[153.205028075698,-27.0686874699032],[153.20494606574,-27.0684214598927],[153.204551055912,-27.0673844598446],[153.204498055937,-27.067234459838],[153.204370055992,-27.0669004598224],[153.204290086023,-27.0667244498129],[153.204242046039,-27.0666364698074],[153.204198066056,-27.0665354598021],[153.204153066075,-27.0664224597967],[153.204103056094,-27.0663154497908],[153.204038056122,-27.0661504497829],[153.20402107613,-27.0661024597808],[153.203976076143,-27.0660374597757],[153.203943076154,-27.0659724597719],[153.203921066164,-27.0659144697692],[153.203883076176,-27.0658514597649],[153.203478066348,-27.0648244697158],[153.20319606645,-27.0642504696827],[153.202716056638,-27.0631594696255],[153.202465086718,-27.0627374595968],[153.20244307673,-27.0626564695939],[153.202379056754,-27.0625204595863],[153.202247066806,-27.0622174595706],[153.201920066913,-27.061645459533],[153.201602627018,-27.0610742194964],[153.20122466715,-27.0603412094523],[153.20072563732,-27.0594122193945],[153.200278657465,-27.0586322393431],[153.200113167522,-27.0583163293239],[153.199849637613,-27.0578132192932],[153.199657647682,-27.0574292392708],[153.199472667739,-27.0571312392497],[153.199139677828,-27.0567012292127],[153.198870677903,-27.0563342191826],[153.198551698001,-27.0558192591462],[153.198135708119,-27.0552282590995],[153.197716068232,-27.0546844690528],[153.197521668284,-27.0544312590311],[153.197022678413,-27.0538242489758],[153.196670678515,-27.0533142689362],[153.196388678615,-27.0527522689033],[153.195934688737,-27.0521622688527],[153.19553168883,-27.0517602688088],[153.195052698965,-27.051090268755],[153.194502689108,-27.0504142786941],[153.194060709232,-27.0498002786445],[153.193510719373,-27.0491412885837],[153.193069729504,-27.0484652985338],[153.192557709643,-27.0477943084767],[153.192077729774,-27.0471522984231],[153.191655719886,-27.0466133083762],[153.191259730007,-27.0459833083312],[153.190913710127,-27.0453183182909],[153.190574700234,-27.0447563282522],[153.190223720336,-27.0442353182126],[153.189954710426,-27.0437473181815],[153.18953872055,-27.0431113281345],[153.189148720658,-27.0425783480908],[153.188630710803,-27.0418623380328],[153.188235090948,-27.0410374579863],[153.187946701043,-27.0405263379531],[153.187679081141,-27.0399714479216],[153.187243751265,-27.0393513478727],[153.186827721378,-27.0388013678263],[153.186437761494,-27.0381993577821],[153.186162731596,-27.0376203577498],[153.185868761707,-27.036984367715],[153.185542741816,-27.0363883576773],[153.185183761904,-27.0359923576379],[153.184973741986,-27.0355173576129],[153.184717772075,-27.0350243675831],[153.184467782164,-27.0345253875539],[153.184218742251,-27.0340383675249],[153.183988752322,-27.0336713674988],[153.183732782407,-27.0332073674692],[153.183444762494,-27.0327603774366],[153.183125742588,-27.0322793774005],[153.182965772646,-27.0319463773817],[153.18269676273,-27.031505387351],[153.182422762815,-27.0310633873198],[153.182102762907,-27.0305993872838],[153.181693743026,-27.0299973972377],[153.181482733096,-27.0296133972134],[153.18125176317,-27.0292183971869],[153.180913743272,-27.0286904071486],[153.180522753379,-27.0281634171049],[153.180158733488,-27.0276014070636],[153.179870753589,-27.0270454070301],[153.179679783673,-27.0265354170068],[153.179474763756,-27.0260424269822],[153.17919977385,-27.0255324269503],[153.178950733936,-27.0250514269214],[153.178701764024,-27.0245584368923],[153.1781327642,-27.0236354368275],[153.177927784275,-27.0232114468034],[153.177627754376,-27.0226604467688],[153.177326734478,-27.0221054467339],[153.177122744564,-27.0215894467092],[153.177026744607,-27.0213254466974],[153.176905744642,-27.0211534566839],[153.176687774706,-27.0208214566592],[153.176527754766,-27.0204824566403],[153.176342734838,-27.0200644666183],[153.176055774957,-27.0193594765837],[153.175863785034,-27.0189014665607],[153.175499765166,-27.018156476518],[153.175256755265,-27.0175774564889],[153.174975775375,-27.0169354964554],[153.174738745468,-27.0163904864271],[153.174527775561,-27.0158294864014],[153.174131785699,-27.0150664963553],[153.17394673578,-27.0145734863327],[153.173632755885,-27.0140064962965],[153.173428755961,-27.0135655162724],[153.173064786085,-27.0128885062303],[153.172808766173,-27.0124015162005],[153.172738066204,-27.0122174561919],[153.172406756335,-27.0114504961524],[153.172220756408,-27.0110255161302],[153.171965766506,-27.0104585261],[153.171690736595,-27.0099775260684],[153.171479766679,-27.0094845260432],[153.171198756788,-27.0088595160098],[153.171019756863,-27.0084125259882],[153.170770756964,-27.0078165459583],[153.17057876704,-27.0073695459354],[153.170310747146,-27.0067505359034],[153.170016777244,-27.0062175358695],[153.169850737321,-27.005747545849],[153.169633747405,-27.0052545358231],[153.169422737491,-27.0047495557978],[153.169204757566,-27.0043375657725],[153.168981747658,-27.0037875557456],[153.168777747739,-27.0033175657213],[153.16859177782,-27.0028245556986],[153.168361757904,-27.0023485556716],[153.16808778801,-27.0017355556391],[153.167940768082,-27.0012875756207],[153.167742758175,-27.0007095855961],[153.167359758355,-26.9996025855486],[153.167128748455,-26.9989955755204],[153.166926758549,-26.9984155854955],[153.166928328568,-26.9982685654944],[153.166825328618,-26.9979515654815],[153.166665308681,-26.9975845854624],[153.166446308747,-26.9972485854377],[153.166278298805,-26.9969275954182],[153.166119308867,-26.9965615853992],[153.165764309041,-26.9954725853547],[153.16553129913,-26.9949646153271],[153.165354309198,-26.9945705953061],[153.165121329297,-26.9939785952779],[153.16488432939,-26.9934356052497],[153.164677299476,-26.9929236052247],[153.164517289544,-26.9925186152053],[153.164430269592,-26.992205615194],[153.164271279642,-26.9919386251759],[153.164069289713,-26.9915446251524],[153.163883249792,-26.9910746351298],[153.163684289881,-26.9905286251054],[153.163443279982,-26.9899246250763],[153.163257270054,-26.9895086250542],[153.163025280137,-26.9890426550271],[153.162860300209,-26.9886066450069],[153.162654250283,-26.9881906549828],[153.162464270371,-26.9876476449593],[153.162282280445,-26.9872156449375],[153.162050250534,-26.98670066491],[153.16182125063,-26.9861236648823],[153.161584260724,-26.985573664854],[153.161390220803,-26.9851076648307],[153.161238240886,-26.9845796548112],[153.161027230968,-26.9841026847861],[153.160858241044,-26.9836356747653],[153.160693261129,-26.9830936847444],[153.16052926122,-26.9825126847232],[153.160287191326,-26.9818666846936],[153.160032241449,-26.9811026946618],[153.159889231525,-26.9806166946435],[153.15981419159,-26.9801657046324],[153.159603181676,-26.979657694607],[153.159447181753,-26.9791726945874],[153.159235191854,-26.978545694561],[153.159048241968,-26.9777927245362],[153.158863182037,-26.9773987145143],[153.158669192115,-26.9769367144911],[153.158560202188,-26.9764477244762],[153.158383172264,-26.9759967044547],[153.158150192369,-26.9753547444261],[153.157959152476,-26.9746627344013],[153.15778716255,-26.9742117343804],[153.157596192648,-26.9735967443562],[153.157410152746,-26.9729657443324],[153.157270142854,-26.9722247643124],[153.157067132942,-26.9716967542877],[153.156897153047,-26.9710047642651],[153.156792173154,-26.9702367542483],[153.156627123239,-26.9697017542274],[153.156411113344,-26.9690407642004],[153.156246103433,-26.9684707841792],[153.15621109347,-26.9682107841736],[153.156159123507,-26.9679547741663],[153.156119113546,-26.9676797741601],[153.1560241436,-26.9673277741477],[153.155928153645,-26.9670487741358],[153.155863103689,-26.9667547741269],[153.155751123739,-26.9664487641131],[153.155728123774,-26.9661887641087],[153.15562414385,-26.9656727840941],[153.155558113896,-26.965358784085],[153.155450073944,-26.9650727940718],[153.155317103993,-26.9647897940561],[153.155213074038,-26.9645147940435],[153.155109094095,-26.9641517840301],[153.155035064132,-26.9639147840207],[153.154927064183,-26.9636007840073],[153.15478909424,-26.9632607939907],[153.154634074316,-26.9627838039713],[153.154522094367,-26.9624778139575],[153.154439054416,-26.9621528039465],[153.154369084465,-26.9618238039369],[153.154308094506,-26.9615488239285],[153.154166034564,-26.9612008139114],[153.154032084637,-26.9607348238942],[153.153966054681,-26.9604368238852],[153.15387206472,-26.9602038338738],[153.153785054767,-26.9599018238626],[153.153593064884,-26.9591328338371],[153.153468084944,-26.9587588338216],[153.153385045005,-26.9583458238099],[153.153320075045,-26.9580778338012],[153.153212075102,-26.9577148437874],[153.153082025162,-26.9573438437713],[153.152983005218,-26.9569848537585],[153.152878025284,-26.9565458437444],[153.15280002533,-26.9562438537341],[153.152675015392,-26.9558538537184],[153.15252802546,-26.9554328537002],[153.15243301551,-26.9551198636882],[153.15235403556,-26.9547878636775],[153.152267015613,-26.9544318736659],[153.152164055652,-26.9542098736538],[153.15209502569,-26.9539658736449],[153.152037975727,-26.9537208636372],[153.151993995774,-26.95338386363],[153.151898985821,-26.9530898636181],[153.151828985872,-26.9527348636082],[153.151694985936,-26.9523368935915],[153.151592025981,-26.952069883579],[153.151478986046,-26.9516418835642],[153.151366966096,-26.9513358735505],[153.151241006156,-26.9509688935348],[153.151162966211,-26.950593873524],[153.151097996246,-26.9503728735157],[153.151018936298,-26.9500248935049],[153.150898966345,-26.9497459134906],[153.150726936401,-26.9494409034708],[153.150634956463,-26.9490279134582],[153.150569946507,-26.9487299134493],[153.150474946556,-26.9484159134372],[153.150391976612,-26.9480408934259],[153.150313976655,-26.9477618934158],[153.150188966706,-26.9474609034008],[153.150063986768,-26.9470739033851],[153.149984966815,-26.9467648933747],[153.14992397686,-26.946454913366],[153.149819986919,-26.9460729033525],[153.149715956986,-26.9456299233385],[153.149632957033,-26.9453239133277],[153.149554957079,-26.9450219233174],[153.149399947148,-26.9445979132984],[153.149274937197,-26.9443149232835],[153.14919692724,-26.9440359232734],[153.1490759373,-26.9436579132582],[153.148950917356,-26.9433209132429],[153.148791927413,-26.9429999232243],[153.14871293746,-26.9426909232139],[153.148656947506,-26.9423699232057],[153.148534927571,-26.9419529131901],[153.148366917645,-26.9415019431695],[153.148232927718,-26.9410359431523],[153.148115947779,-26.9406419331374],[153.148079957822,-26.9403359431313],[153.148018927867,-26.9400259331227],[153.147880927926,-26.9396709431059],[153.147729927987,-26.9393119530878],[153.147591958067,-26.9387879330697],[153.147512898114,-26.9384819430593],[153.147391898175,-26.938092943044],[153.147236918249,-26.9376339430247],[153.147105078307,-26.9372854630087],[153.146958388318,-26.9373202229941],[153.139518268869,-26.9391278322583],[153.136363099102,-26.9398964519464],[153.125670089893,-26.9425084508895],[153.116290100591,-26.9447694499626],[153.105047081426,-26.9474964588521]]],[[[153.290565508062,-27.5301636322239],[153.290587478045,-27.5302786322271],[153.290651968025,-27.5303754822344],[153.290887427978,-27.5305486422596],[153.291294447934,-27.5305476423009],[153.291358427923,-27.5305866423077],[153.291358427905,-27.5307216323088],[153.291209437902,-27.5308766222949],[153.291210457882,-27.5310316422962],[153.291317437858,-27.5311276323078],[153.291488437835,-27.5311656323255],[153.291788437803,-27.5311646323559],[153.292258447775,-27.5309896424022],[153.292557457775,-27.5307376324305],[153.292814417747,-27.5307366224566],[153.29304943771,-27.5308326124812],[153.293542407645,-27.5309276125319],[153.294013437572,-27.5311006225811],[153.294420417516,-27.5311956226231],[153.294527397495,-27.5312726226346],[153.295170377396,-27.5315026127016],[153.29527797739,-27.5314634827122],[153.295276377415,-27.5312706227105],[153.294933827501,-27.5308855026727],[153.294846007564,-27.5304594526605],[153.294738367593,-27.5303246226485],[153.294716357605,-27.5302476126456],[153.294330407681,-27.5299786226044],[153.294223427698,-27.5299396225932],[153.294094397726,-27.5298246225792],[153.293901417791,-27.5294766225569],[153.29377239782,-27.5293606225429],[153.293729427837,-27.5292646125378],[153.293643397853,-27.5292066125286],[153.293535397887,-27.5290336225163],[153.29330015794,-27.5288204624907],[153.293170397961,-27.5287636324771],[153.292871387993,-27.5287646324468],[153.292743417999,-27.5288226224343],[153.292508397995,-27.5290556324123],[153.292209468009,-27.529191632383],[153.292038458027,-27.5291926223657],[153.291759458072,-27.5290766323365],[153.291738428082,-27.5290186323339],[153.291630468103,-27.5289426323223],[153.291544428135,-27.5287686423122],[153.291480008191,-27.5283814423026],[153.291500418199,-27.5283046223041],[153.291456428253,-27.5279176422966],[153.291304448326,-27.5274736422776],[153.291112088386,-27.5271644522557],[153.291068438393,-27.5271456422511],[153.291068438398,-27.5271066422508],[153.290897178438,-27.5269335222321],[153.290810458455,-27.5268756322228],[153.290662078471,-27.5268754622078],[153.290575428475,-27.5269146321993],[153.290469468469,-27.5270506421896],[153.290362458439,-27.5273796221814],[153.290364428404,-27.5276506321837],[153.290429468355,-27.5279786421929],[153.290730448271,-27.5283836422266],[153.29083746825,-27.5284606322381],[153.290902438228,-27.5285766322456],[153.29107343819,-27.5287306222641],[153.291160418146,-27.5290016322751],[153.291118438126,-27.5291946422724],[153.290691428137,-27.5294666322312],[153.290542438123,-27.529699632218],[153.290499478113,-27.5298156322145],[153.290500458081,-27.5300666422166],[153.290565508062,-27.5301636322239]]],[[[153.344079464503,-27.513079387522],[153.34410147449,-27.5131574075249],[153.344337484438,-27.5133683975505],[153.344381464386,-27.5137363975579],[153.34446913436,-27.5138714475679],[153.344553494341,-27.5139483875771],[153.344660504327,-27.5139673875881],[153.344831434321,-27.5138703976047],[153.344981454305,-27.5138693976199],[153.34500342429,-27.5139663876229],[153.344918454285,-27.5140824076152],[153.344918454275,-27.5141593976158],[153.345025434256,-27.5142173976272],[153.345238444253,-27.5140624076476],[153.345495444235,-27.5139833976731],[153.346030424176,-27.5140013777276],[153.346180474165,-27.5139623777426],[153.346265444165,-27.5138843777506],[153.346479444145,-27.5138643877722],[153.346650414112,-27.5139803777905],[153.346779404096,-27.5139983778037],[153.346949424095,-27.5138633878199],[153.347056444108,-27.5136693778293],[153.346990414157,-27.5133403878199],[153.347118414158,-27.513224377832],[153.347160424174,-27.5130693778351],[153.347224414177,-27.512992387841],[153.347180434236,-27.5125673878331],[153.347435424268,-27.5121023878554],[153.347498414291,-27.51186937786],[153.347476404306,-27.511773387857],[153.347368444337,-27.5116193878448],[153.347368444364,-27.5114063778431],[153.347453854377,-27.5112324778504],[153.347623354369,-27.511154377867],[153.348135384371,-27.5107073779155],[153.348178924367,-27.5107075079199],[153.34824236437,-27.5106303779258],[153.348519364362,-27.5104553879525],[153.348818364367,-27.5101643779806],[153.348924404376,-27.5100083679902],[153.349009374374,-27.5099503779984],[153.349094344382,-27.5098153780059],[153.349286334382,-27.5096593880242],[153.349520374396,-27.5093493880456],[153.349627354395,-27.5092723880558],[153.349733354406,-27.5090973780652],[153.349840364404,-27.5090203780755],[153.349882344412,-27.508923388079],[153.350010964413,-27.5088064480911],[153.350010344418,-27.5087683680908],[153.350202334425,-27.5085543881086],[153.350266904433,-27.5084385181142],[153.350351884431,-27.5083804681224],[153.350542304443,-27.5081283881398],[153.350628334439,-27.5080893881482],[153.350670814447,-27.5079924781518],[153.350777324448,-27.5078953781618],[153.350861304466,-27.5076823881687],[153.351138304478,-27.5073523781942],[153.351351324503,-27.506984378213],[153.351436334501,-27.5069263882212],[153.351543274512,-27.5067523682307],[153.35162828451,-27.5066933782388],[153.351628064515,-27.5066554282385],[153.351669824513,-27.5066354482426],[153.351670294518,-27.5065973782423],[153.351947254533,-27.5062483782677],[153.352181044535,-27.5060344482898],[153.352246264531,-27.5060153882963],[153.352480304535,-27.5057823783182],[153.352544284531,-27.5057623783246],[153.352778294536,-27.5055303783465],[153.352843074531,-27.505510468353],[153.353269254533,-27.5051413783934],[153.353482084525,-27.5050254584141],[153.353568114528,-27.5049285184221],[153.353609864524,-27.5049274384263],[153.353652024527,-27.5048684784301],[153.35378127452,-27.5048113684428],[153.353952274522,-27.504656358459],[153.354165254516,-27.5045203684796],[153.354207844512,-27.5045194584839],[153.354293144515,-27.5044224484918],[153.35433621451,-27.5044223684962],[153.354506234507,-27.5043063585125],[153.354634204508,-27.5041893685246],[153.354848244503,-27.5040533685453],[153.354891124498,-27.5040534485497],[153.354955224501,-27.5039753585556],[153.355146224493,-27.5038783585742],[153.355167944496,-27.5038405085761],[153.355211164491,-27.5038395085805],[153.355253204494,-27.5037813685843],[153.355659194475,-27.5035873586241],[153.355851224472,-27.5034503586425],[153.355935864466,-27.503431458651],[153.355958174468,-27.5033923686529],[153.35619220446,-27.5032563586757],[153.356278204454,-27.5032363586842],[153.356363174455,-27.5031593586923],[153.356747194438,-27.5029643687298],[153.356769204441,-27.5029253687317],[153.358157144367,-27.5023413488682],[153.359010954313,-27.5020485289527],[153.359289124303,-27.5018923489798],[153.359503124288,-27.5018343490011],[153.360400144244,-27.5014243390891],[153.361019074203,-27.5012293491505],[153.361574094173,-27.5009953392051],[153.36232209412,-27.5007803292794],[153.362365084121,-27.5007413392835],[153.363134074061,-27.5005643293603],[153.363903054011,-27.5003103194365],[153.36430907398,-27.500212329477],[153.364823033935,-27.5001333295287],[153.364908043931,-27.500094339537],[153.365036043917,-27.50009433955],[153.365891023853,-27.4998783096353],[153.36625500382,-27.499838309672],[153.3665320038,-27.4997603196996],[153.367322993733,-27.4996223097789],[153.368413973629,-27.4995213198891],[153.369055973563,-27.4995002799543],[153.369483973512,-27.4995372799981],[153.36976195347,-27.4996333000271],[153.370169953392,-27.4999022900708],[153.370320953341,-27.5001722900883],[153.370320953314,-27.5003852800899],[153.37019397329,-27.5006752900793],[153.370173973273,-27.5008302800785],[153.370281973229,-27.5010812900915],[153.370474953189,-27.5012352901123],[153.370688983156,-27.5013122801347],[153.370987993124,-27.5013102801651],[153.371308933105,-27.5011942701969],[153.371585933095,-27.5010382802238],[153.371841943097,-27.500805270248],[153.371862933105,-27.5007272802495],[153.371969913103,-27.5006502802598],[153.371991123109,-27.5005925002615],[153.372097923105,-27.5005332702719],[153.372156243108,-27.5004551002772],[153.372246913104,-27.5004172702861],[153.372524933076,-27.5003972703143],[153.372588923077,-27.5003382803203],[153.372587893114,-27.5000482703179],[153.372629913129,-27.499894280321],[153.372863913154,-27.4995062803417],[153.372969903155,-27.4994092803517],[153.373183903145,-27.4993122703727],[153.373354873131,-27.4992722703898],[153.373717903093,-27.4992712704267],[153.373846893072,-27.4993282704403],[153.373931903065,-27.4993092704488],[153.373995883073,-27.4991932704544],[153.37401588311,-27.498883270454],[153.374335883111,-27.4986112604844],[153.374442863104,-27.498572270495],[153.374634853104,-27.4984172705133],[153.374761873115,-27.4982232605247],[153.374761873132,-27.4980882705236],[153.374631893181,-27.4978182805082],[153.37458598327,-27.4971604404984],[153.374543893282,-27.4971032704936],[153.374520863304,-27.4969482804901],[153.374519843348,-27.4966002804872],[153.374475863385,-27.4963492704808],[153.374471843512,-27.4953632904725],[153.374254813636,-27.4945712904442],[153.37418784372,-27.4939723004326],[153.374035853806,-27.4934312804129],[153.374035853821,-27.493315290412],[153.373884853866,-27.4930843003948],[153.373670813902,-27.4929872803722],[153.373541823928,-27.4928912903583],[153.373368853986,-27.4925823003383],[153.373283844002,-27.4925252803292],[153.373218834024,-27.4924092903217],[153.373111854048,-27.49231331031],[153.373089844063,-27.492216310307],[153.373195844071,-27.4920613003166],[153.373194824096,-27.4918683103149],[153.373151864113,-27.4917713103098],[153.372958814151,-27.4916373002891],[153.372637834182,-27.4916573202566],[153.372573844194,-27.4916183002498],[153.372550814244,-27.4912513202445],[153.372378824287,-27.4910583102255],[153.372355864324,-27.490788320221],[153.372291844343,-27.4906923002138],[153.372141834369,-27.4906153101979],[153.372119854376,-27.4905763101954],[153.371841834421,-27.4904613101662],[153.371626814468,-27.4902683001428],[153.371369824503,-27.4902113001162],[153.371133844546,-27.4900773300911],[153.37109081456,-27.4900003300861],[153.371110814605,-27.4896323300852],[153.371003834631,-27.4895173300734],[153.370810824654,-27.4894983300536],[153.370682814656,-27.4895953300414],[153.370511884669,-27.4896343200243],[153.370083884719,-27.4895973199805],[153.369891894735,-27.4896373199613],[153.369764184741,-27.4896954899487],[153.369571864737,-27.4898893299307],[153.369464884748,-27.4898893299198],[153.36935786477,-27.4898123299083],[153.369271874799,-27.4896583198984],[153.369185874813,-27.4896203198893],[153.368843874849,-27.4896213198545],[153.368693854875,-27.4895443198387],[153.368564904889,-27.4895443198255],[153.368500924901,-27.4895063198187],[153.368136904947,-27.4894493397812],[153.36792290498,-27.4893733397589],[153.36777289501,-27.4892573497427],[153.367686975022,-27.4892384597338],[153.367664925029,-27.4892003497313],[153.36753691505,-27.4891423497178],[153.367514875058,-27.4891034697152],[153.367473115062,-27.489103469711],[153.367428915074,-27.489046339706],[153.3672579151,-27.4889883396882],[153.367128925126,-27.4888923496743],[153.366807905173,-27.4887973496409],[153.366700925184,-27.48879734963],[153.366572915205,-27.4887393496165],[153.366037935272,-27.4886643495615],[153.365395935338,-27.4886853494964],[153.365117915363,-27.4887253594684],[153.364946915376,-27.4887643594513],[153.364862015378,-27.4888224894431],[153.364797925384,-27.4888233594366],[153.364519935399,-27.4889403694093],[153.364220965429,-27.488960369379],[153.363963975439,-27.489096359354],[153.363835965452,-27.489097359341],[153.363749975469,-27.4890393593318],[153.363663975496,-27.4889043693219],[153.363705955531,-27.4885943693238],[153.36364098555,-27.4884983693164],[153.363533965564,-27.4884793693054],[153.363384975562,-27.4886153592913],[153.363277955569,-27.4886543592807],[153.362977965618,-27.4885203692491],[153.362870945632,-27.4885013692381],[153.36265697567,-27.4883853692154],[153.362548975684,-27.4883673692043],[153.362356985719,-27.4882513591839],[153.362226975765,-27.4880003891686],[153.362076955801,-27.4878463891522],[153.361819995843,-27.4877313791251],[153.361690975859,-27.4877123791119],[153.361563005883,-27.4876353790982],[153.361390975906,-27.4875973790804],[153.361198005944,-27.4874623890597],[153.361069995963,-27.4874243890464],[153.360854976008,-27.4872513790232],[153.360790986029,-27.4871353790158],[153.360512016062,-27.4871173789873],[153.360319996094,-27.487021378967],[153.360212026118,-27.4869243889552],[153.36014800614,-27.4868083789478],[153.360146986165,-27.4866153789462],[153.36018899618,-27.4864603889492],[153.360145996199,-27.4863453789439],[153.359994996238,-27.4861713989272],[153.359994996243,-27.4861323989269],[153.359801986276,-27.4860364089065],[153.359716026297,-27.485940388897],[153.359588026321,-27.4858633988834],[153.359415996344,-27.4858253988656],[153.359288026368,-27.4857483988519],[153.359116006388,-27.4857293988343],[153.35879604642,-27.485750398802],[153.358604056421,-27.4859054087836],[153.358433056432,-27.4859644087667],[153.358284056435,-27.4860613987523],[153.35824102643,-27.4861383987486],[153.358221026397,-27.4864093987487],[153.358178026392,-27.4864873987449],[153.3579860364,-27.4865843987262],[153.357987026373,-27.486797408728],[153.357944026373,-27.4868353987239],[153.357816056384,-27.486855398711],[153.357666046412,-27.486759408695],[153.357538036431,-27.4867214086817],[153.357366046446,-27.4867414086644],[153.357217056452,-27.4868193986498],[153.357068066439,-27.4870514086365],[153.357069086419,-27.4872063986379],[153.357241076361,-27.4875144086578],[153.357221076314,-27.4879013886588],[153.357286076289,-27.4880364086665],[153.35737206627,-27.4881133986758],[153.357908076188,-27.4883053987319],[153.358165076139,-27.4884784087594],[153.358251066117,-27.4885743987689],[153.358315016108,-27.4885943987755],[153.358423016082,-27.4887093987874],[153.358487036072,-27.4887283987941],[153.358659026029,-27.4889213888131],[153.358724036003,-27.4890753788209],[153.358831015979,-27.4891723788326],[153.359088045942,-27.4892483788593],[153.359216055928,-27.4892483788723],[153.359474035876,-27.4894403889001],[153.359816035842,-27.4894203889347],[153.359945025813,-27.4895353889487],[153.360202025776,-27.4896123789755],[153.360223015764,-27.4896893789782],[153.360181035763,-27.4897283789742],[153.359838015807,-27.4896713789389],[153.359688835823,-27.4896724289238],[153.359646025823,-27.4897103789197],[153.359668025803,-27.489846388923],[153.359754025784,-27.4899233889324],[153.360161035721,-27.490076378975],[153.360161145713,-27.4901345089754],[153.360118035713,-27.4901733789714],[153.359990035727,-27.4901733789583],[153.359776035759,-27.490097378936],[153.35958302578,-27.4900973789164],[153.359477025784,-27.490156378906],[153.359455015779,-27.4902143889043],[153.359306025777,-27.4903503888902],[153.359071035795,-27.4904083788668],[153.358408085873,-27.4903533787989],[153.358301065882,-27.4903723787882],[153.358280085877,-27.4904303787865],[153.358216055879,-27.4904693787803],[153.358066045895,-27.4904703787651],[153.357916065921,-27.4903933787492],[153.357745065939,-27.4903933987318],[153.357575045925,-27.4906454087165],[153.357319075932,-27.4908013986917],[153.357234095929,-27.4908983886838],[153.357105105938,-27.490937408671],[153.356956115954,-27.4909384086559],[153.356870015958,-27.4909774386474],[153.356615095956,-27.4912093986234],[153.35659407594,-27.4913454086223],[153.356680105924,-27.4914024086315],[153.356829095906,-27.4914214086468],[153.357064115895,-27.4913053886698],[153.357171065884,-27.4913043886806],[153.357193115874,-27.4913624086834],[153.357150075871,-27.4914204086794],[153.356830085886,-27.4915763986481],[153.356488115917,-27.4916163986137],[153.356296125928,-27.4916944085948],[153.355848125936,-27.4920053985517],[153.355549115951,-27.4921414085223],[153.355228135972,-27.4922393984905],[153.355121115977,-27.4922973984801],[153.355036145973,-27.4923943984722],[153.354695125987,-27.4925693984389],[153.354395136014,-27.4926093984087],[153.353775146088,-27.4925533983452],[153.353433176119,-27.4925933983108],[153.35326217613,-27.4926514182939],[153.353091136134,-27.4927684282774],[153.352258206198,-27.4929644181943],[153.351703186225,-27.4932174181398],[153.35146717625,-27.4932184181159],[153.351253216283,-27.4931424180935],[153.35101818631,-27.4931234180695],[153.350269246388,-27.4931454179935],[153.350076236411,-27.4931264179737],[153.349905226437,-27.4930694179559],[153.3493062265,-27.493071437895],[153.349071206518,-27.4931294378716],[153.348729276555,-27.4931304378368],[153.348515236568,-27.4932084278157],[153.347916276619,-27.4933074377556],[153.347296286683,-27.4933294376928],[153.347082246713,-27.4932714376705],[153.346996256732,-27.4931944476612],[153.346846276748,-27.493195447646],[153.346719296742,-27.4933504376343],[153.346611836753,-27.4933504776234],[153.346419266776,-27.4933324376036],[153.34633330679,-27.4932934375946],[153.346183286829,-27.493120447578],[153.346097296843,-27.4930814275689],[153.345969286856,-27.4930824475559],[153.345862276858,-27.4931594375457],[153.345798286865,-27.4931604375392],[153.345627286885,-27.4931414375216],[153.345413286918,-27.4930644674993],[153.345049306957,-27.4930654574623],[153.344771326972,-27.493182457435],[153.344473336982,-27.4933574474061],[153.344430306979,-27.4934154674021],[153.344174326991,-27.4935324573771],[153.344046326975,-27.4937654473659],[153.343919306974,-27.4938814573539],[153.343855316966,-27.4939974573483],[153.343706326967,-27.4941144473341],[153.343663296959,-27.4942114673305],[153.343556346961,-27.4942884573202],[153.343535326955,-27.4943474573186],[153.343364356959,-27.4944634473021],[153.343172366982,-27.4944444472824],[153.342917157004,-27.4944844672568],[153.342423347062,-27.4944474472063],[153.341184107194,-27.4944514470804],[153.340969917212,-27.494490497059],[153.340862397209,-27.494607457049],[153.340798367213,-27.4946264570426],[153.340499367242,-27.4946464670124],[153.340457387225,-27.4948204670095],[153.340371947221,-27.4949174570016],[153.340115417229,-27.4950734669768],[153.339795387256,-27.4951324669447],[153.339560437266,-27.4952494769218],[153.339496417263,-27.4953264769159],[153.339475397245,-27.4954814669149],[153.339304427254,-27.4955594668982],[153.33917740725,-27.4956954768864],[153.338749407288,-27.4957544768433],[153.338621437292,-27.495832466831],[153.338621437282,-27.4959094668316],[153.338686447265,-27.4959864768388],[153.338643447255,-27.4961024768353],[153.338323457279,-27.4961814668034],[153.338131427278,-27.4963554667853],[153.338131427258,-27.4965104767865],[153.338239427234,-27.4966074667983],[153.338261437212,-27.4967614668017],[153.338176467209,-27.4968584767939],[153.337962427214,-27.4969944767732],[153.337878447189,-27.4972654767668],[153.337814457185,-27.4973434767609],[153.337686457192,-27.4974014767484],[153.337408507219,-27.4974214667203],[153.337195457214,-27.4976354767003],[153.33698149723,-27.497693476679],[153.336938457227,-27.4977524766751],[153.33691882721,-27.4979064466744],[153.336854477209,-27.4979644666683],[153.336683467222,-27.4980044766512],[153.336640917217,-27.4980814966475],[153.336641497202,-27.4981974766485],[153.336856477135,-27.4985444766731],[153.337156507083,-27.4986984667048],[153.337284477067,-27.4987174667179],[153.33756348701,-27.498929476748],[153.33762849699,-27.4990254767553],[153.337714486976,-27.4990644767644],[153.337842496963,-27.4990634767774],[153.337906476961,-27.4990244567836],[153.338077476943,-27.4990244568009],[153.33812087693,-27.4990824768058],[153.338142486911,-27.4992174468091],[153.338336486846,-27.4995644568315],[153.338593476811,-27.4996224568581],[153.338700456792,-27.4996794468694],[153.338700496777,-27.4997954468703],[153.338659066779,-27.4998154468663],[153.338594466771,-27.4999314568606],[153.338660166747,-27.5000664568684],[153.338723456735,-27.5001044468751],[153.338831456704,-27.5002594468873],[153.338939136687,-27.5002974768986],[153.339024466669,-27.5003744569078],[153.33915247665,-27.5004124569211],[153.339260446626,-27.5005094569329],[153.339495426586,-27.5006244469577],[153.339668476518,-27.5010104569783],[153.339968466452,-27.5012804570109],[153.340206016382,-27.5016274970378],[153.340227436352,-27.5018404370417],[153.340079426329,-27.5021494370291],[153.340143446302,-27.5023044370368],[153.34040146626,-27.5024194270639],[153.340445046248,-27.5024774670688],[153.340551446231,-27.5025154270799],[153.340744456186,-27.5027084371011],[153.340808996177,-27.5027274771078],[153.34085184616,-27.5028235071129],[153.340766436149,-27.5029784271054],[153.340960466104,-27.5031714371267],[153.341217466061,-27.5032874371537],[153.341281446047,-27.5033444271607],[153.341538446007,-27.5034404271875],[153.341668455974,-27.503594437202],[153.341647065961,-27.5037104572007],[153.341540455955,-27.503846427191],[153.341584475901,-27.5042334271985],[153.341692475862,-27.5044454372112],[153.341864465834,-27.5045224372292],[153.342014445796,-27.5046954272459],[153.34212299575,-27.504965517259],[153.34216544574,-27.5050044172636],[153.342144965728,-27.5051204872625],[153.341953085723,-27.5053144372445],[153.341996445689,-27.5055464172508],[153.341976115667,-27.5057395172502],[153.342104995628,-27.5059324672648],[153.342084445583,-27.5063004172657],[153.341978455572,-27.5064744072563],[153.341850815574,-27.5065714572441],[153.341743465585,-27.5065724272332],[153.341616115609,-27.5064954972196],[153.341294475643,-27.5064964271869],[153.340846075678,-27.5065945071421],[153.34078198567,-27.5067105271366],[153.340783075638,-27.5069614371386],[153.34067547564,-27.5070394371283],[153.340634015634,-27.5071175071247],[153.340655475617,-27.5072324071278],[153.340826985577,-27.5074064971466],[153.341019455551,-27.5074444171665],[153.341340505537,-27.5072884071979],[153.3416184855,-27.5073454272266],[153.341810475496,-27.507209417245],[153.341853005504,-27.5071124572486],[153.341959475498,-27.5070744172591],[153.342045465484,-27.5071124172681],[153.342067915469,-27.5072084872712],[153.342003855444,-27.5074604972666],[153.342090465392,-27.507788407278],[153.342241475339,-27.5080784172957],[153.342264105312,-27.5082714772995],[153.342201465272,-27.5086394072961],[153.342202485235,-27.5089294172984],[153.342288485208,-27.5090644073083],[153.342588115181,-27.5090245073384],[153.342673485164,-27.5090824073475],[153.342696845113,-27.5094684873529],[153.342825475069,-27.5097004173679],[153.342912855018,-27.5100294473793],[153.342913944991,-27.5102414873811],[153.343063454945,-27.5104734273981],[153.343192474924,-27.5105304074117],[153.343343044905,-27.5105494574272],[153.343385854896,-27.5105884374318],[153.343406474886,-27.5106453974344],[153.343365014883,-27.5107044574306],[153.343365014868,-27.5108204674315],[153.343472504835,-27.5109934074438],[153.343515864827,-27.5110135174484],[153.34351586481,-27.5111485074495],[153.343409474792,-27.5113804074405],[153.343196494797,-27.5115163974199],[153.342811454816,-27.5116923873822],[153.34240648482,-27.5120024173435],[153.342256504833,-27.5120224073284],[153.341829964857,-27.5121974572864],[153.341702144855,-27.5123144572744],[153.341680534845,-27.5124114072729],[153.341724114831,-27.512488517278],[153.341809524817,-27.512526427287],[153.342173504778,-27.5125254273239],[153.342408494765,-27.5124283973471],[153.342793494719,-27.5124653973865],[153.343306464679,-27.5123473974377],[153.343520504656,-27.5123473974594],[153.343799474614,-27.5124423974885],[153.344013474569,-27.5126163875117],[153.343886484558,-27.5128093975003],[153.344079464503,-27.513079387522]]],[[[153.319428845603,-27.681482116348],[153.319450855574,-27.6816941263519],[153.319558855517,-27.6820421263656],[153.3195598355,-27.6821781263667],[153.319689855431,-27.6826031263833],[153.319754825377,-27.6829701263928],[153.319843845251,-27.683879106409],[153.320061095139,-27.6845744664365],[153.320061895124,-27.6846911064375],[153.320428864953,-27.6857160964829],[153.320559864864,-27.6862961065008],[153.320710864801,-27.686663076519],[153.320885884673,-27.6875140765435],[153.320993884614,-27.6878810765573],[153.32110386452,-27.6885190865735],[153.321167844494,-27.6886740865813],[153.321255844425,-27.6891380765939],[153.321387864267,-27.6902600866161],[153.322078884026,-27.6915540666965],[153.322185863997,-27.6916890667084],[153.322272953983,-27.6917264867176],[153.322315883971,-27.6917850567224],[153.322445013949,-27.6918425067359],[153.322551853926,-27.6919390767476],[153.323710833778,-27.6921100668666],[153.325405863554,-27.6924330470413],[153.325577843528,-27.6924910370592],[153.325749803494,-27.6926065170776],[153.326157793425,-27.6927990471206],[153.326266053401,-27.6928945071323],[153.326329823392,-27.6929140271389],[153.326867793272,-27.6933970171974],[153.32693313325,-27.6935114672049],[153.326974813243,-27.6935320372093],[153.327126103195,-27.6937824472267],[153.327342803109,-27.6942660172525],[153.327385803087,-27.6944010372579],[153.327386783052,-27.6946720272602],[153.327451793026,-27.694826037268],[153.327495083019,-27.6948454472725],[153.327687802995,-27.6948640372923],[153.328030792963,-27.6948250373268],[153.328994762889,-27.6945890174228],[153.329980772803,-27.6944320075218],[153.331953742613,-27.6942509977207],[153.332467732557,-27.694249987773],[153.332661732531,-27.694287997793],[153.333390822453,-27.694284467867],[153.333712672413,-27.6943229879],[153.335300642193,-27.6947049680644],[153.335622682158,-27.6947039780971],[153.336073682092,-27.694837968144],[153.336201682078,-27.694836968157],[153.336437692045,-27.6948949681814],[153.336630672025,-27.694893968201],[153.337296641938,-27.6950079482696],[153.337617661903,-27.6950069483022],[153.337961641859,-27.6950639483376],[153.338476621801,-27.69508194839],[153.338776611761,-27.695138968421],[153.339119641722,-27.695156968456],[153.339269621713,-27.6950979484707],[153.339333641716,-27.6950209484766],[153.339332581746,-27.6947889584747],[153.339417621794,-27.6943439684798],[153.33945255207,-27.6921569484661],[153.339536582118,-27.6917119484712],[153.339622062132,-27.6915364984785],[153.339621582147,-27.6914209684775],[153.339792002188,-27.6909554684912],[153.339855592193,-27.6908589484969],[153.339918592219,-27.6906079785013],[153.339917602244,-27.6904139684997],[153.339831572285,-27.6901629784889],[153.339830582318,-27.6899109784869],[153.339484562459,-27.6890999684453],[153.339375582525,-27.6886749684309],[153.339267832559,-27.6885004384185],[153.339182132578,-27.6884234784092],[153.33909609261,-27.6882495283991],[153.338964552691,-27.6877279783816],[153.338619592798,-27.6871869983423],[153.338576992805,-27.6871674483378],[153.33855557282,-27.6870709883349],[153.338447562846,-27.686954988323],[153.338404572866,-27.6868399983177],[153.338102562958,-27.6863759982834],[153.337776253032,-27.6860686582478],[153.337693583059,-27.6859319982383],[153.337177583171,-27.6854889981824],[153.337155573181,-27.6854309981797],[153.337047573203,-27.6853539981681],[153.336983583225,-27.6852380081607],[153.336897593241,-27.6851800081515],[153.336617603316,-27.6848329981203],[153.33653157333,-27.6847950081113],[153.33650985334,-27.6847364481086],[153.336402943364,-27.684639438097],[153.336122593417,-27.6844670180671],[153.335864573474,-27.6842350080391],[153.335756563515,-27.6840040180263],[153.335605603544,-27.6839070080102],[153.335605893549,-27.6838685080099],[153.335477013578,-27.6837524879959],[153.335411573602,-27.6836180179882],[153.335205783649,-27.6834225279657],[153.335067553686,-27.6832510079503],[153.334938823713,-27.6831544379365],[153.334916843723,-27.6830964779338],[153.334637623777,-27.6829040279039],[153.334551593789,-27.682885027895],[153.334451983812,-27.6827872578841],[153.334314593852,-27.6825960378687],[153.334100013892,-27.6824604478458],[153.334013623914,-27.6823650278363],[153.333949923923,-27.6823444378296],[153.333432614036,-27.6819020277736],[153.333047024105,-27.6816894977327],[153.332960994124,-27.6816124677234],[153.332573624188,-27.6814400476827],[153.332487594207,-27.6813640476733],[153.332166094264,-27.6811894676393],[153.332122924276,-27.6811315076345],[153.332080064281,-27.6811315076301],[153.332058094288,-27.6810934276276],[153.332014914293,-27.6810934276232],[153.331671084357,-27.6808814975866],[153.331154644477,-27.6803810475302],[153.330746654543,-27.6802080374874],[153.330640074566,-27.6801235074759],[153.330272154632,-27.6799174974369],[153.330142644661,-27.6798020774228],[153.329993144684,-27.6797434274072],[153.329949634696,-27.6796860574023],[153.32979984472,-27.6796275073866],[153.329455644787,-27.6793970773498],[153.328599574932,-27.6789893672596],[153.328447664953,-27.6789540672439],[153.328361704972,-27.6788770772346],[153.327996665036,-27.678683087196],[153.327974955043,-27.6786444571935],[153.327824865069,-27.6785674971776],[153.327695985101,-27.6784324971635],[153.32763166511,-27.6784130771568],[153.327545855134,-27.6782965071472],[153.327202065208,-27.67800751711],[153.327180675218,-27.6779500771073],[153.326493705364,-27.6773900770331],[153.325956685452,-27.6771591069768],[153.325420675522,-27.6770630969216],[153.324777735589,-27.6770831068564],[153.324435105613,-27.6771795168224],[153.323919725642,-27.6773940967717],[153.322955765671,-27.6779751066784],[153.322869805668,-27.6780715066705],[153.322826955673,-27.6780715066661],[153.32276278567,-27.6781500966602],[153.322612775676,-27.6782270966456],[153.322355775674,-27.6784601066213],[153.321347795728,-27.6788871165223],[153.320940785743,-27.6791191264828],[153.320769815753,-27.6791781264659],[153.320619835755,-27.6792934364516],[153.320362075768,-27.6794094464264],[153.320340795765,-27.6794491164245],[153.32029797577,-27.6794485064202],[153.319868815776,-27.679759116379],[153.319770845771,-27.6798821263701],[153.319628025752,-27.6801484263577],[153.319595825749,-27.6802041163548],[153.319448805651,-27.6810941163469],[153.319470855621,-27.6813071263508],[153.319428845603,-27.681482116348]]],[[[153.327349419764,-27.6423281968434],[153.327329159721,-27.6426754968441],[153.3268574397,-27.6432381968006],[153.326815419653,-27.6436441967995],[153.326537479635,-27.6440121967742],[153.326302449587,-27.6445921867549],[153.326259449544,-27.6449601967534],[153.326367459508,-27.6451532067659],[153.326410459473,-27.6453851967721],[153.326217809457,-27.6456744767548],[153.326218469405,-27.6460821767581],[153.326154439387,-27.6462751767532],[153.325769519342,-27.6469521767194],[153.325727139329,-27.6470874667162],[153.325727139312,-27.6472224867172],[153.325812839273,-27.6474544867278],[153.325856019263,-27.6474934667325],[153.325877989236,-27.6476865167362],[153.325771079218,-27.6479184567272],[153.325663479214,-27.6480361667172],[153.325600049197,-27.6482284967123],[153.325470509188,-27.6484031667005],[153.325256979194,-27.6485384666799],[153.325170509183,-27.6486941766723],[153.324913919204,-27.6487514866467],[153.324742919222,-27.6487514866294],[153.324678089214,-27.6488675066237],[153.324656519199,-27.6490041766226],[153.324527529198,-27.6491201766104],[153.324206509213,-27.649275166579],[153.323800049242,-27.6493914765386],[153.323670799243,-27.6494884965263],[153.323670799238,-27.6495274765266],[153.323522139232,-27.6497014465129],[153.323349569211,-27.6500121864978],[153.323350079201,-27.6500884264984],[153.323242549181,-27.6503401764895],[153.32317954913,-27.6507851764866],[153.322965949059,-27.6515194364707],[153.322944559007,-27.6519461764719],[153.323095558941,-27.6523321864903],[153.323353578851,-27.6528161765203],[153.323761578753,-27.6532401765651],[153.323868518707,-27.6535111665781],[153.3239120287,-27.6535295065827],[153.323976818678,-27.6536455165902],[153.324084088656,-27.6537234366017],[153.324276558591,-27.654071166624],[153.324405948562,-27.654186496638],[153.324427878553,-27.6542444566407],[153.324557128529,-27.6543215066544],[153.324813578469,-27.6545731566825],[153.325029108409,-27.6548624867066],[153.325092838397,-27.6549014667134],[153.325092838392,-27.6549394467137],[153.325264538353,-27.6550951567324],[153.325543908279,-27.6554414567635],[153.325543908274,-27.6554805167638],[153.325587088267,-27.6554995167684],[153.325694548233,-27.6556741567806],[153.325758568194,-27.6559251467891],[153.325866828165,-27.6560604668012],[153.326037568129,-27.6561961468196],[153.326252558071,-27.6564661568435],[153.326553567952,-27.6571431668795],[153.326747527904,-27.6573551569008],[153.326768557892,-27.6574321569036],[153.326832537877,-27.6574901469105],[153.327026537814,-27.6578191569328],[153.327155527731,-27.6583601469502],[153.327349557646,-27.6588631469739],[153.327457567577,-27.6593071469884],[153.327543557545,-27.6594811369985],[153.327650977487,-27.6598484970123],[153.327780557344,-27.6608541370334],[153.327823547327,-27.6609501270385],[153.327888517253,-27.6614731470492],[153.327996527184,-27.6619171470637],[153.328104527059,-27.6628071270817],[153.328277576973,-27.6633281171034],[153.32832159685,-27.6642571171152],[153.328407586778,-27.6647401171277],[153.328429596704,-27.6653011271344],[153.328472556677,-27.6654751171401],[153.328495586538,-27.6665381271509],[153.328539096516,-27.6666734571563],[153.328538586497,-27.6668281171575],[153.328603596467,-27.6670021271655],[153.328755576295,-27.6682200971905],[153.328927566165,-27.6690900972149],[153.328950636009,-27.6702890972267],[153.329079845978,-27.6704234772409],[153.329209055959,-27.6704624572543],[153.329637595922,-27.6703850972972],[153.330602585826,-27.6703250773948],[153.331074565785,-27.6702470874421],[153.331224545776,-27.6701890874569],[153.331352555777,-27.670073087469],[153.331502565771,-27.6699950774836],[153.331823545773,-27.6697050875139],[153.331887535784,-27.6695690775193],[153.33203794579,-27.6693945075332],[153.332144525813,-27.6691240775419],[153.332337545834,-27.6687950975589],[153.332422515865,-27.6684850875651],[153.332422515905,-27.6681760875627],[153.332593515938,-27.6677700775769],[153.332721525994,-27.6672280875856],[153.332828506007,-27.6670350775949],[153.332850106029,-27.6668404975956],[153.332806526056,-27.6666670975898],[153.332805546086,-27.6664350875879],[153.33297749611,-27.6661060776027],[153.333019476152,-27.6657380776041],[153.333104476183,-27.6654290876103],[153.333233506196,-27.6652160876217],[153.333297496192,-27.6651970876281],[153.333661906197,-27.6648474476623],[153.334025446242,-27.6641900876941],[153.334068006312,-27.6636095076938],[153.334131446318,-27.6635130876995],[153.334196446338,-27.6633000977044],[153.334367456357,-27.6630100877195],[153.33447446636,-27.6628940977295],[153.334901446418,-27.6620810877664],[153.335051426424,-27.6619060777803],[153.335073436432,-27.6618290877819],[153.335116396429,-27.6618100877861],[153.335222426445,-27.6615970777952],[153.335352076449,-27.6614604678073],[153.335415846459,-27.6613254778127],[153.335458436457,-27.6613060878169],[153.33554439647,-27.6611320778243],[153.335758436474,-27.6609190878443],[153.33578014648,-27.6608604478461],[153.335865816478,-27.6608024878543],[153.335887056483,-27.660744427856],[153.335972396481,-27.6606870778642],[153.335993416486,-27.6606280878659],[153.33650806649,-27.6601634979145],[153.336507376495,-27.6601250879142],[153.336721406504,-27.6598730779339],[153.336721926509,-27.6598344479337],[153.33680736651,-27.6597570879418],[153.336999396536,-27.6593890779584],[153.337620336593,-27.6584220880138],[153.337748336639,-27.6579570880232],[153.33787634666,-27.657686088034],[153.337941386663,-27.65760908804],[153.338133376657,-27.6574920980586],[153.33821936665,-27.6574730980672],[153.338369346649,-27.6573570780815],[153.338583316688,-27.6568730880994],[153.338690326689,-27.6567760881096],[153.3387973467,-27.6566020781191],[153.338883306698,-27.6565440781273],[153.339011856711,-27.6563304781387],[153.33924801672,-27.6560594881606],[153.339375326744,-27.6557690781712],[153.339525966755,-27.6555554981848],[153.339654116771,-27.655323468196],[153.339696266786,-27.6551690881991],[153.339803146795,-27.6550134982087],[153.339888296815,-27.6547820882156],[153.339887276919,-27.653970078209],[153.339822306956,-27.6537380882006],[153.339650277007,-27.6534870981812],[153.339650277017,-27.6534101081805],[153.339693317017,-27.6533711081846],[153.339779267005,-27.6533901081935],[153.339972286955,-27.6536220782149],[153.340058316948,-27.6536020782235],[153.340208296952,-27.6534470882375],[153.34029326697,-27.6532350782445],[153.340593257002,-27.652731078271],[153.34074224707,-27.652074108281],[153.340784267128,-27.6515901082814],[153.34082725713,-27.6515320982853],[153.340891247185,-27.651048098288],[153.340890227233,-27.650681098285],[153.340933257243,-27.6505650982885],[153.341061227249,-27.6504101083003],[153.341254237273,-27.6500621083171],[153.341318217296,-27.6498290983218],[153.341445237381,-27.6490561083286],[153.341445237445,-27.6485530983246],[153.341402247465,-27.6484370983193],[153.341380237522,-27.6480120983137],[153.341250217571,-27.6477410982984],[153.341207227602,-27.6475281082923],[153.341207227645,-27.6472000982898],[153.341142217731,-27.6465811082783],[153.341056187777,-27.6462910982672],[153.340884197835,-27.6459820982473],[153.340562237912,-27.645654108212],[153.340261257967,-27.64548009818],[153.340175227991,-27.6453641081704],[153.339982248032,-27.6452101081496],[153.339961228041,-27.645152108147],[153.339767228082,-27.644997098126],[153.339596228143,-27.6446690981061],[153.339295208212,-27.6443791280732],[153.339187238249,-27.6441861180607],[153.339080228273,-27.6440891180491],[153.338951238314,-27.6438771280343],[153.338822238345,-27.6437421180201],[153.338650218403,-27.6434321280002],[153.338414248471,-27.6431041279736],[153.338049248557,-27.6427371179336],[153.337792218602,-27.6426021279064],[153.33762022864,-27.6424481378878],[153.33755521866,-27.6423511378804],[153.337577228672,-27.6422351478817],[153.337748228654,-27.6422351478991],[153.337898248625,-27.6423311179151],[153.337984208614,-27.642351117924],[153.338070238594,-27.6424281179333],[153.338177248583,-27.6424281179442],[153.33817724859,-27.6423701179437],[153.337962228651,-27.6420801179196],[153.337769258738,-27.6415581378959],[153.337017098904,-27.6409015178143],[153.336846238932,-27.6408251477963],[153.336610238957,-27.6408251477723],[153.336439268956,-27.6409801377562],[153.336246258964,-27.6410771377373],[153.33605327894,-27.6414251377205],[153.335925278944,-27.6415031377081],[153.335817268961,-27.6414641376968],[153.335774018975,-27.6413865076918],[153.335667258997,-27.6413101476803],[153.335517279006,-27.6413681376655],[153.335303238986,-27.6416971476464],[153.335132278955,-27.6420841476321],[153.334854288953,-27.6423361376058],[153.334618278963,-27.6424531475828],[153.334596818961,-27.6424904575809],[153.334618278941,-27.6426271375841],[153.334747278913,-27.6427421375982],[153.334812278888,-27.6428781476058],[153.334812278853,-27.643148137608],[153.334877328817,-27.6433801476164],[153.33498426879,-27.6434961376282],[153.335070298759,-27.6436701276383],[153.335092268707,-27.6440571376436],[153.335328278632,-27.6444431376706],[153.335350288617,-27.6445401276736],[153.335350288595,-27.644714147675],[153.335286308584,-27.6448501376696],[153.335308278515,-27.6453721276759],[153.335137308509,-27.6455651476601],[153.335030328491,-27.645797137651],[153.335009348441,-27.6462031376521],[153.335055228421,-27.6463204076577],[153.335052308394,-27.6465321176591],[153.334988318396,-27.6465711376529],[153.334924298408,-27.6465321376461],[153.334880318455,-27.646204137639],[153.334880318499,-27.6458561476363],[153.334987298522,-27.645585137645],[153.335158298536,-27.6453331376604],[153.335136288596,-27.6448881376546],[153.335221298629,-27.6445601476607],[153.335114868665,-27.6443655076483],[153.335050078677,-27.6443274576414],[153.334943128718,-27.6440955176287],[153.334920288763,-27.6437671476238],[153.334705298835,-27.6433811475989],[153.334597298919,-27.6428201275835],[153.334533308938,-27.6427231375763],[153.334404288962,-27.6426461575626],[153.334361318976,-27.6425691575576],[153.334297298988,-27.6425301575508],[153.334275289003,-27.6424341675478],[153.334361319008,-27.6423181475556],[153.334703288994,-27.642143157589],[153.334832278998,-27.642007167601],[153.335003978994,-27.6418905276175],[153.335474279045,-27.641097137659],[153.335581259048,-27.640981137669],[153.335667259039,-27.6409811376777],[153.335731239025,-27.6410391376847],[153.335774279003,-27.6411741476901],[153.335860048983,-27.6412515176995],[153.335902898979,-27.6412515177038],[153.336010278982,-27.6411351377138],[153.336224249021,-27.6406521377317],[153.336245269063,-27.6403031277311],[153.33613726912,-27.6399551677174],[153.336072259137,-27.6398781477102],[153.336051269154,-27.6397621577071],[153.335856839219,-27.6394144276846],[153.335643279264,-27.6392411576616],[153.335428259325,-27.6389511476374],[153.335063259406,-27.6386231675977],[153.334912879432,-27.6385454875819],[153.334848819449,-27.6384674475747],[153.334698259475,-27.6383911575588],[153.334548239509,-27.6382561675425],[153.334098269582,-27.6380631674953],[153.333969279608,-27.6379671774814],[153.333861269647,-27.6377541874688],[153.333775239701,-27.6374071774573],[153.333516819761,-27.637154447429],[153.333432249775,-27.6371171774202],[153.333367249802,-27.6369621774123],[153.333303259816,-27.6369041774054],[153.33321726982,-27.6369431773969],[153.333196239815,-27.6370011773953],[153.333111309762,-27.6374851773905],[153.333090289718,-27.6378521773912],[153.333068279715,-27.6378911773893],[153.332982319724,-27.6378911773806],[153.332918299748,-27.637756177373],[153.332896289773,-27.6375821673694],[153.332982319828,-27.6370791773741],[153.332981259861,-27.6368281873721],[153.332938259878,-27.6367311673669],[153.332402299997,-27.6362481873087],[153.332230310016,-27.6362481872912],[153.332144280015,-27.6363261872831],[153.332123290003,-27.6364421972819],[153.33214529998,-27.6365971972853],[153.332231289946,-27.6367901872956],[153.332252279917,-27.6370031772994],[153.332231289914,-27.6370421772976],[153.332102299931,-27.6370221772843],[153.331823300005,-27.6366751872532],[153.33182330002,-27.6365581972523],[153.331909290048,-27.6362681872587],[153.331908270088,-27.6359591972562],[153.331865310102,-27.6358821872512],[153.331543310152,-27.6357661872176],[153.331286310184,-27.6357281971912],[153.331158120208,-27.6356504571775],[153.331094030215,-27.635650457171],[153.331029310212,-27.6357281971651],[153.331029310195,-27.6358631871661],[153.331093300168,-27.6360181971739],[153.331179290149,-27.6360951971832],[153.331373320086,-27.6364241972055],[153.331480270064,-27.636501197217],[153.331544290045,-27.6365981972243],[153.331545310018,-27.636810207226],[153.331588269996,-27.6369461972315],[153.331566299993,-27.6369841972296],[153.331481290002,-27.6369851972209],[153.331374090036,-27.6368104572087],[153.331330910043,-27.6367904772041],[153.331330910048,-27.6367524972038],[153.331202030075,-27.6366554871899],[153.330987300147,-27.6362701871651],[153.329914350367,-27.6354592070497],[153.329763820388,-27.6354204970341],[153.329399330454,-27.6352082169954],[153.329012870511,-27.6350924569552],[153.328863110537,-27.6350154969394],[153.328691340558,-27.6349972169218],[153.328605350562,-27.6350362169134],[153.328562860559,-27.6350934369095],[153.328520300541,-27.6352682069066],[153.328457380338,-27.6369122069132],[153.328244360227,-27.6379562068998],[153.328245380105,-27.6389041969074],[153.328203370085,-27.6390971869046],[153.328204390018,-27.6396202069089],[153.328118979995,-27.6398704769022],[153.327968389992,-27.6400261868881],[153.327861949981,-27.6401995168786],[153.327541919896,-27.6411284868535],[153.327499429851,-27.6415161968522],[153.32756385978,-27.6420175068627],[153.327349419764,-27.6423281968434]]],[[[153.355422114391,-27.6606154698406],[153.355464054406,-27.6604619698437],[153.355507044471,-27.6599194998437],[153.355485074508,-27.6596489698394],[153.355526864548,-27.6593004898409],[153.355526864598,-27.6589134898378],[153.355569094605,-27.6588179698414],[153.355632054683,-27.6581599798426],[153.355652864787,-27.6573284998381],[153.355694984808,-27.6571344498409],[153.355695024837,-27.656902999839],[153.355779914868,-27.6565924798452],[153.355801054913,-27.6562259898445],[153.355671045053,-27.6552399998235],[153.355606075085,-27.6550464498154],[153.355542055102,-27.6549689898082],[153.355520045119,-27.6548524998051],[153.355542055139,-27.6546789998059],[153.35569104516,-27.6543889998188],[153.355797955191,-27.6540595098271],[153.355819045206,-27.6539249998282],[153.355775975228,-27.6537885198227],[153.355776015253,-27.6535959898212],[153.356011075287,-27.6531304398414],[153.356011075297,-27.6530534798408],[153.356074985305,-27.6529379898464],[153.356095975337,-27.6526669998464],[153.355988005411,-27.6521840198316],[153.355986985463,-27.6517780198283],[153.355900885492,-27.6516224898183],[153.355814995541,-27.6513140198071],[153.355749995655,-27.650482019794],[153.355684875682,-27.6503274897861],[153.355685015694,-27.6502310097854],[153.355598875726,-27.6500564797752],[153.35531998579,-27.6497870097448],[153.354633015902,-27.6494980196726],[153.354354015959,-27.6492860296426],[153.354075005999,-27.6492090296136],[153.353861006022,-27.6492090295918],[153.353646026038,-27.6492680295705],[153.353325046047,-27.6494620395394],[153.353047026,-27.6500620295158],[153.353090055969,-27.6502740195219],[153.353091035904,-27.6507770395259],[153.353049065849,-27.6512410395253],[153.353308035643,-27.6526330095626],[153.353309085578,-27.6531360095667],[153.353160065492,-27.6539290095578],[153.353075055482,-27.6540840095504],[153.353075055472,-27.654161019551],[153.352861085428,-27.6546840195334],[153.352776045422,-27.6548000095257],[153.352711075427,-27.6548190095192],[153.352604055416,-27.6549940195097],[153.352134115303,-27.656271019472],[153.351942095289,-27.6565420094546],[153.351578115283,-27.6568900094204],[153.351385105259,-27.6572390194035],[153.351363825237,-27.6574314494029],[153.35140809517,-27.6579159994112],[153.351516105116,-27.6582440094248],[153.35162410502,-27.6589020194409],[153.351666915008,-27.6589594794457],[153.35175313494,-27.6594239894582],[153.351925154839,-27.6600609894807],[153.35194811477,-27.6605839994871],[153.352099114704,-27.6609699995055],[153.352228104603,-27.661646989524],[153.352637164463,-27.6623999995715],[153.352766154391,-27.6628449995881],[153.352787974357,-27.6630954995923],[153.352916864266,-27.6636944596102],[153.353004134165,-27.6644109796247],[153.353046804153,-27.6644684596295],[153.353090014116,-27.6647194696359],[153.353134144104,-27.6647779696408],[153.35322013401,-27.6654349796547],[153.353328143957,-27.6657639796683],[153.353329163919,-27.6660539696707],[153.353243173866,-27.6665379796658],[153.353285833854,-27.6665944496706],[153.353286933835,-27.6667495096719],[153.353351173808,-27.6669049696797],[153.353394173766,-27.6671949796863],[153.353202183734,-27.66760097967],[153.353139143647,-27.6683359596694],[153.353096143639,-27.6684325096658],[153.352990183531,-27.6693619496623],[153.352947083526,-27.6694384296586],[153.352862183466,-27.6699799596542],[153.352798193455,-27.6701159596488],[153.352776813433,-27.6703084696481],[153.352649203397,-27.6706959496382],[153.352628183362,-27.6709869596384],[153.352500173309,-27.6715089496295],[153.352479183279,-27.6717599596293],[153.352415243269,-27.6718959496239],[153.352394143246,-27.6720884796233],[153.352309243223,-27.6723409496166],[153.352180213202,-27.6726119596056],[153.352180213187,-27.6727279596066],[153.351988223146,-27.6732119495909],[153.351945233126,-27.673404959588],[153.351582233056,-27.6742559595578],[153.351583263004,-27.6746619595611],[153.351476242988,-27.6748749495519],[153.351262272983,-27.6750889595319],[153.351005282944,-27.6756109595098],[153.350684152929,-27.6759974594803],[153.35049191291,-27.6763074994632],[153.350449312913,-27.676326959459],[153.350320282894,-27.6765789494479],[153.350192282853,-27.6770049494382],[153.350128292855,-27.677042949432],[153.350085302845,-27.6771599594286],[153.350021312844,-27.6772179594225],[153.349850312808,-27.6776439594085],[153.349765302751,-27.6781659594039],[153.349679312723,-27.6784559593975],[153.349658322693,-27.6787069493973],[153.349530312647,-27.679171949388],[153.349532322531,-27.6800769293953],[153.349577322412,-27.6809599394069],[153.349600872363,-27.6813264594122],[153.349687302289,-27.6818299394249],[153.349839322206,-27.6823519294445],[153.349927362139,-27.682796929457],[153.35001335211,-27.6829519394669],[153.350057372073,-27.6832029294734],[153.350230352015,-27.6835119394934],[153.350296341923,-27.6841689295053],[153.350426351877,-27.6844199195205],[153.350664001809,-27.6847485195472],[153.350770361785,-27.6848449195588],[153.350900161764,-27.6849025095725],[153.351008161737,-27.6850174495843],[153.351050981733,-27.6850174495887],[153.351158981706,-27.6851334396006],[153.35126534169,-27.6851719196117],[153.351910331543,-27.685769919682],[153.352039911522,-27.6858274396956],[153.352211311486,-27.6859629097141],[153.352512951436,-27.6860964397458],[153.352534341429,-27.6861358997483],[153.353178301325,-27.6864038998159],[153.353264991316,-27.6864034298247],[153.353650321254,-27.6865579098651],[153.353780151238,-27.6865765198785],[153.353822971228,-27.6866144998831],[153.354058281198,-27.6866529099074],[153.354230861169,-27.6867295099255],[153.354359301153,-27.6867488999387],[153.354638311108,-27.686863899968],[153.354659951101,-27.6869015099705],[153.35478931108,-27.6869598799841],[153.35487490107,-27.6869594699928],[153.355261291011,-27.6870938900332],[153.35592628093,-27.6871688901014],[153.356205100905,-27.6871294701294],[153.357383250813,-27.686854890247],[153.358370210702,-27.6868898703477],[153.35875620067,-27.6868118603863],[153.359163210624,-27.6868288604278],[153.359613220595,-27.6866728704724],[153.360029250578,-27.686457860513],[153.360458850555,-27.6862695305552],[153.360749030558,-27.6860024805826],[153.361014200574,-27.6856578606068],[153.361328970584,-27.6853175006362],[153.361511150596,-27.6850678606527],[153.361459170646,-27.6847248706447],[153.361533160671,-27.6844648706502],[153.361671160687,-27.6842208606623],[153.361771170712,-27.6839438606703],[153.361681160758,-27.6836628606589],[153.361439170817,-27.6834038606323],[153.361170160901,-27.6829818606016],[153.361105160949,-27.6826608605925],[153.360830171028,-27.6822728605614],[153.360542001122,-27.6817824805283],[153.360331141196,-27.6813828805037],[153.360240001266,-27.6809204604907],[153.360148161348,-27.680356890477],[153.360037171435,-27.679770890461],[153.359895151515,-27.6792688904426],[153.359632161607,-27.6787678904119],[153.359036151806,-27.6777244703431],[153.359029981811,-27.6776854903422],[153.358943991843,-27.677511440332],[153.35890402185,-27.6774945203278],[153.358815151879,-27.6773379003176],[153.358749151948,-27.6768549003071],[153.358664141977,-27.6766999102972],[153.358577172024,-27.6764099002861],[153.358319152109,-27.6759659002563],[153.358276152133,-27.6758119002507],[153.358232132183,-27.6754639002435],[153.35827517224,-27.6749799202441],[153.358103142303,-27.6746319202238],[153.358081062326,-27.6744764602204],[153.357973162367,-27.6742449202075],[153.357822132455,-27.6736849201878],[153.357779132512,-27.6732789201802],[153.357799132646,-27.6722149101738],[153.35769014273,-27.6716549201583],[153.3574971328,-27.6712679201356],[153.357046142921,-27.6707079400854],[153.356809143001,-27.6702829400579],[153.356679133127,-27.6694129400378],[153.356507113195,-27.6690265100173],[153.356485133212,-27.6689109400141],[153.35627015328,-27.6685629399895],[153.356184123316,-27.6683499299791],[153.356162143358,-27.6680409599744],[153.356075863407,-27.6677314899632],[153.355947123453,-27.6674809699481],[153.355947123464,-27.6674029499475],[153.355796123524,-27.6670549499294],[153.355667133566,-27.6668429599147],[153.3556241036,-27.6666109499084],[153.355644103724,-27.6656249499027],[153.355601103741,-27.6655279598976],[153.355601103774,-27.6652769498956],[153.355557123796,-27.66514095989],[153.355578113843,-27.6647549498891],[153.355363093936,-27.664213959863],[153.355362103973,-27.6639229698606],[153.355469123996,-27.6636519798693],[153.35546810411,-27.6627629698622],[153.355423894177,-27.6622784898539],[153.355381124199,-27.6621439798485],[153.355359114261,-27.6616799798426],[153.355423064321,-27.661157979845],[153.355422114391,-27.6606154698406]]],[[[153.323491264325,-27.6099483261959],[153.323343254293,-27.6103173361838],[153.323343254271,-27.6104913261852],[153.323494074238,-27.6106265062016],[153.323644274217,-27.6106643162171],[153.323837284196,-27.6106633162367],[153.323943274197,-27.6105663262467],[153.32402792423,-27.6102375262527],[153.324156254239,-27.6100623262643],[153.324305284223,-27.6100623262795],[153.324434274194,-27.6101773262935],[153.324563264178,-27.6101963263067],[153.324777264174,-27.6100413263272],[153.324818874185,-27.6099245063306],[153.324862274183,-27.6099053163348],[153.324967904194,-27.6097304563442],[153.324989264204,-27.6096343263456],[153.324924214245,-27.6093633263368],[153.324966224266,-27.6091693363396],[153.3251782543,-27.6087233163576],[153.325306224301,-27.6086063263696],[153.325306224306,-27.6085683263693],[153.325434234305,-27.6084703263816],[153.325541244318,-27.6082773163909],[153.325625234353,-27.6079283163967],[153.325644214423,-27.6073663263942],[153.325621254475,-27.6069793263888],[153.325534244537,-27.6065733163767],[153.325531244609,-27.606012326372],[153.325488214628,-27.6058963363667],[153.325359224659,-27.6057613163526],[153.32518822468,-27.605742316335],[153.325102224677,-27.6058393363271],[153.324782234701,-27.6059183262952],[153.324611224702,-27.6060543262789],[153.324569254687,-27.6062093362759],[153.324569254657,-27.6064413262777],[153.324399094649,-27.6066544462621],[153.324399094644,-27.6066934962624],[153.324335214645,-27.6067323262562],[153.32422925462,-27.6070233362478],[153.324080264603,-27.6072753162346],[153.323975254568,-27.6076433262269],[153.323784244529,-27.6081083162111],[153.323699274496,-27.6084383262051],[153.323486884459,-27.6089034461872],[153.323425274409,-27.6093483161845],[153.323490274369,-27.6096003261931],[153.323491264325,-27.6099483261959]]],[[[153.323315408863,-27.574622655899],[153.323522108823,-27.5747583859211],[153.323844108777,-27.5748534059545],[153.324786068671,-27.5748894060505],[153.325877998559,-27.574846446161],[153.327120028421,-27.5748813762875],[153.327398048384,-27.5749383763162],[153.327590878363,-27.5749374463357],[153.327677048351,-27.5749563763446],[153.328019018324,-27.5748783763788],[153.328382998283,-27.5748963764159],[153.329218008206,-27.5747963864999],[153.329817048142,-27.5747943765607],[153.329999988131,-27.5747284765788],[153.330351988099,-27.5746763766141],[153.330502008091,-27.5746173866289],[153.330950988045,-27.5745973666744],[153.331101008034,-27.5745573666893],[153.332412997896,-27.5745354868224],[153.332684957867,-27.57453335685],[153.332898957849,-27.5744933568714],[153.333348967801,-27.5744923569171],[153.334119917703,-27.5746053569963],[153.334312937675,-27.5746623370164],[153.334440937654,-27.5747203370299],[153.334462907647,-27.5747583370324],[153.334891897579,-27.5749313470773],[153.335169917546,-27.5749503471058],[153.335426917534,-27.5748333571309],[153.335511917537,-27.5747363371388],[153.336045877522,-27.5744053371904],[153.336343867525,-27.5741333472186],[153.33664385751,-27.573996337248],[153.336749887511,-27.573899347258],[153.336813877507,-27.5738793472643],[153.337133907509,-27.5735883372945],[153.337347867496,-27.5735103473157],[153.337454857495,-27.5734323473259],[153.337581877513,-27.5731803373368],[153.337623847539,-27.5729473473392],[153.337814847585,-27.5724243373545],[153.337919827631,-27.5719783373617],[153.338110867672,-27.5714943473773],[153.338236867738,-27.5708743573852],[153.338320847759,-27.5706423473919],[153.338338807886,-27.5696353473857],[153.338272817922,-27.5694033473772],[153.338271797967,-27.5690543373743],[153.33837782799,-27.568783337383],[153.33835380807,-27.5681833473758],[153.338437838113,-27.5677763473811],[153.338649828155,-27.5672723473987],[153.338775828208,-27.5667493474073],[153.338621828353,-27.5657433373837],[153.338492838402,-27.5654733473685],[153.338427798416,-27.5654153373614],[153.338276838467,-27.5651443473439],[153.338211828506,-27.5648933373354],[153.338231828553,-27.5645063373343],[153.338188828565,-27.5644483373295],[153.337974828591,-27.5644293373076],[153.337674798613,-27.5645083572777],[153.337247828634,-27.5647033672359],[153.336562868695,-27.5648023571671],[153.336284878725,-27.5648033571388],[153.335706868799,-27.5647083570794],[153.335192878856,-27.564690357027],[153.33454988894,-27.5645773569608],[153.334121888991,-27.564539356917],[153.33377889904,-27.5644443768814],[153.333499859095,-27.5642513868515],[153.333306889125,-27.5641753768313],[153.333220889149,-27.5640593768217],[153.333210889164,-27.5639553868198],[153.333197899184,-27.5638073868174],[153.333111869215,-27.5636333768072],[153.332982949241,-27.5635375067934],[153.332639889293,-27.5634223867576],[153.332531879332,-27.563209376745],[153.332295869379,-27.5630363867196],[153.332210019406,-27.5629014767098],[153.33210190943,-27.5628043766981],[153.331973939451,-27.5627473766846],[153.331780929469,-27.5627673766652],[153.331716949469,-27.5628253666592],[153.331631899446,-27.5630773766525],[153.331503899449,-27.5631553766401],[153.331353919465,-27.5631553766249],[153.331139919498,-27.5630793766025],[153.330925919521,-27.5630793765808],[153.330733929534,-27.5631383965618],[153.330111929606,-27.5631023864983],[153.330005969605,-27.5631994064883],[153.33000695956,-27.5635473864912],[153.329964979542,-27.5637223964883],[153.329922929534,-27.5638183964848],[153.329794959536,-27.5639163864725],[153.329665969552,-27.5638973864593],[153.32951595959,-27.5637233964427],[153.329128949659,-27.5635124064017],[153.328979959662,-27.5636094063873],[153.32893794963,-27.5638993863853],[153.329024959598,-27.5640733963956],[153.329088979584,-27.5641313964025],[153.329131939562,-27.564266396408],[153.329132959545,-27.5644024064091],[153.329004959543,-27.5645193963971],[153.328876949552,-27.5645583963844],[153.328812969552,-27.5646163963783],[153.328598969572,-27.5646363963567],[153.328319959624,-27.564463396327],[153.328083989654,-27.5644253963028],[153.327934999643,-27.5646383862893],[153.327720849659,-27.564697516268],[153.327421989671,-27.5648533962389],[153.32733697968,-27.5648533962303],[153.327229019699,-27.5647953962189],[153.327101009713,-27.5647963962058],[153.327015959714,-27.5648543961977],[153.326951979709,-27.5649513961919],[153.32678100971,-27.5650874261757],[153.326782039673,-27.5653783861781],[153.326612019664,-27.5655914161625],[153.326547999643,-27.5658044061577],[153.326505039645,-27.5658244261534],[153.326463029637,-27.56592141615],[153.326314029636,-27.5660574161359],[153.326292019631,-27.5661154161341],[153.32620700963,-27.5661934061261],[153.326058019639,-27.5662514261114],[153.325994039636,-27.5663294161055],[153.326037029604,-27.5665424061116],[153.326101999589,-27.5666004061187],[153.326167009565,-27.5667354161263],[153.326232019509,-27.567122426136],[153.326340019482,-27.5672383961479],[153.326469009458,-27.5673153961616],[153.326683009433,-27.5673333961835],[153.326769039414,-27.5674103961928],[153.326811999395,-27.5675264061981],[153.326813029365,-27.5677583962],[153.326962999341,-27.5678163962157],[153.327027019327,-27.5678743862227],[153.327050019292,-27.568125396227],[153.327179009256,-27.5682993962415],[153.327201019232,-27.5684744062451],[153.327309019203,-27.5686083962571],[153.327309019188,-27.568725396258],[153.327267009187,-27.5687633862541],[153.32720302917,-27.5689573962491],[153.327204009142,-27.5691703862509],[153.327055019123,-27.5694423962379],[153.327014029088,-27.5697523962362],[153.326970999081,-27.5698483962326],[153.326779009079,-27.5700244062145],[153.326716009071,-27.570140396209],[153.326545039067,-27.570315396193],[153.326374039078,-27.5703733861761],[153.325838039145,-27.5702983861211],[153.325795039154,-27.5702593961164],[153.325431059201,-27.570202396079],[153.325302069222,-27.5701453960654],[153.324896039268,-27.570127416024],[153.324596049288,-27.5702254059943],[153.32429707929,-27.5704584159658],[153.324212069299,-27.5704584159572],[153.324020079307,-27.5705554159385],[153.32354908934,-27.5706934258917],[153.32348509935,-27.5706744258851],[153.323334099388,-27.5705004058684],[153.323120059428,-27.5703654158456],[153.323119079433,-27.5703264158452],[153.32307709944,-27.5703074158407],[153.322926099489,-27.5700564058234],[153.322818099513,-27.5699604158117],[153.322775069532,-27.5698444158064],[153.322646069566,-27.5696894057921],[153.32256007958,-27.5696514057831],[153.322389079598,-27.5696514057657],[153.322175109614,-27.5697104257444],[153.322090109613,-27.5697884157364],[153.3220471096,-27.5699234157331],[153.322156099554,-27.5701944157463],[153.322005829553,-27.5703304357321],[153.321899099564,-27.5703304157213],[153.321727109605,-27.5701574157025],[153.321642109614,-27.5701574356938],[153.321578119611,-27.5702354356879],[153.321492089618,-27.5702544356794],[153.321385109644,-27.5701394356676],[153.321256119665,-27.570081445654],[153.321170129674,-27.5700814456453],[153.321042119681,-27.5701404356328],[153.32091410968,-27.5702564356207],[153.320807089686,-27.5702954256101],[153.320786109681,-27.5703534256085],[153.320722119688,-27.570354425602],[153.320444139693,-27.5705484355753],[153.320188129708,-27.57064643555],[153.320060119702,-27.5708014455383],[153.319803129712,-27.5709384355133],[153.319676139708,-27.5710734255014],[153.319248139744,-27.5711524454586],[153.319077139753,-27.5712304354419],[153.31905611975,-27.57126943544],[153.318970159756,-27.5712894354315],[153.31875615976,-27.571444425411],[153.318757179735,-27.5716384354126],[153.318971179707,-27.5716764354346],[153.319035859693,-27.5717344354417],[153.319035859683,-27.5718114654423],[153.318994179677,-27.5718894254386],[153.318802189675,-27.5720644354205],[153.318695169662,-27.5722584254112],[153.318590199631,-27.5725874354031],[153.318549209579,-27.5730324354025],[153.31867917951,-27.5734584354191],[153.318764149496,-27.573496425428],[153.31942815942,-27.5735334254957],[153.319835139367,-27.5736094255376],[153.32090615925,-27.5736254156465],[153.321399129187,-27.5737004156972],[153.322555119051,-27.5737934058153],[153.322705129022,-27.5738894058313],[153.322899088957,-27.5742374058537],[153.323029138926,-27.574372425868],[153.323136088907,-27.5744304258793],[153.323157108897,-27.5744884158819],[153.323286098869,-27.5746034158959],[153.323315408863,-27.574622655899]]],[[[153.335216151247,-27.6241192174988],[153.335366171184,-27.6244862075169],[153.335387161165,-27.6246212175201],[153.33562390107,-27.6251614875484],[153.335904140879,-27.6264191975869],[153.33601215083,-27.6267092076001],[153.33601215082,-27.6267861976007],[153.336226910738,-27.6272494976262],[153.33622717073,-27.6273081976267],[153.336464160643,-27.6277911976546],[153.336829160524,-27.6284092076965],[153.337108130444,-27.6287961877279],[153.337215840421,-27.6288914677396],[153.337215840416,-27.62893051774],[153.337323120392,-27.6290271777516],[153.337323120387,-27.6290655077519],[153.337430030363,-27.6291624477635],[153.337430140358,-27.6292011677639],[153.337538030334,-27.6292974477756],[153.337581140317,-27.6293941777807],[153.337730970281,-27.6295484577972],[153.337731150276,-27.6295881777975],[153.337903140233,-27.6297811878165],[153.337944820228,-27.6297804778207],[153.338010160211,-27.629858177828],[153.338074070202,-27.6298765178346],[153.338375120137,-27.6301281678672],[153.338439100128,-27.6301464978738],[153.338525130106,-27.6302441778834],[153.338718150071,-27.6303601779039],[153.33889013003,-27.6305331679227],[153.33895390002,-27.6305525079294],[153.339105159987,-27.6306881879458],[153.339641159842,-27.6313641580056],[153.339727119828,-27.6314021580146],[153.339920859785,-27.6315754480357],[153.339942139775,-27.6316341580383],[153.340307139694,-27.631961448078],[153.340371089685,-27.6319811680847],[153.340735899606,-27.6322895081242],[153.340758099596,-27.6323481481269],[153.341165109503,-27.6327341381713],[153.341294099461,-27.6329471481861],[153.341445099428,-27.6330814882025],[153.341466119418,-27.6331401382051],[153.342561119184,-27.6340471383235],[153.342582109174,-27.6341051383261],[153.343033099071,-27.6345301183753],[153.343227098998,-27.6349361183982],[153.343462888941,-27.6351865184242],[153.343484098931,-27.6352451184268],[153.343764048871,-27.6354761284571],[153.343978088811,-27.6357661184811],[153.344193068765,-27.6359401285043],[153.344214058756,-27.6359981285069],[153.345009068588,-27.6366350985927],[153.345009098584,-27.636672508593],[153.345244888531,-27.6368844486187],[153.345245078526,-27.636924108619],[153.345288108519,-27.6369434986235],[153.345288108514,-27.6369814786238],[153.34541709848,-27.6371370986382],[153.345523898456,-27.6372324886498],[153.345567078452,-27.6372330986542],[153.345739068411,-27.637407108673],[153.345802908401,-27.6374254386797],[153.34588907838,-27.6375230986892],[153.34646804827,-27.6378891087509],[153.346790048196,-27.6381980887861],[153.346790008191,-27.6382365187864],[153.34694104816,-27.6383530888027],[153.347070038124,-27.6385260788172],[153.347391018064,-27.6387190888513],[153.347691848032,-27.6387184588819],[153.348142047989,-27.6386790889273],[153.348421047966,-27.6386210989552],[153.348570037962,-27.6385240789696],[153.348677137976,-27.638329498979],[153.348719987971,-27.6383300889833],[153.348785027957,-27.6383880889904],[153.348806017947,-27.638446088993],[153.348955997933,-27.6384270890081],[153.349063007937,-27.638310089018],[153.349106007949,-27.6381750790213],[153.349255987963,-27.6379430890348],[153.349297997993,-27.6376720790369],[153.349362018004,-27.6375360890423],[153.349468998002,-27.6374590890526],[153.349598027991,-27.6374390890655],[153.349725997992,-27.6373230790776],[153.349811988007,-27.6371300890849],[153.350025987997,-27.6370320891058],[153.350111948002,-27.6369160791137],[153.350175968018,-27.6367420891188],[153.350303978016,-27.636645089131],[153.350346968021,-27.6365680991348],[153.350346968036,-27.6364520791339],[153.350432158049,-27.6362774991412],[153.35049698805,-27.6362190891473],[153.350774968027,-27.6361610991751],[153.350988968027,-27.6359870791955],[153.351074968057,-27.6356770792018],[153.351181978068,-27.6355030892113],[153.351416968067,-27.6353090792337],[153.351716958055,-27.6351540892629],[153.351823948076,-27.6349020792718],[153.351950928169,-27.6340700992782],[153.352057948174,-27.633935079288],[153.352464918225,-27.6331990793235],[153.352570918251,-27.632909089332],[153.352591908303,-27.6324840893308],[153.352548908325,-27.6323480793253],[153.352462918352,-27.6322130793155],[153.352333918378,-27.6321170893017],[153.352204928411,-27.6319620992873],[153.351131938614,-27.6312870991729],[153.350895928669,-27.6310551091471],[153.350809938705,-27.6308430991367],[153.350723948722,-27.6307851091275],[153.350573928741,-27.6307661091121],[153.350466948765,-27.6306691091004],[153.350411978773,-27.6306476690947],[153.350360148788,-27.6305724890888],[153.350274118805,-27.6305145190796],[153.35027393881,-27.6304760990793],[153.349994928872,-27.630225109049],[153.349608938936,-27.6300520990083],[153.34943695896,-27.6300130989905],[153.34870797908,-27.6296861289139],[153.348256979176,-27.6293191288651],[153.34814996919,-27.6293001288541],[153.347913989203,-27.6293971288309],[153.347806979214,-27.62939712882],[153.347398979273,-27.6292821287776],[153.347184979316,-27.6291281187546],[153.346862979358,-27.6290701187215],[153.346776979375,-27.6290121187123],[153.346477029419,-27.628916138681],[153.345833019531,-27.628588138613],[153.345575989561,-27.6285691385867],[153.345490029565,-27.6286081385783],[153.345340009581,-27.628608138563],[153.345189999607,-27.6285311385472],[153.345018009646,-27.6283771485285],[153.344567999711,-27.6282421284817],[153.344353019749,-27.6281271384589],[153.344182049788,-27.6279721384403],[153.344096019802,-27.6279341484313],[153.343817049876,-27.6275861584002],[153.343624039919,-27.6274121683792],[153.343559029929,-27.6273931683724],[153.343516039928,-27.6274321683683],[153.343516039921,-27.6274901583688],[153.34364505988,-27.6277021583836],[153.34364505987,-27.6277801683842],[153.34360304987,-27.6278191683802],[153.343496029881,-27.6278191683694],[153.343367039902,-27.6277611483558],[153.343345069912,-27.6277031483531],[153.343002039994,-27.6273551683155],[153.342894040028,-27.6271811583032],[153.342809070044,-27.6271231582941],[153.342701060058,-27.6271041582829],[153.34259405006,-27.6271821582727],[153.342465050074,-27.6271821582596],[153.3422940501,-27.6271241582417],[153.342165060153,-27.6268151482262],[153.342121040215,-27.6263701582182],[153.341970040295,-27.6258681781989],[153.341863020334,-27.6256551881863],[153.34171305037,-27.6255011681699],[153.341605040426,-27.6251531881561],[153.341455060462,-27.6249981781397],[153.341455060497,-27.6247281881375],[153.341411080522,-27.6245731781319],[153.341218070562,-27.624419178111],[153.341197080594,-27.6241871681071],[153.341110060628,-27.6239941780967],[153.341067070685,-27.6235871780891],[153.341002060714,-27.6234131680811],[153.340743820769,-27.6232054280532],[153.340744040774,-27.623167178053],[153.340636080798,-27.6230701780412],[153.340528070836,-27.6228581880286],[153.340442080856,-27.6227811880192],[153.340184060935,-27.6223751879898],[153.340139060992,-27.621969187982],[153.33992309106,-27.6216212079573],[153.339836071107,-27.6213311979462],[153.339599071199,-27.620809197918],[153.339555061231,-27.6205971879119],[153.33944705126,-27.6204621978998],[153.339276051281,-27.6204431978823],[153.339126071289,-27.6205021978675],[153.339041101284,-27.6206181878598],[153.338892071285,-27.6207351978456],[153.338699061298,-27.6207931978264],[153.338486121291,-27.6210262078066],[153.338315111302,-27.6210852177897],[153.338186121316,-27.6210852177766],[153.337994101322,-27.621202217758],[153.337930111318,-27.6212802077521],[153.337737101329,-27.6213582077331],[153.337074111398,-27.6213802176659],[153.336881101414,-27.6214192176466],[153.336324111476,-27.6214022175899],[153.335981161528,-27.6212872275542],[153.335915861545,-27.6212095075469],[153.335874101549,-27.6212095075427],[153.335702151585,-27.6210752175241],[153.335599151608,-27.620984207513],[153.335487131623,-27.6209592175014],[153.335316131639,-27.6209792374842],[153.335145161632,-27.6211732274683],[153.335060121617,-27.6213672374612],[153.335039131596,-27.6215422274604],[153.334912111583,-27.6217552374492],[153.334891121553,-27.6220072074491],[153.334828161535,-27.6222002174442],[153.334808161495,-27.6225302174448],[153.335068151355,-27.6234012174781],[153.335216151247,-27.6241192174988]]],[[[153.336083141658,-27.6201832175558],[153.336212131634,-27.6202602175695],[153.3362771416,-27.6204732275778],[153.336342141581,-27.6205692175852],[153.336557131538,-27.6207232176082],[153.33683610149,-27.6208582076376],[153.33705010146,-27.6209152076598],[153.337200081444,-27.6209152076751],[153.337329101438,-27.6208562076877],[153.337499081449,-27.6206232177031],[153.337670121448,-27.6204872077194],[153.337755091441,-27.6204672077279],[153.337990121451,-27.6201962177497],[153.338011111461,-27.620099207751],[153.338181091482,-27.6197892177659],[153.338373081487,-27.6195942177838],[153.338606091531,-27.6190522178032],[153.338713071539,-27.6188962078129],[153.338841081541,-27.6187802178249],[153.338841081546,-27.6187412178247],[153.339438071541,-27.6182742178816],[153.339438071546,-27.6182362178813],[153.339502091544,-27.6181972278875],[153.339737041558,-27.6178862179089],[153.339865051552,-27.6178282179215],[153.339972031553,-27.6177302079316],[153.340057041546,-27.6177112079401],[153.340292031554,-27.6174582179619],[153.340356011552,-27.6174192079681],[153.340698051522,-27.6173601880024],[153.340826061523,-27.6172441980145],[153.340932021549,-27.616953188023],[153.340953041572,-27.6167592180236],[153.340887051611,-27.6165082080149],[153.34075806166,-27.6162372179997],[153.340670061734,-27.6157342079868],[153.340476021809,-27.6153092079637],[153.340475041816,-27.6152512079631],[153.340389041841,-27.6151352179535],[153.340409051888,-27.6147482179524],[153.340257061951,-27.6143812079341],[153.340256041991,-27.6140712079316],[153.340191032018,-27.6139172079237],[153.340191032035,-27.6137812179227],[153.340212022038,-27.6137422179245],[153.340405032022,-27.6137032179438],[153.340490002026,-27.6136062079517],[153.340445032087,-27.6131612079436],[153.340509022085,-27.6131222079498],[153.34074503206,-27.6131212079737],[153.340894022057,-27.6130242179881],[153.341021002095,-27.6126172179978],[153.341021002112,-27.6124812279967],[153.341126022156,-27.612055228004],[153.341207992266,-27.611125208005],[153.341142002325,-27.6107192279951],[153.340990022393,-27.6103132279765],[153.341010022426,-27.6100422379764],[153.340967022455,-27.6098492279705],[153.340859022484,-27.6097142379584],[153.340774012498,-27.6096752379495],[153.340366012547,-27.6096382379077],[153.340109022572,-27.6096582378818],[153.340045032571,-27.6097172278757],[153.33989600258,-27.609775227861],[153.339810012577,-27.6098722378531],[153.339768002581,-27.6098722378488],[153.339725042579,-27.6099312378449],[153.339554002587,-27.6100092378281],[153.339469032586,-27.6100862278201],[153.339148042606,-27.6102032277884],[153.339127022603,-27.6102422377866],[153.338999052609,-27.610301237774],[153.3387430426,-27.6105922277503],[153.338679022584,-27.6107672377452],[153.33850904258,-27.6109422277293],[153.338402062589,-27.6109612277186],[153.338316032608,-27.6108842277092],[153.338315042618,-27.6108072277085],[153.338422062629,-27.610632237718],[153.338528022625,-27.6105732277283],[153.338635042638,-27.6103802377377],[153.338634052658,-27.6102252377364],[153.338399032684,-27.6102262377125],[153.338227042722,-27.6100712476938],[153.337927052754,-27.6100722476633],[153.337862042771,-27.6099952476561],[153.337819042793,-27.6098602576507],[153.337690052817,-27.6097832576369],[153.337604022841,-27.6096672476273],[153.337625052848,-27.6095902476288],[153.337710052839,-27.6095892476375],[153.337839042816,-27.6096662476512],[153.337925042794,-27.6097632576607],[153.338119042763,-27.609840257681],[153.338204042754,-27.6098392576896],[153.338332012745,-27.6098002577023],[153.338503052742,-27.6096832477188],[153.33882403271,-27.6096632277512],[153.339017052702,-27.6095652377701],[153.339102052702,-27.6094882377781],[153.339102052722,-27.6093332277769],[153.339015042751,-27.6091782377668],[153.339015042761,-27.6091012377662],[153.339292002764,-27.6088482277923],[153.339742012733,-27.608711237837],[153.339848002734,-27.608614237847],[153.339976012728,-27.6085552278595],[153.340319002696,-27.6085152278941],[153.340339992698,-27.6084772278959],[153.340447012692,-27.6084382279065],[153.340597022676,-27.6084372379217],[153.340747992635,-27.6086302279386],[153.340875992614,-27.608688237952],[153.341025972598,-27.6086872279673],[153.341153972601,-27.6085512279792],[153.341153972609,-27.6084932379787],[153.341046962635,-27.608377237967],[153.34104597265,-27.6082612279659],[153.341173982659,-27.6080872279776],[153.341215952672,-27.6079512379808],[153.341150002728,-27.607564237971],[153.341213982744,-27.6073902279761],[153.341321002737,-27.6073502279867],[153.341449002743,-27.6071952379985],[153.341447982763,-27.6070402279972],[153.34136199279,-27.6069052279874],[153.341381992817,-27.6066732379876],[153.341487952833,-27.6064602279966],[153.341487952851,-27.6063242379956],[153.34140101289,-27.6060922279849],[153.341400092917,-27.6058784579831],[153.341442002955,-27.6055502379848],[153.341526972968,-27.605375227992],[153.341482993005,-27.6051242379856],[153.341567963013,-27.6049882379932],[153.341480983047,-27.6047952479828],[153.341458973092,-27.6044662479779],[153.341371953126,-27.6042732579676],[153.34126497315,-27.6041762579559],[153.340835953198,-27.6041592579122],[153.340601003213,-27.6042372478889],[153.340515953215,-27.6042952478808],[153.340408973227,-27.6042952478699],[153.340171983272,-27.6041412578446],[153.339978973295,-27.6041232578248],[153.339616013329,-27.6041632577883],[153.33944501334,-27.6042212477713],[153.339295983326,-27.6044542577581],[153.339274993316,-27.6045512577567],[153.339189033313,-27.6046482477487],[153.339083003289,-27.6049202577401],[153.338783993321,-27.6049202577097],[153.338591023335,-27.6049792476906],[153.338506083331,-27.6050764676827],[153.338355923338,-27.605154497668],[153.338314023335,-27.6052132576643],[153.338270993339,-27.6052134376599],[153.338079003337,-27.6053882476418],[153.337759043312,-27.6058532476129],[153.337675053277,-27.6062022476072],[153.337569053263,-27.6063962575979],[153.337397073282,-27.6063972575804],[153.337354033296,-27.6063192475754],[153.337376043304,-27.6062422675771],[153.337332023321,-27.6061452675718],[153.337182043349,-27.6060492675558],[153.336989073368,-27.6060692675364],[153.336882053369,-27.6061472675261],[153.336798033351,-27.6063602775193],[153.336798033336,-27.6064762675202],[153.336842053314,-27.6066112675257],[153.336885043304,-27.6066502675304],[153.33688504329,-27.6067662775313],[153.336736013286,-27.6069222675174],[153.336607023292,-27.6069802675048],[153.336266083291,-27.6072722674724],[153.336053103277,-27.6075632774531],[153.336032083257,-27.6077372674523],[153.335948053239,-27.6079502774455],[153.335906083196,-27.6083182774441],[153.335907063176,-27.6084732674454],[153.335972073142,-27.6086862474537],[153.335952073092,-27.6090922474549],[153.335996053058,-27.6093242574612],[153.335889073057,-27.6094222474511],[153.335782093068,-27.6094222474402],[153.335610063109,-27.6092482774214],[153.335503083121,-27.6092492774105],[153.33541807312,-27.6093262674025],[153.335462093063,-27.6097332474102],[153.335335073042,-27.6100042573994],[153.33533606301,-27.6102562474015],[153.33537905299,-27.6103722574068],[153.335425122898,-27.6110492474168],[153.335319082875,-27.6113202574082],[153.335277112842,-27.6116112574062],[153.335321132825,-27.6117072574115],[153.335514102782,-27.6118812474324],[153.335536082773,-27.6119392474351],[153.335729132729,-27.6121132574561],[153.335944072689,-27.612247257479],[153.335965102675,-27.6123442474819],[153.335944112672,-27.6123832474801],[153.335773112683,-27.6124422474632],[153.335430122719,-27.6124432374283],[153.335174112735,-27.6125402574031],[153.334961132733,-27.612735247383],[153.334790132709,-27.6130642473682],[153.334535102699,-27.6133552573446],[153.334344102675,-27.613705257328],[153.334173132671,-27.613879247312],[153.334173132666,-27.6139182473123],[153.333917162674,-27.6140742572875],[153.333617162696,-27.6141522572576],[153.333510142692,-27.6142692472477],[153.333446122697,-27.6142882472413],[153.333405132647,-27.6147152472405],[153.333407142589,-27.6151602472443],[153.333451122555,-27.6153922572506],[153.333559132519,-27.6155852472631],[153.334117142412,-27.6159512473226],[153.334267122376,-27.6161052473391],[153.334547152326,-27.6162592573688],[153.334848132256,-27.6165482274016],[153.335085162191,-27.6168572274281],[153.335192142168,-27.6169532274398],[153.335299122151,-27.6169922274509],[153.335407092125,-27.6171082374628],[153.33545012209,-27.617340227469],[153.335644082047,-27.6175142374901],[153.335731102003,-27.6177842275011],[153.335882101957,-27.6180162375183],[153.335904111942,-27.6181122375213],[153.335905131893,-27.6185002375244],[153.335970101861,-27.6186932275325],[153.335952141749,-27.6195832275377],[153.335997141682,-27.6200672175461],[153.336083141658,-27.6201832175558]]],[[[153.356427953421,-27.5893135093799],[153.356384663421,-27.5893531893758],[153.356342973413,-27.5894494993723],[153.356192673414,-27.589567199358],[153.356065653386,-27.5898961993477],[153.355916653382,-27.5900511993337],[153.355873663386,-27.5900521993294],[153.355510673393,-27.5903051992945],[153.355254693405,-27.5904221992694],[153.355211693403,-27.5904801892654],[153.355168703407,-27.5904801892611],[153.355104713404,-27.5905582092552],[153.355019963408,-27.5905964692469],[153.354184693498,-27.590600219162],[153.354034683509,-27.590639219147],[153.353821703509,-27.5908142091268],[153.353757683504,-27.590911219121],[153.353629713508,-27.5909892191086],[153.353609163483,-27.5912014291082],[153.353781733429,-27.5914722191279],[153.353811443415,-27.5915593691316],[153.353867693388,-27.5917242291386],[153.354061723345,-27.5918972191597],[153.354169693311,-27.5920712091721],[153.354299963252,-27.5924185091881],[153.354364753208,-27.5927091991969],[153.354349933173,-27.5929961591977],[153.354344753161,-27.593096199198],[153.35426072313,-27.5934061891919],[153.354261713105,-27.5936001991935],[153.354305033083,-27.593734489199],[153.354284743058,-27.5939481991986],[153.354241713058,-27.5939871991945],[153.354157063037,-27.5942185091877],[153.354050883031,-27.594354499178],[153.353945032998,-27.59470351917],[153.353856742988,-27.5948539591622],[153.353796732982,-27.5949561891569],[153.353797062969,-27.5950524491577],[153.353839702957,-27.5951112091625],[153.353819042945,-27.5952265191613],[153.35360573294,-27.5954411891414],[153.353456852916,-27.5957504891287],[153.353286942917,-27.5958864791124],[153.353244782892,-27.59612019911],[153.353116782896,-27.5961981890976],[153.35303074289,-27.5963141990898],[153.352945772894,-27.5963531990815],[153.352924752889,-27.5964111990798],[153.352775032893,-27.5965074690653],[153.352753752887,-27.5965671890636],[153.35273276287,-27.5967221990627],[153.352797772856,-27.5967791990698],[153.352862742831,-27.5969151990774],[153.35277776282,-27.59707020907],[153.352777762808,-27.5971671990708],[153.352820762799,-27.5972051990755],[153.35290785276,-27.5974364490862],[153.352909752692,-27.5979601990905],[153.352847042667,-27.5982114490861],[153.352718892643,-27.5985015190754],[153.352638962635,-27.5986311290683],[153.352442772616,-27.5989491990508],[153.352507772579,-27.5991812090593],[153.352487772547,-27.5994521890594],[153.352273772562,-27.5995111890381],[153.352123762568,-27.5995891990234],[153.352124782563,-27.5996271990238],[153.351953782557,-27.599822189008],[153.351698792524,-27.6002871889858],[153.351614002501,-27.6005384889791],[153.351293782499,-27.6008301989489],[153.351165812505,-27.6008891989363],[153.351102122502,-27.6009664389305],[153.351060002506,-27.6009664389262],[153.351016822503,-27.6010251889223],[153.350824902512,-27.6011214989035],[153.350802932509,-27.6011604789016],[153.350718002516,-27.6011804588931],[153.350696832513,-27.6012201988913],[153.350504142521,-27.6013164588724],[153.35037599252,-27.6014334488603],[153.350161812531,-27.6015312188393],[153.349926822553,-27.6015522188156],[153.349841812557,-27.6015902188073],[153.349798932555,-27.6016484588034],[153.349756072559,-27.601648458799],[153.349713952556,-27.6017065087952],[153.349500102572,-27.6017654487739],[153.349263842582,-27.6018832187508],[153.34907185258,-27.6020582087327],[153.34900885257,-27.6021932087274],[153.349053852501,-27.6026972187359],[153.349182842459,-27.6029092087507],[153.349292012403,-27.6032564987645],[153.349271142381,-27.6034504287639],[153.349164852352,-27.6037611887556],[153.349060862299,-27.604265188749],[153.349082832257,-27.6045741987537],[153.34912587224,-27.6046711887588],[153.349213872156,-27.6052511987723],[153.349214852131,-27.605445188774],[153.349389831991,-27.6063931887993],[153.349377721973,-27.6065455587992],[153.349369871961,-27.6066441987992],[153.349157841919,-27.6071481887816],[153.349116851884,-27.6074581987799],[153.349118861824,-27.6079231987838],[153.349162841767,-27.6083291987915],[153.349164881718,-27.6087161787947],[153.3491228717,-27.6088911687918],[153.349209891656,-27.6091611788028],[153.349190871568,-27.6098581788064],[153.349320891505,-27.6102451888227],[153.349322601467,-27.6105399488252],[153.34932289146,-27.6105931688256],[153.349152881419,-27.611059188812],[153.349153901406,-27.6111551788129],[153.349239861377,-27.6113101788228],[153.349240881352,-27.6115031888245],[153.349177881327,-27.61175516882],[153.34920091126,-27.6122591888264],[153.349117871204,-27.6127621788219],[153.348969901163,-27.6132081788104],[153.348884891123,-27.6135951788048],[153.348821891112,-27.6137311787995],[153.348716881059,-27.6142351687928],[153.348525921025,-27.6146611687767],[153.348312941003,-27.6150101787578],[153.34827089099,-27.6151461887546],[153.348273960911,-27.6157645087598],[153.348039920888,-27.616134158739],[153.348018890856,-27.616405168739],[153.348105910824,-27.6165791587492],[153.348105840802,-27.6167524487505],[153.348285530745,-27.6170460287711],[153.348472920686,-27.6173521587926],[153.348494890659,-27.6175451587963],[153.348709910601,-27.6178151588203],[153.348861830542,-27.6181434788384],[153.348925920531,-27.6181814588452],[153.349098890472,-27.6184921488652],[153.349142910421,-27.6188591588726],[153.349316910337,-27.6193621288943],[153.349298910233,-27.620194128899],[153.349213900219,-27.6203691388917],[153.348916610195,-27.620808108865],[153.348766930183,-27.6210291488515],[153.348616910192,-27.6210871488367],[153.348488870191,-27.6212034788246],[153.348361050204,-27.6212034788116],[153.348103940222,-27.6212821387861],[153.347868950225,-27.6214574587636],[153.347568960252,-27.6214971587334],[153.347483950256,-27.6215361587251],[153.347184940254,-27.6218084586969],[153.347142090258,-27.6218084586925],[153.347079090255,-27.6218854986867],[153.34703591026,-27.6218854986823],[153.346971820257,-27.6219634386764],[153.346822060263,-27.6220414686618],[153.346736940255,-27.6221781686542],[153.346779940235,-27.6222941586595],[153.346887940213,-27.6223711586711],[153.347615930135,-27.6223681387451],[153.348109960045,-27.6226571487976],[153.348366960015,-27.6226751488239],[153.34860292998,-27.6227521488484],[153.348774959942,-27.6229061388671],[153.349097909843,-27.6234011489039],[153.349149119833,-27.6234384389094],[153.3494059298,-27.6234771389358],[153.34959890977,-27.623554138956],[153.349984929684,-27.623902128998],[153.35034992962,-27.6240941190366],[153.350564909592,-27.6241331190588],[153.351035909541,-27.6241321191067],[153.351292909518,-27.6240931191325],[153.351894099454,-27.6240914891936],[153.352236909407,-27.624168119229],[153.352364879386,-27.6242270992425],[153.352493869357,-27.6243421092565],[153.352601869321,-27.6245350992691],[153.352665889286,-27.6247481092772],[153.352816889245,-27.6249410992941],[153.352901899226,-27.6250180993034],[153.353138859188,-27.6251150993282],[153.354231849073,-27.6250930994392],[153.354274849064,-27.6251320994439],[153.354488849036,-27.6251700994659],[153.354896838975,-27.6253050895085],[153.355753828882,-27.6253040895956],[153.35605381884,-27.6253800896267],[153.356075788833,-27.6254190896292],[153.356182808816,-27.6254580896404],[153.356333998783,-27.6255925096569],[153.356333808778,-27.6256320796572],[153.356484078749,-27.6257274996732],[153.356612818701,-27.6259980796884],[153.356633808681,-27.6261340996916],[153.35678483864,-27.6263270897085],[153.35691773862,-27.6263757997224],[153.357256818567,-27.6265000597579],[153.357320848553,-27.6265580597648],[153.357470818529,-27.6266160797806],[153.357685808481,-27.6268090698039],[153.358093808403,-27.6270790798476],[153.358522828305,-27.6274840798944],[153.3585657883,-27.6274840798988],[153.358586778293,-27.6275230799012],[153.358951768229,-27.6277150699398],[153.359401928163,-27.6278494299867],[153.359476058149,-27.6278944399946],[153.359774778093,-27.6280800600264],[153.359972788039,-27.6283390600486],[153.360144777988,-27.6285920400681],[153.36022277794,-27.6288960500784],[153.360274787894,-27.6292120500862],[153.360351767859,-27.6294200500957],[153.360454767818,-27.629657050108],[153.360544777763,-27.63001205012],[153.36061777769,-27.6305140301313],[153.360626797632,-27.6309650401358],[153.360691767572,-27.6313720401457],[153.360998767479,-27.6318390301806],[153.361405777394,-27.6321640202245],[153.361901777315,-27.6323650302765],[153.362186407282,-27.6323789603056],[153.362421937255,-27.6323904803297],[153.362819787239,-27.6321860203685],[153.363146757247,-27.6318460103991],[153.36337973726,-27.6315450104204],[153.36396876722,-27.6313680004789],[153.3643347572,-27.6312140105149],[153.364746697164,-27.6311500205563],[153.365082717119,-27.631216010591],[153.365273717074,-27.631407020612],[153.365647697033,-27.6314160106501],[153.366122706984,-27.6313920206982],[153.366590716947,-27.631288010745],[153.36684369694,-27.6311340207695],[153.36699469694,-27.6310090107839],[153.367311846915,-27.6309344608155],[153.367627676905,-27.6307470208462],[153.36775867692,-27.6305200208577],[153.367675676956,-27.6303070108476],[153.367668706978,-27.6301430108456],[153.367875916991,-27.6298644508645],[153.36817769701,-27.629469000892],[153.368423637013,-27.6292369909152],[153.368719686994,-27.6291319809445],[153.368891636984,-27.6290709909615],[153.369075626951,-27.629171000981],[153.369266636927,-27.6291990110007],[153.369442636932,-27.6290120110171],[153.369574076969,-27.6286155210274],[153.369716677002,-27.6282320010388],[153.369987617016,-27.6278970010638],[153.370277617029,-27.6275519910905],[153.370566617038,-27.6272399911175],[153.371001627043,-27.6268319711585],[153.371378597073,-27.6262829811925],[153.371655557104,-27.625812971217],[153.371932047127,-27.6253994612419],[153.372240587139,-27.6250429812704],[153.372770597129,-27.6246789813215],[153.373028577135,-27.6244129813456],[153.373084577166,-27.6241249813491],[153.372961567231,-27.6237239713334],[153.372659527308,-27.6233800012999],[153.372636577355,-27.6230310012948],[153.372464147415,-27.6227025112747],[153.372377017462,-27.6224124512636],[153.372376477473,-27.6223251312628],[153.372375927489,-27.6221995212618],[153.372438927513,-27.6219665112663],[153.372437867535,-27.6217924412649],[153.372351107584,-27.6214834712536],[153.372435527615,-27.6211739912597],[153.372433997652,-27.6208822612573],[153.372432577687,-27.620611991255],[153.372560577691,-27.6204760012669],[153.372731547687,-27.6203599912834],[153.372773557717,-27.6200890012856],[153.373072567708,-27.6199129913146],[153.373371497683,-27.6198539913445],[153.373599517668,-27.6197760013671],[153.373692557659,-27.6197750013766],[153.373886877608,-27.6200064913982],[153.374036527584,-27.6200639914139],[153.374186507568,-27.6200639914291],[153.374379517555,-27.6200049914483],[153.374549537549,-27.6199079914648],[153.374869527555,-27.6195969714949],[153.375362497512,-27.6195169815445],[153.37574647749,-27.6193609715823],[153.375855467486,-27.619304971593],[153.375997497484,-27.6192039816066],[153.37615652749,-27.6190189816213],[153.3762189375,-27.6188904816267],[153.376235877509,-27.6188044316277],[153.376234487522,-27.6187019816268],[153.376208497559,-27.618436971622],[153.376286497574,-27.6182599816286],[153.376338107599,-27.6180155016319],[153.376330477635,-27.617744971629],[153.376062497689,-27.6175439716001],[153.37580385772,-27.6175214915736],[153.375675487724,-27.6175999915612],[153.375439477749,-27.6176009915372],[153.375353487766,-27.617542991528],[153.375288517803,-27.6173110015195],[153.375201497827,-27.6171949915098],[153.375201497842,-27.6170789915088],[153.375308517843,-27.616982001519],[153.375330087848,-27.6169234515207],[153.375308157868,-27.6167874515174],[153.375177487904,-27.6166149915027],[153.375091487921,-27.6165570014935],[153.374897487991,-27.6161700014707],[153.374554498045,-27.6160360014348],[153.374511108062,-27.6159394714296],[153.374488508107,-27.6156110014247],[153.374402008139,-27.6154364514145],[153.374336528183,-27.6151470214056],[153.374055478282,-27.6146060113727],[153.373776508332,-27.6144520113431],[153.37358407835,-27.6144714713237],[153.373454498369,-27.6144340113102],[153.373003508447,-27.6142030212625],[153.372576088511,-27.6140684712179],[153.372424548544,-27.6139340112014],[153.372360088566,-27.613818441194],[153.372337528598,-27.6135860311898],[153.372294528608,-27.6135480311852],[153.37225050863,-27.6134120311796],[153.372250508647,-27.6132770411785],[153.372420528661,-27.6130250311938],[153.372462508679,-27.6128500211967],[153.372612078693,-27.6126165012101],[153.372546928715,-27.6125014612026],[153.37254692873,-27.6123844712017],[153.372673508743,-27.6121720312129],[153.372800498772,-27.6118420312232],[153.372842508795,-27.6116290212258],[153.37286148886,-27.6111070312236],[153.372988508891,-27.6107580212337],[153.372987488923,-27.6105060412316],[153.37294346897,-27.6101770312246],[153.372900508987,-27.6100810412194],[153.372899479005,-27.6099450212183],[153.372962479023,-27.6097510312231],[153.372919489045,-27.6096160412177],[153.372769509071,-27.6095390412018],[153.372747499078,-27.6095000211993],[153.372533499106,-27.6094630211772],[153.372298479109,-27.6096380311547],[153.372213499098,-27.6097930311473],[153.372128499097,-27.6098710211392],[153.371849489119,-27.6099300411113],[153.371679509118,-27.6100850310952],[153.371358529137,-27.6102030210635],[153.371230519139,-27.6103000610513],[153.37078185916,-27.6105134510073],[153.370375509193,-27.6105940609666],[153.370011529232,-27.6105950609296],[153.369882539251,-27.6105570609161],[153.369603529283,-27.6105380608876],[153.36928254933,-27.6104430408542],[153.369174549352,-27.6103660508426],[153.369088559363,-27.6103470508337],[153.369003549382,-27.6102690508244],[153.368938539407,-27.6101340608168],[153.368893569449,-27.6098440508099],[153.368867549603,-27.6086630707979],[153.368801559665,-27.6082380707879],[153.368755569761,-27.6075220607775],[153.368838569812,-27.6070570607823],[153.368902519828,-27.6068820707874],[153.36887951987,-27.6065730707826],[153.368749539933,-27.6061860607664],[153.368641539967,-27.606012070754],[153.368469549998,-27.6059160707357],[153.368256100028,-27.6058584807136],[153.368019540054,-27.6058600806895],[153.367848580062,-27.6059380906728],[153.367678560063,-27.6060740806565],[153.367658560018,-27.6064420706574],[153.367552560002,-27.6066550806483],[153.367488580001,-27.6067140906423],[153.367489559964,-27.6070040606446],[153.36731954995,-27.6072560706293],[153.367276589937,-27.607392060626],[153.366893589934,-27.6077420805898],[153.36672287994,-27.6078384805732],[153.366595059933,-27.6079934605615],[153.366166589962,-27.608132080519],[153.36599557996,-27.6082870905028],[153.365889589954,-27.6084230804931],[153.365911599925,-27.608636090497],[153.365869579917,-27.6087330904935],[153.365591559922,-27.6089270804668],[153.365507609886,-27.609276080461],[153.36535861988,-27.6094510904472],[153.365380629863,-27.6095670904504],[153.365551599839,-27.6096050904681],[153.365744609836,-27.6094690904866],[153.365979599826,-27.6093520805096],[153.366086579817,-27.6093320605203],[153.366706599755,-27.6092910705831],[153.367071569711,-27.6093280706205],[153.367157599682,-27.6094830606305],[153.367137589637,-27.6098500606313],[153.367462589508,-27.6105850706702],[153.367550589434,-27.6110880606831],[153.367809599352,-27.6115130507128],[153.368174599278,-27.6117820507521],[153.368282599241,-27.6119750507646],[153.368282599229,-27.6120720407653],[153.368455569156,-27.6124970407863],[153.368456599141,-27.6126140507873],[153.368543569104,-27.6128260507979],[153.368543569094,-27.6129040407985],[153.368651579055,-27.6131160508111],[153.368651579035,-27.6132710508124],[153.368589129027,-27.6133864508069],[153.368588619015,-27.6134840508076],[153.368696618976,-27.6136970508203],[153.368698588936,-27.614007050823],[153.368616608811,-27.6150520608229],[153.36848958879,-27.6153230508121],[153.368383588789,-27.6154210408021],[153.368298588778,-27.6155760507947],[153.36825660876,-27.6157500507917],[153.368149588752,-27.6159050607821],[153.368150578732,-27.6160600507834],[153.367936618745,-27.6161380507623],[153.367787618741,-27.6162940607483],[153.367594608749,-27.6163910507295],[153.367252638781,-27.616431050695],[153.36684562881,-27.6165490406545],[153.36663158883,-27.6165690606329],[153.366481068841,-27.6166118306179],[153.36635360885,-27.6166480506053],[153.366161618858,-27.6167450505865],[153.366011608874,-27.6167460505712],[153.365818668907,-27.6166500505509],[153.365475638947,-27.6166320505158],[153.365390158961,-27.6165925205068],[153.365324998978,-27.6165154604996],[153.364938649044,-27.6163240604588],[153.364830649078,-27.6161500704464],[153.364637669121,-27.6159770804254],[153.364444659154,-27.615880060405],[153.363951659219,-27.6157850703541],[153.363694659247,-27.615787060328],[153.363481059257,-27.615883490307],[153.36326669928,-27.6158850802852],[153.363073679309,-27.6158270602652],[153.362836689361,-27.6156150702394],[153.362728689393,-27.6154610902272],[153.362664699404,-27.6154221002204],[153.362664699409,-27.6153840802201],[153.362406679467,-27.615152090192],[153.362127679512,-27.6150370901627],[153.361998689545,-27.6148830801484],[153.361870059567,-27.6148244501348],[153.361020599658,-27.6148282800485],[153.360970079663,-27.6148285000433],[153.360777099694,-27.6147514700231],[153.36071271971,-27.6146750800159],[153.360476159756,-27.6145204399907],[153.360368849795,-27.6143075099781],[153.360395349803,-27.61421590998],[153.360453129823,-27.6140175199843],[153.360451709862,-27.6137081099818],[153.360705819905,-27.6131645000033],[153.360746879948,-27.6127964800046],[153.360660709976,-27.6126430999946],[153.360601940012,-27.6124124799868],[153.36046609006,-27.612158469971],[153.360379690081,-27.6120631099614],[153.360164740117,-27.6119671099388],[153.360014730155,-27.6117930999222],[153.360028820267,-27.6109084299166],[153.36003166029,-27.6107291099155],[153.360158690308,-27.6104770999264],[153.360629130298,-27.6101644299718],[153.360774400312,-27.6099328499848],[153.360798680314,-27.6098941099869],[153.360840690332,-27.6097190999898],[153.360839670367,-27.6094481099876],[153.360923690402,-27.6090991099934],[153.360858680434,-27.6089060999852],[153.360622670482,-27.6087331299599],[153.36040871051,-27.6086951299378],[153.360151680535,-27.6087151199118],[153.360043670551,-27.6086771299005],[153.359894020585,-27.6085414698842],[153.359786680601,-27.608504129873],[153.359656700642,-27.6082911198581],[153.359247680748,-27.6078091198127],[153.359184100765,-27.6077304798056],[153.359182670773,-27.607673129805],[153.359118950789,-27.6075954897979],[153.358966670865,-27.6071321197788],[153.359008060898,-27.6068414597807],[153.35928367094,-27.6062791198043],[153.359391090954,-27.6060844598137],[153.359389700961,-27.6060271298131],[153.359475660969,-27.6058921198208],[153.359516690997,-27.605640149823],[153.359601691,-27.6055431298308],[153.359751670989,-27.6055031198458],[153.359965710964,-27.6055221198677],[153.359988010969,-27.6054634698695],[153.360264830974,-27.6051914898955],[153.360308040969,-27.6051914898999],[153.360520660969,-27.6050171199201],[153.36067067096,-27.6049581299349],[153.360798640947,-27.6049571299479],[153.360884670932,-27.604996129957],[153.361013660899,-27.6051501199713],[153.361142650882,-27.6051691199846],[153.361184660883,-27.6051301199886],[153.361248680901,-27.6049371299935],[153.361312670896,-27.6049171299999],[153.3613766509,-27.6048391200058],[153.361353660944,-27.6045101300008],[153.361288650971,-27.604356119993],[153.361224670985,-27.6042981199861],[153.361052861009,-27.6042594599683],[153.36092467101,-27.604357119956],[153.360796671024,-27.604357119943],[153.36068867104,-27.6043191199317],[153.360516681078,-27.604165119913],[153.360429661125,-27.6038751399019],[153.360406671175,-27.6035071298966],[153.36025563124,-27.6031201498782],[153.36025464128,-27.6028111498757],[153.360339651288,-27.6026751298832],[153.360786671303,-27.6021901399249],[153.360979641292,-27.6021111399439],[153.361043631292,-27.6020531499499],[153.361150651278,-27.6020721399609],[153.361449621254,-27.6020131499909],[153.361877981238,-27.6017785100326],[153.362392051183,-27.6017764400849],[153.362476651186,-27.6016801300927],[153.362411871215,-27.6015054500847],[153.362425261235,-27.6013388800848],[153.362472641305,-27.600751120085],[153.36245943132,-27.6006466800828],[153.362428621355,-27.6004031300777],[153.362427931368,-27.6003031400769],[153.362426611405,-27.6000151500745],[153.362208631537,-27.5991651500456],[153.362079611568,-27.5990301300314],[153.362036651573,-27.599030130027],[153.361907621599,-27.5989331400131],[153.361843051628,-27.5987594600052],[153.361839111738,-27.5979075199981],[153.361902621751,-27.5977531300033],[153.362010111754,-27.5976354600133],[153.36209508175,-27.5975964800216],[153.362352081725,-27.5975765000476],[153.362351021755,-27.5973444900457],[153.362478591759,-27.5972091400576],[153.362606591752,-27.5971501500701],[153.362670581765,-27.5969951300754],[153.36262714181,-27.5966845200685],[153.362475921843,-27.5965495100521],[153.36234708188,-27.5963764400376],[153.362291051929,-27.5960336200292],[153.362258601958,-27.5958351500244],[153.362256601996,-27.5955451400219],[153.362337262011,-27.5953552000286],[153.362363582017,-27.5952931300308],[153.362549032023,-27.595089450048],[153.362577102023,-27.5950594800506],[153.362767602045,-27.5947301400674],[153.362770262056,-27.594645260067],[153.36278654212,-27.5941301500646],[153.362738212155,-27.5938960100578],[153.362698572184,-27.5937041500523],[153.362698062212,-27.5934904900505],[153.362739822232,-27.5932974500533],[153.362931552251,-27.5929871500703],[153.362973562249,-27.5929681500744],[153.36308058226,-27.5927931400839],[153.363208882258,-27.5926954400962],[153.363229582264,-27.5926381400979],[153.363592572264,-27.5923271401323],[153.36363557226,-27.5923271401367],[153.363720832261,-27.5922485001447],[153.363806132251,-27.5922485001534],[153.36386986225,-27.5922094401596],[153.36389566225,-27.592185690162],[153.36393395225,-27.5921504801657],[153.36395987225,-27.5921334801682],[153.364016042247,-27.5921074701737],[153.36419051224,-27.5920151401907],[153.364339502241,-27.5918791402048],[153.364446522232,-27.5918591502155],[153.364638512239,-27.5916451402333],[153.364744552255,-27.5914321502424],[153.364829522256,-27.5913541502504],[153.365022532245,-27.5912761402695],[153.365064542248,-27.5912181402733],[153.365193532239,-27.5911791402861],[153.365320522255,-27.5909461302972],[153.365470492247,-27.590887140312],[153.365834512215,-27.5908281403485],[153.366218492196,-27.5906521503862],[153.366411502176,-27.5906521304058],[153.36656195215,-27.5907285004217],[153.366734492077,-27.5911541304426],[153.367035472012,-27.5914041204752],[153.367336521965,-27.5915191205068],[153.367549461942,-27.5915181205284],[153.367678451936,-27.5914601205411],[153.367763971939,-27.591362460549],[153.367784851949,-27.5912655205504],[153.367654472,-27.5909761205348],[153.367676152016,-27.5908394605359],[153.367546472059,-27.5906081205209],[153.367544462089,-27.5903761305189],[153.367608482115,-27.5901241205234],[153.367650932118,-27.5900654605273],[153.367713452163,-27.5896601205304],[153.367689802242,-27.5890594505233],[153.367602462271,-27.5889051205132],[153.367516462291,-27.5888281205038],[153.366960832358,-27.5887714404468],[153.366789132369,-27.5888304704298],[153.366511472363,-27.5891031504038],[153.366491032358,-27.5891605104021],[153.366405002363,-27.5891994703937],[153.366041502399,-27.5892201403569],[153.365848522412,-27.5892791403377],[153.365484512451,-27.5892811303007],[153.36533508247,-27.5892614902853],[153.365206892491,-27.5892034302718],[153.365184952501,-27.5891454702692],[153.365076952522,-27.5890684402576],[153.365012162549,-27.5889144502498],[153.36490452257,-27.5888381502382],[153.364711482591,-27.5888381502186],[153.364391522608,-27.5889751401871],[153.363899532643,-27.5891121501381],[153.36355702268,-27.5891124501033],[153.363106532745,-27.5889801600565],[153.36304186276,-27.5889214800494],[153.362956562771,-27.5889031600406],[153.36278482281,-27.5887484800219],[153.362525972897,-27.5882844499919],[153.362289122955,-27.5880334399658],[153.362204142969,-27.5879954599569],[153.362117022993,-27.5878794399471],[153.362030993032,-27.5876475299365],[153.36181498309,-27.5873775199124],[153.361814543105,-27.5872621699115],[153.361749573136,-27.5870691799033],[153.361749063148,-27.5869793299026],[153.361897983197,-27.5864734799137],[153.362108553232,-27.5860221699316],[153.362236563233,-27.5859051799437],[153.36296353319,-27.5856321600155],[153.363177973182,-27.5855145200363],[153.363819853121,-27.5854535001011],[153.364054483115,-27.5852981601238],[153.364160513129,-27.585105170133],[153.364350823188,-27.5844834701475],[153.364349513215,-27.5842721701457],[153.364261503279,-27.5838461701334],[153.364131493335,-27.5835171601175],[153.363960963378,-27.5833234700987],[153.363873513407,-27.5831701600886],[153.363851503432,-27.5829961700849],[153.36391450347,-27.5826471600886],[153.363892533482,-27.5825701700857],[153.363828833494,-27.582530480079],[153.363633493555,-27.5822221800567],[153.363462483585,-27.5821261800385],[153.362969843648,-27.5820495199878],[153.362883853662,-27.5820114499787],[153.362756023676,-27.5820124499658],[153.362459973718,-27.581932079935],[153.362262803746,-27.5818785299145],[153.361769983809,-27.5818024698638],[153.361447503865,-27.5816301798296],[153.361296543904,-27.5814571898129],[153.361252553943,-27.5811861998063],[153.361486483983,-27.5806821998261],[153.361485504,-27.580546189825],[153.361399504027,-27.5804111998151],[153.361291504048,-27.5803341998036],[153.360842994096,-27.5803354797579],[153.360671514105,-27.5804141897411],[153.360372544102,-27.5806861997129],[153.360244534108,-27.5807441997003],[153.359945524106,-27.5810171996721],[153.359853544097,-27.5811581896638],[153.359818544094,-27.5812101896607],[153.359775514099,-27.5812111896563],[153.3596269241,-27.5813264696421],[153.359242064126,-27.5814444596039],[153.359113584125,-27.5815621895918],[153.35904981413,-27.5815804295854],[153.358900574113,-27.5818331995722],[153.358880564068,-27.5822011995731],[153.35883855406,-27.5822981995696],[153.358861913996,-27.5827814895758],[153.358755553968,-27.5830921995674],[153.358756573938,-27.5833241895694],[153.358671563922,-27.5835181995623],[153.358544623918,-27.5836541895504],[153.358352153927,-27.5837514995316],[153.357688624003,-27.5837152094639],[153.357537584036,-27.5835801894474],[153.357429584082,-27.5833102194343],[153.357343594102,-27.583233219425],[153.357257594113,-27.5832142294161],[153.357128864147,-27.5830585094018],[153.357001074161,-27.5830595093888],[153.357001074148,-27.5831565193895],[153.357109044122,-27.5832714494014],[153.35721660408,-27.5835042094142],[153.357303584004,-27.5840262094272],[153.357346583995,-27.5840652094319],[153.357496593976,-27.5840842094473],[153.35792459393,-27.5840821894908],[153.358032603909,-27.5841591995023],[153.358011573901,-27.5842371995008],[153.357968613903,-27.5842561994966],[153.357668623945,-27.5841801994655],[153.357368593977,-27.584181199435],[153.357326583974,-27.5842391994312],[153.35741326394,-27.5844328594415],[153.357456083923,-27.5845284794467],[153.357480613837,-27.5851871894543],[153.357395603796,-27.5855751894488],[153.357268653785,-27.5857691994374],[153.357204633787,-27.5858081994312],[153.357162623776,-27.5859241994278],[153.357230003668,-27.5867164794409],[153.357530613596,-27.587026209474],[153.357596643559,-27.5872581994825],[153.35770417354,-27.5873145294939],[153.357874623517,-27.5873541895115],[153.357918613504,-27.5874121895165],[153.357890983486,-27.587577509515],[153.357792653419,-27.5881861895098],[153.357644643395,-27.5884971994972],[153.357302633402,-27.5887301994642],[153.357281863397,-27.5887874594626],[153.35704662339,-27.5890412094407],[153.356918983396,-27.5890984994281],[153.356813133395,-27.5891955194181],[153.356641653403,-27.5892741994013],[153.356427953421,-27.5893135093799]]],[[[153.394907949929,-27.6621804838709],[153.394997959881,-27.6624794738824],[153.395126949808,-27.6629354838992],[153.395191959774,-27.6631444739075],[153.395274959746,-27.6632964939171],[153.395345949724,-27.6634034739252],[153.395421979707,-27.6634764739335],[153.395491949692,-27.6635324739411],[153.395580979677,-27.6635774939505],[153.395707959664,-27.6635654839633],[153.395821989656,-27.6635364939747],[153.395903959656,-27.6634684839825],[153.396004959656,-27.6633784839921],[153.39608594966,-27.6632814939996],[153.396211989669,-27.663106484011],[153.396350979677,-27.6629314840238],[153.396469969689,-27.6627334840344],[153.396626959698,-27.6625354740488],[153.396752949712,-27.6623144740599],[153.396902969735,-27.6620154740728],[153.396977979752,-27.6618174940789],[153.397065979769,-27.6616084740862],[153.397159969784,-27.6614164840942],[153.3972539498,-27.6612124841022],[153.39738596981,-27.6610264841142],[153.397517959818,-27.6608504741262],[153.397661989826,-27.6606694941395],[153.397819959836,-27.6604604841539],[153.397925959848,-27.6602734841632],[153.397975959867,-27.6600814841668],[153.39801296988,-27.6599524841696],[153.398068959901,-27.6597434941736],[153.398137979922,-27.6595174841789],[153.398218979944,-27.6592794741852],[153.39831898996,-27.6590704841938],[153.398425969972,-27.6588894742032],[153.398519959986,-27.6587034842113],[153.398651979992,-27.6585394742235],[153.39881499,-27.6583414942385],[153.39897898001,-27.6581264842535],[153.399129980022,-27.6579054842672],[153.399311970032,-27.6576794842839],[153.399487970044,-27.6574364842999],[153.399657950049,-27.6572554843158],[153.399847970048,-27.657102484334],[153.400023970052,-27.6569264843505],[153.400251950048,-27.6567614743724],[153.400484970044,-27.6565974743949],[153.400800990036,-27.6563994944255],[153.401040970025,-27.656279484449],[153.401343960007,-27.6561654844789],[153.40165395998,-27.6561134845101],[153.40206596994,-27.6560844945518],[153.402331979912,-27.6560774745789],[153.402598979882,-27.6560874846062],[153.402826959852,-27.6561264846297],[153.403099979818,-27.6561594846578],[153.403352959784,-27.656214494684],[153.403981959698,-27.6563594947492],[153.404317979649,-27.6564544947842],[153.404596989604,-27.6565714848135],[153.404996949543,-27.6567114948554],[153.405238989508,-27.6567774848805],[153.405472989482,-27.6567884849045],[153.405687969465,-27.656736484926],[153.405883979456,-27.6566454849452],[153.406047969453,-27.656532484961],[153.406249959445,-27.6564184849807],[153.406420959442,-27.6562994749972],[153.406673979431,-27.656174495022],[153.406919959418,-27.6560724850462],[153.407147969408,-27.6559584850686],[153.407374969404,-27.6557944850904],[153.407601959397,-27.6556574951125],[153.407835959388,-27.6555324851353],[153.408195959375,-27.6553344851704],[153.408454959364,-27.6552034851958],[153.408744959359,-27.6549994852237],[153.408946979359,-27.6548234952429],[153.409104959369,-27.6546194952574],[153.409191969385,-27.6544224852647],[153.409323959403,-27.6541674852761],[153.409416959424,-27.6539304852837],[153.409510979443,-27.6536984952915],[153.40961095947,-27.6534054852994],[153.409735969503,-27.6530434753092],[153.410048949552,-27.652399495336],[153.410160969581,-27.6520774853449],[153.410298979601,-27.6518114853569],[153.410398949627,-27.6515234853648],[153.410460969646,-27.6513254753695],[153.410522979669,-27.651094485374],[153.410603969687,-27.6508854953806],[153.410640989706,-27.650704485383],[153.410702959723,-27.6505184853878],[153.410727959735,-27.6504054953895],[153.410758949746,-27.6502974853918],[153.410770959756,-27.6502074853923],[153.410763949767,-27.650128485391],[153.410719969779,-27.650072495386],[153.410636969794,-27.6500214853772],[153.410528969812,-27.6499774953658],[153.410407969831,-27.6499264853531],[153.410325949842,-27.6499104853446],[153.410192979856,-27.6499164753311],[153.410078959862,-27.6499614953199],[153.409926969878,-27.6499684853044],[153.409711989896,-27.6500024852828],[153.409521969916,-27.6500094752635],[153.40925595994,-27.6500494952367],[153.409027979958,-27.6500954852138],[153.408805979977,-27.6501354851915],[153.408559969996,-27.6501934851669],[153.408350980014,-27.6502274851459],[153.408223960025,-27.6502504751331],[153.408128980031,-27.6502854851237],[153.408015980035,-27.6503474951127],[153.407869980038,-27.6504494850986],[153.407591960058,-27.6505234850709],[153.407401980068,-27.6506034750522],[153.407249950082,-27.6506264950369],[153.406958970104,-27.6507014950078],[153.40671899012,-27.650775494984],[153.40644695014,-27.6508494949568],[153.406111960163,-27.6509524749235],[153.405826960184,-27.6510264748951],[153.4055299602,-27.6511464848657],[153.405320960219,-27.6511754748447],[153.405130980237,-27.6511984948255],[153.404934980252,-27.6512444848059],[153.40466298026,-27.6514094847795],[153.404403970276,-27.6515004847538],[153.404112960297,-27.6515864947249],[153.403878960313,-27.6516544847016],[153.403650980327,-27.651740484679],[153.40344895034,-27.651808494659],[153.403226960359,-27.6518434746366],[153.403023980381,-27.651843474616],[153.402808960403,-27.6518554845942],[153.402644970412,-27.651924484578],[153.402467980425,-27.6519694745603],[153.402347970429,-27.6520384845486],[153.402290950429,-27.6520834745432],[153.40211999044,-27.6521404945262],[153.402012970427,-27.6523324845168],[153.401836970417,-27.6525584845007],[153.401685970407,-27.6527624844869],[153.401509960395,-27.6530054744709],[153.401390970376,-27.6532544844608],[153.401201980366,-27.6534924944434],[153.401031960358,-27.6536954944277],[153.400830950348,-27.6539444844092],[153.400635970337,-27.6541934943913],[153.400383970333,-27.6544314743675],[153.400181980327,-27.6546524743486],[153.399980980317,-27.6548954743301],[153.399753980315,-27.6551054843086],[153.399589950311,-27.6552754842933],[153.399470960305,-27.6554224842823],[153.399337960304,-27.6555414742697],[153.399186960305,-27.6556604842553],[153.398971970305,-27.6558414942348],[153.398757970303,-27.6560344842145],[153.398663990299,-27.6561414842058],[153.398493970289,-27.6563674841903],[153.398241970276,-27.656679484167],[153.398109990266,-27.6568654841551],[153.39793399026,-27.6570634941387],[153.397725970254,-27.6572784841192],[153.39758096025,-27.6574314941057],[153.397334980254,-27.657607484082],[153.397201980253,-27.6577264740694],[153.39705098025,-27.6578794940552],[153.396880960247,-27.6580434940392],[153.396678970245,-27.6582304940201],[153.396489970248,-27.6583664840019],[153.396325980246,-27.6585194739864],[153.396123990245,-27.6586954839673],[153.395953970235,-27.6589154939517],[153.395821990225,-27.6591084839398],[153.39574698021,-27.6592834939335],[153.395646970199,-27.6594584839247],[153.395552980184,-27.6596504739167],[153.395464980173,-27.659814473909],[153.395332960152,-27.6600854838977],[153.395188970125,-27.6604134938856],[153.395076980103,-27.6606794838763],[153.395008980079,-27.6609274938713],[153.394933980047,-27.6612384738661],[153.394897990001,-27.6616274738655],[153.39490597997,-27.6618644838682],[153.394907949929,-27.6621804838709]]],[[[153.439843419638,-27.3929414863214],[153.43956897964,-27.3931591662951],[153.439179019615,-27.3936741662594],[153.43882101959,-27.3941721662269],[153.438630089556,-27.3945969862108],[153.438500989533,-27.3948841761999],[153.438276039476,-27.3955121561819],[153.43816157943,-27.3959647261738],[153.438126059416,-27.3961051761713],[153.438204059329,-27.3967251661842],[153.438319039276,-27.3970411661984],[153.438199059276,-27.397143176187],[153.438118069261,-27.3973241561802],[153.43795410922,-27.3977821661671],[153.437811099159,-27.3983751661572],[153.437781829085,-27.398978446159],[153.437656929044,-27.3994014461496],[153.437702078997,-27.3997301561568],[153.437654988943,-27.4001914961556],[153.43762911889,-27.4006331661565],[153.437781828849,-27.4008185161735],[153.437832968819,-27.4010155161803],[153.43801210875,-27.4014001762016],[153.437904108745,-27.4015351661917],[153.437843108699,-27.4019421661887],[153.437566118666,-27.4024341761644],[153.437378138642,-27.4027731661479],[153.436987148614,-27.4033161661123],[153.436547148597,-27.4038141660714],[153.436491158546,-27.4042601560692],[153.4363731485,-27.4047231560608],[153.436178168496,-27.4049101560424],[153.435819188476,-27.4053691660094],[153.435416188457,-27.4058551759722],[153.435095178428,-27.4063471659434],[153.434711228417,-27.4067551659074],[153.434428208383,-27.4072521658825],[153.43425921835,-27.4076541658684],[153.433850268302,-27.4083661658324],[153.433523228262,-27.4089541658037],[153.433133228229,-27.4095371757685],[153.43280026819,-27.4101141757392],[153.432548858145,-27.410678455718],[153.432462278088,-27.4111931657132],[153.432614268067,-27.411232165729],[153.432803268077,-27.4109941557464],[153.432878278112,-27.4106611557515],[153.433142278154,-27.410112175774],[153.433487238195,-27.4095071658044],[153.433827238231,-27.4089421558346],[153.434122268268,-27.4084101758605],[153.434537198311,-27.4077261758974],[153.435393158383,-27.4064481759745],[153.435890178412,-27.4058091660202],[153.436205178419,-27.4054921660498],[153.436819138313,-27.4058121661149],[153.437111138235,-27.4061721761476],[153.437099138218,-27.4063191761475],[153.437082158177,-27.4066521561484],[153.437155998149,-27.4068104761572],[153.437266158108,-27.4070411561703],[153.437573998047,-27.4072594962034],[153.437840007987,-27.4075074862325],[153.438142157888,-27.4080261462674],[153.438208147797,-27.4086811462793],[153.438595157704,-27.409086146322],[153.438686157621,-27.4096611463359],[153.438851137563,-27.4099771463552],[153.439313147485,-27.4101961464041],[153.439618147404,-27.4105791464382],[153.439923137335,-27.4108601464715],[153.440240137269,-27.4111131365059],[153.440455927218,-27.4113314865296],[153.44013914727,-27.4111921264962],[153.439904157321,-27.4109901464706],[153.439651137369,-27.4108211464435],[153.439429147422,-27.4105961564191],[153.439213137479,-27.4103261463949],[153.439029147513,-27.4102191363753],[153.438776157538,-27.4102311463496],[153.438556177524,-27.4105251463294],[153.438487187501,-27.4107631563243],[153.438684177439,-27.4110841463469],[153.43890719735,-27.4115911563737],[153.43911119726,-27.4121211463987],[153.439208177178,-27.4126851564131],[153.439064187169,-27.4128721463999],[153.438938187164,-27.4130191563882],[153.439387167094,-27.4131931264353],[153.439420167058,-27.4134411364407],[153.439282197035,-27.413740136429],[153.439263177018,-27.4138871364282],[153.438746227011,-27.4143741263793],[153.43871520699,-27.4145611263776],[153.438823206969,-27.4146341263892],[153.438628186944,-27.4149961363722],[153.438422216874,-27.4157081263568],[153.438556216842,-27.4158481363716],[153.438538216775,-27.416385136374],[153.438299256751,-27.4167751363528],[153.438143246715,-27.4171821363401],[153.438314256687,-27.4172601263581],[153.438220226668,-27.4174861263503],[153.437917246673,-27.4177021363211],[153.438146246583,-27.4182151363486],[153.438014256562,-27.4184861263372],[153.437725256556,-27.41877513631],[153.437732256529,-27.4189781363124],[153.437542276533,-27.419103136294],[153.437511286519,-27.4192441262919],[153.437671266463,-27.4195481363107],[153.437652256445,-27.41970612631],[153.4378362864,-27.4198981363303],[153.437774276365,-27.4202251263265],[153.437706276323,-27.4206091263226],[153.437554286321,-27.4207511363083],[153.437170266312,-27.4211411362722],[153.43715928626,-27.4215591262744],[153.436920316243,-27.4218871262526],[153.436883306204,-27.4222261262515],[153.436809286163,-27.4226041362469],[153.436702306148,-27.4228131262377],[153.436582326144,-27.4229441262265],[153.436577296113,-27.4231871262279],[153.436559296079,-27.4234741362284],[153.436421286048,-27.4238301262171],[153.436573276014,-27.4239651162337],[153.436359346003,-27.424232136214],[153.436258355993,-27.4243901262049],[153.436328325967,-27.4245361262132],[153.436355335913,-27.4249371262191],[153.436299345874,-27.4252871362162],[153.435990845877,-27.4255194561866],[153.435972335866,-27.4256211261855],[153.436092315847,-27.4256721361981],[153.436263355808,-27.4258291262168],[153.436226345771,-27.4261511362156],[153.4362163457,-27.4267151262191],[153.436091325643,-27.4272641162107],[153.436056365556,-27.4279751062127],[153.435886385543,-27.4282181061973],[153.435786375513,-27.4285341061896],[153.435913355456,-27.4288731162052],[153.436148375399,-27.4291201062312],[153.436155385384,-27.4292331062328],[153.435846375403,-27.4293411062021],[153.43554934539,-27.4296921061746],[153.435361365383,-27.4299021061571],[153.435367385356,-27.4301051061593],[153.435223395345,-27.4303141161463],[153.435111415289,-27.4308451061391],[153.434917375243,-27.4313651061234],[153.434741375206,-27.4318001161089],[153.434552375191,-27.4320771160918],[153.434515405155,-27.4323881160905],[153.434282425155,-27.4325801060683],[153.434220415131,-27.4328181160638],[153.43402444512,-27.4330721160459],[153.433924435108,-27.433242116037],[153.433981405081,-27.4334111060441],[153.43387545505,-27.4337391160359],[153.433914434998,-27.4341111160429],[153.433769414994,-27.4342641060293],[153.433421425031,-27.4342651059938],[153.433340475014,-27.4344681059872],[153.43321545497,-27.434915105978],[153.433532464904,-27.4351621160122],[153.43352143485,-27.4355971060146],[153.433264474806,-27.4361561059928],[153.433133444754,-27.4366651159834],[153.432951454704,-27.4372131159692],[153.432712484678,-27.437614105948],[153.432593494651,-27.4379201159383],[153.432613494597,-27.4383261159436],[153.432501484535,-27.4389081059368],[153.4321564845,-27.439462105906],[153.431879524479,-27.4398631158809],[153.431759544465,-27.4400671158703],[153.431785534434,-27.4402931058747],[153.431660524404,-27.4406261058646],[153.431629534382,-27.4408291058631],[153.431541534354,-27.4411171158564],[153.431270554364,-27.4412651158299],[153.431239534351,-27.4413951158278],[153.431315524328,-27.4415081158364],[153.431138534332,-27.4416271058193],[153.431139514318,-27.4417341158203],[153.431221494306,-27.4417561058288],[153.431209524292,-27.4418801158286],[153.431102544278,-27.4420731058192],[153.43110356425,-27.4422981058211],[153.431059544235,-27.4424451058177],[153.430706554232,-27.4427621157843],[153.430624544228,-27.4428641057767],[153.430669544211,-27.442960105782],[153.430644544199,-27.4430731057804],[153.430422584216,-27.4431251057582],[153.430385534209,-27.4432151157551],[153.430456564159,-27.4435421157649],[153.430438574111,-27.4439321157662],[153.430313564054,-27.4444851157578],[153.430074594028,-27.4448871057366],[153.429810594007,-27.4452661157127],[153.429899573978,-27.445418105723],[153.429880593974,-27.4454691157215],[153.429735583992,-27.4454521157065],[153.429704593972,-27.4456331157048],[153.42943960396,-27.4459441156803],[153.429288563953,-27.4461251056663],[153.429231553945,-27.4462381056614],[153.429327553919,-27.4463621056722],[153.429611593888,-27.4463611057011],[153.42993461386,-27.4463101057336],[153.430339583817,-27.446314115775],[153.430478613789,-27.4464151157899],[153.429896583851,-27.4464171057306],[153.429555563869,-27.446559115697],[153.429410583858,-27.4467681056838],[153.429474573821,-27.4470051156922],[153.429393573815,-27.4471131156848],[153.42918458382,-27.4472541056646],[153.429507603762,-27.447434105699],[153.429501583756,-27.4474851156988],[153.429394603759,-27.4475531156884],[153.429388573749,-27.4476321156884],[153.429483583718,-27.4478011156995],[153.429491583691,-27.4480041157019],[153.429605573645,-27.4482691057156],[153.429567613636,-27.4483711157125],[153.429422593637,-27.4484841156986],[153.42927258361,-27.448818115686],[153.429222613585,-27.4490551156828],[153.428976603589,-27.4492311056591],[153.428763583543,-27.4497621156416],[153.428839583527,-27.4498291156499],[153.429174613484,-27.4498791056844],[153.429225563464,-27.4499921056905],[153.429029563487,-27.4499811156704],[153.428764613511,-27.4500101056436],[153.42879662348,-27.4502251156486],[153.428766613446,-27.4505181156479],[153.428722633425,-27.450722115645],[153.428823633407,-27.4507781156557],[153.428906633381,-27.4509071156652],[153.428830633376,-27.4510151156583],[153.428970653336,-27.4512060956741],[153.428933603328,-27.4513020856711],[153.42908665327,-27.4516290956893],[153.429282613233,-27.4517531057102],[153.429264623186,-27.4521310957114],[153.429145593174,-27.4523230857008],[153.429228633137,-27.4525490957111],[153.429171623127,-27.4526680957062],[153.428958643105,-27.4530240856873],[153.428864623072,-27.4533570856803],[153.428604633093,-27.4534090956542],[153.428416653069,-27.4537540956378],[153.428303653054,-27.453968085628],[153.428418952997,-27.4543114456424],[153.428311642986,-27.4544880856329],[153.428217652967,-27.4547190956251],[153.427952662949,-27.455076085601],[153.427840642918,-27.4554090855922],[153.427746662877,-27.4558100955858],[153.427570692852,-27.4561550855706],[153.427431702853,-27.4562570955572],[153.42724168288,-27.4562121055375],[153.427121672885,-27.4562690955257],[153.427109662867,-27.4564160955256],[153.426933662849,-27.45670408551],[153.426915702823,-27.4569250955099],[153.427049652765,-27.4572630855262],[153.426936692732,-27.4576190955175],[153.426519672759,-27.4577550954761],[153.426551682735,-27.4579141054806],[153.426724692655,-27.4583990955021],[153.426623742654,-27.4584890954925],[153.42635871267,-27.4585860954662],[153.426460732626,-27.4588450954787],[153.42675273256,-27.4591150855106],[153.426695712538,-27.4593300955065],[153.426349692523,-27.4597370954744],[153.426356702494,-27.4599570954769],[153.426288702452,-27.460347095473],[153.426074742429,-27.460698095454],[153.425816762394,-27.4611890954316],[153.425666742354,-27.4616300854198],[153.425547752302,-27.4621330954116],[153.42535875229,-27.4623870853944],[153.42515074229,-27.4625571053745],[153.425189722266,-27.4627100953797],[153.424994782241,-27.4630660953627],[153.425014742197,-27.4633930953673],[153.424926782184,-27.4635680853597],[153.424623792188,-27.4637950853306],[153.424528782188,-27.4638690853215],[153.424561782164,-27.4640320853262],[153.424214812147,-27.4644510952941],[153.424057752122,-27.4647840952807],[153.424058812076,-27.4651400852837],[153.423984792013,-27.4656930952805],[153.423840791979,-27.4660780952689],[153.423715821923,-27.4666200852604],[153.423571821899,-27.4669250952481],[153.423528791856,-27.4672980952467],[153.423219821837,-27.4677050952184],[153.423207811807,-27.4679480952191],[153.42303881179,-27.468219095204],[153.423058851722,-27.4687330852102],[153.422965811663,-27.469275095205],[153.42295486159,-27.4698510952084],[153.423038851549,-27.470105105219],[153.422893841528,-27.4703870952064],[153.422566871498,-27.4708960851771],[153.422257931476,-27.471325495149],[153.422024881461,-27.4716370851277],[153.421652871443,-27.4720900950934],[153.421287871435,-27.4724521050591],[153.420870931449,-27.4726961150185],[153.420573901447,-27.4729571149903],[153.420258901467,-27.473065114959],[153.419929891474,-27.4732861049273],[153.419670961481,-27.4734444649021],[153.419381151477,-27.4737165248747],[153.419229931481,-27.4738131148601],[153.419109921482,-27.4739041148486],[153.418698961489,-27.474192454809],[153.418149931511,-27.4744761147552],[153.417732951527,-27.4747031047145],[153.417341021559,-27.4747774446752],[153.41670796162,-27.4748361246111],[153.41613396165,-27.4750794945546],[153.415520001693,-27.4752521344934],[153.415204021726,-27.4752641244612],[153.414533991783,-27.4753731243938],[153.414287031815,-27.4753341243684],[153.41395703189,-27.4750235143323],[153.413678021942,-27.4748501243025],[153.41333704198,-27.4748401342676],[153.412717022031,-27.4749601442054],[153.412178972078,-27.4750405141512],[153.411642052113,-27.4752171440979],[153.411383052111,-27.4754434440733],[153.411168072131,-27.4754731540516],[153.410877052183,-27.4753041540206],[153.410415072222,-27.4753901439742],[153.409985172251,-27.4755204939315],[153.409738912257,-27.4756795239076],[153.409593822241,-27.4759274538948],[153.40930310227,-27.4759411638653],[153.409134762281,-27.4759975538486],[153.409071102212,-27.4765851638468],[153.408750122203,-27.4769301538168],[153.408499152161,-27.4774611637954],[153.40849313212,-27.4777891637974],[153.408634132041,-27.4782911638158],[153.408832141973,-27.4786571638388],[153.408813011951,-27.4788424838383],[153.409080121873,-27.4792261538686],[153.409074131846,-27.4794411438697],[153.409158121783,-27.4798641438816],[153.409134101754,-27.4801121338811],[153.408970111723,-27.4804911438674],[153.40904114167,-27.4808471438775],[153.409043181599,-27.481394153882],[153.40906417152,-27.4819981438889],[153.409021171447,-27.4826021438893],[153.408947191414,-27.4829241338843],[153.408789141398,-27.4831781438702],[153.408505171388,-27.4834951438438],[153.408563171356,-27.4836981438513],[153.408634201312,-27.4839801538608],[153.408559191287,-27.4842351438552],[153.408269201258,-27.4847041538293],[153.408017021247,-27.485003523806],[153.407934971233,-27.4851845037991],[153.407620191197,-27.4857221537713],[153.407375241166,-27.4861741437499],[153.40714923113,-27.4866431337306],[153.407061231101,-27.486943153724],[153.407100211074,-27.4871231337294],[153.407221071027,-27.4873875237438],[153.407083241013,-27.4876091537315],[153.40701422098,-27.487925133727],[153.406991260908,-27.4885061237292],[153.406974980889,-27.4886694837289],[153.406960270871,-27.4888221237286],[153.40686026084,-27.489150123721],[153.406753240816,-27.4894211337122],[153.406620970793,-27.4897144737011],[153.406470260778,-27.4899531236876],[153.406236840768,-27.490229453666],[153.405940280754,-27.4905861336386],[153.405670290735,-27.4909601336141],[153.405481290712,-27.4912991235975],[153.405268060685,-27.4916884435788],[153.405139400673,-27.4918863335673],[153.405028330663,-27.4920571235573],[153.404794330671,-27.4921931235346],[153.404681320646,-27.4924811235253],[153.404548320647,-27.4925831335126],[153.404467320644,-27.4926731235051],[153.404442320621,-27.4928771235041],[153.404201310676,-27.4926521234778],[153.40397932072,-27.4924941534539],[153.403663340724,-27.4927211434236],[153.403423350723,-27.4929301434008],[153.403399370706,-27.4930881533996],[153.403297350708,-27.4931561533897],[153.403045360725,-27.4932301533646],[153.402811350722,-27.4934511333425],[153.402470880721,-27.4937454933102],[153.402155890719,-27.4940225132803],[153.401890390713,-27.4942891532554],[153.40160112071,-27.494554493228],[153.401361460708,-27.4947693732053],[153.401107390706,-27.4949971431812],[153.400830390702,-27.4952631331551],[153.400533430701,-27.4955231331269],[153.400295040703,-27.4957045131041],[153.399882410741,-27.4957511530624],[153.399585410768,-27.4957911430325],[153.39927589081,-27.4957184630004],[153.399047470822,-27.4958211529779],[153.398795480825,-27.4960081529537],[153.398561440825,-27.4962001429314],[153.398391460816,-27.4964101329158],[153.398456170768,-27.4967305229249],[153.398602430719,-27.4969901529418],[153.398780440669,-27.4972381429619],[153.398951480624,-27.497447132981],[153.39923746055,-27.4977851530128],[153.399523470481,-27.4980831530443],[153.399747110415,-27.4984094730697],[153.399863470374,-27.4986311330833],[153.400022430322,-27.4989051431016],[153.400152440262,-27.4992691231177],[153.400246430195,-27.4997131231308],[153.400178430161,-27.5000361231265],[153.400008450145,-27.5002991331112],[153.399640490159,-27.5004991230753],[153.399367510161,-27.5007081330492],[153.399120470154,-27.5009731230261],[153.399312500125,-27.5010371330462],[153.399618480115,-27.500861123076],[153.399931070104,-27.5006844931064],[153.400322460091,-27.5004571231445],[153.400613980072,-27.5003652731734],[153.400668440068,-27.5003481231788],[153.400970440014,-27.500522133211],[153.401327449931,-27.5008701332501],[153.401684449851,-27.501190133289],[153.401767449807,-27.5014711232997],[153.401846439791,-27.5015261233081],[153.401685439783,-27.5017271332933],[153.401820449726,-27.5020571133097],[153.401898819677,-27.5023764833202],[153.401540459671,-27.5027181032864],[153.401155499678,-27.5029851332493],[153.400805859694,-27.503150483215],[153.400743959692,-27.5032244632093],[153.400980479653,-27.5033281032342],[153.401213489606,-27.5034981132593],[153.401619449523,-27.503805103303],[153.401902429474,-27.5039581033331],[153.402137449446,-27.5039751033572],[153.402317439442,-27.5038581133746],[153.402532459449,-27.5036231033946],[153.402502449478,-27.5034201033899],[153.402525449518,-27.5030921133897],[153.402569429543,-27.5028601033923],[153.402759449523,-27.5028561134117],[153.403002429485,-27.5029471134371],[153.403340419436,-27.5030471034724],[153.403719439402,-27.5029931035105],[153.404235439359,-27.5029031035624],[153.404593429308,-27.5030031135996],[153.405027409244,-27.5031350936449],[153.405557389161,-27.5033390937005],[153.40580113912,-27.5034606737263],[153.406225379047,-27.5036750837712],[153.406810368938,-27.5040350938337],[153.407345378835,-27.504390093891],[153.407808348748,-27.5046860739405],[153.408108848675,-27.5050005239736],[153.408390048621,-27.5051847440037],[153.40855236859,-27.5052910640211],[153.409004348498,-27.5056320740698],[153.409504908385,-27.5060944841245],[153.409985868276,-27.5065474341771],[153.410363348181,-27.5069750642189],[153.410667358086,-27.5074600642537],[153.410634318068,-27.5076300542517],[153.410517338064,-27.5077560642408],[153.410445368052,-27.5079100542347],[153.410684367971,-27.5083400442624],[153.410906357916,-27.508589054287],[153.411283367857,-27.5087280543265],[153.411507367793,-27.5090450443519],[153.411643367729,-27.5094260543687],[153.411962337655,-27.5097360444037],[153.412089327605,-27.5100210344189],[153.412267327525,-27.5104970344408],[153.412383367439,-27.5110760344572],[153.412543347351,-27.5116260344778],[153.412595357278,-27.5121500344873],[153.412519367224,-27.5126370444834],[153.412576337186,-27.5128850344912],[153.412621347119,-27.5133690344996],[153.412596347058,-27.513867034501],[153.412640366962,-27.514577024511],[153.412690326897,-27.5150450445199],[153.412766326828,-27.5155230445314],[153.412840346768,-27.5159220345421],[153.412822356736,-27.5161940345424],[153.412724346668,-27.5168050345372],[153.412580396613,-27.5173500345269],[153.412348906568,-27.5178964445076],[153.412099396543,-27.5183040344854],[153.411907916514,-27.518690524469],[153.411726366516,-27.5188250344515],[153.41137742653,-27.5190020444174],[153.411273396521,-27.519162034408],[153.411443416476,-27.519373044427],[153.411393416449,-27.5196220344239],[153.411192406431,-27.5199320344059],[153.41111641641,-27.5201590343999],[153.411183426354,-27.5205420344098],[153.41104542633,-27.5208440343981],[153.411052426299,-27.5210810344007],[153.410868436258,-27.5215530443857],[153.410757396222,-27.5219230443773],[153.410562416208,-27.5221980243596],[153.41032443619,-27.522536044338],[153.410184456145,-27.5230070343275],[153.410076456098,-27.5234670343201],[153.409944436045,-27.5239840343108],[153.410022435998,-27.5242870343211],[153.410185445923,-27.5247410343413],[153.410250455877,-27.5250440343503],[153.410181425824,-27.525514044347],[153.410048455775,-27.5260080343374],[153.410072475745,-27.5262170443415],[153.410296445713,-27.5262850143648],[153.410388455688,-27.5264020243751],[153.410366445643,-27.5267690043758],[153.410333485589,-27.527216024376],[153.410159495532,-27.5278070243629],[153.410115475409,-27.5288070243663],[153.41036947535,-27.5290500243941],[153.410380465293,-27.5294850143987],[153.410187995284,-27.529722734381],[153.410129485281,-27.5297950143756],[153.410148945248,-27.5300315043794],[153.410243475173,-27.5305380143931],[153.410403495085,-27.5310880144137],[153.410342465022,-27.5316310144118],[153.410120504988,-27.5320880143928],[153.409939504929,-27.5326950243792],[153.409843514883,-27.5331380243729],[153.409767514832,-27.5335970243688],[153.40932148483,-27.5339840043264],[153.409357514807,-27.5341360243312],[153.409640494754,-27.5343110143615],[153.409669514669,-27.5349480243695],[153.40957651461,-27.5354870243642],[153.409385544576,-27.5359140243482],[153.409408064529,-27.5362634643532],[153.409281524475,-27.5367860143445],[153.409304554422,-27.5371800143499],[153.409326524374,-27.537535014355],[153.409258524341,-27.5378480143505],[153.409489534301,-27.537967024375],[153.409618524247,-27.5382860143906],[153.40969554417,-27.5388210144027],[153.409796534102,-27.5392650044165],[153.40989953402,-27.5398160044314],[153.409742514003,-27.5400839944175],[153.409822523973,-27.540251994427],[153.410069513943,-27.5402750044523],[153.410210513893,-27.5405489944689],[153.410283553804,-27.5411799944813],[153.410440543731,-27.5416169945007],[153.410525543648,-27.542195994514],[153.41056055357,-27.5427770045221],[153.410748523499,-27.5431739945444],[153.41074356343,-27.5437109745482],[153.410671553386,-27.544112984544],[153.410682533331,-27.5445359845485],[153.410607933276,-27.5450284745448],[153.41042652325,-27.5453829845291],[153.410696553171,-27.5457719845597],[153.410920553101,-27.5461289845853],[153.411197553022,-27.5465129846166],[153.41119353298,-27.5468459846188],[153.411419542931,-27.5470389746434],[153.411511562875,-27.5473979846556],[153.411408552831,-27.5478239846485],[153.411667562746,-27.5482749646784],[153.411934522653,-27.5487719647095],[153.411901522602,-27.5491969647095],[153.41188251254,-27.5496989647116],[153.411871562475,-27.5502189647146],[153.41175658243,-27.5506619647064],[153.411585582413,-27.5509369646911],[153.411842542341,-27.55128095472],[153.411873562279,-27.5517429547268],[153.412042562236,-27.5519319647455],[153.412000582202,-27.5522319647436],[153.411847582163,-27.5526699747315],[153.41154656218,-27.5527889647018],[153.411406552136,-27.5532439746911],[153.411465572058,-27.5538019647015],[153.41149356198,-27.5543939647091],[153.411433051944,-27.5547214747055],[153.411345561913,-27.5550399546991],[153.411515571873,-27.5552059547177],[153.411693581819,-27.555478934738],[153.411688581779,-27.55579493474],[153.411671571744,-27.5560839447406],[153.411476591695,-27.556629954725],[153.411263611676,-27.5569559447059],[153.411327601634,-27.5572259447145],[153.411336611592,-27.557547944718],[153.411251601581,-27.5577069447106],[153.411368591552,-27.5578349447235],[153.411382601515,-27.5581049347271],[153.41137961144,-27.5586929447314],[153.411333581389,-27.5591339447302],[153.411259601325,-27.5596949347271],[153.411210581292,-27.5599889447245],[153.410859631312,-27.5601319446898],[153.410589601297,-27.560470944665],[153.410651621268,-27.5606449546727],[153.410867621182,-27.5611369446986],[153.410968621111,-27.5616029347126],[153.410758641107,-27.5618109546928],[153.410639641083,-27.5620959446829],[153.410558611022,-27.562644944679],[153.410450610971,-27.5631269346718],[153.410359650904,-27.5637279246673],[153.41034765084,-27.5642359346701],[153.410323630774,-27.5647669146718],[153.410344650732,-27.5650829146765],[153.410448640674,-27.56544792469],[153.410459630619,-27.5658649346944],[153.410600630564,-27.5661729147112],[153.410422620529,-27.5665999146964],[153.410446630501,-27.5667919247004],[153.410599640479,-27.5668389147163],[153.41050262044,-27.5672249247095],[153.410522630402,-27.5675069347138],[153.410360680403,-27.5676349146983],[153.41033866039,-27.5677479346969],[153.410396660317,-27.568271924707],[153.410531680231,-27.5688279247251],[153.410709650149,-27.5693209147472],[153.410851670091,-27.5696508947642],[153.411049650062,-27.5697149047849],[153.411142650029,-27.5698879047958],[153.411258649975,-27.5702129148102],[153.411190649945,-27.5705079148056],[153.411197659911,-27.5707679148083],[153.411354639867,-27.570978904826],[153.411629669794,-27.5713168948567],[153.411877609763,-27.5713459048822],[153.41203963973,-27.5714669148997],[153.412000619707,-27.5716819048974],[153.412462639627,-27.5719208849463],[153.412568629596,-27.5720708849583],[153.412351639596,-27.5722508849376],[153.412075629613,-27.5723518949103],[153.411713659654,-27.5723369148733],[153.411468669669,-27.572421904849],[153.410915689679,-27.5728059047957],[153.410612669676,-27.573083904767],[153.410189709682,-27.5733969047264],[153.409892709682,-27.5736409046981],[153.409645679674,-27.573910914675],[153.409620709645,-27.5741599046745],[153.409557679619,-27.5744159046701],[153.409639689583,-27.5746278946801],[153.409802699513,-27.5750369146999],[153.410023709398,-27.575743914728],[153.410194669289,-27.5764519047511],[153.410317679229,-27.5768158947665],[153.410753709127,-27.5772468848143],[153.411220689026,-27.577643884865],[153.411731718918,-27.5780558949203],[153.41234265884,-27.5781508949833],[153.412899688784,-27.5781218650399],[153.413328668746,-27.5780568750831],[153.41350065875,-27.5778828650992],[153.413671658766,-27.5776198651146],[153.413826608796,-27.5772548651275],[153.41399063881,-27.5770088651423],[153.41392661885,-27.5767448751337],[153.413799628866,-27.5767308651206],[153.413671628887,-27.5766718751071],[153.413572638916,-27.5765328650959],[153.413384628959,-27.5763558950754],[153.413390608988,-27.5761238850741],[153.413421639021,-27.5758418850751],[153.413444629059,-27.5755248850749],[153.413518619063,-27.5754328850817],[153.413649619058,-27.5753618850945],[153.413924639016,-27.5754578651233],[153.414119629002,-27.5754028651427],[153.414148639014,-27.5752838751447],[153.414298619006,-27.5752188651595],[153.414506638958,-27.5754178651823],[153.414528648909,-27.5757838751874],[153.414512618867,-27.5761288751885],[153.414314608864,-27.5763138751698],[153.414114628873,-27.5764138751502],[153.414182628845,-27.5765758751584],[153.414358628798,-27.5767928651781],[153.414312638783,-27.5769458751746],[153.41413962878,-27.5771188651583],[153.414062608762,-27.577317875152],[153.413945628729,-27.577676865143],[153.413852668694,-27.5780228751362],[153.413679688665,-27.5783988651216],[153.413514638649,-27.5786568651068],[153.413393638637,-27.578850875096],[153.413302648599,-27.5792258750897],[153.413217678557,-27.5796228650842],[153.413372658527,-27.5797318651008],[153.413295678506,-27.5799538650947],[153.413059668482,-27.5803428650737],[153.413229648436,-27.5805538750927],[153.412916698421,-27.5809388750639],[153.412690688404,-27.5812598750434],[153.412584688376,-27.581566875035],[153.412629698338,-27.5818258750416],[153.412423688343,-27.5819598750217],[153.412417708283,-27.5824288650248],[153.412267688288,-27.5825168750102],[153.412359708231,-27.5828868750225],[153.412344708213,-27.5830338750221],[153.412038688225,-27.5831988749923],[153.412054678178,-27.5835488749967],[153.41198375816,-27.5837538749911],[153.411708728171,-27.5838998749642],[153.411612728156,-27.5840938649559],[153.411550718125,-27.5843888649519],[153.411739748077,-27.5845998649729],[153.411645728052,-27.5848728649654],[153.411693727997,-27.5852618649734],[153.411665727954,-27.5856228749734],[153.411656717904,-27.5860188649756],[153.411763737867,-27.5862198649881],[153.411743727844,-27.5864178749876],[153.411726717772,-27.5869878749904],[153.41187370769,-27.5875048450095],[153.412033717634,-27.5878058550282],[153.411984737598,-27.5881288450257],[153.412138697513,-27.5886618550456],[153.412240717435,-27.5891848450602],[153.412426717342,-27.5897508550836],[153.412516727266,-27.5902688550968],[153.4126537072,-27.5906668451139],[153.412887747086,-27.5913618551433],[153.413048717024,-27.5917088351624],[153.413158726974,-27.592010835176],[153.413083756943,-27.5923118251708],[153.413099736924,-27.5924468451735],[153.413208726875,-27.5927378251869],[153.413150736855,-27.5929368351825],[153.413137736828,-27.593162825183],[153.4132427468,-27.5932908251947],[153.413633736737,-27.5934578252359],[153.413694726711,-27.5936028352432],[153.41368373667,-27.5939368352447],[153.413600736655,-27.5941248252378],[153.413750716619,-27.5942738252542],[153.413664766584,-27.5946198352482],[153.413578726518,-27.5952038352441],[153.41341674652,-27.5953248252285],[153.413503756457,-27.5957418352407],[153.413652756367,-27.5963248252605],[153.413594756316,-27.596766835258],[153.413457766257,-27.5973398352486],[153.413237746211,-27.5978868352305],[153.413042726192,-27.5981958252131],[153.413030796159,-27.598461835214],[153.412972796109,-27.5989028252115],[153.413490726031,-27.5990778152657],[153.413537736011,-27.5991898152714],[153.413167816035,-27.5993108252346],[153.41300078603,-27.599489805219],[153.412919796003,-27.599767805213],[153.412717765961,-27.6002688051963],[153.412406785935,-27.6007268151683],[153.412147815926,-27.6010148151442],[153.412142815892,-27.6012858051458],[153.411974805864,-27.6016448151315],[153.411902795853,-27.6017938151253],[153.411970795822,-27.6019788151337],[153.411841805784,-27.6023818351238],[153.411622805733,-27.602962835106],[153.411352845688,-27.6035388250831],[153.411204845652,-27.6039428350712],[153.411161845619,-27.6042318350691],[153.411092865597,-27.6044648250639],[153.410926825558,-27.6049078250505],[153.410925835532,-27.605111825052],[153.410834875494,-27.6054858250457],[153.410652885471,-27.6058168250297],[153.41046487545,-27.6061318250131],[153.410174885445,-27.6064198349858],[153.409873865461,-27.6065448349561],[153.409776885481,-27.6064738349457],[153.409773895495,-27.6063608349445],[153.409779885526,-27.6061178449432],[153.409581865526,-27.6062858349243],[153.409443905502,-27.6065828349126],[153.409212925511,-27.6067058248901],[153.408820915486,-27.6072338348543],[153.408539945468,-27.6076068348286],[153.408208925479,-27.6077998447964],[153.408040945479,-27.6079388347804],[153.407894945468,-27.6081508247672],[153.407556955454,-27.6085418447358],[153.407385955436,-27.6088218347206],[153.407387965399,-27.6091098247231],[153.407324965373,-27.6093658347187],[153.407392965342,-27.6095498347271],[153.407392965312,-27.6097818347289],[153.407199955315,-27.6099218247104],[153.407172945298,-27.6100748247088],[153.407167975258,-27.6103968347109],[153.407094975223,-27.610724834706],[153.40708297519,-27.6109968247069],[153.407176995152,-27.6112088347182],[153.407205975132,-27.6113438347222],[153.407193965098,-27.6116208347232],[153.40719597506,-27.6119148347257],[153.407222985018,-27.6122188247309],[153.407230974975,-27.6125458347343],[153.407245974934,-27.6128508447382],[153.407400004907,-27.6129318347545],[153.407574954868,-27.6130868047736],[153.407624994838,-27.6132828147802],[153.407731974797,-27.6135118047929],[153.407879984738,-27.6138478048107],[153.407918964698,-27.6141238048168],[153.408068984661,-27.6142898048334],[153.40817698462,-27.6145188248462],[153.408257974589,-27.6146928148558],[153.408251994555,-27.6149638148574],[153.408403974507,-27.6152088148748],[153.408523994465,-27.6154318148888],[153.408556984425,-27.6157198248944],[153.408717984366,-27.6160428149134],[153.40878898432,-27.616340794923],[153.408604984311,-27.616564794906],[153.408508004332,-27.6164828148954],[153.408356014343,-27.6165198148803],[153.40829900432,-27.6167468148763],[153.408216044303,-27.6169518148694],[153.408094024291,-27.6171458248585],[153.408173994263,-27.6173027948679],[153.408288014221,-27.6175318048813],[153.408158994217,-27.6176697948693],[153.408022004216,-27.6177918048563],[153.408028024189,-27.6179997948585],[153.408175014135,-27.6182967948759],[153.408285024083,-27.6186097948895],[153.408540014018,-27.6189038049178],[153.408673023971,-27.6191547949334],[153.408762993923,-27.6194527849449],[153.408865993875,-27.6197437949577],[153.40911499381,-27.6200377949854],[153.409374003752,-27.6202747850136],[153.409854013677,-27.6204517750639],[153.410265003608,-27.6206457751073],[153.410562003552,-27.6208367751391],[153.410985003481,-27.6210317851838],[153.411231993425,-27.6212577752107],[153.411439973376,-27.6214677752336],[153.41168696332,-27.6216997652606],[153.411948963247,-27.62204476529],[153.412102963194,-27.6223287653079],[153.412435983112,-27.6226887553447],[153.412552963051,-27.6230647653596],[153.412748972987,-27.6234007653822],[153.413024982903,-27.6238187554137],[153.413420972804,-27.6242617354575],[153.413714982712,-27.6247287454912],[153.41396497262,-27.6252357455206],[153.414221962524,-27.625770745551],[153.414515972435,-27.6262147455845],[153.414778952337,-27.6267557156156],[153.41502197225,-27.6272287256441],[153.41518297218,-27.6276397256637],[153.415261962119,-27.628050715675],[153.415459972054,-27.6283887156979],[153.415493951999,-27.6287887257045],[153.41550899195,-27.6291557257089],[153.415567971893,-27.6295507157181],[153.415716971805,-27.6301086957377],[153.415840991718,-27.6306836957548],[153.416028971607,-27.6313937057796],[153.416203991516,-27.6319566958019],[153.41648496143,-27.6323846958339],[153.416684001363,-27.632744705857],[153.416984981261,-27.633284685892],[153.41727296115,-27.6339046959262],[153.417547991068,-27.6343146859575],[153.417696001002,-27.6347036859756],[153.417888970925,-27.6351426959988],[153.418050960831,-27.63573469602],[153.418135970763,-27.6361906860322],[153.418315990687,-27.636629666054],[153.418736980588,-27.6370516761003],[153.419125960501,-27.6374046761427],[153.419616990375,-27.6379666661972],[153.419992980282,-27.6383826762388],[153.420325970173,-27.6389506462772],[153.42048197008,-27.6395366462978],[153.420814959974,-27.6400886563361],[153.42107096988,-27.6406006563662],[153.421340959766,-27.6412596463989],[153.421668989631,-27.6420416264385],[153.421512979591,-27.6424826264261],[153.42143998955,-27.6428616364217],[153.421405969471,-27.6435046364233],[153.421207009401,-27.6442166264086],[153.420989029351,-27.6447886363909],[153.420694979298,-27.6454496363662],[153.420634979231,-27.6460146263645],[153.420335019181,-27.646659626339],[153.419912059182,-27.6470056362986],[153.419622029175,-27.6473006362714],[153.419370069164,-27.6476006362481],[153.419176069144,-27.6479176262308],[153.419133079109,-27.6482226362289],[153.418869069096,-27.6485516262045],[153.418402049099,-27.6489146361598],[153.417808129136,-27.6491266261009],[153.417328109156,-27.649377636054],[153.416962129144,-27.6497746260198],[153.416585159124,-27.6502446359851],[153.416048129134,-27.6506196259334],[153.415657179154,-27.6507906258949],[153.415366169174,-27.6508826258659],[153.41506313918,-27.6510876458367],[153.414525169214,-27.6512766557833],[153.414095199229,-27.6515156557414],[153.413565219235,-27.6519186456906],[153.412997209257,-27.6522206556351],[153.412498209277,-27.6524826555863],[153.411892239292,-27.6528746455276],[153.411355249298,-27.6532786554761],[153.410901269297,-27.6536696454329],[153.410661939286,-27.6539534954108],[153.410789249262,-27.6540376554244],[153.410759249237,-27.6542576554231],[153.410817279205,-27.6544546454306],[153.410918279197,-27.6544316454407],[153.411228269183,-27.6542836454711],[153.411027259175,-27.6545106454524],[153.410717269194,-27.6546246554217],[153.410697269211,-27.6545116354188],[153.410671239234,-27.6543536454149],[153.410519259243,-27.6544116453998],[153.41034927924,-27.6545756453838],[153.410174299207,-27.6549826453692],[153.409941279194,-27.6552776553478],[153.409646289173,-27.655690645321],[153.409381299168,-27.6559516452961],[153.409236319164,-27.6561046552825],[153.40896533915,-27.6564396552575],[153.407747299177,-27.6572466651398],[153.407363359173,-27.6576036751035],[153.406882359201,-27.657792665056],[153.406326359229,-27.6580376650013],[153.405921349249,-27.6582266649615],[153.405776369252,-27.6583176649475],[153.405428419277,-27.6584206749128],[153.404940419315,-27.658529674864],[153.404561399336,-27.6586896748266],[153.404150369357,-27.6588726847862],[153.403980389357,-27.6590086947699],[153.403657399379,-27.6591116847379],[153.403348429374,-27.6594126747088],[153.402983399365,-27.6597866946745],[153.402699419366,-27.6600136846474],[153.402320449373,-27.6602816746109],[153.401777469393,-27.6605776745579],[153.401227449413,-27.6608906745044],[153.400525449457,-27.6611367144348],[153.399906479486,-27.661426694374],[153.399426469483,-27.6618587143286],[153.398986499469,-27.6623346942875],[153.398841479452,-27.6625897042748],[153.398755489419,-27.6629167042686],[153.398707489349,-27.6634986942683],[153.398691509274,-27.6640967142714],[153.398726509218,-27.6645087042782],[153.398797539166,-27.6648526742881],[153.398944519116,-27.6651166843052],[153.399150529037,-27.6655616843297],[153.399328538996,-27.6657246943491],[153.399577508934,-27.6659996743766],[153.399787488891,-27.6661566843993],[153.400069528806,-27.6665846844314],[153.400407518712,-27.6670286644693],[153.400734518603,-27.6676026645071],[153.401054518504,-27.6681086545437],[153.401310928419,-27.6685524945733],[153.401407508361,-27.6689256745861],[153.401316508292,-27.6695346745817],[153.40112951823,-27.6701736445677],[153.401063488163,-27.6707496445655],[153.400857558104,-27.6713826345495],[153.400651558058,-27.6719196345327],[153.400629547985,-27.6725066445351],[153.400586547965,-27.6726986545323],[153.400378537956,-27.672936634513],[153.40008956794,-27.6733046444864],[153.399793587934,-27.6736056544587],[153.399636597906,-27.6739506444454],[153.399543557879,-27.6742386544382],[153.399651567846,-27.6744076444505],[153.399639557838,-27.6744756544498],[153.399544577846,-27.6744926544403],[153.399475557849,-27.6745326544336],[153.399438587823,-27.6747646444316],[153.399376607789,-27.6750806444278],[153.399201587756,-27.6754826444132],[153.399063587738,-27.6757426444012],[153.398990587686,-27.6762056443974],[153.398984597665,-27.6763746443981],[153.399119577614,-27.6766566544141],[153.399082597606,-27.6767526544111],[153.398917617619,-27.6767926543946],[153.398816627623,-27.6768436543847],[153.398723587586,-27.6772116543781],[153.398603607584,-27.6773246543668],[153.398465607574,-27.6775226443543],[153.398316607524,-27.6780316543431],[153.398160607471,-27.6785736443315],[153.39803760741,-27.6791556543236],[153.397850657351,-27.6797716543094],[153.397720637311,-27.6801956542995],[153.397595627281,-27.6805296542894],[153.397262637251,-27.6810446542596],[153.396967647213,-27.6815876442338],[153.396804677191,-27.6818936542196],[153.396761677173,-27.6820686442166],[153.396883657118,-27.6824006442317],[153.396974687064,-27.6827446542437],[153.397140687007,-27.6830426342629],[153.397540696957,-27.6830976343041],[153.397749696927,-27.6831586343259],[153.397884666888,-27.6833436343411],[153.398012676843,-27.6835916243561],[153.398184666802,-27.683765634375],[153.398256676749,-27.684114634385],[153.398385666678,-27.6845606344017],[153.398552696619,-27.6848756344212],[153.398613686536,-27.6854736044321],[153.398767676474,-27.6858226144506],[153.399001676449,-27.6858216144744],[153.399197686451,-27.685645604493],[153.399273676437,-27.6856906145011],[153.399243676405,-27.6859616045001],[153.39907967641,-27.6860586144842],[153.398979666391,-27.6862956144759],[153.399057666337,-27.6866506144866],[153.399326676251,-27.6870896045175],[153.399707666187,-27.6872686045577],[153.400019666129,-27.687458584591],[153.400210666081,-27.6876665946121],[153.400193696049,-27.6879315946124],[153.400353675995,-27.688218584631],[153.400685675908,-27.6886125946679],[153.401030675809,-27.6890955947069],[153.401414655697,-27.6896465847503],[153.401709685583,-27.6902825747854],[153.401966685469,-27.6909585848169],[153.402135675358,-27.6916745648398],[153.402152685272,-27.6923345548467],[153.4020806752,-27.6929505548442],[153.401969715137,-27.6935325648375],[153.401808715077,-27.6941365448259],[153.40170369502,-27.6946675548194],[153.401643694951,-27.6952545548179],[153.401507694888,-27.6958595648088],[153.401351734842,-27.6963515547968],[153.401126744793,-27.6969165647784],[153.400863724743,-27.6975275647564],[153.400778714675,-27.6981265547525],[153.40083872462,-27.6985035247615],[153.400803754536,-27.6991925447634],[153.400764774431,-27.7000395247661],[153.400689764418,-27.7002025347598],[153.400527744369,-27.7007175347473],[153.400492774309,-27.7012145347477],[153.400388824237,-27.7018635347422],[153.400175774187,-27.702434534725],[153.399861804172,-27.702814524696],[153.399376824151,-27.7033865246512],[153.398858814158,-27.7037675346014],[153.39831580417,-27.7041255345489],[153.397721844195,-27.7044335344908],[153.397069874238,-27.7046445244261],[153.396708894253,-27.7048335443908],[153.396404884279,-27.7048855243603],[153.395936884312,-27.7050235543137],[153.395373874349,-27.7052115542579],[153.394854874373,-27.7054575442069],[153.394304894396,-27.7057415641532],[153.393861894413,-27.70598156411],[153.393509924404,-27.706349564077],[153.393130904404,-27.7066675640409],[153.392904934371,-27.7071145540215],[153.392951914302,-27.7076105640302],[153.393284934201,-27.708116554068],[153.393611904093,-27.7086855541058],[153.393880943996,-27.7092085341374],[153.394256933925,-27.7094445341775],[153.394764943847,-27.7096225242306],[153.395139903783,-27.7098065242703],[153.395553923711,-27.7100195343141],[153.395858913649,-27.710248514347],[153.395967903605,-27.71049652436],[153.396142923515,-27.7110485243822],[153.396289943476,-27.7112285143986],[153.396842923376,-27.7115425144574],[153.39742294326,-27.7119565045197],[153.398173893107,-27.7125175046007],[153.398740922983,-27.7129995046622],[153.39920688287,-27.7134884747135],[153.399602902761,-27.7140004747579],[153.399909902667,-27.7144724847929],[153.400203872585,-27.7148664848259],[153.400555882491,-27.7152994548652],[153.40096490238,-27.7158164549109],[153.401397902283,-27.7162094749581],[153.401787862173,-27.716737465002],[153.402069902074,-27.717272445035],[153.402370881967,-27.7178464450702],[153.402697881864,-27.7183754551076],[153.403018901754,-27.718960445145],[153.40338189166,-27.7193874251853],[153.403874901519,-27.7200684252409],[153.404295891406,-27.7205914152879],[153.404622891301,-27.7211364253255],[153.404967891215,-27.7215074253636],[153.405312891119,-27.7219684154024],[153.405410891033,-27.7225494054169],[153.405516890939,-27.7231974054328],[153.405645910859,-27.72370441545],[153.405826880775,-27.7242064154724],[153.405913900674,-27.7249223954869],[153.405917150596,-27.725526445492],[153.405983900504,-27.726186395504],[153.406133920411,-27.726783385524],[153.406172940344,-27.7272663855318],[153.406095920262,-27.7279693855295],[153.406074940182,-27.7286123955324],[153.406076940124,-27.7290583855361],[153.406059900087,-27.7293633955368],[153.405985910042,-27.7297753955325],[153.405905980002,-27.7301533855273],[153.405795929935,-27.7307633855209],[153.405735959854,-27.7314463655202],[153.40577796977,-27.7320613655293],[153.405965949655,-27.7327943755543],[153.406184979563,-27.7333233755807],[153.406549949443,-27.7339543756229],[153.406907939339,-27.7344603656634],[153.407354949228,-27.7349433457127],[153.407769959131,-27.7353533457582],[153.408285959023,-27.735756355814],[153.408864958913,-27.7361263558759],[153.40938693883,-27.7363323259307],[153.409698948763,-27.7365853359645],[153.410036938684,-27.7369163360015],[153.410544938604,-27.7371113260548],[153.411139928441,-27.7378763261215],[153.411172928414,-27.7380613261263],[153.411599898325,-27.7383923261724],[153.412159918223,-27.738711316232],[153.412756948123,-27.738985326295],[153.413468918015,-27.7392292963695],[153.414142887909,-27.7394863064402],[153.41482890781,-27.7396802965117],[153.415330857736,-27.739830296564],[153.41578283766,-27.7400362866117],[153.416646867536,-27.7402742767016],[153.417453847424,-27.7404682867854],[153.418158807328,-27.7406172868584],[153.418875807245,-27.7406642769319],[153.419667787167,-27.7406042570121],[153.420320807103,-27.7405492570783],[153.420833777062,-27.7404402571297],[153.420782787084,-27.7403102571235],[153.420775777109,-27.7401242571213],[153.42082377714,-27.739842257124],[153.420943787159,-27.7395932671342],[153.421215757135,-27.7395462571616],[153.421430777115,-27.7395232671833],[153.421562757126,-27.7393242571952],[153.42180975712,-27.7391652572191],[153.421960787133,-27.7389392572328],[153.422168767127,-27.738813257253],[153.422345757126,-27.7386662572698],[153.42248474713,-27.7385242672829],[153.422516757115,-27.7386142672869],[153.422416787097,-27.7388352672784],[153.422233777104,-27.7389372572606],[153.422062767111,-27.7390232672438],[153.421980757097,-27.7392042572369],[153.421816757101,-27.739306257221],[153.421595757108,-27.7394372571995],[153.421545747095,-27.7395842571955],[153.421451757086,-27.7397312571871],[153.421273747107,-27.7397212571689],[153.421108767126,-27.7397052671519],[153.421026797123,-27.7398012671443],[153.42117377709,-27.7399362571604],[153.421098807076,-27.7401062571541],[153.420933787084,-27.7401852671379],[153.420966787052,-27.7403992571429],[153.421145777008,-27.7405912571627],[153.421469826966,-27.7406504871962],[153.422034736898,-27.7406992572542],[153.422446746845,-27.7407642672967],[153.422751746814,-27.7407522573277],[153.422953776798,-27.7407062673479],[153.42316977678,-27.7406652573696],[153.423518716741,-27.7406742474053],[153.42395573671,-27.7405432474488],[153.424341726686,-27.7404112474871],[153.42473471664,-27.7404372375274],[153.425235676587,-27.7404232375783],[153.425469716577,-27.7403092376013],[153.425811686566,-27.7401042376345],[153.426278706552,-27.7398202476799],[153.426708706536,-27.7395812477219],[153.427126676496,-27.7395442477642],[153.42764566647,-27.7393112178153],[153.42806267646,-27.7390372178556],[153.42848063644,-27.7388382278967],[153.428897646424,-27.7386162279375],[153.429220636393,-27.7385862279702],[153.429726636358,-27.7384252180205],[153.430232606343,-27.7381182280697],[153.43071261634,-27.7377432381157],[153.43121160633,-27.7373962281638],[153.431659566323,-27.737078238207],[153.432184586303,-27.7367872282582],[153.432835566275,-27.736457228322],[153.433544536238,-27.7361542183919],[153.434119526209,-27.7358911984485],[153.43477750618,-27.735566208513],[153.435314496159,-27.7352811985656],[153.435750486147,-27.7350082086079],[153.436192466147,-27.73463419865],[153.436621886155,-27.7342135286905],[153.437018466161,-27.733834198728],[153.437320496185,-27.7333921987553],[153.437495956217,-27.7329954487701],[153.437367436251,-27.7328391987557],[153.437145446278,-27.7328171987329],[153.436726466319,-27.7328532086904],[153.436333466356,-27.7328951986507],[153.435908496423,-27.7327332086061],[153.435328476528,-27.7324042085443],[153.43493347661,-27.7321012385016],[153.434651476697,-27.7316622284694],[153.434466456759,-27.731336218448],[153.433743496967,-27.7303292283663],[153.433194507093,-27.7298072483062],[153.432703507211,-27.7293022382521],[153.432325517323,-27.7287512382092],[153.432144507402,-27.7282892381871],[153.432163487418,-27.728148248188],[153.432464507458,-27.7275882482142],[153.432784497488,-27.7270892482429],[153.433143477517,-27.7265572482754],[153.433879427563,-27.7255882383428],[153.434570447613,-27.7246142484056],[153.435117397664,-27.7237592484546],[153.435166417684,-27.7235612484581],[153.435159407846,-27.7223092384475],[153.435130397919,-27.7217732384403],[153.435095387986,-27.7212762384328],[153.435181418036,-27.720819248438],[153.435248398088,-27.7203562684411],[153.435727348104,-27.7198292584858],[153.435934378119,-27.7195452485047],[153.436133378182,-27.7188842585198],[153.436309338206,-27.7185502585351],[153.436466328208,-27.71840225855],[153.43664232822,-27.718165258566],[153.436838338216,-27.718028268585],[153.437092338192,-27.7179992386106],[153.437352368154,-27.7180822486378],[153.437598338154,-27.7178722386612],[153.43780631817,-27.7175772386801],[153.438203288163,-27.7172932387184],[153.438538328165,-27.7169982387502],[153.438682318186,-27.7167152487627],[153.43883229821,-27.7163982487755],[153.439103268223,-27.7160702488005],[153.439342278226,-27.7158482488232],[153.439703258213,-27.7156492388584],[153.439949268211,-27.715456248882],[153.439867258197,-27.7156372488751],[153.439716288195,-27.7157792388608],[153.439432278206,-27.715927238833],[153.439198278206,-27.7161262488107],[153.438971288196,-27.7163922387896],[153.438715318163,-27.7168622487672],[153.438545338145,-27.7171512387522],[153.438280348148,-27.7173492387267],[153.438078318148,-27.7175202387074],[153.437876328144,-27.7177182386884],[153.437720358127,-27.7179792386745],[153.437562348119,-27.71817724866],[153.437399338098,-27.7184712486457],[153.437665358078,-27.7184082386723],[153.437816358088,-27.7182042386861],[153.438066308123,-27.7177232387078],[153.43828132813,-27.7174852387279],[153.438610298112,-27.7173532387604],[153.438914308077,-27.7173692387915],[153.439364318024,-27.7174002488377],[153.439884297983,-27.7172852488898],[153.440536297944,-27.7170392389544],[153.441118257904,-27.7168612490123],[153.441643237865,-27.7167222390648],[153.44224526781,-27.7166462291256],[153.442821267766,-27.7165022191832],[153.4436262077,-27.7163402392641],[153.444513227615,-27.7162562293539],[153.445217207542,-27.7162302294255],[153.445440177501,-27.7163582394493],[153.445750177476,-27.7162952194804],[153.445890187451,-27.7163672294953],[153.446271177393,-27.7165011995352],[153.446209197386,-27.7166082095298],[153.446056197402,-27.7166151995142],[153.445835187414,-27.7167061994924],[153.445886177392,-27.7168302094985],[153.44587518738,-27.7169322194982],[153.445793177365,-27.7171182194913],[153.445821207322,-27.7174291994966],[153.445689217304,-27.7176832094852],[153.445550227313,-27.7177292194714],[153.445424227302,-27.71791620946],[153.445294217259,-27.7183572194502],[153.445318197156,-27.7191412094588],[153.445285237051,-27.7199821994621],[153.445284256921,-27.72099220947],[153.445339226834,-27.7216242094805],[153.4452132567,-27.7227701894767],[153.445006236671,-27.7231661994587],[153.444889286625,-27.7236241794504],[153.444673276515,-27.7246581894365],[153.444549286479,-27.7250371994269],[153.444271886493,-27.7251614993995],[153.444005296497,-27.7253561893739],[153.443900286457,-27.7257571993663],[153.443973316382,-27.7262761993779],[153.444187316257,-27.727070199406],[153.443896336269,-27.7272181993774],[153.443739316259,-27.7274281893631],[153.443462316259,-27.7276611993366],[153.443253316276,-27.7277011993156],[153.443190316261,-27.7278711893105],[153.443154296231,-27.728136189309],[153.442996326228,-27.7282951892941],[153.442940366207,-27.72849918929],[153.442840356204,-27.7286061992806],[153.442675346217,-27.7286471892641],[153.442701326189,-27.7288441792683],[153.442836346147,-27.7290581892838],[153.443003336087,-27.7293791793034],[153.443138346044,-27.7295981893189],[153.443353366031,-27.7295241893402],[153.443461336017,-27.7295401893514],[153.443407345951,-27.7300991793503],[153.443267335966,-27.730099179336],[153.443141335971,-27.7301621993236],[153.443097355964,-27.7302581893199],[153.443066325949,-27.7304001993178],[153.442749365995,-27.7303111892848],[153.442457366025,-27.7303181892551],[153.442393346047,-27.7302061892477],[153.442315346091,-27.7299291892375],[153.442306326137,-27.7295801792338],[153.442440356127,-27.7295391892472],[153.442502336135,-27.7294321892527],[153.442551316161,-27.7291831892557],[153.442455316196,-27.7289921792444],[153.44227734623,-27.7288801792254],[153.442149346257,-27.7287741992115],[153.442023346259,-27.7288641991993],[153.442081346229,-27.7290501992067],[153.442044366205,-27.7292711992047],[153.441949356216,-27.7292601891949],[153.441738356286,-27.7289001991705],[153.441501356358,-27.7285401891435],[153.441061346457,-27.7281411990955],[153.440469396554,-27.7278852190331],[153.439853386644,-27.7277022089688],[153.439433376723,-27.7274442089239],[153.438880406816,-27.7271822188654],[153.438327356895,-27.7270332388078],[153.437966406927,-27.7270912287715],[153.437517416939,-27.7273702287279],[153.437100406951,-27.7276312286874],[153.436595426957,-27.7280072186389],[153.436185456957,-27.7283532285998],[153.435808456937,-27.728823218565],[153.435532436896,-27.7293722285412],[153.435541486841,-27.7297952285455],[153.435727456765,-27.7302292185678],[153.43616144666,-27.7306782286157],[153.436888446501,-27.7313011986947],[153.437513436374,-27.7317661987621],[153.437889466281,-27.7321701988037],[153.438202446207,-27.732479208838],[153.43815941619,-27.732648208835],[153.438224456149,-27.7329082088437],[153.438441456091,-27.7331781888679],[153.439063416008,-27.7332981889323],[153.439804435942,-27.7331931990071],[153.440653425883,-27.7329401890917],[153.441203365865,-27.7326161791452],[153.441733385852,-27.7322691991966],[153.4426513658,-27.7319031892874],[153.443569335729,-27.7316841693793],[153.444493335669,-27.7313741694711],[153.445240305619,-27.7311331695454],[153.445633305577,-27.7311261795855],[153.446255295498,-27.7312181796497],[153.446883285435,-27.7311811597135],[153.447852285354,-27.7310011498109],[153.449479235243,-27.7304901499729],[153.45026526517,-27.7303961500524],[153.451127205093,-27.7302731401394],[153.451981235046,-27.7299191402237],[153.452632215019,-27.7295821302875],[153.453681184975,-27.7290461303904],[153.454003184979,-27.7287451304209],[153.45405220501,-27.7284631404236],[153.454006185045,-27.7282321304171],[153.453895185126,-27.7276911304015],[153.453706155238,-27.7269811403766],[153.453524165348,-27.7262821503525],[153.453399155461,-27.7255151603337],[153.453255125571,-27.7247771603132],[153.453238145664,-27.7240711403059],[153.453251145778,-27.7231741503002],[153.453291145862,-27.7224911502989],[153.453347106002,-27.7213561602956],[153.453373126124,-27.7203911802907],[153.453279106247,-27.7195111702741],[153.453203106366,-27.7186541802596],[153.453192086467,-27.7178811702524],[153.453163066562,-27.7171701602438],[153.453157086677,-27.7162791902362],[153.453125076803,-27.7153311902254],[153.453107046917,-27.7144621902168],[153.453120077047,-27.71344021021],[153.453201027189,-27.712266200209],[153.453291007282,-27.711476220212],[153.453330027397,-27.7105442002086],[153.453337977501,-27.709732220203],[153.453315097583,-27.7091164801958],[153.45336100767,-27.7084002201949],[153.453463977763,-27.707592230199],[153.453552967874,-27.7066612402007],[153.453535987963,-27.7059842501937],[153.453638918053,-27.705199240198],[153.453697938141,-27.7044642501982],[153.453800948227,-27.7037082702027],[153.453916908294,-27.7030922602097],[153.454044908382,-27.7023012702165],[153.454173898459,-27.7015952702241],[153.454300888573,-27.7006072602293],[153.454465868671,-27.6997092902391],[153.454516818801,-27.6986542902359],[153.454630808923,-27.6976092802393],[153.454707859015,-27.6968363002411],[153.454791809111,-27.6960223002432],[153.454875799204,-27.6952263002455],[153.454976759323,-27.6942163102479],[153.455147799442,-27.6931483202569],[153.455268759543,-27.6922673102623],[153.455384759623,-27.6915443202684],[153.455475749693,-27.6909293202729],[153.455574739737,-27.6904993202796],[153.455647739791,-27.6900193202833],[153.455707709861,-27.6894323402847],[153.455772709941,-27.688754330286],[153.455825710014,-27.6881393302866],[153.455905720065,-27.6876763302911],[153.456047710122,-27.6871163403012],[153.456113660187,-27.6865583403035],[153.456217690263,-27.6858803403088],[153.456307700344,-27.6851793303124],[153.456378650441,-27.6843613403132],[153.456456650523,-27.6836613503157],[153.456567650585,-27.6830843603224],[153.456722630644,-27.6825033603337],[153.456814640699,-27.681994360339],[153.456843080761,-27.681492510338],[153.456885270832,-27.6809047603377],[153.456980610906,-27.6802493603422],[153.457096610979,-27.6795833603488],[153.45720764104,-27.6790183503557],[153.457348601103,-27.6784083503652],[153.457459601177,-27.6777413503713],[153.457592571273,-27.6768833603781],[153.457709591337,-27.6762903603854],[153.457844601409,-27.6756173503939],[153.457972571504,-27.6747763804003],[153.458107551587,-27.6740193804081],[153.458260551672,-27.6732283704175],[153.458420571753,-27.6724663704278],[153.458530551823,-27.671833380434],[153.458634501895,-27.6711833804395],[153.458713521961,-27.670607380443],[153.458836522017,-27.6700653704513],[153.458985522078,-27.6694663804618],[153.459088522146,-27.6688563804675],[153.459187512195,-27.6683933804739],[153.459390492292,-27.6674663804873],[153.459631492397,-27.6664493805039],[153.459771472493,-27.6655913705114],[153.460140452692,-27.6637324005344],[153.460248452791,-27.6628794005387],[153.460346422852,-27.6623204005443],[153.460567432976,-27.6611744005578],[153.46069543306,-27.6604113905649],[153.460887393148,-27.6595694005778],[153.461071383239,-27.6587103905898],[153.461243413344,-27.6577504005998],[153.461321373412,-27.657152390603],[153.461559353571,-27.655717420616],[153.461739373628,-27.6551234206297],[153.461912343697,-27.654445410642],[153.462047363783,-27.6536664206496],[153.462264313848,-27.6529764206663],[153.462463353914,-27.6522984206813],[153.462591354006,-27.6514794206879],[153.462694324084,-27.6507844106929],[153.462848314158,-27.6500844107031],[153.463015304227,-27.6494064207148],[153.463138274293,-27.6487904107225],[153.463335304379,-27.6479594107361],[153.463452284441,-27.6473784107434],[153.463712274546,-27.6463494107619],[153.463829254597,-27.6458524207699],[153.463964264663,-27.6452304307787],[153.464091944722,-27.6446611507873],[153.464254224799,-27.6439254307981],[153.464407234882,-27.6431514208076],[153.464461214938,-27.6426774308093],[153.464584225003,-27.6420674308171],[153.464694195065,-27.6414914408238],[153.464817205131,-27.6408814408315],[153.464997185203,-27.6401694308443],[153.465132195264,-27.6395814208534],[153.465255165327,-27.6389884208613],[153.465379195374,-27.6385244308703],[153.465533145443,-27.6378524308807],[153.465588185475,-27.637558430884],[153.465694145511,-27.6371914308919],[153.465835185573,-27.6365924309016],[153.465933155634,-27.6360334509072],[153.466051155683,-27.6355584509155],[153.466112145721,-27.635213440919],[153.466154125753,-27.634925450921],[153.466210115781,-27.6346604409246],[153.466296145819,-27.6342934609305],[153.466376155852,-27.6339714509361],[153.466475145885,-27.6336314509436],[153.466574095931,-27.6331964409502],[153.466660125968,-27.6328354509562],[153.466778096013,-27.6323884609647],[153.466914086068,-27.6318464409743],[153.467025086117,-27.6313714609819],[153.467111116164,-27.6309314509872],[153.467197076214,-27.6304734509923],[153.467300076284,-27.6298464409979],[153.467405086331,-27.6293944510051],[153.467553056393,-27.6287894510154],[153.467639086444,-27.6283154410204],[153.467763076491,-27.6278464510294],[153.467874036532,-27.6274394510375],[153.468030046578,-27.6269474610495],[153.468134026624,-27.6265064610567],[153.468226046686,-27.6259474610617],[153.468324046732,-27.6255074710682],[153.468423036782,-27.6250384610746],[153.468522026825,-27.6246194710814],[153.468608056864,-27.6242414610872],[153.468712996903,-27.6238574810949],[153.468793986914,-27.6237044611019],[153.468887026943,-27.623400471109],[153.468921996957,-27.6232564711115],[153.468926006996,-27.6229564711095],[153.469008027023,-27.6226784711157],[153.469147017066,-27.6222234611263],[153.469243007114,-27.6217694711325],[153.469364997152,-27.6213774611419],[153.469559027205,-27.6207974711571],[153.469682977263,-27.6202474611654],[153.469867997333,-27.6195494711788],[153.470045977401,-27.6188734711916],[153.470266977497,-27.6179378712068],[153.470352977535,-27.6175734912127],[153.470466967616,-27.6168484912186],[153.47053594767,-27.6163734912219],[153.470609937732,-27.6158294912252],[153.470810977779,-27.6152944912415],[153.471036947829,-27.61471949126],[153.471191967889,-27.6141224812712],[153.471298947969,-27.6134094912764],[153.471379908025,-27.6129044812807],[153.471483928063,-27.6125244912883],[153.471731908125,-27.6118364913082],[153.471940908192,-27.6111424813241],[153.472068918265,-27.6104684913319],[153.472203958333,-27.6098274813406],[153.472423908408,-27.609060491357],[153.472636928487,-27.6082715013725],[153.472804898573,-27.6074595013833],[153.473033898664,-27.6065575013995],[153.473333858746,-27.6056705014231],[153.473578878817,-27.6049195114422],[153.47377488892,-27.6039555114546],[153.474101859021,-27.6028984814797],[153.474397839087,-27.6021355015039],[153.474629979163,-27.6013514715214],[153.474935839241,-27.6004915015459],[153.475215839327,-27.5995825015673],[153.475397829406,-27.5988225015799],[153.475688799498,-27.597861501602],[153.475964779571,-27.5970655216239],[153.476083809596,-27.5967695216337],[153.476195789623,-27.5964675216428],[153.47630678966,-27.5960865216511],[153.476450809711,-27.5955695216617],[153.476602799757,-27.5950865216734],[153.476716789803,-27.5946325316815],[153.47687274986,-27.5940645216929],[153.477025759899,-27.5936325317051],[153.477215739939,-27.5931595217208],[153.477360759987,-27.5926655217317],[153.477495770052,-27.5920465217406],[153.4776717401,-27.5915295217545],[153.477803720151,-27.591024531764],[153.477970750214,-27.5903935317761],[153.47812474025,-27.5899835117886],[153.478276730292,-27.5895285318005],[153.478475690348,-27.5889265218161],[153.47860771037,-27.5886465218274],[153.478721700421,-27.5881585318351],[153.478835690466,-27.5877105318432],[153.47896271051,-27.5872615218527],[153.479139700558,-27.5867435218667],[153.479380670589,-27.5862985218878],[153.479551670632,-27.5858255319015],[153.479635660677,-27.5854065219068],[153.479712090727,-27.584953481911],[153.479794690775,-27.5845105319159],[153.479920610826,-27.5840055219248],[153.480036610864,-27.5836195119336],[153.480104610894,-27.5833245319382],[153.480311640944,-27.582766521955],[153.480488630988,-27.5822765419692],[153.480615651032,-27.5818285519786],[153.480772601083,-27.5812995419905],[153.48087859114,-27.5807725519971],[153.481050621175,-27.5803565420114],[153.481228591213,-27.579906552026],[153.481380581258,-27.5794345420378],[153.481559571321,-27.5787925520511],[153.481762591361,-27.578314552068],[153.481912561384,-27.5780065420809],[153.482004541417,-27.5776765420877],[153.482054591447,-27.5773985420906],[153.482234571503,-27.5768135521044],[153.482501021568,-27.5760904621259],[153.482770531638,-27.5753165521473],[153.482982561693,-27.5747195321642],[153.483228531731,-27.5742115421854],[153.483373481782,-27.5736945421961],[153.483581491851,-27.5729905422118],[153.483760491917,-27.5723255422248],[153.484006501985,-27.5715925422442],[153.484264482055,-27.5708295422645],[153.4845154921,-27.5702765422858],[153.484713462133,-27.5698495423026],[153.484933452177,-27.5693245523209],[153.485151432231,-27.5687275523385],[153.485354442297,-27.5680395423538],[153.485493432346,-27.5675455523641],[153.485672432379,-27.5671405523792],[153.485842452397,-27.5668605523944],[153.48594041243,-27.5665195424017],[153.486031412469,-27.566139552408],[153.486149412501,-27.5657975424173],[153.486314432538,-27.5653655524308],[153.486471412588,-27.5648485524427],[153.486714102647,-27.5641875024623],[153.486887372702,-27.5636135424755],[153.487076362747,-27.5631075724908],[153.487312372807,-27.5624475625097],[153.487831332934,-27.5610245625515],[153.488048322991,-27.5603985625687],[153.488220353061,-27.5597115625808],[153.488473293127,-27.558989562601],[153.48883931318,-27.5582705626327],[153.489192313245,-27.5574775526625],[153.489462303312,-27.5567265626842],[153.489606293368,-27.5561755626945],[153.489823283426,-27.5555385727117],[153.490018303472,-27.5550205727275],[153.490255263524,-27.554422562747],[153.490474263572,-27.553864562765],[153.490602273616,-27.5534155627745],[153.490794263672,-27.5528185727894],[153.49104884373,-27.5521525128102],[153.491247223788,-27.5515385428256],[153.491474213859,-27.5507995328429],[153.491719203906,-27.5502295528635],[153.491925173967,-27.5495825528794],[153.492123184018,-27.5490185428952],[153.492381174059,-27.5484875329174],[153.492544184107,-27.54798154293],[153.492694154161,-27.547436552941],[153.492879944188,-27.5470677529571],[153.492898154191,-27.5470315529587],[153.493116134246,-27.5464225529761],[153.49335714428,-27.5459545529971],[153.493447114321,-27.5455625430032],[153.493599134368,-27.5450735430148],[153.494067144472,-27.5438725430532],[153.494221064505,-27.5434845430658],[153.494397064552,-27.5429725430798],[153.494576094612,-27.5423595430932],[153.494782104668,-27.5417505431095],[153.495091074731,-27.5410045431352],[153.495282114765,-27.5405824831514],[153.495466074803,-27.5401375431666],[153.495674054846,-27.5396255331839],[153.495825014896,-27.5391145531953],[153.496005004951,-27.5385345332091],[153.496177024988,-27.5381065432233],[153.496421025036,-27.5375315432437],[153.496640975079,-27.537007543262],[153.496830995119,-27.5365405532777],[153.497130985195,-27.5357035333018],[153.497362985244,-27.5351285433209],[153.497575965291,-27.5345815533384],[153.497738965342,-27.5340535433509],[153.49792095539,-27.5335295433653],[153.49809196543,-27.5330745433792],[153.49835395548,-27.5324645434012],[153.498548905527,-27.5319355534169],[153.498694945571,-27.5314745534282],[153.498859925612,-27.5310195434415],[153.498925945649,-27.5306735534455],[153.499118925677,-27.5302965434622],[153.499280875701,-27.5299775434763],[153.499564885765,-27.5292425434995],[153.499799905796,-27.5288085535201],[153.499992885823,-27.5284375535369],[153.500112855868,-27.5279885335456],[153.500226885916,-27.5275175435535],[153.500433875965,-27.5269655435703],[153.500645866017,-27.5263845535874],[153.500926876063,-27.5257915536115],[153.501098836074,-27.5255615436272],[153.501125846093,-27.5253915436286],[153.501110836132,-27.5251045536248],[153.501174826155,-27.5248715436295],[153.501361846207,-27.5243085336442],[153.501615816265,-27.5236475536649],[153.501764816324,-27.5230625436755],[153.501976806376,-27.5224825536926],[153.502197806418,-27.5219755437112],[153.50244681647,-27.5213655337318],[153.502693806504,-27.5208915537534],[153.502943756554,-27.5202995537742],[153.503197796613,-27.5196275337949],[153.503386756653,-27.5191605438105],[153.503457786672,-27.5189495538161],[153.503595756694,-27.518664533828],[153.503778776734,-27.518202533843],[153.504035736782,-27.5176165538647],[153.504274736822,-27.517102543885],[153.504534756879,-27.5164425439064],[153.504748726923,-27.5159235439242],[153.504963706961,-27.5154505539424],[153.505256697014,-27.5147945439672],[153.505476677057,-27.5142765639856],[153.505689727105,-27.5137295740031],[153.505870697189,-27.5129235640152],[153.506055677223,-27.5125075740308],[153.506261687269,-27.5119725740476],[153.506457687311,-27.5114825640638],[153.506752687353,-27.5109115540895],[153.506961647388,-27.5104665641073],[153.50726265743,-27.5098895641335],[153.507450637477,-27.5093715641487],[153.507608647521,-27.5088995741611],[153.507740627571,-27.5083995741706],[153.507863637605,-27.5080305741803],[153.508028617645,-27.5075865741936],[153.508204617694,-27.5070575642075],[153.508394637734,-27.5065845542231],[153.508559617774,-27.5061345642365],[153.508790627826,-27.5055425642554],[153.50898359785,-27.5051945542724],[153.509233587897,-27.5046185642934],[153.509433607949,-27.5040545743094],[153.509597607995,-27.5035605643222],[153.509801598026,-27.5031495643399],[153.509976588076,-27.5026145643535],[153.510150578102,-27.5022665643686],[153.510268578131,-27.5019425743781],[153.510463528174,-27.501441554394],[153.510661578203,-27.5010585744113],[153.511018548276,-27.5001865744409],[153.511189548317,-27.4997315644548],[153.511542508374,-27.498989564485],[153.511735878399,-27.498641494502],[153.511786508424,-27.4984005645053],[153.511934518465,-27.497962574517],[153.512266518521,-27.4972445945453],[153.512598518616,-27.4962335845712],[153.512785518682,-27.4955665845851],[153.513192488758,-27.4946335746193],[153.513650488847,-27.4935595746577],[153.514045458911,-27.4927345846915],[153.514351438991,-27.4918585747159],[153.514709469051,-27.4910945847465],[153.515047459124,-27.4902475747743],[153.515385449184,-27.489500584803],[153.515805449268,-27.488494594838],[153.516163409325,-27.4877595848688],[153.516469899387,-27.4870195348943],[153.516852379443,-27.4862665849275],[153.517165409508,-27.4854985949534],[153.51743506958,-27.4847185049748],[153.517723339625,-27.4841305849997],[153.51811834969,-27.4832935750335],[153.518368879748,-27.4826324750539],[153.518739359793,-27.4819816150866],[153.518908319831,-27.4815406051004],[153.5192143299,-27.4807496051255],[153.519445339969,-27.4800206151433],[153.519615319998,-27.4796536051578],[153.519802350054,-27.4790656051723],[153.520209320134,-27.4781046052063],[153.520710290229,-27.4769516052485],[153.521035250328,-27.4759115952735],[153.52131027039,-27.475204595296],[153.521742250474,-27.4741875953322],[153.522181240556,-27.4731866053692],[153.52255624065,-27.4721406053993],[153.523139180747,-27.4709086054492],[153.523584150822,-27.4699525954871],[153.523985180892,-27.4690766055212],[153.524091170931,-27.468686605529],[153.524423180994,-27.4679175955569],[153.52482515106,-27.4670695955913],[153.525062141116,-27.4664365956105],[153.525463101195,-27.4654925956441],[153.525814121251,-27.4647686056743],[153.526215111318,-27.4639146057086],[153.526547071378,-27.4631686057366],[153.526873091452,-27.4623266057633],[153.527192071514,-27.4615796057901],[153.527381061525,-27.4613366158075],[153.527500021547,-27.4610656058175],[153.527688031592,-27.4605626058328],[153.527995031628,-27.4600246058599],[153.52825203167,-27.4594815958819],[153.528566001716,-27.4588656059092],[153.528898001771,-27.4581646059376],[153.52928103181,-27.4575426159719],[153.529494961838,-27.4571466059906],[153.529871971876,-27.4565415960245],[153.530065971904,-27.4561566060413],[153.530334971949,-27.4555856060643],[153.530648941985,-27.4550425960921],[153.531063952027,-27.4543745961293],[153.53132095207,-27.4538316061513],[153.53156593209,-27.4534695961735],[153.531784932137,-27.4529216061916],[153.532111902165,-27.4524296062212],[153.532513912203,-27.4518015962573],[153.532776892247,-27.4512416062798],[153.533009872257,-27.4509695963015],[153.533386882289,-27.4504096063357],[153.533687862325,-27.4498836163623],[153.534008882361,-27.4493346063909],[153.534429872398,-27.4487016064289],[153.534881812439,-27.4480046064697],[153.535277842482,-27.447342596505],[153.535515822516,-27.4468796065257],[153.535678832526,-27.4466696065407],[153.535999812549,-27.44622260657],[153.53635178257,-27.4457695966025],[153.536754772593,-27.4452545966396],[153.537244792618,-27.444649606685],[153.53765986266,-27.4439815167222],[153.538017752702,-27.443359606754],[153.538351062724,-27.4429124967845],[153.538708732752,-27.4423966068171],[153.53900971279,-27.4418546168436],[153.539083512797,-27.4417337168502],[153.539330722822,-27.4413396068724],[153.539732702845,-27.4408246069095],[153.540090692885,-27.4402186069413],[153.540417692915,-27.4397096169708],[153.540768682951,-27.4391386070022],[153.54117766299,-27.438498587039],[153.541560653017,-27.437972597074],[153.54195664305,-27.4373835871099],[153.542113633071,-27.4370895871237],[153.542251603074,-27.4369535971367],[153.542454613038,-27.4370655971584],[153.542765632989,-27.4371885771912],[153.543151622941,-27.4372435772312],[153.54356863291,-27.4371405872731],[153.54358662293,-27.4369655772735],[153.543408652976,-27.4367575872537],[153.543185633043,-27.4364255872282],[153.542880643104,-27.4362005871952],[153.54293061312,-27.436036587199],[153.543157643105,-27.4359625872217],[153.54333558308,-27.4360075772402],[153.54350059303,-27.4362605872591],[153.543894572959,-27.4364845773013],[153.544204612905,-27.4366525773344],[153.544616622856,-27.4366855873768],[153.544882592804,-27.4368765774056],[153.545205582747,-27.43704958744],[153.545503572714,-27.4370545874706],[153.545686542686,-27.4371275674899],[153.545945552681,-27.436951557515],[153.546103552659,-27.4369905775315],[153.546357562622,-27.4370625575581],[153.54642457266,-27.4367125775622],[153.54660755267,-27.4364855675791],[153.546612582705,-27.4362095575775],[153.546624562739,-27.4359325575765],[153.546459542749,-27.4359955675601],[153.546389572787,-27.4357585675511],[153.54616754282,-27.4356865875277],[153.546096582852,-27.4354945875189],[153.546052562848,-27.435562577515],[153.545811562894,-27.435399597489],[153.545577552942,-27.4352255874637],[153.544930553045,-27.4349625873953],[153.545487542986,-27.4349545974523],[153.546057562906,-27.4351045975119],[153.546538562843,-27.4351995875619],[153.546702522844,-27.4350575875775],[153.546713542874,-27.4348145875768],[153.546592542912,-27.4346175775628],[153.546553532954,-27.4343185875564],[153.546464542976,-27.4342235875466],[153.546387533003,-27.4340765875375],[153.54622251303,-27.43400358752],[153.54613454305,-27.4339245875104],[153.54590656308,-27.4338805774867],[153.54578557311,-27.4337455874732],[153.545462543165,-27.4335885874389],[153.54521456323,-27.4332845774111],[153.544757983329,-27.4328974873613],[153.544332103417,-27.432565487315],[153.543976593494,-27.4322566072762],[153.544064553492,-27.4322056072848],[153.544013563512,-27.4320926072787],[153.543771533579,-27.4317665972513],[153.543396573671,-27.4313676072097],[153.542997553755,-27.4310416071663],[153.542692593806,-27.4308956071339],[153.542642593818,-27.4308506071284],[153.542787573806,-27.430821597143],[153.542685803844,-27.4306075171309],[153.542722563869,-27.4303815971329],[153.542770563925,-27.4299126071341],[153.542831553981,-27.4294215971365],[153.542911564037,-27.4289246171407],[153.542985584093,-27.4284276071444],[153.543020584174,-27.4277676271427],[153.543000104224,-27.4273945371376],[153.543086874266,-27.4269995171434],[153.54335755427,-27.4267446271691],[153.543679524248,-27.4266416172013],[153.543741534266,-27.4264546172061],[153.54367755429,-27.4263196271985],[153.543563124342,-27.4260095071843],[153.543650544363,-27.4257726171914],[153.543547534407,-27.4255186171788],[153.543332554454,-27.4253336171554],[153.543047524484,-27.4253346271262],[153.542637524497,-27.4255726170861],[153.542460564519,-27.4255456270678],[153.542136594584,-27.4253096170327],[153.54188255464,-27.4250846270049],[153.541434554683,-27.4251206269593],[153.540959544729,-27.425161616911],[153.540503544799,-27.424993636863],[153.540074014845,-27.424989456819],[153.539600614863,-27.4252456467725],[153.539018584934,-27.4251746467124],[153.538410635023,-27.4249846466486],[153.537366995184,-27.4246006765387],[153.537276655198,-27.4245656565292],[153.536649625292,-27.4243536664633],[153.536245055347,-27.4242584864211],[153.535908675398,-27.4241416563858],[153.535446655474,-27.4239346663368],[153.534927665527,-27.4239536662838],[153.534523895548,-27.4241244762439],[153.534404685534,-27.4243336462333],[153.534311685481,-27.4248196662276],[153.533586685503,-27.4252516561568],[153.533068715534,-27.4254396761053],[153.53240573558,-27.425633686039],[153.531748735634,-27.4257546759727],[153.531002745713,-27.4257626858964],[153.530414765772,-27.4257876758364],[153.52973192584,-27.4258234957668],[153.529048785904,-27.4258996956975],[153.528536805951,-27.4259576956455],[153.527948786018,-27.425920695585],[153.52741778608,-27.4258826955304],[153.526752826165,-27.4257726954615],[153.526151826243,-27.4256616953991],[153.525474926329,-27.4255515053289],[153.524879836406,-27.4254517152672],[153.524176876515,-27.4251837051932],[153.523593936603,-27.4249825151319],[153.522948106699,-27.4247704950642],[153.52213689683,-27.4244237249784],[153.521350866958,-27.4240767448952],[153.520602877089,-27.4236837248156],[153.519937917209,-27.4233027347445],[153.519271897334,-27.422881754673],[153.51861190746,-27.4224487546021],[153.517920927584,-27.4220567445283],[153.516779937798,-27.4213377444059],[153.516183927907,-27.420978764342],[153.515809397971,-27.4207922343022],[153.515638947998,-27.4207267642843],[153.514960998109,-27.4204247642125],[153.514499968169,-27.4203417741647],[153.514082008213,-27.420342474122],[153.513620168266,-27.4203105240745],[153.513089018329,-27.4202677940198],[153.512394028396,-27.4203207939491],[153.511844008448,-27.4203727838933],[153.511262048501,-27.4204377938343],[153.510744118548,-27.4205064637818],[153.510618048547,-27.4206207937698],[153.510694038528,-27.4206987837782],[153.511187038486,-27.420618793828],[153.511858018411,-27.4206447838969],[153.512502028344,-27.4206307839626],[153.512945028284,-27.4207367840088],[153.512889038276,-27.4208437940039],[153.512830998278,-27.4208764939982],[153.512080018336,-27.4210497839228],[153.511714028372,-27.4210737838856],[153.510930048448,-27.4211327838058],[153.510159058519,-27.4212147937276],[153.509192058613,-27.4212857936293],[153.508205098725,-27.4212328035279],[153.507104118857,-27.4211188134144],[153.506401128946,-27.4210078133416],[153.505453149062,-27.4208927932438],[153.504605149173,-27.4207378231558],[153.503503169314,-27.4205548230417],[153.50249116945,-27.4203328229365],[153.501320179599,-27.4201448428153],[153.500314199733,-27.4199338527107],[153.499371189854,-27.4197788326131],[153.498750249945,-27.4195838425481],[153.497795230072,-27.4193888524489],[153.496744250208,-27.41920086234],[153.495763280339,-27.418994862238],[153.494947320447,-27.4188288621533],[153.494167900557,-27.418622492072],[153.493706320616,-27.4185448820242],[153.492852330727,-27.4183898719357],[153.49187033087,-27.418093871833],[153.490933341005,-27.417814891735],[153.490054381128,-27.4175869016434],[153.489401401224,-27.417385901575],[153.488768341319,-27.4171728915087],[153.48782540145,-27.4169338914104],[153.486850411595,-27.4166149113082],[153.485850421743,-27.4162909212035],[153.484995451869,-27.416017911114],[153.484083422008,-27.4156929210182],[153.483399452114,-27.4154359209463],[153.483241482128,-27.4154529209303],[153.483172452124,-27.4155439309239],[153.482589482229,-27.4152129208617],[153.48153050242,-27.4146009207487],[153.480174492667,-27.4138039406038],[153.478818552915,-27.4129949604589],[153.478088523064,-27.41244495038],[153.477442543191,-27.4119899603104],[153.476877563309,-27.4115339802491],[153.476237533443,-27.4110279601797],[153.475456543615,-27.4103309800944],[153.474746983768,-27.4097285100171],[153.474105563915,-27.4091159899468],[153.473540544044,-27.4085819898848],[153.472975564186,-27.407939979822],[153.472340574335,-27.4073039897521],[153.472009624434,-27.4068139797145],[153.471685614515,-27.4064490096785],[153.471209984627,-27.4059694696261],[153.47072760475,-27.4054130095724],[153.470174594894,-27.4047490095107],[153.469717615016,-27.4041799994595],[153.469310595132,-27.4036110194134],[153.468878585245,-27.4030880193652],[153.468636595326,-27.4026600293371],[153.468293605408,-27.4023050292992],[153.467778625555,-27.4015840292409],[153.467226965705,-27.400874499179],[153.46675607584,-27.4002094791256],[153.466317635971,-27.3995510490756],[153.465935626081,-27.3990100490323],[153.465503616203,-27.3984190489835],[153.465020606348,-27.3976920389285],[153.464543626469,-27.3971410488754],[153.46389662662,-27.3964990588043],[153.463261636773,-27.3958350587342],[153.462811626887,-27.3953170586841],[153.462194667063,-27.3944610686143],[153.461165667354,-27.3930420784981],[153.460669667484,-27.3924400684426],[153.460409677543,-27.3921980684142],[153.46030765759,-27.3919160784015],[153.459913677685,-27.391499088358],[153.459216637844,-27.3908360782816],[153.45837264804,-27.3900090981889],[153.45735170825,-27.3892220880784],[153.456647698387,-27.3887330980027],[153.45630791845,-27.3885303879664],[153.455843708531,-27.388278087917],[153.454805868679,-27.3879874678088],[153.453926728785,-27.3878941177183],[153.453276738829,-27.3880881076536],[153.452613788861,-27.3883891075883],[153.451717788903,-27.3888101075002],[153.450821818935,-27.3893041274127],[153.45002078896,-27.3897691273346],[153.449572828974,-27.390036117291],[153.449558849007,-27.3897931272877],[153.449905819015,-27.3894371273202],[153.449961809035,-27.3892391273244],[153.449632799066,-27.389268127291],[153.449241849083,-27.3894611272527],[153.448603829105,-27.3898191371904],[153.447795829149,-27.3901491371106],[153.447006879204,-27.3903711570318],[153.446204859255,-27.3906441469522],[153.44535287931,-27.3909231368675],[153.444474949371,-27.3911795167799],[153.444033699398,-27.3913319167361],[153.443709539418,-27.3914434167039],[153.443596899425,-27.3914821566927],[153.442718889491,-27.3916984366049],[153.441758939552,-27.3920181765095],[153.440931959602,-27.3923201664275],[153.440054909637,-27.3927734963416],[153.439843419638,-27.3929414863214]]],[[[153.380846406659,-27.6215579421187],[153.380694416678,-27.6215379421031],[153.380293466699,-27.6217109320636],[153.379964456728,-27.6217629320305],[153.379665956767,-27.6217114519997],[153.379385456804,-27.6216559519708],[153.379035456851,-27.6215849619346],[153.37868045689,-27.6215809518984],[153.378281006933,-27.6215824718578],[153.377839467001,-27.6214229618116],[153.377829937019,-27.6212874518095],[153.378111467002,-27.6211799618373],[153.378177457016,-27.6210209518428],[153.377886477043,-27.6210549618135],[153.377597027066,-27.6211174317845],[153.377115487115,-27.6211389717357],[153.376627487169,-27.6211269816859],[153.376062497236,-27.6210819716281],[153.375368997313,-27.6210655015574],[153.375006117344,-27.6211244615209],[153.374684547361,-27.6212619714893],[153.374664077356,-27.6213194914876],[153.374236547354,-27.6216899714471],[153.374195047347,-27.6217865014436],[153.374081317343,-27.621908441433],[153.373959547339,-27.6220389714216],[153.373768587318,-27.6223689814048],[153.373769567285,-27.6226199814069],[153.373856587226,-27.6230069914188],[153.373966557164,-27.6234009814331],[153.374018567134,-27.6235949714399],[153.374014557088,-27.6239569814424],[153.374054557036,-27.6243229814493],[153.374025836988,-27.6247234714496],[153.373913556941,-27.6251869714418],[153.373801906909,-27.6255254614331],[153.373588566888,-27.6258719714141],[153.373330586871,-27.6262169813906],[153.373148596847,-27.6265569713748],[153.373029606825,-27.6268329913649],[153.372974596782,-27.6272120013623],[153.372957586733,-27.6276129913637],[153.372902586697,-27.6279399913607],[153.372878606667,-27.6281940013602],[153.372919596594,-27.6287249813686],[153.372828086537,-27.6292494813634],[153.372810826481,-27.6296955113652],[153.372901596437,-27.6299659813766],[153.372889626425,-27.6300679713762],[153.372712636418,-27.6302719713598],[153.372625036406,-27.6304354913521],[153.372467616407,-27.6305659713372],[153.372442606387,-27.630740981336],[153.372616966351,-27.6308704813548],[153.372845976328,-27.630857481378],[153.37302062631,-27.6308569813957],[153.37335664626,-27.6309629814308],[153.373685586231,-27.6309099814638],[153.374192606188,-27.6308229815147],[153.374578586148,-27.6308099515539],[153.374850586136,-27.6306739615805],[153.37514656614,-27.6303899716084],[153.375481566128,-27.630207961641],[153.375696586102,-27.6302299616631],[153.376062566049,-27.6303329717011],[153.376090566045,-27.630339961704],[153.376446545974,-27.6305929717422],[153.376652005925,-27.6308037717648],[153.376995545842,-27.6311599518026],[153.377375545781,-27.6313159518425],[153.377865565688,-27.6316359418949],[153.378266545612,-27.6318879519377],[153.378639505583,-27.631800941975],[153.379018525583,-27.631483942011],[153.3793835256,-27.6310469420447],[153.379647525611,-27.6307359320691],[153.379975475622,-27.6303789420997],[153.380333505637,-27.6299539421328],[153.380649485638,-27.6296809321628],[153.380996495616,-27.6295609221972],[153.381376495592,-27.6294349222348],[153.381673455576,-27.629303922264],[153.381920965562,-27.6292064622884],[153.38225545555,-27.6290249223211],[153.382443465561,-27.6287749223382],[153.382663445578,-27.6284579223581],[153.382871465588,-27.6282089323773],[153.383129845588,-27.6279875024019],[153.383369435585,-27.6278119224249],[153.383724435554,-27.6277589124606],[153.384168455495,-27.6278419225064],[153.384580425429,-27.6280089225497],[153.384771435409,-27.6280079125691],[153.385017445397,-27.6278939125933],[153.385251375371,-27.6278989026171],[153.385588415313,-27.6280669026527],[153.385937385268,-27.6281269026887],[153.386190405255,-27.6280129027136],[153.38621537527,-27.6278769127151],[153.386143395313,-27.6276009127056],[153.385928405344,-27.6275399126832],[153.385831395375,-27.6273819026721],[153.385792415408,-27.6271569026663],[153.385881395402,-27.6271339126752],[153.386103395382,-27.6270989126975],[153.386191395386,-27.6269969027057],[153.386189385411,-27.6267988927039],[153.386031375429,-27.6267949026878],[153.385873405433,-27.6268969126725],[153.385790405455,-27.6267959026633],[153.385751385478,-27.6266489026581],[153.385549065505,-27.6266105126372],[153.385370145554,-27.6263734526172],[153.38536930557,-27.6262486526161],[153.385368395588,-27.6261149326149],[153.38546139562,-27.6257869226218],[153.3856033757,-27.6250419326304],[153.385588415747,-27.6246859226261],[153.385707365779,-27.6243359126354],[153.38567937583,-27.6239629226296],[153.38557640589,-27.6235799126161],[153.385684045902,-27.6234004626256],[153.385852385905,-27.6232369226415],[153.385939065904,-27.6231662926497],[153.386108135904,-27.6230285026659],[153.38631034591,-27.6228099226847],[153.386540365908,-27.6226359127068],[153.386833355902,-27.622437922735],[153.387149375898,-27.6221989227653],[153.387520065882,-27.6220164628016],[153.387909335852,-27.6219179328405],[153.388239335816,-27.6219229028741],[153.388474325789,-27.6219399128982],[153.388539325804,-27.6217699129034],[153.388571925816,-27.6216413929057],[153.388591305824,-27.6215649129071],[153.388717045819,-27.6214994929194],[153.388921335814,-27.6213659129391],[153.388961305834,-27.6211789129417],[153.388989955845,-27.6210655029437],[153.389200305849,-27.6208579029635],[153.389482085835,-27.6207335029912],[153.389720025827,-27.6205975130144],[153.39001330581,-27.6204799030433],[153.39030330579,-27.6203939030722],[153.39047828578,-27.6203289130895],[153.390468825797,-27.6202044830875],[153.390349285808,-27.6202128930754],[153.390296035823,-27.6201454430695],[153.390400315831,-27.6199969130789],[153.390378305848,-27.6198788930757],[153.390195915866,-27.6198934330573],[153.390027105868,-27.6200154830411],[153.389849965886,-27.6200305030231],[153.389565925912,-27.6200594929945],[153.389486285903,-27.6201969129874],[153.389227275927,-27.6202308929613],[153.389141835925,-27.6203164429533],[153.3892030859,-27.6204625129607],[153.389192965885,-27.6205864529606],[153.388992325897,-27.6206649029408],[153.388776325922,-27.6206469029187],[153.388478335984,-27.6204159128865],[153.388175316043,-27.620207922854],[153.387961056095,-27.6199855128305],[153.387678116143,-27.6198444828006],[153.387560036177,-27.6196834827873],[153.387651316179,-27.6195859327958],[153.387751916178,-27.6195154428055],[153.387661316196,-27.6194499227957],[153.387400346226,-27.619432912769],[153.386988006277,-27.6193794527266],[153.386577346343,-27.6192129126835],[153.386153836415,-27.6190074926388],[153.385849356479,-27.6187599426058],[153.385730326517,-27.6185709325922],[153.385571036573,-27.6182684925736],[153.385576336607,-27.617997932572],[153.385694336634,-27.6176849225816],[153.385638346667,-27.6174769325742],[153.385425326707,-27.6173409225515],[153.385189326742,-27.6172669225268],[153.385076026784,-27.6170364825135],[153.384811366833,-27.6168739424853],[153.384654816874,-27.6166894424679],[153.384554366912,-27.616477952456],[153.384474106945,-27.6162875124463],[153.384386976946,-27.6163515024379],[153.38425809694,-27.616506472426],[153.384155126926,-27.6167005024171],[153.384053366906,-27.6169399524086],[153.383881926896,-27.6171634623929],[153.383609016897,-27.617389462367],[153.383415346904,-27.6174959523481],[153.383333366938,-27.6172999423382],[153.383506346942,-27.6171209323544],[153.383597156956,-27.6169324423621],[153.383520107001,-27.616646522352],[153.383418347042,-27.6164169323399],[153.383360997085,-27.6161294623318],[153.38321434713,-27.615901932315],[153.383048377156,-27.6158379422976],[153.382931357151,-27.6159759322868],[153.38295836711,-27.6162739522919],[153.383025127059,-27.6166115023014],[153.383106377018,-27.6168639323116],[153.383133096983,-27.6171174723164],[153.383084366975,-27.6172149323122],[153.382877416986,-27.6173089522919],[153.382783386961,-27.6175769422844],[153.382752396928,-27.6178649522835],[153.382752946898,-27.6180964922854],[153.382746126871,-27.6183105222864],[153.382668416853,-27.6185219422801],[153.38243795686,-27.6186564922578],[153.382512416826,-27.618863952267],[153.382669036793,-27.6189894922839],[153.382744406751,-27.6192479322936],[153.382852406708,-27.6194949423066],[153.383026406644,-27.6198469423271],[153.38318638659,-27.6201369123456],[153.383206896547,-27.6204525223502],[153.383151386513,-27.620764932347],[153.382873396507,-27.621046952321],[153.382431086521,-27.621309502278],[153.382149416532,-27.6214569622505],[153.381788436568,-27.6214759622139],[153.381616446565,-27.6216489621978],[153.381446866576,-27.6217024421809],[153.381218966628,-27.621487522156],[153.381046896651,-27.6214574621383],[153.380846406659,-27.6215579421187]]],[[[153.384100829863,-27.5158101816142],[153.38395482985,-27.5160331816011],[153.383852849831,-27.5162671815926],[153.383718819823,-27.5164451715804],[153.383661849795,-27.5167111815767],[153.383645019758,-27.5170155315773],[153.383665939717,-27.5173145115819],[153.383763829689,-27.5174534615929],[153.383951879679,-27.5173711716114],[153.384088819677,-27.5172721816246],[153.384363849662,-27.5171591616517],[153.384403859678,-27.5170001516545],[153.384523829697,-27.5167501616647],[153.384569819716,-27.516568161668],[153.384751849705,-27.5164961616859],[153.384838829704,-27.5164321716943],[153.384903829723,-27.5162341616993],[153.385018809733,-27.5160561517096],[153.38506282976,-27.5158071617121],[153.385030819795,-27.5155591717069],[153.384954819837,-27.5153011716971],[153.384955849865,-27.5150801716955],[153.384937809889,-27.5149061616923],[153.384897119909,-27.5147824516871],[153.384737979929,-27.5147624716708],[153.384530989942,-27.5148295116502],[153.384355859948,-27.5149291716332],[153.384285819932,-27.5151171916276],[153.384321839903,-27.5153091816328],[153.384281839886,-27.51547818163],[153.384100829863,-27.5158101816142]]],[[[153.380255025612,-27.7080991227414],[153.380629105547,-27.708296632781],[153.381290085446,-27.7085246228501],[153.381855075368,-27.7086576229087],[153.382395095296,-27.7087566329644],[153.382744065236,-27.7089296130013],[153.383405115133,-27.7091806130706],[153.384104055036,-27.709346613143],[153.384586074978,-27.7093946031925],[153.384922054951,-27.7093146132261],[153.385376044943,-27.7089956032697],[153.385837044947,-27.7085815833134],[153.386221024968,-27.7080945933487],[153.386605034992,-27.7075795933837],[153.386938974999,-27.707244593415],[153.387222985007,-27.7069495934416],[153.387487975004,-27.706745593467],[153.387935974994,-27.7064445935102],[153.388346994979,-27.7062165835503],[153.388795944955,-27.7060275935945],[153.389055094952,-27.7058294936193],[153.389136094984,-27.7055125136251],[153.389152955025,-27.7051795836242],[153.389367945017,-27.7050665836452],[153.389696984994,-27.7049626036778],[153.389961944985,-27.7048095837036],[153.390150935001,-27.7045315837207],[153.390358915001,-27.7043555937405],[153.390420925027,-27.7040965937447],[153.390456955065,-27.7037745837459],[153.390530945122,-27.7032715837494],[153.390738915128,-27.7030445937688],[153.390926895143,-27.7027725837858],[153.390912915176,-27.7025245937824],[153.39063989522,-27.7024135937538],[153.390776915264,-27.7019555937641],[153.390957915302,-27.701508593779],[153.391151875342,-27.701033583795],[153.391357885393,-27.7004686138115],[153.391555675416,-27.7001214638289],[153.391602875421,-27.7000386038331],[153.39187184546,-27.6995126138563],[153.392192895492,-27.6989916138849],[153.392532895508,-27.6985836139163],[153.392726815527,-27.6982726139336],[153.392934105571,-27.6977574739506],[153.39317883558,-27.6974746139733],[153.393256505589,-27.6973429339802],[153.393398815605,-27.6971016139928],[153.393714835608,-27.6968116140227],[153.394067795608,-27.6965166140563],[153.394143785595,-27.6965495940643],[153.394221095577,-27.6966234840727],[153.394366795548,-27.6967296040884],[153.394740925519,-27.6966434641258],[153.394874115493,-27.6967324641401],[153.395027855446,-27.6969634941576],[153.395826795352,-27.6970275942394],[153.396245815292,-27.697138594283],[153.396848795214,-27.6972365743452],[153.397292785178,-27.6971495643897],[153.397499995187,-27.6969064444089],[153.397585775247,-27.6963635744133],[153.397614755308,-27.6958675744124],[153.39746678538,-27.6954275743938],[153.397107765501,-27.6947915943523],[153.39662914562,-27.6942635142993],[153.39627074573,-27.6937125842585],[153.39600079584,-27.693081604226],[153.395680795951,-27.6924906041888],[153.39543077602,-27.6921646141608],[153.395121766034,-27.6923136141305],[153.395101766056,-27.6921546041272],[153.395245796066,-27.6919626141403],[153.395061756108,-27.6917886041202],[153.394944776176,-27.6913596241049],[153.394858746261,-27.6907676240915],[153.394791736344,-27.69018163408],[153.39454174645,-27.6895616240497],[153.394354716532,-27.6890826240269],[153.39429573659,-27.6886826340177],[153.394217846632,-27.6884234840077],[153.393960736737,-27.6878206439768],[153.393734726847,-27.6871506539485],[153.393553726951,-27.6864916439248],[153.393461747042,-27.6858656439105],[153.393437107083,-27.6855633739057],[153.393420757111,-27.6853626439024],[153.393291917164,-27.6850584838869],[153.393241907163,-27.6851095138822],[153.393132737187,-27.6850146638703],[153.393111707244,-27.6845856638648],[153.393147697281,-27.684269663866],[153.393165697308,-27.684043663866],[153.393200737358,-27.6836266638663],[153.393217707417,-27.6831516738643],[153.393258697484,-27.6825986738641],[153.393274717557,-27.6820116638611],[153.393170697604,-27.6817356638483],[153.393200737644,-27.6814026638488],[153.39336268769,-27.6809056638613],[153.393455647729,-27.6805266738678],[153.393397687759,-27.6803406738604],[153.393375207788,-27.6801278638565],[153.393357687805,-27.6800136838538],[153.393354657884,-27.6794046838487],[153.393325677951,-27.6789076838418],[153.393260708006,-27.6785296838322],[153.393106678065,-27.6782036838139],[153.393168688091,-27.6779496738183],[153.393083678148,-27.6775716838066],[153.393024698208,-27.6771596937973],[153.393067658237,-27.6768946737996],[153.39312364825,-27.6767476738042],[153.393191648265,-27.6765726838097],[153.393336958289,-27.6762664738221],[153.393480658312,-27.6759666838344],[153.393427618359,-27.6756396938264],[153.393254648419,-27.6753196938062],[153.39313266847,-27.6750266937915],[153.393174638519,-27.6746087037925],[153.39333187854,-27.6743144638062],[153.393513648568,-27.6739467038218],[153.393613658589,-27.67369771383],[153.393618628618,-27.6734667038287],[153.393584648666,-27.6731226938225],[153.393404658734,-27.6727447038012],[153.393129638818,-27.6723177037698],[153.393095618873,-27.6719227137633],[153.393011628932,-27.6715337137516],[153.392777849084,-27.67054751372],[153.392698609149,-27.6701077337085],[153.392715619192,-27.6697577237075],[153.392769929251,-27.669249443709],[153.392798619301,-27.6688377237087],[153.392772629326,-27.6686687237047],[153.392426609461,-27.6679087236634],[153.392203589495,-27.6678297136401],[153.391683619562,-27.6677477435865],[153.391233639618,-27.6676887435402],[153.390858639679,-27.6675267435008],[153.390729649728,-27.6672507334855],[153.390626649792,-27.6668447334718],[153.390623619845,-27.6664327434682],[153.390607599918,-27.6658737434622],[153.390791589899,-27.6658737434809],[153.390812619855,-27.6661947434856],[153.3908465998,-27.6665947434922],[153.390938649722,-27.6671247335058],[153.390965659675,-27.6674697435112],[153.391213639639,-27.667541743537],[153.391720879571,-27.6676464535895],[153.392253639498,-27.6677617236447],[153.392622609447,-27.6678507336829],[153.392641049455,-27.6677714536842],[153.392569619501,-27.6674727236746],[153.392490589565,-27.6670447236631],[153.39234962962,-27.6667347336463],[153.392297619655,-27.6665037436392],[153.392327589687,-27.6662267436401],[153.392135999765,-27.6657875036171],[153.392075589817,-27.6654267336081],[153.391902619892,-27.6649877435871],[153.391639889976,-27.6645594535569],[153.391504620046,-27.6641257335397],[153.391476620096,-27.663759733534],[153.391507610112,-27.663612733536],[153.391508710115,-27.6635834135359],[153.391513640131,-27.6634547635353],[153.391328620161,-27.6633767635159],[153.391004640209,-27.6632767534821],[153.390629600275,-27.6630807634424],[153.390533610321,-27.6628047634304],[153.390341620384,-27.6624727634083],[153.390397900398,-27.6623144934127],[153.390517620401,-27.662194763424],[153.390465610429,-27.6620207534173],[153.39045922043,-27.6620154934166],[153.390204640484,-27.6618067633891],[153.389815620575,-27.6614257733464],[153.389591620647,-27.6610537733207],[153.38946361069,-27.6608287733059],[153.389304650752,-27.6604756332869],[153.389296620755,-27.660457773286],[153.38907379082,-27.6601425232608],[153.38912861084,-27.6599387832648],[153.388994620892,-27.6596457732488],[153.388772450955,-27.6593460732238],[153.38871960097,-27.6592747732179],[153.388483081048,-27.6588645231906],[153.388322621104,-27.6585658031719],[153.388314921135,-27.6583284831692],[153.388370001175,-27.657972453172],[153.388520641177,-27.6578258031862],[153.388475591209,-27.65761679318],[153.388317111239,-27.657516503163],[153.388264621265,-27.6573587831564],[153.388466871275,-27.657108443175],[153.388819571275,-27.6568137932086],[153.38928060127,-27.6564617932528],[153.389639581275,-27.6561218032867],[153.389712731281,-27.6560174632933],[153.389897561295,-27.65575380331],[153.389984581325,-27.6554427933164],[153.389970561356,-27.6552168033132],[153.39010353134,-27.6552277933268],[153.390161571314,-27.6553797833339],[153.390237561301,-27.655418803342],[153.390617561274,-27.6553097833798],[153.39112955123,-27.6552227734313],[153.391687521182,-27.6551297734873],[153.392142531161,-27.6549077735319],[153.392800521122,-27.654661783597],[153.393501831083,-27.6543764936661],[153.39391946106,-27.6541997637073],[153.394318481025,-27.6541407537474],[153.394505101012,-27.654081603766],[153.394735890997,-27.6540084937889],[153.39524149097,-27.6537917638387],[153.395874440923,-27.6536257639018],[153.396309440909,-27.6533697639441],[153.396802450904,-27.6529947539914],[153.39717347092,-27.6525637340257],[153.397430430955,-27.652071744048],[153.397510401009,-27.6515857540523],[153.397499091045,-27.651312764049],[153.397488431079,-27.6510557640459],[153.397447401149,-27.6505477540377],[153.397533431205,-27.6500397640425],[153.397752431244,-27.6495527540609],[153.398048411249,-27.6492637640888],[153.398320411237,-27.6491327641155],[153.398560401215,-27.6490977641396],[153.398788411191,-27.6490967641629],[153.399000551167,-27.6491029241845],[153.399131371152,-27.6491067341979],[153.399384391134,-27.6490377442231],[153.399726391103,-27.6489907342575],[153.400251331056,-27.6489147443104],[153.400499351025,-27.6489477443359],[153.400714371017,-27.6488337443569],[153.400896361026,-27.6486127443737],[153.401021371055,-27.6482787443838],[153.401330351058,-27.6479947344131],[153.401658341051,-27.6477787444448],[153.402068341041,-27.6475067444844],[153.402327311038,-27.6473187445093],[153.402668841027,-27.6471134845424],[153.402611971045,-27.6470234845359],[153.40249207105,-27.6470864945242],[153.402452361059,-27.6470467445199],[153.402489331079,-27.6468607445222],[153.402640331094,-27.6466177445356],[153.40277834112,-27.6462947345471],[153.40300431114,-27.6459497445674],[153.40319929115,-27.6457117445854],[153.403476291165,-27.6453607446109],[153.403626311187,-27.6450667446238],[153.4038523112,-27.6447777346446],[153.404136321198,-27.6445507246717],[153.404363241201,-27.6443407246932],[153.404368281232,-27.6440917146917],[153.404428281289,-27.6435947346939],[153.404522131305,-27.6433964847019],[153.40478128131,-27.6431367447262],[153.40515328131,-27.6428237247617],[153.405352211312,-27.6426411847805],[153.405468241313,-27.6425347247915],[153.405834231302,-27.642318714827],[153.406125241277,-27.6422667248563],[153.406512251237,-27.6422537248956],[153.406961241195,-27.642205714941],[153.407475231141,-27.6421917349932],[153.407874211106,-27.6421337150334],[153.408235201058,-27.6421997050707],[153.408539171034,-27.6421296951012],[153.409026190998,-27.6420036951498],[153.409476200962,-27.6419057051948],[153.409831160921,-27.6419266952312],[153.409952190897,-27.6420157052442],[153.41009316084,-27.6423366952611],[153.410214150809,-27.6424826952746],[153.410223240807,-27.6424862352756],[153.410386180781,-27.6425497052927],[153.410622150711,-27.6428986853194],[153.410833160644,-27.6432416753437],[153.411082160594,-27.6434266753705],[153.411246160581,-27.6433866853869],[153.411682150561,-27.6431756954297],[153.412068170534,-27.6430666854681],[153.412480150501,-27.6429736855094],[153.41287114048,-27.6428136855479],[153.413453130443,-27.6426136756057],[153.413896130416,-27.6424476756495],[153.414464980374,-27.6422975157063],[153.414940100333,-27.6422166657541],[153.415497090287,-27.64210651581],[153.415845080262,-27.6420146658447],[153.415952140277,-27.641805465854],[153.415919070312,-27.6415636758487],[153.415689080361,-27.6413726658237],[153.415378060404,-27.6413006557915],[153.415036100433,-27.6413586757571],[153.414732120477,-27.6412756857255],[153.414604120513,-27.641101695711],[153.414444100563,-27.6408486856927],[153.414164110608,-27.6407306956633],[153.413670080672,-27.6406436856122],[153.41326413072,-27.6406166755707],[153.412712140792,-27.6405176855136],[153.412218110851,-27.6404696754629],[153.411856030897,-27.6404145254256],[153.411355110973,-27.6402487153732],[153.411113151005,-27.6401987053482],[153.410998981017,-27.6402051053366],[153.410885131028,-27.640211495325],[153.410619161057,-27.6402066952979],[153.410106151117,-27.6401757152454],[153.409997161146,-27.6400347052332],[153.409749181188,-27.639917715207],[153.409425171238,-27.639800715173],[153.409126161309,-27.6394977251402],[153.408865191355,-27.6393577151125],[153.408363171427,-27.6392197250602],[153.407951191488,-27.6390917250173],[153.407682921545,-27.6388775149882],[153.407321201622,-27.638575734949],[153.406882181697,-27.6383637449026],[153.406443191777,-27.6381117348559],[153.405941211866,-27.6378377348026],[153.405395171945,-27.6376767347457],[153.404906952003,-27.6376335346956],[153.404450222057,-27.6376017546488],[153.404120262115,-27.6374287546138],[153.403726242176,-27.6372837545726],[153.403365222209,-27.6373247545361],[153.403150242218,-27.6374387645151],[153.402973252232,-27.6374737644973],[153.402795202267,-27.6373507644782],[153.402756262296,-27.6371587544728],[153.402621242351,-27.6368437644565],[153.402524232396,-27.6365787744445],[153.402629242452,-27.6360537844511],[153.403008252447,-27.6357747844875],[153.403316242465,-27.6353787745158],[153.403592982461,-27.6351734545423],[153.403896222452,-27.6349917545718],[153.404148802453,-27.6347704345958],[153.404128222488,-27.6345167645917],[153.403575172586,-27.6342147745329],[153.403195202634,-27.6341597744938],[153.402871192669,-27.6341617644608],[153.402516962697,-27.6342425044254],[153.402119222721,-27.634385784386],[153.401917232725,-27.6345217743665],[153.401703232716,-27.6347767843467],[153.401386892718,-27.6350204643164],[153.401078242717,-27.6352937842871],[153.400826252711,-27.6355487642635],[153.400771242678,-27.6358537742603],[153.400975242643,-27.6359547742818],[153.401102262605,-27.6361457842963],[153.401319252566,-27.6362627743193],[153.401503252534,-27.6363577743388],[153.401720282473,-27.6366507743632],[153.401461272475,-27.6368547743385],[153.401285272462,-27.6371037843225],[153.401148282429,-27.6374717643114],[153.401245262378,-27.6377867643238],[153.40150628233,-27.6379437743516],[153.401962272281,-27.6379467743981],[153.402311252241,-27.6379627544338],[153.402601242225,-27.6378427544624],[153.402729252185,-27.6380507644771],[153.402965222142,-27.6381847645021],[153.403069242072,-27.6386417645163],[153.403247032029,-27.6388264645359],[153.403248242009,-27.6389797645373],[153.403212291965,-27.6393577545366],[153.403095271923,-27.639781754528],[153.402907261881,-27.6402617545127],[153.40292806184,-27.6405664445172],[153.402951241817,-27.6407283045208],[153.403000041768,-27.6410684645285],[153.403091111723,-27.6413384745399],[153.40335226167,-27.641534734568],[153.403423261635,-27.6417487445769],[153.403355261612,-27.6419867345719],[153.403178271615,-27.6421057445548],[153.4030209516,-27.6423544745407],[153.402984311564,-27.6426657345395],[153.402695301558,-27.6429607345124],[153.402411841553,-27.6432374644857],[153.401951031564,-27.6435334844411],[153.401623081576,-27.6437164444091],[153.401471861565,-27.6439314543954],[153.401440321539,-27.644157764394],[153.401499931497,-27.6444334644022],[153.401361331482,-27.6446657343899],[153.401239901488,-27.644726264378],[153.401064331495,-27.6448137543609],[153.400590311522,-27.6450077643141],[153.39998397156,-27.645219444254],[153.399420961604,-27.6453465141977],[153.398660371669,-27.6454797541213],[153.397881351742,-27.6455627840426],[153.397323381799,-27.645593763986],[153.396765951865,-27.6455455239288],[153.396328391923,-27.6454627738836],[153.395820422001,-27.6452797638304],[153.395483382047,-27.6452077837956],[153.395122432076,-27.6452828037594],[153.394964422087,-27.6453287937437],[153.394856162123,-27.6451424937312],[153.394937442133,-27.6449957937383],[153.394746402173,-27.6448388037176],[153.39452343222,-27.6446647936935],[153.394274422286,-27.6443617936658],[153.39405243232,-27.6442777936425],[153.393957422324,-27.6443287936332],[153.393830442336,-27.6443408036204],[153.393852082308,-27.6445434536242],[153.393731412307,-27.6446518036128],[153.393483392338,-27.6446197935872],[153.39342043236,-27.6445007835799],[153.393291402413,-27.6441967935644],[153.393316442419,-27.6441287935664],[153.393177122452,-27.6439885235511],[153.39279511253,-27.6437024935099],[153.392417412627,-27.643258813468],[153.392206402695,-27.6429098034437],[153.391919412766,-27.642594803412],[153.39148641286,-27.6422308233651],[153.391206822929,-27.6419265333342],[153.390869153017,-27.6415274632966],[153.390835433046,-27.6413248332916],[153.39058847306,-27.6414278232673],[153.390347463085,-27.6414288232428],[153.389955453104,-27.6416168232043],[153.389609473091,-27.6420028231721],[153.389408463064,-27.6423818331547],[153.389397803045,-27.6425395131548],[153.389334443032,-27.6426928331496],[153.389330502984,-27.6430708331522],[153.389416492901,-27.6436458331655],[153.389386492862,-27.643978833165],[153.389508512821,-27.6441928331792],[153.389758502715,-27.6448068332095],[153.38993848264,-27.6452398232312],[153.389958482616,-27.6454098032346],[153.389771492564,-27.64597481322],[153.389495042561,-27.6462295231939],[153.389272502578,-27.6462878331717],[153.389025502609,-27.6462488331462],[153.388670502637,-27.6463298231107],[153.388183522669,-27.6464898330624],[153.387880532696,-27.6465368230319],[153.387696542696,-27.6466848230143],[153.38720452272,-27.6469178329661],[153.386855832746,-27.6470017429313],[153.386748962755,-27.6470274629206],[153.386431522795,-27.6469838428879],[153.386069552833,-27.6469908528511],[153.385689552866,-27.6470498428129],[153.385157562932,-27.6469838527582],[153.384567573008,-27.6468858426974],[153.384029133078,-27.6467914726419],[153.383686063125,-27.6467145126063],[153.383341583191,-27.6464908725695],[153.382980083268,-27.6461984625304],[153.382857593312,-27.645956862516],[153.382635563351,-27.6458398724925],[153.382305603388,-27.6458238724588],[153.382239573395,-27.6458288324521],[153.381906943428,-27.6458534924184],[153.381653123461,-27.6458094723923],[153.381208633518,-27.6457388823465],[153.380835603549,-27.645808882309],[153.380461913577,-27.6459055122718],[153.379956093621,-27.6459875022209],[153.37941064367,-27.646063892166],[153.379138643687,-27.6461548921391],[153.379006073704,-27.6461334821254],[153.378889963724,-27.6460791521132],[153.378814633737,-27.6460438921052],[153.378478653778,-27.6459998820707],[153.378060653815,-27.6460649020286],[153.377584653869,-27.64604391198],[153.377332033903,-27.6459945119539],[153.376938673932,-27.6460979119147],[153.376709823949,-27.6461556318919],[153.376597693958,-27.6461839018807],[153.376446693947,-27.646393911867],[153.376269673947,-27.6465409118501],[153.376131083963,-27.646535511836],[153.376041103993,-27.6463784618256],[153.375981684032,-27.6461189118175],[153.375703664067,-27.6460809117889],[153.375233694129,-27.6459929217404],[153.374840844179,-27.6459384617],[153.374402694237,-27.6458499216547],[153.373832854298,-27.6458525115967],[153.373427124337,-27.6458885115558],[153.373110704358,-27.6459919215244],[153.372972074373,-27.6459974915103],[153.372793704404,-27.6459029214914],[153.372469764447,-27.645842921458],[153.37176104452,-27.6458674413861],[153.370956764584,-27.6460469413056],[153.370475734611,-27.6462349412582],[153.370033794631,-27.6464519412149],[153.36977376465,-27.6465269411891],[153.369363764656,-27.6468219411497],[153.368915764652,-27.6472299411074],[153.368417824648,-27.6476779410602],[153.368293614645,-27.6478084210486],[153.367963804636,-27.6481549410178],[153.367573804613,-27.6486639509821],[153.367164854581,-27.6492529509452],[153.366945854557,-27.6496269509259],[153.366695134522,-27.6501064309041],[153.3663868545,-27.6505439608762],[153.366083834485,-27.6509119608483],[153.365803404468,-27.6512792008227],[153.365781834467,-27.6513074908207],[153.365549984436,-27.6517434408006],[153.36500387437,-27.6527169507527],[153.364974854326,-27.6530839507527],[153.365159874265,-27.653404950774],[153.365185784257,-27.653446330777],[153.365402854189,-27.6537929508018],[153.365481914125,-27.6542209408132],[153.365484834055,-27.6547684308178],[153.365453914027,-27.6550119508166],[153.365417923981,-27.655400950816],[153.365495893928,-27.6557499308267],[153.365574913857,-27.6562349508386],[153.365581953846,-27.6563171408399],[153.365608933803,-27.6566299408451],[153.365589363773,-27.6568815008451],[153.365572903747,-27.6570929408451],[153.365479903714,-27.6574319308383],[153.365271893711,-27.6576309408188],[153.365284923694,-27.657748930821],[153.365463883647,-27.6579629208409],[153.365419313641,-27.6580485008371],[153.365363903633,-27.6581549108323],[153.365364963607,-27.658357910834],[153.365467933556,-27.6586679208469],[153.365507863508,-27.6590114808537],[153.365681603462,-27.659220310873],[153.365745803399,-27.659659500883],[153.365709923343,-27.660128920883],[153.365742703316,-27.6603082008878],[153.365775923289,-27.6604899308926],[153.36589191322,-27.6609349309079],[153.365926923155,-27.6614089109152],[153.36592896309,-27.6619169309194],[153.365937033082,-27.6619725209207],[153.365995943023,-27.6623789109299],[153.365986922934,-27.6630839109345],[153.365965062849,-27.6637664609377],[153.365847972783,-27.6643769109306],[153.365762962701,-27.6650889009276],[153.365728982621,-27.6657379009292],[153.365706972535,-27.6664269109324],[153.36570996246,-27.6670079009373],[153.365777962358,-27.6677469009501],[153.365775992263,-27.6684918809557],[153.365778982177,-27.6691578809613],[153.365815012081,-27.6698738909706],[153.366059011969,-27.6705448810007],[153.366397981861,-27.6711018810396],[153.366909021734,-27.671657861096],[153.36737400163,-27.6720788611466],[153.367766991578,-27.6721498711871],[153.36828598153,-27.6720858612394],[153.368899951489,-27.6718908713004],[153.369501001458,-27.6716288713594],[153.370125951448,-27.6711798414195],[153.370592931454,-27.6707378514635],[153.370888941462,-27.6704258514911],[153.371216931466,-27.6701198415221],[153.371474921475,-27.6698368515461],[153.371738881507,-27.6693668415693],[153.371888861535,-27.6690214615818],[153.372210901534,-27.6687548416125],[153.372487901533,-27.6685278416389],[153.372797861515,-27.6684138516695],[153.373476871435,-27.668466851739],[153.374142991329,-27.6687289918089],[153.374156861327,-27.6687344518103],[153.374785871219,-27.6690478218768],[153.375352901091,-27.6695638319386],[153.375824840981,-27.6700248319902],[153.376250980887,-27.6704004520365],[153.376761100788,-27.6707424420912],[153.377109860724,-27.6709438121282],[153.377337330651,-27.6713212221544],[153.377455840613,-27.671517812168],[153.37782084049,-27.6721708122103],[153.378033860385,-27.672807802237],[153.378163830288,-27.6734558022553],[153.378304830224,-27.6738387922727],[153.378370820175,-27.6741598022819],[153.378619060114,-27.6744244423093],[153.378638840087,-27.6746218023129],[153.378526900065,-27.6748875023036],[153.37842087004,-27.675169792295],[153.37834683999,-27.675621802291],[153.37812783995,-27.6761197822727],[153.378053859901,-27.6765597922686],[153.377908879899,-27.676701792255],[153.377973889853,-27.677000792264],[153.377810879841,-27.6772328022492],[153.377621879837,-27.6774257922315],[153.37754486986,-27.6773078022227],[153.377476059866,-27.6773245022158],[153.377419849833,-27.6776237922125],[153.377192899833,-27.6778167921909],[153.376775879845,-27.6780727921505],[153.37616289987,-27.6783978020907],[153.375663839882,-27.6787214920425],[153.375196929889,-27.6790618019976],[153.37477491987,-27.6795607819586],[153.374264139865,-27.6800314419104],[153.373764959866,-27.6804398118628],[153.373661809849,-27.680661241854],[153.37355194983,-27.6809038118448],[153.373276989784,-27.6814918118214],[153.373201989762,-27.6817238018156],[153.373190959712,-27.6821247918177],[153.373194979707,-27.6821594818184],[153.373258959619,-27.6827897918298],[153.373344989519,-27.6834947918442],[153.373576989402,-27.6842167918735],[153.373783939286,-27.6849437819002],[153.373742989219,-27.6855028019005],[153.373629989197,-27.6857677918911],[153.373415979203,-27.6858987918703],[153.373308999183,-27.6861478018614],[153.373253959147,-27.6864744518584],[153.373102009146,-27.686605791844],[153.373075989167,-27.6864648018402],[153.373111979206,-27.6861318018412],[153.373049019225,-27.6860357818341],[153.372870999249,-27.6860028018157],[153.372281999298,-27.6861128017566],[153.371719029316,-27.686448791702],[153.371164009327,-27.6868287816485],[153.370672029324,-27.6872657916019],[153.370148069327,-27.6876858015519],[153.369630059326,-27.6881288015027],[153.369151069314,-27.6886275214579],[153.368428079251,-27.689719801393],[153.368096109206,-27.6903537913642],[153.367776119165,-27.6909418013363],[153.367405129125,-27.6915647813035],[153.366996149101,-27.6920967912661],[153.366605159075,-27.6926287912305],[153.366164129058,-27.6931337911896],[153.365952168998,-27.6937777911732],[153.366013198918,-27.6943527911839],[153.365908188853,-27.6949457911779],[153.365582208804,-27.6956018011499],[153.365375218768,-27.6960547911324],[153.365479208716,-27.6963757811455],[153.365518228682,-27.6966067911513],[153.365812198583,-27.6971247711853],[153.366038238478,-27.6977557712133],[153.366320198366,-27.698391771247],[153.366583878248,-27.6990904712793],[153.366797218127,-27.699851751307],[153.367054218037,-27.700335751337],[153.367461227958,-27.7006097513805],[153.367905247903,-27.7006587614261],[153.368475237851,-27.7005887514835],[153.368817237821,-27.7005367515179],[153.368812197809,-27.7006267515181],[153.368584227819,-27.7007457614959],[153.368166227849,-27.7008607614542],[153.367881237887,-27.7008057614248],[153.367817247887,-27.7008627614188],[153.367939227854,-27.7010147514324],[153.368061217796,-27.7013637514475],[153.368344197686,-27.7019827314812],[153.36904722747,-27.7030687315613],[153.369499207391,-27.7033037416091],[153.370038237326,-27.7033627216644],[153.370381227275,-27.7034687217002],[153.370636217219,-27.7036877217278],[153.371080207158,-27.7037877217738],[153.371684167052,-27.7041057118377],[153.372200166942,-27.7045267018936],[153.372729196815,-27.7050716919517],[153.373182196703,-27.7055607020016],[153.373750176576,-27.7060716920635],[153.374196166469,-27.7065316721125],[153.374851196348,-27.7069236921822],[153.375544146243,-27.7071576622546],[153.376191146156,-27.7072896623215],[153.376972136058,-27.7073936624018],[153.377758165971,-27.7074126624819],[153.378475095897,-27.7073806425546],[153.378944125839,-27.7074406526028],[153.379338145772,-27.7076256526444],[153.379586125745,-27.7076296526696],[153.379757125716,-27.7077136426877],[153.380057115647,-27.7079946327205],[153.380255025612,-27.7080991227414]]],[[[153.379982484513,-27.6390121721686],[153.379820604533,-27.6389909121519],[153.379452614586,-27.6388909021137],[153.379014574649,-27.6387629220681],[153.378512594729,-27.6385629120154],[153.378225964814,-27.638145441983],[153.37779358488,-27.6379899119377],[153.37725360496,-27.6378229118814],[153.376815825033,-27.6376165118353],[153.376465635096,-27.6374209417981],[153.375957635186,-27.6371519417443],[153.375627595238,-27.6370189417096],[153.375516965253,-27.6369977216982],[153.37530961528,-27.6369579416768],[153.375043595324,-27.6368409316488],[153.375011115357,-27.6366144616437],[153.37488960538,-27.6365369416307],[153.374673815427,-27.6363514816073],[153.374279985481,-27.6362565215665],[153.373822635553,-27.6360789615186],[153.373544145571,-27.636175521491],[153.37337963559,-27.6361659614742],[153.373093655638,-27.636031971444],[153.372801805672,-27.6360094714141],[153.372364685723,-27.6359839613695],[153.371806635783,-27.6359809613127],[153.371529815816,-27.6359545112843],[153.37141965583,-27.635943981273],[153.370994695898,-27.6357709712284],[153.370659105934,-27.6357715011942],[153.370411675959,-27.6357849711692],[153.370062665995,-27.6357919811337],[153.369638676042,-27.6357879710906],[153.369378946081,-27.6356985210634],[153.369206886118,-27.6355584810448],[153.369281676115,-27.6355139810521],[153.369662696074,-27.6355169810909],[153.370112706023,-27.6355379811368],[153.370595015965,-27.6355854911863],[153.370910665941,-27.6355059712177],[153.370784015966,-27.6354154712042],[153.370516686003,-27.6353499811764],[153.370117706052,-27.6353059711355],[153.369661926099,-27.6353194410892],[153.369179656146,-27.6353619910405],[153.368786696183,-27.6354030010009],[153.368585146202,-27.6354205009805],[153.367995706263,-27.6354400009207],[153.367508026312,-27.6354704508713],[153.366887016381,-27.635456500808],[153.366482926426,-27.6354433107668],[153.36627213645,-27.6354364307453],[153.365865746503,-27.6353600107034],[153.365307736565,-27.6353510206465],[153.364794726626,-27.635303010594],[153.364267776696,-27.6351980005396],[153.363779886757,-27.6351325104894],[153.363189786826,-27.6350900404291],[153.362727766869,-27.6351490303825],[153.362075806925,-27.6352590403171],[153.361461806986,-27.635301030255],[153.361088487011,-27.6354149202179],[153.360753817018,-27.6356430401857],[153.36066482702,-27.6357000401771],[153.360456817017,-27.6359040401575],[153.360363846994,-27.6361580201501],[153.360301836967,-27.6364240401459],[153.360315846925,-27.6367400301498],[153.360411846883,-27.6369820301615],[153.360875836813,-27.6371380202099],[153.361205826756,-27.6373060202448],[153.36150582668,-27.637649030278],[153.361893816598,-27.6379630103199],[153.362351786522,-27.6381700103682],[153.362827816451,-27.6383200104177],[153.363316806379,-27.6384750204687],[153.363836826295,-27.6386930105233],[153.364218756236,-27.6388320105633],[153.36435278619,-27.6390749905788],[153.364594786128,-27.6393559906056],[153.365013806063,-27.6395120006495],[153.365425776026,-27.6394479906909],[153.365906775984,-27.6393779907393],[153.366445765925,-27.6393810007941],[153.367054735834,-27.6395809708576],[153.367652025742,-27.6397924409201],[153.368223725657,-27.6399769809797],[153.368793745579,-27.6401039810387],[153.36930189551,-27.6402134610912],[153.369897715446,-27.6402109511518],[153.37046770538,-27.6402479512101],[153.371158725301,-27.6402839512807],[153.371660745225,-27.6404569613331],[153.372181925133,-27.6407305013883],[153.37265868505,-27.6409769414388],[153.373147674963,-27.6412459314907],[153.373579654905,-27.6413399315354],[153.373960684849,-27.641455941575],[153.374385684773,-27.6416909316202],[153.374816674719,-27.6417459116644],[153.375235624674,-27.6417439117071],[153.375336654658,-27.6417829117176],[153.375299644654,-27.6418449217144],[153.37541367463,-27.6419399217267],[153.375802064572,-27.6420625017672],[153.376062644534,-27.6421419217944],[153.376391654486,-27.6422409218286],[153.376918644403,-27.6424409218838],[153.377388654335,-27.6425799119327],[153.37804762425,-27.6426839020006],[153.378638114179,-27.6427424520612],[153.379074624141,-27.6426739121051],[153.379366074126,-27.6425475221337],[153.379579604139,-27.6422648921532],[153.379792614161,-27.6419139121722],[153.380044614181,-27.6415459121949],[153.380410594175,-27.6412899122301],[153.380776614155,-27.6411369122662],[153.381251554114,-27.6410548823139],[153.381821574056,-27.6410298923717],[153.382221544016,-27.6410048824122],[153.382588543979,-27.6409868824494],[153.383569523903,-27.6407508925474],[153.38365905388,-27.6408565125573],[153.383963503836,-27.640940872589],[153.384336533809,-27.6408428726262],[153.384683503801,-27.6406098626597],[153.385018503793,-27.6403938626921],[153.385190523756,-27.6405398627107],[153.385310503754,-27.6404488627222],[153.385511463758,-27.6402498727411],[153.385871463758,-27.6399498627754],[153.386168983754,-27.639733482804],[153.386301113757,-27.6395975128163],[153.386483973754,-27.6394615128339],[153.386337503772,-27.6394508628189],[153.386211463771,-27.6395588628069],[153.385952503782,-27.6396948727816],[153.385762483809,-27.6396448727619],[153.38574247383,-27.6394928727587],[153.385760503859,-27.6392558727586],[153.385613483884,-27.6391838727431],[153.385462483883,-27.6393198627288],[153.385338093866,-27.639556462718],[153.385217863857,-27.6397264727071],[153.385052993886,-27.6396374726896],[153.385089493907,-27.6394448626918],[153.385214473923,-27.6392138727027],[153.38518749396,-27.6389478626979],[153.384863484014,-27.6387978626637],[153.384527504055,-27.6387648826292],[153.384255504076,-27.638828892602],[153.384009534086,-27.638959892578],[153.383681034095,-27.6391635225462],[153.383269524127,-27.6392618825051],[153.382375534227,-27.6392328924139],[153.381837124293,-27.6391725323586],[153.381329554345,-27.6391928923071],[153.380778554411,-27.6391389122506],[153.380315544471,-27.6390559022028],[153.379982484513,-27.6390121721686]]]]},"properties":{"name":"Brisbane","source":"ABS ASGS Edition 3, Local Government Areas 2022, full resolution: the five metropolitan councils of Brisbane (Brisbane 31000, Ipswich 33960, Logan 34590, Moreton Bay 35010, Redland 36250), official area 5973.3 km2; via github.com/HughParsonage/ASGS (inst/extdata/LGA_2022.qs); CC BY 4.0"}}]}