{"type":"FeatureCollection","features":[{"type":"Feature","geometry":{"type":"MultiPolygon","coordinates":[[[[153.192016035493,-27.4762754518217],[153.192222255549,-27.4756601818377],[153.192286235551,-27.4755931718436],[153.192349205554,-27.4755141818494],[153.19239424556,-27.4754351818533],[153.192464215564,-27.4753391718596],[153.192502245568,-27.475277181863],[153.192540205573,-27.4752041818662],[153.19256623558,-27.4751251818682],[153.192592225595,-27.4749901918698],[153.192630255599,-27.4749221818731],[153.192668215608,-27.4748201718761],[153.192681205618,-27.4747301718767],[153.192707235626,-27.4746511718787],[153.192758225633,-27.4745501818831],[153.192863195652,-27.4743091818918],[153.193093185661,-27.4740431719129],[153.193287215669,-27.4738221719308],[153.193473185689,-27.473504171947],[153.19358516572,-27.4731691819557],[153.193592025723,-27.4731405019562],[153.193624185729,-27.4730621719588],[153.193675215729,-27.4730171819636],[153.193713175734,-27.4729491719669],[153.193776205735,-27.4728881819728],[153.193865195739,-27.4727811719809],[153.194068175743,-27.4725781719998],[153.194196175746,-27.4724431820117],[153.194259175753,-27.4723361820172],[153.19436816578,-27.4720311820258],[153.1943751758,-27.4718731820253],[153.194401155838,-27.4715521820254],[153.194389155854,-27.4714331720232],[153.194339185876,-27.4713031720171],[153.194283155923,-27.4709761920089],[153.194315165934,-27.4708681820113],[153.194397145945,-27.4707111720183],[153.194455185961,-27.4705361820228],[153.194487155971,-27.4704291820252],[153.194475185997,-27.4702371820224],[153.194438176026,-27.4700391820171],[153.194356156054,-27.4698861820076],[153.194236146088,-27.4697221819942],[153.194085146123,-27.4695751819778],[153.193990176143,-27.4694961819676],[153.193844176168,-27.4694221919522],[153.193636156205,-27.4693081719303],[153.193491176236,-27.4691841819147],[153.193428146252,-27.4691101819077],[153.19337116627,-27.4690142019012],[153.193333136287,-27.4689122018966],[153.193308166306,-27.4687881918931],[153.193296156321,-27.468681201891],[153.193276156338,-27.468560201888],[153.193277146341,-27.4685342018879],[153.193278166354,-27.4684321918872],[153.193291156366,-27.4683251918877],[153.193297146378,-27.4682291918875],[153.193291156394,-27.4681051918859],[153.193248166417,-27.4679642018805],[153.193195166453,-27.4677272018733],[153.193128696484,-27.467539221865],[153.192845166616,-27.4667371918301],[153.192501006816,-27.4654480317851],[153.192467176836,-27.4653212017807],[153.191050167312,-27.4627692116173],[153.190086167519,-27.4619512215134],[153.194542087417,-27.4589971919403],[153.194083067545,-27.458379201889],[153.193922067625,-27.4578832018688],[153.193809027688,-27.4574784618542],[153.194043027681,-27.4573354718767],[153.194897997717,-27.4563324519552],[153.194928007725,-27.4562434719575],[153.194897997744,-27.4561234619535],[153.194786017827,-27.4555644619378],[153.194683017898,-27.4550904619236],[153.194548007993,-27.454459461905],[153.194474018046,-27.4541004718947],[153.194375028111,-27.4536714518813],[153.194275018179,-27.4532234618676],[153.194182998246,-27.4527704618547],[153.194089998311,-27.4523334618419],[153.194066018321,-27.452276461839],[153.19401101833,-27.4522544618333],[153.193902028338,-27.4522824518225],[153.192702018477,-27.4521984617006],[153.192452028547,-27.4518584516726],[153.19199102875,-27.4506494616165],[153.191971028756,-27.4506204716142],[153.191819008766,-27.4506674615992],[153.19157303878,-27.4507674715752],[153.191292018795,-27.4508864615477],[153.191056008806,-27.4509994615248],[153.19078802882,-27.4511114614986],[153.190232028851,-27.4513374514442],[153.189940028867,-27.4514594614157],[153.189688028881,-27.451559451391],[153.189462018894,-27.4516464613689],[153.189389018899,-27.4516694613617],[153.189314008906,-27.4516814613542],[153.189090008927,-27.4517024613317],[153.188801008955,-27.4517234613027],[153.188047029026,-27.4517984612271],[153.187650019065,-27.4518324611873],[153.187562199071,-27.4518542311786],[153.187008159181,-27.4514592411195],[153.186828179207,-27.4514042411009],[153.186686199232,-27.4513252310859],[153.18652916927,-27.4511602210687],[153.18650318929,-27.451024231065],[153.186357149412,-27.4501872410437],[153.186373169441,-27.4499432410434],[153.186424159468,-27.4496872410465],[153.186545159506,-27.4492862310555],[153.186621519524,-27.4490782910616],[153.186650169531,-27.4490002410639],[153.186726159541,-27.4488582310704],[153.186993129559,-27.4484932310945],[153.187135149564,-27.4483302211076],[153.187261109566,-27.4482122311193],[153.187880149545,-27.447850241179],[153.187940119545,-27.4478022311847],[153.187980119549,-27.4477402411882],[153.187998119556,-27.4476702411895],[153.187990119565,-27.4475992311881],[153.187959099577,-27.4475332311845],[153.187597599681,-27.4470159711439],[153.187207119794,-27.4464572311],[153.186994149841,-27.446265251077],[153.184849150099,-27.4460402608585],[153.184472550151,-27.4459499808198],[153.182964180359,-27.4455892606646],[153.181532210532,-27.4454332705187],[153.181050380617,-27.4451627504679],[153.180141130779,-27.4446534403721],[153.17997122081,-27.4445582803541],[153.179265490942,-27.4441134802794],[153.179011270989,-27.4439532902524],[153.178531221102,-27.4434725702001],[153.175433281827,-27.4403702798628],[153.175338241886,-27.4399822698501],[153.17510727203,-27.4390392998193],[153.175091282042,-27.4389573098171],[153.174907872197,-27.4378955997901],[153.174740262338,-27.4369253097655],[153.17467927237,-27.4367193097577],[153.174485272451,-27.4362506897344],[153.174448262466,-27.43616130973],[153.174364272492,-27.4360262997205],[153.174214292545,-27.435734309703],[153.174083262612,-27.4353173096865],[153.173868272722,-27.4346303096593],[153.173300812835,-27.4342149995987],[153.172805252935,-27.4338523095459],[153.172246693067,-27.4332750394849],[153.17223727307,-27.4332652994839],[153.171514313325,-27.4318613193998],[153.171537273338,-27.4317363194011],[153.171538303384,-27.4313803193984],[153.171570313378,-27.4313963194017],[153.171617283372,-27.4314013194065],[153.171690323362,-27.4314243294141],[153.171691303359,-27.4314473294144],[153.171713283355,-27.4314613294167],[153.17175828335,-27.4314563194212],[153.171791283357,-27.4313783194239],[153.171833253351,-27.4313873094282],[153.171897243346,-27.4313703094345],[153.171933263341,-27.4313812994383],[153.171967283328,-27.4314572994423],[153.171960273322,-27.431512299442],[153.171930273316,-27.4315852994396],[153.17202126329,-27.4317102994498],[153.171991263286,-27.4317633094471],[153.17201926327,-27.4318673094508],[153.172049263267,-27.4318713094539],[153.172098283271,-27.4317923194582],[153.172085253278,-27.4317522994565],[153.172106273283,-27.4316942994582],[153.172129273303,-27.4315163094591],[153.172085253321,-27.4314083094538],[153.172014293336,-27.4313563094462],[153.172018273341,-27.4313092994463],[153.172134273351,-27.4311313094566],[153.172128253359,-27.4310743094555],[153.172169233356,-27.4310642994596],[153.172188253359,-27.4310233094612],[153.172212273362,-27.4309803094633],[153.172211283366,-27.4309522994629],[153.172184273382,-27.4308462994594],[153.172223253385,-27.4307882994628],[153.172223253389,-27.4307593094626],[153.172079263444,-27.4304463094456],[153.172108243446,-27.4304032994482],[153.172165263443,-27.4303852994538],[153.17223227343,-27.4304303094609],[153.172321263388,-27.4306812994719],[153.172363273385,-27.4306762994761],[153.172292283437,-27.4303203094661],[153.172219283458,-27.430220319458],[153.172191283463,-27.430203309455],[153.172165263482,-27.4300773094514],[153.172130293491,-27.4300312994475],[153.1722302635,-27.4298763094563],[153.172221253506,-27.4298393094551],[153.172155263518,-27.4298023094482],[153.172166283521,-27.429767309449],[153.172193253522,-27.4297342994515],[153.17217829353,-27.4296843094496],[153.172057253549,-27.429635309437],[153.172039263558,-27.4295793094347],[153.17208426356,-27.4295292994389],[153.172176243548,-27.4295443094483],[153.172213253551,-27.4294873094515],[153.172182263563,-27.4294192994479],[153.172032253593,-27.4293123194319],[153.171982283611,-27.429211329426],[153.17198925362,-27.4291383194262],[153.171920273637,-27.4290563294186],[153.171892273651,-27.4289743194151],[153.171858293659,-27.4289393194114],[153.171869243662,-27.4289013194122],[153.171886293666,-27.4288603194136],[153.171791283696,-27.4287023194027],[153.171789273703,-27.4286473294021],[153.171763283711,-27.4286113293992],[153.171723283716,-27.428598329395],[153.17171324372,-27.4285793293939],[153.171692253731,-27.4285093193912],[153.171661263739,-27.4284733193878],[153.171656263742,-27.4284573193872],[153.171628273759,-27.4283463193835],[153.171569253775,-27.4282673293769],[153.171501253786,-27.4282343193697],[153.171487273797,-27.4281613193678],[153.171474273799,-27.4281543293664],[153.171433253806,-27.4281363293621],[153.171413253812,-27.4281033193598],[153.171330283825,-27.4280773293512],[153.171257253843,-27.4279903293432],[153.171209253851,-27.4279683293382],[153.171192283859,-27.4279213193361],[153.171155263865,-27.4279023193322],[153.171158293872,-27.4278503193321],[153.171083293887,-27.4277943193241],[153.170997263898,-27.4277803293153],[153.170972253904,-27.4277533193125],[153.171003283909,-27.4276883293152],[153.170808263945,-27.4275703192945],[153.170727273962,-27.4275023292858],[153.170643283979,-27.4274423192769],[153.170473264005,-27.4273783292592],[153.17042727401,-27.4273793292546],[153.170411284016,-27.4273413292526],[153.170251274037,-27.4273143192363],[153.170193274054,-27.4272253292297],[153.170168274063,-27.4271753292268],[153.170071254085,-27.4270863192163],[153.170038294094,-27.4270453292126],[153.169983294103,-27.4270213292069],[153.169966284107,-27.4270043292051],[153.169930294114,-27.4269783192012],[153.169917264127,-27.4268823191991],[153.169873244138,-27.4268363291943],[153.169854264146,-27.4267903191921],[153.169808274157,-27.426743329187],[153.169737244164,-27.4267423291799],[153.169711254173,-27.4266963191769],[153.169651284181,-27.4266813191707],[153.169619274188,-27.4266563291673],[153.169647274187,-27.4266383291699],[153.169711254184,-27.4266083191762],[153.169784254188,-27.4265113191828],[153.169749254203,-27.4264283291786],[153.169686284221,-27.4263393291715],[153.169542294244,-27.4262763191565],[153.16948725426,-27.4261953291503],[153.169441264267,-27.4261783191455],[153.169406294277,-27.4261353291416],[153.169373264287,-27.4260813291379],[153.169363264301,-27.4259813191361],[153.169421264295,-27.4259753191419],[153.169501274287,-27.42597531915],[153.169566274289,-27.4259013191559],[153.169537264298,-27.4258523191526],[153.16947626431,-27.4258133191462],[153.169500244311,-27.4257863291484],[153.169565254308,-27.4257573191547],[153.169585254316,-27.4256763291561],[153.169528284327,-27.42563232915],[153.169504264333,-27.4256083191474],[153.169561244337,-27.4255263291525],[153.169513244348,-27.4254793191473],[153.169460284358,-27.4254513291417],[153.169420274368,-27.4253983291372],[153.169326294389,-27.4253153191271],[153.169330264394,-27.4252703291271],[153.169337564394,-27.4252656591278],[153.169366294393,-27.4252473291306],[153.16942925439,-27.4252243191368],[153.169477254392,-27.4251643191411],[153.169441264402,-27.4251183291371],[153.169239274435,-27.425029329116],[153.169260264441,-27.4249633191176],[153.169258294447,-27.4249183291171],[153.169205254455,-27.4248953291115],[153.169238284467,-27.4247713291139],[153.169181234479,-27.4247263291078],[153.169157254497,-27.4246073191044],[153.169190294502,-27.4245393191072],[153.169184264509,-27.4244883291062],[153.169210294509,-27.4244643191086],[153.169245264516,-27.4243813291115],[153.169231284524,-27.4243313191097],[153.169209274533,-27.4242783191071],[153.16936326452,-27.4242513291224],[153.169375274527,-27.4241883191231],[153.169381254537,-27.424105319123],[153.169446264539,-27.4240343191291],[153.169453274543,-27.4239923291294],[153.169537264541,-27.4239373291375],[153.169660264531,-27.4239143291497],[153.169737244532,-27.4238413291569],[153.169843274534,-27.4237333291667],[153.169933244523,-27.4237433191759],[153.169983254522,-27.4237143291807],[153.169995224525,-27.4236763291816],[153.170039244522,-27.423663319186],[153.170063224528,-27.4236003291879],[153.170104214524,-27.423594319192],[153.17015122452,-27.4235863291967],[153.170183234522,-27.4235443291996],[153.170151224535,-27.4234703291958],[153.17020824453,-27.4234563292014],[153.170373224524,-27.4233703192174],[153.170385224528,-27.4233243292182],[153.170357234541,-27.4232443192148],[153.170371244544,-27.4232093292159],[153.17035124455,-27.4231813192137],[153.170355224553,-27.4231583292139],[153.170432244542,-27.4231773292218],[153.17048323454,-27.4231463192267],[153.170466254551,-27.4230783192245],[153.170578244546,-27.4230253292353],[153.170627224551,-27.4229403192396],[153.170594264566,-27.4228503192356],[153.170632224564,-27.4228333192393],[153.170655254572,-27.422755319241],[153.170699234571,-27.4227193192451],[153.170734244577,-27.422642329248],[153.17068522459,-27.4225853292427],[153.170714234594,-27.4225283292451],[153.170700224602,-27.4224803192433],[153.170693214615,-27.4223803292418],[153.170730264615,-27.4223483192453],[153.17077523462,-27.4222733292493],[153.170744244629,-27.4222233192458],[153.170733224636,-27.4221773292443],[153.170783224634,-27.4221553292492],[153.170831074635,-27.4221054592536],[153.170819254642,-27.4220633292521],[153.170755224653,-27.4220263292453],[153.170745224663,-27.4219583292438],[153.170811254668,-27.4218653292497],[153.170817244675,-27.4217993192498],[153.170754244687,-27.4217603192431],[153.170759244699,-27.4216603292428],[153.170724244714,-27.4215733192386],[153.170774934712,-27.4215464792435],[153.170801214715,-27.4214973192458],[153.170736244732,-27.4214253192386],[153.170777234733,-27.4213793292424],[153.170766254745,-27.4212903292406],[153.170725224756,-27.421238319236],[153.170764244762,-27.4211623292394],[153.170834254765,-27.4210783192458],[153.170804244776,-27.4210183192423],[153.170839214778,-27.4209723292454],[153.170829174782,-27.4209453192442],[153.170762234794,-27.4209123192372],[153.170775194804,-27.4208183192377],[153.170742234812,-27.4207853292342],[153.170736214817,-27.4207513292333],[153.170678214823,-27.4207503292274],[153.170658214832,-27.420696329225],[153.17058521484,-27.4206983292176],[153.170557214849,-27.4206523192144],[153.170575214858,-27.4205603192155],[153.170626204858,-27.4205173192203],[153.170720184853,-27.4204823192295],[153.170762204854,-27.4204343292334],[153.17071318487,-27.4203513192278],[153.170716214875,-27.4203123292278],[153.170690224883,-27.4202673292248],[153.17070719489,-27.420199329226],[153.170808194887,-27.4201393292357],[153.170849184889,-27.4200863292394],[153.170831224897,-27.4200363192372],[153.170797204903,-27.4200213192337],[153.17080621491,-27.4199583292341],[153.170893194911,-27.4198763192422],[153.170863194921,-27.4198233292388],[153.170749204936,-27.4198003192271],[153.170723214948,-27.4197293192239],[153.170786214957,-27.4196073292293],[153.170852214952,-27.4195883292358],[153.170998214932,-27.4196233292508],[153.171026204935,-27.4195763192533],[153.170959194968,-27.4193723192449],[153.170920204975,-27.4193483292408],[153.170723215003,-27.4192913292204],[153.170645185019,-27.4192363292121],[153.170574225031,-27.4192013292047],[153.170542215039,-27.4191663192012],[153.170550205041,-27.4191383292017],[153.170660185031,-27.4191303192128],[153.170691205032,-27.4190953192156],[153.170652185056,-27.4189343192104],[153.170600215069,-27.4188793292047],[153.170531195076,-27.4188833291978],[153.17048020508,-27.4188913191927],[153.170458225093,-27.4188103291899],[153.170574225091,-27.4187223192009],[153.170594225096,-27.4186663292025],[153.170303215161,-27.418400329171],[153.17028722517,-27.4183443291689],[153.170223205187,-27.4182663191618],[153.170226235202,-27.4181473291612],[153.170165205214,-27.4181023291547],[153.170094215226,-27.4180633191472],[153.170013185251,-27.4179403291381],[153.170023225253,-27.4179103191388],[153.170094215248,-27.4178903191458],[153.170045195263,-27.4178173191403],[153.17001719527,-27.4177873191372],[153.170053185286,-27.4176253291396],[153.170086225291,-27.4175613191424],[153.170070235321,-27.417336319139],[153.17003720533,-27.4172963291354],[153.170043225336,-27.4172373291355],[153.170083195335,-27.4172143291394],[153.170050235342,-27.4171913191359],[153.170011215346,-27.4171853291319],[153.169900215371,-27.4170863291199],[153.169868205384,-27.417010319116],[153.169971205372,-27.4170163291265],[153.170141195346,-27.4170803191442],[153.17020918534,-27.4170683291509],[153.170300185344,-27.4169653191593],[153.170360195339,-27.4169513191652],[153.17041023534,-27.4169003291699],[153.170430235345,-27.4168473291715],[153.170834175339,-27.4165493292099],[153.170935175328,-27.4165543292201],[153.170999195325,-27.4165243192264],[153.171126175324,-27.4164223292384],[153.171238195318,-27.4163733192493],[153.171331165316,-27.4163143292582],[153.171349155319,-27.4162753292597],[153.171436175321,-27.4161833292678],[153.171510195316,-27.4161583192751],[153.171657145305,-27.4161223192896],[153.171785155303,-27.4160333293018],[153.172006195282,-27.416015329324],[153.172142195271,-27.4159813293375],[153.172265165256,-27.41599632935],[153.172456125237,-27.4159863193692],[153.172597125226,-27.4159513193832],[153.172685135218,-27.415945329392],[153.172832155195,-27.4160023194073],[153.173016145176,-27.4159933294258],[153.173047135176,-27.4159713194288],[153.173126155168,-27.4159643294367],[153.173257125148,-27.4160173294503],[153.173291135146,-27.4160013294536],[153.173332125149,-27.4159413294573],[153.173478165135,-27.415932319472],[153.173588145132,-27.4158633194825],[153.173702165118,-27.4158723294941],[153.173757135121,-27.4158043194991],[153.173764145126,-27.4157633194995],[153.173824145123,-27.4157313195053],[153.173843125129,-27.4156723195068],[153.173818165158,-27.4154603295026],[153.173908095164,-27.4153383195107],[153.173936095185,-27.415153319512],[153.174016105189,-27.4150503295193],[153.174043115199,-27.4149453295212],[153.174009095232,-27.4147183295159],[153.174047125236,-27.4146543195193],[153.174079105247,-27.4145433195216],[153.174045085258,-27.4144793295177],[153.174107095261,-27.4144043295234],[153.17410509527,-27.4143403195227],[153.174147105278,-27.4142373295261],[153.174143125289,-27.414155319525],[153.17416710531,-27.413970319526],[153.174145095333,-27.4138083195225],[153.174157105336,-27.4137743295234],[153.174193095336,-27.4137433295268],[153.17421309534,-27.4136943195284],[153.174213095364,-27.4135003295269],[153.174179115384,-27.4133773195225],[153.174201085391,-27.4132983295241],[153.174140095422,-27.4131083295164],[153.174085085456,-27.4128833195091],[153.174088115464,-27.4128173295089],[153.174158125467,-27.4127403295153],[153.174191125479,-27.4126133295177],[153.174151115498,-27.4124973295127],[153.174203095534,-27.4121703295154],[153.174228055541,-27.4120943295173],[153.17424408556,-27.4119323295176],[153.174180065595,-27.4117093295094],[153.174127095605,-27.4116753195038],[153.173980075621,-27.4116723294889],[153.17396106563,-27.4116143294865],[153.173982085632,-27.4115833194884],[153.173997055643,-27.4114883294892],[153.174042095641,-27.4114613294935],[153.174154075631,-27.4114513195047],[153.174201045629,-27.4114203195092],[153.174218095635,-27.4113633195105],[153.174187065655,-27.4112283295063],[153.174129075668,-27.4111773195],[153.174063075678,-27.4111533294932],[153.174068075683,-27.4111113294934],[153.174117065684,-27.4110643194979],[153.174100085691,-27.4110203294959],[153.174006105709,-27.4109593194859],[153.173995075715,-27.4109193194845],[153.174020085716,-27.4108903294868],[153.174077055712,-27.4108713294924],[153.174215065695,-27.4108903295064],[153.174256095692,-27.4108783195105],[153.174277075698,-27.4108183295121],[153.174272075733,-27.4105433295095],[153.174217075764,-27.4103453195023],[153.174260065775,-27.4102213295057],[153.174255065819,-27.4098763295025],[153.174286095836,-27.4097163195043],[153.174273065847,-27.4096463195025],[153.174097055884,-27.4094973194835],[153.174093085891,-27.4094453294827],[153.174197075893,-27.4093463194924],[153.174232075897,-27.4092823294954],[153.17424707591,-27.4091723294961],[153.174229085916,-27.409136329494],[153.174163085929,-27.409090319487],[153.174152065945,-27.4089703294849],[153.174205065948,-27.4089033194897],[153.174248065945,-27.4088903294939],[153.174280075949,-27.4088363294968],[153.174260065958,-27.4087813294943],[153.174259085967,-27.4087073294936],[153.174382055974,-27.4085463295048],[153.17440803598,-27.4084803195069],[153.174393035985,-27.4084563195051],[153.174345045988,-27.4084733195004],[153.174254045987,-27.4085523194919],[153.174188095991,-27.4085813294855],[153.174159075997,-27.4085533194823],[153.174213025997,-27.4085143194874],[153.174253026,-27.408456319491],[153.174275036016,-27.408305329492],[153.174292046017,-27.4082863294936],[153.174286056025,-27.4082273294925],[153.174245036035,-27.4081873294881],[153.174070056062,-27.4081213194699],[153.174099066064,-27.4080743194724],[153.17416305606,-27.4080533194787],[153.174222076051,-27.4080763294849],[153.174246056051,-27.4080573294871],[153.174198056084,-27.4078373294806],[153.174073046106,-27.4077713194674],[153.17407505612,-27.4076533294667],[153.174059066133,-27.4075663294644],[153.17413903613,-27.4075243294721],[153.17418206613,-27.4074863294762],[153.174088046149,-27.4074153294661],[153.174163056146,-27.4073763294734],[153.174153056152,-27.4073403294721],[153.174033036165,-27.4073333194599],[153.173993036173,-27.4073053294557],[153.173980046181,-27.407258319454],[153.174061036177,-27.4072213194619],[153.17407103618,-27.4071863194626],[153.174052056188,-27.4071423194603],[153.173993036197,-27.4071153294542],[153.173981026204,-27.4070743194526],[153.17400004621,-27.407013319454],[153.173982046221,-27.4069383194516],[153.173925036239,-27.4068433294451],[153.17386904625,-27.4068013294391],[153.173835066261,-27.4067453294353],[153.173859046267,-27.4066803194372],[153.17385104628,-27.4065833294356],[153.173794076294,-27.4065213494294],[153.173830066297,-27.4064643394325],[153.17380706631,-27.4063823394296],[153.173725016325,-27.4063353394209],[153.173646066336,-27.4063173294128],[153.173615046343,-27.4062853494094],[153.173702056338,-27.4062493494179],[153.173720056343,-27.4061943494193],[153.173709026351,-27.4061413394178],[153.173747066353,-27.4060923394212],[153.173755056361,-27.4060263494215],[153.173734066375,-27.4059323494186],[153.173742066383,-27.4058643394189],[153.173655046408,-27.4057363394091],[153.173624056438,-27.4055303394043],[153.173597046452,-27.4054403394009],[153.173600036467,-27.4053183294002],[153.173578066482,-27.4052233393973],[153.173601026499,-27.4050633493983],[153.173551056523,-27.4049193493921],[153.173515066544,-27.4047813393874],[153.173319066606,-27.4044573393651],[153.173090066664,-27.4041964593399],[153.172869016707,-27.4040443493164],[153.172793026721,-27.4039973393083],[153.172704036742,-27.4039043392986],[153.172565046778,-27.4037413392833],[153.172407036809,-27.4036303392664],[153.172197016841,-27.4035513392446],[153.171984036868,-27.4035153392228],[153.171862056891,-27.4034383492099],[153.171673026922,-27.4033503391901],[153.171454056953,-27.4032953391676],[153.171427046959,-27.4032713491647],[153.171454056962,-27.403223339167],[153.171426066968,-27.403195349164],[153.171173087009,-27.4030863491376],[153.170971097046,-27.4029673391162],[153.170726107106,-27.4026973490894],[153.170716067113,-27.402653339088],[153.170775087114,-27.4025923390935],[153.170843087107,-27.4025923391003],[153.170893057088,-27.4027053391063],[153.170990107069,-27.4027713491166],[153.171040037062,-27.4027843491217],[153.17107807706,-27.4027663491254],[153.171098077069,-27.4026793491268],[153.171078077098,-27.4024693291231],[153.171000037139,-27.4022073391131],[153.170896047164,-27.4020993291018],[153.17071705721,-27.401888359082],[153.170443047271,-27.4016403690524],[153.170173057321,-27.4014663590238],[153.169794077366,-27.4014323489852],[153.169555077384,-27.4014963589616],[153.168619067503,-27.4013453688659],[153.168337067536,-27.4013203588373],[153.168022077564,-27.4013693588059],[153.167779127592,-27.4013533787812],[153.167431107623,-27.4013953687464],[153.167101107657,-27.4014083787132],[153.166729097702,-27.4013683786754],[153.166595107724,-27.4013093786614],[153.166372097752,-27.4012763786386],[153.165970117792,-27.4012933785982],[153.16581411782,-27.4012093685817],[153.165725097859,-27.4009723885709],[153.165679107901,-27.400684378564],[153.165559127931,-27.4005443685507],[153.165489087999,-27.4000723785399],[153.165540108001,-27.4000103885446],[153.165551098022,-27.3998383585444],[153.165523108056,-27.3995913585396],[153.165462108095,-27.3993363585314],[153.165407108161,-27.3988593685221],[153.165482118206,-27.3984413885263],[153.165448098228,-27.3982923885217],[153.165789038226,-27.398021448554],[153.166359028273,-27.3971714486048],[153.167214038262,-27.396534458686],[153.167307008414,-27.3952601586853],[153.167685038551,-27.3938584487124],[153.168399008486,-27.3937724687838],[153.16966793829,-27.3942494689156],[153.170539478155,-27.3945768790062],[153.172274037829,-27.3956914491901],[153.172980927817,-27.3951933392576],[153.173081957813,-27.3951333392673],[153.173215957799,-27.3951333592808],[153.173559967758,-27.3951663693158],[153.173671947741,-27.3952033493274],[153.174569957625,-27.3953673494194],[153.17498196757,-27.3954533394617],[153.175187897544,-27.3954863394827],[153.175282907529,-27.3955243394926],[153.175570927481,-27.3956573395227],[153.175651927467,-27.3956993495312],[153.175733937456,-27.3957183495397],[153.175799937449,-27.3957143395463],[153.175867937439,-27.3957403495534],[153.176032917409,-27.3958363395708],[153.176924897262,-27.3962453396641],[153.177284897213,-27.3963253397011],[153.177403927202,-27.396313349713],[153.177517917184,-27.3963643297249],[153.177654937165,-27.396396339739],[153.178006907136,-27.3963313497741],[153.178252877127,-27.3961943397978],[153.17843789713,-27.3960143498151],[153.178493887137,-27.3959053498199],[153.178591887139,-27.395814349829],[153.178853887118,-27.3957593298551],[153.179244877098,-27.3955863198932],[153.179415837096,-27.3954583299094],[153.179588857088,-27.3953763199262],[153.179885857082,-27.3951703299546],[153.18017084708,-27.3949493199816],[153.180369877081,-27.3947703200003],[153.180417877094,-27.394624320004],[153.180387837121,-27.3944383199995],[153.180438867142,-27.394230320003],[153.18052383715,-27.3940963300105],[153.180605847149,-27.3940333200183],[153.180626837157,-27.3939523200198],[153.180796817159,-27.3937923200357],[153.181027827146,-27.3937063300583],[153.181206827128,-27.3936963200763],[153.181417827101,-27.3937313200979],[153.181569857076,-27.3937963301138],[153.181905837014,-27.3940063201494],[153.18205384699,-27.3940713301648],[153.182188816973,-27.3940913301786],[153.18231883696,-27.3940823201917],[153.182721796931,-27.3939753202315],[153.182783766928,-27.3939433302375],[153.182923786928,-27.3938283202508],[153.183064786921,-27.3937633302645],[153.183058796926,-27.3937283302636],[153.183081796929,-27.3936883302656],[153.183125806925,-27.39368032027],[153.183160776927,-27.3936373202732],[153.18322377692,-27.3936333302795],[153.183352766917,-27.3935483202919],[153.183484786924,-27.393388330304],[153.183484786939,-27.393267320303],[153.183428756958,-27.3931613202965],[153.183336776983,-27.3930453202863],[153.183331776999,-27.3929213202848],[153.18328980701,-27.3928683302801],[153.183166797033,-27.3927963302672],[153.183095767053,-27.3926943202592],[153.183093797063,-27.3926173302584],[153.182967807103,-27.392410330244],[153.182757817158,-27.3921483302207],[153.18266280718,-27.3920543302104],[153.182424797254,-27.3916763201833],[153.182141807362,-27.3910613301499],[153.181984787416,-27.3907693201317],[153.181883787447,-27.3906113301203],[153.181667787564,-27.3898693200926],[153.181612777585,-27.389744310086],[153.181474807677,-27.3891393100673],[153.181434807695,-27.3890273100624],[153.18137078772,-27.3888833200548],[153.181378817726,-27.3888323200552],[153.181362787732,-27.3887953200533],[153.180998807887,-27.3878843200093],[153.18047678803,-27.3871893299511],[153.179781788204,-27.3864063198747],[153.179260788348,-27.3857113298166],[153.185550728819,-27.3766972403804],[153.192022029302,-27.3674364609608],[153.202191260063,-27.3528808118731],[153.188847012427,-27.3454474704658],[153.178676251667,-27.3600025495539],[153.177741041833,-27.3594814594553],[153.173224061747,-27.3639664690348],[153.17192838165,-27.3658203489187],[153.173858031308,-27.366895459122],[153.16967688093,-27.3734023887514],[153.167789940775,-27.3762164085833],[153.160814310642,-27.3831461979341],[153.156497819926,-27.3924360075721],[153.156575419723,-27.3939723575921],[153.158322679454,-27.3946211477736],[153.158378189379,-27.3951684177835],[153.158369179376,-27.3952054177829],[153.158392169325,-27.3955834077882],[153.158364179313,-27.3957034177863],[153.158325159307,-27.395783417783],[153.158303189297,-27.3958834077816],[153.158432179241,-27.3962154077972],[153.158546199199,-27.3964484178106],[153.158544199166,-27.3967114078125],[153.158477179142,-27.3969544078076],[153.15832019914,-27.397108417793],[153.158123209119,-27.3974414177758],[153.158048199089,-27.3977414177706],[153.157834229029,-27.3983904177541],[153.157782219009,-27.3985984077505],[153.157723198966,-27.3989864077476],[153.157731228951,-27.3990974077493],[153.15776725893,-27.399232427754],[153.157968188894,-27.3993494177752],[153.158108198874,-27.3993824177896],[153.158255228859,-27.3993824178045],[153.158386218853,-27.3993204078172],[153.158636208827,-27.3993094178423],[153.158856198813,-27.3992334278639],[153.159024208803,-27.3991744078804],[153.160490188693,-27.3988053880254],[153.161141168635,-27.3987164080904],[153.161881138571,-27.3985953981641],[153.16253612852,-27.398442398229],[153.162681138519,-27.3983343782428],[153.162734138522,-27.3982663782476],[153.16280111852,-27.398224378254],[153.162942148511,-27.3981783882679],[153.163951118402,-27.3981843783698],[153.164069088363,-27.3983933783833],[153.164266158223,-27.3993313784106],[153.164384158114,-27.4000883784285],[153.164391168111,-27.4001133784294],[153.164413138105,-27.4001393884319],[153.164507158091,-27.4001713784416],[153.164644148014,-27.4006663984594],[153.16456614801,-27.4007603984522],[153.164552128007,-27.4007983984511],[153.16394914807,-27.4008053883903],[153.164036127951,-27.401674408406],[153.160952718225,-27.4021104680983],[153.160864208334,-27.4013263980831],[153.157222058673,-27.4017175077187],[153.154706588934,-27.4017810974654],[153.154415528838,-27.402786067444],[153.155290878731,-27.4028877875331],[153.155698768654,-27.4031522575764],[153.155874288621,-27.403267417595],[153.155493308625,-27.4035584075589],[153.15524130863,-27.4037294375348],[153.15493729863,-27.4039834275061],[153.154689288636,-27.4041514274824],[153.154326328638,-27.4044414274481],[153.153287358619,-27.4054694373514],[153.152645358605,-27.4061154372918],[153.151761358557,-27.4072404272115],[153.150929378507,-27.4083404571363],[153.150374398458,-27.4091914570871],[153.150035428428,-27.409716927057],[153.149267098334,-27.4111057469905],[153.148953158295,-27.4116796869634],[153.148796428277,-27.4119573369498],[153.148344448216,-27.412820466911],[153.146878498021,-27.4155954867851],[153.146249537956,-27.41663947673],[153.145405547883,-27.4179294866551],[153.144688537831,-27.4189464865908],[153.143977737795,-27.4198325765261],[153.143863017787,-27.4199937865158],[153.143815937782,-27.4200682365117],[153.143797827781,-27.42009170651],[153.143755927779,-27.4201425465062],[153.143733917778,-27.4201733165042],[153.143719827778,-27.4201855465029],[153.143697817776,-27.4202140465009],[153.143662447775,-27.4202531264976],[153.143653437775,-27.4202648664968],[153.143646827773,-27.4202811464963],[153.143638907772,-27.4202962864956],[153.143626027772,-27.4203119364944],[153.143577917771,-27.42035871649],[153.143534047769,-27.420411776486],[153.143495827766,-27.4204654864825],[153.143444327764,-27.4205224064778],[153.143420527764,-27.4205475164756],[153.143404537764,-27.4205619564741],[153.143369137763,-27.4205982064708],[153.143323437762,-27.4206478764666],[153.143287227759,-27.4206976364633],[153.143269747758,-27.4207199864617],[153.143250547758,-27.42073894646],[153.143231127757,-27.4207623864582],[153.143169847754,-27.4208406464526],[153.143154337753,-27.4208573664512],[153.143079907752,-27.4209275364442],[153.143033737752,-27.4209670364399],[153.143003517751,-27.4209971364371],[153.14297580775,-27.4210289364345],[153.142948727749,-27.4210624764321],[153.142895257747,-27.4211216264272],[153.142867007747,-27.4211494864245],[153.142843097746,-27.4211757164223],[153.142817397745,-27.4212019164199],[153.142740857743,-27.4212878664129],[153.142712537743,-27.4213134664103],[153.142682457742,-27.4213424364075],[153.142658557741,-27.4213686564052],[153.142634137741,-27.421392626403],[153.142602127741,-27.4214204364],[153.14256602774,-27.4214572163966],[153.142535727738,-27.4214986163939],[153.142505437737,-27.4215292663911],[153.142479007737,-27.4215538163886],[153.142399737738,-27.4216148463811],[153.142370207738,-27.4216415463783],[153.142344617738,-27.4216626963759],[153.142318297738,-27.4216860563734],[153.142243327738,-27.4217471863664],[153.142142627737,-27.4218373363569],[153.142111237737,-27.421862896354],[153.142084847737,-27.4218896463515],[153.142048417738,-27.421912906348],[153.142015827738,-27.4219356263449],[153.141982427738,-27.4219662363418],[153.141918337738,-27.4220207463358],[153.141884937738,-27.4220507863326],[153.141856717738,-27.42207470633],[153.141840627737,-27.4220925563285],[153.141812517738,-27.4221102663258],[153.141782447738,-27.422134146323],[153.141755437738,-27.4221592163204],[153.141731707738,-27.4221786563182],[153.141678457737,-27.4222270863132],[153.141658017738,-27.4222403763112],[153.141640717738,-27.4222553763096],[153.141620857738,-27.4222698263077],[153.141576727739,-27.4222997263035],[153.141535117739,-27.4223336362996],[153.14150504774,-27.4223569462968],[153.141422917739,-27.422428146289],[153.141397917739,-27.4224515362867],[153.141299107739,-27.4225349462774],[153.141279257739,-27.4225538762755],[153.141229947739,-27.4225933362709],[153.141206217739,-27.4226110762686],[153.141069747746,-27.4226704662553],[153.141019627748,-27.4227015062505],[153.140954227749,-27.4227441262443],[153.14091173775,-27.4227753162402],[153.14088092775,-27.4228047562374],[153.14083074775,-27.4228471162326],[153.140736607751,-27.4229166062237],[153.140680037752,-27.4229543962183],[153.140638827753,-27.4229856962144],[153.140550717754,-27.423048326206],[153.140505817754,-27.4230838262017],[153.140464717755,-27.4231134461978],[153.140422637755,-27.4231474861939],[153.140371897756,-27.423183026189],[153.140323097757,-27.4232198361844],[153.140270907758,-27.4232574861794],[153.140229227757,-27.4232932861755],[153.140134837758,-27.4233649861666],[153.140024937758,-27.4234607661562],[153.139982627759,-27.4234908061522],[153.139881747762,-27.4235539661425],[153.139835347763,-27.4235807861381],[153.139741657765,-27.4236417661291],[153.139692237766,-27.4236773961244],[153.139647337767,-27.4237072161201],[153.139609747768,-27.4237354661165],[153.139530937768,-27.4237995561091],[153.139489657768,-27.4238314061052],[153.13944005777,-27.4238636161005],[153.13938351777,-27.4239059660951],[153.139192727775,-27.4240298760768],[153.139125757777,-27.4240746260704],[153.138982637781,-27.4241610460567],[153.138845947787,-27.4242304560434],[153.138728637791,-27.4242977060322],[153.138675017793,-27.424326136027],[153.138604827794,-27.4243762860203],[153.138530627797,-27.4244180860131],[153.1384682478,-27.4244456860071],[153.138411927802,-27.4244750260016],[153.138297747806,-27.4245425659907],[153.138170107809,-27.4246270259785],[153.138057507812,-27.4246970059677],[153.138011227814,-27.4247232759632],[153.137957757815,-27.4247556859581],[153.137915707816,-27.424782955954],[153.137866027817,-27.4248168459493],[153.137814307819,-27.4248500059443],[153.137770617819,-27.4248810859402],[153.137724047819,-27.4249203759358],[153.13767684782,-27.4249533959313],[153.137628637821,-27.4249851659267],[153.137509427826,-27.4250516859152],[153.137446647828,-27.4250877659092],[153.13737685783,-27.4251294259024],[153.137250017835,-27.4251969358902],[153.137204027837,-27.4252198358857],[153.137165627838,-27.4252434558821],[153.13712690784,-27.4252636458783],[153.137072227843,-27.4252815358729],[153.137006307848,-27.4253012858664],[153.136927537852,-27.4253374558588],[153.136204737894,-27.4256135557881],[153.135810937915,-27.4257777957497],[153.135393008056,-27.4250214557016],[153.133539028159,-27.4257714455206],[153.132318028221,-27.4263164554019],[153.132360048206,-27.4263984554067],[153.131441048256,-27.4267774653171],[153.131569018212,-27.427024455332],[153.131338038206,-27.4272614553106],[153.129525858242,-27.4285125751378],[153.127781888302,-27.42951457497],[153.12762693831,-27.4295795849549],[153.124702018436,-27.4310554546718],[153.124435018516,-27.4306514546417],[153.122471028596,-27.4316774644519],[153.122792008504,-27.4321316144878],[153.12254402851,-27.4322976144642],[153.121186038525,-27.4333246143354],[153.119929058507,-27.4345296242183],[153.118763098471,-27.4358016341109],[153.116017098369,-27.438929423859],[153.115931098361,-27.4390684738515],[153.115801088357,-27.4392054638395],[153.115613188351,-27.4394174938222],[153.115535078348,-27.4395074938151],[153.115446158346,-27.4395964238068],[153.11523989834,-27.4398164637878],[153.114933158336,-27.4401094137592],[153.114614908333,-27.4404034437294],[153.114529978333,-27.4404714937214],[153.114453978332,-27.4405434737143],[153.114254178332,-27.4407134936956],[153.114051018339,-27.4408354636761],[153.113482028408,-27.4407654536182],[153.113021028413,-27.4411184535746],[153.112639018508,-27.4406944535327],[153.112004028515,-27.4411754534726],[153.111480038492,-27.4418014534247],[153.110126028555,-27.4424434632935],[153.108470028631,-27.4432494531331],[153.103828028848,-27.4454634526831],[153.102896038921,-27.445675452591],[153.10300418884,-27.4462224726062],[153.102923198847,-27.4462324625981],[153.102815918859,-27.4462344425873],[153.102706128869,-27.4462484825764],[153.102657878871,-27.4462694625717],[153.102575098876,-27.4462984325636],[153.102486148882,-27.4463284025549],[153.102337118889,-27.4464034825405],[153.102172938897,-27.4464764625245],[153.102093038899,-27.4465284825169],[153.101709018913,-27.4467464524799],[153.10129310889,-27.4472744924422],[153.101189078894,-27.4473314524322],[153.1010681189,-27.4473904124205],[153.100943908907,-27.4474365024084],[153.100853898914,-27.4474564823994],[153.10074195892,-27.4475085023886],[153.100646908922,-27.4475674423795],[153.100556898928,-27.4475974123707],[153.100453968933,-27.4476464523607],[153.10033406894,-27.447690472349],[153.100214198949,-27.4477274723372],[153.099993158962,-27.4478074823156],[153.099891978967,-27.4478554523058],[153.099787958973,-27.4478944122956],[153.099669878982,-27.4479224922839],[153.09956008899,-27.4479544422731],[153.099459968995,-27.4479964722634],[153.099349119001,-27.4480474022526],[153.099250129005,-27.4480964722431],[153.099039009032,-27.4480634422215],[153.098686019059,-27.4481484521867],[153.098558929057,-27.4482734921749],[153.098450189067,-27.448283482164],[153.098365949076,-27.4482854621555],[153.098264079085,-27.4483024621454],[153.098147099094,-27.4483274921338],[153.098048069103,-27.448342422124],[153.097959159111,-27.4483514321151],[153.097874189118,-27.4483664621067],[153.097591929151,-27.4483444020781],[153.097499079164,-27.4483254220686],[153.097487179168,-27.4483044420672],[153.097485019177,-27.4482324420664],[153.097474949183,-27.4481914120651],[153.097446149191,-27.4481565020619],[153.097374869202,-27.4481294920545],[153.09729952921,-27.4481287520469],[153.097026549234,-27.4481667720198],[153.096773569256,-27.4482137619947],[153.096346039387,-27.4475364519463],[153.093701029593,-27.4481484516849],[153.093747019548,-27.448464451692],[153.093925579447,-27.4491107817151],[153.093789579457,-27.4491477817017],[153.093664609464,-27.4491957716895],[153.09335960948,-27.4493297716599],[153.093249599489,-27.449353781649],[153.093159629497,-27.44936779164],[153.09285459952,-27.44944578161],[153.092709619532,-27.4494747715956],[153.092672609534,-27.4494847815919],[153.092524639547,-27.4495057815772],[153.092335639564,-27.4495387815585],[153.092160619577,-27.4495807815412],[153.09198760959,-27.4496257715241],[153.091889609598,-27.4496407715144],[153.091812629604,-27.4496627715068],[153.09163764962,-27.4496837914894],[153.091510629635,-27.4496747814765],[153.091479679634,-27.4497047814736],[153.091433649637,-27.4497207914691],[153.091317659648,-27.4497327714575],[153.091239659654,-27.4497527714499],[153.091008649672,-27.449804791427],[153.090821659688,-27.4498348014084],[153.090607659705,-27.4498878013873],[153.09054063971,-27.4498987913807],[153.090482649716,-27.4499048013749],[153.090432639722,-27.4498967913698],[153.090423659727,-27.4498647913686],[153.090409649733,-27.4498318013669],[153.090363659739,-27.4498218013622],[153.090313649744,-27.4498257913572],[153.090269629747,-27.4498398013529],[153.090216669751,-27.4498508013477],[153.090173639756,-27.4498477913433],[153.090110639764,-27.4498348013369],[153.09002963977,-27.4498617913289],[153.089958649776,-27.4498718013219],[153.089917659782,-27.4498617913177],[153.089878639786,-27.4498597913137],[153.08982764979,-27.4498698013087],[153.089814619792,-27.4498708013074],[153.089773629796,-27.4498718013033],[153.089726619802,-27.4498657912985],[153.089666029817,-27.4497944512918],[153.08964200983,-27.4497094412887],[153.089635039832,-27.449702451288],[153.089707019874,-27.4493104612921],[153.088840039998,-27.4490664612029],[153.088066020053,-27.4492864411268],[153.088204019966,-27.4498594411452],[153.087937029972,-27.4500364511197],[153.087882019979,-27.4500254411141],[153.087730039988,-27.4500844610993],[153.087375040017,-27.4501544410641],[153.087031020055,-27.4501504510295],[153.086760050081,-27.4501674510023],[153.086925030175,-27.449290461012],[153.084383020479,-27.4490374507542],[153.084210050381,-27.4499604507441],[153.08415873039,-27.4499278207387],[153.0840887604,-27.4499108207315],[153.083945750419,-27.4498848107169],[153.083863770432,-27.4498528207084],[153.083723030455,-27.4497834406937],[153.083664040465,-27.4497574506876],[153.083590020476,-27.4497314606799],[153.083518040487,-27.4497074506725],[153.083369020509,-27.4496614606571],[153.08328802052,-27.4496424606488],[153.08322404053,-27.4496164506422],[153.08316305054,-27.4495904506359],[153.08309103055,-27.4495674606284],[153.083018030561,-27.4495474606209],[153.082933020573,-27.4495224506122],[153.082860020583,-27.4495054506047],[153.082769030596,-27.4494774505953],[153.082700040606,-27.4494574605882],[153.082610030619,-27.449433440579],[153.082541010629,-27.4494114505719],[153.082476040639,-27.4493864505651],[153.082418040647,-27.4493724505592],[153.082348040656,-27.449358440552],[153.082261020668,-27.4493394405431],[153.08211801069,-27.4492894605283],[153.081965040713,-27.4492384505126],[153.081903800721,-27.4492208405062],[153.081868790727,-27.4492028405026],[153.080711050879,-27.4489894403844],[153.079920021006,-27.4486534503022],[153.079696021041,-27.4485614502789],[153.079910021162,-27.4474234602915],[153.078714021331,-27.4471044601686],[153.074694021897,-27.4460294397558],[153.07227801221,-27.4456034395094],[153.072182022156,-27.4461124495038],[153.072112012116,-27.4464904394997],[153.072092052119,-27.4464844494977],[153.072042042125,-27.4464794594926],[153.072006022125,-27.4465034494892],[153.071967042131,-27.4464954594852],[153.071971012139,-27.446421459485],[153.071936052147,-27.4463934494813],[153.071874032153,-27.4463934494751],[153.07179304216,-27.446407449467],[153.071618022171,-27.4464674494499],[153.07148903218,-27.4465114394373],[153.071374022196,-27.4464824494255],[153.071310042211,-27.4464164394185],[153.071233022227,-27.4463544494103],[153.071122022249,-27.4462724593985],[153.071006032272,-27.4461884493861],[153.070899052291,-27.4461274593749],[153.070778052309,-27.4460934493625],[153.070688042323,-27.4460544493531],[153.070649022336,-27.4459834493486],[153.070618032348,-27.445915449345],[153.070572042359,-27.44587244934],[153.07053704237,-27.445815449336],[153.070470022385,-27.4457534393288],[153.070405022395,-27.4457294493221],[153.070337022401,-27.4457354593153],[153.070263032413,-27.4457084493076],[153.070212042425,-27.4456564493021],[153.070130032446,-27.4455594492931],[153.070049032472,-27.4454224592839],[153.070101052501,-27.4451464592869],[153.069220052651,-27.4447024591948],[153.06909602264,-27.4448994391839],[153.068643972706,-27.4447569191373],[153.068596992714,-27.4447339291324],[153.068551992723,-27.4447049191276],[153.068460992738,-27.4446569291181],[153.068409962747,-27.4446339291128],[153.068363972753,-27.4446229291081],[153.068308972759,-27.4446199291025],[153.068217972777,-27.4445569190929],[153.068178962784,-27.4445339190888],[153.068122972793,-27.444509929083],[153.068078952798,-27.4445079290785],[153.068020982805,-27.4445039290727],[153.067977952812,-27.4444849290682],[153.067923972819,-27.4444729290627],[153.067879982827,-27.444448929058],[153.067779972842,-27.4444189290477],[153.06773095285,-27.4443959290426],[153.067685952856,-27.444380929038],[153.067635982865,-27.4443539190328],[153.067587982871,-27.4443459190279],[153.067537982879,-27.4443269290227],[153.067496992885,-27.4443179290185],[153.067246962923,-27.4442259489926],[153.067202952929,-27.4442159389881],[153.067112022944,-27.4441749489787],[153.067054982954,-27.4441449389727],[153.066952992965,-27.4441419389624],[153.066904012972,-27.4441319389574],[153.066853022978,-27.4441239389522],[153.066617013012,-27.444058948928],[153.066509013028,-27.4440209289168],[153.066386993046,-27.4439839389043],[153.066216023071,-27.4439279388866],[153.065764993134,-27.4438089388403],[153.06564801315,-27.4437869488284],[153.065588003155,-27.4437969388224],[153.065573993154,-27.4438139388212],[153.065389013178,-27.4437839488023],[153.06539200318,-27.4437619388025],[153.065377983188,-27.4437169388007],[153.065308013201,-27.4436689387933],[153.064905023257,-27.443566958752],[153.064760043276,-27.4435369587371],[153.064620063296,-27.4435049687228],[153.064463043317,-27.4434669687067],[153.064305033339,-27.4434269586905],[153.064160053359,-27.4433939686757],[153.064011023378,-27.4433679586605],[153.063922033389,-27.4433569686515],[153.063804033405,-27.4433294386394],[153.063605033421,-27.4433724486197],[153.063111043489,-27.4432544385691],[153.063194043535,-27.442819448574],[153.062691043598,-27.4427434485229],[153.062617013556,-27.4431384485186],[153.062021043637,-27.4430094484576],[153.062082033671,-27.4426884484612],[153.061480043747,-27.4425964484],[153.061499023757,-27.4425014584011],[153.061198043795,-27.4424554483705],[153.060997033822,-27.44241144835],[153.060790043848,-27.4423804483289],[153.060719013808,-27.4427534383247],[153.060523043834,-27.4427144483047],[153.060320033861,-27.442675448284],[153.060220023874,-27.4426584482738],[153.060118043886,-27.4426494582635],[153.060017043898,-27.4426384482532],[153.059916013911,-27.442625438243],[153.059814033923,-27.4426164482327],[153.059582043951,-27.4425854482091],[153.059345043982,-27.4425434481849],[153.059344023981,-27.4425514381849],[153.059142034006,-27.4425294481644],[153.059144044007,-27.4425134381645],[153.05904304402,-27.4425024581543],[153.05893902403,-27.4425064481438],[153.058737034055,-27.4424844481234],[153.058284134109,-27.4424399980775],[153.058229134116,-27.4424299880719],[153.058168144123,-27.4424289880657],[153.058091124132,-27.442422998058],[153.05802513414,-27.4424150080513],[153.057975134146,-27.4424059980462],[153.057917134153,-27.4424049980403],[153.057840154161,-27.4423999980325],[153.057782114169,-27.4423879980266],[153.057725144175,-27.4423879980209],[153.0575191342,-27.4423699980001],[153.057442124209,-27.4423590079922],[153.057365144218,-27.4423529879844],[153.057294114227,-27.4423419979772],[153.057217134236,-27.4423359879694],[153.057159134242,-27.4423359879636],[153.057063144253,-27.4423300179539],[153.056979114264,-27.4423180079453],[153.056825124282,-27.4423070179298],[153.056790124286,-27.4423060179263],[153.056728144292,-27.44230601792],[153.056685144297,-27.4423040179157],[153.056567104311,-27.4422950079038],[153.056555134312,-27.4422950079026],[153.056465124323,-27.4422890178935],[153.05639416433,-27.4422890178863],[153.056279154343,-27.4422830278747],[153.056195174354,-27.4422710178662],[153.056031034374,-27.4422534478496],[153.055977154379,-27.4422590078442],[153.055919154386,-27.4422550178383],[153.055887144389,-27.4422540178351],[153.055823164397,-27.4422480178286],[153.055771154403,-27.4422420078234],[153.055726144407,-27.4422470278189],[153.055716184408,-27.4422470278179],[153.055655154415,-27.4422420078117],[153.055598174422,-27.442242007806],[153.055424184442,-27.4422300177884],[153.055216024465,-27.4422204577674],[153.055165034473,-27.4422054577621],[153.055012024489,-27.4422034577467],[153.054934024502,-27.4421674577386],[153.054852194506,-27.4422030077307],[153.05418821458,-27.4421850276638],[153.054037214596,-27.4421850276486],[153.053918194608,-27.4421910376367],[153.053603194637,-27.4422260276054],[153.053499174645,-27.4422510375951],[153.053336194655,-27.4423090375792],[153.052343214721,-27.442636037482],[153.052152244724,-27.4427740374639],[153.052133234724,-27.4427910374621],[153.052101224725,-27.442803037459],[153.052068224727,-27.4428200374558],[153.052004244731,-27.4428430374496],[153.051927224733,-27.4428880274422],[153.051844224738,-27.4429230274341],[153.051805244739,-27.4429450274304],[153.051721224744,-27.4429800274222],[153.051689244744,-27.4430020274192],[153.051657234746,-27.4430200274161],[153.051618214746,-27.4430540274124],[153.051560254747,-27.4430880374069],[153.051483204748,-27.4431510273996],[153.051438234749,-27.4431800373954],[153.05134822475,-27.4432480373868],[153.051271214749,-27.4433170273796],[153.051232264749,-27.4433570373761],[153.051187264749,-27.4433910273718],[153.051077254746,-27.4435060373617],[153.051026264746,-27.4435510373569],[153.050936284738,-27.4436890473489],[153.050904274733,-27.4437570273463],[153.050852264731,-27.4438200373415],[153.050833284728,-27.4438550473399],[153.05079426473,-27.4438770373362],[153.050762254729,-27.4439120373332],[153.050742254723,-27.4439750373317],[153.050729254713,-27.4440660373311],[153.050710244709,-27.4441120273296],[153.050710244705,-27.4441460273298],[153.050697244701,-27.4441870273289],[153.050690244696,-27.4442320373285],[153.050690244688,-27.444301037329],[153.050684294682,-27.4443520273289],[153.050690244676,-27.4443930373298],[153.050690244669,-27.4444440273302],[153.050684294666,-27.4444790273299],[153.050696264658,-27.4445300373315],[153.050703234651,-27.4445760273325],[153.050696264647,-27.4446160373321],[153.050696264633,-27.4447310373331],[153.05068323463,-27.444759027332],[153.050689254628,-27.4447760273327],[153.050734264621,-27.4447940273374],[153.050741264617,-27.4448170473383],[153.050741264614,-27.4448390373384],[153.050702254615,-27.4448680273347],[153.050708274612,-27.4448850273355],[153.050721264608,-27.4449020273369],[153.050766274592,-27.4449890373421],[153.050779264586,-27.4450290373438],[153.050811234574,-27.4450970373475],[153.050830254563,-27.44516602735],[153.050849274559,-27.445183027352],[153.050856274555,-27.4452060373529],[153.050855254552,-27.445235027353],[153.050875264546,-27.4452640373553],[153.050894274538,-27.4453090273575],[153.050907234532,-27.4453500273592],[153.050941034518,-27.4454294473632],[153.050972024504,-27.445515457367],[153.051003264487,-27.445625027371],[153.051015234483,-27.4456470273723],[153.051035234478,-27.4456650273745],[153.051054254473,-27.4456880373766],[153.051073274466,-27.4457340373789],[153.051099264457,-27.4457790473818],[153.051099264455,-27.445797027382],[153.05110528445,-27.4458310273829],[153.051131234442,-27.4458710273858],[153.051169264428,-27.4459510373902],[153.051175254423,-27.4459860373911],[153.051227264405,-27.4460830373971],[153.051251244399,-27.4461100273997],[153.051246244394,-27.4461520373996],[153.051259234388,-27.4461920374012],[153.051271244383,-27.4462210274026],[153.051290264379,-27.4462380274047],[153.051303254374,-27.4462610374061],[153.051310264368,-27.4463070374072],[153.051322274362,-27.4463410374087],[153.051335264354,-27.4463930374104],[153.051361254343,-27.4464610274136],[153.051380274328,-27.4465650374163],[153.051393264323,-27.4465930474178],[153.051457254307,-27.4466620274248],[153.051463234301,-27.4467080374258],[153.051476264295,-27.4467420374273],[153.051476264291,-27.4467710274276],[153.051482254287,-27.4468000374284],[153.051495244281,-27.44683404743],[153.051514264277,-27.4468570374321],[153.051527254272,-27.4468800374336],[153.051540284267,-27.4469140374351],[153.051546274261,-27.4469540374361],[153.051607264243,-27.4470410374429],[153.051646244228,-27.4471270274475],[153.05162303422,-27.4472094474458],[153.051632054212,-27.4472654474471],[153.051648034193,-27.4474054474498],[153.051641024192,-27.4474184374492],[153.051713044162,-27.4475974474579],[153.051779034136,-27.4477454474657],[153.051929304058,-27.4482320174846],[153.051968324043,-27.4483240174893],[153.051981284034,-27.4483820074911],[153.052000294026,-27.4484270174933],[153.052012304019,-27.4484730174949],[153.052044314009,-27.4485300074986],[153.052064323997,-27.4486050075012],[153.052076293987,-27.4486740175029],[153.05208928398,-27.4487140175045],[153.052102283966,-27.4488170175067],[153.052108303954,-27.448908017508],[153.052127283947,-27.4489490175102],[153.052178273933,-27.4490170275159],[153.052210283918,-27.4491030075198],[153.05221729391,-27.449166027521],[153.0522293039,-27.4492350075227],[153.052223273895,-27.4492750075224],[153.052242293891,-27.4492920075245],[153.052242293887,-27.4493270075248],[153.052273283854,-27.4495600175297],[153.052288323845,-27.4496170175317],[153.052287043835,-27.4497014475322],[153.052323033808,-27.4498824575373],[153.052429023748,-27.450267437551],[153.05246005373,-27.450385447555],[153.052566043653,-27.4509044475698],[153.052558013645,-27.4509694375695],[153.052669053618,-27.4510904475816],[153.052836043519,-27.4517334576035],[153.052817023512,-27.4518094476021],[153.05292228346,-27.4521310176153],[153.052922283454,-27.4521730176156],[153.052902283442,-27.4522870076145],[153.052898303437,-27.4523300276144],[153.052910283425,-27.4524160076163],[153.052952033399,-27.4525834576218],[153.052051033511,-27.4524664375304],[153.052124033455,-27.4528444475407],[153.053026023343,-27.4529704576323],[153.053066283326,-27.4530710176372],[153.053079273321,-27.4530940176387],[153.053084313318,-27.4531170076393],[153.05310329331,-27.4531639976416],[153.053110303304,-27.4532019976426],[153.0531212833,-27.4532269976439],[153.053121283297,-27.4532499876441],[153.053127273292,-27.453283997645],[153.053112303283,-27.4533699976442],[153.053111283275,-27.4534329976446],[153.053161293257,-27.4535369976504],[153.053173293252,-27.4535659876518],[153.053173293246,-27.4536119976522],[153.053185303239,-27.4536579876538],[153.053183303223,-27.4537839976546],[153.053188303214,-27.4538529976556],[153.053193953209,-27.4538864476564],[153.053200313204,-27.4539220076574],[153.053212313197,-27.4539679976589],[153.053230273189,-27.4540140076611],[153.05324830318,-27.4540709976634],[153.053267283173,-27.4541060076656],[153.053292283167,-27.4541349976683],[153.053311273161,-27.4541639976704],[153.053356313153,-27.4541929876752],[153.053395033116,-27.4544484376811],[153.053365033112,-27.4545054576785],[153.052915023158,-27.4545274576335],[153.052939043118,-27.4548244476383],[153.05337204307,-27.4548384576819],[153.053386023007,-27.4553244476871],[153.053413322998,-27.4553689976902],[153.05340631299,-27.4554439976901],[153.053411312981,-27.4555069876911],[153.05341033297,-27.4555979876917],[153.053414302956,-27.455701997693],[153.053413322947,-27.4557710076934],[153.053418322935,-27.4558679976947],[153.053424342928,-27.4559139876956],[153.053430332924,-27.4559429976965],[153.05341602292,-27.4559864576954],[153.05342233291,-27.4560569976966],[153.053415332909,-27.456073997696],[153.053414302904,-27.4561139976962],[153.053426312898,-27.4561549876977],[153.053432342892,-27.4561950076987],[153.053438322885,-27.4562469876997],[153.053450332878,-27.4562929977013],[153.053455292871,-27.4563389877021],[153.053456352868,-27.4563649977024],[153.053462302863,-27.4564010077033],[153.053460332854,-27.4564740077037],[153.05346632285,-27.4564969977045],[153.053472342845,-27.4565319977053],[153.053470332828,-27.4566689977062],[153.053477342821,-27.4567169977073],[153.053482302817,-27.456743987708],[153.053481322814,-27.4567719977081],[153.05348730281,-27.4567949977089],[153.053486322803,-27.4568529977093],[153.0534923428,-27.45686999771],[153.053492342797,-27.4568929877102],[153.053504352792,-27.4569219977116],[153.053510342787,-27.4569609977126],[153.053510342784,-27.4569849877127],[153.05352231278,-27.4570079877141],[153.053528332774,-27.457048007715],[153.05353432277,-27.4570709977158],[153.053540342767,-27.4570889977166],[153.053537312741,-27.457300987718],[153.053532352732,-27.4573790077181],[153.053529322731,-27.4573859977178],[153.053528332724,-27.4574439977182],[153.05350833272,-27.4574949977166],[153.053487302707,-27.4576089977154],[153.053485332692,-27.4577359977162],[153.053497342687,-27.4577589977176],[153.053503332682,-27.4577929977184],[153.053502312679,-27.4578189877185],[153.053500332659,-27.4579799977196],[153.053499312656,-27.4580049877197],[153.053492342653,-27.4580339977192],[153.05349132264,-27.45814299772],[153.053486322638,-27.4581619977196],[153.053472342629,-27.4582389977188],[153.053452342619,-27.4583410077176],[153.053435332612,-27.4584109877165],[153.053408322603,-27.4585029877145],[153.053328712588,-27.458691877708],[153.053325762584,-27.4587199577079],[153.05332966258,-27.4587481677085],[153.053336852576,-27.4587770877095],[153.053354552561,-27.4588793977121],[153.053350322559,-27.4588970077118],[153.053349332555,-27.458931987712],[153.053367292541,-27.4590299977145],[153.053372332534,-27.4590810077155],[153.053385322527,-27.4591219977171],[153.053397332522,-27.4591499877185],[153.05339733252,-27.4591679977186],[153.053390322517,-27.4592019977182],[153.053419312493,-27.4593629977224],[153.053432342488,-27.459397007724],[153.053447452475,-27.4594825277262],[153.053447812469,-27.4595324777266],[153.053444342453,-27.4596562977272],[153.053446722442,-27.4597437477282],[153.053447812441,-27.4597527177283],[153.053453832435,-27.4597928277293],[153.05346132243,-27.4598310477303],[153.053496362414,-27.4599249977346],[153.053500372411,-27.4599429977351],[153.053499352408,-27.4599720077353],[153.053511362401,-27.4600149977368],[153.053517342388,-27.4601119877382],[153.05352735237,-27.4602470077403],[153.053533372368,-27.460258997741],[153.053539352362,-27.4602989877419],[153.053538372356,-27.4603449977421],[153.053550342347,-27.4604079877438],[153.053584362313,-27.4606489877492],[153.053590342305,-27.4607069877502],[153.053588372296,-27.4607809877506],[153.053594362291,-27.4608159877515],[153.053613382282,-27.4608729877538],[153.05362436227,-27.4609589977556],[153.053642362258,-27.4610399877581],[153.053648382252,-27.461080007759],[153.053666342244,-27.4611259977612],[153.053685352233,-27.4611949977636],[153.053708352213,-27.461332987767],[153.053714332211,-27.4613449977677],[153.053713352203,-27.4614130077682],[153.053711342188,-27.4615339977689],[153.053718352184,-27.4615600077698],[153.053714332181,-27.4615839977696],[153.053721342179,-27.4615959877704],[153.053740362175,-27.4616129877725],[153.053759342167,-27.4616540077747],[153.053785362159,-27.4617009977777],[153.053822342138,-27.4618329877824],[153.053845372113,-27.4620109977862],[153.053857342106,-27.4620569877877],[153.053893372086,-27.4621839877924],[153.053912382078,-27.4622299977946],[153.053942352066,-27.4622989877982],[153.053974362057,-27.4623459978018],[153.053980382054,-27.4623629778025],[153.053980382051,-27.4623859778027],[153.053985352046,-27.4624259678035],[153.054010352039,-27.4624609778063],[153.054048382026,-27.4625299778107],[153.054079332017,-27.4625759678141],[153.054098352009,-27.4626169878164],[153.054117372004,-27.4626459778185],[153.054129381998,-27.46267997782],[153.054173361984,-27.462754977825],[153.054191351972,-27.4628359878275],[153.054203321967,-27.4628649778289],[153.054241361956,-27.4629169778331],[153.054291331946,-27.4629569778385],[153.054317351939,-27.4629869878413],[153.05439736191,-27.4631539878507],[153.054435361895,-27.4632399678552],[153.054479341882,-27.4633039778601],[153.054491351877,-27.4633329678615],[153.054510361872,-27.4633559878636],[153.054524381867,-27.4633819778652],[153.054547341861,-27.4634139878678],[153.054584351846,-27.4634999678722],[153.054609351834,-27.4635749678753],[153.054627351826,-27.4636209778775],[153.054652381818,-27.4636619778803],[153.054677351806,-27.4637369778834],[153.054708381796,-27.4637889778869],[153.054727361788,-27.4638349878892],[153.054758341778,-27.4638919878928],[153.054770351771,-27.4639329778943],[153.054789371765,-27.4639669878965],[153.054813351755,-27.4640249878994],[153.054876351735,-27.4641289679065],[153.054913361722,-27.4641979779108],[153.054932381715,-27.464238967913],[153.054938361712,-27.4642619879138],[153.054950331707,-27.4642849779152],[153.054963331702,-27.4643189879168],[153.054975341698,-27.4643369879181],[153.054988371693,-27.4643709679197],[153.055013371686,-27.4643999779224],[153.05503235168,-27.4644349779246],[153.055050341672,-27.4644809679268],[153.055056371668,-27.4645039879276],[153.055069361665,-27.464521987929],[153.055088381661,-27.4645389879311],[153.055119331652,-27.4645789879345],[153.055150351641,-27.4646429779381],[153.05518835163,-27.4646989779424],[153.055256351608,-27.4648159879501],[153.055299351596,-27.4648719879549],[153.055401361568,-27.4650069779662],[153.055448381553,-27.4650849779716],[153.055458341549,-27.4651099679728],[153.055452361545,-27.4651449779724],[153.055471331537,-27.4651909779747],[153.055509371527,-27.4652369779789],[153.055535361519,-27.4652769679818],[153.055567331511,-27.4653169879854],[153.055586351504,-27.4653569779876],[153.055644381487,-27.465437977994],[153.055663321479,-27.4654839879963],[153.055682341474,-27.4655119779984],[153.055778341443,-27.4656789780094],[153.055797351425,-27.4657989880123],[153.05579637142,-27.4658449780125],[153.055803341415,-27.4658739880135],[153.05581535141,-27.4659019780149],[153.055847361403,-27.4659369580184],[153.055886341395,-27.4659659680226],[153.055924371388,-27.4659889580266],[153.055937371384,-27.466005958028],[153.055975331377,-27.466028958032],[153.055988361373,-27.4660519580335],[153.056007341364,-27.4661039580358],[153.056020371358,-27.4661439580374],[153.056027341352,-27.4661839480384],[153.056084351336,-27.4662639680448],[153.056129361326,-27.4663049580497],[153.056154361319,-27.4663389680524],[153.056162831314,-27.4663690480535],[153.056181331308,-27.4664009180556],[153.056214041301,-27.4664306880592],[153.056241341295,-27.4664533880621],[153.056274851289,-27.4664690580656],[153.056337741276,-27.4665196180723],[153.056386131268,-27.4665465480774],[153.056436321257,-27.4665853280827],[153.05647775125,-27.4666099180871],[153.056529831239,-27.4666522980926],[153.056539621235,-27.4666780280938],[153.056550311232,-27.466692738095],[153.056583821229,-27.4666839480983],[153.056600941222,-27.4667252081004],[153.056619001216,-27.4667602081025],[153.056627841214,-27.4667686081034],[153.056637221212,-27.4667710081044],[153.056643931211,-27.4667751881051],[153.05664861121,-27.4667841881056],[153.056655361208,-27.4667931781064],[153.056673351204,-27.4668109581083],[153.056699341194,-27.4668629581113],[153.056724341188,-27.4668909681141],[153.056757341182,-27.4669089681175],[153.056788331177,-27.4669199581207],[153.056808331173,-27.4669369581229],[153.056840341163,-27.4669889581265],[153.056860341155,-27.4670329581289],[153.056872351149,-27.4670749681304],[153.056871291139,-27.4671529581309],[153.05687731113,-27.4672189481321],[153.056890311124,-27.4672589681337],[153.056916331117,-27.4672929481366],[153.056939261111,-27.4673178881391],[153.056883811115,-27.4673324481336],[153.056943821099,-27.4674113481402],[153.056996521083,-27.4674921581462],[153.057047041067,-27.4675735381519],[153.057044961066,-27.4675829781518],[153.057046461065,-27.467592428152],[153.057051711062,-27.4676073181526],[153.057079821053,-27.4676595881559],[153.057111721043,-27.4677098281595],[153.057122451039,-27.4677318281607],[153.057128841038,-27.4677375781614],[153.057134461037,-27.467739898162],[153.057189541033,-27.4677253881674],[153.057197311025,-27.4677809681687],[153.057213741019,-27.4678137281706],[153.057145041024,-27.4678318381638],[153.057152231021,-27.4678483581647],[153.057186321011,-27.4678998281685],[153.057201841007,-27.4679183481702],[153.057228041006,-27.4679046381727],[153.057259540992,-27.4679902781766],[153.057272720986,-27.4680261481782],[153.057289040976,-27.4680861081803],[153.057286330974,-27.4681079681802],[153.057292320967,-27.4681599781812],[153.057292360961,-27.4682059881816],[153.057304370953,-27.4682569881832],[153.057304370947,-27.4683029781835],[153.057298340943,-27.4683439781833],[153.057304370937,-27.4683889881842],[153.057329370922,-27.4684809881875],[153.057354330896,-27.4686699781915],[153.057354330888,-27.4687279781919],[153.05736036088,-27.468784978193],[153.057354330874,-27.4688419781928],[153.057308380861,-27.4689859781894],[153.057321370849,-27.4690659781913],[153.057340350842,-27.4691059681935],[153.057353350834,-27.4691569781952],[153.057372360826,-27.4692039881975],[153.05737835082,-27.4692489781985],[153.057391340814,-27.4692839782],[153.057397370808,-27.469329988201],[153.057397370803,-27.4693699882013],[153.057403350797,-27.4694099782022],[153.057403350782,-27.4695249782031],[153.057409380775,-27.4695759782042],[153.057409380769,-27.4696279882046],[153.057402370763,-27.4696789682043],[153.057415330757,-27.4697189882059],[153.057415330752,-27.4697539682062],[153.057412110749,-27.4697817582061],[153.057408350747,-27.4697999782058],[153.057408350741,-27.4698449682062],[153.057395360731,-27.4699369682056],[153.057388350728,-27.4699659782051],[153.057375360727,-27.469988978204],[153.057362360724,-27.470022978203],[153.05735638072,-27.4700569782026],[153.057362360714,-27.4701029682036],[153.057344840702,-27.4702102182027],[153.05732681068,-27.4704021782024],[153.057297760675,-27.4704671782],[153.057302650672,-27.4704867582006],[153.057302430666,-27.470532578201],[153.057283010664,-27.4705669181993],[153.057270020659,-27.4706127181984],[153.057246910658,-27.4706451481963],[153.057246440657,-27.4706535181963],[153.057237640652,-27.4706985981958],[153.05721742065,-27.470732588194],[153.057192350646,-27.4707844381919],[153.057171540641,-27.4708410281903],[153.057153660635,-27.470905668189],[153.057140330631,-27.4709447781879],[153.057112850629,-27.4709888681855],[153.057095040625,-27.4710305981841],[153.057082340621,-27.4710759281831],[153.057056130617,-27.4711279281809],[153.057035910616,-27.4711570481791],[153.056975350607,-27.471276838174],[153.056950530603,-27.4713306881719],[153.056939330599,-27.4713704481711],[153.056928630598,-27.4713913281702],[153.056907900596,-27.4714234981684],[153.056895930593,-27.4714575781674],[153.056865340588,-27.4715179781648],[153.056940860576,-27.4715482481727],[153.056849650568,-27.4716908881646],[153.056735800559,-27.4718632681546],[153.056655720553,-27.4719757081474],[153.056629410558,-27.4719586681446],[153.056622650557,-27.471969138144],[153.056595720558,-27.4719903281415],[153.05655823056,-27.4720033081378],[153.056546110559,-27.4720191681367],[153.056525930557,-27.472054798135],[153.056519430553,-27.4720948881346],[153.056467820552,-27.4721405781298],[153.056454940552,-27.4721577481286],[153.056429130551,-27.4721805981262],[153.056409750551,-27.4722034581245],[153.056403250546,-27.4722435481241],[153.056383840545,-27.4722721581224],[153.056345220547,-27.4722892281187],[153.056313030547,-27.4723120381156],[153.056275720544,-27.4723707981123],[153.056317330534,-27.4724107881168],[153.056287440533,-27.4724450881141],[153.056248350532,-27.4724855281105],[153.056213420531,-27.4725235481073],[153.056182320531,-27.4725527781044],[153.056144140532,-27.4725779781007],[153.056093510535,-27.4725979380958],[153.056009750536,-27.4726607280879],[153.055997740537,-27.4726645180867],[153.055951640539,-27.4726830380822],[153.055902140541,-27.4727083980774],[153.05577242054,-27.4728257680653],[153.055727460538,-27.4728797080612],[153.055689820538,-27.4729180780578],[153.055629530535,-27.4729858780522],[153.055532730534,-27.4730776080432],[153.055512950533,-27.4731060580415],[153.055332930532,-27.4732663980247],[153.055205030531,-27.4733785480127],[153.055060240545,-27.4733922579982],[153.054978840551,-27.4734140079902],[153.054983260548,-27.4734358779908],[153.054946720552,-27.4734386379872],[153.054914750556,-27.4734285879839],[153.054906020558,-27.473420537983],[153.05489383056,-27.4734183779817],[153.05488292056,-27.4734289179807],[153.054858720558,-27.4734593379785],[153.054811820557,-27.4735124079742],[153.054789150557,-27.4735295779721],[153.054787110557,-27.4735325179719],[153.054723010558,-27.4735800679658],[153.054651440563,-27.4735977479588],[153.054625850564,-27.4736152579563],[153.054576060564,-27.4736553479516],[153.054540950566,-27.4736716579483],[153.054533030567,-27.4736710879475],[153.054507550567,-27.4736933379451],[153.054501640567,-27.4736972979445],[153.054488860566,-27.4737121179433],[153.054431120566,-27.473764327938],[153.054406560567,-27.4737773279356],[153.054388530566,-27.4737955879339],[153.054376520567,-27.4737986079327],[153.054354140566,-27.4738287479307],[153.054322830567,-27.4738497779278],[153.054250560569,-27.4738905679208],[153.054239240567,-27.4739151379199],[153.05426552056,-27.4739512179228],[153.054212050559,-27.4740019079178],[153.054160440559,-27.474047617913],[153.05409605056,-27.4740932379069],[153.054031630561,-27.4741446079008],[153.05397352056,-27.4742017378954],[153.053880150561,-27.4742676778866],[153.053857630562,-27.4742816178844],[153.053806020562,-27.4743273178796],[153.053748060562,-27.4743729778741],[153.053696410562,-27.4744186678693],[153.053657830563,-27.4744414778656],[153.053599720562,-27.4744986078602],[153.053477340563,-27.4745956578487],[153.053412840563,-27.4746527678426],[153.053329150567,-27.4746925978346],[153.053284040566,-27.4747325978303],[153.053232430567,-27.4747725378255],[153.053187350567,-27.4748125178213],[153.053169940565,-27.4748379578197],[153.05312201057,-27.4748443178149],[153.053025510574,-27.4748898678056],[153.052974040576,-27.4749183578007],[153.05290966058,-27.4749467877944],[153.052851730583,-27.4749695477888],[153.052800230586,-27.4749922977838],[153.05272942059,-27.4750207577769],[153.052671530594,-27.4750377577712],[153.052626530596,-27.4750547977668],[153.052574910598,-27.4750890177619],[153.052523450601,-27.4751060377569],[153.052465520605,-27.4751230577512],[153.052394820609,-27.4751514977443],[153.052330440613,-27.475174187738],[153.052248970618,-27.4752066577301],[153.052201740622,-27.4752139077254],[153.052137430625,-27.4752423477191],[153.05206665063,-27.4752650477122],[153.05200862063,-27.4753164377068],[153.051957150632,-27.4753449277018],[153.051750630642,-27.4754362676818],[153.051699640644,-27.4754644776769],[153.051641650647,-27.4754929476713],[153.051570840649,-27.4755328376645],[153.051487250655,-27.4755554976563],[153.05141644066,-27.4755781776494],[153.051339240666,-27.4755951276417],[153.051236350673,-27.4756291776317],[153.051152620678,-27.4756633176235],[153.051024030687,-27.4756972576109],[153.050927520695,-27.4757198876013],[153.050856710699,-27.4757425675944],[153.050773060704,-27.4757766975863],[153.050708630707,-27.4758108875801],[153.050650740709,-27.4758450775745],[153.05059924071,-27.4758735675696],[153.05056552071,-27.4759034275664],[153.050142520745,-27.4759880075246],[153.049593050787,-27.4761194474704],[153.049463030795,-27.4761724574578],[153.049132010813,-27.4763114474256],[153.049103030813,-27.4763304474228],[153.048923020826,-27.4763804474052],[153.048858050831,-27.4763974473988],[153.048753040838,-27.4764304573885],[153.048542030857,-27.4764594373675],[153.04844103087,-27.4764464573573],[153.048367050873,-27.4764864473501],[153.048359020873,-27.4764934473494],[153.048318030874,-27.4765154373454],[153.048278020876,-27.4765324473415],[153.048246010879,-27.4765384573384],[153.048177030883,-27.4765634473317],[153.048150020885,-27.476575457329],[153.048112020888,-27.4765824473253],[153.048087020889,-27.4765924373228],[153.04804103089,-27.4766294373185],[153.048033040886,-27.476661447318],[153.048025040884,-27.4766854373173],[153.047990040886,-27.4766984473139],[153.047940030887,-27.4767354473092],[153.04780104089,-27.4768264472959],[153.047752020887,-27.4768914572915],[153.047660040884,-27.4769984372831],[153.047578030885,-27.4770624472754],[153.047399030892,-27.4771514572581],[153.047358040895,-27.4771644372541],[153.047308040897,-27.4771944472493],[153.047242040895,-27.4772664472433],[153.047186020895,-27.477314437238],[153.047164040896,-27.4773264472359],[153.047007020898,-27.477442437221],[153.046998040898,-27.4774504472202],[153.0469660309,-27.4774614372171],[153.046875040903,-27.4775174372084],[153.046830580904,-27.4775400272041],[153.046760030907,-27.4775794471973],[153.046643550913,-27.477629027186],[153.046553580919,-27.4776620371772],[153.046533580919,-27.4776740371753],[153.046468570924,-27.4776900271689],[153.046378560928,-27.4777350371602],[153.046346590931,-27.477740027157],[153.04633360093,-27.4777570271559],[153.046281580934,-27.4777740371508],[153.046242570936,-27.477790037147],[153.046197600937,-27.4778180271427],[153.046171570939,-27.4778290371402],[153.046113570947,-27.4778110471342],[153.046049590954,-27.4778110471278],[153.045998560957,-27.4778330471228],[153.04595363096,-27.4778440571184],[153.045901620964,-27.4778540471132],[153.045840630971,-27.4778550471071],[153.045805620974,-27.4778590571036],[153.045708610982,-27.4778800570941],[153.045637610988,-27.477891047087],[153.045528630999,-27.4779010570762],[153.045341601015,-27.4779320570576],[153.045302621019,-27.4779320570537],[153.045245601024,-27.477937057048],[153.045219621026,-27.4779480470455],[153.045097601039,-27.4779460470332],[153.044968611052,-27.4779560570203],[153.044904621059,-27.4779550570139],[153.044833631069,-27.4779370570066],[153.044769611076,-27.4779360570002],[153.044673611088,-27.4779230469904],[153.0445776211,-27.4779050469806],[153.044447601116,-27.4778900469675],[153.044324641132,-27.477870046955],[153.044135601158,-27.4778230569356],[153.044052641169,-27.4778050569271],[153.043902621191,-27.4777630469117],[153.043819621202,-27.4777450469032],[153.043772651207,-27.4777390468985],[153.04368264122,-27.4777160568892],[153.043571641237,-27.4776780568778],[153.043471631251,-27.4776500668675],[153.043377641266,-27.4776090668578],[153.043427031299,-27.4773094468603],[153.043122031351,-27.4771574468285],[153.042844011383,-27.4771374468004],[153.042554021442,-27.4769174467696],[153.042169021525,-27.4765864467283],[153.041913041572,-27.4764334467014],[153.041752661587,-27.4764520566854],[153.041804021615,-27.4761814466884],[153.041572021665,-27.4759864566635],[153.041519031664,-27.4760374366586],[153.041220021727,-27.4757914466267],[153.041034021725,-27.4759694466094],[153.040985031733,-27.4759454366043],[153.040861041755,-27.4758784465913],[153.040825671755,-27.475910066588],[153.040780671762,-27.4758870665833],[153.040678691779,-27.4758390665727],[153.040647041787,-27.4758054465692],[153.040456041834,-27.4755944565484],[153.040405051846,-27.4755424565428],[153.040277041887,-27.4753274465283],[153.040216011906,-27.4752284465214],[153.040185031914,-27.475193446518],[153.040157031914,-27.4752194465154],[153.040146661914,-27.4752230665143],[153.040102681925,-27.4751770765096],[153.040057681934,-27.4751420765048],[153.040019681943,-27.4751010565006],[153.03999468195,-27.4750720664979],[153.039957671959,-27.4750320764939],[153.039976031961,-27.4749944464954],[153.040381031966,-27.4746134365331],[153.040156042047,-27.4741624465069],[153.039675052075,-27.4743534364601],[153.039590042079,-27.4743924564519],[153.039584022083,-27.474361446451],[153.039562042102,-27.4742324464478],[153.039544012112,-27.4741704564455],[153.039581022108,-27.4741694364492],[153.039576022127,-27.4740204364475],[153.039360022208,-27.4735664464222],[153.03931903222,-27.4735024364176],[153.039278042225,-27.4735034364135],[153.039185042262,-27.4732884464025],[153.039143102278,-27.4731941563975],[153.03909802238,-27.4724284363869],[153.039210042419,-27.472021436395],[153.038972022565,-27.4710694463635],[153.038792042677,-27.4703314463396],[153.038459012879,-27.4690144462958],[153.0381450429,-27.469115446265],[153.038017032907,-27.4691734362526],[153.037769023087,-27.4679574562181],[153.037684053139,-27.4676134462069],[153.037536663216,-27.4671340961883],[153.037517643223,-27.467088086186],[153.037455633253,-27.4669090961783],[153.037444483259,-27.4668663761769],[153.03741865327,-27.4668000961738],[153.037380663283,-27.4667300861694],[153.037356643296,-27.4666500961664],[153.037316643311,-27.4665610861616],[153.037306643315,-27.4665400961605],[153.037287623326,-27.466471086158],[153.037238643348,-27.466338106152],[153.037213633358,-27.4662801161491],[153.037188673366,-27.4662390961462],[153.037163633375,-27.4661871161433],[153.037138633386,-27.4661241061403],[153.037100673399,-27.4660540961359],[153.037075633409,-27.465997096133],[153.037044643419,-27.4659441161294],[153.036991643434,-27.4658680961235],[153.036940033452,-27.4657654461175],[153.036867613471,-27.4656781061096],[153.03684965348,-27.4656260961073],[153.036799613496,-27.4655391161016],[153.036761653507,-27.4654871060974],[153.036672673529,-27.4653880960877],[153.03663463354,-27.4653300960834],[153.036577663553,-27.4652770960773],[153.036533643565,-27.4652141060724],[153.036438633585,-27.4651381060622],[153.036381653599,-27.465074096056],[153.036298653617,-27.4650091060471],[153.036247623626,-27.4649800960418],[153.036113633652,-27.4648860960276],[153.036044213663,-27.4648554460204],[153.035634023721,-27.4647454459783],[153.035608693724,-27.4647410959757],[153.035435653745,-27.4647271159582],[153.035357683753,-27.4647261159504],[153.03528767376,-27.4647311059434],[153.035184673771,-27.464729105933],[153.035126673776,-27.4647400959273],[153.035042693784,-27.464750105919],[153.034952683791,-27.4647721059101],[153.034816683798,-27.4648330958969],[153.034707653804,-27.4648781258863],[153.034642683808,-27.46490012588],[153.034577683811,-27.4649331258737],[153.034395653812,-27.4650801258566],[153.034350683813,-27.4651081158523],[153.034304693809,-27.4651821158483],[153.034232683804,-27.4652791358418],[153.034187673797,-27.465375125838],[153.034179683793,-27.4654101358375],[153.03415369379,-27.4654551258353],[153.034107703787,-27.4655181158311],[153.034040723774,-27.4656841158257],[153.034024703766,-27.4657561158247],[153.034007693763,-27.4657921158233],[153.033981703762,-27.4658261258209],[153.033948713762,-27.4658551258178],[153.033954693755,-27.4659071358188],[153.033947693751,-27.4659411158184],[153.033947693746,-27.4659811358187],[153.033933713743,-27.4660211358176],[153.033928013726,-27.4661574358182],[153.033851033733,-27.4661704458105],[153.033833043712,-27.4663504458101],[153.033911043704,-27.4663474558179],[153.033910713643,-27.4668301158217],[153.033902723638,-27.4668761258213],[153.033908703629,-27.4669411158224],[153.033906703611,-27.4670871158234],[153.033908633607,-27.4671185858238],[153.033911703599,-27.4671771258246],[153.033908703563,-27.4674611358265],[153.033913713556,-27.4675141158274],[153.033910713528,-27.467744125829],[153.033923713523,-27.4677671258305],[153.033928713515,-27.4678241258314],[153.0339207135,-27.4679561158316],[153.033945723486,-27.4680431258348],[153.033944733483,-27.4680661258349],[153.033938713483,-27.4680771258344],[153.033955683465,-27.4682041358371],[153.033951703425,-27.4685201258392],[153.033964733422,-27.4685371258407],[153.03396473342,-27.4685541358408],[153.033951703419,-27.4685711358396],[153.033950723417,-27.4685891158397],[153.033980723395,-27.4687381358439],[153.033983713389,-27.4687791258445],[153.033992843381,-27.4688382958459],[153.033974043374,-27.4689044458445],[153.033976053369,-27.468948445845],[153.033994043349,-27.4690844558479],[153.034005723321,-27.4692961258508],[153.033975033311,-27.4694014458485],[153.033977733304,-27.4694561158492],[153.033989703295,-27.4695191258509],[153.033968023273,-27.4697154558503],[153.033969043268,-27.4697514558507],[153.033953753264,-27.4697951258495],[153.033941743267,-27.4697831258482],[153.033864763275,-27.4697871158405],[153.033867723244,-27.4700291158427],[153.033950753232,-27.4700531358512],[153.033962723234,-27.4700261258522],[153.034026023227,-27.4700284558586],[153.034098033199,-27.4701894358671],[153.034059053182,-27.4703554358645],[153.034073033165,-27.4704824458669],[153.034109023142,-27.4706264458717],[153.034097043135,-27.470699445871],[153.034171033074,-27.4711174558818],[153.034199033013,-27.4715734458882],[153.03420403297,-27.4719144558914],[153.03420903295,-27.4720624558931],[153.034240022917,-27.472299435898],[153.034195052922,-27.4723004358935],[153.033830052959,-27.472314445857],[153.033836032934,-27.4725064558591],[153.034200052897,-27.4724964458956],[153.03410102285,-27.4729544458893],[153.034130042807,-27.4732634558946],[153.034156032778,-27.4734714558989],[153.034190052733,-27.4738044459049],[153.034254032703,-27.4739814359127],[153.034301042666,-27.4742404359195],[153.03428403265,-27.4743794459189],[153.034245022628,-27.4745894459166],[153.034225012607,-27.4747694459161],[153.034298012556,-27.4751134559261],[153.034295022548,-27.4751754459263],[153.034362762519,-27.4753481059345],[153.034367762506,-27.4754461059357],[153.034334042497,-27.4755454459331],[153.034326782493,-27.4755831159327],[153.034325792481,-27.4756811059334],[153.034337762474,-27.475727095935],[153.034337762467,-27.4757840959354],[153.034349772461,-27.4758190959369],[153.034347762438,-27.4760081159382],[153.034331782417,-27.476181105938],[153.0343427624,-27.4763131059401],[153.03434178239,-27.4763871059406],[153.034353792383,-27.4764391059422],[153.034353792375,-27.4765021059427],[153.034358752367,-27.4765600959437],[153.034345792364,-27.4765941059426],[153.034331782355,-27.4766741159418],[153.034291772347,-27.4767711059386],[153.03427177234,-27.4768461059372],[153.034251772337,-27.4768861059355],[153.034232792338,-27.4768971159337],[153.034212792338,-27.4769140959318],[153.034212792336,-27.4769310959319],[153.034205782333,-27.4769541159314],[153.034172782325,-27.4770511059289],[153.034178772319,-27.4770911059298],[153.034190782315,-27.4771091059311],[153.034209762311,-27.4771251059332],[153.034209762309,-27.4771441059333],[153.034196802308,-27.4771611059321],[153.034196802307,-27.4771720959322],[153.034142782292,-27.4773380959281],[153.034089782278,-27.477492115924],[153.034056782271,-27.4775780959214],[153.034042772264,-27.4776411059205],[153.034040802248,-27.4777731059213],[153.034000792241,-27.477859115918],[153.033994772238,-27.4778930959176],[153.033941772228,-27.4780131059133],[153.033875752222,-27.4781150959074],[153.033822782213,-27.4782351059031],[153.033781792194,-27.4784181059004],[153.033774792188,-27.4784701159001],[153.033741792185,-27.4785271158972],[153.033702812183,-27.4785721058937],[153.033689812184,-27.4785780958924],[153.033643792182,-27.4786291058882],[153.033610792179,-27.4786801058853],[153.033577802169,-27.4787891058829],[153.033570792163,-27.4788401158825],[153.033587582149,-27.478941885885],[153.033581812146,-27.4789670958847],[153.033574802141,-27.4790181058844],[153.033554802135,-27.4790811158828],[153.033540822128,-27.4791441058819],[153.03353381212,-27.4792191058818],[153.03348005211,-27.4793384458774],[153.033459022111,-27.4793474358753],[153.033441032109,-27.4793804458738],[153.033279042103,-27.479567445859],[153.033251782099,-27.4796221058567],[153.033237802093,-27.4796801058557],[153.033211772087,-27.4797481158537],[153.033177792073,-27.4798910958514],[153.033175782057,-27.4800181058522],[153.033187792047,-27.4800871058539],[153.033158812023,-27.4803051058528],[153.033119792014,-27.4804071058496],[153.032925032021,-27.480517455831],[153.032840822021,-27.4805871058231],[153.03282111202,-27.4806164258213],[153.032781772019,-27.4806551158177],[153.032768812016,-27.4806901158166],[153.032742022013,-27.4807344358143],[153.032709792012,-27.4807751058114],[153.032674242007,-27.4808416258083],[153.032654022005,-27.4808734458066],[153.032647782003,-27.4808971058061],[153.032590801997,-27.4809901058011],[153.032520871994,-27.4810764157948],[153.032372022001,-27.4811454557804],[153.032264012,-27.4812434457703],[153.032226021999,-27.4812894357669],[153.032187041998,-27.4813244457632],[153.032162031995,-27.4813704557611],[153.032109041997,-27.481404455756],[153.032084031994,-27.4814444557538],[153.032039031996,-27.4814684457495],[153.031962011996,-27.4815374457423],[153.031898031991,-27.4816294557366],[153.03186704199,-27.4816644557338],[153.031809041992,-27.4816984357282],[153.031745021996,-27.481722455722],[153.031694031998,-27.4817454457171],[153.031649032001,-27.4817624457127],[153.031598042003,-27.4817864457078],[153.031533032009,-27.4817984457013],[153.031482042014,-27.4817984456962],[153.031431052021,-27.481792455691],[153.031405022023,-27.4817984456885],[153.031366042027,-27.4817994456846],[153.031328052028,-27.4818164456809],[153.031290052029,-27.4818454356773],[153.03126402203,-27.4818624356748],[153.031071052046,-27.4818984456557],[153.031027032048,-27.4819154456514],[153.030969032054,-27.4819164456456],[153.030930012058,-27.4819224556418],[153.030907022055,-27.4819624556398],[153.030849022061,-27.481968445634],[153.030778032066,-27.481986445627],[153.030727042069,-27.482003445622],[153.030669042073,-27.4820214456163],[153.030612022078,-27.4820334556107],[153.030548042083,-27.4820504356044],[153.03047004209,-27.4820574455966],[153.030400032096,-27.4820684355897],[153.030284042106,-27.4820924555782],[153.03023305211,-27.4821044355732],[153.030163042117,-27.4821054355662],[153.029951052136,-27.4821354455451],[153.029886042143,-27.4821354455386],[153.02983501215,-27.4821244355334],[153.029758032161,-27.4821014455255],[153.029713032167,-27.4820904555209],[153.029642042176,-27.4820854355137],[153.029443042197,-27.4820864354938],[153.029372052205,-27.4820814454866],[153.029321022212,-27.4820704554814],[153.029269042218,-27.4820644454761],[153.029237032223,-27.4820534554728],[153.029205022227,-27.4820474354695],[153.029019022243,-27.4820774454511],[153.028974012248,-27.4820774454466],[153.028761042276,-27.4820394454249],[153.028703042284,-27.482027445419],[153.02864603229,-27.4820224454132],[153.028588032298,-27.4820114354073],[153.028510032307,-27.4820064453994],[153.028416042323,-27.4819604553897],[153.02828504234,-27.4819384353763],[153.028208032352,-27.4819104453684],[153.028166012356,-27.4819084453641],[153.027993042381,-27.4818624353464],[153.02793701239,-27.4818404453406],[153.027874012398,-27.4818304553342],[153.027823022404,-27.481819445329],[153.027773022412,-27.4818024453238],[153.027684032421,-27.4818034453149],[153.027577012434,-27.4817934553041],[153.027533032439,-27.4817944552997],[153.027476022444,-27.481800445294],[153.027438022447,-27.4818124552903],[153.027413022449,-27.4818184452878],[153.027400022456,-27.4817724352862],[153.027111022479,-27.4818304552576],[153.027072042503,-27.4816754452525],[153.027124052499,-27.4816644552576],[153.027111022507,-27.4816124452559],[153.026638012589,-27.4813644352064],[153.026573042597,-27.4813564451999],[153.02650304261,-27.4813104351925],[153.026436022623,-27.4812674451854],[153.026488042637,-27.4811094551894],[153.025821032768,-27.4806424351187],[153.025575022831,-27.4803524550917],[153.025220032929,-27.4798784450523],[153.025054022967,-27.4797144450344],[153.024810022978,-27.4798384450109],[153.024214013154,-27.478953444944],[153.024189053171,-27.4788394449406],[153.024260043165,-27.4788204449476],[153.024165033212,-27.4785324349358],[153.024128023215,-27.4785424449322],[153.024097033229,-27.4784544449284],[153.024064033243,-27.4783724549244],[153.024017023261,-27.4782684449189],[153.02396202328,-27.4781684549126],[153.023900043299,-27.4780704349056],[153.023832043318,-27.477976444898],[153.023758023337,-27.4778864348898],[153.023677023357,-27.477800444881],[153.02361903337,-27.4777454448748],[153.023548033385,-27.4776834348672],[153.023525043391,-27.4776614448647],[153.023552053391,-27.4776354448672],[153.023304033444,-27.4774274548406],[153.023248043443,-27.4774804348354],[153.022707043583,-27.476831434776],[153.022587023615,-27.4766794447628],[153.02259305362,-27.476633454763],[153.022592033626,-27.4765864447625],[153.022582023633,-27.4765404547612],[153.022565023641,-27.4764954447591],[153.022541043649,-27.4764534447564],[153.022511033657,-27.4764154447531],[153.022474023665,-27.4763824447491],[153.022432053673,-27.4763534547446],[153.022386023681,-27.4763304447398],[153.022337043688,-27.4763144347348],[153.022286053695,-27.4763044447296],[153.022211043717,-27.4761924447212],[153.022140053739,-27.4760794547132],[153.022071023761,-27.4759644547053],[153.022003023782,-27.4758534546976],[153.021924043806,-27.4757334446887],[153.02170303387,-27.475410454664],[153.021650033885,-27.4753364546581],[153.021602043898,-27.4752734446528],[153.021551053911,-27.4752124446472],[153.021498053925,-27.4751534546414],[153.021443043938,-27.4750954546354],[153.021387013951,-27.4750394546294],[153.021342053964,-27.4749744446243],[153.021420053961,-27.4749274346318],[153.021285034001,-27.4747294546167],[153.021203024004,-27.4747724446088],[153.021030044046,-27.47458944459],[153.020762024125,-27.4741904545599],[153.020584014177,-27.47393245454],[153.020526024186,-27.473906444534],[153.020461594204,-27.4738176745268],[153.020141894298,-27.473346404491],[153.0201270343,-27.4733444444895],[153.020100864308,-27.4733044644866],[153.020117954307,-27.4732942144882],[153.020026044334,-27.4731584444779],[153.020052944337,-27.4731172144803],[153.019934934371,-27.4729483844671],[153.018807924699,-27.471302214341],[153.018680944704,-27.4713712143288],[153.018650944721,-27.4712602143249],[153.018634914729,-27.4712102143229],[153.018612944738,-27.4711572143203],[153.018591924745,-27.4711202143179],[153.01856494476,-27.4710272143144],[153.018525934776,-27.4709352143098],[153.018505924782,-27.4709012043075],[153.018474934789,-27.4708732143042],[153.018278934833,-27.470687234283],[153.018201954848,-27.4706392242749],[153.018150054861,-27.4705824542693],[153.01802004489,-27.4704614442553],[153.018005034893,-27.4704484342537],[153.017934044904,-27.4704224442463],[153.017852974919,-27.4703692442378],[153.017810964929,-27.4703312442333],[153.017694974958,-27.4702002442206],[153.017639964969,-27.4701552342147],[153.017607954982,-27.4700802342109],[153.017540975005,-27.4699592442032],[153.017515935012,-27.4699212242004],[153.017312055052,-27.4697774441788],[153.017260035059,-27.4697624441735],[153.017169045078,-27.4696894341638],[153.017069035102,-27.4695904441529],[153.016882045134,-27.4694964441334],[153.016805025145,-27.4694744541255],[153.016670055163,-27.4694474441118],[153.016491015183,-27.4694404440937],[153.016368055187,-27.469514444082],[153.016254025206,-27.4694564540701],[153.01613802522,-27.4694414440583],[153.015999035236,-27.4694384540444],[153.015947025241,-27.4694414440392],[153.015860045248,-27.4694554540305],[153.015723025258,-27.4694994440171],[153.015513035269,-27.4695914439968],[153.015200055282,-27.4697544439667],[153.01509704529,-27.4697774439565],[153.015014015292,-27.4698302639486],[153.014969985293,-27.4698592539444],[153.014931005296,-27.4698682639406],[153.014840995303,-27.4698932539318],[153.014777015306,-27.4699222639256],[153.01470000531,-27.4699512539181],[153.014649005315,-27.469962253913],[153.014565025317,-27.470014263905],[153.014546005317,-27.4700322439033],[153.01451501532,-27.4700364439002],[153.014407055348,-27.4699034438883],[153.014170015367,-27.4699574438649],[153.014077015368,-27.4700284538562],[153.013920035376,-27.470096433841],[153.013832035379,-27.4701464438325],[153.013636025391,-27.4702204438135],[153.013522035396,-27.4702774438025],[153.013078045415,-27.4705034337597],[153.012661035431,-27.4707284337196],[153.012219895447,-27.4709779036773],[153.011890045459,-27.4711644436457],[153.00973903551,-27.4725874434412],[153.007980025514,-27.4740524432763],[153.007899025517,-27.4741014432686],[153.007591155517,-27.4743603032397],[153.007401025523,-27.4744804432216],[153.007207025527,-27.4746144532032],[153.00701404553,-27.4747504431849],[153.006651025538,-27.4749994331505],[153.006534035541,-27.4750764531393],[153.006243025544,-27.4753004531119],[153.005981205541,-27.4755453130876],[153.005910175542,-27.4755973230809],[153.005846195542,-27.4756543230749],[153.005789035542,-27.4757024330696],[153.00565420554,-27.475827333057],[153.00557719554,-27.4758953130498],[153.005493205542,-27.4759533330419],[153.005429215541,-27.4760113330359],[153.00536519554,-27.47607432303],[153.005308185541,-27.4761143230246],[153.005256175541,-27.4761603330197],[153.004600045542,-27.4767154429583],[153.004238045533,-27.477092432925],[153.003974215516,-27.4774533329014],[153.003917245515,-27.4775053128961],[153.003859205514,-27.4775683328907],[153.003769235504,-27.4777233228829],[153.002617045487,-27.4788374427762],[153.002269045471,-27.4792624427446],[153.001964015456,-27.479638442717],[153.001492035433,-27.4802214526743],[153.000728015395,-27.4811764426052],[152.999998015361,-27.4820704525391],[152.999326015325,-27.4829244524785],[152.999246045321,-27.4830254424712],[152.998960035303,-27.4834124424456],[152.998553025277,-27.4839644424092],[152.998385045265,-27.4842054423942],[152.99804702524,-27.4846904423642],[152.997922045212,-27.4850134523542],[152.997761045208,-27.4851874423394],[152.997624025206,-27.4853144423267],[152.997489045203,-27.4854544323142],[152.997091055157,-27.4861634422799],[152.996859015131,-27.4865684522599],[152.996556035117,-27.4869374522324],[152.996468035102,-27.4871264422251],[152.996439055094,-27.4872184422229],[152.996250055049,-27.487732452208],[152.996242024999,-27.4881364322104],[152.996215044975,-27.4883474422094],[152.996331444924,-27.4886553622235],[152.996337474921,-27.4886753622242],[152.996368424912,-27.4887173522277],[152.996401454904,-27.4887523522312],[152.996427444896,-27.4887963622342],[152.996455434887,-27.4888463322374],[152.996503434875,-27.4888993422426],[152.996523434868,-27.4889333422449],[152.996601474848,-27.4890293322535],[152.996640424839,-27.4890673322577],[152.99668841483,-27.4890963422627],[152.99673747482,-27.489136342268],[152.996817044797,-27.4892534422769],[152.997463024686,-27.4895784323442],[152.998142034589,-27.4897684524138],[152.998560394537,-27.4898263124562],[152.999074024465,-27.4899614425088],[152.999276374448,-27.4899263325288],[152.999368354437,-27.4899343225381],[152.999471394426,-27.4899313225484],[152.999483364425,-27.4899303225496],[152.999588384412,-27.4899393325602],[152.999648384404,-27.4899523225663],[152.999791394386,-27.4899763325808],[152.999847384379,-27.4899793325865],[152.999888374375,-27.4899763325906],[152.99993637437,-27.4899793325954],[152.999978384366,-27.4899723225996],[152.999983384366,-27.4899723226001],[153.000023384362,-27.489967322604],[153.000058394358,-27.4899663226075],[153.000180374342,-27.48999032262],[153.000256364332,-27.4900073226277],[153.000341414321,-27.4900183326363],[153.000408384313,-27.4900253226431],[153.000493394304,-27.4900243226516],[153.000553404297,-27.4900313326577],[153.000742404277,-27.4900293026766],[153.000905404259,-27.490036312693],[153.00107440424,-27.49004130271],[153.001229344223,-27.4900423027256],[153.001331364213,-27.4900363127358],[153.001384324207,-27.4900373127411],[153.001461374199,-27.4900323127488],[153.001614344183,-27.4900293027641],[153.001671364178,-27.4900233027697],[153.001753374168,-27.4900333127781],[153.001808344163,-27.4900273027835],[153.001858354159,-27.4900183127885],[153.001902374154,-27.4900203127929],[153.001924344151,-27.4900233027951],[153.002008034137,-27.4900634528038],[153.00208235413,-27.4900543128112],[153.002199334115,-27.4900693128231],[153.002229374112,-27.4900693128261],[153.002278354108,-27.4900593028309],[153.002314344105,-27.4900583028345],[153.002368324101,-27.4900433028398],[153.002519324086,-27.4900303028548],[153.00269533407,-27.4900113028724],[153.002715334067,-27.4900103028743],[153.002765374062,-27.4900123028794],[153.002843344054,-27.4900093028872],[153.002898013986,-27.4904984428965],[153.003504023921,-27.4904964429573],[153.003502013986,-27.489985432953],[153.003589323977,-27.4899852929618],[153.003622323973,-27.4899892829652],[153.003727293962,-27.4899822929756],[153.003890303945,-27.489980292992],[153.00393932394,-27.4899752829968],[153.004040323929,-27.489976293007],[153.004095323924,-27.4899692830124],[153.004398313895,-27.4899472930426],[153.00443631389,-27.4899502830465],[153.004481313883,-27.4899702830512],[153.004512303878,-27.4899802930543],[153.004567303871,-27.4899882830599],[153.004584313869,-27.4899892830616],[153.00467133386,-27.4899892830704],[153.004771303849,-27.4899952930804],[153.004840293841,-27.4899952930874],[153.004894313836,-27.4899872830927],[153.004930333834,-27.4899752830962],[153.004963333832,-27.4899612930994],[153.005014253827,-27.4899565531045],[153.005082283821,-27.4899502831113],[153.005172253811,-27.4899532831203],[153.005234303803,-27.4899602931266],[153.00543429378,-27.4899702831468],[153.005542293769,-27.4899682831576],[153.005615293762,-27.4899652931649],[153.005699283752,-27.4899692631733],[153.005781293744,-27.4899612731815],[153.005881303742,-27.489893273191],[153.005926273739,-27.4898802631954],[153.005938283738,-27.4898792631966],[153.005986283732,-27.4898812632014],[153.006004273729,-27.4898962632033],[153.006042273723,-27.4899052732072],[153.006103303716,-27.4899102732134],[153.006174293707,-27.4899192632206],[153.006347263687,-27.489931273238],[153.006405303681,-27.4899322632438],[153.006477313673,-27.4899322632511],[153.006506293671,-27.4899282732539],[153.00659429366,-27.4899392832629],[153.006708283647,-27.4899412732743],[153.006804283638,-27.4899352632839],[153.006867283631,-27.4899362632902],[153.006911263625,-27.4899472732947],[153.00696627362,-27.4899372633002],[153.007115263605,-27.489928273315],[153.007158263601,-27.4899282733193],[153.007215233594,-27.4899322633251],[153.007242243591,-27.4899302733278],[153.007380253575,-27.4899392833417],[153.007451243571,-27.4899132633486],[153.007480223568,-27.4899092733515],[153.007524243564,-27.4899072733559],[153.007563263559,-27.4899132633599],[153.007624253553,-27.4899102733659],[153.007663233548,-27.4899172633699],[153.007690243545,-27.4899162633726],[153.007769273535,-27.4899252733806],[153.007787263534,-27.4899222733824],[153.007915233519,-27.4899282733953],[153.008002253511,-27.489923273404],[153.008042253506,-27.489924273408],[153.008078243503,-27.4899212834116],[153.008135253496,-27.4899262534173],[153.008174273491,-27.4899342434213],[153.008237273484,-27.4899332434276],[153.008258263483,-27.4899262534297],[153.008384253471,-27.4899122534422],[153.008509273457,-27.4899162434548],[153.008599243448,-27.4899122534638],[153.008737253433,-27.4899152434776],[153.008763233429,-27.4899242534803],[153.008792253425,-27.4899262534832],[153.008876243418,-27.4899122534916],[153.008932193412,-27.4899132534972],[153.009062213395,-27.4899372435104],[153.00910922339,-27.4899372435151],[153.00918623338,-27.4899472535229],[153.009224193376,-27.4899512535268],[153.009263213374,-27.4899292535305],[153.009299203372,-27.489919243534],[153.009336213368,-27.4899182435377],[153.009376213361,-27.4899392635419],[153.009400203358,-27.4899442535444],[153.009433233353,-27.4899542435478],[153.00945922335,-27.4899572635504],[153.009515213346,-27.4899432535559],[153.009577223338,-27.4899502535622],[153.009606243335,-27.4899472535651],[153.009640223331,-27.4899492535685],[153.009662233328,-27.4899552435707],[153.009744213321,-27.4899462535789],[153.009796223314,-27.4899512535841],[153.009840203305,-27.4899852535888],[153.009904223297,-27.4899962635953],[153.009954233292,-27.4899932436003],[153.010049243283,-27.4899852536098],[153.010041243278,-27.4900272436093],[153.010134213265,-27.4900512636189],[153.010200203258,-27.4900552536255],[153.010243203254,-27.4900512636298],[153.010326243251,-27.4899982536377],[153.010394243245,-27.4899932436445],[153.010469243237,-27.489987253652],[153.010510233233,-27.4899912436561],[153.010548193227,-27.49000423366],[153.010567213223,-27.490017233662],[153.01058422322,-27.4900242336638],[153.010622223213,-27.4900502436678],[153.010653243203,-27.4901052436714],[153.010664193201,-27.4901072436725],[153.010690213199,-27.490103223675],[153.010713253196,-27.4901042236774],[153.010808223185,-27.490116233687],[153.01085724318,-27.4901162336919],[153.010958203167,-27.4901272437021],[153.011000173165,-27.4901112337062],[153.011050183162,-27.4900902437111],[153.011097193158,-27.4900832237157],[153.011221183145,-27.4900832237282],[153.011274183139,-27.4900852237335],[153.011340173131,-27.4900892437401],[153.011423173122,-27.4900922337485],[153.011501213113,-27.4900922337563],[153.011555193106,-27.4901022237618],[153.011672173093,-27.4901092437736],[153.011736163087,-27.49010222378],[153.01179719308,-27.4901082437861],[153.011879173069,-27.4901212237945],[153.011909203065,-27.4901262437975],[153.012036193047,-27.4901632438106],[153.012208183024,-27.4901982438281],[153.012269203017,-27.4902052338343],[153.012301223013,-27.4902052338375],[153.012351183009,-27.4901952238424],[153.012405203005,-27.4901782238477],[153.012461193001,-27.4901622438532],[153.012588182993,-27.4901202238656],[153.012643182989,-27.490106243871],[153.012824192974,-27.4900722338889],[153.012911172967,-27.4900492238974],[153.013040162965,-27.4899592239097],[153.013069172963,-27.4899492139125],[153.013123162957,-27.4899502139179],[153.013220142944,-27.4899712139278],[153.013260142938,-27.489985213932],[153.013304122931,-27.4900062139365],[153.013397162913,-27.4900632139463],[153.013438152907,-27.4900812139506],[153.013491152899,-27.490096213956],[153.013581162887,-27.4901172139652],[153.013754172861,-27.490172213983],[153.013812132852,-27.490196203989],[153.014039162814,-27.4903012140126],[153.0141171628,-27.4903452040208],[153.014171152792,-27.4903652240264],[153.014289152777,-27.4903882240384],[153.014320142771,-27.4904092140417],[153.01435817276,-27.4904572240459],[153.014409162751,-27.4904852140512],[153.014444132745,-27.4905092140549],[153.014492132736,-27.4905362140599],[153.01452414273,-27.4905562140633],[153.014577172722,-27.4905752140688],[153.014622142716,-27.4905842040734],[153.014667152711,-27.4905892240779],[153.014685182707,-27.4906002140798],[153.014805152688,-27.4906532140923],[153.014920132669,-27.4907032141042],[153.015030172654,-27.4907322041155],[153.015125182639,-27.4907671941253],[153.015176102632,-27.4907781941305],[153.015221142625,-27.4907971941351],[153.01525012262,-27.4908082041381],[153.015366122604,-27.49084019415],[153.015446132591,-27.4908721941583],[153.01551413258,-27.4909012041654],[153.015557122573,-27.4909252041699],[153.015602132563,-27.4909602041747],[153.015616112561,-27.4909691941761],[153.015680092546,-27.491032204183],[153.015725132537,-27.4910661841878],[153.015765142528,-27.4911011941921],[153.015845152513,-27.4911541942006],[153.015931102498,-27.4911961842095],[153.015949142495,-27.4912071942114],[153.016006112484,-27.4912441942174],[153.016096122466,-27.491310204227],[153.016147112458,-27.4913341942323],[153.016184122453,-27.4913411942361],[153.016211132449,-27.4913502042388],[153.016306142432,-27.4913991842488],[153.016330122426,-27.4914261942514],[153.016376112414,-27.4914871942565],[153.016409142407,-27.49150919426],[153.016519122389,-27.4915601942714],[153.016553142382,-27.491587204275],[153.016586132376,-27.4916052042785],[153.016626142367,-27.4916442042828],[153.016653152362,-27.4916642042857],[153.016692092355,-27.4916861942898],[153.016733122347,-27.4917131942941],[153.016794112335,-27.4917572043006],[153.016835142322,-27.4918211943052],[153.016869122314,-27.4918601943089],[153.017000122288,-27.4919491943228],[153.017092102266,-27.4920511843328],[153.017157142253,-27.4920951743397],[153.017275112231,-27.4921671743521],[153.017294122226,-27.4921901743542],[153.017321132221,-27.492207174357],[153.017382122211,-27.4922381843634],[153.017490132193,-27.4922901843746],[153.01756112218,-27.4923341743821],[153.017633142165,-27.4923901743898],[153.01765314216,-27.492413174392],[153.017758112139,-27.4924851744031],[153.017778112134,-27.4925081744052],[153.017836112125,-27.4925301844112],[153.017856112122,-27.4925411744133],[153.017914112113,-27.4925571744193],[153.017979082102,-27.4925961744261],[153.018005112097,-27.4926071844288],[153.018077082083,-27.4926571744364],[153.018135082075,-27.4926731744424],[153.018207102062,-27.4927121744499],[153.018259072053,-27.4927451744554],[153.018337112039,-27.4927901844636],[153.018376092031,-27.4928181944677],[153.018422082024,-27.4928341944724],[153.018468072015,-27.4928682044773],[153.018546111998,-27.4929351844857],[153.018572061993,-27.4929521944884],[153.018606081985,-27.4929861944921],[153.018696091966,-27.4930581945017],[153.018742081959,-27.4930801945065],[153.018805111946,-27.4931291945132],[153.018860081935,-27.493164204519],[153.018977101915,-27.4932251945312],[153.019043091901,-27.4932761945383],[153.019089121891,-27.4933201745432],[153.019121091885,-27.4933431845466],[153.019167081877,-27.4933651845514],[153.019186101874,-27.4933701745534],[153.019225121867,-27.4933921745574],[153.019245081863,-27.4934091745596],[153.01936911184,-27.4934821745726],[153.019408091832,-27.4935151845768],[153.019421091828,-27.4935381745783],[153.019460071822,-27.4935491845823],[153.019533111805,-27.4936221845902],[153.019566101798,-27.4936501745937],[153.019605081789,-27.4936891745979],[153.019683081772,-27.4937561846063],[153.019716081766,-27.4937791746098],[153.019782111752,-27.4938351746168],[153.019841091737,-27.4938971746233],[153.019867081733,-27.493908174626],[153.019903071724,-27.4939521746299],[153.019913111721,-27.493969174631],[153.019995091703,-27.4940421746399],[153.020034111692,-27.4940941746442],[153.020118091676,-27.4941491746531],[153.020134081673,-27.4941541746547],[153.020170101667,-27.4941741746585],[153.020281101641,-27.4942851746705],[153.020347091623,-27.4943691746778],[153.020406081614,-27.4943971846839],[153.020458091603,-27.4944361846894],[153.020510101595,-27.4944581846948],[153.020549121586,-27.494492184699],[153.020602081574,-27.4945421747047],[153.020628071567,-27.4945761747076],[153.020668071559,-27.4946101747119],[153.020753121538,-27.4947001847211],[153.020780091531,-27.4947341847241],[153.020813091524,-27.4947621747277],[153.020878061512,-27.4948011747345],[153.020924051502,-27.4948401747394],[153.020963071491,-27.4948971647438],[153.02100906148,-27.4949421647487],[153.021040051474,-27.494960164752],[153.021069061464,-27.4950161647553],[153.021096041456,-27.4950611547584],[153.021109071452,-27.4950781547598],[153.021136041443,-27.495129154763],[153.021169071434,-27.4951691547666],[153.021195061429,-27.4951851547693],[153.021228061419,-27.4952421547731],[153.02126105141,-27.4952821547767],[153.0212950714,-27.4953321647805],[153.021328031391,-27.4953721547841],[153.021393071377,-27.4954281547911],[153.021420051367,-27.4954851547943],[153.021467061355,-27.4955421547995],[153.021528051332,-27.4956721548066],[153.021561081321,-27.4957291748104],[153.021588061311,-27.4957861648135],[153.021621051302,-27.4958311648172],[153.021654051294,-27.4958651648208],[153.021708031276,-27.495962154827],[153.021735041265,-27.4960241548301],[153.021762051256,-27.4960751548333],[153.021782051247,-27.4961321548357],[153.021809061237,-27.4961891548389],[153.021830051226,-27.4962521648415],[153.021857061218,-27.4962971548446],[153.021871041211,-27.4963431648463],[153.0218980512,-27.4964001648495],[153.021924041192,-27.4964451548524],[153.021938061184,-27.4964971648543],[153.021952031179,-27.4965251648559],[153.02198507117,-27.4965701648596],[153.022015071157,-27.4966421648631],[153.022026061152,-27.4966731648645],[153.022049091128,-27.4968441648682],[153.022044051124,-27.496885164868],[153.022155051063,-27.4972731648822],[153.022209071043,-27.4973811648885],[153.022255061032,-27.4974321648935],[153.02229506102,-27.4974881648979],[153.022316051009,-27.4975621649006],[153.022329081005,-27.4975851649021],[153.022414050989,-27.497635164911],[153.022519060969,-27.4977081349222],[153.02255206096,-27.4977471549258],[153.022618050942,-27.4978381549331],[153.022631040937,-27.4978611449346],[153.022633090927,-27.4979411449354],[153.022638050923,-27.4979691449362],[153.022640570901,-27.4981404749378],[153.022643050879,-27.4983101449394],[153.022597060855,-27.4985401349366],[153.022491100835,-27.4987901449279],[153.022467090833,-27.4988251449258],[153.022426100829,-27.4988901349222],[153.022398100822,-27.49897214492],[153.022391090819,-27.4990061449196],[153.022374080813,-27.4990611449183],[153.022372080809,-27.4991011449184],[153.022376090803,-27.4991461349192],[153.022396090792,-27.4992141449217],[153.022395070788,-27.4992461449219],[153.022402080784,-27.4992691449227],[153.022438100776,-27.4993061449267],[153.022495080765,-27.4993391449326],[153.022586110751,-27.4993751549421],[153.022750110728,-27.4994201449589],[153.022825040702,-27.4995624449675],[153.02286702066,-27.4998564449741],[153.022822050617,-27.5002354349725],[153.022880050542,-27.5007794449827],[153.022845040491,-27.5012164349826],[153.022763030473,-27.501428444976],[153.022642030421,-27.501942454968],[153.022441030398,-27.5022954449506],[153.022337040374,-27.5025724449423],[153.022267030361,-27.5027364549366],[153.021905020354,-27.5031044549032],[153.021408040356,-27.5035054448564],[153.021289050351,-27.5036454448456],[153.020619020365,-27.504110444782],[153.020305040376,-27.5042854347519],[153.020113020379,-27.5044314447338],[153.019823020391,-27.5045764447058],[153.019647020397,-27.504681444689],[153.019389040414,-27.5047634446638],[153.018590020479,-27.5049354545849],[153.017984050527,-27.5050704445252],[153.01793503053,-27.5050854545204],[153.01783403054,-27.5050954445103],[153.017735040548,-27.5051144445005],[153.017642040556,-27.5051294444913],[153.017563020565,-27.5051274444834],[153.017449030575,-27.5051424544721],[153.017335040585,-27.5051594544607],[153.017231010595,-27.5051714444504],[153.017108050607,-27.5051824444382],[153.016999020616,-27.5051994444273],[153.016890030627,-27.5052094344165],[153.016804040635,-27.5052184444079],[153.016750020641,-27.5052124344025],[153.016697020647,-27.5052124343971],[153.016639020654,-27.5052104343913],[153.016588030659,-27.5052124343862],[153.016539050662,-27.5052304343814],[153.016447030669,-27.5052504543724],[153.016357020677,-27.5052664343635],[153.016272010685,-27.505276444355],[153.016171020695,-27.5052844343449],[153.016094040702,-27.5052874543372],[153.01602104071,-27.5052864343299],[153.015967020717,-27.5052844343245],[153.015909020725,-27.5052644343185],[153.015879020728,-27.5052694543155],[153.015827040732,-27.5052834343104],[153.015790030735,-27.5052904543067],[153.015762030739,-27.5052834343039],[153.015744040741,-27.5052834343021],[153.015716050741,-27.5053004442994],[153.015652030746,-27.5053194442931],[153.015602020751,-27.5053194442881],[153.015497040767,-27.5052844342773],[153.015454010772,-27.505285434273],[153.015405030774,-27.5053044342682],[153.015348020778,-27.5053224342626],[153.015227020791,-27.5053224342505],[153.015113030803,-27.5053274542391],[153.015014040812,-27.5053364442292],[153.01482603083,-27.5053564442105],[153.014718030841,-27.5053584341997],[153.01462802085,-27.5053694441908],[153.01452001086,-27.50537945418],[153.01442303087,-27.5053864441703],[153.014366020876,-27.5053814541646],[153.014328020882,-27.5053684441607],[153.014299040887,-27.5053554441577],[153.013736030941,-27.5054064441016],[153.013369020981,-27.5054034440647],[153.013011031016,-27.505429444029],[153.012546021055,-27.505512453983],[153.012187041095,-27.5055044439469],[153.011551031155,-27.5055694438836],[153.010952031215,-27.5056034538238],[153.010746021234,-27.5056294438033],[153.010569031253,-27.5056274437855],[153.01041803127,-27.5056284437704],[153.00985604133,-27.505625443714],[153.009006031419,-27.5056464436289],[153.008464041483,-27.5056054535742],[153.007928041534,-27.5056524435208],[153.007370031591,-27.505674433465],[153.007074011617,-27.5057204434357],[153.006760041645,-27.5057674334046],[153.005959051716,-27.5058894433252],[153.005790021731,-27.5059144333084],[153.005559051747,-27.5059874332858],[153.005305041762,-27.5060794332611],[153.00497004179,-27.506145443228],[153.004872041797,-27.5061764532184],[153.004442041821,-27.5063504431767],[153.004230041838,-27.5063974531558],[153.004025021849,-27.5064844431359],[153.003941041847,-27.5065674531281],[153.003872011844,-27.5066564531219],[153.003649041828,-27.506970453102],[153.003108031816,-27.5075254530521],[153.002519031805,-27.5081154329977],[153.002400441802,-27.5082422529868],[153.001959011781,-27.5087864529469],[153.001835021788,-27.5088294429348],[153.001675041784,-27.5089974429201],[153.00155704177,-27.5092164429099],[153.001483021762,-27.5093374329035],[153.001456041758,-27.5093964529012],[153.00134402174,-27.5096284428918],[153.001226021729,-27.5098174328815],[153.001158021721,-27.5099424428757],[153.000917051693,-27.5103684428549],[153.000684031659,-27.5108394528352],[153.000272021597,-27.5116804428005],[153.000045031567,-27.5121094327812],[152.999991041549,-27.5122974327772],[152.999761021491,-27.5129534427594],[152.999709041473,-27.5131404427556],[152.999671051458,-27.513290442753],[152.999638011425,-27.513580442752],[152.999664041376,-27.5139494527575],[153.000223041242,-27.5145374528182],[153.001003521112,-27.5148972628993],[153.001141561091,-27.5149472429136],[153.001321541065,-27.515002242932],[153.001462541045,-27.5150402429465],[153.001801551,-27.515110252981],[153.002405040917,-27.5152534430427],[153.002648020887,-27.5152854430673],[153.002925020847,-27.5153664330957],[153.003653010747,-27.5155354331701],[153.005043480576,-27.5157052233109],[153.005131480564,-27.5157242233199],[153.005519040529,-27.5156714433583],[153.006241050454,-27.5156494534306],[153.006573450416,-27.515667213464],[153.006681460402,-27.5156892034751],[153.006933450373,-27.5157012135004],[153.007108430352,-27.5157232135182],[153.007189460343,-27.5157252035263],[153.007340430326,-27.5157262035415],[153.007453470312,-27.5157392135529],[153.007675420286,-27.5157582135753],[153.007786460272,-27.5157772135866],[153.007871430261,-27.5157882235952],[153.00798644025,-27.5157832236067],[153.008070430242,-27.515769223615],[153.008300410211,-27.5158232036385],[153.008546020168,-27.5159554436642],[153.009127030093,-27.5160484437232],[153.010012039955,-27.5163914438147],[153.010095039935,-27.5164804538237],[153.010224039916,-27.516521443837],[153.010384019889,-27.5165984438537],[153.010647359842,-27.5167431938812],[153.010868039795,-27.5169284439048],[153.011015359757,-27.517104183921],[153.011194019679,-27.5175684339426],[153.01135903962,-27.5178994439618],[153.011467039583,-27.5181004439742],[153.011576359541,-27.518337183987],[153.01162139952,-27.5184691839926],[153.011641399512,-27.518514173995],[153.0116723595,-27.5185791839986],[153.011683379493,-27.5186251740001],[153.011688379483,-27.5187051740012],[153.011699369471,-27.5187881840029],[153.011700349461,-27.5188681740037],[153.011699369453,-27.5189341840041],[153.011689399441,-27.5190321740039],[153.011689399434,-27.5190911740043],[153.011687359423,-27.5191821740048],[153.011679359414,-27.5192581740046],[153.011473029386,-27.5196534439871],[153.011344039327,-27.5202294439787],[153.010981049319,-27.5206034339452],[153.010820049291,-27.5209674439319],[153.010775039259,-27.5212574439297],[153.010704049233,-27.5215204439247],[153.010670029222,-27.5216404339222],[153.010592029201,-27.5218684439162],[153.010358029171,-27.5223114438962],[153.010190019167,-27.5224854438807],[153.009599049164,-27.5230124538256],[153.009022969186,-27.5233274537703],[153.008826959199,-27.5233884637511],[153.008725969208,-27.5234024537411],[153.008560949222,-27.5234354537248],[153.008478969227,-27.5234634637168],[153.008394949233,-27.5234874537085],[153.008303949241,-27.5235024636995],[153.008057029258,-27.5235784436754],[153.007616879279,-27.5237874736329],[153.007566909284,-27.5237894736279],[153.00750602929,-27.5237984436218],[153.007458909294,-27.5238054736172],[153.007325899305,-27.523827463604],[153.007206909316,-27.5238424735922],[153.007130919323,-27.5238554735847],[153.007085069328,-27.5238574535801],[153.007016089334,-27.5238684635732],[153.006910089343,-27.5238834535627],[153.006815079352,-27.5238944535533],[153.006694089363,-27.5239134535413],[153.006590099373,-27.5239214435309],[153.006495089381,-27.5239334535215],[153.0063070694,-27.5239474635027],[153.005930099439,-27.523961483465],[153.005858089446,-27.5239684734579],[153.004684029573,-27.5239614433401],[153.004009029643,-27.5239784432725],[153.003874019656,-27.523990453259],[153.002958019762,-27.5239304431667],[153.002657039805,-27.5238484431359],[153.002457019829,-27.5238274531156],[153.002288019848,-27.5238234330986],[153.002139029869,-27.5237864330834],[153.001848019903,-27.523761443054],[153.001473019947,-27.5237334530162],[153.001026039993,-27.5237464329715],[153.000598040031,-27.5238154429291],[153.000289030065,-27.5238084528981],[153.000201030071,-27.5238374428895],[152.999988010089,-27.5238774328684],[152.999847010106,-27.5238634528542],[152.999682030121,-27.5238854428378],[152.999278020157,-27.5239374527977],[152.999076020185,-27.5238934427771],[152.998994050189,-27.5239304427691],[152.998872030198,-27.5239624427572],[152.99857703023,-27.5239584427276],[152.998269050255,-27.5240244326972],[152.998051030284,-27.523981442675],[152.997629020335,-27.5239394526323],[152.997302010378,-27.523875442599],[152.997194050392,-27.5238584325881],[152.9971020304,-27.5238674425789],[152.996470030477,-27.523802432515],[152.996088020526,-27.5237394424762],[152.995526030596,-27.5236584524193],[152.994873010665,-27.5236714423539],[152.99458404068,-27.5237994423259],[152.995288020521,-27.5244584424017],[152.995408030491,-27.5245984324148],[152.995369080491,-27.5246254224111],[152.995174070504,-27.5246923423921],[152.995110080516,-27.5246503823854],[152.995044090528,-27.5246123823785],[152.994910100553,-27.5245273823644],[152.994849070568,-27.5244623823577],[152.994819100576,-27.5244233923544],[152.994774100585,-27.5243933823497],[152.99474209059,-27.5243803723464],[152.9946701106,-27.524360382339],[152.994597070613,-27.5243223823314],[152.994553050622,-27.5242873723267],[152.994485050639,-27.5242063823192],[152.994462100646,-27.5241713823166],[152.994351100677,-27.5240243823043],[152.994316100687,-27.5239693823004],[152.994257080705,-27.5238813722938],[152.994231090711,-27.523854382291],[152.994198090718,-27.5238243822874],[152.994166080726,-27.523793372284],[152.994105050738,-27.5237453822775],[152.994080090744,-27.5237203922748],[152.994059100751,-27.5236853822724],[152.994038110756,-27.5236593722701],[152.993942080779,-27.5235613822597],[152.993867070794,-27.5235093822517],[152.993773090811,-27.5234533822419],[152.993689060827,-27.523393382233],[152.993614090841,-27.5233533822251],[152.993547080853,-27.5233133922181],[152.993479080866,-27.5232673822109],[152.993388080882,-27.5232143722014],[152.993292090899,-27.5231673821914],[152.99321810091,-27.5231373821837],[152.993143100922,-27.523110392176],[152.993058120936,-27.5230724121672],[152.992985090949,-27.5230274021595],[152.992916100964,-27.5229723921522],[152.992852120979,-27.5229074021452],[152.992820650985,-27.5228830821419],[152.992667141017,-27.5227644021256],[152.992366121078,-27.5225384020936],[152.992343131082,-27.5225204020911],[152.991813111182,-27.5221813920353],[152.991710141203,-27.5221014020244],[152.990951121361,-27.5215024019436],[152.990179151515,-27.5209374118617],[152.990092131533,-27.5208654118524],[152.989358151692,-27.5202314217738],[152.988760141823,-27.5197034117097],[152.988588151867,-27.5195044416909],[152.988515151882,-27.5194424316831],[152.988512161887,-27.5194114416825],[152.988427151907,-27.5193254316734],[152.98833615193,-27.5192214316634],[152.988270161947,-27.5191434316562],[152.98821713196,-27.5190784416503],[152.988158141973,-27.519026441644],[152.987987141998,-27.5189774316265],[152.987824132021,-27.5189304416098],[152.98776314203,-27.5189164416036],[152.987748142033,-27.518905431602],[152.987746172035,-27.5188874316016],[152.987756132039,-27.5188504316023],[152.987754162043,-27.5188184416019],[152.987737122048,-27.5187944316],[152.987695142057,-27.5187544315955],[152.987679152062,-27.5187344315937],[152.98765514207,-27.5186904415909],[152.987634152074,-27.5186764415887],[152.987607142078,-27.5186654315859],[152.98760415208,-27.5186524415855],[152.987577142089,-27.5186014415824],[152.9875531221,-27.5185364315795],[152.987526152108,-27.5184984315765],[152.987485122116,-27.5184674415721],[152.987446182122,-27.5184574315682],[152.98740515213,-27.5184284215638],[152.987365152139,-27.5183914215595],[152.987334162147,-27.5183534315561],[152.987304152156,-27.5183044415527],[152.987226152177,-27.5182034315441],[152.987196152186,-27.5181604315407],[152.987104172207,-27.5180754315309],[152.987072162213,-27.5180544315275],[152.987054202217,-27.5180384315256],[152.986992192233,-27.5179594315187],[152.986930172247,-27.517900431512],[152.986836192267,-27.5178294315021],[152.986804182274,-27.5177974314986],[152.986760162282,-27.517772431494],[152.986711172292,-27.5177324414888],[152.986662192301,-27.5177034314836],[152.98663518231,-27.5176524414805],[152.986586202323,-27.5175944314751],[152.986558202329,-27.5175714314722],[152.986529152336,-27.517542441469],[152.98651119234,-27.5175224414671],[152.986494182345,-27.5174964314651],[152.986460162357,-27.5174294214612],[152.986434182364,-27.5173994514584],[152.986342202383,-27.5173254514486],[152.986304162393,-27.5172774514444],[152.986288182399,-27.5172464614425],[152.986257152407,-27.5172124614391],[152.986211202416,-27.5171734614342],[152.986172182428,-27.5171144414299],[152.986070202452,-27.5170104614188],[152.986045162458,-27.5169834514161],[152.98599216247,-27.5169334614104],[152.985968182475,-27.5169164614078],[152.985824192506,-27.5167894513924],[152.985790212516,-27.5167444413886],[152.985746192527,-27.5166974513839],[152.98568417254,-27.5166444513772],[152.985610192555,-27.5165914513694],[152.985565182564,-27.5165504513646],[152.985520182575,-27.5165034413597],[152.985483172585,-27.5164574513556],[152.985443162597,-27.5163944613511],[152.985269172641,-27.5161984513321],[152.985018202698,-27.5159574513051],[152.984583192806,-27.5154714612576],[152.98439018285,-27.5152904512368],[152.98413694291,-27.5150274012094],[152.984080252922,-27.5149799712033],[152.984066642926,-27.5149616012018],[152.984007732942,-27.5148866211953],[152.983286233114,-27.5141334511171],[152.983066213165,-27.5139214510933],[152.98300621318,-27.5138484510868],[152.982927223197,-27.5137824510783],[152.982875213213,-27.5137014510725],[152.982873203215,-27.5136854510721],[152.982869183217,-27.5136754610717],[152.982852213225,-27.5136244610696],[152.98283619323,-27.5135964510677],[152.982819223235,-27.5135764510659],[152.982801193239,-27.5135604510639],[152.982770233245,-27.5135364510606],[152.982741223251,-27.5135174510576],[152.982723223255,-27.5134944610556],[152.982705193261,-27.5134684510536],[152.982686213265,-27.5134474510515],[152.982659203271,-27.5134274510486],[152.982633213277,-27.5134034510459],[152.982561203291,-27.5133544510383],[152.982538243296,-27.5133294510357],[152.9825202133,-27.5133114510338],[152.982497213307,-27.5132754510312],[152.982480203312,-27.5132514610293],[152.982467213316,-27.5132354610279],[152.982456223318,-27.5132224510267],[152.982438233323,-27.5132044510247],[152.982407203329,-27.5131844510215],[152.982384213334,-27.513164451019],[152.982358223338,-27.5131504510163],[152.982321213344,-27.5131354510125],[152.982295223349,-27.5131184410097],[152.982285183353,-27.5130904510085],[152.982258213359,-27.5130674610056],[152.982231203366,-27.5130414510027],[152.98220624337,-27.5130254410001],[152.982182223376,-27.5130004709975],[152.982161193381,-27.5129764709952],[152.982131233388,-27.5129454709919],[152.982114223394,-27.51291748099],[152.982087213399,-27.5128964609871],[152.982058233406,-27.512868470984],[152.982038223411,-27.5128474709818],[152.982015233417,-27.5128204609793],[152.981962233429,-27.5127664609736],[152.981941213434,-27.5127434709713],[152.981917193439,-27.5127234709687],[152.981893213446,-27.5126914609661],[152.98187620345,-27.5126714709642],[152.981854233455,-27.5126504709618],[152.98183120346,-27.5126304709594],[152.981799223466,-27.512610470956],[152.981742213481,-27.5125394709497],[152.981717213487,-27.5125184709471],[152.981643223505,-27.512436480939],[152.981622243511,-27.5124054709367],[152.981600193516,-27.5123824809343],[152.981571213524,-27.5123474709311],[152.981532193533,-27.5123114709269],[152.981503213539,-27.5122824709238],[152.981468203546,-27.51225647092],[152.981437183554,-27.5122274709167],[152.981410213559,-27.5122094609139],[152.981337213575,-27.512142480906],[152.981306223581,-27.5121174609027],[152.981271213588,-27.5120984608991],[152.981252203593,-27.5120714708969],[152.9812222336,-27.5120424708937],[152.981190223607,-27.5120174708903],[152.981156203614,-27.5119844708866],[152.981119233622,-27.5119574808827],[152.981080213629,-27.5119324608786],[152.981047213634,-27.5119194808752],[152.98101422364,-27.5119024808718],[152.980987213645,-27.5118834808689],[152.980953193651,-27.5118684708654],[152.980892203663,-27.5118234608589],[152.980881213667,-27.5117994708576],[152.980664223719,-27.5115714708341],[152.980470773758,-27.5114308208136],[152.980415253769,-27.5113904708077],[152.979866263888,-27.5109174807489],[152.979424243977,-27.510588490702],[152.979366243987,-27.510557490696],[152.979315253997,-27.5105174906906],[152.979291244,-27.5105174906882],[152.979214264018,-27.5104375006798],[152.978862724085,-27.5102089706428],[152.978831264091,-27.5101884906395],[152.978551234148,-27.5099704806097],[152.978312234195,-27.5098004905844],[152.97822124421,-27.509761490575],[152.977950264265,-27.5095594905462],[152.977871244279,-27.5095114805379],[152.977715284307,-27.5094255105216],[152.977403274376,-27.5091415004881],[152.977432254377,-27.5091085104908],[152.977287284406,-27.5090055104754],[152.977182304425,-27.5089465104644],[152.976943264474,-27.508757510439],[152.976936264474,-27.5087655004384],[152.9768412545,-27.5086395004278],[152.976539284563,-27.5083955003957],[152.97651129457,-27.5083665203926],[152.976422304586,-27.5083155103833],[152.976311274611,-27.5082145003714],[152.976294294615,-27.5081975003696],[152.976051284661,-27.5080345103439],[152.975770304723,-27.5077865003138],[152.975705264733,-27.5077595103071],[152.975674274744,-27.5077025303035],[152.97558327476,-27.507646530294],[152.975426294794,-27.5075155302772],[152.974986724893,-27.5071055202299],[152.974906274911,-27.5070305202213],[152.974844264923,-27.5069865302147],[152.974772324933,-27.5069685302074],[152.974704324944,-27.5069385202003],[152.97458631497,-27.5068335301877],[152.97446929499,-27.5067765301755],[152.974448314994,-27.5067615301733],[152.974295305021,-27.5066755201573],[152.974209305038,-27.5066195201482],[152.974137295047,-27.5066045201409],[152.97411831505,-27.5065985301389],[152.974106305051,-27.5065975301377],[152.974082325055,-27.5065925301353],[152.974022325061,-27.5065905301292],[152.974006335063,-27.5065935301276],[152.973980305065,-27.506594530125],[152.973969285066,-27.506599520124],[152.973946325069,-27.5065955301217],[152.973930335071,-27.50659153012],[152.973884315076,-27.5065905301154],[152.973871315078,-27.5065875201141],[152.973854315081,-27.5065805301123],[152.973844305083,-27.5065745301113],[152.973822335085,-27.5065735301091],[152.973806315087,-27.5065715301074],[152.973760325094,-27.5065575301027],[152.973728315099,-27.5065435300994],[152.973700975103,-27.5065368100966],[152.973639325111,-27.5065215500903],[152.973537305128,-27.5064765400797],[152.973238335181,-27.5063115500485],[152.973166325193,-27.506272540041],[152.973146315199,-27.5062495400388],[152.973127305204,-27.5062245500367],[152.973125295207,-27.5061985400363],[152.973101315214,-27.5061665500336],[152.97307032522,-27.5061455500304],[152.973056315223,-27.5061345500289],[152.973043315226,-27.5061205400274],[152.973030325229,-27.506109550026],[152.972999295236,-27.5060795500227],[152.972967325242,-27.5060575500193],[152.972759315273,-27.5059865499979],[152.972501295306,-27.5059495499718],[152.972329345318,-27.5059975499549],[152.972209325326,-27.5060345499432],[152.972058365339,-27.5060605499283],[152.971882365348,-27.5061425399113],[152.971650365363,-27.5062245498887],[152.971390345372,-27.5063715498638],[152.97130336537,-27.5064615498558],[152.971133345372,-27.5065935498399],[152.971100345372,-27.5066165398367],[152.971056325373,-27.5066525498326],[152.971034355373,-27.5066685498305],[152.971009315372,-27.5066955398282],[152.970998365371,-27.5067125398273],[152.970988335371,-27.5067225498263],[152.970950375368,-27.506776549823],[152.970764365363,-27.5069755398059],[152.970638405367,-27.5070505497939],[152.970355385358,-27.507368569768],[152.970286395355,-27.5074495597618],[152.970202375359,-27.5074905597537],[152.970078385347,-27.5076895597428],[152.96994435534,-27.5078605597308],[152.969889355327,-27.5080095597264],[152.969724375332,-27.5081075697107],[152.969678385328,-27.5081855697067],[152.96961936532,-27.5082935697016],[152.969555375316,-27.5083805596959],[152.969541365311,-27.5084345596949],[152.969526395308,-27.5084705596937],[152.969517385307,-27.5084825696929],[152.969503405305,-27.5085165696918],[152.969491425301,-27.5085535696909],[152.969352405292,-27.5087475596785],[152.969277395284,-27.5088715696719],[152.969153405283,-27.5089855596604],[152.969087415268,-27.5091665696552],[152.96904839526,-27.5092605596521],[152.968943415253,-27.5094065696427],[152.968772415229,-27.5097445596283],[152.968749385231,-27.5097415596259],[152.96866039522,-27.5099095596183],[152.968685395217,-27.5099135596209],[152.968501405191,-27.5102725696053],[152.968446435183,-27.5103845696007],[152.968399425165,-27.5105695695974],[152.968347445157,-27.510675559593],[152.968337445153,-27.5107125595923],[152.968317445147,-27.5107785595909],[152.96821243512,-27.5110885695828],[152.968099425102,-27.5113205595733],[152.968072415088,-27.5114615695717],[152.968072415083,-27.511498559572],[152.968036425063,-27.5116865595699],[152.967988615046,-27.5118605895665],[152.967939445029,-27.512039559563],[152.967943425018,-27.512121569564],[152.967870465018,-27.5121865595572],[152.967793415003,-27.5123705595509],[152.967817424991,-27.512448559554],[152.967798444956,-27.5127375695543],[152.967799434938,-27.5128835695556],[152.967837434863,-27.5134415595638],[152.967837654861,-27.513463779564],[152.967851444822,-27.5137545695677],[152.967802464775,-27.5141745695661],[152.967840464692,-27.5147995595748],[152.967811484679,-27.5149275595729],[152.967817464655,-27.515116549575],[152.967871484625,-27.5153015495819],[152.96787947462,-27.515335559583],[152.967887474615,-27.5153695595841],[152.967834474585,-27.515653549581],[152.967846484577,-27.5157065595826],[152.96797846456,-27.515727549596],[152.968096474484,-27.5162345496118],[152.968154474459,-27.5163775496188],[152.968182464439,-27.5165175396227],[152.968418474343,-27.5170735396507],[152.968562464295,-27.5173325396672],[152.968700474226,-27.5177605396844],[152.968726494215,-27.5178255496875],[152.968748474207,-27.51787053969],[152.968806474184,-27.5180075496969],[152.968918484134,-27.5183035497105],[152.968997474097,-27.5185315397202],[152.969082484064,-27.5187205397302],[152.969139454033,-27.5189185397375],[152.969311223962,-27.519337959758],[152.969360463942,-27.5194545497639],[152.969628453868,-27.5198115397935],[152.969668453819,-27.5201685298003],[152.969721453789,-27.5203575298072],[152.969895483729,-27.5206885298272],[152.970130473665,-27.5209915298531],[152.970199493637,-27.5211555298613],[152.970286473607,-27.5213195298713],[152.970392463567,-27.5215485198838],[152.970294463579,-27.5215345198738],[152.970332463565,-27.5216115298783],[152.970495463528,-27.5217695198958],[152.970543463512,-27.5218585299013],[152.970639463474,-27.5220745299127],[152.970797473401,-27.522521529932],[152.970876453373,-27.5226735299411],[152.971108453295,-27.5230975499677],[152.971238503239,-27.5234255499833],[152.971254483234,-27.5234535399852],[152.971276463228,-27.5234855499876],[152.971295473221,-27.5235185499898],[152.971492463163,-27.5238155300119],[152.971591493135,-27.5239495300228],[152.971611453126,-27.5240095200253],[152.97169347311,-27.524064520034],[152.971767453089,-27.5241655300422],[152.97192345303,-27.5244995300605],[152.972073432988,-27.5247055300771],[152.972132422971,-27.5247925200837],[152.972321422912,-27.5251005201051],[152.972456432867,-27.5253415201205],[152.972672442802,-27.5256715301447],[152.972768432765,-27.525878520156],[152.97278745275,-27.5259815301587],[152.972903442694,-27.5263315301731],[152.972964432638,-27.5267245301823],[152.972908442645,-27.5267155201766],[152.972905422624,-27.5268865301777],[152.972939432596,-27.5270745301826],[152.97295648257,-27.5272685201858],[152.972868482507,-27.5278435201815],[152.972867462501,-27.5278925301818],[152.972901442485,-27.527992520186],[152.972980462459,-27.528131510195],[152.972990502451,-27.5281875101965],[152.972988452446,-27.5282225101965],[152.972973452445,-27.5282445101952],[152.972959472445,-27.5282595101939],[152.972930492445,-27.5282835001912],[152.972912462445,-27.5282955101895],[152.972895492445,-27.5283125101879],[152.972870482446,-27.5283275201855],[152.972861472445,-27.5283425001848],[152.972716452397,-27.5288475301742],[152.972688462382,-27.5289875001725],[152.972410472293,-27.5299295201521],[152.97227849229,-27.53006953014],[152.972237472274,-27.5302285201371],[152.972220462266,-27.5303105301361],[152.972080482244,-27.5306025301244],[152.971979522226,-27.5308325301161],[152.971882502217,-27.5309895201076],[152.971675512178,-27.5314705200907],[152.971565502154,-27.5317595200819],[152.971397492093,-27.53238453007],[152.97137552208,-27.5325055200688],[152.971388512052,-27.5327205300718],[152.971454502022,-27.5328965300798],[152.971447502004,-27.5330495300803],[152.971503491979,-27.533195530087],[152.971709491847,-27.5340665101146],[152.971826511794,-27.5343905001288],[152.971937471751,-27.5346365201419],[152.97196054173,-27.5347825001454],[152.971956521699,-27.5350295101469],[152.972005511682,-27.5351225101526],[152.972145521646,-27.5352935101679],[152.972287511617,-27.535398510183],[152.972404491591,-27.5355065101955],[152.972147021603,-27.5356284501707],[152.972260021573,-27.5357714301832],[152.97230503156,-27.5358344501882],[152.972328021552,-27.5358834301909],[152.972344041548,-27.5358994401926],[152.972397041538,-27.5359374401982],[152.972410041534,-27.5359524401996],[152.972418031531,-27.5359694402006],[152.972417051528,-27.5359974502007],[152.972413031525,-27.5360214402005],[152.972417051521,-27.5360524502011],[152.972456031506,-27.5361334402057],[152.9724740215,-27.5361674502077],[152.972495051495,-27.53619244021],[152.972517021491,-27.5362074402123],[152.972537021487,-27.5362174302144],[152.972552021484,-27.536226440216],[152.972566041482,-27.5362364302175],[152.972578051478,-27.5362514402188],[152.972581041476,-27.5362684402193],[152.972578051474,-27.5362894302191],[152.972577021471,-27.5363104302192],[152.972583051468,-27.5363264302199],[152.972591041467,-27.5363334502208],[152.972641051458,-27.536360440226],[152.972654041455,-27.5363714502274],[152.972665031452,-27.5363844302286],[152.972673021449,-27.5364044502295],[152.972681011445,-27.5364274402305],[152.972704041438,-27.5364644402331],[152.972792481405,-27.5366485002434],[152.972823511393,-27.5367195002471],[152.972837491377,-27.5368365202494],[152.972834501367,-27.5369195102498],[152.972853471355,-27.5369945102523],[152.972875491349,-27.5370245102547],[152.972909501343,-27.5370445102583],[152.972953491338,-27.5370465102627],[152.972986521335,-27.5370375002659],[152.973035501335,-27.5369975002705],[152.973070501338,-27.5369445002736],[152.973092481342,-27.5368905002754],[152.973127521345,-27.5368375202785],[152.973169491347,-27.5367925102823],[152.973265491342,-27.5367455102916],[152.973287501339,-27.5367525102939],[152.97331951133,-27.5367985002974],[152.973322501325,-27.536828510298],[152.973326511318,-27.5368855002988],[152.973346521312,-27.536912500301],[152.973474521285,-27.5370164803147],[152.973542051264,-27.5371314403223],[152.973551031245,-27.5372754503244],[152.973577011234,-27.5373374403275],[152.973621031222,-27.5373924403323],[152.973709041207,-27.5374394303415],[152.973902051162,-27.5376334403624],[152.974033481122,-27.5378324803771],[152.974107511095,-27.5379865003857],[152.974293471044,-27.5382354904063],[152.974440501008,-27.5383944904223],[152.974572480971,-27.538575500437],[152.974662520939,-27.5387534904474],[152.974694500891,-27.5391054904534],[152.974747500867,-27.5392494904598],[152.975017010802,-27.5395304504891],[152.975017010799,-27.5395554404892],[152.975021030796,-27.5395794404898],[152.975027010791,-27.5396084504907],[152.975023040789,-27.5396314404905],[152.975019020784,-27.5396724404904],[152.97501902078,-27.5397094404907],[152.975017010776,-27.5397384404907],[152.975017010771,-27.539776440491],[152.975019020768,-27.5398014404914],[152.975017010765,-27.5398274504914],[152.975021030753,-27.5399144404925],[152.97501902075,-27.5399434404925],[152.975024020744,-27.5399864404933],[152.975047020732,-27.5400594404962],[152.97507505072,-27.5401344404996],[152.975103040711,-27.5401784505028],[152.975223020677,-27.5403484505162],[152.975158520667,-27.5404864705108],[152.975149470653,-27.5405994705108],[152.975200500584,-27.5411064605199],[152.975202500543,-27.5414274805226],[152.9752164905,-27.5417604805266],[152.975132500465,-27.542110480521],[152.975140490428,-27.542395470524],[152.975122530406,-27.5425804705237],[152.975127540388,-27.5427254705254],[152.97513254038,-27.5427834705263],[152.975128080376,-27.5428142905261],[152.975111550366,-27.5429074805252],[152.974972520332,-27.5432994705144],[152.974776510304,-27.5436914704978],[152.974646540294,-27.5438764704863],[152.974529520278,-27.5441034604763],[152.974262560251,-27.5445454704531],[152.974203540254,-27.5445744704474],[152.974151520253,-27.5446264804426],[152.973817550266,-27.5448094604106],[152.973493540292,-27.5448774903786],[152.973339580298,-27.5449595003639],[152.973162560312,-27.5450054903465],[152.972650570349,-27.5451455002963],[152.972365540368,-27.5452375002685],[152.972169580386,-27.5452664902491],[152.971702590425,-27.545352490203],[152.971612580432,-27.5453794801942],[152.971290620462,-27.5454144901622],[152.971250610465,-27.5454235001583],[152.971180610473,-27.5454225001512],[152.971141590478,-27.5454164801473],[152.971111290481,-27.5454129301442],[152.971065050488,-27.5453974501395],[152.970982050504,-27.5453454401307],[152.970940040509,-27.5453364301265],[152.97085601052,-27.545325450118],[152.970731040534,-27.5453184301054],[152.970326030584,-27.5452674500644],[152.970132040607,-27.5452524400449],[152.97000502063,-27.5451764500316],[152.969913040644,-27.5451484400221],[152.96946456069,-27.5451650899773],[152.969384620701,-27.5451465099692],[152.968822630773,-27.5450525099121],[152.968339630832,-27.5449985098633],[152.968165630856,-27.5449554998456],[152.967701650912,-27.5449075297987],[152.967494650935,-27.5449025297779],[152.967097640988,-27.5448215197375],[152.966977631005,-27.5447925297253],[152.966367641081,-27.5447125196636],[152.966115681111,-27.5446875296381],[152.965756671155,-27.5446455296018],[152.965453681191,-27.5446155295713],[152.965419051195,-27.5446174295678],[152.965281041263,-27.5441984395507],[152.964147021417,-27.5439434394351],[152.964109021435,-27.5438284394304],[152.963659711503,-27.5436735393842],[152.963395741577,-27.5433115493549],[152.963190721635,-27.5430325393321],[152.962999721689,-27.5427625693109],[152.962913721711,-27.5426675693015],[152.962779731749,-27.5424805692866],[152.962637711778,-27.5423695692715],[152.962382721829,-27.5421845692445],[152.962180731882,-27.5419305692223],[152.96199571194,-27.5416295692014],[152.961772732001,-27.5413395591768],[152.961359042164,-27.540401449128],[152.961023022266,-27.5398774390902],[152.960691712377,-27.5392815890523],[152.96067273239,-27.5391895890497],[152.9604560325,-27.5385044390226],[152.960339012553,-27.5381864390083],[152.960301022566,-27.5381124390039],[152.960244732583,-27.5380235889976],[152.960244732587,-27.5379955789974],[152.960223712595,-27.5379505889949],[152.960206742609,-27.5378505789924],[152.960206742615,-27.5378045789921],[152.96021572262,-27.5377575789926],[152.960215722627,-27.5377045689922],[152.960223712633,-27.5376505889926],[152.960232722637,-27.5376115689931],[152.960233532638,-27.5375967189931],[152.960234732641,-27.537573568993],[152.960243712651,-27.5374845889932],[152.960232722665,-27.5373815789913],[152.96022772267,-27.5373465789906],[152.960229702672,-27.5373325789906],[152.960229702674,-27.5373145789905],[152.960237722693,-27.5371605789901],[152.960214732728,-27.5368975789857],[152.96014169276,-27.5367075889769],[152.960014752787,-27.5366065789634],[152.959545722896,-27.5361376089127],[152.959093713015,-27.535577588863],[152.958870733068,-27.5353515988389],[152.95878970309,-27.53524560883],[152.958777723093,-27.5352315988287],[152.958749693101,-27.5351926088255],[152.958709733111,-27.5351495888212],[152.958663743123,-27.5350945888162],[152.958606723137,-27.53503059881],[152.958561723148,-27.5349825888051],[152.958540733153,-27.5349585988028],[152.958499743162,-27.5349185987984],[152.958276733215,-27.5346906087742],[152.957944723286,-27.5344136087388],[152.95792070329,-27.5343995987363],[152.957800733318,-27.5342825887234],[152.957720833333,-27.534231848715],[152.957592723357,-27.5341506087015],[152.957069743465,-27.5337356186459],[152.95631376362,-27.5331566285656],[152.955584743766,-27.5326186084884],[152.955437763799,-27.5324845984726],[152.954880773911,-27.5320676184135],[152.95459428397,-27.5318453583831],[152.954135764064,-27.5314896083344],[152.953881764124,-27.5312296083069],[152.953659804173,-27.5310346182832],[152.953596774189,-27.5309616182763],[152.953370804233,-27.5308016082524],[152.953198814265,-27.5306966282343],[152.953105774284,-27.5306226282244],[152.952966824306,-27.5305736382102],[152.952955794313,-27.5305226282086],[152.952672774363,-27.5303676381791],[152.952559804378,-27.5303456381676],[152.952510784392,-27.5302806281622],[152.952410814407,-27.5302476281519],[152.952317194421,-27.5302104581423],[152.952286784426,-27.5301998981391],[152.952221084436,-27.5301774381324],[152.952049794467,-27.5300786281144],[152.951803784512,-27.5299266380886],[152.951706804523,-27.5299246380789],[152.951517774551,-27.5298646380595],[152.951225774599,-27.5297286280292],[152.951059804629,-27.5296376280119],[152.950690824687,-27.5294906279738],[152.95012182477,-27.5293146579154],[152.949730074832,-27.529158127875],[152.949541804863,-27.5290736578555],[152.949262834906,-27.5289726478268],[152.948984814946,-27.5288916477983],[152.948691834986,-27.5288236477684],[152.948521815007,-27.5288006477512],[152.948429795025,-27.5287426577416],[152.94822985505,-27.5287136477213],[152.948129845066,-27.528670647711],[152.947979865085,-27.5286516676958],[152.947799845112,-27.5285886776773],[152.947317865179,-27.5284716676282],[152.946817815241,-27.5284003875775],[152.946598885269,-27.5283696775554],[152.946392845296,-27.5283296775345],[152.946052845333,-27.5283246675004],[152.945685035387,-27.5282154374627],[152.94539004542,-27.5282054274331],[152.945128045449,-27.5281924474068],[152.944725885488,-27.5282326773669],[152.944568905504,-27.5282386973512],[152.944207875539,-27.5282686873153],[152.94388390558,-27.5282196972825],[152.943618915609,-27.528216697256],[152.943456925623,-27.52824568724],[152.943049915673,-27.5281936871989],[152.943010935676,-27.528202697195],[152.942877895686,-27.528241687182],[152.942549905724,-27.528216717149],[152.942391935738,-27.5282427071334],[152.942357915744,-27.5282197171298],[152.942291925749,-27.5282407071234],[152.942140925765,-27.5282447071083],[152.941976045787,-27.5282064270915],[152.94132003586,-27.5281904470258],[152.941100965879,-27.5282267070041],[152.940865935918,-27.5281167069797],[152.940609925946,-27.5281107069541],[152.940480935954,-27.5281566969415],[152.940355965968,-27.528156696929],[152.939964936003,-27.5282097068903],[152.939529926053,-27.5281827268466],[152.939328966071,-27.5282137168267],[152.938810986133,-27.5281677267745],[152.938568996159,-27.5281697267504],[152.938481976166,-27.5281837267418],[152.938272976186,-27.528202726721],[152.937951016221,-27.5282027266888],[152.937736976241,-27.5282227266675],[152.937012966319,-27.5282297365952],[152.936703046349,-27.5282497365643],[152.935743016457,-27.528213736468],[152.935534016479,-27.5282237464472],[152.935081016527,-27.5282234264019],[152.9343280566,-27.528289756327],[152.933412016703,-27.5282534362351],[152.93253404679,-27.5283124361478],[152.932415026807,-27.5282834461357],[152.931713056871,-27.5283774460662],[152.93124402692,-27.5283894260194],[152.930459096989,-27.5285097759418],[152.929634087063,-27.5286277858603],[152.929484107074,-27.5286657858455],[152.929253097089,-27.5287477758231],[152.928991137099,-27.528892775798],[152.928831127102,-27.5290027757829],[152.928623147094,-27.529242775764],[152.928473137083,-27.5294637957508],[152.928367177071,-27.5296507957416],[152.92824412705,-27.5299238057315],[152.928053127001,-27.5304707957167],[152.928000166972,-27.5307487957136],[152.927970126921,-27.531179785714],[152.927896136884,-27.5315347857094],[152.927880156851,-27.53181278571],[152.927892196808,-27.5321427857138],[152.927857156734,-27.5327607757152],[152.927826166692,-27.533124785715],[152.927794156666,-27.5333547757136],[152.927604176578,-27.5342177857014],[152.927578156557,-27.5344047757003],[152.927537166482,-27.5350367757012],[152.927560196439,-27.535362785706],[152.927518186367,-27.5359657757066],[152.92753018635,-27.5360907757088],[152.927468216262,-27.5368477757086],[152.927456206212,-27.5372567757106],[152.927406196181,-27.5375467857079],[152.927369186138,-27.5379157857071],[152.927351236038,-27.5387307857117],[152.927340206022,-27.5388647757117],[152.927231325994,-27.5391797957033],[152.927181215981,-27.5393247756994],[152.92701126595,-27.5397177756855],[152.926995245943,-27.5397897756845],[152.927022215926,-27.5398997756881],[152.927022215905,-27.5400627856893],[152.92696425589,-27.5402307856849],[152.92652724586,-27.5408497756461],[152.926278135838,-27.5412343656242],[152.92618523583,-27.541377785616],[152.926068255825,-27.5415217856055],[152.925806255821,-27.5417707755812],[152.925532285822,-27.5419977755556],[152.925364175829,-27.5420915055396],[152.924843275848,-27.5423817754898],[152.924548285862,-27.5425257754614],[152.9239432959,-27.5427427854026],[152.923493285931,-27.5428787953587],[152.923108325963,-27.5429557953208],[152.922625285999,-27.5430817952735],[152.92227732603,-27.5431357952392],[152.922227366031,-27.5431698052344],[152.922175346038,-27.5431547952291],[152.920621356183,-27.5433358250752],[152.920058346238,-27.5433808150193],[152.919260386328,-27.5433538249393],[152.917003406567,-27.5433878447139],[152.916660456604,-27.5433798346796],[152.916343446637,-27.543394834648],[152.915890526675,-27.5434800246034],[152.915725436689,-27.5435108445871],[152.915674406697,-27.5434878545819],[152.915465446723,-27.5434638545608],[152.915100446764,-27.5434508545242],[152.914275476847,-27.5434958444421],[152.913792466892,-27.5435538643943],[152.913374466935,-27.5435698643526],[152.913047506971,-27.5435608743199],[152.912195517055,-27.5436248642353],[152.911584507112,-27.5436938641747],[152.910983537173,-27.5437238941149],[152.91080150719,-27.5437478840969],[152.910753517196,-27.543738894092],[152.909692527302,-27.5438088839866],[152.909574527315,-27.5437988939747],[152.908518547426,-27.5438259038694],[152.908110547464,-27.543874913829],[152.907456617529,-27.543919903764],[152.907237577553,-27.543909913742],[152.906706577607,-27.5439359036892],[152.906406587634,-27.5439839136596],[152.906106587656,-27.5440609236302],[152.905972597665,-27.5441049236172],[152.905908617667,-27.5441429136111],[152.9054376177,-27.5442879235652],[152.904971627718,-27.5445429235206],[152.904810617727,-27.5446109335051],[152.904478617739,-27.5447979334734],[152.904286627743,-27.5449329234553],[152.904099677742,-27.5451009234379],[152.903864647736,-27.5453509334164],[152.903693647724,-27.5455909334012],[152.903565647709,-27.5458159333902],[152.903378657676,-27.5462429233749],[152.903363687667,-27.5463239233741],[152.903331677666,-27.5463629233712],[152.903219657635,-27.5467029533626],[152.903220647607,-27.5469229333645],[152.903242657579,-27.5471339233684],[152.903307697532,-27.5474499233774],[152.903372707498,-27.5476609333855],[152.903442677471,-27.5478179233937],[152.903604657425,-27.5480429234117],[152.903738647392,-27.5481959334263],[152.90412664728,-27.5487509334694],[152.90424464725,-27.5488849334823],[152.904440657212,-27.5490199235029],[152.904567677183,-27.5491429335166],[152.904669657152,-27.549299923528],[152.904712657133,-27.5494149235332],[152.904809667105,-27.549553923544],[152.904885667081,-27.5496829135526],[152.904966657043,-27.5499179135626],[152.905457656853,-27.5510039036202],[152.905635666802,-27.55125690364],[152.906017636677,-27.5519219136834],[152.906039686666,-27.5519889136861],[152.906319676583,-27.5524099037174],[152.906330666576,-27.5524579137189],[152.90645465654,-27.5526348837327],[152.906536556513,-27.5527841737421],[152.906685666464,-27.553040883759],[152.906874656388,-27.5534858837814],[152.906939666355,-27.5536968937895],[152.906961636334,-27.5538408937929],[152.907227686192,-27.5547448938266],[152.907216666192,-27.5547548938256],[152.907254656165,-27.5549318938308],[152.907282656124,-27.555237883836],[152.907259006093,-27.5555047538357],[152.907252326082,-27.5555942938358],[152.907128666046,-27.5559858938265],[152.907091646039,-27.5560769038235],[152.90700167603,-27.5562258938157],[152.906707706016,-27.5565908837892],[152.906498676016,-27.5567678937697],[152.906080706024,-27.5570648937303],[152.905888686026,-27.5572058937122],[152.905471746048,-27.557392893672],[152.905296876052,-27.5575114236555],[152.904978706065,-27.5576818836251],[152.904445036106,-27.5578084435727],[152.901920036295,-27.5584724233257],[152.900104056454,-27.5587644331466],[152.898451046576,-27.5592184429851],[152.897469046659,-27.5593964228884],[152.895805046727,-27.5602864227292],[152.895254046734,-27.5606984426774],[152.895207036703,-27.560987422675],[152.895684046561,-27.5617044327283],[152.89677904632,-27.5626854328454],[152.897762866155,-27.5631499429474],[152.897864886137,-27.563206942958],[152.898111886085,-27.5634079329843],[152.898198166068,-27.5634701829934],[152.898551895998,-27.5637229330307],[152.898982885906,-27.5640859230766],[152.899132895875,-27.5642009330925],[152.900282825661,-27.564915923213],[152.900378825646,-27.5649549232229],[152.900695865587,-27.5651549232562],[152.900883875558,-27.5652219132755],[152.901140835526,-27.5652549133014],[152.901210845517,-27.5652689033085],[152.901253835509,-27.565296913313],[152.90151185547,-27.5653829133395],[152.901629825449,-27.5654499033518],[152.901747835431,-27.5654879033639],[152.902034795373,-27.5657069033943],[152.902188825334,-27.5658839134111],[152.902263835312,-27.5659939134194],[152.902415815251,-27.5663479134374],[152.902410815227,-27.5665449034384],[152.902295845129,-27.5674259234339],[152.902221855078,-27.5678869334302],[152.902157835059,-27.5680969234254],[152.90203585504,-27.5683519234152],[152.901928835032,-27.5685049234058],[152.901928835025,-27.5685619234062],[152.90184506502,-27.5686758933988],[152.901736845011,-27.5688409133892],[152.901185874993,-27.569451913339],[152.90095085499,-27.5696809333174],[152.900704874992,-27.5698729232943],[152.900559904991,-27.5700119332809],[152.900527894993,-27.5700219232778],[152.90018588499,-27.5703389232461],[152.900008894994,-27.5704539332294],[152.899714884993,-27.5707179232021],[152.899586884983,-27.5709099231908],[152.89913191498,-27.5713179231486],[152.898757894984,-27.5716069231135],[152.898136954984,-27.5721449230557],[152.89755394499,-27.572595923001],[152.896538954965,-27.5736669229081],[152.896046964945,-27.5742429128635],[152.895693974923,-27.574722922832],[152.895572034913,-27.5749049228213],[152.895364014888,-27.5752839328035],[152.895268024871,-27.5755039327957],[152.895193014865,-27.5756189327891],[152.895193014861,-27.5756479227893],[152.895118004854,-27.5757629327827],[152.894980034834,-27.5760459227712],[152.894873014811,-27.5763199327626],[152.89483100481,-27.5763669227588],[152.894772024793,-27.5765449227543],[152.894718984767,-27.5768039327511],[152.894646024702,-27.5773779227483],[152.894637044626,-27.5779919227523],[152.894626024496,-27.5790354327594],[152.894696064409,-27.5796679327714],[152.894728044379,-27.5798789027762],[152.894761034358,-27.5800129027806],[152.895052054236,-27.5807399128154],[152.89521502414,-27.5813619028366],[152.895296054104,-27.5815779128464],[152.895329054095,-27.58161590285],[152.895593053994,-27.5821949028809],[152.895766023936,-27.5825109029007],[152.895938053864,-27.5829318829212],[152.895992033834,-27.5831228829281],[152.896128033778,-27.5834528829443],[152.896300053725,-27.5837258929636],[152.89644003369,-27.5838888929789],[152.896340023673,-27.5841104329706],[152.896291043654,-27.5843008829672],[152.896372033621,-27.5844918829768],[152.89652405354,-27.5850088829961],[152.896691013478,-27.5853578830155],[152.896745033462,-27.5854348830215],[152.896853033422,-27.5856648730341],[152.897025053367,-27.5859468730535],[152.897268033296,-27.5863098730807],[152.897682023182,-27.5868548631263],[152.897822033148,-27.5870078631415],[152.898209043057,-27.5873998731833],[152.898650982944,-27.5879168632315],[152.89911004283,-27.5884324332814],[152.899671052703,-27.5889554333416],[152.899952032638,-27.5892354333718],[152.900191032576,-27.5895164233979],[152.900423022521,-27.589761443423],[152.900561032492,-27.5898694434377],[152.900817042443,-27.5900364434646],[152.901232042378,-27.5901974335073],[152.9017770323,-27.590351443563],[152.902188022213,-27.5906934336067],[152.90243603217,-27.5908194336325],[152.902533012158,-27.5908324436423],[152.903099972018,-27.5914538237038],[152.903198961989,-27.5916038137149],[152.903327981942,-27.5918668137299],[152.903662941836,-27.5924168237677],[152.903748971813,-27.5925308137772],[152.903964001743,-27.5928997938015],[152.904104961689,-27.593205783818],[152.904233951649,-27.5934168038326],[152.90443897157,-27.5938657938566],[152.904600961521,-27.5941198038748],[152.904740971484,-27.5942917938902],[152.905279971315,-27.595171803951],[152.905413961278,-27.5953538039658],[152.905688991192,-27.5957977839968],[152.905699971185,-27.5958457739982],[152.905882951126,-27.5961527840189],[152.905996971082,-27.5964057740323],[152.906061981049,-27.5966167840405],[152.90609498102,-27.5968177840454],[152.906229950939,-27.597343774063],[152.906252000933,-27.5973727840654],[152.906278970914,-27.5974977740691],[152.906592980773,-27.5983487741072],[152.906711970712,-27.5987317741221],[152.90675095068,-27.5989547741278],[152.906675980666,-27.5991297841217],[152.906632990663,-27.5991877841178],[152.906605980652,-27.599297784116],[152.906580970586,-27.5998487841178],[152.906587980539,-27.6002167741214],[152.906630940511,-27.6003987741272],[152.906716970475,-27.6006097841374],[152.906749970456,-27.6007337741417],[152.906766940431,-27.6009207841449],[152.906750990406,-27.6011267841449],[152.906730000392,-27.6012607841439],[152.906704010385,-27.6013327841418],[152.90662901038,-27.6014427841352],[152.906425990377,-27.6016397741165],[152.906088000383,-27.6018807740846],[152.905670990399,-27.6021157740448],[152.905526010405,-27.6021887740309],[152.90530099042,-27.602265774009],[152.905001030433,-27.6024197839802],[152.904342030478,-27.6026267839161],[152.903978050505,-27.6027237838804],[152.903152050572,-27.6028977737993],[152.902863050597,-27.6029467737708],[152.902723070611,-27.6029617837569],[152.902460090639,-27.6029617837307],[152.90189707071,-27.6028817836738],[152.901768080724,-27.6028827836609],[152.901699060729,-27.6028967936541],[152.901288030762,-27.6029904336138],[152.901099040769,-27.6031004435958],[152.900975050778,-27.6031324235837],[152.900688050818,-27.6030624435544],[152.90040302086,-27.6029734335253],[152.900249030876,-27.6029744335099],[152.900120030887,-27.6029984334972],[152.899862020918,-27.6029784334713],[152.899785040923,-27.6030014234637],[152.899657030934,-27.6030254434511],[152.899529030942,-27.6030734334387],[152.899452050947,-27.6030964434312],[152.899271040966,-27.6030994434132],[152.899136030988,-27.6030464333993],[152.898774021038,-27.6029614333624],[152.898439031073,-27.602966423329],[152.898207031101,-27.6029474233057],[152.897948031137,-27.6028824332793],[152.897793011159,-27.6028394432635],[152.89758504119,-27.6027744332422],[152.89740305122,-27.6026854232233],[152.897195031257,-27.6025744332017],[152.89702202129,-27.6024574331835],[152.896845041323,-27.6023464331649],[152.896714041349,-27.6022564331511],[152.896533031377,-27.6021904431325],[152.896376051405,-27.6021014431161],[152.896247021424,-27.6020574231029],[152.896090031453,-27.6019684430865],[152.895960021478,-27.6018784430728],[152.895829021503,-27.601789433059],[152.895672041534,-27.6016774330425],[152.89556702156,-27.6015644430311],[152.895435041594,-27.6014054330167],[152.895230021642,-27.6012044329946],[152.894917431706,-27.6009608429615],[152.894483161814,-27.6004758429143],[152.894332161859,-27.6002508428974],[152.894288171882,-27.6001028428919],[152.894137171922,-27.5999118528753],[152.893815131996,-27.5996058428407],[152.893546172071,-27.599241852811],[152.89349302209,-27.5991304328048],[152.893430022112,-27.5990154327976],[152.893308192149,-27.5988258427839],[152.893206172186,-27.5986198527721],[152.893119152221,-27.5984098527617],[152.893033162275,-27.5980548727504],[152.892957172309,-27.5978548727412],[152.89276390239,-27.5973723027181],[152.892676192427,-27.5971558727076],[152.892579132463,-27.5969548726963],[152.8925031425,-27.5967248726869],[152.892136172643,-27.5959018626438],[152.891964182704,-27.595566882624],[152.891753182793,-27.5950358825987],[152.891548192853,-27.5947398825759],[152.891526152864,-27.5946728925732],[152.891483152876,-27.5946148925684],[152.891451142891,-27.5945188825645],[152.891289192941,-27.5942658925463],[152.891173633014,-27.593783172531],[152.890878533068,-27.5936034025001],[152.890729213112,-27.5933808924834],[152.890584193159,-27.593136912467],[152.890266203247,-27.5927119124319],[152.889997203323,-27.5923379124021],[152.889824223367,-27.5921329023832],[152.889556203427,-27.5918849023545],[152.889417833476,-27.5916180423386],[152.888846943612,-27.5910218222769],[152.888471173687,-27.5907516722372],[152.8889260337,-27.5902574422787],[152.889506023567,-27.5908204323411],[152.890548023334,-27.5917754424527],[152.891158043167,-27.5925754325199],[152.891583013051,-27.5931344325667],[152.892450032722,-27.5950064326681],[152.89315204249,-27.596246432748],[152.893705012259,-27.597611432814],[152.894625031925,-27.5994754329205],[152.895735031622,-27.6009274330429],[152.895884031575,-27.6011704230596],[152.896048021539,-27.6013204430772],[152.896305021493,-27.601460433104],[152.896568041442,-27.6016444331317],[152.896814051399,-27.6017704331573],[152.897070021353,-27.601920433184],[152.897270041315,-27.602046443205],[152.897469041284,-27.6021204432255],[152.897736041241,-27.602236433253],[152.897918031212,-27.6023074332718],[152.898156041176,-27.6023944432962],[152.898466041135,-27.6024494433276],[152.898785051098,-27.6024734333597],[152.899132021056,-27.6025054433946],[152.899799020982,-27.6025214234614],[152.900301040931,-27.6024984335113],[152.900802040886,-27.6024264335608],[152.903018030657,-27.6023434337815],[152.905994020473,-27.6012464440702],[152.906085050815,-27.5984504240573],[152.905081041228,-27.5960334439379],[152.903786021607,-27.5941344337935],[152.902535022009,-27.5920164436518],[152.901710052222,-27.5910264335616],[152.900215042471,-27.5903364334068],[152.898217032953,-27.5882204231905],[152.897042033275,-27.5866644330609],[152.896080033631,-27.584661432949],[152.895413033905,-27.5830554328697],[152.894818054147,-27.5816444327992],[152.893976034535,-27.5792864226965],[152.893920044597,-27.5788394226873],[152.89379302474,-27.5778114426666],[152.893982014873,-27.5765924326758],[152.895035044996,-27.5747104327661],[152.895311015009,-27.574369442791],[152.897905035096,-27.5714484330271],[152.899323025083,-27.5703374431599],[152.900598045139,-27.5688024332752],[152.901566025184,-27.5676094233625],[152.901874045258,-27.5667554333865],[152.901523025349,-27.5663394433481],[152.900948045481,-27.5657754332862],[152.900114015611,-27.5654654232005],[152.897754036025,-27.5641964329547],[152.89585603638,-27.5629974327557],[152.895074026567,-27.5621824326712],[152.894690046698,-27.5614714426272],[152.894516046792,-27.5608764226051],[152.894460026819,-27.5607034325982],[152.894543026834,-27.560513442605],[152.895068036825,-27.5601384226544],[152.895798036809,-27.5596414427234],[152.896851026753,-27.559179442825],[152.89795504668,-27.5588104429323],[152.89962904656,-27.5583344330958],[152.901475026415,-27.5579044432768],[152.904994036165,-27.5568744336202],[152.905752026128,-27.5565184336931],[152.90630102613,-27.5560284337441],[152.906588026176,-27.555416433768],[152.906550026292,-27.5545314237572],[152.905980046546,-27.5530004436882],[152.905239016771,-27.551843433605],[152.903948057136,-27.5500504334618],[152.90291904749,-27.5481164433438],[152.90274504761,-27.54730743332],[152.90290404774,-27.5461394433267],[152.903117017795,-27.5455234233431],[152.903594037815,-27.5449554433863],[152.904152047814,-27.5444824334383],[152.905027027779,-27.544008443522],[152.90614104771,-27.5436064336301],[152.907493047594,-27.5433704337633],[152.909959057349,-27.5432064340084],[152.912901027073,-27.5428764242999],[152.91544704681,-27.5427834245536],[152.917096046673,-27.5424654347159],[152.922170016147,-27.5422944352218],[152.924132035986,-27.5418924354148],[152.925186055942,-27.5413424255158],[152.925742015937,-27.540903445568],[152.926140055975,-27.5402634356027],[152.92659202609,-27.5389604456376],[152.926831036264,-27.537373435649],[152.926727046621,-27.5346244256169],[152.927021057013,-27.5312604256197],[152.927447047185,-27.5295314356487],[152.928148027202,-27.528796435713],[152.928395027191,-27.5286744457367],[152.929716067186,-27.5275824658602],[152.929973067164,-27.5275343958855],[152.930668937116,-27.5273214659534],[152.931123107077,-27.5272397859982],[152.93191205701,-27.527097466076],[152.932350856972,-27.5270294261193],[152.932673076941,-27.5270004361513],[152.932930146918,-27.5269614761767],[152.933111916903,-27.5269223961946],[152.933475896879,-27.5268064062301],[152.933894186846,-27.5267094662712],[152.934354996806,-27.5266314363166],[152.934537166792,-27.5265834663345],[152.934916956768,-27.5264524263715],[152.934981046766,-27.5264144463776],[152.935253186746,-27.5263394864042],[152.935640196715,-27.5262544164422],[152.935972126691,-27.5261584064747],[152.936583026644,-27.5260124265346],[152.936963176624,-27.5258444765713],[152.937295106602,-27.5257374766037],[152.937399896597,-27.5256844566138],[152.937728216575,-27.5255784266458],[152.93792188656,-27.5255304566648],[152.938374046531,-27.5253753967088],[152.938569176514,-27.5253454267281],[152.938624946508,-27.5253444467336],[152.938785876483,-27.5254064567502],[152.938926986457,-27.525489426765],[152.939029986445,-27.5255004167754],[152.939347136416,-27.5254584568068],[152.939508066398,-27.5254624368229],[152.939838176356,-27.5255144368564],[152.940140906323,-27.5255214668867],[152.94089006624,-27.5255373969618],[152.94091200624,-27.5255193969638],[152.940970006231,-27.5255434269698],[152.941893046112,-27.5256954470634],[152.942109056085,-27.5257294670853],[152.942712036006,-27.5258404271465],[152.942853185989,-27.5258523971607],[152.942872965986,-27.5258564471627],[152.942903185981,-27.5258693971658],[152.94311813596,-27.5258604071873],[152.943207015948,-27.5258774071963],[152.943550145886,-27.5260764172322],[152.943753895854,-27.5261554272532],[152.943792035847,-27.5261794572572],[152.944006945804,-27.5263324572799],[152.94436121575,-27.5264624173164],[152.944581165719,-27.5265164173388],[152.944894005688,-27.52649941737],[152.945072925662,-27.5265484573883],[152.945306205625,-27.5266424174124],[152.946904935435,-27.5267904575736],[152.947134045405,-27.5268294375968],[152.949413075119,-27.5271494678274],[152.949553125098,-27.5271964578418],[152.949774165072,-27.5272154378641],[152.949909175055,-27.5272404678778],[152.95002685504,-27.5272553978897],[152.95008521503,-27.5272844878957],[152.950659034938,-27.527521447955],[152.951061884873,-27.5276944279967],[152.95138118482,-27.5278424780299],[152.952015884687,-27.5283574680975],[152.952109104672,-27.5283984081071],[152.952412934632,-27.528456458138],[152.952785194586,-27.5285064081756],[152.953191044519,-27.5286894482177],[152.953465954472,-27.5288244582463],[152.953657104437,-27.5289374182663],[152.953881034397,-27.5290664782898],[152.954117194347,-27.5292604283149],[152.95473601424,-27.5295794783794],[152.954873904211,-27.5296904483941],[152.955080204155,-27.5299594584169],[152.95517992413,-27.5300764684278],[152.955430134072,-27.5303253984548],[152.955580954045,-27.5304094684705],[152.956417963883,-27.5309794385588],[152.956743033828,-27.5311394385926],[152.956893893798,-27.5312444786086],[152.957118873759,-27.5313674186321],[152.957215013739,-27.5314394386423],[152.957552023676,-27.5316504486777],[152.959106043399,-27.5325194488401],[152.959295083364,-27.53263839886],[152.95981706324,-27.5331783989165],[152.960259153119,-27.5337584489654],[152.960421173072,-27.5339954189835],[152.96067317301,-27.5342694790109],[152.960903192956,-27.5345014090357],[152.960969082942,-27.5345614190428],[152.96115990289,-27.5348044390638],[152.961390982837,-27.5350304190887],[152.961742002751,-27.5354094091269],[152.961852892719,-27.5355723891393],[152.962181902643,-27.5358953991748],[152.96229709261,-27.5360604791876],[152.96244006253,-27.5365674292059],[152.962590882457,-27.5370244592246],[152.962593032454,-27.537040479225],[152.96259303245,-27.5370744092252],[152.962633002425,-27.5372354092305],[152.962653152381,-27.5375714792352],[152.962680162371,-27.5376243892383],[152.962752142328,-27.5379094192478],[152.962908032246,-27.5384264792675],[152.962923142236,-27.5384883992695],[152.96313699214,-27.5390684492955],[152.963154992131,-27.5391284792977],[152.963220142106,-27.5392674393054],[152.963332122056,-27.539568389319],[152.963585211951,-27.5401864193492],[152.964492061653,-27.5417754594525],[152.965138951481,-27.5425874495237],[152.965380871425,-27.5428254095498],[152.965758861347,-27.54312142959],[152.965910081319,-27.5432104296059],[152.966013051302,-27.5432634396166],[152.966447031229,-27.5434654396617],[152.966867041168,-27.5435924397047],[152.967184041137,-27.5435644497363],[152.969119010911,-27.5437064399312],[152.969683010857,-27.5436574499873],[152.970847030749,-27.5435154401028],[152.972317110651,-27.5430351602462],[152.972385030646,-27.5430204402529],[152.972652870634,-27.5428844402787],[152.972823870624,-27.5428154202953],[152.973049950605,-27.5427794203176],[152.973330020586,-27.542691400345],[152.973551100578,-27.5425644103662],[152.97363709058,-27.542469450374],[152.973673120592,-27.5423494103767],[152.973711990621,-27.5420844503785],[152.973687900653,-27.5418494403742],[152.973678160682,-27.5416324603715],[152.973614060753,-27.541117470361],[152.97353705082,-27.5406524603496],[152.973458940855,-27.5404444603402],[152.973404920872,-27.5403584203341],[152.973344070897,-27.5402064003268],[152.973039880997,-27.5396764002921],[152.972972211015,-27.5395874902847],[152.972572941135,-27.5389784502398],[152.972423911182,-27.538733470223],[152.972229871236,-27.5384744502015],[152.971868081326,-27.538064420162],[152.97164810139,-27.5377494201375],[152.971076071543,-27.5370254600745],[152.971019931553,-27.5369884600686],[152.970981031562,-27.5369554300644],[152.97094719157,-27.5369204100607],[152.970914051578,-27.5368863900571],[152.970879881586,-27.5368494100534],[152.970860061615,-27.5366384600498],[152.970778011635,-27.5365434000408],[152.970735891651,-27.5364564700359],[152.970631141678,-27.5363274100244],[152.970580001699,-27.5362104000183],[152.970491091714,-27.5361654100091],[152.970526021717,-27.5361124100122],[152.970303151783,-27.5357754499872],[152.970204161812,-27.5356364799762],[152.970129991836,-27.5355093999677],[152.970065201856,-27.5354044699604],[152.97005801186,-27.5353744099595],[152.970101191864,-27.5353094199633],[152.970100101875,-27.5352224799625],[152.97004900189,-27.5351464299568],[152.969916141911,-27.5350964799431],[152.969876901919,-27.5350614799389],[152.969871901933,-27.5349603899375],[152.969808131953,-27.5348523899303],[152.969809961987,-27.5345844699284],[152.969925882015,-27.5342604699374],[152.969899972023,-27.5342184299345],[152.969903182031,-27.5341494099343],[152.969898142042,-27.5340693999331],[152.969920122047,-27.5340104599349],[152.969908952072,-27.5338244199323],[152.969912932077,-27.5337824799324],[152.969929202084,-27.5337106299334],[152.969952132094,-27.5336094099349],[152.969966182145,-27.533193419933],[152.969894202173,-27.5330314399245],[152.969854962206,-27.5328034599188],[152.969753062233,-27.5326784599076],[152.96975484224,-27.5326193999073],[152.969820032244,-27.5325374099132],[152.969803132255,-27.5324594699109],[152.969818982268,-27.5323434799116],[152.969811572273,-27.5323111799106],[152.969799892281,-27.532261489909],[152.969870082289,-27.532132429915],[152.969935962287,-27.5320964299213],[152.969948922294,-27.5320274799221],[152.969897092314,-27.531912459916],[152.969919022325,-27.5318094199174],[152.970042172324,-27.5317074499289],[152.970059072327,-27.5316704499303],[152.970043962345,-27.5315394099278],[152.970119922354,-27.5314044199343],[152.970091122364,-27.531350419931],[152.97010189237,-27.5312954199316],[152.970178972374,-27.5311994699386],[152.970239092373,-27.5311534099443],[152.970218942396,-27.5309894299409],[152.97031213239,-27.53095143995],[152.970331942407,-27.5308044599508],[152.970380202418,-27.5306774799546],[152.970376952423,-27.530634469954],[152.970387022436,-27.5305294199541],[152.970447142435,-27.5304864099598],[152.970497912442,-27.5303874199641],[152.970450022452,-27.530349439959],[152.970528132449,-27.5302994899665],[152.970569202466,-27.5301344299693],[152.970630042472,-27.5300294799746],[152.970682972509,-27.5296924299772],[152.970717862513,-27.5296304199802],[152.970834882516,-27.529509459991],[152.970869082523,-27.5294234199937],[152.970900032547,-27.5292093899951],[152.971013072606,-27.528642400002],[152.971050162635,-27.5283824800036],[152.971093012655,-27.5281884300064],[152.971125052674,-27.5280064700082],[152.971116042684,-27.5279354500067],[152.971114942687,-27.5279124100064],[152.971113882689,-27.5279014200062],[152.971103082697,-27.5278424800047],[152.971095892701,-27.5278184500038],[152.971113882773,-27.5272334400009],[152.971071032845,-27.5266934499924],[152.971023152906,-27.5262563999841],[152.971006942923,-27.5261354499816],[152.970946132961,-27.5258844399735],[152.970906862983,-27.5257424199684],[152.970870873002,-27.5256263999639],[152.970701033085,-27.5251114399428],[152.970275043205,-27.5245194398955],[152.970140033238,-27.5243734398808],[152.96997808329,-27.5241024498624],[152.969781163349,-27.5238024698403],[152.969546063416,-27.5234664198141],[152.969484893437,-27.5233574198072],[152.969355973473,-27.5231754297928],[152.969273043507,-27.522980439783],[152.968853083625,-27.5224054097363],[152.968683173673,-27.5221644597174],[152.968635973688,-27.5220884297121],[152.968557863716,-27.521928399703],[152.96846318374,-27.5218194196927],[152.967975033873,-27.5211824796387],[152.967896053908,-27.5209774496292],[152.967709023971,-27.5206364396078],[152.967453054044,-27.5202704295793],[152.967193024123,-27.51986744955],[152.96680105427,-27.5190394395042],[152.966681034341,-27.5185784394886],[152.966630044373,-27.5183664494818],[152.966542044435,-27.5179474394697],[152.966394034504,-27.5175264394515],[152.966344944525,-27.5174054494457],[152.966252094585,-27.5170044094332],[152.966217884632,-27.516660439427],[152.966208874655,-27.5164824094247],[152.966244904671,-27.5163314894271],[152.966223984705,-27.516078409423],[152.966010864842,-27.5151744393946],[152.96586508491,-27.5147574693767],[152.965852054926,-27.5146364393744],[152.965809054975,-27.5142894393674],[152.96584095498,-27.51421746937],[152.965884134996,-27.514057449373],[152.965893875001,-27.5140094793737],[152.965901075012,-27.5139134393736],[152.965905045017,-27.5138714093737],[152.965912935021,-27.5138344293742],[152.965874055026,-27.5138283993702],[152.965937055038,-27.5136794593754],[152.965960125048,-27.5135763893769],[152.966094045066,-27.5133214293883],[152.966137955083,-27.5131534093913],[152.966032035157,-27.5126504493767],[152.966097035179,-27.5124264293815],[152.966198035203,-27.5121464393894],[152.966334175288,-27.5113514193967],[152.96640904532,-27.5110354394018],[152.966492225328,-27.510899439409],[152.966546935342,-27.5107474294133],[152.966554125357,-27.510619449413],[152.966641035371,-27.5104344494202],[152.967212045444,-27.509365439469],[152.967414875471,-27.5089784794862],[152.967648875515,-27.5084294895053],[152.967810165556,-27.5079664295178],[152.967968905589,-27.5075674595306],[152.968110045612,-27.5072694695424],[152.968121915612,-27.5072583995435],[152.968128045613,-27.507243449544],[152.968138115613,-27.5072364395449],[152.968150015613,-27.507222399546],[152.968179145613,-27.5072004395487],[152.96824718561,-27.5071634395553],[152.968402015626,-27.5069063995687],[152.96837894563,-27.5068904695663],[152.96849417564,-27.5067194795765],[152.968521185634,-27.5067384795793],[152.968554985635,-27.5067074195825],[152.968634925642,-27.5065804295895],[152.968808035645,-27.5064124296055],[152.968873045649,-27.5063194296113],[152.968994915668,-27.5060704096215],[152.969015105668,-27.5060504296234],[152.969080945671,-27.5059654596293],[152.969087085673,-27.5059514096298],[152.969123035675,-27.505900449633],[152.969227025676,-27.5058074496427],[152.969240055674,-27.505806449644],[152.969260015674,-27.5057934396459],[152.969271045675,-27.5057754396468],[152.969275025679,-27.505738439647],[152.96943124569,-27.5055196096609],[152.969558695684,-27.5054566096731],[152.969633195682,-27.5054094396802],[152.969655895682,-27.5053924396824],[152.969681085682,-27.5053674096847],[152.969736165685,-27.5052953996896],[152.96985996569,-27.5051564497009],[152.969907165689,-27.5051194697054],[152.969994985693,-27.5050173997134],[152.970042175691,-27.5049874297179],[152.970613115686,-27.5045444497716],[152.970659175679,-27.5045554197763],[152.970690165675,-27.5045673897794],[152.970709985671,-27.5045763997815],[152.970731915668,-27.5045834097838],[152.970749215665,-27.5045964697856],[152.970775135661,-27.5046014097882],[152.970795975657,-27.5046164497904],[152.970816155654,-27.5046204097925],[152.970833055651,-27.5046324797943],[152.970853975646,-27.5046524597965],[152.970870175643,-27.5046634297982],[152.97088492564,-27.5046794497998],[152.970900035636,-27.5046974498015],[152.97092810563,-27.5047194098045],[152.970951175626,-27.5047293998069],[152.970969865623,-27.5047354298088],[152.97098789562,-27.5047424598107],[152.971006945616,-27.5047594598127],[152.971083995607,-27.5047684698205],[152.971104145605,-27.5047634198225],[152.971149875601,-27.504757479827],[152.971174005599,-27.5047534298294],[152.971216125596,-27.5047444398335],[152.971235185593,-27.5047464198355],[152.971253215592,-27.5047394798372],[152.971280915589,-27.50473947984],[152.971301065587,-27.504738409842],[152.971326975585,-27.5047314698445],[152.971346065584,-27.5047304898464],[152.971361905582,-27.504727419848],[152.97138388558,-27.5047244598502],[152.97140187558,-27.5047124898519],[152.97141592558,-27.5046964698532],[152.97142998558,-27.5046864798545],[152.971447935579,-27.5046784698562],[152.971468125578,-27.5046734198582],[152.971491885575,-27.5046734198606],[152.971510975574,-27.5046663998625],[152.971572875569,-27.5046524598686],[152.971590875568,-27.5046473998703],[152.971609965566,-27.5046444398722],[152.971631205564,-27.5046444398743],[152.971650985562,-27.5046384098763],[152.971667195563,-27.5046194098777],[152.971690955561,-27.5046144698801],[152.97171398556,-27.5046014098823],[152.971731985559,-27.504593399884],[152.971751105558,-27.5045864798859],[152.971767965557,-27.5045774698875],[152.971806875552,-27.5045844098915],[152.971828125549,-27.5045904398936],[152.971845055546,-27.5046024098954],[152.971858015543,-27.5046184298968],[152.971878165539,-27.504631479899],[152.971911995532,-27.5046554199025],[152.971928205529,-27.5046644199042],[152.971935025527,-27.504677469905],[152.971951965524,-27.5046824299068],[152.971962045522,-27.5046944899079],[152.971981095519,-27.5047004299098],[152.972005985516,-27.5047024099123],[152.972027925514,-27.5046974499145],[152.972049855513,-27.5046914199166],[152.972072925512,-27.5046814299189],[152.97209092551,-27.5046774699206],[152.972112895509,-27.5046714399228],[152.972130855508,-27.5046624399245],[152.972153195506,-27.5046534399267],[152.972171915506,-27.5046444399285],[152.972197105504,-27.504637409931],[152.972221955503,-27.5046224899333],[152.972268055502,-27.5045914199377],[152.972318065499,-27.5045714399426],[152.972338975497,-27.5045684799446],[152.972363105496,-27.504560469947],[152.972385035494,-27.5045544399491],[152.972409855492,-27.5045524599516],[152.972484065486,-27.5045364399589],[152.972626965469,-27.5045444499733],[152.972688865468,-27.5045014399791],[152.972696095472,-27.5044644399796],[152.972991995435,-27.5045024200095],[152.973173075401,-27.5046174300286],[152.973409955352,-27.5048034700538],[152.973647175317,-27.5048834800782],[152.973727105305,-27.5049064200864],[152.973924355278,-27.5049541301065],[152.974207015232,-27.5050784201358],[152.974373265209,-27.5051195401528],[152.974421265205,-27.5051095501575],[152.9744562652,-27.5051195401611],[152.974518285195,-27.5051035401672],[152.974602305186,-27.5051085201756],[152.974983295149,-27.5050785302136],[152.975115275127,-27.5051365302272],[152.975163275123,-27.505128530232],[152.975219305114,-27.5051525302378],[152.975328035065,-27.505445440251],[152.975467025044,-27.5054934502653],[152.975504295048,-27.5054355202686],[152.975598285037,-27.505439520278],[152.975833264994,-27.5055795303027],[152.975998284972,-27.5056115303195],[152.976129284956,-27.5056275303327],[152.97643026491,-27.5057355203637],[152.976453214906,-27.5057475303661],[152.976477234903,-27.5057545203686],[152.976501214899,-27.5057635303711],[152.976525234895,-27.5057765303736],[152.976551254891,-27.5057865203762],[152.976580244886,-27.5058015303793],[152.976606264882,-27.5058085203819],[152.97662225488,-27.5058105203835],[152.976726274865,-27.5058445203942],[152.976768254855,-27.5058875203988],[152.976957244826,-27.5059505104182],[152.977125224789,-27.5061065004363],[152.977204244773,-27.5061675104447],[152.977344254741,-27.5062955104597],[152.977709224663,-27.5066025004987],[152.977911244623,-27.5067545005202],[152.978024254596,-27.5068685105324],[152.978352244553,-27.5069325105658],[152.978495244523,-27.507046500581],[152.978591244507,-27.5070905105909],[152.978671254495,-27.5071155105992],[152.978784254475,-27.507179480611],[152.97893222444,-27.507334490627],[152.97901763442,-27.5074141506362],[152.9791092144,-27.5074994906461],[152.979257184363,-27.5076625006622],[152.979695044271,-27.5080174407089],[152.979919224243,-27.5080494807316],[152.980041094218,-27.5081442007445],[152.980215204183,-27.5082794907631],[152.980333204163,-27.5083344907753],[152.980492204131,-27.5084514907922],[152.980739234087,-27.508589480818],[152.980773214079,-27.5086234608217],[152.980930234047,-27.5087444708384],[152.981176204003,-27.5088814608641],[152.981583223919,-27.5092024709075],[152.981708163899,-27.5092574809204],[152.981805173861,-27.5094754809318],[152.981854193852,-27.509500470937],[152.982094033794,-27.509757440963],[152.982426043728,-27.5100004409982],[152.982855173656,-27.5102044710428],[152.983234183584,-27.5104494510827],[152.98353020353,-27.5106244611138],[152.983594183518,-27.5106664511205],[152.98384016347,-27.5108434411466],[152.98405317343,-27.510977461169],[152.984263193389,-27.5111184511912],[152.984921433267,-27.5115294412604],[152.985001733255,-27.5115577612686],[152.98509193324,-27.511597361278],[152.985443163172,-27.5118334313151],[152.985518173158,-27.511882441323],[152.98562315314,-27.5119374413339],[152.985695163126,-27.5119844313415],[152.985804153104,-27.5120664413531],[152.98593113308,-27.5121504313665],[152.986024143061,-27.5122224313764],[152.986151153036,-27.5123094413898],[152.986426152982,-27.5125054314189],[152.986528132959,-27.5126004214299],[152.986381142913,-27.513086441419],[152.986323142912,-27.5131484314137],[152.986290152906,-27.5132214314109],[152.986270142895,-27.5133264614098],[152.986285152884,-27.5134024614119],[152.986285152874,-27.5134794514125],[152.986276132865,-27.5135584514122],[152.986280152852,-27.5136614614134],[152.986300152843,-27.5137164614158],[152.986402162811,-27.5138784614273],[152.986465132796,-27.5139434514342],[152.986539152778,-27.5140284614423],[152.986603132762,-27.5140994414492],[152.986757132726,-27.5142504614659],[152.98682914271,-27.5143154514736],[152.986901122692,-27.5144014614815],[152.986988142669,-27.5145094614911],[152.987024132656,-27.5145774514952],[152.987046172646,-27.5146394614979],[152.987076142636,-27.5146944615013],[152.987123152623,-27.5147584515066],[152.98718316261,-27.514809441513],[152.987260132595,-27.5148654415211],[152.987312152586,-27.5148904315265],[152.987429132561,-27.5149894415391],[152.98747713255,-27.5150374315443],[152.987531152535,-27.5151044415502],[152.987553122527,-27.5151484315527],[152.987590172518,-27.5151944415568],[152.987637142504,-27.5152654415621],[152.987673132492,-27.5153264415662],[152.987754162472,-27.515420441575],[152.987817122459,-27.5154634315817],[152.987909142439,-27.5155454415916],[152.988095142392,-27.5157584316119],[152.988150152382,-27.5157934316177],[152.988206142371,-27.5158344316236],[152.988222162365,-27.5158654316255],[152.988249142357,-27.5159064316285],[152.988304112343,-27.5159734416345],[152.988367112329,-27.5160314416413],[152.988425112317,-27.5160744316475],[152.988459122307,-27.5161214416512],[152.988501102298,-27.5161614316558],[152.988523112289,-27.5162094416584],[152.988557092281,-27.5162494416621],[152.988654142258,-27.5163424416725],[152.988736122238,-27.5164304216815],[152.988889092203,-27.516582441698],[152.988981112179,-27.5166954417081],[152.989093092151,-27.5168184317203],[152.989177112131,-27.5169054317294],[152.989266142109,-27.5170024117391],[152.989325082093,-27.5170794217456],[152.989370132082,-27.5171274117505],[152.989427102071,-27.5171694117566],[152.989497112055,-27.5172384117641],[152.989567122037,-27.5173194217718],[152.98964311202,-27.5173874117799],[152.989884121971,-27.5175744118056],[152.989935111958,-27.5176294118111],[152.99002213194,-27.5176984118204],[152.990194111903,-27.5178474118388],[152.990316101877,-27.5179484218518],[152.990518121838,-27.5180894118732],[152.990641091815,-27.5181654118861],[152.990700111804,-27.5181974218923],[152.990774141792,-27.5182294219],[152.99094109177,-27.518266421917],[152.991141111742,-27.5183194219375],[152.991269081721,-27.5183734219507],[152.991370111703,-27.5184324219613],[152.991578091668,-27.5185294019829],[152.991622101658,-27.5185753919877],[152.991711091642,-27.518621401997],[152.991818111625,-27.518662392008],[152.991874101617,-27.5186803920138],[152.991935091606,-27.5187173920202],[152.992070111583,-27.5187864020343],[152.992258081545,-27.5189233920542],[152.992325061532,-27.5189674020613],[152.992488071496,-27.5191164020788],[152.992514091489,-27.5191504120817],[152.992541061484,-27.5191683920845],[152.992570081479,-27.5191853920875],[152.992592091475,-27.5191924020898],[152.992609061475,-27.5191843920915],[152.993310081403,-27.5191574021615],[152.993433091375,-27.5192704021747],[152.993485061365,-27.5193074021803],[152.993537081352,-27.5193614021859],[152.993572081342,-27.5194114021898],[152.993654061324,-27.5194834121986],[152.993729031309,-27.5195394122065],[152.994075051236,-27.5198243822435],[152.994217041208,-27.5199273922585],[152.994331061182,-27.5200323722708],[152.994372051176,-27.520046382275],[152.994439061163,-27.5200943922821],[152.99449703115,-27.5201473722883],[152.994637041117,-27.5202883823035],[152.994713031103,-27.5203383823115],[152.994770051091,-27.5203783823175],[152.994825051079,-27.5204273923234],[152.994866081071,-27.5204553823278],[152.994899041065,-27.5204823923313],[152.994968061048,-27.5205583823388],[152.99509504102,-27.5206693823524],[152.995157061008,-27.520709382359],[152.995215050998,-27.520743392365],[152.995504060945,-27.5209173823954],[152.99558305093,-27.5209623724037],[152.995777040896,-27.521067382424],[152.995945050869,-27.5211433724414],[152.996012030857,-27.5211803724484],[152.996078060844,-27.5212273824554],[152.996120040834,-27.5212673824599],[152.996183070822,-27.5213073824666],[152.996265050808,-27.5213493524751],[152.996536030765,-27.5214633725032],[152.996621000752,-27.521494362512],[152.996798020723,-27.5215683625303],[152.996888030708,-27.5216143625397],[152.996954020696,-27.5216543625466],[152.997010010688,-27.5216663725523],[152.997092030675,-27.5217003525608],[152.997172000662,-27.5217363525691],[152.997257010647,-27.521778372578],[152.997355010631,-27.5218213625881],[152.997449000617,-27.5218543725978],[152.9975660206,-27.5218873526098],[152.99769402058,-27.521937362623],[152.997816010562,-27.5219803526356],[152.99796204054,-27.5220253626506],[152.998084030526,-27.5220323526629],[152.998223020509,-27.522053352677],[152.998325000495,-27.5220723526874],[152.998474030477,-27.5220943727025],[152.998767960437,-27.5221553427325],[152.999047990402,-27.5221943427609],[152.999181980386,-27.5222103427744],[152.99929696037,-27.5222393327862],[152.999434020353,-27.5222553328],[152.999560960339,-27.5222593528128],[152.99972496032,-27.5222693428293],[152.999851980305,-27.5222813528422],[152.999980970291,-27.5222773528551],[153.000389990242,-27.5223163528964],[153.000568000221,-27.5223303329144],[153.000905950185,-27.5223293329482],[153.001160940155,-27.522353352974],[153.001200950151,-27.522350332978],[153.001251930145,-27.5223553529832],[153.001367930133,-27.5223483229947],[153.001489950123,-27.5223233230068],[153.001700960105,-27.5222913230277],[153.001834950091,-27.522280333041],[153.001909960085,-27.5222713230485],[153.002032930074,-27.5222493230606],[153.002156950062,-27.522239313073],[153.002286970048,-27.5222423330861],[153.002622950017,-27.5222023131194],[153.003086939972,-27.5221563231656],[153.003252899954,-27.5221583231823],[153.003337949945,-27.5221563231908],[153.003449929935,-27.5221453232019],[153.003776899906,-27.5220973332343],[153.003906909893,-27.5220843232473],[153.004025939881,-27.5220793132592],[153.004180909867,-27.5220623132746],[153.004338919853,-27.5220393132903],[153.004530909836,-27.5220023133092],[153.004659899825,-27.521982313322],[153.004894889803,-27.5219563033454],[153.005077899788,-27.5219233033635],[153.005334899763,-27.521896313389],[153.005456879753,-27.5218723134011],[153.005628869741,-27.5218253034179],[153.005775889729,-27.5217943034325],[153.005918899716,-27.5217713034466],[153.006046899707,-27.5217393034592],[153.006159869699,-27.5217053134703],[153.006247869691,-27.521691313479],[153.006329889688,-27.5216493134869],[153.006379859686,-27.5216163134916],[153.006569879667,-27.5216043035106],[153.006709849656,-27.5215763135244],[153.006872859644,-27.5215322835404],[153.007113869623,-27.5214932835643],[153.007258849611,-27.5214652935786],[153.007372839603,-27.5214272935897],[153.007468829599,-27.521380283599],[153.007580849592,-27.5213382936099],[153.007689879585,-27.5213012936205],[153.007822849575,-27.5212652936336],[153.00790186957,-27.5212392836413],[153.007999839565,-27.5211972836508],[153.008142879559,-27.5211192936646],[153.008381849552,-27.5209742836874],[153.008563829552,-27.5208162937044],[153.00862584955,-27.5207782937103],[153.008829849548,-27.5206272837296],[153.008935809547,-27.5205442937396],[153.009006839548,-27.5204702937461],[153.009049829551,-27.52041629375],[153.009085819555,-27.5203472837531],[153.00915782956,-27.5202512937595],[153.009226819567,-27.5201372937655],[153.009316829571,-27.5200232937737],[153.009399829575,-27.5199272937812],[153.009514839585,-27.5197472937914],[153.009551819589,-27.5196812837945],[153.009563819591,-27.5196592937956],[153.0095937896,-27.5195602937978],[153.009625799609,-27.5194602838002],[153.009650799619,-27.5193582938019],[153.009646789632,-27.5192602838007],[153.009626789646,-27.519166283798],[153.009608789663,-27.5190522837953],[153.00958980969,-27.5188502837918],[153.0095957997,-27.5187702937918],[153.009556779719,-27.5186482837869],[153.009550789726,-27.5186022937859],[153.00950979974,-27.5185242937812],[153.009477789757,-27.5184132937771],[153.009425819778,-27.518295283771],[153.009357819802,-27.5181612837631],[153.009217809845,-27.5179372937473],[153.00918681986,-27.5178452937434],[153.009146809877,-27.5177482937386],[153.008979789915,-27.5175892837206],[153.008856779938,-27.5175142837077],[153.008708779963,-27.5174372936922],[153.008567809986,-27.5173752936776],[153.008406850011,-27.517314283661],[153.008220810038,-27.5172592836419],[153.00806382006,-27.5172222836258],[153.007856830086,-27.5171923136048],[153.007713820104,-27.5171673035903],[153.007571840122,-27.5171503035759],[153.007274840155,-27.5171433035461],[153.006980830185,-27.5171533135167],[153.006691820212,-27.5171843034879],[153.006554870224,-27.5172043034743],[153.006427850238,-27.5172043034616],[153.006265870256,-27.5171963134453],[153.006210860262,-27.5171963134398],[153.006004860289,-27.5171633034188],[153.005737860317,-27.5171683033921],[153.005642850327,-27.5171653033825],[153.005378840353,-27.5171903133563],[153.005041880386,-27.5172083333226],[153.004960850393,-27.5172253133146],[153.004903870396,-27.5172503333091],[153.0048418604,-27.517272323303],[153.004706880418,-27.5172433132893],[153.004620890429,-27.5172273332805],[153.004506900445,-27.5172023232689],[153.00437791046,-27.5171893332559],[153.004309910467,-27.5171963232491],[153.004153900485,-27.5171813232333],[153.004001920502,-27.5171833232181],[153.003835880521,-27.5171693132013],[153.003704880537,-27.5171543331881],[153.003431900569,-27.5171333131605],[153.003286880587,-27.5171163331458],[153.003162890603,-27.5170913231332],[153.003059890618,-27.5170613331227],[153.003004880625,-27.5170533231171],[153.002806910646,-27.5170553230972],[153.002710880658,-27.5170473330875],[153.002667880664,-27.5170343230831],[153.002588890674,-27.5170243530751],[153.002364890696,-27.5170333430527],[153.001973940742,-27.5170063530133],[153.00182692076,-27.5169913429984],[153.001717930773,-27.5169763429874],[153.001603900788,-27.5169583429758],[153.001471920805,-27.5169323529624],[153.001348920823,-27.5168943529497],[153.001227920839,-27.5168703429374],[153.001089950857,-27.5168473429234],[153.00106790086,-27.5168423529211],[153.000959930875,-27.5168173329101],[153.000818940896,-27.5167733428956],[153.000471930948,-27.5166533528599],[153.000346950966,-27.516614332847],[153.000236940984,-27.5165723428357],[152.999803941048,-27.5164273527911],[152.99972697106,-27.5163973727831],[152.999546951087,-27.5163373527646],[152.999114971164,-27.5160953527194],[152.998958971193,-27.515999362703],[152.99876198123,-27.5158743526822],[152.998679961248,-27.5158053726735],[152.998499951292,-27.5156113626539],[152.998317961334,-27.5154283526342],[152.998243931353,-27.5153463626261],[152.997981971416,-27.5150673625976],[152.997916931434,-27.5149773625904],[152.997874961445,-27.5149313525859],[152.997816961465,-27.5148223925792],[152.997783961479,-27.5147353825752],[152.997758961496,-27.5146223825718],[152.997742971509,-27.5145353825695],[152.997724941527,-27.5144023825666],[152.997701981545,-27.5142853925634],[152.997718951552,-27.5142163825646],[152.997727931558,-27.514155392565],[152.997716951581,-27.5139853725625],[152.997726951588,-27.513924382563],[152.997721981595,-27.5138703825621],[152.997725961601,-27.5138213725621],[152.997736951608,-27.5137523825627],[152.997800931614,-27.5136543725683],[152.99784294162,-27.5135693825719],[152.997926971617,-27.5135223725799],[152.997949961619,-27.513487372582],[152.997985951631,-27.5133623825846],[152.998004931639,-27.5132763825858],[152.998014971653,-27.5131583925859],[152.998055961715,-27.5126293825858],[152.998104941757,-27.5122563825878],[152.998119941769,-27.5121473825884],[152.998153961776,-27.5120693825912],[152.998174951782,-27.5119973825928],[152.998187941803,-27.5118233725927],[152.998171961847,-27.5114883725884],[152.998173961856,-27.5114163725881],[152.998160931868,-27.5113313825861],[152.998158961877,-27.5112643725854],[152.998150971887,-27.511191372584],[152.998151951896,-27.5111153725835],[152.9982119619,-27.5110333825888],[152.998244921907,-27.5109503725915],[152.998281931912,-27.5108793725946],[152.998376901919,-27.5107463726031],[152.998425921925,-27.5106553726073],[152.998543931935,-27.5104723726177],[152.998591931944,-27.5103623726216],[152.998718911958,-27.5101443826327],[152.998799901974,-27.5099463826392],[152.998820931984,-27.5098463926405],[152.998850931991,-27.5097663726429],[152.998890931996,-27.5096963726464],[152.998977952002,-27.5095723826541],[152.999032922008,-27.5094743726589],[152.999214942034,-27.5091173726743],[152.99924692204,-27.5090413826769],[152.999293932052,-27.5089063826805],[152.999336932054,-27.5088543826844],[152.999389892065,-27.5087213826887],[152.999430882071,-27.5086383526922],[152.999518042081,-27.5084864926997],[152.999609912093,-27.5083113727075],[152.999728862107,-27.5081013527178],[152.999878882121,-27.5078583627309],[152.999994912125,-27.5077283627415],[153.00001689213,-27.5076693627433],[153.000066892134,-27.5075993627477],[153.000132882135,-27.5075303527538],[153.000239902142,-27.5073873727634],[153.000278882146,-27.5073223627668],[153.000313882152,-27.5072433627697],[153.000333892159,-27.5071733627711],[153.000344872167,-27.5071003627717],[153.000459052184,-27.5068644427813],[153.001232412191,-27.5061531928532],[153.001341982185,-27.5061064128638],[153.001443162177,-27.5060814728738],[153.001627122167,-27.5060074028916],[153.002168922136,-27.5057934829443],[153.002590132115,-27.505597452985],[153.002792092106,-27.5055004430045],[153.002871992102,-27.5054574130121],[153.0029461621,-27.5054104430192],[153.0030070021,-27.5053644530249],[153.003176912096,-27.5052484330411],[153.003237022097,-27.5051894730466],[153.003324152097,-27.5051114630547],[153.003399012096,-27.5050614230618],[153.00359487209,-27.5049404430806],[153.003684152086,-27.5048924730891],[153.003770912081,-27.5048624130976],[153.003878912075,-27.5048194031081],[153.004053162064,-27.504754433125],[153.00424902205,-27.5047004331443],[153.005669201955,-27.5042454732831],[153.005732201949,-27.5042324132893],[153.005841991945,-27.5041774332999],[153.005916121942,-27.504131443307],[153.005993911939,-27.5040884333144],[153.006073111939,-27.5040234433219],[153.006151951937,-27.5039744933294],[153.00636292192,-27.5039254233502],[153.006470191915,-27.5038764733605],[153.007097041879,-27.5036284434215],[153.007332031858,-27.5035964834448],[153.00742314185,-27.5035804534538],[153.007602021836,-27.5035414034714],[153.007676921829,-27.5035304134789],[153.007734851821,-27.5035454534848],[153.007863031799,-27.5036054834981],[153.007991921779,-27.5036583935115],[153.00804988177,-27.5036763935174],[153.008121161762,-27.5036804535246],[153.008192081757,-27.5036634535316],[153.008282051751,-27.5036314035404],[153.008373161746,-27.5035974735492],[153.00846317174,-27.503567413558],[153.008747171718,-27.5034964135859],[153.00884295171,-27.5034834435955],[153.008989101693,-27.5034894736102],[153.00916587168,-27.5034424136275],[153.009376111662,-27.5034084836484],[153.009467171653,-27.5034004736574],[153.009584191643,-27.503376443669],[153.009683181637,-27.5033414236786],[153.009749061633,-27.503314423685],[153.009939881623,-27.5032314337035],[153.010164871606,-27.5031774337257],[153.010312111593,-27.5031544037402],[153.010416871583,-27.5031484637507],[153.010741971554,-27.5030944637829],[153.010844211545,-27.5030854737931],[153.010873011542,-27.503085473796],[153.010921951536,-27.5030884338009],[153.01097992153,-27.5030824038067],[153.011055141522,-27.5030814238142],[153.011140111515,-27.5030704338226],[153.011223991508,-27.5030544138309],[153.01142704149,-27.5030224638511],[153.01177587146,-27.5029594638856],[153.011914131447,-27.5029514538994],[153.012117181424,-27.5029554139198],[153.012224091413,-27.5029554139305],[153.0123219814,-27.5029724139405],[153.012435021387,-27.5029774639518],[153.012522881379,-27.5029694539606],[153.012594161371,-27.5029704439678],[153.012688121359,-27.5029854839773],[153.01278389135,-27.5029774639868],[153.012819151345,-27.5029854839904],[153.012926061335,-27.5029724140011],[153.013162941313,-27.5029464040246],[153.013308031297,-27.5029534340392],[153.013414981286,-27.5029444240499],[153.013535901275,-27.5029264240619],[153.013635981267,-27.5029054640718],[153.013745081259,-27.5028804340825],[153.013845861251,-27.5028544240924],[153.013948091245,-27.5028144641024],[153.014046021237,-27.5027994441121],[153.014136031229,-27.502782444121],[153.014224951224,-27.5027494041296],[153.014317111217,-27.5027244841387],[153.014445991206,-27.5026984741514],[153.014545021197,-27.5026894641613],[153.014659121187,-27.5026724641726],[153.014741901181,-27.5026454541807],[153.014823991173,-27.5026434741889],[153.014906071165,-27.5026344841971],[153.014991011159,-27.5026084642054],[153.015050071156,-27.5025864142111],[153.015304951133,-27.5025464542364],[153.015390981127,-27.5025224242448],[153.015531031114,-27.5025094542588],[153.015605201107,-27.5024954342661],[153.015686921099,-27.5024904742743],[153.015757111094,-27.5024734742812],[153.015830181087,-27.5024674442885],[153.015888871082,-27.5024544742943],[153.015955121076,-27.5024444843008],[153.016028191071,-27.502422434308],[153.016091191066,-27.5024084843142],[153.016157071061,-27.5023964243207],[153.016235191053,-27.5023894143285],[153.016361181043,-27.5023594443409],[153.016424221038,-27.5023514343472],[153.01649189103,-27.502350434354],[153.016545871028,-27.5023244243592],[153.016708961014,-27.5022964243753],[153.016953030992,-27.5022644843995],[153.017046980983,-27.5022554844089],[153.01720901097,-27.5022174144249],[153.017391140955,-27.5021824144429],[153.017503120946,-27.5021574744539],[153.01759094094,-27.5021344444625],[153.017754020928,-27.5020854744785],[153.01785414092,-27.5020684744884],[153.018096030901,-27.5020104145122],[153.018216990892,-27.5019753945241],[153.018341890884,-27.5019334545363],[153.018457090875,-27.5019054645476],[153.018605060866,-27.5018534445621],[153.018759890856,-27.5018034245772],[153.018870050847,-27.5017824445881],[153.018947100842,-27.5017504045956],[153.019039960836,-27.5017174746047],[153.019236140823,-27.5016594146239],[153.019431960811,-27.5015824546429],[153.019541060806,-27.5015294546535],[153.019655200799,-27.5014904746646],[153.019780100793,-27.5014294646767],[153.020024910786,-27.5012804247001],[153.020177190783,-27.5011724247145],[153.020254970781,-27.5011244547219],[153.020316870781,-27.5010684747277],[153.020364030782,-27.501021404732],[153.020428120781,-27.5009724447381],[153.020496890783,-27.5009043947445],[153.020559890782,-27.5008534647504],[153.020604130786,-27.5007814647542],[153.020621060791,-27.5007294447555],[153.020626140796,-27.5006894847557],[153.020621060814,-27.5005504347541],[153.020607010826,-27.5004694447521],[153.020587960836,-27.5004054547496],[153.020572120842,-27.5003694547478],[153.020517040867,-27.5002194147411],[153.020450060893,-27.5000704747331],[153.020402210913,-27.4999474247274],[153.02033092094,-27.499795434719],[153.020306070953,-27.4997154247159],[153.020275110967,-27.4996344047122],[153.020249200982,-27.4995344147088],[153.020194121008,-27.499374414702],[153.02017288102,-27.4993004246993],[153.020137981036,-27.4991984546949],[153.020114191049,-27.4991154846919],[153.020082181061,-27.4990494246882],[153.020047941076,-27.498960394684],[153.020027101087,-27.4988914646814],[153.019988191102,-27.4988074046768],[153.019956141116,-27.4987194746729],[153.019902851144,-27.4985454046662],[153.019820071182,-27.4983164546561],[153.019799191196,-27.4982254646532],[153.019767871207,-27.4981594046496],[153.019722871223,-27.4980734546444],[153.019691921235,-27.4980064046408],[153.01962206126,-27.4978674346326],[153.019588951272,-27.4977974346288],[153.019565191284,-27.4977274146258],[153.01950292131,-27.4975694546183],[153.019474121324,-27.4974844146148],[153.019450001337,-27.4974054746117],[153.019417951347,-27.4973493946081],[153.019395981356,-27.4973004446055],[153.01936791137,-27.4972084646019],[153.019349181384,-27.4971194645993],[153.019322171396,-27.4970464645961],[153.019297021403,-27.4970104645932],[153.019281181414,-27.4969364845911],[153.019254871428,-27.4968454045877],[153.019214941442,-27.4967674645831],[153.019185041453,-27.4967054545796],[153.019154051464,-27.496647394576],[153.019128141473,-27.496595464573],[153.019110871482,-27.4965444445709],[153.01909000149,-27.4964974545684],[153.019005021521,-27.4963264645585],[153.018970131534,-27.4962464445544],[153.018948161545,-27.4961834545517],[153.018921881553,-27.4961414245487],[153.018886951563,-27.4960934545449],[153.018863911574,-27.496024434542],[153.018800221597,-27.4958944645346],[153.01875412161,-27.4958344345295],[153.018708061619,-27.4957974545246],[153.018657981632,-27.495735444519],[153.01852910166,-27.4956284145053],[153.018484101666,-27.4956194245007],[153.018433001673,-27.4956034044954],[153.01834518169,-27.4955424644861],[153.018326051696,-27.495512424484],[153.018309881703,-27.4954764244821],[153.018255171719,-27.4953964144759],[153.018191071734,-27.495329444469],[153.018134941751,-27.4952374544626],[153.017945901796,-27.4950424344421],[153.017880061814,-27.4949564844348],[153.017796141835,-27.4948644244257],[153.017711171854,-27.4947824344165],[153.017635951871,-27.4947174444084],[153.017372091932,-27.4944594243799],[153.017288211952,-27.4943664443708],[153.017038002007,-27.4941474743439],[153.016955912027,-27.494059454335],[153.016896132044,-27.4939734043283],[153.016830982059,-27.4939094143213],[153.016721182086,-27.4937874843093],[153.016652092101,-27.4937334843019],[153.016591942115,-27.4936744342954],[153.016527882131,-27.4935954142884],[153.016451192148,-27.4935294442802],[153.016374142165,-27.4934564642719],[153.016328082177,-27.4934054242668],[153.016262932192,-27.4933404542598],[153.016171132215,-27.4932364042497],[153.016121092224,-27.4932084142445],[153.016056992238,-27.4931514542376],[153.015870152275,-27.4930174342178],[153.015661002319,-27.4928474241955],[153.015573152338,-27.4927724641861],[153.015479202355,-27.4927144041762],[153.015389192373,-27.4926494141666],[153.01529918239,-27.4925944341572],[153.015105872425,-27.4924814741369],[153.015024882438,-27.4924484541285],[153.014925862453,-27.4924114741183],[153.014709162483,-27.4923544040961],[153.014593962501,-27.4923144440842],[153.014501072514,-27.4922864440747],[153.014406022526,-27.492277454065],[153.014302002542,-27.4922394740543],[153.014077012573,-27.4921844740313],[153.013861012606,-27.492102414009],[153.013727092626,-27.4920604739952],[153.013611162643,-27.4920204139833],[153.013310922688,-27.4919234739524],[153.013187072705,-27.4918964839397],[153.013053882723,-27.4918654239261],[153.012963872735,-27.491849423917],[153.012869882748,-27.4918204339073],[153.012754002762,-27.4918114438956],[153.012545182791,-27.4917554638742],[153.012512072797,-27.4917384438707],[153.012480032803,-27.4917154138674],[153.012379952822,-27.4916574438569],[153.012313012832,-27.4916284538499],[153.012275922837,-27.4916194638461],[153.012167922855,-27.4915744538349],[153.012122912861,-27.4915614138303],[153.012080062867,-27.4915494438259],[153.011937162883,-27.4915464638116],[153.011900082888,-27.4915404338078],[153.011830952894,-27.4915514238009],[153.011749962903,-27.4915464637928],[153.011694882908,-27.4915544737873],[153.011639072914,-27.4915514237817],[153.011449012935,-27.4915514237626],[153.011339912948,-27.4915374737516],[153.011266112956,-27.4915374737442],[153.011213192963,-27.4915294637388],[153.011100882974,-27.4915354037276],[153.010905052997,-27.4915244337078],[153.010781213008,-27.4915434136956],[153.010690143015,-27.4915623936866],[153.01063503302,-27.4915684236811],[153.010457203034,-27.4916104536636],[153.010402123037,-27.4916354836583],[153.010345983041,-27.4916464636527],[153.010299153044,-27.4916624836481],[153.01012202306,-27.4916874136306],[153.010068033064,-27.4917004436252],[153.010020043068,-27.4917094536205],[153.009997043072,-27.4917044336182],[153.009995043072,-27.491705433618],[153.009990043072,-27.4917054336175],[153.009973033074,-27.4917024436157],[153.009954053076,-27.4917024436138],[153.009948023077,-27.4917034436132],[153.009942043077,-27.4917054336127],[153.009935033078,-27.491709453612],[153.009929043076,-27.4917254336115],[153.009923023076,-27.4917304536109],[153.009916013077,-27.4917284536102],[153.009899043081,-27.4917134436084],[153.009895033082,-27.491711453608],[153.009890033082,-27.4917114536075],[153.009877033082,-27.4917244336063],[153.009871053082,-27.4917324436057],[153.009868023081,-27.4917424336055],[153.00986502308,-27.4917464536052],[153.009833013083,-27.4917534436021],[153.009828053084,-27.4917534436016],[153.009816043084,-27.4917564436004],[153.009811043085,-27.4917564435999],[153.009800023086,-27.4917594435988],[153.009790023087,-27.4917604335978],[153.009798043088,-27.4917404435985],[153.009776043092,-27.4917334435962],[153.009747023096,-27.4917274535933],[153.009669023104,-27.4917234335854],[153.009650043107,-27.4917164435834],[153.009621023111,-27.4917154435805],[153.009565033116,-27.4917204435749],[153.009553023117,-27.4917224435738],[153.009533023119,-27.4917274535718],[153.009516053117,-27.4917514435703],[153.009489043118,-27.4917684435677],[153.009440023123,-27.4917714435628],[153.009426043124,-27.4917734435614],[153.009381033128,-27.491782453557],[153.009341033132,-27.491783453553],[153.009284023138,-27.4917814335472],[153.009240033142,-27.4917914435429],[153.009150023151,-27.4917934435339],[153.009095023158,-27.4917894435283],[153.009048043161,-27.4918034535237],[153.009000053163,-27.4918314435191],[153.008951033165,-27.4918574535144],[153.008896023171,-27.4918544335089],[153.008842043175,-27.4918704335036],[153.008740023183,-27.4918904334935],[153.008688043188,-27.4918944534883],[153.008597013197,-27.4918984434792],[153.008549643201,-27.4919133434746],[153.008482623206,-27.491926343468],[153.008420613212,-27.4919323434618],[153.008353633218,-27.4919413534552],[153.008302643223,-27.4919493434501],[153.008244613227,-27.4919643434444],[153.00819661323,-27.4919813434397],[153.008146643234,-27.4919903334348],[153.00808860324,-27.491994353429],[153.007974653254,-27.4919833434175],[153.007923623259,-27.4919863434124],[153.007869643263,-27.491995353407],[153.007784673269,-27.4920213433987],[153.00776766327,-27.4920333533971],[153.007757703269,-27.4920443433962],[153.007755653266,-27.4920743433962],[153.007758683264,-27.4920883533966],[153.007629693269,-27.4921573333843],[153.007593663272,-27.4921603533807],[153.007557683275,-27.4921673433771],[153.00752566328,-27.4921593533738],[153.007506693284,-27.4921383333718],[153.00747066329,-27.4921273433681],[153.007384673301,-27.4921123433593],[153.007349663304,-27.4921183433559],[153.007298673307,-27.4921343433509],[153.007265683309,-27.4921473433477],[153.007246663309,-27.4921653433459],[153.007214683311,-27.4921793533428],[153.00712267332,-27.4921813633336],[153.007026673332,-27.4921723633239],[153.006914663342,-27.4921893633128],[153.006845673347,-27.492204363306],[153.006760663354,-27.4922193632976],[153.006716643358,-27.4922243632932],[153.00670168336,-27.4922263632917],[153.006306023402,-27.492231443252],[153.00611702342,-27.4922494432332],[153.005804033447,-27.4922964332022],[153.005717023453,-27.4923274431937],[153.005684023456,-27.4923294431904],[153.005636023462,-27.4923234431856],[153.005407023486,-27.4923254431626],[153.005306033496,-27.4923344331526],[153.005225033503,-27.4923474431445],[153.005102033516,-27.4923534331322],[153.005035013522,-27.4923614431256],[153.004900043535,-27.4923694431121],[153.004256033598,-27.4924184430479],[153.003706013652,-27.4924584429931],[153.003543043664,-27.4925064529771],[153.002620033763,-27.4925024328845],[153.002341023769,-27.492693442858],[153.002259043781,-27.4926744528496],[153.00198004382,-27.4925984528211],[153.001913023828,-27.4925944328143],[153.001838023835,-27.4925994528068],[153.001691033851,-27.4925974527921],[153.001630043858,-27.4925944327859],[153.001485023872,-27.4926054427715],[153.001383043884,-27.4925984527612],[153.001179043905,-27.4926044427408],[153.001077033917,-27.4925984527305],[153.000979023933,-27.4925594527204],[153.000877043945,-27.4925514427101],[153.000875043942,-27.4925764327101],[153.000834053947,-27.4925724427059],[153.000774043954,-27.4925604526998],[153.00072904396,-27.4925574326953],[153.000622023974,-27.4925354426844],[153.00057201398,-27.4925304426793],[153.000551033983,-27.4925274426772],[153.000471023992,-27.4925234526691],[153.000423023998,-27.4925174426643],[153.000316044011,-27.4924984426534],[153.000269034017,-27.4924934426486],[153.00016803403,-27.4924774426384],[153.000119054036,-27.4924734426334],[153.000066014042,-27.4924714426281],[152.999996044047,-27.4924894526212],[152.999960024049,-27.4925034526177],[152.999911044055,-27.4924994326128],[152.999708024078,-27.4924874525923],[152.999684044081,-27.4924844325899],[152.999626044088,-27.4924804425841],[152.999579034094,-27.4924744425793],[152.999527024101,-27.492461442574],[152.999486034108,-27.4924364425697],[152.999436864113,-27.4924394625648],[152.999334994124,-27.4924414425546],[152.999317004126,-27.4924424225528],[152.999202024141,-27.492417442541],[152.999088034157,-27.4923924525294],[152.999048034163,-27.4923744525253],[152.99899704417,-27.4923634425201],[152.998953024177,-27.4923474425155],[152.998912034184,-27.4923274425112],[152.998798044202,-27.4922794324994],[152.998624054226,-27.4922424324817],[152.998583024231,-27.4922374424775],[152.998562034234,-27.4922264524754],[152.998522034243,-27.4921944424711],[152.998452024254,-27.4921624424638],[152.998438044257,-27.4921544524623],[152.998367054267,-27.492129442455],[152.998309014277,-27.492106442449],[152.998258024284,-27.4920874424438],[152.99821904429,-27.4920794524398],[152.998148054301,-27.4920464424324],[152.99811403431,-27.4920054524287],[152.998054024321,-27.4919674524224],[152.998020044329,-27.4919404424187],[152.997970044337,-27.4919134524135],[152.997893024349,-27.4918874424056],[152.997818024361,-27.4918514423978],[152.997719034377,-27.4918114423875],[152.997685054383,-27.491796442384],[152.997637054389,-27.4917854523791],[152.997570034395,-27.4917944423725],[152.997479814401,-27.4918284223637],[152.997415824407,-27.4918314423573],[152.997322824415,-27.4918514423481],[152.997222854424,-27.4918644423382],[152.997112034436,-27.4918624423271],[152.997003044452,-27.4918294423159],[152.996948044461,-27.4918054423102],[152.996855044478,-27.4917494523004],[152.996823034484,-27.491725432297],[152.996797044493,-27.491678442294],[152.996782044499,-27.4916394422922],[152.996756054509,-27.4915884422892],[152.996721044528,-27.4914624422847],[152.996653054553,-27.4913214522768],[152.996627024563,-27.4912694422738],[152.996587024575,-27.4912034422692],[152.996567014579,-27.4911924522671],[152.996436024606,-27.4910924422532],[152.996387034616,-27.4910494422479],[152.996326044631,-27.4909864522413],[152.996228914653,-27.4908934322309],[152.996191104663,-27.4908444622267],[152.996150074674,-27.4907974022222],[152.99612080468,-27.490769432219],[152.996089854688,-27.4907374422157],[152.996059044697,-27.4906854422122],[152.996027034705,-27.4906504322087],[152.995937024717,-27.4906354521996],[152.995895014722,-27.4906304421953],[152.995847024729,-27.4906154321904],[152.995767044741,-27.4905924421822],[152.995667034755,-27.4905654421719],[152.995566044769,-27.4905394321616],[152.995462014783,-27.490518442151],[152.995362044797,-27.4904914521408],[152.995230024816,-27.4904524521272],[152.995193054822,-27.4904324521234],[152.995070044849,-27.4903254421102],[152.995043034857,-27.4902854521072],[152.994989054868,-27.4902404421014],[152.994961014878,-27.4901884320982],[152.994925034887,-27.4901504320943],[152.994892034896,-27.4901024520906],[152.994861044902,-27.4900814520873],[152.994798844916,-27.4900244520806],[152.994744024929,-27.4899714520747],[152.994703034937,-27.4899444420704],[152.994631864955,-27.4898574520625],[152.994593064969,-27.489778422058],[152.994608214975,-27.4897164120591],[152.994609994978,-27.4896924720591],[152.994585874986,-27.4896514320563],[152.994576164996,-27.4895804120548],[152.994559955004,-27.4895334420528],[152.994552035014,-27.4894614420514],[152.994553095016,-27.4894444420514],[152.994562145017,-27.4894244620521],[152.994554195019,-27.4894134720513],[152.994550975021,-27.4894014120508],[152.994529005028,-27.4893674820484],[152.994522875033,-27.4893334620475],[152.994485055052,-27.4892174420428],[152.994455935073,-27.4890704820387],[152.994444035079,-27.4890324120372],[152.994438995085,-27.4889924520364],[152.994492355093,-27.4888865320409],[152.994578025094,-27.4888034520488],[152.994598025106,-27.4886894320499],[152.994442025157,-27.4884184520321],[152.994420055189,-27.4881824420281],[152.994399025203,-27.4880924420252],[152.994419035223,-27.4879124320259],[152.994552035248,-27.4876034520367],[152.994555835253,-27.4875614720368],[152.994628835264,-27.4874094720429],[152.994660805271,-27.4873274620455],[152.994695815281,-27.4872174620481],[152.994716835285,-27.4871714720498],[152.994725855289,-27.4871284820504],[152.994749835297,-27.4870454720522],[152.994766835306,-27.4869574620532],[152.994780815311,-27.4869094820542],[152.994784835313,-27.4868904820544],[152.994785855316,-27.4868624720543],[152.994792825324,-27.4867974820545],[152.994798845327,-27.4867684720549],[152.99480983533,-27.4867354620557],[152.99481600533,-27.4867234820562],[152.994826845332,-27.4867024820572],[152.994857835334,-27.4866564720599],[152.99487385534,-27.486597472061],[152.994884805345,-27.4865484720618],[152.994885825349,-27.4865174820616],[152.994894845354,-27.4864684720621],[152.994894845359,-27.4864304720618],[152.994900835362,-27.4863974720622],[152.994910835365,-27.4863654620629],[152.994905835369,-27.4863374720622],[152.994922845374,-27.4862894720635],[152.994932805378,-27.4862494720642],[152.994968835384,-27.4861724720672],[152.994987815388,-27.4861204720687],[152.995000805393,-27.4860734820696],[152.995023835396,-27.4860284720716],[152.995033835399,-27.4859904720723],[152.995049865407,-27.4859194720733],[152.995046835425,-27.4857804820719],[152.995050845429,-27.4857444720721],[152.995052815436,-27.4856834620718],[152.995060815442,-27.4856264620721],[152.995060815453,-27.4855454720715],[152.99532879548,-27.4850984720948],[152.995401795474,-27.485082472102],[152.995442815472,-27.485065472106],[152.995496805469,-27.4850414721112],[152.995544805469,-27.4850054721157],[152.995598825469,-27.4849594621208],[152.995693795469,-27.4848734821296],[152.995777815472,-27.4847794821373],[152.995851035473,-27.4847124321441],[152.995904035474,-27.484660452149],[152.996083025515,-27.4841834421632],[152.995984775539,-27.4840724621525],[152.996053825546,-27.4839564721585],[152.996127775553,-27.483837482165],[152.996231805566,-27.4836514821739],[152.996293745572,-27.4835511021793],[152.996342805576,-27.4834774721837],[152.99646076559,-27.4832644821938],[152.996499755593,-27.4832024621972],[152.996543765597,-27.4831394722012],[152.996576765601,-27.483074462204],[152.996611765605,-27.483016462207],[152.996641775609,-27.4829594722096],[152.996665785613,-27.4829094822116],[152.996743755621,-27.4827784622184],[152.996753795628,-27.4827144722189],[152.996774775632,-27.4826624722205],[152.996800765634,-27.4826234722228],[152.996861795637,-27.4825484722284],[152.996880005639,-27.4825135422299],[152.99688475564,-27.4825044822303],[152.996907745642,-27.4824714722324],[152.996937785643,-27.4824374722351],[152.99696476565,-27.4823614722372],[152.99699877565,-27.4823304722404],[152.997017795653,-27.482288472242],[152.997017795659,-27.4822434822416],[152.997057765662,-27.4821844622451],[152.997082765665,-27.4821384722473],[152.997133795669,-27.4820624722518],[152.997213765678,-27.4819264622588],[152.997252745679,-27.4818794722623],[152.997348735687,-27.4817344722708],[152.99736775569,-27.4816944722724],[152.997390785693,-27.4816514822743],[152.997417765696,-27.4816064522767],[152.997436745696,-27.4815874522784],[152.997463755699,-27.4815424622808],[152.997542735714,-27.4813574622872],[152.99758974572,-27.4812714522913],[152.997710925728,-27.4811066423021],[152.998021655748,-27.48068411233],[152.998306755766,-27.4802964523555],[152.998330735769,-27.4802524523575],[152.998364715771,-27.4802044523606],[152.998389755774,-27.4801584623627],[152.998449765778,-27.4800774423681],[152.998506735781,-27.4800084623732],[152.998583245783,-27.4799241123802],[152.999190715802,-27.4792544524359],[152.999244695802,-27.479213462441],[152.999325725803,-27.4791294524484],[152.999415695803,-27.4790584424569],[152.999446725804,-27.4790224424597],[152.999562725806,-27.4789094524705],[152.999608675806,-27.4788684524747],[152.999642695807,-27.4788304524779],[152.999742445809,-27.4787311624871],[153.000129205816,-27.4783462325228],[153.00036652582,-27.4781100425447],[153.000612355825,-27.4778653825675],[153.00091468583,-27.4775644625954],[153.000953695831,-27.477524442599],[153.000986655832,-27.477485442602],[153.001003665834,-27.4774554626035],[153.001024655835,-27.4774294526054],[153.001102695834,-27.4773734526128],[153.001217665831,-27.4772994526237],[153.001265705831,-27.4772604526282],[153.001311655831,-27.4772214526325],[153.001376625833,-27.4771474526384],[153.001443635835,-27.4770774526446],[153.001865655847,-27.4766174326833],[153.001998655854,-27.4764544426953],[153.002062645853,-27.4764084327014],[153.002107645854,-27.4763574327055],[153.002300625847,-27.476253442724],[153.002434645844,-27.4761614427367],[153.002460635844,-27.4761384427392],[153.002492615848,-27.4760804227419],[153.002778045841,-27.4758944527691],[153.00296003584,-27.4757444527861],[153.003095045841,-27.4756214427987],[153.003264035836,-27.4755174328148],[153.003369045842,-27.4753784428243],[153.003502015845,-27.4752424328365],[153.003591045856,-27.4750784528442],[153.003741025865,-27.4748774528576],[153.003896035835,-27.474984452874],[153.00428804585,-27.4745384329098],[153.004130185879,-27.4744424228932],[153.005351035888,-27.4733294430069],[153.005454035887,-27.4732524430166],[153.005743045886,-27.4730124430437],[153.007485515872,-27.4716363932076],[153.007717515868,-27.4714713932296],[153.007757515869,-27.4714333932333],[153.007867495867,-27.4713504032436],[153.007963525867,-27.4712713932527],[153.008124455868,-27.4711294032677],[153.008266475866,-27.4710204032811],[153.008345495867,-27.4709484032884],[153.008619025865,-27.4707314533141],[153.008952455863,-27.4704624033455],[153.008968475865,-27.4704284033468],[153.009105065866,-27.4703054833595],[153.009215185866,-27.4702124333698],[153.009371075862,-27.4701154033847],[153.009409985862,-27.4700764433883],[153.009510025857,-27.470033413398],[153.009533065858,-27.4700044334001],[153.009552875857,-27.4700004734021],[153.009597155856,-27.4699704134063],[153.009782205855,-27.4698194934236],[153.00990316585,-27.4697524334352],[153.00996795585,-27.4696994234413],[153.010050045849,-27.4696394834491],[153.010227875843,-27.4695334634661],[153.010303135842,-27.4694754134732],[153.01043705584,-27.4693784934858],[153.010568095834,-27.4693144034985],[153.010610945835,-27.4692714635024],[153.010662045832,-27.4692504135074],[153.01077687583,-27.4691664435182],[153.010857175828,-27.4691164035259],[153.010898925825,-27.46910741353],[153.010937065824,-27.4690824735337],[153.010970215821,-27.469079423537],[153.011159175815,-27.468961423555],[153.011260025811,-27.4689114435647],[153.011546035797,-27.4687794435924],[153.011594035797,-27.4687324535968],[153.011742035787,-27.4686894436113],[153.011789895782,-27.4686904336161],[153.011924905769,-27.4686744136295],[153.011965965767,-27.4686573936335],[153.012010975764,-27.4686444436379],[153.01206101576,-27.4686354336429],[153.012125075756,-27.4686114036491],[153.012190955753,-27.4685804536555],[153.012238145752,-27.4685424736599],[153.012284215751,-27.4685164636643],[153.01233315575,-27.468483443669],[153.012440065749,-27.468394423679],[153.012783895736,-27.468204443712],[153.012795025735,-27.4682014637131],[153.012868105731,-27.4681714037202],[153.012927155727,-27.468153403726],[153.013008155721,-27.468135403734],[153.013065055717,-27.4681174037395],[153.013107145713,-27.4681114637437],[153.013146045711,-27.4680944637475],[153.013207955707,-27.4680764637535],[153.013260145703,-27.4680654737587],[153.013351945698,-27.4680264137676],[153.013403085696,-27.4679994037725],[153.013459945693,-27.467976463778],[153.01355320569,-27.4679174137869],[153.013588105689,-27.4678984337903],[153.013673075683,-27.4678724237986],[153.013737165677,-27.4678604538049],[153.013800895673,-27.4678374238111],[153.013872145667,-27.4678254538182],[153.013917185662,-27.4678274338227],[153.013949195659,-27.4678244538259],[153.013994205656,-27.4678144638304],[153.014084205645,-27.4678254538395],[153.014147935636,-27.467836423846],[153.01418713563,-27.46785442385],[153.014314965614,-27.467871443863],[153.014463995597,-27.467882413878],[153.014528085591,-27.4678764738844],[153.014565865586,-27.4678814338883],[153.01462422558,-27.4678814338941],[153.014682155574,-27.4678754738999],[153.014740115569,-27.4678644139056],[153.014790885565,-27.4678584739106],[153.014880895556,-27.4678524439196],[153.014939185552,-27.4678344439253],[153.015034965546,-27.4677944839346],[153.015346055521,-27.4677324539654],[153.016069955455,-27.4676374340373],[153.016402035424,-27.4676044540703],[153.016503025412,-27.4676094440805],[153.016688045391,-27.4676234540992],[153.016885035364,-27.4676644441193],[153.01705702534,-27.4677144541369],[153.017221015314,-27.4677774441539],[153.017367015291,-27.467838444169],[153.017516045264,-27.4679214541846],[153.017638035242,-27.4679974441974],[153.017763045217,-27.4680874542107],[153.017864035195,-27.4681774542216],[153.017957045173,-27.4682684542316],[153.018115045134,-27.4684444442488],[153.018325035082,-27.4686774542718],[153.018484495043,-27.4688512942891],[153.018713024987,-27.469100434314],[153.018770044974,-27.4691564543202],[153.018914034943,-27.4692824343357],[153.019025034921,-27.4693564343474],[153.019116024905,-27.4694044443569],[153.019309034873,-27.469498444377],[153.019735024782,-27.4698574344226],[153.020033054721,-27.4700844544543],[153.020199014688,-27.470209434472],[153.020364034659,-27.4703004344892],[153.02055905463,-27.4703604545093],[153.020718044598,-27.4704794445262],[153.021467024432,-27.4711604446067],[153.021646024392,-27.471325454626],[153.022175014268,-27.4718584546833],[153.02211701423,-27.4722094546803],[153.022290024181,-27.4724504546995],[153.02265404408,-27.4729414447399],[153.023623043809,-27.4742644548477],[153.0238710238,-27.4741244448715],[153.02466804357,-27.4752664449605],[153.025340043379,-27.4762084550354],[153.025619043305,-27.4765564550661],[153.025866043237,-27.4768894550936],[153.026164023162,-27.4772264551262],[153.027069042915,-27.4784124452264],[153.027178032888,-27.4785394452383],[153.027327022857,-27.4786574452542],[153.027481022832,-27.4787234552702],[153.027602022816,-27.4787494452825],[153.028173022661,-27.4794874453457],[153.028448012664,-27.4792344453713],[153.028506052655,-27.4792544353773],[153.028824042604,-27.4793894554103],[153.029084022567,-27.479462455437],[153.02930204254,-27.4794894454591],[153.029540022514,-27.479493445483],[153.029752052494,-27.4794694455041],[153.029906042482,-27.4794344455193],[153.030326052432,-27.4794734455618],[153.030392042428,-27.4794464555682],[153.030423032432,-27.4793884555708],[153.030410032443,-27.479317455569],[153.030463032442,-27.4792734355739],[153.030555052438,-27.4792284455828],[153.030747042437,-27.4790744556009],[153.030763022436,-27.4790704356024],[153.030885042419,-27.4791024456149],[153.031245042419,-27.4787904456486],[153.031226032432,-27.478704455646],[153.031291032439,-27.4785974456517],[153.031427032434,-27.4785224456648],[153.031541022435,-27.4784124456753],[153.031791052461,-27.4779934456971],[153.031794042468,-27.477939445697],[153.031545042529,-27.4776634356698],[153.031653042545,-27.477445455679],[153.031684032555,-27.4773414456812],[153.031716042563,-27.4772554356838],[153.03172203257,-27.4771924456839],[153.031798022637,-27.4765974556868],[153.032697012557,-27.476464455776],[153.032473012737,-27.4752274557438],[153.031879013201,-27.472055445659],[153.03177904321,-27.4720704456491],[153.031537043424,-27.4705844556131],[153.031475033429,-27.4705934456069],[153.031233043571,-27.4696724355753],[153.031002033754,-27.4684244455423],[153.031118023809,-27.4678884455497],[153.03136203393,-27.466725445565],[153.031252023944,-27.4667014455538],[153.031411054024,-27.4659324455636],[153.031452044038,-27.4657924555666],[153.031351334061,-27.4656951255558],[153.031768024067,-27.4652934555944],[153.032040014102,-27.4647824456177],[153.032408044145,-27.4641284556495],[153.032576024146,-27.4639804556652],[153.033289044149,-27.4633464357318],[153.033820044151,-27.4628814357814],[153.033917034145,-27.4628464357909],[153.033981054143,-27.462811455797],[153.034457044115,-27.4626264558433],[153.034442044089,-27.4628464358436],[153.035302024015,-27.4626954459288],[153.035550043989,-27.4626964359537],[153.035983043942,-27.4626974359972],[153.03655302388,-27.4627034560545],[153.036792023851,-27.4627354360787],[153.037297043764,-27.4629934361315],[153.037376023746,-27.46306643614],[153.037573013701,-27.4632594561613],[153.037930023614,-27.4636444562002],[153.038352033477,-27.4643674562483],[153.038747043411,-27.4645554462894],[153.039249023243,-27.465463446347],[153.039609023181,-27.4656504463847],[153.039649023167,-27.4657231863893],[153.039661983163,-27.4657411863907],[153.039673993158,-27.4657751763922],[153.039681003153,-27.4658041863931],[153.039706003144,-27.465855186396],[153.03971899314,-27.4658781863975],[153.039738013135,-27.4659011763996],[153.039782983119,-27.4659931764048],[153.039814993109,-27.4660391864084],[153.039841013099,-27.4660961864115],[153.039866023092,-27.4661361864143],[153.039891973082,-27.4661881864173],[153.039946023051,-27.4663894464243],[153.039983033039,-27.4664564564286],[153.040028043019,-27.466570456434],[153.040083993001,-27.4666701664404],[153.040095972997,-27.4666871664418],[153.040102972994,-27.4667101664427],[153.040134982982,-27.4667731564464],[153.040174992966,-27.4668711664512],[153.040271022861,-27.4676154464667],[153.04033004282,-27.4678944464748],[153.040354022798,-27.4680444364784],[153.040389022785,-27.4681221564826],[153.040394972778,-27.4681691664835],[153.040406982772,-27.468209166485],[153.040418992761,-27.4682841664868],[153.040411982758,-27.4683121764864],[153.040418002753,-27.4683471564872],[153.04043100275,-27.4683591664886],[153.040443012743,-27.4684051664902],[153.040454982733,-27.468479166492],[153.040479982721,-27.4685491564951],[153.040511012705,-27.468652166499],[153.040522982695,-27.4687161565007],[153.040527982688,-27.4687731565017],[153.040541052656,-27.4690164465049],[153.040629012597,-27.4694071665168],[153.040753992553,-27.4696491665313],[153.040740992545,-27.4697241665306],[153.040672042539,-27.4698254565245],[153.040666022516,-27.4700174465254],[153.040681022489,-27.4702184465285],[153.04080899245,-27.4704211765429],[153.040841002436,-27.4704981665467],[153.040866992425,-27.4705651565499],[153.04098397238,-27.4708261565637],[153.04100598237,-27.4708841665664],[153.041042012359,-27.4709411665704],[153.041077012341,-27.4710541665748],[153.041089022336,-27.4710801565762],[153.04109701233,-27.4711211565774],[153.041157022306,-27.4712631565845],[153.0411739923,-27.4712941665865],[153.041199002286,-27.4713881665897],[153.041229982272,-27.4714661665935],[153.04127597225,-27.4716021565992],[153.041299992237,-27.4716861666022],[153.041321012229,-27.4717321566047],[153.041350982216,-27.4718121666083],[153.0413670022,-27.4719211666108],[153.041390772186,-27.4720103266139],[153.041425992167,-27.4721381566185],[153.041428002164,-27.4721571566188],[153.04147800214,-27.472302156625],[153.041483002135,-27.4723421566258],[153.041495992127,-27.4723881666275],[153.041521002117,-27.4724511566305],[153.041539982112,-27.4724751666326],[153.041582982089,-27.472619156638],[153.041639002066,-27.4727521566447],[153.04164499206,-27.4727921466456],[153.041657002053,-27.4728441366472],[153.041701022037,-27.4729311366524],[153.041739342017,-27.4730530966572],[153.041767992003,-27.4731441466608],[153.041786971995,-27.473190136663],[153.041818001985,-27.4732421466666],[153.041850011979,-27.47326613667],[153.041874981968,-27.473329146673],[153.041899981955,-27.4734101466761],[153.041926911939,-27.4735179766797],[153.041935971933,-27.4735541466809],[153.041954981924,-27.4736061466832],[153.041974001917,-27.4736471466854],[153.041993021911,-27.4736761366876],[153.042023971898,-27.4737571466913],[153.042049011889,-27.4738091466943],[153.04209197187,-27.4739241466995],[153.042134011854,-27.4740131467044],[153.042185991836,-27.4741091467104],[153.042205011828,-27.4741551367127],[153.042216031816,-27.4742421467144],[153.04224198181,-27.4742711467173],[153.042266981801,-27.4743171467202],[153.0422679718,-27.4743261467203],[153.042368891778,-27.4744175267312],[153.042410981768,-27.4744561467357],[153.042501021744,-27.4745671467456],[153.042538981734,-27.4746191367499],[153.042590011721,-27.4746781467555],[153.042641001709,-27.474730136761],[153.042729001689,-27.4748121467705],[153.042919971645,-27.4749981467912],[153.042963991635,-27.4750391467959],[153.043021001623,-27.475086146802],[153.043066011615,-27.4751151368067],[153.043109991606,-27.4751501468114],[153.043174011593,-27.4751911368182],[153.043237991582,-27.4752271368249],[153.043333991567,-27.4752621368348],[153.043391001559,-27.4752801368407],[153.043449001549,-27.4753101468467],[153.043506011541,-27.4753281468526],[153.043659971519,-27.4753651468684],[153.043903971487,-27.4754141168933],[153.044051001467,-27.4754501169083],[153.044127971458,-27.4754521169161],[153.044204991449,-27.4754591269239],[153.044282001439,-27.4754711169317],[153.044443011422,-27.4754731369479],[153.044506991414,-27.4754801269544],[153.044577001405,-27.4754921369615],[153.044647991398,-27.4754881169686],[153.044718981389,-27.4754941269758],[153.04498795136,-27.4754981270028],[153.045058941352,-27.47550511701],[153.045224951335,-27.4754969370266],[153.045341961323,-27.4754921370383],[153.045425951314,-27.4754931270468],[153.045482961309,-27.4754821270524],[153.0455739613,-27.4754721370615],[153.045656961292,-27.4754671370698],[153.045733971286,-27.4754511370774],[153.045817961278,-27.4754411470858],[153.045914941271,-27.4754191470953],[153.046107951253,-27.4753931371145],[153.046184971247,-27.4753771371221],[153.046287941239,-27.4753501471323],[153.046410981229,-27.4753291471445],[153.046687941209,-27.4752514271717],[153.046771961203,-27.4752251271799],[153.0468369312,-27.4751971371862],[153.047094911184,-27.4751031372114],[153.047191931178,-27.4750641172208],[153.047275921172,-27.4750421172291],[153.047585951153,-27.4749261272593],[153.047862911139,-27.4748041172862],[153.047940951136,-27.4747641172937],[153.048005921132,-27.4747421273001],[153.048066621129,-27.4747094573059],[153.048153921126,-27.4746641273143],[153.048231921121,-27.4746311273219],[153.048470931112,-27.4745021273449],[153.04862689111,-27.4743891273597],[153.048678901108,-27.4743611173647],[153.048879871103,-27.4742261273838],[153.049008901098,-27.4741541173962],[153.049076901095,-27.4741201174027],[153.049281921096,-27.4739391274219],[153.049340901095,-27.4738941174275],[153.049391891094,-27.4738601174323],[153.049443871092,-27.4738321274373],[153.049586881093,-27.4737021074507],[153.049632901092,-27.4736740974551],[153.049664911092,-27.4736461074581],[153.049698901091,-27.4736291074614],[153.04974788109,-27.473592107466],[153.049767881092,-27.4735581074677],[153.049799891092,-27.4735351074708],[153.049857891092,-27.4734841074762],[153.050057871091,-27.473324097495],[153.050231871091,-27.4731701075113],[153.050289871092,-27.4731121075167],[153.050366851091,-27.473061107524],[153.05043185109,-27.4730100975301],[153.050476891091,-27.4729641075343],[153.05060588109,-27.4728610975464],[153.050617861089,-27.4728610975476],[153.050656881086,-27.4728501075515],[153.050740861085,-27.4727870975594],[153.050766851086,-27.4727591075618],[153.050772871087,-27.4727421075623],[153.050740861094,-27.4727130975588],[153.050760861096,-27.4726841075606],[153.050830871095,-27.4726331075672],[153.05085690109,-27.47265010757],[153.05096986109,-27.4725501175805],[153.051153861089,-27.4724051075979],[153.05121186109,-27.4723471176032],[153.051268871089,-27.4723070976087],[153.051333881089,-27.4722500976147],[153.05139184109,-27.4721931076201],[153.051494841089,-27.4721131076298],[153.05164281109,-27.4719821076437],[153.05171384109,-27.4719251076504],[153.051784841091,-27.4718561076569],[153.05186886109,-27.4717941176649],[153.05191383109,-27.4717541176691],[153.05195168109,-27.4717169876726],[153.05238004102,-27.4719114377172],[153.052780041006,-27.4716804477556],[153.052514031073,-27.4713804577265],[153.052614041071,-27.471311447736],[153.052821031078,-27.4710774377549],[153.053112811103,-27.4706340677807],[153.053248811105,-27.4705030677934],[153.053403791105,-27.4703660778079],[153.053473801105,-27.4703090678144],[153.053551801106,-27.4702340678217],[153.053680831109,-27.4700970678336],[153.053757811109,-27.4700340778408],[153.05383581111,-27.4699600778481],[153.053983781114,-27.4698000678617],[153.054041811118,-27.4697200778669],[153.054239421124,-27.469509607885],[153.054490031102,-27.4694664479099],[153.054631031104,-27.469336447923],[153.054746041126,-27.4690594479324],[153.054796051147,-27.4688504479358],[153.054752031159,-27.4687914479309],[153.054758781167,-27.468724077931],[153.054759771185,-27.46858206793],[153.054740791222,-27.4683080679259],[153.054755751232,-27.4682130679267],[153.054767761264,-27.4679520679258],[153.054755751277,-27.4678590679239],[153.054733781285,-27.4678110679213],[153.054687751305,-27.4676900779157],[153.054652791318,-27.4676240679117],[153.054619751326,-27.467582067908],[153.054475761361,-27.4674270778923],[153.054417761379,-27.4673360778858],[153.054300781406,-27.4672230778731],[153.054143761444,-27.467055077856],[153.054085761459,-27.4669860778497],[153.05404977147,-27.4669330678456],[153.053976771493,-27.4668100678373],[153.053883771517,-27.4667000678271],[153.053811751534,-27.4666240678193],[153.053754781549,-27.466554057813],[153.053621041586,-27.4663744477981],[153.053184031694,-27.4658874477504],[153.052554041853,-27.4651704476814],[153.052250031928,-27.4648314576481],[153.052148051963,-27.4646444576364],[153.051721032065,-27.4641924475899],[153.051760022066,-27.4641534475935],[153.051563022129,-27.4638194475711],[153.05160504213,-27.463776457575],[153.051458012176,-27.4635404475583],[153.051372822194,-27.4634700975492],[153.051347782205,-27.4634070775462],[153.051341802209,-27.4633780975454],[153.051342782211,-27.4633610875454],[153.051277052245,-27.4631514475371],[153.051182772275,-27.4629911075263],[153.051160792288,-27.4629070975235],[153.051135762296,-27.4628661075206],[153.051082762316,-27.4627501075144],[153.051018772339,-27.4626211075069],[153.050975782358,-27.4625121075018],[153.050924792376,-27.4624111174958],[153.050877992387,-27.4623656774908],[153.050786822408,-27.4622751074809],[153.051104042409,-27.4619924475105],[153.051475022378,-27.4619244575473],[153.051264022542,-27.4608094375173],[153.051113752949,-27.4577151174777],[153.050696042993,-27.4577174474357],[153.050660013002,-27.4576774474318],[153.050676043031,-27.4574344474315],[153.050683053036,-27.4573904574318],[153.050721743049,-27.4572491174346],[153.050766053068,-27.4570624374376],[153.050834743108,-27.4566881074415],[153.050841753127,-27.456531117441],[153.050840763143,-27.4564061074399],[153.05080773319,-27.4560620974339],[153.050802363199,-27.4559926674328],[153.050795723211,-27.4559061074314],[153.050772763233,-27.4557480974279],[153.050742723256,-27.4555971074237],[153.050695713285,-27.4554051074174],[153.050672683296,-27.4553390074146],[153.050567743345,-27.4550381074017],[153.050468023384,-27.4548144473899],[153.050447043392,-27.4547714473874],[153.050427033401,-27.454718447385],[153.050403023412,-27.4546514373821],[153.050376043423,-27.4545854473788],[153.050370023426,-27.4545684473781],[153.050329033443,-27.4544654373731],[153.050290013459,-27.4543724373685],[153.050250053475,-27.4542814373638],[153.050115033525,-27.4539974473479],[153.050048023552,-27.45384045734],[153.049976043571,-27.453747457332],[153.049905053595,-27.4536234473239],[153.049893043598,-27.4536094473226],[153.049832053614,-27.4535314473158],[153.049767043633,-27.4534344573085],[153.049737043645,-27.453370447305],[153.049661043668,-27.4532484572964],[153.049615023685,-27.4531584572911],[153.049566043703,-27.4530564472853],[153.049487013726,-27.4529354572764],[153.049358023764,-27.452746437262],[153.049308023781,-27.4526534372562],[153.04929802379,-27.4525934472547],[153.049189033825,-27.4524084472423],[153.049102053851,-27.4522774472326],[153.048997733882,-27.4521171272208],[153.048959043906,-27.4519644472157],[153.048908013936,-27.451768457209],[153.048827023972,-27.4515544471992],[153.048737054002,-27.4513914471889],[153.048648034027,-27.451269457179],[153.049139024002,-27.4510474572265],[153.04865905416,-27.4502024471716],[153.048132024187,-27.4504394471206],[153.048001024225,-27.4502514571059],[153.047884744255,-27.4501091570931],[153.047698734318,-27.4497671470717],[153.047400024434,-27.4491044570365],[153.047106044545,-27.4484694470019],[153.047044034567,-27.4483534469948],[153.047267054556,-27.4482504370164],[153.047343044533,-27.4483634570249],[153.047383044532,-27.4483424370287],[153.047433014517,-27.4484184570343],[153.047483024515,-27.4483924470392],[153.047562044491,-27.4485144570481],[153.047651034487,-27.4484694470567],[153.047012024679,-27.4474904369847],[153.047177044672,-27.4474044570006],[153.046932014746,-27.447029436973],[153.046926034765,-27.4468844569713],[153.046861024796,-27.4466944369632],[153.046722034806,-27.4467314369496],[153.046557014885,-27.4462454469292],[153.046698014875,-27.446208446943],[153.046572014937,-27.4458214469273],[153.04650401497,-27.4456144469188],[153.04633502499,-27.4456044369018],[153.046360025036,-27.4452134469012],[153.046411015131,-27.4444214369001],[153.046431015169,-27.4441054368996],[153.046665025222,-27.4434824569181],[153.046639035229,-27.4434514469153],[153.046669035235,-27.4433774469177],[153.046637025243,-27.4433424469142],[153.046611035281,-27.4430614469094],[153.046649035288,-27.4429754369125],[153.046832735312,-27.4426291569282],[153.046920705315,-27.4425301669363],[153.047059035311,-27.4424404369495],[153.047104045308,-27.4424284469539],[153.047181025304,-27.4423984469614],[153.047244025301,-27.4423634469675],[153.047450025276,-27.4423884569884],[153.047482035273,-27.4423824469915],[153.04753905527,-27.4423614469971],[153.047546025273,-27.4423304369975],[153.047506675289,-27.4422411569929],[153.047382025316,-27.4421314569795],[153.047245695341,-27.4420441669651],[153.047263035372,-27.4417864469648],[153.047512045379,-27.4415224469877],[153.047850685361,-27.4413761770206],[153.04794168536,-27.4413071670292],[153.048170645351,-27.4411841570512],[153.04832902534,-27.4411334570668],[153.048389025339,-27.4410924570725],[153.048455635335,-27.441068167079],[153.048487645332,-27.4410621670821],[153.048532655331,-27.4410321670864],[153.048558025332,-27.4410034570887],[153.048597035331,-27.4409794370925],[153.048702045332,-27.4408794471022],[153.049324665328,-27.4403831671609],[153.049390655327,-27.4403391571671],[153.049557605317,-27.4402761671834],[153.049681635309,-27.4402361671956],[153.049786615306,-27.4401701572056],[153.049870595299,-27.4401531572139],[153.049972615292,-27.4401241472239],[153.050062625284,-27.4401071472328],[153.050287605267,-27.440056137255],[153.05035261526,-27.4400511472615],[153.050410615255,-27.4400391372672],[153.050448615251,-27.4400391372711],[153.050557635235,-27.4400801372823],[153.050596615228,-27.4400971372864],[153.050699585214,-27.4401201472969],[153.050769625205,-27.4401321373041],[153.050827595198,-27.4401371573099],[153.050898625189,-27.4401551573172],[153.050949615184,-27.4401491373223],[153.050994615181,-27.4401321373267],[153.051091595179,-27.4400631573359],[153.05111761518,-27.4400351473383],[153.05114963518,-27.4400061373412],[153.05119459518,-27.4399721473455],[153.05124858518,-27.4399251473506],[153.052261605111,-27.4396131374499],[153.0524155651,-27.439567147465],[153.052493595095,-27.4395391374726],[153.052564585089,-27.4395271574796],[153.052737595077,-27.4394761474966],[153.052782565073,-27.4394711575011],[153.052859545067,-27.4394541475087],[153.052936565059,-27.4394481375164],[153.053007555054,-27.4394311375234],[153.053091545046,-27.4394191275317],[153.053161545039,-27.4394201275388],[153.05323954503,-27.4394251275467],[153.053296565023,-27.4394311175524],[153.053348575016,-27.4394431275578],[153.053399525011,-27.4394371275628],[153.053457565004,-27.4394431275687],[153.053566554996,-27.4394201275795],[153.053740544979,-27.4394031275968],[153.053887534963,-27.4394041276116],[153.053952574957,-27.4393981376181],[153.054087554942,-27.4393981376316],[153.054151534935,-27.4394041276381],[153.054299544919,-27.439404127653],[153.054363524914,-27.4393931176594],[153.054421564908,-27.4393871276651],[153.054485544901,-27.4393871276716],[153.054543544897,-27.4393701276773],[153.054646544888,-27.4393591176875],[153.054774514877,-27.4393361177002],[153.054819524873,-27.4393251377046],[153.054916534863,-27.4393251377144],[153.055128534844,-27.4392971277355],[153.055200544837,-27.4392911277427],[153.05527752483,-27.4392801277503],[153.055341504823,-27.4392801277567],[153.055418524817,-27.4392631177643],[153.055507514808,-27.4392571277732],[153.055592524799,-27.4392571277818],[153.055714504788,-27.4392401277939],[153.055849514774,-27.4392401078075],[153.055907514769,-27.4392241078132],[153.055997524761,-27.4392181078222],[153.056074504752,-27.43922410783],[153.056138524745,-27.4392181078364],[153.056215504739,-27.439207107844],[153.056440054713,-27.4392174478667],[153.056710474681,-27.439242107894],[153.056858484661,-27.4392771079092],[153.056915464655,-27.4392771079149],[153.056980504647,-27.4392820979215],[153.057050474637,-27.4393000979287],[153.057121504629,-27.4393061179358],[153.057262464611,-27.4393271079502],[153.057346494599,-27.4393501079588],[153.057364484597,-27.4393541079606],[153.057506474578,-27.4393851079752],[153.05762246456,-27.4394251079871],[153.057757484539,-27.4394771080011],[153.05781547453,-27.4395050980072],[153.058078494488,-27.4396091080344],[153.058117484484,-27.4396091080384],[153.058200484471,-27.439644108047],[153.058277494461,-27.4396550980548],[153.058476494433,-27.4397070880752],[153.058624504413,-27.4397420880904],[153.058688484405,-27.4397530980969],[153.058752504397,-27.4397590881034],[153.058855474382,-27.4397880981139],[153.058932454373,-27.4397990881218],[153.059023044361,-27.439815458131],[153.059316034323,-27.4398694381609],[153.059620474288,-27.4398860881916],[153.059806444261,-27.4399440882108],[153.059870464251,-27.4399670882174],[153.059922444246,-27.4399670882226],[153.060545464175,-27.4399940982854],[153.061328424087,-27.4400290783644],[153.061430404078,-27.4400170683746],[153.061488434073,-27.4400060683803],[153.061546434069,-27.439989078386],[153.061604434061,-27.4400000683919],[153.061675424053,-27.4400060683991],[153.061765434044,-27.4400000684081],[153.061848434035,-27.4400000684165],[153.061938404025,-27.4400070784256],[153.061990424019,-27.4400070784308],[153.062099414009,-27.4399900784416],[153.06252303398,-27.4398664484832],[153.062619023968,-27.4398754584929],[153.06258942393,-27.4402000684925],[153.064069383758,-27.4403130486422],[153.064382153717,-27.4403682786741],[153.065353753591,-27.4405411587731],[153.066065753499,-27.4406678488457],[153.066459113448,-27.4407378288858],[153.067212033349,-27.4408854389627],[153.067805013266,-27.4410394590235],[153.068806033125,-27.4413004491263],[153.069520043027,-27.4414754491994],[153.070093312948,-27.4416130092582],[153.076889211973,-27.4435699599571],[153.078517221744,-27.4439989601243],[153.08352502105,-27.4452504506379],[153.083579041066,-27.445071460642],[153.085459040819,-27.445436440834],[153.087021060628,-27.4456248809927],[153.089339030378,-27.445639441226],[153.090080010296,-27.4456538713007],[153.091513990159,-27.445523881444],[153.092942970032,-27.4453158415862],[153.094809939899,-27.4447868717699],[153.099435839604,-27.443203832223],[153.099745839585,-27.4430928322534],[153.099790839582,-27.4430768222578],[153.106673719139,-27.4407558029324],[153.106954689127,-27.4406058029595],[153.107355029113,-27.4403834529981],[153.108034038887,-27.441592463076],[153.110082008854,-27.4401224532707],[153.10929601905,-27.4392354531845],[153.109683649047,-27.4389357832212],[153.109893639042,-27.4387947832412],[153.110032669042,-27.4386747932542],[153.110337038991,-27.438818463286],[153.11121803898,-27.4381624533696],[153.111659028975,-27.4378304534114],[153.112086048979,-27.4374374534513],[153.111852629039,-27.4371587734255],[153.111925629041,-27.4370857734323],[153.112025599041,-27.4369967634417],[153.112097619044,-27.4369147534483],[153.112171599045,-27.4368397534551],[153.112228579048,-27.4367737634604],[153.11230456905,-27.4366927534674],[153.11237158905,-27.4366317634736],[153.112419579054,-27.4365597634779],[153.11254758906,-27.4364037634896],[153.112604599062,-27.4363387534948],[153.112649569065,-27.4362797634989],[153.112709579066,-27.4362207635044],[153.11277056907,-27.4361347635099],[153.112974569078,-27.4359027735286],[153.11304358908,-27.435825773535],[153.114853509178,-27.433520743699],[153.115601029221,-27.4325494637666],[153.115999029141,-27.4328474538091],[153.118585019258,-27.429731444045],[153.119551429257,-27.4289237141359],[153.121172389182,-27.4281477142931],[153.121654379164,-27.4278827243396],[153.12375001908,-27.426774464542],[153.126821018932,-27.4253424548401],[153.127144008917,-27.4251944548715],[153.128929048838,-27.4243064550444],[153.130745028749,-27.4234724552208],[153.132901048645,-27.4224734554302],[153.133081028638,-27.4223784554476],[153.133259038628,-27.422307455465],[153.133804018602,-27.4220544455179],[153.135920038505,-27.4210264557231],[153.1361690385,-27.4208624557469],[153.136896048487,-27.4203514458162],[153.137815038483,-27.4196064559029],[153.14065302844,-27.4175474561728],[153.141090038457,-27.4170424662128],[153.143981018737,-27.4123894564675],[153.145202018893,-27.4101234665727],[153.14546083923,-27.4072495865761],[153.146306839356,-27.4055395566479],[153.146742029419,-27.4046754566849],[153.145517019603,-27.4042554465581],[153.14547803963,-27.4040734665527],[153.145478039649,-27.4039224465515],[153.14549602967,-27.4037444665519],[153.145544029692,-27.403527456555],[153.145592829735,-27.4031435865569],[153.14561081979,-27.4026985865552],[153.145832819826,-27.4022275765738],[153.145831829847,-27.4020635865725],[153.14585482986,-27.4019355865738],[153.145916799874,-27.4017735865787],[153.146030789888,-27.4015665865886],[153.146295779907,-27.4011925766123],[153.146309759912,-27.4011425866134],[153.146365789929,-27.4009635766176],[153.146511789928,-27.4008425866314],[153.146620779939,-27.4006655766409],[153.14665278996,-27.4004745866427],[153.146776779995,-27.4000935766522],[153.146816780017,-27.3998845866545],[153.146870800033,-27.3997135866586],[153.146908800056,-27.3994975866608],[153.146920730105,-27.3991035866588],[153.146970780146,-27.398735586661],[153.147133750191,-27.3982445766735],[153.147465750238,-27.3975915867018],[153.14783875027,-27.397024556735],[153.148287730291,-27.396480566776],[153.148584730296,-27.3961885668036],[153.149193700299,-27.3956545568608],[153.149439710295,-27.3954745568842],[153.149692690288,-27.3953165669084],[153.149848690295,-27.3951305669227],[153.15004966029,-27.395004566942],[153.150449040298,-27.3946014669791],[153.150435030306,-27.3945534569773],[153.150119700391,-27.3941465669423],[153.149901030505,-27.3934284569145],[153.149737040535,-27.3933294668972],[153.148970030698,-27.3926914568148],[153.148731030737,-27.3925814467898],[153.148529030773,-27.3924684567685],[153.146384041546,-27.3881764565182],[153.146960051548,-27.3876714565723],[153.14772103151,-27.3873334666464],[153.148041031496,-27.3871734566774],[153.149067041475,-27.3864674567753],[153.149240021473,-27.3863394567917],[153.149577611497,-27.385862586822],[153.149721601488,-27.3858125768361],[153.150268621433,-27.3857895868911],[153.150370641427,-27.3857495869011],[153.151152581384,-27.3854285769774],[153.151928611354,-27.3850115870524],[153.152071611346,-27.3849545670664],[153.152810561317,-27.3845595571378],[153.153177561317,-27.3842505671723],[153.153295571324,-27.3841005671831],[153.153538591355,-27.383643567204],[153.153836571367,-27.3833025572313],[153.154046561354,-27.3832245572519],[153.154495541344,-27.3829275572948],[153.154960521338,-27.382578557339],[153.155223541335,-27.382384567364],[153.155500531333,-27.3821675573902],[153.1561740313,-27.3818584674557],[153.157667471334,-27.3803285675943],[153.158604021281,-27.3799604576859],[153.158917041278,-27.3797184577155],[153.159293431305,-27.3791865477493],[153.159676431302,-27.3788935477856],[153.15997043131,-27.3785775478128],[153.160226441322,-27.3782665378362],[153.160445411343,-27.3779165378555],[153.160477381367,-27.377702547857],[153.1605314014,-27.3773995378601],[153.160512391413,-27.3773095378574],[153.160446431433,-27.3772035478499],[153.160402411466,-27.3769855478438],[153.160328391484,-27.3769045478357],[153.160219401501,-27.3768615378243],[153.160061391517,-27.3768725478085],[153.159986421532,-27.3768135478004],[153.159942401555,-27.3766655677948],[153.159863421574,-27.3765845577862],[153.159773411586,-27.376563557777],[153.159652451597,-27.3765845577649],[153.159423441623,-27.3765655577417],[153.15913243166,-27.376523567712],[153.158956431686,-27.3764615676937],[153.158920441701,-27.3763805576894],[153.158838461716,-27.3763295676808],[153.158668441742,-27.3762675576631],[153.158558431768,-27.3761565576511],[153.158440431807,-27.3759425676375],[153.158362461825,-27.3758665576291],[153.158262451842,-27.3758185676186],[153.158153431853,-27.3758195676076],[153.157950451894,-27.3756715875859],[153.157910451906,-27.3756115875814],[153.157721411949,-27.3754325775609],[153.157505411992,-27.3752685775379],[153.15734645203,-27.3751075775205],[153.157243452061,-27.3749475875089],[153.157073432134,-27.3745135774883],[153.156912432251,-27.3737275874658],[153.156890452272,-27.3735815774624],[153.156893412284,-27.3734775774619],[153.156917432304,-27.3733006074629],[153.157076422381,-27.3725635974731],[153.157076422407,-27.3723566074715],[153.157154462432,-27.3720885974773],[153.157263452448,-27.3718736074865],[153.157370432471,-27.3715986074952],[153.157388422492,-27.3714235974956],[153.15736539253,-27.371139597491],[153.157464422597,-27.3705246074961],[153.157430402641,-27.3702116074902],[153.157405402683,-27.3698946074852],[153.157304402762,-27.3693606074708],[153.157294402798,-27.3690796074676],[153.157028392974,-27.3679186174315],[153.156975393058,-27.3672946174212],[153.156815413151,-27.3666976174003],[153.156644413238,-27.3661566273788],[153.156513373308,-27.365708607362],[153.156414423354,-27.3654276373498],[153.15638741341,-27.3650126373438],[153.156370403453,-27.3646826373395],[153.156418403539,-27.3639676273387],[153.156350403582,-27.3636806373295],[153.156144363648,-27.363336637306],[153.155995363684,-27.3631796472897],[153.155634423754,-27.3629266372513],[153.155291393811,-27.3627656472154],[153.154876383882,-27.3625546571719],[153.154665383915,-27.36247565715],[153.154423423956,-27.3623506571246],[153.154185403993,-27.3622586570998],[153.153770404066,-27.3620356770562],[153.153131394178,-27.361687676989],[153.152316424308,-27.3613486969041],[153.152047454346,-27.3612706968763],[153.151683444395,-27.361195686839],[153.151373414443,-27.3610766868068],[153.150226434594,-27.3608467166893],[153.149861474638,-27.3608076966522],[153.149409454686,-27.3608107166066],[153.149269444698,-27.3608357065927],[153.149177464704,-27.3608597065836],[153.148963464713,-27.3609757165629],[153.144882545178,-27.3607357561494],[153.144803555212,-27.3605367461399],[153.144742565224,-27.3604897561334],[153.14449754525,-27.3604947761087],[153.144177505267,-27.3606267660775],[153.143988545272,-27.3607497560594],[153.143606535356,-27.3604097660182],[153.143365535398,-27.3602737759928],[153.143178545424,-27.3602297559736],[153.142672545477,-27.3602347959226],[153.142005545534,-27.3603497858563],[153.14175255555,-27.3604337758314],[153.141564545564,-27.3604847858129],[153.141435555573,-27.3605237858001],[153.14110256559,-27.3606657857677],[153.140868565609,-27.3607117757445],[153.13946660579,-27.3604677956012],[153.139102625804,-27.360662805566],[153.138983595804,-27.3607618055548],[153.138746605815,-27.3608747955318],[153.138676595796,-27.3610837955264],[153.138623635795,-27.3611397955215],[153.135143646352,-27.359666825159],[153.135063676378,-27.3595288151498],[153.134201656587,-27.3586028350556],[153.13358064671,-27.3581538349894],[153.132717676872,-27.3576018348981],[153.131509677092,-27.3568768347706],[153.130345727286,-27.3563288446489],[153.129551747414,-27.3559838645662],[153.128723777559,-27.3555348444792],[153.127722767727,-27.3550508543744],[153.126686787903,-27.3545328642659],[153.12534077813,-27.3538768741251],[153.124374798298,-27.3533588740236],[153.122441798626,-27.3523919038212],[153.121233828808,-27.3519778936962],[153.119818869037,-27.3513559235487],[153.119498909034,-27.3516509235188],[153.11884986914,-27.3513589134511],[153.118086909264,-27.3510199033716],[153.117240919403,-27.3506339232833],[153.116362939546,-27.3502429231917],[153.115257909725,-27.3497599230766],[153.11449895985,-27.3494139329974],[153.113946969935,-27.3492069429402],[153.113225950017,-27.3491619428672],[153.112593990063,-27.3493339428049],[153.112221000091,-27.349422942768],[153.112163000093,-27.3494589427625],[153.108064050704,-27.3480844523388],[153.107987030715,-27.3480584623308],[153.107810050741,-27.3480014623126],[153.106496041032,-27.3468060121708],[153.104384081422,-27.3455020219478],[153.102318111806,-27.3442070317295],[153.101407141966,-27.3437080316338],[153.101214092007,-27.3435480516131],[153.100733102118,-27.343077051561],[153.100549102154,-27.3429470515414],[153.100265132197,-27.342844051512],[153.100074092218,-27.3428400514928],[153.099785052261,-27.3427384514628],[153.099263022319,-27.3427244414102],[153.098610152395,-27.342671071344],[153.098260152444,-27.3425810713081],[153.098026152474,-27.3425380812842],[153.097767142498,-27.3425670612583],[153.097535192519,-27.3425970712352],[153.097189172563,-27.3425380811999],[153.097059192581,-27.3425070711866],[153.096885192609,-27.3424370711685],[153.096732192629,-27.3424070811529],[153.096399202666,-27.3423900711193],[153.095896042756,-27.3421054510663],[153.094852032779,-27.3428074509668],[153.094312462809,-27.3430208709142],[153.094209932921,-27.3422239308976],[153.094036592978,-27.3419197708777],[153.093991883015,-27.3416617308712],[153.093934103042,-27.341495340864],[153.093882703071,-27.3413120108574],[153.093792993117,-27.3410195008461],[153.093748243157,-27.3407442208394],[153.09365827319,-27.3405547808288],[153.093619943212,-27.3404114408238],[153.093523543245,-27.3402336608127],[153.093299113284,-27.3401131107892],[153.09318993332,-27.3399181107766],[153.093414663273,-27.3401075608008],[153.093568553248,-27.3401706108167],[153.09371630324,-27.3401075608311],[153.093684073276,-27.3398495108258],[153.093677983318,-27.3395283808227],[153.093799923334,-27.3392992208331],[153.093851313353,-27.3391042208368],[153.093613813403,-27.3389033808113],[153.09333159344,-27.3388517307825],[153.093177413469,-27.3387539407662],[153.092952683515,-27.3385761707421],[153.092715183538,-27.3385931407184],[153.092535493549,-27.3386617307008],[153.092355763582,-27.3385528406819],[153.092227433617,-27.3383806306676],[153.092073543658,-27.3381856406506],[153.091810533693,-27.3381336906237],[153.091624123698,-27.3382484106058],[153.091636933674,-27.3384261906085],[153.091848853628,-27.3386153506314],[153.09205413358,-27.3388220206536],[153.092265753539,-27.3389656306761],[153.092471323496,-27.3391375706981],[153.092015513563,-27.3389884106511],[153.091598283634,-27.3387759206074],[153.091277483707,-27.3384717405727],[153.091110823746,-27.3382995205546],[153.090886093798,-27.3380814605302],[153.09057799387,-27.3377714804968],[153.090321333928,-27.337530640469],[153.090122473969,-27.3373698204477],[153.089731054032,-27.337203160407],[153.089423024083,-27.3370598203749],[153.08917274413,-27.3368931503484],[153.088896664177,-27.3367553603195],[153.088672224233,-27.3365028902949],[153.088235834317,-27.3362042902487],[153.087799434396,-27.3359459502027],[153.087516964444,-27.3358081601732],[153.08725387449,-27.3356645501456],[153.086856134546,-27.3355554001047],[153.086406664601,-27.3355034700591],[153.086105034641,-27.3354343000282],[153.0857072547,-27.3353079099871],[153.085277254762,-27.3351815099429],[153.084962514803,-27.3351181899107],[153.084673904845,-27.3350262598809],[153.084455594879,-27.3349457098583],[153.08423754492,-27.3348020998352],[153.084147834949,-27.334647359825],[153.084404494916,-27.3346934798512],[153.084738074859,-27.3348656998861],[153.085142524798,-27.335009299928],[153.085533914743,-27.3351129099682],[153.086021704681,-27.3351934600179],[153.086522264604,-27.3353773500697],[153.087023084544,-27.3354292801205],[153.087594164464,-27.3355845501792],[153.088056144392,-27.3357626202271],[153.088479724315,-27.3360153802717],[153.088922504229,-27.3363253903187],[153.089230524162,-27.3365951003519],[153.089602754087,-27.3368762103915],[153.090026374011,-27.3371175904361],[153.090385793945,-27.337335650474],[153.0905974539,-27.3375137004967],[153.090796343854,-27.3377145305183],[153.091027463821,-27.337777580542],[153.091110823832,-27.3376170205492],[153.090886353885,-27.3373876005248],[153.09038579397,-27.3371406404724],[153.090064954021,-27.3370028804391],[153.089634984101,-27.3367328703936],[153.089333314165,-27.3364862103613],[153.089070224226,-27.3362223203328],[153.088767484295,-27.3359342003],[153.088428624353,-27.3357573302645],[153.0881333344,-27.3356309502338],[153.087754724462,-27.3354642901944],[153.087388884516,-27.3353437201566],[153.086971684577,-27.3352115201136],[153.086451714642,-27.3351365200607],[153.08610532469,-27.3350501300251],[153.085848624734,-27.3349181799983],[153.085553374784,-27.3347687399674],[153.085290064822,-27.3346940199403],[153.08498196485,-27.3347281899096],[153.084686684898,-27.3346018198789],[153.084423664958,-27.3343434798504],[153.084135055015,-27.3341368198197],[153.083795055077,-27.3339359797839],[153.08348699513,-27.3337693197516],[153.083198105176,-27.3336487497215],[153.082870625201,-27.3337287796892],[153.08256303527,-27.333445449656],[153.084041035388,-27.3312574597874],[153.082879055592,-27.3306234496655],[153.083363335591,-27.330224219711],[153.083681905569,-27.3301284197423],[153.084716065488,-27.3298994498446],[153.084864905476,-27.3298624698592],[153.084962255468,-27.3298471998689],[153.085521285424,-27.3297261999242],[153.086241285361,-27.3296182099958],[153.08635724535,-27.3296052100074],[153.087024245287,-27.3295401800739],[153.087060235286,-27.3295211800774],[153.087546235247,-27.3294171901255],[153.087748265242,-27.3292881901448],[153.08782827524,-27.3292341901524],[153.08790123524,-27.3291721801593],[153.088027265245,-27.3290301901708],[153.088064245248,-27.3289741901741],[153.088111215251,-27.3289071801783],[153.088142205254,-27.328854180181],[153.088169215258,-27.3288031801833],[153.088193195266,-27.328717190185],[153.088193195279,-27.3286201901843],[153.088200205284,-27.3285741801846],[153.088219225291,-27.328502180186],[153.088233205294,-27.3284651801871],[153.088230205303,-27.3283981901863],[153.088208235308,-27.3283761801839],[153.088203235315,-27.328324190183],[153.08821122532,-27.3282771801834],[153.088209225326,-27.3282301901828],[153.088213205331,-27.3281841801828],[153.088174215344,-27.3281201901784],[153.08816220535,-27.3280801801769],[153.088159215356,-27.3280321901762],[153.088175245365,-27.3279521801772],[153.088174215371,-27.3279011901767],[153.088165205382,-27.3278271901752],[153.088156225387,-27.327795180174],[153.088122205402,-27.3277041801699],[153.08810621541,-27.3276481801678],[153.088040225434,-27.3275141901601],[153.08802723544,-27.3274821801586],[153.08799620545,-27.327425180155],[153.087977225459,-27.3273681901526],[153.087957225468,-27.3273201801502],[153.087940215474,-27.3272851801482],[153.087923245481,-27.3272471801462],[153.087900215489,-27.3272031801436],[153.087864225502,-27.3271301801394],[153.087849225508,-27.3270951801376],[153.087828235515,-27.3270531901351],[153.087805205522,-27.3270151901325],[153.087782205531,-27.3269632001298],[153.087748225542,-27.326910200126],[153.08772220555,-27.326863210123],[153.087665225566,-27.3267912101167],[153.087639235574,-27.3267452001137],[153.087621205579,-27.3267242001117],[153.08761923558,-27.3267121901114],[153.087607225584,-27.32669319011],[153.087603215586,-27.3266782101095],[153.08759321559,-27.3266592101084],[153.087587225593,-27.3266422101076],[153.087570215599,-27.3266072101056],[153.087552225604,-27.3265792001036],[153.087535215609,-27.3265572001017],[153.087524225614,-27.3265242001004],[153.087477215627,-27.3264662000952],[153.087403225647,-27.3263632100869],[153.087294205685,-27.3261592100743],[153.087270225694,-27.3261062100715],[153.087207225712,-27.3260162100644],[153.087129225737,-27.3258852100555],[153.087064215757,-27.3257832000482],[153.086998185776,-27.3256862000408],[153.086943215793,-27.3255942000345],[153.086894195809,-27.325515210029],[153.086858215821,-27.3254512000248],[153.086817225834,-27.3253752000201],[153.086798205844,-27.3253182000177],[153.086764225853,-27.325274210014],[153.086636215885,-27.3251242099999],[153.086560225904,-27.3250411999916],[153.086529205911,-27.3250091999882],[153.08648620592,-27.3249731899836],[153.086421195937,-27.3248951999765],[153.086321255961,-27.3247902099656],[153.086221245984,-27.3246902199547],[153.086161246,-27.3246162199481],[153.086129236011,-27.3245602199444],[153.086093246022,-27.3245032199404],[153.086037256034,-27.3244552099343],[153.085957246048,-27.324412219926],[153.085883256058,-27.3243892199183],[153.085752266074,-27.324377219905],[153.08563323609,-27.3243482298928],[153.08548624611,-27.3243152198778],[153.085356236132,-27.3242512098642],[153.085256266152,-27.3241742198535],[153.085179246169,-27.3241062298452],[153.085118216182,-27.3240542298387],[153.085053246196,-27.3239972298317],[153.085000256209,-27.3239432298259],[153.084957256218,-27.3239032298213],[153.084919256229,-27.3238542198171],[153.084882246237,-27.3238212198131],[153.084817246252,-27.323751209806],[153.084703256279,-27.3236342197936],[153.084655256291,-27.3235812197884],[153.084593246305,-27.3235212197817],[153.08453323632,-27.3234562097751],[153.08449322633,-27.3234062297707],[153.084466226338,-27.3233702197677],[153.084401246353,-27.3233072297606],[153.08433226637,-27.3232282397531],[153.084280256382,-27.3231732397474],[153.084164256414,-27.3230232397345],[153.084138236422,-27.3229762497315],[153.084100276433,-27.3229232497273],[153.084192256431,-27.3228632297361],[153.084168276438,-27.3228312497334],[153.084211266436,-27.3228032397375],[153.08423524643,-27.3228332397402],[153.084350226427,-27.3227612397512],[153.084327266434,-27.3227272397486],[153.084327266441,-27.3226662397481],[153.084297266452,-27.3226102397447],[153.083681906564,-27.3222354196798],[153.083629236551,-27.3223862496757],[153.083576246554,-27.3224092396705],[153.083306256599,-27.3222822396424],[153.083265266606,-27.3222602396381],[153.083232306614,-27.3222192496344],[153.083169266625,-27.3221862396278],[153.083087286636,-27.3221692396194],[153.083005276649,-27.3221392396109],[153.082972276654,-27.3221252496075],[153.082901286669,-27.3220642395999],[153.082760286702,-27.3219262395846],[153.082737286706,-27.3219072495821],[153.082710276711,-27.3218962395793],[153.082683306714,-27.3218902395766],[153.08264527672,-27.3218742395726],[153.082610266726,-27.321863249569],[153.082580306729,-27.321863249566],[153.082547306732,-27.3218672695627],[153.082512306734,-27.3218802495593],[153.082483286734,-27.3219012495565],[153.08239929674,-27.3219292595483],[153.082316296746,-27.3219532495402],[153.082264286751,-27.321957249535],[153.082223296755,-27.3219542495308],[153.082187306759,-27.3219542495272],[153.082149276761,-27.3219682595235],[153.082094266765,-27.3219862595181],[153.082046276768,-27.3219992595133],[153.082013276772,-27.32200025951],[153.081961266779,-27.3219912495047],[153.081905276783,-27.3220052594992],[153.081819276788,-27.3220402594908],[153.081709266795,-27.3220772594801],[153.081593266802,-27.3221192494687],[153.081512276806,-27.3221502594608],[153.081418286813,-27.3221782494516],[153.081330286819,-27.3222002694429],[153.081273276823,-27.3222182694373],[153.081215316826,-27.3222442594317],[153.081133296833,-27.3222622594236],[153.081053326841,-27.3222662594156],[153.080991316846,-27.3222792594094],[153.080942296851,-27.3222762594045],[153.080894296858,-27.3222612593995],[153.080799326872,-27.3222332493898],[153.080698286885,-27.3222102593794],[153.080605326897,-27.32220126937],[153.080535316907,-27.3221772493628],[153.080452316919,-27.3221522593542],[153.080358296932,-27.3221262693446],[153.080172326957,-27.3220912593256],[153.080019316976,-27.32206524931],[153.079845316998,-27.3220392792923],[153.079687317019,-27.3220062792761],[153.079461307048,-27.321963279253],[153.079370307061,-27.3219432792437],[153.079319317069,-27.3219192692384],[153.07920733709,-27.3218462692266],[153.079184307093,-27.3218442692242],[153.079135327097,-27.3218502792193],[153.079067327103,-27.3218642692126],[153.078980307111,-27.3218732792039],[153.078851357124,-27.321875279191],[153.078651367143,-27.3219002691711],[153.078536357156,-27.3218952791595],[153.078396347172,-27.3218802691453],[153.078272357192,-27.3218272691324],[153.078154347212,-27.32176627912],[153.078005357239,-27.3216812891043],[153.077894327258,-27.3216212690927],[153.07782836727,-27.3215822690858],[153.077705327291,-27.3215262690729],[153.077582317312,-27.32146028906],[153.077516367324,-27.3214202690531],[153.077418327339,-27.3213822690429],[153.077304337357,-27.3213362790311],[153.077190347377,-27.3212742890191],[153.077060337399,-27.3212112790056],[153.076798337441,-27.3210962789783],[153.076678327461,-27.3210382989658],[153.076581347478,-27.3209862989556],[153.076433337501,-27.3209342889403],[153.07631737752,-27.3208792889282],[153.076205357537,-27.3208382989166],[153.075982377567,-27.3207872888938],[153.075880397582,-27.3207562988833],[153.075737387602,-27.3207222988686],[153.07559938762,-27.3206932888545],[153.075541387629,-27.3206692988485],[153.075486377639,-27.3206402888427],[153.075431377646,-27.3206252888371],[153.075360387658,-27.3205962988297],[153.075315377668,-27.3205552988249],[153.075259387681,-27.3204962888188],[153.075204387692,-27.3204572888129],[153.075150367707,-27.3203852888069],[153.075088387721,-27.3203242888002],[153.075010347738,-27.3202502887918],[153.074940377755,-27.3201802887842],[153.074872377771,-27.3201082887768],[153.074839387781,-27.3200612987731],[153.074799377789,-27.3200282887688],[153.074725357807,-27.3199502987607],[153.074636367826,-27.3198732987512],[153.074554357845,-27.3197912887423],[153.074483397862,-27.3197142887345],[153.074306377906,-27.3195182987152],[153.074204397926,-27.3194432987043],[153.074105367949,-27.3193453086936],[153.074025357967,-27.3192683086849],[153.073943377984,-27.3192023186762],[153.073866368003,-27.3191173186677],[153.07370634804,-27.3189643186504],[153.073672368047,-27.3189343086468],[153.073630358054,-27.3189103186424],[153.073544398075,-27.318818318633],[153.073466368095,-27.3187283186244],[153.073401398111,-27.3186553186173],[153.073296388137,-27.3185403186058],[153.073222358154,-27.3184623185978],[153.073073368193,-27.3182853085814],[153.07301237821,-27.3181973085746],[153.072873418248,-27.3180133085591],[153.072801408264,-27.3179483185514],[153.07274238828,-27.3178723185448],[153.072638398307,-27.3177483185334],[153.072543428332,-27.3176303185229],[153.072487438347,-27.3175543085167],[153.072427428366,-27.3174583085099],[153.072388408376,-27.3174103185056],[153.07232241839,-27.3173543184985],[153.072273398404,-27.317284318493],[153.07221141842,-27.3172103184862],[153.07216341843,-27.317169318481],[153.072118378439,-27.3171403084763],[153.072064398447,-27.3171173184707],[153.072019428455,-27.317094318466],[153.071830028498,-27.3169164284455],[153.071855218499,-27.3168874384478],[153.071796418513,-27.3168223384414],[153.07169213854,-27.3166964584299],[153.071557118578,-27.3165054884148],[153.071589898578,-27.3164824284179],[153.070867018767,-27.3155904583382],[153.07086522877,-27.3155714583378],[153.069716099077,-27.3141034582107],[153.069643429098,-27.3140023382025],[153.069604409109,-27.3139433481982],[153.069575429122,-27.3138663481946],[153.069566409132,-27.3137953481932],[153.069570389141,-27.313721348193],[153.069585389146,-27.3136703381941],[153.069625399149,-27.3136083481976],[153.069681429152,-27.3135403382027],[153.069758399158,-27.3134303582096],[153.069826399164,-27.3133213582155],[153.069881409171,-27.3132193482203],[153.069937399181,-27.3130953382249],[153.069978389191,-27.3129783482281],[153.070026389212,-27.3127733482313],[153.070034419221,-27.3126893382314],[153.070035439239,-27.3125493482304],[153.070030399253,-27.3124443482291],[153.070014409266,-27.3123523482268],[153.069982399284,-27.3122413482227],[153.069941409299,-27.3121543582179],[153.069896409314,-27.3120683482127],[153.06984939933,-27.3119843382073],[153.069796399346,-27.3119033482013],[153.069735409362,-27.3118263481945],[153.069657409381,-27.311739348186],[153.069578389399,-27.3116653481775],[153.069480419419,-27.311591348167],[153.069369419439,-27.3115253581554],[153.069257409458,-27.3114663381436],[153.069157399475,-27.3114223481332],[153.069029429494,-27.31137633812],[153.068901419512,-27.3113453481069],[153.06875840953,-27.3113173480923],[153.068647419544,-27.311303358081],[153.068542149556,-27.3112944780704],[153.06841790957,-27.3112894480578],[153.068349389579,-27.3112783480508],[153.068286399587,-27.3112633380444],[153.068234419596,-27.311240348039],[153.068190399605,-27.3112073380343],[153.068156239613,-27.3111704580306],[153.06813210962,-27.3111364280279],[153.068115899626,-27.311103408026],[153.068074479642,-27.3110113180211],[153.067781419754,-27.3103653679865],[153.067485179866,-27.3097324279517],[153.067211209994,-27.3089434079179],[153.067125880026,-27.3087664679079],[153.066972430089,-27.3083953578895],[153.066725400214,-27.3076063778585],[153.066578380283,-27.3071827378403],[153.066354050405,-27.3064084378116],[153.066145050549,-27.3054384477829],[153.066024050629,-27.3049064477665],[153.065963060666,-27.3046644477585],[153.065790050759,-27.3040744477364],[153.065640040837,-27.3035794377174],[153.065411030935,-27.3029944476897],[153.065377050953,-27.3028804576854],[153.065059061136,-27.3016994476441],[153.065029061152,-27.3015954476403],[153.064957411189,-27.3013633976312],[153.064831411308,-27.3005274076119],[153.064751041385,-27.2999794475995],[153.06473403141,-27.2997944475963],[153.064674061486,-27.299247447586],[153.064620041562,-27.2986864475761],[153.064584051602,-27.2984044575702],[153.064548071663,-27.297945447563],[153.064483061748,-27.2973280475515],[153.064519381819,-27.2967294275504],[153.064569381884,-27.2961734275511],[153.064624391971,-27.2954394175508],[153.064689362082,-27.2944984175499],[153.064719362161,-27.2938504175477],[153.064736552178,-27.2937023275483],[153.064765352206,-27.2934544275492],[153.064779372257,-27.2930354175473],[153.064841052355,-27.2922054575469],[153.064863062401,-27.2918224475461],[153.06489704243,-27.2915634475475],[153.064915042464,-27.291274447547],[153.06500607258,-27.2902784375482],[153.065041032681,-27.2894464375452],[153.065064072757,-27.2888224575425],[153.064993072842,-27.2882117675305],[153.064989752937,-27.2874609475243],[153.064950733013,-27.2868924075158],[153.06492642306,-27.2865384475106],[153.064939313179,-27.2855804375043],[153.064836123261,-27.2850201074895],[153.064690273326,-27.2846264474717],[153.064491933399,-27.2842092774484],[153.064072033529,-27.2835354474009],[153.066217063587,-27.2812634475985],[153.069529073798,-27.276788447896],[153.07862604438,-27.2644924587134],[153.077472934532,-27.2642594085956],[153.076730964642,-27.264014398519],[153.075993954754,-27.2637424084427],[153.075287974868,-27.2634304283692],[153.074496985005,-27.2630144182864],[153.073821005129,-27.2625964282151],[153.073159985263,-27.2620904381446],[153.072484005398,-27.2615914380727],[153.071855045543,-27.2609694480045],[153.071378025661,-27.2604374579523],[153.070896035794,-27.2597864678987],[153.070815045815,-27.2596904678897],[153.069293036345,-27.2567594777135],[153.068307056949,-27.2527964975829],[153.067947027332,-27.250057497525],[153.066753987867,-27.2468125273793],[153.065264018343,-27.2442875372094],[153.062741028999,-27.2412035469313],[153.061966029345,-27.2391025568368],[153.061577049634,-27.2371345667821],[153.059969039888,-27.2364705066152],[153.058048960127,-27.23619022642],[153.055943420537,-27.2347122061966],[153.055329090822,-27.232963606121],[153.05494109099,-27.231952616074],[153.054483161129,-27.2312372460223],[153.053883071302,-27.2303654459551],[153.053883071325,-27.2301794459536],[153.053978081334,-27.230033445962],[153.054203061325,-27.2299124359836],[153.054404071315,-27.2298214360031],[153.054572081305,-27.2297624460195],[153.056018061195,-27.2294194461621],[153.057410061098,-27.2290124562988],[153.058554051026,-27.2286224564107],[153.058658000991,-27.2288146164226],[153.05920601081,-27.2297876064854],[153.062502940519,-27.2293215868131],[153.064216950387,-27.2289265969823],[153.066605800151,-27.2287822972213],[153.067758029986,-27.2291242673399],[153.06788060006,-27.2284339573467],[153.069862370125,-27.2262476475286],[153.069972050115,-27.2262364575396],[153.074018879551,-27.227301797955],[153.075721159286,-27.2279724781315],[153.076707758724,-27.2316082782596],[153.076489708604,-27.2327444982467],[153.076443238593,-27.232875548243],[153.076396808581,-27.2330065882394],[153.074920318476,-27.2350902981074],[153.07445113837,-27.23632574807],[153.074418078362,-27.2364128280674],[153.07439511836,-27.2364544280654],[153.074364598352,-27.236539748063],[153.074296858343,-27.2366674980572],[153.074268828338,-27.2367284880549],[153.074228858326,-27.2368595080519],[153.074177208319,-27.2369642480476],[153.074117238313,-27.2370598580423],[153.074093438309,-27.2371072580403],[153.074033698308,-27.2371725980348],[153.073984858303,-27.2372495080305],[153.073915838288,-27.237428488025],[153.073858058277,-27.2375624880202],[153.073841848271,-27.2376222980191],[153.07380990827,-27.2376608480162],[153.073785528266,-27.2377134280141],[153.073764538264,-27.2377451580123],[153.073738698263,-27.2377775680099],[153.073684348258,-27.2378632780051],[153.073617118244,-27.2380300779997],[153.073560178237,-27.2381327879948],[153.07354469823,-27.2381991479937],[153.073492978223,-27.2382964379893],[153.07340249821,-27.2384773479817],[153.073383808209,-27.23850276798],[153.073349788207,-27.2385442979769],[153.073217698197,-27.2387358679651],[153.073184698191,-27.2388128879624],[153.073120608188,-27.2388931179566],[153.07298701817,-27.2391514179452],[153.072930338164,-27.2392471179403],[153.072895838161,-27.2392969179372],[153.072852148153,-27.2393958579336],[153.07282269815,-27.239443937931],[153.072789258148,-27.239489927928],[153.072706518145,-27.2395798179204],[153.07261314814,-27.239701867912],[153.072494818138,-27.239813977901],[153.072419658136,-27.2398939078941],[153.072369768135,-27.2399445878895],[153.072339548136,-27.2399655678866],[153.072290888138,-27.2399904978819],[153.072190148143,-27.2400330678721],[153.072168028144,-27.2400413578699],[153.072131748146,-27.2400585278664],[153.072095068147,-27.2400822078629],[153.072062438145,-27.24012861786],[153.071754008119,-27.2405914778327],[153.071693748116,-27.2406645278272],[153.071603928109,-27.2407974878192],[153.071578918108,-27.240831487817],[153.071493508106,-27.240914207809],[153.071441248108,-27.240946027804],[153.071307908115,-27.2410035077911],[153.071240898118,-27.2410334977846],[153.071168408121,-27.2410712677776],[153.071089898124,-27.24111048777],[153.070976088132,-27.2411493377589],[153.070849288142,-27.2411740977463],[153.070758328151,-27.2411801077372],[153.070617918162,-27.2412105177233],[153.070401508178,-27.241267577702],[153.070372558177,-27.2412951376993],[153.070355298173,-27.241343387698],[153.070351898166,-27.2414015176981],[153.070369418157,-27.2414604577003],[153.070401358145,-27.2415297777041],[153.07043654813,-27.2416182377083],[153.070442928126,-27.2416455077092],[153.070451548116,-27.2417119077106],[153.070460888107,-27.241775507712],[153.070469908102,-27.2418085177132],[153.070494908092,-27.2418685077162],[153.070523928077,-27.2419655077199],[153.070534918067,-27.2420354877215],[153.070525898054,-27.2421414977215],[153.070530938047,-27.2421954977224],[153.07054089804,-27.2422435077238],[153.070556918032,-27.2422904977258],[153.070557908027,-27.2423344877262],[153.070551958022,-27.242380497726],[153.070553928016,-27.2424224877265],[153.070544948011,-27.242467507726],[153.070525938006,-27.2425244977245],[153.070485927997,-27.2426274877213],[153.070440927992,-27.2427104977174],[153.070401937989,-27.242768497714],[153.070271927981,-27.2429424877023],[153.070220937978,-27.2430025076976],[153.070186337974,-27.2430670476947],[153.070144687969,-27.243138937691],[153.070089207962,-27.2432471076863],[153.070067457959,-27.2432872576845],[153.070052237954,-27.2433354676833],[153.070039207945,-27.2434237276827],[153.070010077943,-27.2434647076801],[153.070002267934,-27.2435420776799],[153.069980587926,-27.2436206276784],[153.069952917901,-27.2438404976773],[153.06992492788,-27.2440354876761],[153.06990192787,-27.2441344976745],[153.069894957854,-27.2442634976749],[153.069864957836,-27.2444354976732],[153.069835937823,-27.2445614976713],[153.069817947811,-27.2446724976704],[153.069807937797,-27.2447894976703],[153.069791667791,-27.2448503376691],[153.069778267781,-27.2449457776685],[153.06975603777,-27.2450491776671],[153.069747647761,-27.2451322076669],[153.069736657752,-27.2452124176665],[153.069743377737,-27.245319337668],[153.070192467584,-27.2461594377198],[153.069380887684,-27.2460493976373],[153.069081297598,-27.2469897676147],[153.068416967651,-27.2471224875489],[153.068696957575,-27.2474965075801],[153.068873977504,-27.2479045076011],[153.069163977409,-27.2484174876343],[153.069215987395,-27.2484864976401],[153.069311977351,-27.2487504876518],[153.069362967297,-27.24914048766],[153.069381947265,-27.2493804876639],[153.069509957231,-27.249536497678],[153.069515977217,-27.2496445076794],[153.069420167217,-27.2497304376705],[153.069413997204,-27.2498344976707],[153.069438997174,-27.2500525076749],[153.069542007128,-27.2503275076875],[153.069657017059,-27.2507854877027],[153.069747026999,-27.2511814877149],[153.069919006925,-27.2516234877357],[153.069990006888,-27.2518584777447],[153.07010490683,-27.2522253977591],[153.070271996758,-27.2526554677793],[153.070458006681,-27.2531094778016],[153.070553996628,-27.253447477814],[153.07066900656,-27.253889477829],[153.07079701648,-27.2544164878461],[153.070969986414,-27.2548014678665],[153.07113000633,-27.2553284578868],[153.071271006252,-27.255827467905],[153.071346996199,-27.2561894479155],[153.071444016137,-27.2565964479285],[153.071668016061,-27.2570094679543],[153.071936985994,-27.2573194479838],[153.072097985941,-27.2576064580022],[153.07235399587,-27.2579504680307],[153.072700015798,-27.2582314480677],[153.07306600572,-27.258541448107],[153.073404975658,-27.2587484481427],[153.073590985607,-27.2590004381634],[153.073937945544,-27.2592074482],[153.074488955463,-27.2593804482567],[153.075008975376,-27.2596384283111],[153.075148985343,-27.2597824283263],[153.075328965308,-27.2599024183454],[153.075585965264,-27.2600404283723],[153.075995935199,-27.2602074284149],[153.076457905132,-27.2603504184625],[153.076572925094,-27.2605574284757],[153.076668915057,-27.260769428487],[153.076861925019,-27.2609073985075],[153.077008954979,-27.2611024085239],[153.077149914934,-27.2613374085399],[153.077200944895,-27.2616073985472],[153.077156224866,-27.2618764685448],[153.077155934835,-27.2621174085467],[153.0772459048,-27.2623244085574],[153.077354934766,-27.2624963985697],[153.077533924731,-27.2626283985888],[153.077739934697,-27.2627264086103],[153.078079934647,-27.2628354086453],[153.078406934605,-27.2628924086787],[153.078758064534,-27.2631554387161],[153.079450074434,-27.2633714487874],[153.079513064429,-27.2633574487936],[153.079678044435,-27.2631654488087],[153.079843064441,-27.2629784588238],[153.08003304445,-27.2627524588411],[153.080139044455,-27.2626244588508],[153.080294064461,-27.2624454488649],[153.080386044466,-27.2623264588732],[153.080659064478,-27.2619984488981],[153.080860064486,-27.2617664489165],[153.080887044486,-27.261740448919],[153.080922044481,-27.2617554589226],[153.081016064463,-27.2618174489326],[153.081052054455,-27.2618484589365],[153.081085054451,-27.2618574489398],[153.081101034451,-27.2618434389413],[153.081090054455,-27.26181644894],[153.080985044478,-27.2617254489287],[153.080955034486,-27.2616834489254],[153.080957044489,-27.2616574389254],[153.08098204449,-27.2616324489277],[153.080975044493,-27.2616114489268],[153.080931054502,-27.2615794489221],[153.080892044512,-27.2615364489179],[153.08087904452,-27.2614844489162],[153.080915074524,-27.2614164389193],[153.081042054528,-27.2612794489309],[153.081122064529,-27.2612004589384],[153.08126704453,-27.2610734489519],[153.081401064531,-27.2609534489645],[153.081528054535,-27.2608134589761],[153.081600064537,-27.2607374589828],[153.081745044542,-27.2605734589961],[153.081804064542,-27.2605294390016],[153.081938054545,-27.260391449014],[153.08212004455,-27.2601934490308],[153.082257064557,-27.2600234490432],[153.082642064559,-27.2596804390792],[153.082835044559,-27.2595254490974],[153.083083064556,-27.2593354491208],[153.083384044553,-27.2591064391493],[153.083610044551,-27.2589314491706],[153.083881064548,-27.2587264491963],[153.084054074546,-27.2586004492127],[153.08423606454,-27.2584924492302],[153.084419074532,-27.2583994492478],[153.084552044525,-27.2583424492608],[153.084801044508,-27.2582694492852],[153.084905064484,-27.2583684592965],[153.085087054436,-27.2585974493166],[153.08553104431,-27.2592264493663],[153.085587074297,-27.2592824493723],[153.085662044284,-27.2593184493802],[153.085745044274,-27.2593304593886],[153.085829064267,-27.259317449397],[153.086155044245,-27.259213449429],[153.086353064224,-27.2592154394489],[153.086512054195,-27.2593124594657],[153.086658054135,-27.2596674494832],[153.086991044109,-27.259588459516],[153.087283044096,-27.2594444595443],[153.08745404409,-27.2593464395607],[153.087642054091,-27.2591864495784],[153.087890034097,-27.2589284496013],[153.088072064096,-27.2587794496184],[153.088287044091,-27.2586394496389],[153.088799074063,-27.2584324496888],[153.088996064053,-27.2583414497079],[153.08917604405,-27.258212449725],[153.089312044054,-27.2580724597376],[153.08943106406,-27.2579184497483],[153.089519074074,-27.2577324497557],[153.089575064092,-27.2575474497599],[153.089624044115,-27.257323449763],[153.08973606411,-27.2572664497738],[153.089958054099,-27.2571674597954],[153.090222064084,-27.2570644498211],[153.090448064067,-27.2570064498434],[153.091010054034,-27.2567934398983],[153.091168064024,-27.2567394599138],[153.091313044014,-27.2567014399281],[153.091713043982,-27.2566174499676],[153.092039063956,-27.2565484499999],[153.09226503394,-27.2564834600221],[153.092533053923,-27.2563924500484],[153.092725043912,-27.2563234500671],[153.092831043902,-27.2563124400777],[153.092867073897,-27.2563174600814],[153.092899043893,-27.2563254500847],[153.092910063891,-27.2563334600858],[153.092909043886,-27.256371460086],[153.092910063882,-27.2564054400864],[153.092916053877,-27.2564344500873],[153.092926053875,-27.2564444600883],[153.092948063872,-27.2564484500906],[153.09297806387,-27.2564434600936],[153.09298905387,-27.2564314500946],[153.09297704388,-27.2563614500928],[153.092950073901,-27.2562144500889],[153.092942043912,-27.2561394500875],[153.09293306392,-27.2560834500862],[153.092934043921,-27.2560694500862],[153.092950073922,-27.2560514400876],[153.092961053922,-27.2560434500887],[153.092956053924,-27.2560314500881],[153.092948063928,-27.2560084500871],[153.093102053917,-27.2559664601023],[153.093153043912,-27.2559584501073],[153.093376063846,-27.2562944401324],[153.093599043789,-27.256561450157],[153.093828043745,-27.2567124501812],[153.094066053708,-27.256809450206],[153.09557504353,-27.256949450359],[153.096867393362,-27.257195820491],[153.097234623307,-27.2573192705289],[153.097646633249,-27.2574362805713],[153.097981593197,-27.2575642806061],[153.098567633107,-27.2577822906668],[153.099051593028,-27.2580062807173],[153.099374582971,-27.2581812607512],[153.099787572904,-27.2583662607942],[153.100150602837,-27.2585922508326],[153.100523602779,-27.2587422508713],[153.100777562723,-27.2589692608987],[153.101035582671,-27.2591672509262],[153.101250602623,-27.2593662409495],[153.10155757256,-27.2596022409822],[153.101879212494,-27.2598596710167],[153.101998562466,-27.2599822710296],[153.102149932429,-27.2601459610462],[153.102302132393,-27.2603029710627],[153.102524342336,-27.2605704610872],[153.102725202282,-27.2608304011095],[153.102848462246,-27.2610108011234],[153.102954532212,-27.2611921111355],[153.103141012142,-27.2615855011574],[153.103212952113,-27.261752791166],[153.103248652088,-27.2619239911709],[153.103417061965,-27.2627574511945],[153.103510061893,-27.2632534612078],[153.103663001862,-27.2633668612241],[153.103747971845,-27.2634287812331],[153.103818521836,-27.2634432912403],[153.103991321824,-27.2633921512573],[153.104180061818,-27.2632794512754],[153.104827971776,-27.263066181339],[153.105083941755,-27.2630193813644],[153.105147051751,-27.2629951113705],[153.105672541734,-27.262691341421],[153.105906841715,-27.2626455814443],[153.106152011706,-27.2625108714679],[153.1064061217,-27.2623404814921],[153.106579931684,-27.2623206715095],[153.10669586168,-27.2622572715206],[153.106753601681,-27.262202711526],[153.106880511693,-27.2619962015372],[153.107143491688,-27.2618132015622],[153.107529441654,-27.2617579916006],[153.107632741643,-27.2617645416111],[153.107863751626,-27.2616985516338],[153.10801946164,-27.2614592516476],[153.10808756168,-27.2610874616515],[153.108120561696,-27.2609305816536],[153.10820747173,-27.2605850916596],[153.108214001744,-27.2604723516594],[153.108246491811,-27.2599102116582],[153.108413471827,-27.2596412016729],[153.108433441846,-27.2594802016736],[153.108525561862,-27.2592732016812],[153.108593451872,-27.259136211687],[153.108850451931,-27.2584542117074],[153.109068471964,-27.2580072117259],[153.109222461989,-27.2576802017388],[153.109382482012,-27.2573592117523],[153.109581442008,-27.2572222017713],[153.10972244202,-27.2570092117838],[153.109940412006,-27.2569412018052],[153.109985422037,-27.2566542118075],[153.109915412089,-27.2563042117976],[153.10992840212,-27.2560462117969],[153.109991882147,-27.2557808818012],[153.110006222153,-27.2557184818021],[153.11017843216,-27.2555132118179],[153.110312422158,-27.2554212118306],[153.110466452162,-27.2552612018449],[153.110588442182,-27.254997201855],[153.110646432212,-27.2547101918586],[153.110543432244,-27.2545441918469],[153.11038341227,-27.2544701918302],[153.11008842232,-27.2543262117994],[153.10987742237,-27.2541022117763],[153.109755432414,-27.2538562017621],[153.109735432471,-27.2534202317566],[153.109768432523,-27.2529842217565],[153.109825402553,-27.25269723176],[153.109979402619,-27.2520442217703],[153.110088392638,-27.2518032217793],[153.110198402666,-27.2514882217879],[153.110204202673,-27.251429071788],[153.110223402709,-27.2511272317876],[153.110294392734,-27.2508692217927],[153.110307902781,-27.2504794117909],[153.110409372818,-27.2501002217982],[153.110532152855,-27.2497104618074],[153.110552082862,-27.2496325718088],[153.110647382899,-27.2492572318154],[153.110762392946,-27.2487932318233],[153.110814922959,-27.2486415718274],[153.11089536298,-27.2484092218337],[153.111007353054,-27.2477262218395],[153.111099363106,-27.247240231845],[153.111128343174,-27.2466722418434],[153.111236643216,-27.2462501318509],[153.111371623259,-27.2457963618609],[153.111480353289,-27.2454702418693],[153.111684173346,-27.2448414418848],[153.111810933366,-27.2445747518955],[153.11196131339,-27.2442582319081],[153.112080123424,-27.2438929519172],[153.112216343462,-27.2434742419276],[153.11232518351,-27.2430053219348],[153.112386353536,-27.2427412319389],[153.112639333583,-27.2421582419597],[153.112835303638,-27.2415572319747],[153.113056273682,-27.2410192319927],[153.113360283719,-27.240476242019],[153.113626293779,-27.2397732420402],[153.113893253837,-27.2390922420617],[153.113980053854,-27.2388794520688],[153.114328263918,-27.2380792320975],[153.114511273984,-27.2374042421106],[153.114611064035,-27.2369164521167],[153.114643224051,-27.2367572421187],[153.114728234099,-27.2363052721237],[153.114981214127,-27.2358702621457],[153.115214234165,-27.2353732521653],[153.115480244211,-27.2347902621874],[153.115869184262,-27.2340522622207],[153.116512064277,-27.2333954622803],[153.117046164237,-27.233261242333],[153.117507164185,-27.2332862323797],[153.117731124139,-27.2334654424037],[153.11782617411,-27.2336152424144],[153.117929174107,-27.2335522424243],[153.117904174128,-27.2334032524206],[153.117881174191,-27.2329272424145],[153.117877164241,-27.232532252411],[153.117916184261,-27.2323432324134],[153.117886174299,-27.2320622424081],[153.117823174344,-27.2317632423994],[153.117633154425,-27.2312752523764],[153.117507164475,-27.2309882423614],[153.117361164533,-27.230649262344],[153.117229174606,-27.230184262327],[153.117032154672,-27.2298282523044],[153.116771174752,-27.2294092622748],[153.116249154874,-27.228879262218],[153.115974194932,-27.2286542621885],[153.11587444496,-27.2285110921773],[153.115470065083,-27.2278774421315],[153.115245035186,-27.2272474421039],[153.115221165224,-27.2269712820993],[153.115211165301,-27.2263632720934],[153.115310045342,-27.2259554621002],[153.115341065337,-27.2259684521034],[153.115372055333,-27.2259764621066],[153.115521055315,-27.2259934621217],[153.115593065307,-27.225998452129],[153.115607045306,-27.2259924621304],[153.115615035307,-27.2259814521311],[153.115613065309,-27.2259674521308],[153.115602045311,-27.2259594621296],[153.115379065341,-27.2259054521067],[153.115344065346,-27.2259004621032],[153.115338035374,-27.2256814521008],[153.115249165443,-27.2252112820881],[153.1153231455,-27.2246902820914],[153.115468125598,-27.223797292099],[153.115478855647,-27.2233993320969],[153.11548414567,-27.2232073020959],[153.115615145703,-27.2228352921061],[153.115771145758,-27.2222683021173],[153.115959125783,-27.2219143021335],[153.116003065818,-27.2216004521354],[153.116046105857,-27.221249302137],[153.116315075928,-27.2204604421578],[153.116418035937,-27.220309442167],[153.116432055937,-27.2202944621683],[153.116432055938,-27.2202824521682],[153.11646705594,-27.2202444521714],[153.116496035939,-27.2202244621741],[153.11654005594,-27.2201754521782],[153.116557065941,-27.2201544521797],[153.116579035941,-27.2201364521818],[153.116588055942,-27.2201204521826],[153.116605065942,-27.2201124621842],[153.116621055942,-27.2200924621857],[153.116638065942,-27.2200784521873],[153.116660065942,-27.2200624521894],[153.116688065941,-27.2200484521921],[153.11670806594,-27.220040452194],[153.116733065938,-27.2200334421965],[153.116782055932,-27.2200364622015],[153.116816075926,-27.220056462205],[153.116853045919,-27.220084452209],[153.116876035914,-27.2201034522115],[153.116910055906,-27.2201404522152],[153.116939035899,-27.2201704522183],[153.116968055894,-27.2201834622214],[153.116985065892,-27.2201824422231],[153.117004045892,-27.2201684622249],[153.117007035894,-27.220148462225],[153.116996055898,-27.2201294622238],[153.11693903591,-27.2200824522176],[153.116778035947,-27.2199274622002],[153.116703065961,-27.2198764521922],[153.116668025979,-27.2197627121878],[153.116718065986,-27.2196654621921],[153.11663006607,-27.2190754621785],[153.116582066107,-27.2188154621716],[153.116385046191,-27.2183204521478],[153.116338106224,-27.2180932921413],[153.116378076258,-27.217795292143],[153.116406106305,-27.2173942921426],[153.116445046333,-27.2171404521445],[153.116597076398,-27.2164944521547],[153.116698216461,-27.2159123821603],[153.116761066473,-27.2157623121654],[153.116897066496,-27.2154653121768],[153.117111066531,-27.2150073121947],[153.117325026555,-27.2146413222133],[153.117442046585,-27.2143043122224],[153.117687036602,-27.2139613022444],[153.117894066621,-27.2136413022627],[153.118304066626,-27.2132514523009],[153.118988036662,-27.212389452363],[153.119490066597,-27.2124884624143],[153.119531056605,-27.2123904524177],[153.118998046696,-27.2121162923618],[153.118696986739,-27.2120232923308],[153.118358016796,-27.2118613122953],[153.117956006872,-27.2115903222527],[153.117497016986,-27.2110723222023],[153.117366057019,-27.2109214521879],[153.117086067092,-27.210575452157],[153.116730697204,-27.2099928321166],[153.116493047297,-27.2094534620883],[153.116403077339,-27.2091954620772],[153.116276057463,-27.2083134520574],[153.116291057516,-27.2078864520556],[153.116281017603,-27.2071973320491],[153.116352997639,-27.2068543420536],[153.116439207651,-27.206687712061],[153.116561007668,-27.2064533320714],[153.116772967656,-27.206363332092],[153.117006057613,-27.2065144621167],[153.117088067612,-27.2064544421245],[153.11690797765,-27.2063003421051],[153.116677997704,-27.2060643320801],[153.116474977761,-27.2057823420574],[153.116553057811,-27.2053244420616],[153.116696977849,-27.2049013320727],[153.117099057884,-27.2042834521083],[153.117063067895,-27.2042234521042],[153.116708977973,-27.203904332066],[153.116310078053,-27.2036034520235],[153.115993068132,-27.2032454519887],[153.115832068185,-27.2029634619702],[153.115757058229,-27.2026724519604],[153.115746078238,-27.2026084619588],[153.115675048279,-27.2023464419495],[153.115581058338,-27.201956451937],[153.115536058441,-27.2011774519262],[153.115687058505,-27.2005384619364],[153.115747058539,-27.2002244619399],[153.115939048568,-27.1998294519561],[153.115983068579,-27.1997054619596],[153.116142068614,-27.1992904519723],[153.116557068658,-27.1985944620086],[153.116754058676,-27.198288452026],[153.116535898749,-27.1978903320008],[153.116318908795,-27.1977063519775],[153.115940078868,-27.1974514519374],[153.115845068911,-27.1971874419257],[153.115771958943,-27.1969933619168],[153.115766918993,-27.1965973519131],[153.115775899049,-27.1961453619104],[153.11585706911,-27.1955944419142],[153.115382059207,-27.1952244418635],[153.115348049237,-27.1950164518584],[153.115160069289,-27.1947624418374],[153.115075899335,-27.1944687918266],[153.114998919397,-27.1940373518154],[153.114873949481,-27.1934753417984],[153.114792919539,-27.1930853417871],[153.114780909568,-27.1928673617842],[153.11477090962,-27.19246036178],[153.114829929656,-27.1921283617833],[153.114933079692,-27.1917554517907],[153.114767069761,-27.1913484517707],[153.114488909805,-27.1912273717418],[153.114285969839,-27.1911272717205],[153.114194939855,-27.191082371711],[153.113778909918,-27.1909313716679],[153.113430039999,-27.19058044163],[153.113195640013,-27.1906682316071],[153.112947920057,-27.190525371581],[153.112698910096,-27.1904213615551],[153.112436950126,-27.1904033615285],[153.112314970121,-27.1905463715174],[153.111928940131,-27.1907933614805],[153.11171494011,-27.1911363714616],[153.11146795009,-27.1915013914397],[153.111188940108,-27.1915973914123],[153.10989199026,-27.1914794012808],[153.10951699029,-27.1915553912436],[153.106891030649,-27.1909114109741],[153.106355070713,-27.1908574309197],[153.104619090814,-27.1915124207501],[153.104415090809,-27.1917264407312],[153.104415090666,-27.1928634207403],[153.103762140702,-27.1931204406766],[153.103783130689,-27.1932064506794],[153.103549090619,-27.1939644506618],[153.103616070591,-27.1941274506698],[153.104144120353,-27.1955704307345],[153.104165940206,-27.1967264607458],[153.104754140039,-27.1975554208117],[153.10439907005,-27.1977674507776],[153.104041080045,-27.1981094407443],[153.103794040032,-27.1984194507219],[153.10370206002,-27.198592440714],[153.103625119994,-27.1988594207083],[153.10339815997,-27.1992424206885],[153.103210149943,-27.1996144206725],[153.102915159947,-27.1998304406446],[153.100708190095,-27.2005144404278],[153.099989210135,-27.2007974603577],[153.098703240184,-27.2014954602338],[153.097678250207,-27.202171470136],[153.09672494024,-27.2027101500443],[153.096522290247,-27.2028264800248],[153.094996300337,-27.2033934898757],[153.093202360451,-27.2040004897],[153.092907920474,-27.2040637096708],[153.0926850505,-27.2040454496483],[153.092560070507,-27.2040974496361],[153.088720051073,-27.2028264392396],[153.088732060771,-27.2052164392598],[153.089333070585,-27.206192449328],[153.088835070642,-27.2061614592776],[153.088135430741,-27.2059575092056],[153.087885410764,-27.2059855191807],[153.087398460818,-27.2059715391316],[153.087123440862,-27.2058495291029],[153.086211040987,-27.2056264590094],[153.085187071132,-27.205336448904],[153.084540071237,-27.2050474388366],[153.084271071326,-27.2045644488057],[153.083624071474,-27.2039374387357],[153.083481461498,-27.2038595587207],[153.083066461575,-27.2035995586769],[153.08244607171,-27.2030464486101],[153.082194071746,-27.2029744485842],[153.081955511789,-27.202831568559],[153.081880501823,-27.2026245685498],[153.081668511846,-27.2026235685285],[153.081393481886,-27.2025365685002],[153.081150501926,-27.2024205684748],[153.080754511994,-27.2022175884333],[153.080576502038,-27.2020165884138],[153.080288482071,-27.2019975883847],[153.0799735221,-27.2020305883533],[153.07960951215,-27.201937588316],[153.078688542294,-27.2015715882204],[153.078310552347,-27.2014665781816],[153.0778365224,-27.2014465981337],[153.077542592443,-27.2013535981034],[153.077248542486,-27.201254608073],[153.076799562519,-27.2013725980288],[153.076362582554,-27.2014616079856],[153.076003562594,-27.2014485979494],[153.075658602642,-27.2013555979139],[153.075478622644,-27.2014916078969],[153.075055592686,-27.2015126078545],[153.074606602727,-27.2015676278098],[153.074343582744,-27.201652617784],[153.074016802789,-27.2015702977505],[153.073703592832,-27.2014946277184],[153.073395712865,-27.2014869676874],[153.073235622888,-27.201445617671],[153.073095462918,-27.2013250176559],[153.072755612942,-27.2014146376225],[153.072518652988,-27.2012526275973],[153.072314363019,-27.2011775175762],[153.072000613052,-27.2011816275447],[153.071802633081,-27.2011116175242],[153.071552393112,-27.2010819874988],[153.071257723142,-27.2010861474692],[153.070962993177,-27.2010558674394],[153.070630473225,-27.2009569774051],[153.070285663279,-27.2008176373694],[153.06983766336,-27.2005516473222],[153.069486673422,-27.2003546372853],[153.069185663458,-27.2003246472548],[153.068871903495,-27.2002944772231],[153.068552163544,-27.2001722671899],[153.068200673608,-27.1999586671529],[153.06761886369,-27.1997950470931],[153.067369963737,-27.1996330970668],[153.067230243778,-27.1994203370511],[153.066942183816,-27.1993617270216],[153.066666353843,-27.1993831069941],[153.066538753873,-27.1992506669802],[153.066360703912,-27.199089666961],[153.066021113955,-27.1990359069264],[153.065695714016,-27.1988276868921],[153.065517704055,-27.1986666768729],[153.065292784077,-27.1986767468504],[153.065080724095,-27.1987156868294],[153.064754154125,-27.1987483967968],[153.064363714179,-27.1986486767568],[153.06386421424,-27.1985889567061],[153.063204774326,-27.1984537066387],[153.062731144383,-27.1984053665907],[153.062275774435,-27.1983746965447],[153.061853684485,-27.1983320365019],[153.061642824522,-27.1982106364798],[153.061416124552,-27.1981671064566],[153.06127143457,-27.1981456464419],[153.060861764619,-27.1980975864004],[153.060598814651,-27.1980677063737],[153.060336454679,-27.1980662263473],[153.059913784728,-27.1980357163046],[153.059869764753,-27.1978687162988],[153.059665984789,-27.1977584962775],[153.059345804832,-27.1976827162447],[153.059076214859,-27.1976928762177],[153.058865104891,-27.1976228861959],[153.058520064947,-27.19746649616],[153.058213144994,-27.1973501061282],[153.057988815014,-27.1973837261059],[153.057816205041,-27.197307896088],[153.057553435072,-27.1972837260614],[153.057291515115,-27.1971617960341],[153.057061855155,-27.19704073601],[153.056556515235,-27.1968312359576],[153.056339965273,-27.1967054359348],[153.056128845309,-27.1965997259128],[153.055489835413,-27.1963097458463],[153.055066915462,-27.1962787558035],[153.054477875535,-27.1961957457436],[153.054189895578,-27.1960907557139],[153.053876865623,-27.1960027556817],[153.053306885698,-27.1958857556235],[153.053198875732,-27.1957077556113],[153.053365865731,-27.1955707556269],[153.053065875765,-27.1955517555967],[153.052775915783,-27.1956537455683],[153.052584915813,-27.1955777555485],[153.052341895852,-27.1954737655233],[153.051925905908,-27.1953797654807],[153.051343915996,-27.1951647754206],[153.051036916033,-27.1951287753894],[153.050786926061,-27.1951217653643],[153.050633956097,-27.1949594853476],[153.050403966135,-27.1948497753236],[153.050115946173,-27.1947917752942],[153.04978295622,-27.1947037952601],[153.049245936287,-27.1946207852055],[153.04898294633,-27.1944987951781],[153.048380956397,-27.1944727851174],[153.048285946436,-27.194242795106],[153.048158996466,-27.1941097950922],[153.047851006495,-27.1941427950615],[153.04771099652,-27.1940568150468],[153.047383996554,-27.194065805014],[153.047023996579,-27.1941728049787],[153.046747976591,-27.194303804952],[153.046477956594,-27.1945078049265],[153.046131016608,-27.1946898048931],[153.045771016631,-27.1948138148579],[153.045469016639,-27.195001804829],[153.045127996646,-27.1952348147966],[153.045017986638,-27.1953888147868],[153.044741066622,-27.1957494547619],[153.04449808666,-27.1956524547367],[153.04413804669,-27.195716834701],[153.043875066708,-27.1957958246752],[153.043604056706,-27.19604082465],[153.043200036731,-27.1961868246105],[153.04301505678,-27.1959508245901],[153.042720056797,-27.1960648145613],[153.042572056795,-27.1962008345476],[153.042155076833,-27.1962558345061],[153.041821066865,-27.1962768244727],[153.041514066895,-27.1962988244421],[153.041277066933,-27.1961998544175],[153.041065076932,-27.1963878443977],[153.040744096953,-27.1964838443662],[153.040519106968,-27.1965568443442],[153.039910107037,-27.1965248442828],[153.039309097111,-27.1964418442218],[153.038975127146,-27.1964448441882],[153.038456127193,-27.1965058541366],[153.038237127196,-27.1966708641159],[153.038159167174,-27.19691086411],[153.038031157186,-27.1969218640972],[153.037749127231,-27.1967998640679],[153.03748716728,-27.1966318640403],[153.037201147347,-27.1963378640092],[153.036826117442,-27.1959008739681],[153.036515057516,-27.1955744439343],[153.036414067543,-27.1954424439231],[153.036337047575,-27.1952514439138],[153.03633106758,-27.195220443913],[153.036004057668,-27.1947914438768],[153.035921057697,-27.1946314338671],[153.035853057716,-27.1945414338596],[153.03564106777,-27.1942904438363],[153.03558405778,-27.1942554438303],[153.035217087876,-27.1937994337899],[153.035138057906,-27.1936294437806],[153.035102077913,-27.1936004537767],[153.034921067954,-27.1934324537572],[153.034867087969,-27.1933594537512],[153.034727068003,-27.1932024437359],[153.034238158128,-27.1926159036822],[153.033750148257,-27.1920029036283],[153.03330017839,-27.1913258935777],[153.033043178471,-27.1908998935485],[153.032680188617,-27.1900379235053],[153.032166158799,-27.1890229234456],[153.031578068989,-27.1880064433785],[153.031566058997,-27.1879544333769],[153.031554059001,-27.1879324433755],[153.031521059016,-27.1878384433714],[153.031501059027,-27.1877704333689],[153.031471059042,-27.1876734433651],[153.031422069066,-27.187524443359],[153.031390059085,-27.1873984333548],[153.031370059103,-27.1872724533518],[153.031362069115,-27.1871884433503],[153.031364069119,-27.1871484433502],[153.031333079136,-27.1870464333463],[153.031241069155,-27.1869664433364],[153.031169049173,-27.1868854533285],[153.03078506931,-27.1861224332839],[153.030731049328,-27.1860204432777],[153.030695069341,-27.1859494432735],[153.030648049363,-27.1858094332677],[153.030619069376,-27.1857324432641],[153.030603089384,-27.1856844532622],[153.030584069392,-27.1856314432598],[153.030529059414,-27.1855054432533],[153.030274179546,-27.1846719432211],[153.030111169626,-27.1841719432008],[153.029992149694,-27.1837249331853],[153.029822129775,-27.1832249431642],[153.029698069862,-27.1826424431472],[153.029657079938,-27.1820694331385],[153.029633059969,-27.1818444431343],[153.029522060079,-27.1810564531169],[153.029512060125,-27.1807034331131],[153.029479070156,-27.180478443108],[153.029495050202,-27.1800984531066],[153.029514070262,-27.1796054431046],[153.029498080346,-27.1789484530977],[153.029607110385,-27.1785469431055],[153.029827130413,-27.1781409631244],[153.03017512041,-27.1778739531572],[153.030612100394,-27.1776299531991],[153.030694120394,-27.1775639532068],[153.030663130413,-27.1774319532027],[153.030509100443,-27.1773229531863],[153.03057312045,-27.1772129431919],[153.030641120444,-27.1772059531987],[153.030884140417,-27.1772129432231],[153.031147080397,-27.1771569532491],[153.031161060412,-27.1770249532494],[153.030989070452,-27.1768469632307],[153.030676120502,-27.1767129431983],[153.030395110562,-27.1764769631682],[153.030326090605,-27.176189953159],[153.030482090623,-27.1759149531724],[153.030438070658,-27.1756739531661],[153.030600090664,-27.1754919531809],[153.030773070652,-27.1754349531978],[153.031004070646,-27.1752879532199],[153.031198070642,-27.1751569532383],[153.031244100665,-27.1749339532412],[153.031366080668,-27.1748139632525],[153.031772070663,-27.1745069532908],[153.032047100624,-27.174587943319],[153.032246020625,-27.1744119533376],[153.032319060659,-27.1740799533423],[153.032371070675,-27.1739079633462],[153.032417060684,-27.1737999533499],[153.03218007071,-27.1737929633261],[153.032186050719,-27.173711953326],[153.032258030729,-27.1735749633322],[153.032246020749,-27.1734259633298],[153.032305040768,-27.1732199633341],[153.032403050795,-27.1729229433415],[153.032487070813,-27.1727109533483],[153.032426040878,-27.1722409633384],[153.032241060905,-27.1721819433194],[153.032229050924,-27.1720449533171],[153.032383040915,-27.1719829633321],[153.032614050906,-27.1718579533543],[153.032794030905,-27.1717149533712],[153.033059020912,-27.1714359533956],[153.033189000932,-27.1711669634065],[153.033452020932,-27.1709449634312],[153.03361401094,-27.1707449634458],[153.033583020966,-27.1705679534413],[153.033624011009,-27.1701899634424],[153.033702011035,-27.1699149534481],[153.033895021033,-27.1697729534663],[153.033807021069,-27.1695599634558],[153.034083031054,-27.1694409534826],[153.034276011057,-27.1692589435005],[153.034553991067,-27.1689399535259],[153.034753971088,-27.1686079535433],[153.035064991112,-27.1681509635709],[153.035264971134,-27.1678139535883],[153.035246981158,-27.1676309435851],[153.035337981176,-27.1674129635925],[153.035487001193,-27.1671509436054],[153.035791961229,-27.1666079536317],[153.036049941243,-27.166276953655],[153.036363951225,-27.1661579536855],[153.036435971235,-27.1660209436917],[153.036308951277,-27.1657909536771],[153.036457941281,-27.1656309536908],[153.036586971293,-27.1654259537021],[153.036510981328,-27.1652129636928],[153.036423961386,-27.164828953681],[153.036271971455,-27.1644039536624],[153.035941941546,-27.1639549636257],[153.035584931619,-27.1636779735876],[153.035207961669,-27.1635959635491],[153.035422071775,-27.1625674435624],[153.036407061801,-27.1615304436531],[153.0381450818,-27.1600784538161],[153.03947707177,-27.1591964439429],[153.04046206173,-27.1586784440377],[153.041447051581,-27.1590404341395],[153.042313091464,-27.1592424342281],[153.043385061369,-27.1590944343346],[153.04386908168,-27.1562104543603],[153.041498082237,-27.1537744441028],[153.043017062379,-27.1513564442361],[153.045525672549,-27.1478899344606],[153.045827712545,-27.1476679344892],[153.046194942532,-27.1474670545245],[153.04703867257,-27.1464479346011],[153.047201612605,-27.1460359346142],[153.047704612619,-27.1454999346605],[153.047872622644,-27.1451629346747],[153.04843673266,-27.1445566947266],[153.049030152771,-27.1431719347752],[153.049944182919,-27.1412219248515],[153.050517083032,-27.1398394548981],[153.050874053106,-27.1389544549269],[153.051641173245,-27.1371986549901],[153.052299493402,-27.1353979950419],[153.052797463481,-27.1343439950836],[153.053681413651,-27.1322520151557],[153.053882423679,-27.1318580151728],[153.054200413728,-27.1311950151995],[153.054770393807,-27.130091005248],[153.054846393822,-27.1299090752542],[153.055114413875,-27.129262005276],[153.055607373959,-27.1281760353169],[153.056066364004,-27.1274330353571],[153.056590364059,-27.1265530354028],[153.05704233409,-27.1259250254432],[153.057462344131,-27.12524502548],[153.057735324176,-27.1246560255028],[153.058097264219,-27.124011035534],[153.058446314256,-27.1234180355644],[153.058635304275,-27.123113025581],[153.059101234331,-27.1222690256211],[153.059315264345,-27.1219770356403],[153.059566274361,-27.1216390256628],[153.059833234388,-27.1212000356862],[153.060071214408,-27.1208450457073],[153.06031160442,-27.120544115729],[153.060806144439,-27.1199748757742],[153.061571004503,-27.118824655842],[153.062241184547,-27.1179140359021],[153.062608154535,-27.1176980259373],[153.063050164522,-27.1174300359796],[153.063124154524,-27.1173500359864],[153.063184154532,-27.1172420359915],[153.063168174549,-27.1171180359889],[153.063127144574,-27.1169550259835],[153.063054184602,-27.1167920259749],[153.062980154634,-27.1165960359659],[153.062932164658,-27.1164450359599],[153.062892154673,-27.1163610259552],[153.062840144685,-27.1163110259495],[153.063041334723,-27.115834145966],[153.063463314758,-27.1152003260034],[153.063660114869,-27.1141510360148],[153.063813124877,-27.1139620260287],[153.064568094877,-27.1133260360995],[153.064613094864,-27.1133930361046],[153.064757084856,-27.1133340261186],[153.064936084858,-27.1131670261352],[153.06510106487,-27.11293303615],[153.065173084884,-27.1127620261559],[153.065288094898,-27.1125510061657],[153.065502094908,-27.1122980061852],[153.065769054905,-27.1120960262105],[153.065971074913,-27.1118610162289],[153.066163064916,-27.1116760162467],[153.066322064926,-27.1114650062611],[153.066530074935,-27.11121801628],[153.066677064943,-27.1110290162933],[153.066758094941,-27.110976016301],[153.066849054917,-27.111088016311],[153.066828064898,-27.1112630263103],[153.066756044884,-27.1114330163044],[153.066667064865,-27.1116550162973],[153.06662004485,-27.1118140062938],[153.06663008483,-27.111967026296],[153.066770064811,-27.1120030263104],[153.066981034803,-27.1118860063307],[153.067193064795,-27.1117700163511],[153.067430054782,-27.1116800163742],[153.067701034759,-27.111629986401],[153.067959054734,-27.1116189964269],[153.068191044715,-27.1115699964498],[153.068320034721,-27.1114149964615],[153.068305034736,-27.1113079964592],[153.068270034755,-27.1111849864547],[153.068191044785,-27.1110169864454],[153.068200024804,-27.110858006445],[153.06820101483,-27.1106439964434],[153.068311024838,-27.1104899964533],[153.06849005484,-27.11032799647],[153.06859302485,-27.110161996479],[153.068631054876,-27.1099189964809],[153.068698034886,-27.1097819864866],[153.068811984903,-27.1095539964962],[153.068934004911,-27.1093879965072],[153.069002004915,-27.1092969865133],[153.069256004912,-27.1091059965373],[153.0696780149,-27.1088489965777],[153.070225994884,-27.1085169966301],[153.07062198488,-27.1082159766676],[153.071082974866,-27.1079419767117],[153.071453964866,-27.1076299767466],[153.071942954861,-27.1072539767927],[153.072160644863,-27.1070590068131],[153.072420924853,-27.1069169868381],[153.072689964834,-27.1068449868646],[153.072934954813,-27.1068059668889],[153.073162924787,-27.106817956912],[153.073453944751,-27.1068639669416],[153.073680904728,-27.1068539569643],[153.073961914712,-27.1067469469917],[153.0742428947,-27.1066109570189],[153.074541894687,-27.1064589570478],[153.074690894684,-27.1063549570619],[153.074876894684,-27.1062039570794],[153.075041914689,-27.1060199570946],[153.0751208947,-27.1058719571013],[153.07516188471,-27.1057529671045],[153.075681064708,-27.1053354571534],[153.076822094673,-27.1046594472628],[153.077138074666,-27.1044434372929],[153.077491064661,-27.1041884573263],[153.077743054653,-27.1040394373505],[153.078002064647,-27.1038684473752],[153.079423084598,-27.1030684475117],[153.079722084584,-27.1029284375407],[153.079972074579,-27.1027604375645],[153.080178084569,-27.1026694375845],[153.080276084567,-27.1026034475938],[153.080598084551,-27.1024604476251],[153.081372074503,-27.1021904577008],[153.083042094432,-27.1013554378622],[153.085260084345,-27.100185448076],[153.088168074234,-27.0986224583562],[153.090691064141,-27.0972454485991],[153.092358064076,-27.0963684487599],[153.092638084066,-27.0962094487868],[153.093208074057,-27.0958064388409],[153.093951064028,-27.0954114489126],[153.094822063997,-27.0949324489964],[153.094976063991,-27.0948494590113],[153.097026083906,-27.0938064392093],[153.099069063811,-27.0928454394073],[153.099615063764,-27.0927664494616],[153.100191073715,-27.0926674495188],[153.1004340837,-27.0925824495426],[153.102530063571,-27.0918554497478],[153.103176073537,-27.0915854498107],[153.103625063546,-27.0911394498524],[153.103881073553,-27.090867439876],[153.104171063576,-27.0904364499018],[153.104801343568,-27.0899767599616],[153.105122293535,-27.0899647499938],[153.105354283516,-27.0899257500168],[153.105668293491,-27.0898577500479],[153.105956283474,-27.0897567600761],[153.106281313457,-27.0896197501078],[153.106587293437,-27.0895237301378],[153.106800233421,-27.0894687301588],[153.107038253408,-27.089373730182],[153.107268233398,-27.0892627302043],[153.107549283387,-27.0891097402314],[153.107935273372,-27.0889047402686],[153.108140253366,-27.0887827302883],[153.108482223352,-27.0886067403213],[153.108769223341,-27.088454750349],[153.109129223332,-27.0882217203834],[153.109272233331,-27.088116710397],[153.109300223345,-27.0879807203987],[153.10927223336,-27.0878857203951],[153.109189233376,-27.0878257503863],[153.109044213389,-27.0878447503719],[153.108832223401,-27.0879227403511],[153.108530223427,-27.0879737503211],[153.108316223451,-27.0879607402995],[153.108194243475,-27.0878677402864],[153.108176213501,-27.0876817402831],[153.108655093476,-27.0874794403298],[153.111257063306,-27.0866494405852],[153.112124163251,-27.0863577206702],[153.113340083172,-27.0859684607896],[153.114421073089,-27.0857214508965],[153.114503083082,-27.0857134509047],[153.115902052964,-27.0854764510437],[153.117022052874,-27.0852504511547],[153.118041062787,-27.0850944412561],[153.11848206275,-27.0850184512999],[153.118767082724,-27.0849824413284],[153.119763062617,-27.0850054614289],[153.120898062477,-27.0851614515445],[153.121175062434,-27.0852734515733],[153.121379062403,-27.0853514515945],[153.121524072356,-27.085599461611],[153.121540062294,-27.0860784616164],[153.121572072289,-27.0860914416198],[153.121641062264,-27.0862324516279],[153.12173508225,-27.0862714516376],[153.122329082171,-27.0863994516985],[153.122399052166,-27.0863784517054],[153.122458072161,-27.0863734617113],[153.122509062149,-27.0864264417169],[153.122540092146,-27.0864174517199],[153.122553082144,-27.0864234517213],[153.122551082136,-27.0864914517216],[153.122538082135,-27.0865134517205],[153.122491072139,-27.0865144517158],[153.122492052137,-27.086534451716],[153.122541072126,-27.0865774617213],[153.122649082114,-27.0865854517322],[153.122730072102,-27.0866114417406],[153.122759092103,-27.0865814517433],[153.122778072108,-27.0865244617447],[153.122773072113,-27.0864864617439],[153.122754092119,-27.0864534517418],[153.12276007212,-27.0864424517423],[153.122729092127,-27.0864134617389],[153.122795082118,-27.0864284617457],[153.122778072118,-27.0864434417441],[153.122824062105,-27.0865074517492],[153.122922062095,-27.0865104517591],[153.122920052098,-27.0864874617588],[153.123001082084,-27.0865254617672],[153.123187092059,-27.0865714517863],[153.123250092051,-27.0865784617927],[153.123268082051,-27.0865674517944],[153.123470072026,-27.086594441815],[153.123598082006,-27.0866514618284],[153.123630091999,-27.0866764518318],[153.123713021992,-27.08666263184],[153.123816061969,-27.0867594418512],[153.123871061964,-27.0867534518567],[153.12396308195,-27.0867874518662],[153.124081081942,-27.0867514518778],[153.124168061934,-27.0867414418865],[153.124272091921,-27.0867584418971],[153.124267091925,-27.0867314518964],[153.124320081915,-27.086768451902],[153.124388081906,-27.086785451909],[153.124400061909,-27.0867484519099],[153.124424071906,-27.0867534519124],[153.124447071906,-27.0867364519146],[153.124583071888,-27.0867634619285],[153.124620081889,-27.0867254619319],[153.124658071886,-27.0867164519357],[153.124636061891,-27.0866934519333],[153.124802071878,-27.0866614519498],[153.124916061867,-27.0866504619612],[153.124972081865,-27.0866204519666],[153.125113081854,-27.0865854519805],[153.125292081838,-27.0865674519984],[153.125496081817,-27.0865634520189],[153.125657081798,-27.0865814520353],[153.125810091786,-27.0865454520504],[153.125929081781,-27.0864874620619],[153.126120081765,-27.0864534520809],[153.126395071737,-27.0864454421086],[153.12673909171,-27.0863754621427],[153.127132081668,-27.0863774621823],[153.127328091647,-27.086375462202],[153.127817081591,-27.0864164522516],[153.128191051535,-27.0865484522904],[153.128665081476,-27.0866174623387],[153.129090091421,-27.0867014523822],[153.129606091349,-27.0868424524353],[153.129874911307,-27.0869485924632],[153.130181911278,-27.0869196024939],[153.130761061243,-27.0867194525507],[153.131169051223,-27.0865324525904],[153.131449081203,-27.086454452618],[153.13242407113,-27.0862224427144],[153.132743081104,-27.0861654527461],[153.132884081096,-27.0861044527598],[153.133027091104,-27.0859264427728],[153.133114871118,-27.0857365827802],[153.133223861136,-27.0855075727893],[153.133306861155,-27.0852835727959],[153.13349290116,-27.0850885828131],[153.133703831156,-27.0849405828332],[153.133979841143,-27.0848195528601],[153.134228851133,-27.0846885528841],[153.134510851126,-27.0845105529111],[153.134875851112,-27.0843165629464],[153.135170841098,-27.084173552975],[153.135490801092,-27.0839555530055],[153.135881821076,-27.0837555630433],[153.136278801068,-27.0834925530812],[153.136675811049,-27.0833095631198],[153.137206771022,-27.0830805531715],[153.137705770991,-27.0829035432204],[153.138121790966,-27.0827605432612],[153.138455770948,-27.0826175332937],[153.138973740923,-27.0823885433441],[153.13951773089,-27.0821945333974],[153.140138750856,-27.0819425434581],[153.140772710814,-27.0817485135204],[153.141316710782,-27.0815425235736],[153.141720730766,-27.0813315236127],[153.14189370078,-27.0810795236281],[153.142348710759,-27.0808675336723],[153.142687690736,-27.0807645237057],[153.142853690755,-27.0804775137201],[153.142706670805,-27.0802025337031],[153.14253468084,-27.0800655136847],[153.1422596909,-27.079818523655],[153.142163660951,-27.0794975136428],[153.142003681021,-27.0790735336233],[153.141997691094,-27.0785005336181],[153.142100691116,-27.0782365136264],[153.142318671129,-27.0779505236461],[153.142529641143,-27.0776645136651],[153.142721671162,-27.0773495136819],[153.14292665117,-27.0771145237007],[153.143144671173,-27.0769085337211],[153.143323631185,-27.0766675337372],[153.143567631183,-27.0764735237603],[153.143798601196,-27.0761815137813],[153.144079611209,-27.0758375238068],[153.144208641233,-27.0755455238175],[153.144163601262,-27.0753505138114],[153.144009611308,-27.075109513794],[153.143863611363,-27.0748005337768],[153.143613621435,-27.0744335437487],[153.143319611489,-27.0742495437176],[153.143018631527,-27.0742035336869],[153.142685611584,-27.0740255436519],[153.142436681636,-27.0738195436251],[153.142148071724,-27.0733634535924],[153.141579071812,-27.0731414535333],[153.140594081955,-27.0728254534314],[153.139541062117,-27.072419453322],[153.138803072232,-27.0721284632453],[153.138168692325,-27.0719195831797],[153.137826072426,-27.071397453141],[153.137398072544,-27.0708234530933],[153.137332082594,-27.0704784430839],[153.13724408262,-27.070345453074],[153.136448092762,-27.06988245299],[153.137439062761,-27.0690614630834],[153.136886082868,-27.0686694630245],[153.136005082842,-27.0696164629433],[153.135854702876,-27.069470582927],[153.135707722925,-27.06920159291],[153.135470722987,-27.0689086128838],[153.135176723053,-27.0686336128519],[153.134747703143,-27.0682776128059],[153.134558083183,-27.0681124427854],[153.134501063199,-27.0680394627791],[153.134364083248,-27.0677644627631],[153.134176073289,-27.0675944427428],[153.133993063345,-27.067297442722],[153.133858083395,-27.0670174527062],[153.133708073449,-27.0667114626886],[153.13342307352,-27.0663834526573],[153.133170063578,-27.0661344626298],[153.132909083623,-27.0660004526024],[153.13274907364,-27.0659974525863],[153.132561053643,-27.0661264525683],[153.132551053612,-27.0663834525694],[153.13184306372,-27.0661164624959],[153.131430063794,-27.0658714424523],[153.131016083854,-27.0657404524096],[153.130672073913,-27.0655594423734],[153.130272073986,-27.0653144523312],[153.130006054041,-27.0651054523027],[153.129656064106,-27.0648794622656],[153.129089064192,-27.0646654522068],[153.12876505425,-27.0644784521727],[153.12846407429,-27.0644114421418],[153.128217084339,-27.0642254421154],[153.127670054429,-27.0639674420582],[153.127396084474,-27.0638434620296],[153.127225084509,-27.0637104620114],[153.127042074555,-27.0634914619912],[153.126590064657,-27.0630654619422],[153.126298794712,-27.0628676719113],[153.126062784749,-27.0627696618868],[153.125698764791,-27.0627386718498],[153.125562764792,-27.062848671837],[153.125352784792,-27.0630226718172],[153.125117794793,-27.063212661795],[153.124899784803,-27.0633136717739],[153.124697794825,-27.0633116917535],[153.124507774848,-27.0632816917341],[153.124273804876,-27.0632576917104],[153.124013814911,-27.0631946816837],[153.123703784951,-27.063139681652],[153.123471794969,-27.063188691629],[153.123206804996,-27.0631936816023],[153.122986525027,-27.0631311315797],[153.122391795125,-27.0628547115175],[153.122003835179,-27.0627437114776],[153.121821845199,-27.0627417114592],[153.121600875219,-27.0627627014371],[153.121319825239,-27.0628417014094],[153.121098855261,-27.0628517113872],[153.120845835293,-27.0628117113614],[153.120548875327,-27.0627887013313],[153.119798875404,-27.0628037212559],[153.119414895441,-27.0628337312174],[153.118968895479,-27.0629047311731],[153.118441875521,-27.0630107211209],[153.118021905551,-27.0631207210794],[153.117816925557,-27.0632427210597],[153.117449915572,-27.0634367110243],[153.117180905587,-27.063537730998],[153.116854895613,-27.0636057309657],[153.116534895641,-27.0636517409338],[153.116137955679,-27.0636817508941],[153.115785955711,-27.063722740859],[153.115428945735,-27.0638317508239],[153.115072965756,-27.063956730789],[153.114734935777,-27.0640767407559],[153.114371975801,-27.0641907407203],[153.114062965832,-27.0641967506892],[153.113792975858,-27.0642187706622],[153.113559965879,-27.0642457606389],[153.113397975885,-27.0643337606233],[153.113381985871,-27.0644577706227],[153.113116995903,-27.0644297605958],[153.112908985925,-27.0644277605748],[153.112681995946,-27.0644497605521],[153.112444015966,-27.0644877605284],[153.112194025981,-27.064582750504],[153.111887025999,-27.064695750474],[153.111619006013,-27.0648087504479],[153.111345036025,-27.0649377504214],[153.111057996038,-27.0650797703936],[153.110841006042,-27.0652247803729],[153.110649056046,-27.0653577703546],[153.110537066045,-27.0654557703441],[153.11040205604,-27.0656117803317],[153.110172036051,-27.0657117703094],[153.109927046067,-27.0657897902853],[153.10972103608,-27.0658617702652],[153.109465066094,-27.0659677702402],[153.109221066109,-27.0660517802163],[153.108984066124,-27.0661297801931],[153.108632066154,-27.0661877801581],[153.108317066183,-27.0662217801266],[153.107612066253,-27.0662528000559],[153.107119096309,-27.066222800006],[153.106707086363,-27.0661347899638],[153.106342126402,-27.0661307999271],[153.105792106465,-27.0660907998714],[153.105310126529,-27.065986809822],[153.105095096559,-27.0659228197998],[153.104599136631,-27.0657698097487],[153.104129166697,-27.0656378097003],[153.103730146752,-27.0655318196593],[153.103190126827,-27.0653898296038],[153.102849146868,-27.0653458395691],[153.102414176914,-27.0653428295253],[153.101851166981,-27.0652868294682],[153.101421197034,-27.0652218394244],[153.101015167089,-27.0651278393828],[153.100709187139,-27.0649868493508],[153.100096167246,-27.0646428592864],[153.099418217365,-27.0642668492152],[153.098906197458,-27.0639498491611],[153.099504177367,-27.0641808592231],[153.099925207298,-27.0643758492671],[153.100275167244,-27.0645098393034],[153.10063717719,-27.0646388493408],[153.101100137132,-27.064713829388],[153.101491167086,-27.0647518194277],[153.101807187051,-27.0647628294596],[153.102177187019,-27.0647048294964],[153.102542146985,-27.0646698295328],[153.102927146947,-27.0646508295714],[153.103274156909,-27.0646608196065],[153.10372215686,-27.0646798196517],[153.104125146817,-27.0646838196923],[153.104446096788,-27.0646438197243],[153.10475908677,-27.0645298097549],[153.105094116758,-27.0643378097871],[153.105456086743,-27.0641558098221],[153.105907116711,-27.0640338198666],[153.106365086673,-27.0639568099121],[153.106819066629,-27.0639257999575],[153.107259076588,-27.0638837900015],[153.107767086549,-27.0637657900517],[153.108226036507,-27.0637178000976],[153.10866505647,-27.0636468001412],[153.109022026445,-27.0635447901763],[153.109864086381,-27.0633474502596],[153.110904076296,-27.0631534403628],[153.111327076284,-27.0628974604033],[153.111442086308,-27.0626104504126],[153.110964086445,-27.0619134403589],[153.110403076532,-27.0616964603007],[153.109942086656,-27.0610954502495],[153.109121016778,-27.0608107901646],[153.108854016817,-27.060725800137],[153.108442996867,-27.0606658000951],[153.108189056901,-27.0606087900691],[153.107828036948,-27.0605428200322],[153.107285067012,-27.0604858199771],[153.106983027039,-27.060524819947],[153.106721067052,-27.0606378099215],[153.10633204708,-27.0607408198832],[153.105992057117,-27.0607308098488],[153.105630087165,-27.0606528198118],[153.105204057232,-27.0604748297675],[153.104910087282,-27.0603228297367],[153.104668057322,-27.0602088297114],[153.10428005738,-27.0600698296712],[153.103896077448,-27.0598518396308],[153.103423107531,-27.0595898295811],[153.103177097591,-27.0593178595542],[153.103017117622,-27.0592028395372],[153.102819107654,-27.0591168495165],[153.102489117701,-27.0590158394825],[153.102240107742,-27.0588958494565],[153.101981107777,-27.05883884943],[153.10149108784,-27.0587464493799],[153.100481067987,-27.0584254492757],[153.099830088061,-27.0583814392098],[153.09930408815,-27.0581124491547],[153.098902078254,-27.0576194491103],[153.098225078446,-27.0566554490345],[153.097698088626,-27.0556684489736],[153.096846068797,-27.0550194588827],[153.096019088912,-27.0547954587977],[153.096665139035,-27.0532758988506],[153.096731129013,-27.0533928988582],[153.096853148988,-27.0534868988712],[153.096981158964,-27.0535748988848],[153.097065138943,-27.053668898894],[153.097112118926,-27.0537699088995],[153.097197158901,-27.0538979089091],[153.097306148877,-27.0539919089208],[153.097492118845,-27.0540948789403],[153.097527558838,-27.0541228689441],[153.097806128781,-27.0543428889739],[153.097917158751,-27.0544878889863],[153.098067138706,-27.0547158890032],[153.098178138676,-27.0548658890155],[153.098309138638,-27.0550558790302],[153.098368118618,-27.0551678790371],[153.098447138592,-27.0553068890461],[153.098539118567,-27.0554298990564],[153.098662128536,-27.0555738790699],[153.098854148501,-27.0556888990901],[153.099064138468,-27.055780879112],[153.099350148427,-27.0558648691415],[153.099887098364,-27.0559168691959],[153.100197128323,-27.0559838592277],[153.10043208829,-27.0560528692519],[153.100655098257,-27.0561278592749],[153.10086409823,-27.0561628692962],[153.101091088202,-27.0561978693194],[153.101289098173,-27.0562678693399],[153.101550118131,-27.056380869367],[153.101752108106,-27.0564058493876],[153.101915118093,-27.0563798494038],[153.102085098078,-27.0563538394207],[153.102207078053,-27.0564528494337],[153.102291068032,-27.0565478494429],[153.102482068003,-27.0566168594627],[153.102761077967,-27.0566738594913],[153.102942077954,-27.0566248495091],[153.10304807795,-27.0565668495193],[153.103190097922,-27.0566708595344],[153.103350077888,-27.0568028595516],[153.103548047856,-27.0568958595723],[153.103802087819,-27.0569808395985],[153.104025067785,-27.0570608596216],[153.10425406775,-27.0571468296453],[153.104527057712,-27.0572208296734],[153.104731047679,-27.0573128296947],[153.10519503761,-27.0574728297427],[153.105532047558,-27.0576078297777],[153.105838057511,-27.0577258398094],[153.106174047462,-27.0578318298441],[153.106485057418,-27.0579218098761],[153.106764027385,-27.0579558099045],[153.107047997352,-27.0579728099332],[153.107331017325,-27.0579558099616],[153.107589037303,-27.0579118199872],[153.107850997287,-27.0578218200129],[153.108094997274,-27.0577208100366],[153.108357037258,-27.0576318200623],[153.108601037243,-27.0575478100862],[153.108875957226,-27.0574468201131],[153.109301987199,-27.0573087901549],[153.109595957179,-27.0572177901838],[153.109951977157,-27.0570978002187],[153.110227947138,-27.0570137902458],[153.110471957118,-27.05696980027],[153.110692957097,-27.0569538002922],[153.110892947083,-27.0568998003119],[153.111142937071,-27.0567868003361],[153.11137795707,-27.0565968003583],[153.111531947071,-27.0564577903727],[153.111823947065,-27.0562658004006],[153.112094927067,-27.0560177904259],[153.112271917081,-27.0557607904417],[153.112386927095,-27.0555498004516],[153.112467887122,-27.0552658004575],[153.112520917168,-27.0548588004596],[153.112556907207,-27.0545187904605],[153.112648927245,-27.0541388004668],[153.112683887287,-27.0537718004674],[153.112663887329,-27.0534558004628],[153.112643887368,-27.0531628004585],[153.11261191741,-27.0528588004528],[153.112440907495,-27.0523207904313],[153.112384887531,-27.0520848004238],[153.112249867591,-27.0517198004073],[153.112133877652,-27.0513278003925],[153.111968897711,-27.0510027903733],[153.111723867792,-27.0505567903451],[153.111418877871,-27.0501848103114],[153.111108917945,-27.0498578102776],[153.11071190802,-27.0495948102355],[153.110505898061,-27.0494398202135],[153.110193938108,-27.0493218101812],[153.109966908132,-27.0493268201584],[153.109703888153,-27.0493768101323],[153.109635888183,-27.049191810124],[153.109550918209,-27.0490578101143],[153.109388928249,-27.0488748300966],[153.109233908289,-27.0486868300795],[153.109092908314,-27.0486048400646],[153.108884938336,-27.0486088400437],[153.108810918333,-27.0486948200369],[153.108627898354,-27.0486808400184],[153.108613928361,-27.0486358300166],[153.108724918362,-27.048532840027],[153.108888918347,-27.0485178300434],[153.109044918338,-27.0484528200586],[153.10906093835,-27.0483458400593],[153.109038888368,-27.0482218300561],[153.108984908393,-27.0480648200494],[153.108898918425,-27.0478858400393],[153.108787918451,-27.0477728400273],[153.108740938468,-27.0476748300218],[153.108669918491,-27.0475518400136],[153.108627898518,-27.047371830008],[153.108532928563,-27.0470918399962],[153.10841889861,-27.0468168299825],[153.108297908666,-27.0464698299676],[153.108131908723,-27.0461518299483],[153.107979918779,-27.0458328599305],[153.107840928826,-27.0455808499145],[153.107658898875,-27.0453418498942],[153.107395918925,-27.0451608398663],[153.107242908951,-27.0450848398503],[153.106993908995,-27.0449378398241],[153.106794909033,-27.044805849803],[153.106529919093,-27.0445508397743],[153.106302929151,-27.0442738397492],[153.106115899193,-27.044102849729],[153.105928949235,-27.0439198597087],[153.105626949298,-27.0436718696764],[153.105481969315,-27.0436578596616],[153.10534695934,-27.0435758696474],[153.105230959366,-27.0434648696348],[153.105117949396,-27.0433218696223],[153.105093939409,-27.0432348596192],[153.10507696943,-27.0430788696163],[153.105033969463,-27.0428588696102],[153.104950929509,-27.0425558795994],[153.104932969541,-27.0423198695957],[153.10489592957,-27.0421168695904],[153.104735949636,-27.0417248695712],[153.104615929683,-27.0414508695569],[153.104519899734,-27.0411308795447],[153.104427919762,-27.0409798795342],[153.104289949803,-27.0407688895186],[153.104179939831,-27.0406408895065],[153.103996969887,-27.0403508794858],[153.103801949938,-27.0401068794642],[153.103575939986,-27.0399078794399],[153.103431950028,-27.0396958894237],[153.103376980059,-27.0394938894166],[153.103338940096,-27.0392298894106],[153.103315910143,-27.0388818894056],[153.103332920189,-27.0385008794042],[153.103329750208,-27.0383452594027],[153.103315910289,-27.0377178893963],[153.103257910334,-27.0374028893879],[153.103130900386,-27.0370999093728],[153.10306092043,-27.0368029093633],[153.103007890479,-27.0364588993553],[153.102954930531,-27.036087909347],[153.102909920575,-27.03577789934],[153.102793930636,-27.0353908993252],[153.102652930693,-27.0350499093083],[153.102463890746,-27.0347879092872],[153.102225910798,-27.0345728992615],[153.102003920826,-27.0345368992389],[153.101981910845,-27.0344019092356],[153.101955890855,-27.0343469092326],[153.101845910877,-27.0342638992208],[153.101731890896,-27.0342039192089],[153.101572930918,-27.0341619291925],[153.101406930945,-27.0340859291752],[153.101271910975,-27.0339649191606],[153.101148941007,-27.033808929147],[153.101004921045,-27.0336309191311],[153.100829931093,-27.0333919191116],[153.100748981115,-27.0332840491026],[153.100679921134,-27.0331919190949],[153.100593931165,-27.0330179190849],[153.100506911201,-27.0328059290744],[153.100421941226,-27.0326719190648],[153.10018494127,-27.0325239190398],[153.099952911318,-27.0323309290149],[153.099703951364,-27.0321779489886],[153.099484951409,-27.0320009389651],[153.098768961537,-27.0315809388897],[153.098577961569,-27.0314829388697],[153.09814394164,-27.0312829388244],[153.097829961701,-27.0310629387911],[153.097528951758,-27.0308599487592],[153.097335941797,-27.0307059587385],[153.097135951842,-27.0305179587169],[153.096980971879,-27.0303569587],[153.096755951928,-27.0301529586757],[153.096658931951,-27.0300469486651],[153.096476951996,-27.0298419486452],[153.096368982013,-27.029798958634],[153.096262002022,-27.0298119686233],[153.096106982059,-27.0296509586064],[153.095997012084,-27.0295459485945],[153.095944992098,-27.0294739485887],[153.095691982134,-27.0293999485627],[153.095625002156,-27.0292769785549],[153.095483962184,-27.02917796854],[153.095401002203,-27.0290899885309],[153.09535399222,-27.0289999785254],[153.095219962243,-27.0289299785114],[153.095085972264,-27.0288699784974],[153.094988992287,-27.0287699684869],[153.094854992311,-27.0286939684728],[153.09468297234,-27.0286069884548],[153.094432982386,-27.0284429784283],[153.094349982404,-27.0283759784194],[153.094265012428,-27.0282539884099],[153.094154962455,-27.0281259883978],[153.094057002485,-27.0279759883868],[153.09391797253,-27.0277299783708],[153.093737002577,-27.0275079783508],[153.093513982613,-27.0274050083276],[153.093329002641,-27.0273349983084],[153.093221982653,-27.0273319982976],[153.093001012678,-27.0273189982753],[153.092778002713,-27.0272269982521],[153.092530022751,-27.0271299982264],[153.092243022797,-27.0270009981965],[153.091959012832,-27.0269610081675],[153.091675012863,-27.0269549881389],[153.091647012879,-27.0268539981353],[153.091601022897,-27.0267479981298],[153.091511012914,-27.0266869981203],[153.09145199293,-27.0266099981137],[153.091079002977,-27.0265430180757],[153.090857043008,-27.0264800180528],[153.090584023045,-27.0264180080249],[153.090336043083,-27.0263210179991],[153.090139053114,-27.0262400179787],[153.089821063164,-27.0261110179456],[153.089396023222,-27.026000017902],[153.089185053257,-27.02589700788],[153.089045073277,-27.0258600078656],[153.088875053297,-27.0258410078483],[153.088661053319,-27.0258400178268],[153.088497063337,-27.0258370378102],[153.088245103361,-27.0258590277851],[153.088019063378,-27.0259080377627],[153.087825093392,-27.0259630377436],[153.087619093407,-27.0260180377234],[153.087025093441,-27.0262380376653],[153.08679506345,-27.0263610276432],[153.086476053467,-27.0264970376122],[153.086233113479,-27.0265980375885],[153.08586311351,-27.0266670375518],[153.085600093527,-27.026751047526],[153.085351093538,-27.0268680575019],[153.085102123543,-27.0270370574782],[153.084891123549,-27.027165057458],[153.083701073799,-27.0261744573304],[153.083391074039,-27.024516447286],[153.083467074171,-27.0234014572848],[153.083681104276,-27.0223860472982],[153.083916094276,-27.0221900573203],[153.084132104276,-27.0220050573406],[153.084322084282,-27.0217980573581],[153.08450805428,-27.0216590473757],[153.084769104275,-27.0214850574005],[153.085011094268,-27.0213330474237],[153.08522911426,-27.0212160474447],[153.085414094261,-27.021055047462],[153.085612064262,-27.0208810474805],[153.085752084269,-27.0207040474932],[153.085873074284,-27.0204870575037],[153.085931044308,-27.0202490575076],[153.085993054337,-27.0199650475116],[153.085987034373,-27.0196780475087],[153.085987034405,-27.0194290575067],[153.085961044443,-27.0191480475018],[153.085968054475,-27.0188820575004],[153.085929074514,-27.0186060474943],[153.085840044563,-27.0182920474829],[153.085733064608,-27.0180180474699],[153.08556206466,-27.0177500574506],[153.085436024707,-27.0174760574357],[153.085304044752,-27.0172300574205],[153.085173044795,-27.0169960474054],[153.085125044821,-27.0168270573993],[153.085038064855,-27.0166310473889],[153.08486104491,-27.0163420573688],[153.084737054945,-27.016169047355],[153.084612044983,-27.0159680473408],[153.08435307505,-27.0156510473122],[153.084172035091,-27.0154740772926],[153.084017055126,-27.0153250772758],[153.083806045166,-27.0151880672535],[153.083608035201,-27.0150730672327],[153.083290045248,-27.0149660671998],[153.083039035273,-27.0149770771747],[153.082725105296,-27.0150510771437],[153.082376085316,-27.0151820671096],[153.082020065335,-27.015335067075],[153.081365115364,-27.0156470670116],[153.080378075533,-27.0151294569082],[153.07789410592,-27.0141220966504],[153.077764095958,-27.0139270866357],[153.077577145999,-27.0137560866156],[153.077366136038,-27.0136250965933],[153.077167136075,-27.0134980865723],[153.076969156115,-27.0133440965511],[153.076788116153,-27.0131900865317],[153.076576126201,-27.0129850865088],[153.076098166308,-27.0125320964571],[153.075757136383,-27.0122220864203],[153.075641146412,-27.0120830764076],[153.075493176441,-27.0119790863918],[153.075213146484,-27.0118660963628],[153.074984146522,-27.0117570863389],[153.074802156565,-27.0115691163191],[153.074659146605,-27.0113681063031],[153.07445715666,-27.0110961062806],[153.074147166737,-27.0107461062467],[153.073992186771,-27.0106020962299],[153.073805196811,-27.0104421062099],[153.073569186854,-27.0102951061849],[153.073416176878,-27.010230096169],[153.073194186909,-27.0101721061463],[153.072844146964,-27.0100211061099],[153.072694167005,-27.0098260960932],[153.072606167048,-27.0095571060822],[153.072597187061,-27.0094611060806],[153.072565177098,-27.0091851060752],[153.072446187144,-27.0089221160611],[153.072383187182,-27.0086691060527],[153.072408157214,-27.0083921060531],[153.072528167235,-27.008125096063],[153.072585187258,-27.0078921060669],[153.07266015729,-27.0075801060719],[153.072711177316,-27.007326096075],[153.072692167353,-27.0070490960709],[153.07270216743,-27.006428106067],[153.072688147471,-27.0061131060631],[153.072656137509,-27.0058310960576],[153.07258715755,-27.0055621060485],[153.072513167583,-27.0053601060395],[153.072390167614,-27.005221116026],[153.072335157645,-27.0050191160189],[153.072413157655,-27.0048761060256],[153.072484147672,-27.0046771060311],[153.072373157705,-27.0045101060186],[153.072234167755,-27.0042251260024],[153.072160137789,-27.0040181159933],[153.072008117842,-27.0037161259756],[153.071813167894,-27.003466125954],[153.071520147942,-27.0033301159235],[153.071342177964,-27.0033001259053],[153.071290197978,-27.0032331258996],[153.071268157999,-27.0030871258962],[153.071290198012,-27.0029621158974],[153.071318198028,-27.002815115899],[153.071325208056,-27.0025831258979],[153.071314178085,-27.002358125895],[153.07129516812,-27.002098125891],[153.07130811815,-27.0018501158903],[153.071340128179,-27.0015901158915],[153.071380138194,-27.0014371258943],[153.07139889823,-27.0011366658938],[153.071412148254,-27.0009281158935],[153.071384148307,-27.0005331258875],[153.071359148341,-27.000280115883],[153.07131914836,-27.000162125878],[153.071220118394,-26.9999721258666],[153.07106517843,-26.9998171158497],[153.070860118469,-26.999675125828],[153.070401208545,-26.9994581257801],[153.070208158584,-26.9993091257595],[153.069927178635,-26.9991341357299],[153.069656168695,-26.9988791457006],[153.069495168733,-26.9987131456831],[153.069309198766,-26.9986041456635],[153.069095168793,-26.9985741356418],[153.068805208824,-26.9985681456126],[153.068590228846,-26.998572135591],[153.068420208866,-26.9985531455737],[153.068213218882,-26.9985961355533],[153.068057218888,-26.9986781455382],[153.067910228882,-26.9988511355248],[153.067787218876,-26.9990001355137],[153.067650198883,-26.9990591355004],[153.067543218897,-26.9990381354894],[153.067403208919,-26.9989851354749],[153.067195198941,-26.998977145454],[153.066987248959,-26.9990101454333],[153.066785258987,-26.9989571454126],[153.066542249029,-26.9988261453871],[153.066356239066,-26.9986831353673],[153.066295209078,-26.9986413853608],[153.065957629141,-26.9984180553251],[153.065947589144,-26.998404045324],[153.065871009168,-26.9982813953153],[153.065730009202,-26.9981213852999],[153.065588029236,-26.9979683952843],[153.065417019266,-26.9978763952664],[153.065276029299,-26.9977283952511],[153.065292009316,-26.9975823852515],[153.065300009338,-26.9973993852509],[153.065312009362,-26.9971963852505],[153.065239009397,-26.9969823952414],[153.065102029428,-26.9968484052266],[153.064978039447,-26.9967993952137],[153.064790029468,-26.9967883851947],[153.064636029496,-26.9966963851785],[153.064461019527,-26.9965904051601],[153.064107039568,-26.9965643951243],[153.063927059584,-26.9965833851064],[153.063676049608,-26.9966033850813],[153.06352606964,-26.9964734050652],[153.06341006967,-26.9963324150524],[153.063239029713,-26.9961344150336],[153.06277208993,-26.994787444976],[153.063599109962,-26.9938424450516],[153.06429208993,-26.9935164451186],[153.064917079878,-26.9934074351806],[153.065890099768,-26.9934694552789],[153.066935099641,-26.9936134353851],[153.068643079507,-26.9932514455539],[153.06988509967,-26.9909114356602],[153.069889079997,-26.9882914456397],[153.068213110534,-26.9854114454483],[153.066344090945,-26.9836954352467],[153.065944081015,-26.9834744352047],[153.065513091091,-26.9832284451594],[153.064678081236,-26.9827654450718],[153.064258081322,-26.9824314450269],[153.064102081349,-26.9823514550106],[153.063628091422,-26.9821654549615],[153.063368101462,-26.9820594449345],[153.062839101551,-26.9817884448792],[153.062338101649,-26.9814264548259],[153.061554081821,-26.9807124447414],[153.061124081898,-26.9804584346962],[153.060683081974,-26.98022045465],[153.060281072039,-26.9800404446081],[153.060092082068,-26.9799604345885],[153.059845082099,-26.9799194345634],[153.059657112124,-26.9798794445442],[153.059318092151,-26.9799474445106],[153.058014092235,-26.9803704543829],[153.057543102263,-26.980544444337],[153.056976112302,-26.9807064442813],[153.056565082334,-26.9807924342407],[153.055868082407,-26.9807964541707],[153.055484102461,-26.9806864541312],[153.055233092501,-26.9805744541051],[153.055053112536,-26.980445454086],[153.054709092614,-26.9801134540488],[153.054440092698,-26.9796634340182],[153.054161082818,-26.9789444539844],[153.053918102955,-26.9780544339529],[153.053585083165,-26.9766484339082],[153.053413093244,-26.9761664338871],[153.053272093309,-26.9757664438698],[153.053106093359,-26.975499433851],[153.052746093443,-26.9751354538119],[153.052250093534,-26.9748184537595],[153.05166207362,-26.9746304336989],[153.051234073665,-26.9746244436559],[153.050797103705,-26.9746744436124],[153.049943103764,-26.9749164435285],[153.049626103782,-26.9750384334976],[153.042768085201,-26.9694464427642],[153.018460108137,-26.9663424302992],[153.017530087471,-26.9724544502546],[153.017771097402,-26.9728034502815],[153.017844097367,-26.9730184402906],[153.017868477332,-26.9732792902951],[153.017881107293,-26.9735824502988],[153.01767809725,-26.9740934302825],[153.017678097227,-26.9742794302839],[153.017672107194,-26.9745504402855],[153.017677117177,-26.9746854302871],[153.017751097143,-26.9748944502962],[153.017807087119,-26.9750354403029],[153.017909107085,-26.9752234303146],[153.018040107051,-26.9753894303291],[153.018128107029,-26.9754844503387],[153.018387107021,-26.9753344303635],[153.01879211697,-26.9754054304047],[153.019029106911,-26.9756744404306],[153.019106086862,-26.9760024504409],[153.019080096835,-26.9762434504403],[153.018834086822,-26.9765544304181],[153.018281116884,-26.9765214503623],[153.018103106913,-26.9764404403438],[153.018082076914,-26.9764444303417],[153.017691086911,-26.9767994503053],[153.017484096904,-26.9770284402864],[153.0173970869,-26.9771364402785],[153.017382086875,-26.9773464402787],[153.017466106844,-26.9775264402885],[153.017678096794,-26.9777434503115],[153.017908086734,-26.9780314403369],[153.017949106688,-26.9783634403437],[153.01764509672,-26.9783624403131],[153.017458116717,-26.9785434402958],[153.016859106716,-26.9790544502398],[153.011596097278,-26.9789804497112],[153.008532107342,-26.9810394394202],[153.002970097459,-26.9847744488921],[153.000812107715,-26.9845354386738],[152.994265098458,-26.9840924380139],[152.991667108677,-26.9845204377569],[152.988425099192,-26.9831154374207],[152.985138089338,-26.9847144271041],[152.983746089525,-26.9843834469619],[152.98142509999,-26.9826124367153],[152.981261100023,-26.9824884366978],[152.98082011011,-26.982160426651],[152.980425100188,-26.9818684466091],[152.980352110154,-26.9821994466045],[152.975594110345,-26.9846674361474],[152.974094110793,-26.9823464259787],[152.97813911063,-26.9802464363672],[152.977182120812,-26.9795924462661],[152.976696081096,-26.9777224462025],[152.975579111536,-26.9751374360701],[152.975017081691,-26.9743674360076],[152.972985091773,-26.9754244358125],[152.970464111874,-26.9767334355704],[152.970498091864,-26.9767864355743],[152.966829112011,-26.978692435222],[152.966639092018,-26.9787924252038],[152.966117112159,-26.978102435146],[152.963150092878,-26.9748354248229],[152.962538103178,-26.9729464247466],[152.961802113308,-26.9725224246695],[152.961341123353,-26.9725494346236],[152.956799094134,-26.9701044441494],[152.956134104248,-26.9697554340801],[152.955809104305,-26.9695734340461],[152.955795094373,-26.9690364340404],[152.954631104513,-26.9688904339227],[152.954528104524,-26.9688944239124],[152.954481094541,-26.968796433907],[152.954064114603,-26.968648433864],[152.953844094634,-26.9685834438415],[152.953595094671,-26.9684994338159],[152.953366094702,-26.9684374437925],[152.953190084731,-26.9683544337742],[152.952908084789,-26.9681324337442],[152.952724094832,-26.9679344237242],[152.952518124878,-26.9677414337021],[152.952371104916,-26.9675614336859],[152.952292114953,-26.9673344336762],[152.952277114975,-26.9671634436734],[152.952254115008,-26.9669214436691],[152.952216125027,-26.9668024336644],[152.952186115044,-26.9666884336605],[152.952151115068,-26.9665244336557],[152.952022085116,-26.9662484236406],[152.951908095143,-26.9661294336282],[152.951607115189,-26.9660174335972],[152.951324095226,-26.9659534235684],[152.95104209526,-26.9659224435399],[152.950723085293,-26.965922443508],[152.950471095324,-26.9658904334825],[152.950302095344,-26.9658664434654],[152.95011412537,-26.9658194334462],[152.94978711541,-26.9657754434131],[152.949423105452,-26.9657384433764],[152.949101105487,-26.9657334233441],[152.948681095524,-26.9657924433026],[152.948399095525,-26.9660204332762],[152.948027085551,-26.9661264432398],[152.947614095589,-26.9661624431988],[152.947327095614,-26.9662084331704],[152.946836095646,-26.9663614231225],[152.946340095677,-26.9665354330742],[152.94589611572,-26.96655943303],[152.945623085757,-26.9664914230022],[152.945518115776,-26.9664324329912],[152.945439095797,-26.9663244229824],[152.945402115815,-26.9662184429779],[152.944973095883,-26.9660274229334],[152.944644085947,-26.9657934428986],[152.944358106007,-26.9655534428681],[152.944016106073,-26.9653074228319],[152.943506086152,-26.9651094427793],[152.943027106219,-26.9649704327303],[152.942309106318,-26.964781432657],[152.941730106388,-26.9647054325984],[152.941333096424,-26.9647524225591],[152.940888096453,-26.9648914325157],[152.940456116487,-26.9649854324732],[152.940151116523,-26.9649574424425],[152.939925116563,-26.9648224324188],[152.939595116619,-26.9646504323844],[152.939274096676,-26.9644644323508],[152.939059116725,-26.9642544423277],[152.938927096755,-26.9641194323134],[152.938780106794,-26.9639314322972],[152.938609106824,-26.9638394322793],[152.938425106848,-26.9637994322606],[152.93815909687,-26.9638434322344],[152.938017116875,-26.9639214422208],[152.937930096871,-26.964032442213],[152.937920096852,-26.9641874322132],[152.937796106846,-26.964343422202],[152.93760411686,-26.9643904321832],[152.937380116888,-26.9643574321605],[152.937193126915,-26.9642964321413],[152.936841116968,-26.9641704321051],[152.936538097015,-26.9640454320738],[152.936159117066,-26.9639564220352],[152.935983117103,-26.9638054320164],[152.93585510714,-26.9636164320021],[152.935668117188,-26.9633904319816],[152.935444117229,-26.9632534219581],[152.935042107288,-26.9631114419168],[152.934587097343,-26.9630594318708],[152.934084087394,-26.9630744418206],[152.933705117419,-26.9631894317837],[152.933163127461,-26.9633054317304],[152.932777097497,-26.9633474216921],[152.932585107521,-26.9633124416726],[152.932337097566,-26.9631584316466],[152.931972097629,-26.9629624416086],[152.931598117698,-26.9627264315693],[152.93130611775,-26.9625544415387],[152.930712117838,-26.9623444314776],[152.930386097886,-26.9622354214442],[152.929810127971,-26.962035441385],[152.929497098014,-26.961955431353],[152.92905512806,-26.9619594213089],[152.928768128084,-26.9620114312806],[152.928081118138,-26.962154431213],[152.927592098182,-26.9622104311646],[152.927250128224,-26.96216342113],[152.927082118266,-26.9619654311117],[152.92688512832,-26.9617014410899],[152.92679310835,-26.9615344210793],[152.926751098382,-26.9613174310734],[152.926669118413,-26.9611374310638],[152.926522098447,-26.9609864310479],[152.926385108471,-26.9609044210335],[152.926154108504,-26.9608354410099],[152.92589808853,-26.9608454309844],[152.925627118543,-26.9609674309582],[152.925404098566,-26.9609674309359],[152.925320118587,-26.9608704409268],[152.924915108652,-26.9606894308848],[152.924055098784,-26.9603584307962],[152.923760108834,-26.9602024207655],[152.923655098854,-26.9601324407544],[152.923516098875,-26.9600774407401],[152.923323128893,-26.960098430721],[152.923095108911,-26.9601414306985],[152.92290311892,-26.9602324306801],[152.922739128926,-26.9603274306644],[152.922560098936,-26.960393430647],[152.922297108956,-26.9604544306212],[152.921695119,-26.9606094205623],[152.921511119017,-26.9606324405441],[152.92142410903,-26.9605994305351],[152.921382089045,-26.9605104305302],[152.92140811906,-26.9603664205317],[152.921474109076,-26.9601824205368],[152.921521119091,-26.9600224405402],[152.921506119113,-26.9598594305374],[152.921427099146,-26.959666440528],[152.921306099179,-26.9595014405146],[152.9212380992,-26.9593904405069],[152.921227119212,-26.9592984405051],[152.921222119222,-26.959225440504],[152.921179119238,-26.959134430499],[152.920849119307,-26.9588574304638],[152.920399109389,-26.9585764404166],[152.920273119423,-26.9584114404027],[152.92019711945,-26.9582584203938],[152.920199089472,-26.9580764403926],[152.920176099501,-26.9578624303886],[152.920129119556,-26.9574614203807],[152.92009009959,-26.9572234203749],[152.92007911962,-26.956992430372],[152.920069119636,-26.95686942037],[152.919974109655,-26.9567944303599],[152.919684109695,-26.9567204303303],[152.919550119727,-26.9565784403158],[152.919436099788,-26.9561864203013],[152.919732949842,-26.9555000703255],[152.917268140201,-26.9546934400727],[152.915351130415,-26.9545884298803],[152.914589120519,-26.9543924198026],[152.913289900709,-26.9539632596693],[152.910421180952,-26.9544236693863],[152.908455691193,-26.9541493091878],[152.906051661435,-26.9542253489482],[152.905258551572,-26.9537939788655],[152.903718761723,-26.9538824687124],[152.901525261728,-26.9556914185077],[152.898431441763,-26.9580191982173],[152.896179941904,-26.9587864079985],[152.893128942137,-26.9594834676994],[152.891889332136,-26.960534757584],[152.891161192188,-26.9607374375129],[152.889515262496,-26.9596484373399],[152.887791952974,-26.9572564271488],[152.885514823377,-26.955939596911],[152.88342173354,-26.9563893467057],[152.874011014287,-26.958328445782],[152.873647323676,-26.9635510257873],[152.873466103683,-26.96365046577],[152.872122943822,-26.9636624356361],[152.869443114163,-26.9631803953649],[152.863999464624,-26.964069494829],[152.862831094725,-26.9642474247139],[152.861683104701,-26.9654104246086],[152.860674134615,-26.9669524145203],[152.857534114738,-26.9686194142205],[152.856396144855,-26.9686404341072],[152.855493134896,-26.9690704240206],[152.855352134904,-26.969129424007],[152.854453104821,-26.9705544239287],[152.854417114763,-26.971049423929],[152.854391094622,-26.9722084139357],[152.854804124444,-26.9732924239855],[152.854773144372,-26.9739014239872],[152.852914124377,-26.9754354238141],[152.852359104221,-26.9771574237725],[152.852385744184,-26.9774307237773],[152.852029214051,-26.9788049437527],[152.853617583683,-26.9804236339239],[152.854365903423,-26.9818819040101],[152.854993013254,-26.9827156440793],[152.855598623164,-26.9829295941414],[152.855722833088,-26.9834344341578],[152.855304692949,-26.9849047841278],[152.854404522897,-26.9860872840475],[152.854303642836,-26.986662544042],[152.854375692795,-26.9869342340513],[152.854547052703,-26.9875244040731],[152.855391232544,-26.9880933841618],[152.855980192476,-26.9881454042209],[152.856754212302,-26.988887464304],[152.857915202097,-26.9895574244251],[152.85898728179,-26.9911214245444],[152.859644971673,-26.9915043746131],[152.860377241573,-26.9916904146876],[152.860606161493,-26.992139424714],[152.860664161373,-26.9930554347271],[152.860919041246,-26.9938613947589],[152.860863961179,-26.9944463947581],[152.861421941103,-26.9945884248148],[152.862657140984,-26.9945044549373],[152.863527950852,-26.9948253850268],[152.863925040766,-26.9951824250692],[152.86387740076,-26.9952685750651],[152.86356011058,-26.9969874250472],[152.862334109877,-27.0036834249782],[152.86212912976,-27.0047984249666],[152.861454099372,-27.0084874149286],[152.860811109004,-27.0119924248924],[152.860781138991,-27.0121284248905],[152.860664159026,-27.0119414048773],[152.854336669803,-27.0110440442392],[152.853019270179,-27.0091395240928],[152.850390400871,-27.005789873804],[152.841962581084,-27.0112169430072],[152.841304091103,-27.0116215729448],[152.841358581083,-27.0117369429512],[152.841517610979,-27.0124349229726],[152.842066570647,-27.0146419430449],[152.84326096025,-27.0168328231813],[152.835956620441,-27.0214838624905],[152.840311319308,-27.0269134529675],[152.840192369311,-27.0269913329563],[152.840109219322,-27.0269733929479],[152.825131079686,-27.0367373915335],[152.823437990124,-27.0346484113483],[152.822832130148,-27.0349724012905],[152.822398400121,-27.035555061252],[152.822626200062,-27.0358351712769],[152.821480680109,-27.0364306611676],[152.820927520061,-27.0372904711193],[152.8210667,-27.0376611511361],[152.820899999999,-27.0378104711207],[152.82495898936,-27.0395084015384],[152.826670109267,-27.0388104317032],[152.827806939145,-27.0388294518166],[152.829977008796,-27.0397934320404],[152.83006704878,-27.0398494120498],[152.830078178763,-27.0399734320519],[152.830740218572,-27.0409514521257],[152.830949038515,-27.0412314521487],[152.831231988458,-27.0414484421786],[152.832067218337,-27.0417204222639],[152.832096008305,-27.0419484022686],[152.831876028278,-27.0423533822499],[152.831643088288,-27.0424674222276],[152.831496978304,-27.0424664422131],[152.831429268294,-27.0426063922074],[152.831307208189,-27.0435564222028],[152.83087950814,-27.0443086521662],[152.839087987952,-27.0388638429407],[152.845175966375,-27.0463855536072],[152.84860795549,-27.0506001339827],[152.849234945474,-27.050192964042],[152.848896705262,-27.0521863440241],[152.848807715207,-27.0527043740194],[152.848775125204,-27.0527545440165],[152.846477885419,-27.0529728137893],[152.845526915473,-27.0533418136974],[152.84074300574,-27.0552538432359],[152.839335015832,-27.0557078530992],[152.838883075875,-27.0557494430545],[152.838452155921,-27.0557424230115],[152.837800016005,-27.0556208629456],[152.837369966063,-27.0555164329019],[152.837015046102,-27.0555084228665],[152.836608946134,-27.0555914128267],[152.836178056159,-27.0557574527851],[152.834201106233,-27.0568399025967],[152.833335146275,-27.0572388925136],[152.832895136222,-27.0580368924761],[152.831972166282,-27.0583369223866],[152.830615206367,-27.0588039122551],[152.830105226327,-27.0595579222103],[152.829098226343,-27.0602879121158],[152.829213236286,-27.0606439121301],[152.829629226132,-27.0615309121786],[152.829407236119,-27.0618249121588],[152.828012246295,-27.061589922018],[152.827680236295,-27.0618769319872],[152.827051306362,-27.0618659219245],[152.826644296344,-27.0623609318879],[152.82509735651,-27.0623359517336],[152.824843316496,-27.062667951711],[152.82422934656,-27.0626709516499],[152.82402731654,-27.0630039516324],[152.823831356397,-27.0643199516233],[152.824139336279,-27.0650069516595],[152.824123356198,-27.0656729316632],[152.823590376236,-27.0658239416113],[152.822965386223,-27.0664559415541],[152.8231393861,-27.0672969315781],[152.82239343617,-27.0673709515044],[152.820464446246,-27.0683979613205],[152.819604436362,-27.0681899612332],[152.819178116573,-27.0668544511801],[152.818979116436,-27.0681314111705],[152.818964116399,-27.0684394211714],[152.818891116323,-27.0691094111695],[152.818844136298,-27.0693544311668],[152.818774096265,-27.0696784211624],[152.818681126252,-27.0698604211546],[152.818638096237,-27.0700214311516],[152.81862612621,-27.0702504211522],[152.818660106184,-27.070426431157],[152.818972106107,-27.0707804311908],[152.819215086066,-27.070905411216],[152.819365106036,-27.0710194312319],[152.819619105969,-27.0713414212597],[152.819758095921,-27.0716114312757],[152.819850115896,-27.0717364112858],[152.820127115837,-27.0719754213153],[152.820566095761,-27.072215421361],[152.820913105707,-27.0723504313966],[152.821283105637,-27.0726004214354],[152.821896115522,-27.0730054214997],[152.822508115407,-27.0734114215638],[152.823052115317,-27.0736714216201],[152.82322811528,-27.0738204216388],[152.823621115187,-27.0742364116812],[152.823875115116,-27.0745894317093],[152.824337135011,-27.075047411759],[152.824649094934,-27.0754004117928],[152.824949124848,-27.0758374218262],[152.825203094768,-27.0762634218548],[152.825353104729,-27.0764504218713],[152.825619084661,-27.0767724319003],[152.825827094609,-27.0770114119229],[152.825954114561,-27.0772924319378],[152.82604511449,-27.0777904319508],[152.826160124427,-27.0781964319655],[152.826357114367,-27.0785084119876],[152.826657104314,-27.0786854220189],[152.827120104248,-27.0788214120661],[152.827328084217,-27.0788944220874],[152.827721114152,-27.079081412128],[152.827813094126,-27.0792164321383],[152.827836134096,-27.0794354321423],[152.827732104089,-27.0795804121331],[152.82751211409,-27.0797564221126],[152.827222094084,-27.0800574220861],[152.827152114066,-27.0802544220807],[152.82707109403,-27.0806174120755],[152.82695509401,-27.080877412066],[152.826873113984,-27.0811574320601],[152.826803103965,-27.0813654220547],[152.826502093907,-27.0820914220305],[152.826385103883,-27.0823824220212],[152.826339083866,-27.082559412018],[152.826408103838,-27.0827254120262],[152.826535083801,-27.0829124120403],[152.826759083757,-27.0830754220639],[152.826313133776,-27.0833004120213],[152.826131103781,-27.0834144320041],[152.825893123782,-27.083611421982],[152.825357123801,-27.083917421931],[152.824854113822,-27.084173431883],[152.824474113841,-27.0843414318464],[152.824214083849,-27.0844994218218],[152.823985123863,-27.0845794317996],[152.823675093893,-27.084605421769],[152.823366123922,-27.0846334117384],[152.823076123943,-27.0847084317102],[152.822775113959,-27.0848384316812],[152.822375103979,-27.0850174216428],[152.821807094012,-27.0852324215879],[152.821411104034,-27.0853924315498],[152.821139114045,-27.0855374115239],[152.820511094064,-27.0859184214643],[152.820355084063,-27.0860584314499],[152.82016912406,-27.0862404114329],[152.819874094075,-27.0863694114045],[152.819248114127,-27.0864854313431],[152.818617103679,-27.0906244113132],[152.814694124148,-27.0901854309191],[152.814852784145,-27.090071730934],[152.814897394161,-27.0899096109372],[152.814315944231,-27.0898404608788],[152.811822224531,-27.0895413906282],[152.805703115269,-27.0888094200134],[152.805223104938,-27.09188240999],[152.80509710488,-27.092456409982],[152.805123094869,-27.0925194299851],[152.805008114861,-27.092685429975],[152.804919094855,-27.0928024199671],[152.804777104854,-27.092938409954],[152.804702104846,-27.0930634199475],[152.804674104831,-27.0932074199459],[152.804686114818,-27.0933024199479],[152.804783094785,-27.093485419959],[152.804849084769,-27.0935574199661],[152.805019104732,-27.0937124199843],[152.805319094682,-27.0938564200152],[152.805399104665,-27.0939284200238],[152.805478094645,-27.0940244200324],[152.80550411463,-27.0941194200357],[152.805516084615,-27.0942274200378],[152.805502104605,-27.0943224200371],[152.805475094597,-27.0944064300351],[152.805434104591,-27.0944894200317],[152.80535311459,-27.0945734200243],[152.805232114597,-27.0946204100127],[152.805125104606,-27.0946324200021],[152.805000084621,-27.0946204099896],[152.80472911466,-27.0945364199619],[152.804419114717,-27.0943454099296],[152.804338084728,-27.0943214199213],[152.804192084747,-27.0942974199066],[152.804111094752,-27.0943214198987],[152.804031124756,-27.094356419891],[152.803896104757,-27.0944644198785],[152.80362611475,-27.0947504098539],[152.803572094745,-27.0948344198492],[152.803531104738,-27.0949294198459],[152.803435114713,-27.0952084198385],[152.803326084703,-27.0953874198291],[152.803195094695,-27.0955584198174],[152.803116104695,-27.0956284198101],[152.803037114697,-27.0956814298027],[152.802861114707,-27.0957504097857],[152.802763114715,-27.0957684097761],[152.802645104727,-27.0957684097644],[152.802449104744,-27.0958024197451],[152.802207104761,-27.0958724197216],[152.802128124763,-27.0959244197142],[152.802049094762,-27.0959944297068],[152.801911094757,-27.0961514196944],[152.801811114744,-27.0963444296859],[152.801744104726,-27.0965424196809],[152.801606094719,-27.0967164296685],[152.801369104718,-27.0969324196466],[152.801289094709,-27.0970714196398],[152.801249094691,-27.0972464196372],[152.80116912468,-27.0974034296305],[152.80111010468,-27.097456429625],[152.80093311469,-27.097526409608],[152.800815104702,-27.0975254095962],[152.800639104725,-27.0974904095785],[152.800542084742,-27.0974384295684],[152.800425104768,-27.0973334195559],[152.800232094821,-27.0970644095346],[152.800136094851,-27.0969074195238],[152.8000211249,-27.09661041951],[152.799943124923,-27.0964874195012],[152.799710104963,-27.0963654294771],[152.799469094993,-27.0963294294528],[152.799094095033,-27.0963264294155],[152.798198095117,-27.096411419327],[152.79808008513,-27.0964114193153],[152.797843095161,-27.0963644292913],[152.797672095188,-27.0962934192738],[152.797568105209,-27.0962114092628],[152.797464115237,-27.0960694292513],[152.797434115249,-27.0959994192478],[152.797382095265,-27.0959174092419],[152.797279095306,-27.0956774092298],[152.797214095334,-27.0955014192219],[152.797150105356,-27.0953834292146],[152.797054115382,-27.095250409204],[152.796989105395,-27.0952034191972],[152.796910115405,-27.0951914191892],[152.796831095413,-27.0951914191814],[152.796726125423,-27.095203419171],[152.796633115428,-27.095238429162],[152.796265085435,-27.0955014191275],[152.796175115438,-27.0955494291189],[152.796066095448,-27.0955654091082],[152.79598309546,-27.0955414190998],[152.795902095474,-27.0954924090913],[152.795830115492,-27.0954124190835],[152.795747115517,-27.0952804190742],[152.795533115566,-27.0950684290513],[152.795453115595,-27.094899409042],[152.795445115608,-27.0948024190404],[152.795455115619,-27.0947064190406],[152.795683095656,-27.0942154090594],[152.795692115666,-27.0941234090596],[152.795647105681,-27.0940404190544],[152.795565095698,-27.0939724090457],[152.795444095717,-27.0939294190334],[152.795306085735,-27.0939024290194],[152.794763115792,-27.0938984189654],[152.794545105822,-27.0938484289433],[152.794363115853,-27.0937494189244],[152.794145095895,-27.0935954189015],[152.793936095933,-27.0934724188797],[152.79383108595,-27.0934234288689],[152.793675125973,-27.093373418853],[152.793527115991,-27.0933474288381],[152.793423096,-27.0933704288279],[152.793336116003,-27.0934174188196],[152.793205116011,-27.093463418807],[152.793075096014,-27.0935504087947],[152.792997096013,-27.0936214087875],[152.79291909601,-27.0937164087805],[152.792893115998,-27.0938364187789],[152.792841095988,-27.0939554087747],[152.792815105976,-27.094075418773],[152.792816095945,-27.0943234187751],[152.792764125936,-27.0944434287709],[152.792686115932,-27.0945384187639],[152.792477115948,-27.0945914287435],[152.792243115973,-27.0945884287202],[152.792034126004,-27.0945144286988],[152.791955096019,-27.0944654186906],[152.791877096036,-27.0943924186823],[152.791851106051,-27.0942954286789],[152.791850126066,-27.0941754186778],[152.791902096087,-27.0939604286813],[152.7921101161,-27.0936764086997],[152.792289106103,-27.0935054187162],[152.792320096105,-27.0934584287189],[152.792472116141,-27.0930374287307],[152.792581106156,-27.0928234187398],[152.792604106162,-27.0927554287416],[152.79261209619,-27.0925254187405],[152.792567096214,-27.0923694287348],[152.792527086231,-27.0922714087301],[152.792481096245,-27.0921974087249],[152.792188116292,-27.0920664186947],[152.791944116286,-27.0923184186724],[152.791800156292,-27.0923930886587],[152.791718106281,-27.0925524286518],[152.791698106281,-27.09257342865],[152.791602176284,-27.0926290886409],[152.791384166326,-27.092480088618],[152.791243166343,-27.0924631086039],[152.791223166351,-27.0924121086015],[152.791319156352,-27.0923250986103],[152.791317146405,-27.0918941086067],[152.791233126426,-27.0917971085976],[152.791027156475,-27.0915791085754],[152.790834186513,-27.091436118555],[152.790737126556,-27.0911771185433],[152.790737126566,-27.0910911085427],[152.790997156608,-27.0905321185641],[152.79100916662,-27.0904291085645],[152.791176116612,-27.0903494085804],[152.791109096632,-27.0902424285729],[152.790965106652,-27.0902054285583],[152.790787096666,-27.0902484185409],[152.790534116673,-27.090407428517],[152.790107106681,-27.090707418477],[152.789913106693,-27.0907724084582],[152.789422106716,-27.0910054184112],[152.789097116726,-27.0912004083804],[152.78900009673,-27.0912534083712],[152.788690096776,-27.0911484283395],[152.788526216805,-27.0910521283225],[152.788379116843,-27.0908714283064],[152.788293086885,-27.0906054182957],[152.788211116919,-27.0903974182859],[152.78825111695,-27.0901194182877],[152.78839010697,-27.0898334282993],[152.788467126979,-27.0897024083059],[152.788467127013,-27.0894244083037],[152.788377117041,-27.0892744082935],[152.788197167069,-27.0892021282751],[152.787913087104,-27.0891644082465],[152.787671207142,-27.0890601282216],[152.787325107189,-27.0889774181866],[152.78689911726,-27.0887734181426],[152.786580187311,-27.0886321481097],[152.785854237419,-27.0883761480355],[152.785636107452,-27.0883014180133],[152.785518107478,-27.0881924180006],[152.785350097524,-27.0879634079821],[152.785215117547,-27.0878874079681],[152.784989107604,-27.0876254179435],[152.784747117669,-27.0873074179169],[152.784559107706,-27.0871654078971],[152.784375107741,-27.0870434278779],[152.784179107785,-27.0868554278569],[152.784060117816,-27.0867094278439],[152.78405010785,-27.0864434078408],[152.783977117881,-27.086254417832],[152.783576127904,-27.0864084077934],[152.783550097899,-27.0864694277913],[152.783228097695,-27.0883904277745],[152.781968406938,-27.0955647777063],[152.78186981695,-27.0955509976964],[152.781287426627,-27.0986496576631],[152.780257106054,-27.1041425676043],[152.773815986852,-27.1032003369566],[152.766863977718,-27.1021424562573],[152.766115687267,-27.106418266217],[152.765637686964,-27.1092672661921],[152.765364116796,-27.1108524261775],[152.763985116966,-27.110664426039],[152.760976087335,-27.1102494157368],[152.750960928576,-27.1087863747305],[152.750538108627,-27.1087354146881],[152.74232619965,-27.107497373863],[152.741621059891,-27.1061534237824],[152.740050100053,-27.1061824436267],[152.738181110106,-27.1073554334505],[152.736639170346,-27.1067294532925],[152.735491170411,-27.1071834631822],[152.734548190519,-27.1071194530881],[152.733520210591,-27.1074184629885],[152.733065200656,-27.1072794729422],[152.732368230739,-27.1072064728725],[152.731630200796,-27.1073754728006],[152.731010250832,-27.107614472741],[152.730882240829,-27.1077524827294],[152.730585210817,-27.1081014727027],[152.730324230765,-27.1087384826819],[152.730252220713,-27.1092204826785],[152.73027324061,-27.1100374726871],[152.730324270532,-27.1106244826968],[152.730345260453,-27.1112444727038],[152.730406250369,-27.1118684527148],[152.730396250293,-27.1124874627188],[152.73044330021,-27.1131214627285],[152.730387300145,-27.1136944627275],[152.730305290129,-27.1138944627209],[152.730197320107,-27.1141629227123],[152.729695010055,-27.1150118126692],[152.729526010034,-27.1153238826549],[152.729454399972,-27.1158882826523],[152.729531529895,-27.1164435626644],[152.729890389777,-27.1170859427051],[152.730167319673,-27.1176916127374],[152.730229039622,-27.1180449427463],[152.730106109585,-27.1184487427373],[152.729711619557,-27.1190177427027],[152.72910698951,-27.1199126226498],[152.728656109486,-27.1204862026096],[152.728292419443,-27.1211470525788],[152.728108129366,-27.1219271425667],[152.728200589255,-27.1227439625824],[152.728708409051,-27.1239599126424],[152.729128928943,-27.1244645926881],[152.729641498845,-27.1248178627418],[152.730108118745,-27.1252308227913],[152.730533808622,-27.1258548428385],[152.730702988553,-27.1262678628586],[152.730913408461,-27.126832122884],[152.73112890836,-27.1274608129103],[152.731221288283,-27.1280023029238],[152.731149718221,-27.1285666829212],[152.730970538164,-27.1291815929083],[152.730903998101,-27.1297459829061],[152.730827528022,-27.1304527029042],[152.731058207926,-27.1310262229316],[152.731355717823,-27.1316044229657],[152.731791597724,-27.1320265230123],[152.732232597614,-27.1325358230601],[152.732642887507,-27.1330542731049],[152.732848127425,-27.1335360431291],[152.733094397311,-27.1342518631593],[152.733299707194,-27.1350181531857],[152.733376797126,-27.1354953631971],[152.733515537,-27.1363993632181],[152.733602806906,-27.1370830132322],[152.73376708685,-27.1373904132509],[152.734059416755,-27.137904393284],[152.734198006656,-27.1385880633032],[152.734290606556,-27.1393130633181],[152.734439526453,-27.1400196633385],[152.734634516335,-27.1408043633641],[152.735077916043,-27.1427782234237],[152.735944785896,-27.1432280835133],[152.736689605729,-27.1439385235929],[152.737452495461,-27.1454450336806],[152.737364415332,-27.1465610836807],[152.738083795117,-27.1476779237609],[152.738195374958,-27.1488680337815],[152.737935714783,-27.1505013237686],[152.739339614582,-27.1509214939113],[152.736950104483,-27.1537596936967],[152.736775894427,-27.1543613336842],[152.736860794306,-27.1552618036997],[152.73617510434,-27.1555761536342],[152.733692224301,-27.1580147434072],[152.732828604261,-27.1590726533299],[152.731241904246,-27.1605520431842],[152.729823994275,-27.1615342030513],[152.729429024115,-27.163160113025],[152.729068694079,-27.163759592994],[152.729618603855,-27.1650939330591],[152.733401832765,-27.1706490234786],[152.733565492642,-27.1714989135016],[152.733146182699,-27.1713985734592],[152.732316792705,-27.1720603933821],[152.732151192727,-27.1720183633653],[152.731818022749,-27.1721286933332],[152.731598002785,-27.1720268733105],[152.731359002836,-27.1718182232852],[152.730592202942,-27.1716257132076],[152.730290902941,-27.1718877631797],[152.730009592929,-27.1722248031545],[152.72954699294,-27.1725355831111],[152.729019422908,-27.1732426330643],[152.729292292788,-27.1739767130972],[152.729509212713,-27.1743973131221],[152.729598022654,-27.1747986831341],[152.729688902614,-27.175042833145],[152.729477492608,-27.1752714731259],[152.728711402568,-27.1762448530576],[152.728494802516,-27.1768491530409],[152.72805107257,-27.1767960229965],[152.727651692611,-27.1768106929569],[152.727086382687,-27.1766803028998],[152.726182022796,-27.1765715628093],[152.72603339279,-27.1767467727959],[152.725765482765,-27.1771761727727],[152.725551702761,-27.1773963227533],[152.724751992803,-27.1777427926767],[152.724402102804,-27.1780284926442],[152.723957022719,-27.1790975526086],[152.723089702673,-27.1802113025314],[152.722976302655,-27.1804559125221],[152.721552802685,-27.1814283223886],[152.721093122725,-27.1815032523436],[152.720663182756,-27.1816169723019],[152.720065022783,-27.1819135222449],[152.719265012793,-27.1825179921704],[152.718610392836,-27.1827334621072],[152.718456392805,-27.1831144020949],[152.718108402675,-27.1844629020711],[152.717405302696,-27.1848916020048],[152.716700202653,-27.1858413919424],[152.716573912656,-27.1859243819305],[152.716313812597,-27.1866300419103],[152.715891982607,-27.1869099718707],[152.715316222688,-27.1867500718123],[152.71278813275,-27.1884088415748],[152.712276212765,-27.1887275615266],[152.71224391272,-27.1891175515265],[152.712258182649,-27.1896772315323],[152.712233222624,-27.1899020615317],[152.71218230261,-27.1900581515278],[152.711853002584,-27.1905566114992],[152.711582282564,-27.1909425814754],[152.71143471253,-27.1913443214639],[152.711195812457,-27.1921384914465],[152.710986012465,-27.1922559714267],[152.710788582487,-27.192249531407],[152.709562802639,-27.1920687112841],[152.708955702683,-27.1922329012252],[152.708327202655,-27.192998131169],[152.707392802576,-27.1944407610878],[152.707347512546,-27.1947207210855],[152.707148582514,-27.1951455410692],[152.7069852125,-27.195398231055],[152.706806212501,-27.1955431410384],[152.706593822507,-27.1956766510184],[152.706191882524,-27.1958908809802],[152.705941202528,-27.1960680609568],[152.705680302531,-27.1962727809326],[152.705388922523,-27.1965831409061],[152.705164012515,-27.1968405408859],[152.704630192481,-27.1975757908388],[152.704210522418,-27.1984400208041],[152.704144602411,-27.1985564207985],[152.703969802409,-27.1987164807824],[152.703820812411,-27.1988353307686],[152.703722992407,-27.1989451207598],[152.703625312403,-27.199064080751],[152.703548002395,-27.1991922507444],[152.703506802387,-27.1992975707411],[152.70345508237,-27.1994761807374],[152.703413392341,-27.1997464907354],[152.703387512327,-27.1998793607339],[152.703341012319,-27.1999846807301],[152.703289402306,-27.2001312007262],[152.7032070923,-27.200250190719],[152.703129712289,-27.2004104507126],[152.703052412274,-27.2005981907064],[152.703026382258,-27.200749350705],[152.702979522226,-27.2010425807027],[152.702979192208,-27.2011892307038],[152.702973822191,-27.2013312707044],[152.702891192174,-27.2015419106979],[152.702772782166,-27.2017066706875],[152.702685402165,-27.2017890006795],[152.702567182169,-27.2018620906683],[152.702443992173,-27.2019305806567],[152.70224868218,-27.2020447606382],[152.70205851218,-27.2022093406207],[152.701955622178,-27.2023145506113],[152.701873382177,-27.2023922806038],[152.701785892173,-27.2024975305959],[152.701713812166,-27.2026119505897],[152.701615882152,-27.2028134005816],[152.701569192129,-27.2030332705787],[152.701543212111,-27.2032073805775],[152.701506822091,-27.2033951905754],[152.701511602071,-27.2035510105771],[152.701531712045,-27.2037435405806],[152.701592702008,-27.2039957305887],[152.701654021981,-27.204156240596],[152.701740781952,-27.2043168206059],[152.701894521918,-27.2044592006223],[152.702063621887,-27.2045695106399],[152.702253311858,-27.2046386506592],[152.702504581824,-27.2046941506846],[152.702622401804,-27.2047540906967],[152.702770371781,-27.2048178907119],[152.702932211741,-27.2049960507294],[152.703029301717,-27.2051069407399],[152.703004301687,-27.2053699507395],[152.702954621649,-27.2057182007373],[152.702977911595,-27.2061373707429],[152.703074091531,-27.2065730107559],[152.703365101448,-27.206987410788],[152.703656231358,-27.2074705308207],[152.703770801321,-27.2076648908336],[152.703842091287,-27.2078774008424],[152.703923701256,-27.2080562308519],[152.704031011219,-27.2082672608642],[152.704148501177,-27.2085057808777],[152.70416850114,-27.2087853708819],[152.704101381125,-27.2089639708767],[152.704008491109,-27.2091746108692],[152.703884791091,-27.2094264108589],[152.703812411066,-27.2096920708538],[152.703786391051,-27.2098340908524],[152.703780801025,-27.2100494508535],[152.703780290995,-27.2102877708554],[152.703630390947,-27.2108053408446],[152.70358892093,-27.2109793908419],[152.703542200904,-27.2112267708392],[152.703505920883,-27.2114237608372],[152.703505410859,-27.2116208208387],[152.703535810832,-27.2118087808432],[152.703601910791,-27.2120839008519],[152.703637210754,-27.2123543508576],[152.703616000717,-27.212670510858],[152.703517890691,-27.2129636308506],[152.703399080665,-27.2132796108413],[152.703249730646,-27.2135542808287],[152.703023170633,-27.2138608808086],[152.70269380061,-27.2143276707797],[152.702585570595,-27.2145382607707],[152.702498010588,-27.214670970763],[152.701627080503,-27.2161034106881],[152.701473200495,-27.2163004006744],[152.701354720485,-27.2164834806641],[152.701236310473,-27.2166803206539],[152.701148420448,-27.2169551006474],[152.70105520041,-27.2173444506412],[152.701034100379,-27.2176102206412],[152.700853100274,-27.2186099406312],[152.700470110169,-27.2197864106026],[152.701023879809,-27.2222205306768],[152.701025309605,-27.2238611606899],[152.70223107917,-27.2263384108291],[152.70119889901,-27.228508680744],[152.700223508902,-27.2302145806608],[152.699860118911,-27.2304574106267],[152.699549898918,-27.2306706305977],[152.698760118932,-27.2312354105239],[152.698280108941,-27.231571410479],[152.697985108947,-27.2317804004514],[152.697507798953,-27.232141620407],[152.697285118949,-27.2323604203867],[152.697123088953,-27.2324714203715],[152.696690708949,-27.2328716603318],[152.696550988949,-27.2329922603189],[152.696426888947,-27.2331128803076],[152.695995098945,-27.2335044202679],[152.695847598944,-27.2336337102543],[152.695700098945,-27.2337564102407],[152.695452118944,-27.2339774102178],[152.695085108977,-27.2340204001818],[152.694890098997,-27.2340324101626],[152.694702079013,-27.2340584201442],[152.693904119089,-27.2341374100657],[152.693714099106,-27.2341614100471],[152.693080129166,-27.2342213999848],[152.692889089176,-27.2343064099665],[152.692698089181,-27.2344292899486],[152.692243079183,-27.2348024199065],[152.692104119184,-27.2349134198936],[152.691936109186,-27.2350383998779],[152.691494099188,-27.235401759837],[152.691351999191,-27.2355062698238],[152.691140119192,-27.2356794098041],[152.690873119188,-27.2359404097798],[152.690800119173,-27.236123409774],[152.690770079153,-27.2363094097725],[152.690768299129,-27.2365018097738],[152.690987079044,-27.2369986397994],[152.691065109016,-27.2371623998085],[152.691140118977,-27.2374124098179],[152.691187098948,-27.237603409824],[152.69120307892,-27.2378144198273],[152.6912220989,-27.2379593998303],[152.691279078872,-27.2381404098374],[152.691345108844,-27.2383084098453],[152.69171510875,-27.2387494098854],[152.691832118721,-27.2388853998981],[152.691966118688,-27.2390304099125],[152.692441088566,-27.2396124199642],[152.692585118523,-27.2398283999802],[152.692650088493,-27.2400143999881],[152.692697098465,-27.2402054099942],[152.692739588442,-27.2403548599996],[152.692748198418,-27.240540760002],[152.692743788393,-27.2407447100031],[152.692737108372,-27.2409214000039],[152.69270910835,-27.2411184100027],[152.692661808333,-27.2412945299994],[152.692559098309,-27.2415824099915],[152.692497408288,-27.2418036999871],[152.692383088264,-27.2420924099781],[152.692059078258,-27.2424183999486],[152.691960128249,-27.24257540994],[152.691643088226,-27.2430384099123],[152.691518118214,-27.2432394099015],[152.691358098215,-27.2433694098867],[152.690880128224,-27.243707409842],[152.690741098227,-27.243802409829],[152.690529108229,-27.2439713998093],[152.690130088221,-27.244378399773],[152.690013108217,-27.2445064097624],[152.689886088212,-27.2446614197511],[152.689485098205,-27.2450614097145],[152.6893605982,-27.2452051097033],[152.689282088185,-27.2453973996971],[152.68918211816,-27.2456834096895],[152.689154078134,-27.2459163996885],[152.689147078109,-27.2461254096895],[152.689122108087,-27.2463203996886],[152.689050098061,-27.2465924096836],[152.688956108041,-27.2468374096762],[152.688856128026,-27.247045419668],[152.68741408794,-27.2489754095404],[152.684338087955,-27.2514954092557],[152.681760127917,-27.2540163990204],[152.681585117912,-27.2542134090046],[152.681513097904,-27.2543333989984],[152.681410097891,-27.2545304089898],[152.681349107883,-27.2546444089847],[152.681246097864,-27.2548873989764],[152.681169117842,-27.2551354089707],[152.681076117801,-27.2555394189647],[152.681014107769,-27.2558554189611],[152.680978077747,-27.2560624089592],[152.68095610736,-27.2592014189819],[152.681007097322,-27.259463418989],[152.681079077279,-27.2597523989984],[152.681135177248,-27.2599496290055],[152.681273587193,-27.2602755690218],[152.681417207136,-27.2606108590387],[152.681463097097,-27.2608864190454],[152.681494077059,-27.2611664090507],[152.681452107023,-27.2614964190491],[152.681385086996,-27.2617674090447],[152.681272416961,-27.2621526090365],[152.681236096939,-27.2623593990346],[152.681210106897,-27.2627174190348],[152.681282086839,-27.2631254190452],[152.681338076805,-27.2633504090525],[152.681559086728,-27.2637774090778],[152.683493116223,-27.2661893992884],[152.683636116175,-27.2664513993047],[152.683754086134,-27.2666804093182],[152.683775076112,-27.2668454093216],[152.683852126073,-27.2670934093311],[152.683872126049,-27.2672684193345],[152.683872126015,-27.2675389393367],[152.683867095985,-27.2677864193381],[152.683577095544,-27.2715954193396],[152.683582095512,-27.2718474093421],[152.683618085473,-27.2721273993478],[152.683679515439,-27.2723527693557],[152.683990385333,-27.2729416593912],[152.684167085288,-27.2731514194103],[152.685465095005,-27.2743194095481],[152.685727094953,-27.2745124095756],[152.686265104863,-27.274774399631],[152.686615104813,-27.2748714196664],[152.686912394777,-27.2749128596962],[152.687246074741,-27.2749134097292],[152.687539094712,-27.2748954097581],[152.687955084674,-27.2748404097989],[152.690285104472,-27.2744674100267],[152.690517094451,-27.2744354100495],[152.690809094418,-27.2744494100785],[152.691086494384,-27.2744863201063],[152.691225084366,-27.2745144001202],[152.693283614085,-27.2750075003281],[152.693489114062,-27.2750174203485],[152.698401903458,-27.2756604408404],[152.698653093425,-27.2757114108657],[152.701164113078,-27.2763474011195],[152.701400123047,-27.2763984111433],[152.701641093018,-27.2764254211674],[152.703556102806,-27.2764874113577],[152.703715092787,-27.2765064113736],[152.703962092752,-27.2765704013986],[152.704305112696,-27.2767314114339],[152.704618102634,-27.2769614214667],[152.704926092555,-27.2773284015002],[152.704993102525,-27.2775124015083],[152.705116112482,-27.2777554215224],[152.705527102275,-27.2790684015735],[152.705562102245,-27.2792804115787],[152.705578092211,-27.2795414115823],[152.705552102181,-27.2798074015818],[152.705495092162,-27.2800054115778],[152.704612122047,-27.2816974215036],[152.704504112033,-27.2818994214945],[152.704437102016,-27.2820964114895],[152.704422102003,-27.2822114014889],[152.704391071986,-27.2823764114871],[152.704401111956,-27.2826054214899],[152.704436771925,-27.2828262314952],[152.704477801905,-27.2829501115002],[152.704534081883,-27.2830784115068],[152.705380111524,-27.2852454016079],[152.70545209149,-27.2854614116167],[152.705534111452,-27.2856954216267],[152.705560091427,-27.2858704116307],[152.705565091403,-27.2860624216327],[152.705539071383,-27.2862414116315],[152.705498191335,-27.2866685216308],[152.7054411013,-27.2869944116277],[152.705400111281,-27.2871874016252],[152.705380111265,-27.2873334116244],[152.705339091243,-27.287545421622],[152.705241081235,-27.2876914216134],[152.705169111217,-27.287902411608],[152.705061101203,-27.2881044115989],[152.704963101196,-27.2882424015903],[152.7040341011,-27.2898154015106],[152.703869191079,-27.2901315114968],[152.703756121058,-27.2903974114877],[152.703689101035,-27.290640411483],[152.703643081005,-27.2909204114806],[152.703581100972,-27.291241401477],[152.703525110939,-27.2915494114739],[152.703545110907,-27.2917879514778],[152.70366308084,-27.292233211493],[152.703791080803,-27.2924174115072],[152.704012090757,-27.2926004115305],[152.704305110708,-27.2927384015606],[152.704582080669,-27.2928174215887],[152.704998100623,-27.29282641163],[152.705378100591,-27.2927624216672],[152.705650100575,-27.2926574116933],[152.707180110467,-27.2922144118415],[152.707442110451,-27.2921134218666],[152.707868100428,-27.2919304219074],[152.712598100189,-27.2897924123594],[152.712860090177,-27.2896684023844],[152.713086100163,-27.2895814124061],[152.713379090141,-27.2895084124346],[152.71359907012,-27.2894904124563],[152.713728100103,-27.2895134124693],[152.714046090064,-27.2895594225011],[152.714308120024,-27.2896514225279],[152.71450809999,-27.2897524125485],[152.714688119955,-27.2898854125674],[152.71488306991,-27.2900744025882],[152.715083089859,-27.2903134026099],[152.717013099391,-27.292421412818],[152.717116099368,-27.292518422829],[152.71726509934,-27.2926194128446],[152.717408099317,-27.2926784128592],[152.717562099294,-27.292738402875],[152.721121098819,-27.293499423234],[152.721347068789,-27.2935504132568],[152.721963078692,-27.2937984233198],[152.722250078651,-27.293881413349],[152.724140088355,-27.2946404135425],[152.724355078326,-27.2946914135642],[152.724612108295,-27.2947184035899],[152.724843078269,-27.2947284136129],[152.724957098258,-27.2947234236242],[152.726307088122,-27.2946564137576],[152.726466088104,-27.2946604137734],[152.726758088068,-27.2947024238026],[152.727128088023,-27.2947484138397],[152.727354097987,-27.2948454038629],[152.727549077958,-27.2949094238828],[152.727765087921,-27.2950194239051],[152.731128117341,-27.2967984142528],[152.731462097289,-27.296932414287],[152.731852097229,-27.2970794143269],[152.7320470772,-27.2971434243467],[152.732617107131,-27.2972084144038],[152.734445096947,-27.2971234045845],[152.734779066917,-27.2970724246173],[152.735077086897,-27.2969764046461],[152.735349086887,-27.2968254046719],[152.735703066869,-27.2966654247057],[152.73603211686,-27.2964594247368],[152.736438106848,-27.296202424775],[152.736756086845,-27.2959594248046],[152.737003086853,-27.295679404827],[152.737228106874,-27.2953224148465],[152.737845106927,-27.2943634149001],[152.738024106939,-27.2941154149159],[152.738271056937,-27.2939184149388],[152.738497106927,-27.2938034149604],[152.738656096916,-27.2937584249758],[152.738861086898,-27.2937264149959],[152.739277106857,-27.2936944150369],[152.74164508661,-27.2936554152717],[152.745608106222,-27.2933694256628],[152.745664096226,-27.2932934056678],[152.748799085665,-27.2951124259934],[152.750566085485,-27.2950414161683],[152.751171075381,-27.2953604162309],[152.752245085258,-27.2954294163381],[152.753606095166,-27.2950014264699],[152.75302706507,-27.2962664164224],[152.753224084962,-27.2969654164475],[152.754139064714,-27.298177406548],[152.754754094602,-27.298551426612],[152.75492509458,-27.2985754166292],[152.755606074454,-27.2990054167002],[152.756849084117,-27.3006504168367],[152.757028113947,-27.3018604068641],[152.756419073922,-27.3025844268093],[152.756362103901,-27.3028054268054],[152.756417103699,-27.3043804268233],[152.756401083667,-27.3046474168239],[152.756551063337,-27.3071724268588],[152.755568113359,-27.3078414167664],[152.756162083196,-27.3086404168317],[152.756299063174,-27.3086944168458],[152.755961073076,-27.3097784068208],[152.754246083185,-27.3103694066551],[152.754241083143,-27.3107144166574],[152.753955073097,-27.3113284166338],[152.753109073181,-27.3113774165502],[152.752952093182,-27.3115004265356],[152.75227209325,-27.3115374264684],[152.752133103269,-27.3115104164543],[152.752024113218,-27.3120114164475],[152.751148113246,-27.3125344063646],[152.75055506329,-27.312692416307],[152.749918063342,-27.3128184162447],[152.749617553357,-27.312956796216],[152.749125103378,-27.3132114161691],[152.748755973328,-27.3139293861381],[152.748638082973,-27.3168884161499],[152.748228113001,-27.3170084161101],[152.7472310831,-27.3170754160116],[152.747279073024,-27.3176434260209],[152.748010092879,-27.3181804260977],[152.748509092756,-27.3187424161517],[152.748623082724,-27.3188954161643],[152.749190072559,-27.3197404162272],[152.750521592335,-27.3203966263647],[152.748850911033,-27.3322879862929],[152.754677660306,-27.3331274068782],[152.755630640803,-27.3283135769347],[152.755706120808,-27.3282134569414],[152.75583208078,-27.3283294169548],[152.756049070737,-27.3284854269776],[152.758378070333,-27.3297304172188],[152.759489090149,-27.3302574073333],[152.760206089949,-27.3312454174124],[152.760620109851,-27.3316784174569],[152.760823049795,-27.3319564174793],[152.761806069549,-27.3330874075859],[152.762331089385,-27.3339494176449],[152.762705099329,-27.3340834176831],[152.763138069224,-27.3345504277298],[152.763445109157,-27.3348244077625],[152.763853099084,-27.3350644178049],[152.764127069028,-27.3352774178338],[152.76442205898,-27.3354124178642],[152.764498088961,-27.3354944278724],[152.764860098915,-27.3355524279088],[152.764982078902,-27.335556417921],[152.765211078871,-27.3356104179442],[152.766041088784,-27.3355934180265],[152.767019068723,-27.3352424181209],[152.767523068715,-27.3348774181681],[152.767596098695,-27.3349744081761],[152.768073088396,-27.3369644182393],[152.768501078274,-27.3375734182866],[152.768301098284,-27.3376684182675],[152.768543058226,-27.3379244182936],[152.768768848163,-27.3382400883185],[152.768970068106,-27.3385214183407],[152.769411067953,-27.3393724183913],[152.769516107904,-27.3396754284041],[152.769520087865,-27.339984418407],[152.769567067841,-27.3401394284128],[152.769628087818,-27.3402694284199],[152.769668097782,-27.3405244084259],[152.770024077665,-27.3411564284663],[152.770674077506,-27.3418734085366],[152.771022067415,-27.3423104185746],[152.771513097302,-27.3427934186272],[152.771887077214,-27.3431754286674],[152.772075057127,-27.3437184186904],[152.772090087093,-27.343976418694],[152.772119067067,-27.3441544286982],[152.772133086919,-27.345337428709],[152.772014056853,-27.3459674287022],[152.771872076851,-27.3461044186891],[152.771654056835,-27.34642141867],[152.77116908685,-27.3467154186241],[152.770897086812,-27.3472524186013],[152.770898076733,-27.3478854086064],[152.771139086646,-27.3483744286342],[152.77150707656,-27.3487544186738],[152.771748086505,-27.3489894186996],[152.772013076423,-27.3494144187293],[152.772011066386,-27.3497134187315],[152.771767066372,-27.3500374287098],[152.77070013644,-27.3504084386067],[152.770175226457,-27.350716428557],[152.769648786476,-27.3510191285071],[152.769556076479,-27.3510724284983],[152.769062086521,-27.3511634284499],[152.768349096642,-27.3508034183762],[152.767921096691,-27.3507744083335],[152.76668009675,-27.3513714282149],[152.766275056745,-27.3517574281777],[152.766140076694,-27.3522784181684],[152.765643056665,-27.3529434281243],[152.765034086673,-27.3533984080673],[152.764178096702,-27.3539014279863],[152.763321076754,-27.3542184279037],[152.762904096752,-27.3545954178652],[152.762689076663,-27.3554914078509],[152.76207007664,-27.3562124077951],[152.762076096557,-27.3568674178009],[152.762523076413,-27.3576434178515],[152.762621076327,-27.358248407866],[152.762305096154,-27.3599104078477],[152.762071056106,-27.3604934178291],[152.76180909609,-27.3608464178059],[152.761745076039,-27.3613074178032],[152.761521076,-27.361818407785],[152.760256095974,-27.3631114076695],[152.760012095904,-27.3638804176514],[152.760614085661,-27.3653194277225],[152.760923055587,-27.3656454077558],[152.762636075247,-27.366903407936],[152.762817085201,-27.3671164179556],[152.762910085165,-27.3673254179665],[152.762907055135,-27.3675644179681],[152.762853065113,-27.3677884179645],[152.761945094956,-27.3698284078904],[152.761889064881,-27.37047842789],[152.762002074787,-27.3711354179064],[152.762324074677,-27.3717444179433],[152.764436074153,-27.3741284181719],[152.765035074019,-27.3746904182359],[152.76562206382,-27.3757824183029],[152.766500073579,-27.3769594183994],[152.767288073487,-27.3770204184782],[152.76749408349,-27.3768224084971],[152.767611063465,-27.3769204185095],[152.768329093314,-27.3775144185856],[152.769586073013,-27.378850418721],[152.769744082986,-27.3789294087374],[152.770052072946,-27.3789884287684],[152.770477082899,-27.3789994188108],[152.770492082898,-27.3789964188122],[152.770747072878,-27.3789334288371],[152.771243062841,-27.3788094188854],[152.772168082726,-27.3789364289783],[152.772908092634,-27.3790414090527],[152.772958052612,-27.3791724290587],[152.772691062465,-27.3805764090433],[152.772383072193,-27.383021429032],[152.772578092122,-27.3834284290546],[152.772909071999,-27.384124419093],[152.774483061417,-27.3874444292757],[152.774924091379,-27.3873674093189],[152.775122071361,-27.3873454193384],[152.7758490712,-27.3880084194159],[152.775868091171,-27.3882254194195],[152.776282071083,-27.3885724294634],[152.776378071059,-27.3886844294739],[152.776324081055,-27.3887604194691],[152.77609209104,-27.3890824194486],[152.775644091086,-27.3890954194041],[152.775209080972,-27.3903864293711],[152.775344090914,-27.3907374293873],[152.774943070897,-27.3912144093512],[152.775128090793,-27.391889419375],[152.774835070744,-27.392537459351],[152.774434040734,-27.3929614393144],[152.774654060681,-27.3931934093381],[152.774771080396,-27.3953794293671],[152.774564050336,-27.3960374193517],[152.774654060163,-27.397344419371],[152.774841090112,-27.3975964093916],[152.774870070104,-27.3976314193947],[152.775026070072,-27.3977584194112],[152.775059069988,-27.3984034194196],[152.774568069957,-27.3990754093761],[152.774839079797,-27.4001234194113],[152.774543139763,-27.4006513893861],[152.774633109707,-27.401019409398],[152.775319059612,-27.4011934194675],[152.775414069583,-27.4013414194781],[152.775469249539,-27.401643569486],[152.77562145952,-27.4016733695014],[152.776424059419,-27.4017924195821],[152.783355078548,-27.4028174302793],[152.78492906835,-27.4030494204376],[152.786893348103,-27.4033408506352],[152.788717767874,-27.4036071008188],[152.792408097409,-27.4041659311902],[152.798658466623,-27.4050931718193],[152.799331056983,-27.4016364218589],[152.799997067057,-27.4004660819159],[152.799754047135,-27.4000534218885],[152.799884097148,-27.3998414318997],[152.800836097058,-27.3997374219936],[152.801598067094,-27.398795422062],[152.802109067051,-27.3987034221121],[152.802727086895,-27.3994234221793],[152.802722086833,-27.3999244221828],[152.804075066666,-27.4001004223188],[152.804541066581,-27.4003834223674],[152.805969086384,-27.4007324225123],[152.80613705634,-27.4009384225306],[152.807646076148,-27.4011824226828],[152.807998046152,-27.4008464227151],[152.808590076099,-27.4007664327734],[152.808652096057,-27.4010454227818],[152.812061085603,-27.4017614331268],[152.812366075609,-27.4014454131546],[152.8124640756,-27.4014334231643],[152.812755055541,-27.4016634231951],[152.814161075335,-27.4021034233385],[152.814774055009,-27.404187433416],[152.81538305481,-27.4052524234851],[152.81600304468,-27.4057624235508],[152.81739405432,-27.4074484237027],[152.818169064221,-27.4075764237808],[152.818823073977,-27.4089664238569],[152.820046073751,-27.4097254239847],[152.820855063545,-27.4106854240729],[152.824573062968,-27.4121084244544],[152.825703062827,-27.4122664145682],[152.827601062326,-27.4146494247761],[152.829092092081,-27.4153254349299],[152.831163061658,-27.416937425149],[152.836798080815,-27.4188434257255],[152.838438060672,-27.4185834258868],[152.840470050533,-27.4179524360843],[152.842776080323,-27.4176474263117],[152.844079060145,-27.4179604264441],[152.845244069864,-27.41920142657],[152.847246059603,-27.4195744167725],[152.849320059085,-27.4219354269979],[152.851735038831,-27.4218994272384],[152.852629078859,-27.4209034273196],[152.853032068856,-27.4205874273573],[152.855579038527,-27.4210294276148],[152.858295038243,-27.4209714278852],[152.859319048095,-27.4212834279897],[152.861154047763,-27.4223624281813],[152.862621057653,-27.4219854383246],[152.862456847767,-27.4212089183021],[152.863124648141,-27.4176525883406],[152.864791057931,-27.4179024285088],[152.864801057938,-27.4178434285093],[152.865906057909,-27.4171244286139],[152.867471067869,-27.4161044287619],[152.87215007775,-27.4130526892046],[152.872689067606,-27.4137434292639],[152.897234844534,-27.4172674417421],[152.89759794477,-27.415073481761],[152.89808898471,-27.4151266918105],[152.899653844517,-27.4153355019685],[152.899232194223,-27.4180342419477],[152.902214723854,-27.4184310522488],[152.901771463565,-27.4211140122257],[152.903467363355,-27.4213388623969],[152.902646692841,-27.4261342123528],[152.903739982706,-27.4262769424632],[152.905289922514,-27.4264808626196],[152.904513851969,-27.4314868925817],[152.904443551923,-27.4319157925781],[152.905219141852,-27.4318224626548],[152.906236141667,-27.4324274527612],[152.90884107128,-27.4332814430282],[152.910511131101,-27.4332804631951],[152.911484221079,-27.4326244532872],[152.912896110933,-27.4325794434279],[152.914260160671,-27.4335054635716],[152.915767130482,-27.4337193937239],[152.91652710041,-27.4336454137993],[152.917271950363,-27.4333814438716],[152.918823900092,-27.4342174540334],[152.91992119998,-27.4341724641427],[152.921445029818,-27.4341584442949],[152.921785069766,-27.4342884443299],[152.922574049627,-27.4347154344122],[152.923291059612,-27.43422844448],[152.923398039609,-27.4341574444902],[152.923506039607,-27.4340854345004],[152.924854059387,-27.4346814346399],[152.92555916897,-27.4374013947319],[152.925752028856,-27.4381454347571],[152.925544058783,-27.4389034347423],[152.926054028671,-27.4393594347969],[152.926532038564,-27.4398014448482],[152.927366058361,-27.4407034449387],[152.927374058349,-27.4407964449402],[152.927449058196,-27.4419534349569],[152.92731061821,-27.4419577249431],[152.927300438092,-27.4429039849495],[152.927103988103,-27.4429857749305],[152.928205857864,-27.4439467950483],[152.928584357782,-27.4442749050888],[152.931070227319,-27.4458384853497],[152.930789977157,-27.4473702353338],[152.930749977123,-27.4476749853322],[152.927963057238,-27.4491394450651],[152.92792450721,-27.4493899950632],[152.927808147131,-27.4501166350573],[152.926529367089,-27.4515484549408],[152.926745446943,-27.4525203049701],[152.925804557003,-27.4528518348786],[152.925639756905,-27.4537724148694],[152.925931246788,-27.4544495149039],[152.92593255665,-27.4555484749127],[152.925941096572,-27.4561636349184],[152.925552156443,-27.4575215348903],[152.926309716229,-27.4585807149744],[152.925823536238,-27.4589185849285],[152.925351296137,-27.4601274648908],[152.924112816162,-27.4609900847738],[152.923014896294,-27.4608781246631],[152.922594706326,-27.4609791346219],[152.922094296424,-27.4606264845691],[152.92116605656,-27.460336454474],[152.920389926692,-27.4599518643934],[152.920225056713,-27.4599234243767],[152.920061056734,-27.45989543436],[152.91945103696,-27.458619434289],[152.918677057133,-27.457907424206],[152.917340027382,-27.4570614440656],[152.915822057504,-27.4573914439165],[152.914739037625,-27.457356443808],[152.913956067824,-27.4564414337225],[152.91268605796,-27.4564424335956],[152.911476078079,-27.4565264334753],[152.911114038123,-27.4564854434388],[152.908964368384,-27.4562473432221],[152.907438048461,-27.456933433075],[152.906640048456,-27.4576614330011],[152.906341038491,-27.457635442971],[152.905670058497,-27.4581634229081],[152.904614038543,-27.4586984328068],[152.903613068548,-27.4595184427133],[152.902429048628,-27.459890442598],[152.901162058837,-27.4593074324668],[152.898323049266,-27.4583184421754],[152.897240059486,-27.4574914320607],[152.896368069638,-27.4570314319699],[152.894352029826,-27.4572584217704],[152.892289049972,-27.4578544415691],[152.89218407991,-27.4584414215632],[152.891704069922,-27.4587564215178],[152.889791580411,-27.4564936713089],[152.889607030458,-27.4562754312888],[152.889278060467,-27.4564904312577],[152.885316061499,-27.4516534208239],[152.880269051627,-27.4549494403461],[152.875231032932,-27.4488624397952],[152.874395043052,-27.4486134297098],[152.872842043318,-27.4478284395486],[152.871478073378,-27.4485124394179],[152.870585063465,-27.4485864393294],[152.870118043599,-27.4479124292775],[152.869245073851,-27.4466564291805],[152.866599044298,-27.4453504389062],[152.865167034571,-27.4444024187558],[152.863667034776,-27.4440504186034],[152.86277504475,-27.4450184285221],[152.862549074668,-27.4458664385062],[152.861656064669,-27.4466264384232],[152.860021054747,-27.4474014382662],[152.856329075265,-27.4464324278904],[152.854824075377,-27.4468274377434],[152.854742055379,-27.4468854377357],[152.853999065481,-27.4467094276603],[152.853831055512,-27.4466014176427],[152.853732065533,-27.4465164376321],[152.853634065553,-27.4464424376218],[152.853536055569,-27.4464004176116],[152.853481055575,-27.4463964276061],[152.853421045584,-27.4463804176],[152.853303045599,-27.4463574275881],[152.853243075607,-27.4463514275821],[152.853189055612,-27.4463534275767],[152.853135065617,-27.4463624175714],[152.853084045621,-27.4463694275663],[152.852912055632,-27.4464294275497],[152.852851065638,-27.4464394375437],[152.852774045643,-27.4464584375361],[152.85269104565,-27.446477437528],[152.852546065662,-27.4465044275138],[152.852468065668,-27.4465274175062],[152.85240404567,-27.4465604275],[152.852347075672,-27.4465954274946],[152.852282065674,-27.4466404174885],[152.852215045676,-27.4466764174821],[152.852166065676,-27.4467224274776],[152.852068065673,-27.4468304374687],[152.851954035667,-27.4469704274584],[152.851922065667,-27.4469994274555],[152.851882065663,-27.447063417452],[152.851821075654,-27.4471874274469],[152.85178205564,-27.4473384274442],[152.851761065636,-27.4473884274425],[152.851748065631,-27.4474414374416],[152.851701055623,-27.4475404274377],[152.851542065623,-27.4476794374229],[152.851452055626,-27.4477314174144],[152.851417055626,-27.4477574274111],[152.851028075644,-27.4479504273738],[152.850671065676,-27.4479984273386],[152.850555065686,-27.4480204273272],[152.850464075697,-27.4480144373181],[152.850247045727,-27.447957437296],[152.850083045749,-27.4479184372794],[152.850012055761,-27.4478884272721],[152.849954055769,-27.4478714272662],[152.849858065781,-27.4478614172565],[152.849721045799,-27.4478314272426],[152.849607055818,-27.4477784272308],[152.849445065837,-27.4477684172146],[152.849318045853,-27.4477464272018],[152.849164055874,-27.4477094271861],[152.849033055893,-27.4476744171728],[152.848940055905,-27.4476594371634],[152.848654035944,-27.4475914271343],[152.84859103595,-27.4475944271281],[152.848317075983,-27.4475674371005],[152.848126066004,-27.4475634170815],[152.847842056028,-27.4476194170536],[152.847675076041,-27.4476584170373],[152.847450046071,-27.4476124270145],[152.846976066148,-27.4473974169655],[152.846878056166,-27.4473404269553],[152.846698036194,-27.4472724369368],[152.846527076218,-27.4472264269194],[152.846390056233,-27.4472264269058],[152.846291066241,-27.447242426896],[152.846200076247,-27.4472734368872],[152.845839046275,-27.4473634368519],[152.845610046295,-27.4473974168294],[152.845315056323,-27.4474304268002],[152.844944066366,-27.447399416763],[152.844863036375,-27.4474014367549],[152.84464805639,-27.447463426734],[152.844542056396,-27.4475104167238],[152.844421056407,-27.4475194267118],[152.844312076416,-27.4475454167012],[152.844198046428,-27.4475474166898],[152.844104056439,-27.4475384266804],[152.84402105645,-27.447518426672],[152.843948056462,-27.4474884266644],[152.843765046488,-27.4474414366458],[152.843625066514,-27.4473484366311],[152.843517066543,-27.4472124166193],[152.843475056552,-27.4471734266148],[152.843441076559,-27.4471504266112],[152.843396066566,-27.4471354266066],[152.843291056579,-27.447118426596],[152.843104066597,-27.4471324265775],[152.842843056626,-27.4471234365514],[152.842676066632,-27.4472244265356],[152.842147076703,-27.4471084364819],[152.84199205673,-27.4470284164658],[152.84177105677,-27.4468934264428],[152.841729036777,-27.4468754264384],[152.841395066817,-27.4468454364049],[152.841331046822,-27.4468544263986],[152.841123066843,-27.446865436378],[152.841058056853,-27.4468434163713],[152.840944076867,-27.4468294363598],[152.840831066887,-27.4467704163481],[152.84056706692,-27.4467264263214],[152.840318056945,-27.4467444262968],[152.840227066952,-27.4467624262878],[152.839985066969,-27.4468344262643],[152.839879076976,-27.4468734262541],[152.839645076995,-27.4469224362311],[152.839453047019,-27.4468934262118],[152.839407057026,-27.446878426207],[152.839358077032,-27.4468734262021],[152.839263067041,-27.4468784261927],[152.839208057048,-27.4468754261872],[152.839027057064,-27.4469034361694],[152.838975047069,-27.4469074261642],[152.838768047087,-27.4469374161438],[152.838701077096,-27.4469254261371],[152.83860405711,-27.4468924261272],[152.838455067135,-27.4468234161118],[152.838327057158,-27.4467494160984],[152.838272057167,-27.4467244260927],[152.838180077186,-27.446654426083],[152.838108057206,-27.446554426075],[152.838079037223,-27.4464414360713],[152.83803304724,-27.4463474360659],[152.838006037254,-27.4462614260626],[152.838003047262,-27.4461964160618],[152.837978047283,-27.4460494160581],[152.837949067302,-27.4459214360542],[152.837888077323,-27.4458084160472],[152.837825077339,-27.4457354360404],[152.837753057354,-27.4456754260327],[152.837679077369,-27.4456244360249],[152.837519057396,-27.4455414260084],[152.837457047405,-27.445520426002],[152.837409047413,-27.4455014259971],[152.83735305742,-27.4454924159914],[152.837162047449,-27.4454254259719],[152.837059047463,-27.4453984159614],[152.836948047475,-27.4453984159503],[152.836834067496,-27.4453294359384],[152.836726057523,-27.4452094259267],[152.836669047535,-27.4451594159206],[152.836626047547,-27.4451034159159],[152.836585057561,-27.4450284259112],[152.836495047584,-27.4449174259014],[152.836372047614,-27.4447814258881],[152.836251047641,-27.4446744258752],[152.836186037653,-27.4446354258684],[152.83612804766,-27.4446224158625],[152.836074057666,-27.4446214258571],[152.835939047678,-27.4446444358438],[152.835840057691,-27.4446234158338],[152.835718077709,-27.4445824258213],[152.835630077729,-27.4445044258119],[152.835494077755,-27.4444134257977],[152.835228067801,-27.44426942577],[152.835131047813,-27.4442564357603],[152.835055057829,-27.4441954257522],[152.834959057842,-27.4441734257425],[152.834660047887,-27.4440714357119],[152.834227047952,-27.4439204156675],[152.833673058039,-27.4437074256107],[152.833499058066,-27.4436394255928],[152.833416058077,-27.4436174255843],[152.833057048121,-27.4435804255483],[152.832871078144,-27.4435504155295],[152.83272306816,-27.4435524355148],[152.832563048175,-27.443571435499],[152.832461068183,-27.443594425489],[152.832339048198,-27.4435814254768],[152.832085048226,-27.4435724354514],[152.831914048247,-27.4435544354342],[152.831716068271,-27.4435304154143],[152.83142706831,-27.443465425385],[152.831318078323,-27.443451425374],[152.830977058381,-27.4432854253387],[152.830734078424,-27.4431504253135],[152.830684068435,-27.4431054153081],[152.830625048444,-27.443079425302],[152.830570048452,-27.4430694152965],[152.830341038478,-27.4430574352736],[152.829961038519,-27.4430564352357],[152.82977404854,-27.443042425217],[152.829708058547,-27.4430444252104],[152.829524058558,-27.4431124351926],[152.829437048563,-27.4431484351842],[152.82934404857,-27.4431724251752],[152.829189068586,-27.4431824351598],[152.828974048607,-27.4431934251385],[152.82875905863,-27.4431934251171],[152.828589038645,-27.4432204351003],[152.828345078664,-27.4432814250765],[152.828228058669,-27.4433434250654],[152.827893058688,-27.4434794350331],[152.827615078708,-27.443555435006],[152.82746104867,-27.4439904249941],[152.827437068449,-27.4457804250058],[152.827080058445,-27.4461184249729],[152.826909058444,-27.4462684149571],[152.826216068516,-27.4462894148882],[152.8258810685,-27.4467044248581],[152.825169068489,-27.4474074247928],[152.82504204844,-27.4479054247841],[152.825047048423,-27.4480394247856],[152.824682048299,-27.4493434347596],[152.823919048291,-27.4500624146893],[152.823326068335,-27.4502184246315],[152.822698048353,-27.450613424572],[152.822457038334,-27.4509674145508],[152.822429048273,-27.4514814245521],[152.822275058226,-27.4519884345408],[152.822193078097,-27.4530944245414],[152.822212048059,-27.4533744145455],[152.82246506796,-27.4539534345752],[152.822400067911,-27.4544034245723],[152.822762067733,-27.4555134246171],[152.823559047532,-27.4564314347038],[152.823646067499,-27.4566194247139],[152.822910037484,-27.4573724346466],[152.822178067524,-27.4576824245761],[152.82153504749,-27.4585034345186],[152.820845057531,-27.4587674244519],[152.819588067556,-27.4596514343338],[152.819273077591,-27.4596414243023],[152.818934057582,-27.4600044242714],[152.818467047587,-27.4603624242278],[152.818008057621,-27.460484424183],[152.816809067743,-27.4605434240641],[152.815458057869,-27.4606944239308],[152.814616077956,-27.4607204338472],[152.812962038121,-27.4608224236833],[152.81241804817,-27.4609034136298],[152.812019068201,-27.4609984335909],[152.811842078211,-27.4610664235738],[152.81131504822,-27.4614474235243],[152.810702068203,-27.4621094334685],[152.81052106819,-27.4623724234526],[152.810328058162,-27.4627594334364],[152.810179058124,-27.463195423425],[152.810127048087,-27.4635364334226],[152.810219068,-27.4641494234366],[152.810704037785,-27.4654474234951],[152.810948047628,-27.4664984235277],[152.811124047402,-27.4681504235583],[152.811209057176,-27.4698834235804],[152.811295047103,-27.470397433593],[152.811209057057,-27.470837413588],[152.810149056988,-27.472295423494],[152.809967066952,-27.4727414234794],[152.809958056911,-27.4730794334811],[152.810447046738,-27.4740394135374],[152.811364066499,-27.4751664136376],[152.812089066328,-27.4759054137156],[152.812215066271,-27.4762524237309],[152.812270076204,-27.4767374137402],[152.812265076164,-27.4770624237422],[152.812412056018,-27.4781044237651],[152.811311286113,-27.478295083657],[152.810011306272,-27.4781420835264],[152.809425076295,-27.4784584134706],[152.806796054775,-27.4928664233227],[152.803790025154,-27.49242196302],[152.803581065169,-27.4924834129997],[152.801730035402,-27.4922094328134],[152.800551055293,-27.494097432711],[152.800608065271,-27.4942254327177],[152.800301065209,-27.4949884226931],[152.80044407505,-27.4961354227164],[152.799228075021,-27.4974084326055],[152.79715206528,-27.4971284323967],[152.79526607549,-27.4970724122087],[152.794150555682,-27.4964986720932],[152.794401055845,-27.4949784221061],[152.793962215958,-27.4944524620583],[152.793233236119,-27.4937943819806],[152.792792216266,-27.4929954619304],[152.792256176393,-27.4924394418727],[152.791532196556,-27.4917634517953],[152.791104156648,-27.4913974117499],[152.789878016797,-27.4912553816268],[152.789110126922,-27.4909184215478],[152.788547076986,-27.4908963714916],[152.788300116996,-27.491023471468],[152.787271987102,-27.4910644113661],[152.786284157222,-27.490949391267],[152.785257077295,-27.4912574511673],[152.78351898744,-27.4915914509971],[152.78264491754,-27.4915433909098],[152.781878097659,-27.4912544008312],[152.780980957689,-27.4917834307462],[152.780354217705,-27.4921934606872],[152.779310937925,-27.4913363905767],[152.778293208026,-27.491402740476],[152.777447068408,-27.4890784103735],[152.770305879294,-27.4881355996563],[152.769975039336,-27.488087419623],[152.769869079277,-27.4886504196169],[152.769776079294,-27.4885954196073],[152.768629069336,-27.4892404194984],[152.767400079587,-27.4882944193688],[152.765902049635,-27.4892034192271],[152.763919039822,-27.4894114090317],[152.762528059847,-27.4904104089014],[152.761688079921,-27.490538408819],[152.760306049929,-27.4916664186906],[152.759968059912,-27.4920954086604],[152.759067059912,-27.492870408577],[152.757061050023,-27.4937174183844],[152.75677105998,-27.4943064183603],[152.75464304019,-27.4944614081501],[152.75452105012,-27.4951304281433],[152.753235050394,-27.494041428007],[152.751960070555,-27.4938554278789],[152.748799060719,-27.4952664175761],[152.746767071141,-27.4936364273615],[152.746092071339,-27.4926354272866],[152.744292071618,-27.4919494271025],[152.742606072268,-27.4881964269054],[152.742429082291,-27.4881684168876],[152.742329072315,-27.4880614068769],[152.739331072696,-27.4875924165756],[152.738013051965,-27.4945864165],[152.736466072161,-27.4943514063446],[152.735988072162,-27.4947564163003],[152.734107812401,-27.4944668861114],[152.733506982354,-27.4953596760589],[152.731754072588,-27.4949974058821],[152.730170042682,-27.4956114257297],[152.729979072793,-27.4948894057051],[152.729964072823,-27.4946634157018],[152.729981052853,-27.4944084057015],[152.729895052911,-27.4940134156898],[152.72963506304,-27.4932044056577],[152.729327043192,-27.4922554156196],[152.728621053401,-27.4911884055411],[152.72769308359,-27.4904744154434],[152.726496063739,-27.4903144153234],[152.725389053804,-27.490745405217],[152.723791053883,-27.4914934150644],[152.722286043996,-27.4918864149182],[152.72095708408,-27.4923584247901],[152.720158064068,-27.493145414717],[152.719800063968,-27.4942534146903],[152.719796093806,-27.4955574247002],[152.720237083581,-27.4969814247552],[152.721164073363,-27.4979284148546],[152.721872063247,-27.4982474149273],[152.722224073194,-27.4983674049632],[152.722889063098,-27.4985664150307],[152.724349062827,-27.4994774051827],[152.725985062532,-27.5004294153526],[152.727001082304,-27.5013804054609],[152.727174052152,-27.5024454154864],[152.727262051955,-27.503947415507],[152.727006081854,-27.5049774154898],[152.726962061818,-27.505304405488],[152.726990051697,-27.5062484054982],[152.725562061773,-27.5068744053615],[152.724060051875,-27.5073584052163],[152.722087042027,-27.5078404250244],[152.721180062106,-27.5079904249356],[152.7191840523,-27.508160414739],[152.718161072431,-27.5079974146362],[152.717764972469,-27.5080364345972],[152.717192072558,-27.5078134145387],[152.716889082624,-27.5075454245065],[152.716645002679,-27.5073174144805],[152.716484082705,-27.507248424464],[152.716133052738,-27.5072894244295],[152.714879212837,-27.5075744443074],[152.714630062855,-27.5076454142833],[152.71445406285,-27.5078433842674],[152.714355072831,-27.5080753942594],[152.714281082789,-27.5084754142552],[152.714313062748,-27.5087754142608],[152.714443072677,-27.5092324142773],[152.714439052632,-27.5096034142798],[152.714325062621,-27.5097894142699],[152.714215052621,-27.5098834142598],[152.714010072636,-27.5099414142399],[152.713853082648,-27.5099774142246],[152.713535062683,-27.5099764141931],[152.712961062749,-27.5099394141359],[152.712807072764,-27.5099494241207],[152.71244907279,-27.510055414086],[152.712208062815,-27.5100614240622],[152.71155807292,-27.5097804039955],[152.71124808298,-27.5095674139631],[152.710182063158,-27.5090604038534],[152.709824073222,-27.5088574238163],[152.709316063293,-27.5087294237649],[152.708246063433,-27.5085314136573],[152.708001073466,-27.5084784136326],[152.707683053518,-27.5083344135999],[152.706729093749,-27.5073064234972],[152.706558053811,-27.5069604134776],[152.70646705386,-27.506644413466],[152.706317073876,-27.5066434134512],[152.705873053829,-27.5074054134132],[152.705748073791,-27.507815413404],[152.705712093647,-27.5090084234099],[152.705820093595,-27.5093254134231],[152.706071063479,-27.5100394034536],[152.70612808343,-27.510388413462],[152.706080083409,-27.5105964234589],[152.705846083416,-27.5107394134368],[152.705341063457,-27.5108524033876],[152.704956063442,-27.511298403353],[152.704590083443,-27.5116104033192],[152.704330053451,-27.5117694132947],[152.704154053434,-27.5120594232795],[152.704157083414,-27.5122184132811],[152.704299063362,-27.5125154132975],[152.704352063315,-27.5128454133053],[152.704187043305,-27.5130634132907],[152.703865083304,-27.5133554232611],[152.703930053273,-27.513548413269],[152.704325093212,-27.5136924133093],[152.705246053108,-27.5137264234009],[152.706039053032,-27.513656413479],[152.706299042999,-27.513696413505],[152.706386062973,-27.5138234135147],[152.706257072953,-27.514097423504],[152.706227062931,-27.5142994235027],[152.706387042863,-27.5147074235217],[152.70646304281,-27.5150684135321],[152.706404092783,-27.5153324235284],[152.706107052775,-27.5156584135015],[152.705741072795,-27.5158104034664],[152.705397052806,-27.516024413434],[152.704965082814,-27.5163304033936],[152.703577062848,-27.5172564232633],[152.702845082879,-27.5176454231938],[152.702489102883,-27.5179154531607],[152.702332082887,-27.518022413146],[152.70217805289,-27.5181294231315],[152.701981132907,-27.5181644031123],[152.701706102945,-27.5181004130845],[152.701501962986,-27.5179454130631],[152.701313073039,-27.5176854230423],[152.701109953076,-27.5175654430212],[152.700819043122,-27.5174454229914],[152.700732063154,-27.5172694129814],[152.700725093175,-27.5171004129794],[152.700820143187,-27.5169254529875],[152.701025083185,-27.5167654130065],[152.701158893189,-27.5166183730186],[152.701191053205,-27.5164564130205],[152.701073923254,-27.5161684530066],[152.700807183316,-27.5159014229781],[152.700561063362,-27.5157454129525],[152.700285163415,-27.5155553829236],[152.700019043473,-27.5153234128954],[152.6998230735,-27.5152734028756],[152.699618053385,-27.516376412864],[152.697455063657,-27.5160644126472],[152.697439073648,-27.5161544126463],[152.697264053647,-27.5163103826302],[152.696887043656,-27.5165664125949],[152.696292093659,-27.5170574225398],[152.696146793664,-27.517139372526],[152.695898083673,-27.5172824125025],[152.69534598369,-27.5176243824505],[152.694803083708,-27.5179503723993],[152.694277073722,-27.5182934223499],[152.69388401373,-27.5185734323131],[152.693340083736,-27.5189934022625],[152.692806053741,-27.5194134122129],[152.692306073754,-27.519739422166],[152.692036163774,-27.5198164321399],[152.691931043809,-27.519629412128],[152.691879903868,-27.5191924621194],[152.691767043923,-27.5188564121056],[152.691715033969,-27.5185294220979],[152.691752084043,-27.5179054220966],[152.691726204065,-27.5177494120928],[152.69163904409,-27.5176244020832],[152.691386064122,-27.5175844120578],[152.691088074148,-27.5176384120287],[152.69088608415,-27.5177934220099],[152.690606054148,-27.5180504019842],[152.690439064125,-27.5183784119703],[152.69038592408,-27.5187853919682],[152.690280034035,-27.5192373619613],[152.690295183958,-27.5198454019676],[152.690399063892,-27.5202824119813],[152.69003811383,-27.521092451952],[152.690105053698,-27.5220954119665],[152.689990993672,-27.5224074519577],[152.689631063688,-27.5225854219234],[152.689229933732,-27.5225774518836],[152.688862043767,-27.5226224618475],[152.688774193742,-27.522895421841],[152.688790033697,-27.5232464218453],[152.689034073642,-27.5234734218713],[152.689156093591,-27.5237774118858],[152.689364943522,-27.5241524419094],[152.689477073446,-27.5246594219246],[152.689599053381,-27.52508140194],[152.689606133328,-27.5254944319439],[152.689465063297,-27.5258684119329],[152.689237123299,-27.5260474019117],[152.688866063328,-27.5261394218757],[152.688704003344,-27.5261483918597],[152.688360903371,-27.5262293818264],[152.687923043404,-27.5263474117839],[152.68770605343,-27.5263224417622],[152.687344083464,-27.5263624217267],[152.687130053479,-27.526427391706],[152.686913053479,-27.526613411686],[152.686817933475,-27.5267314016775],[152.686722053442,-27.5270814216707],[152.686641053427,-27.5272654216642],[152.686518053428,-27.5273694116528],[152.686318073424,-27.5275764016346],[152.686241233407,-27.5277794416286],[152.686077063407,-27.5279214116135],[152.685849153416,-27.5280393715918],[152.685656943409,-27.5282633815746],[152.685463053421,-27.528341421556],[152.685219203431,-27.5284703815328],[152.684922203438,-27.528669371505],[152.684552093489,-27.5285804214676],[152.684414923513,-27.5285053814535],[152.684229173546,-27.5284063914343],[152.684031053556,-27.5284944114153],[152.683985063545,-27.5286204114118],[152.683890053553,-27.5286434114026],[152.683775223556,-27.5287143813917],[152.683683063548,-27.5288583613838],[152.683385073561,-27.5290174113555],[152.683092093584,-27.529084411327],[152.682909083609,-27.5290394613085],[152.68264701364,-27.5290183912824],[152.682452213655,-27.5290653812635],[152.682338073658,-27.5291404112528],[152.682056073677,-27.5292314112256],[152.681944973671,-27.5293803812157],[152.681917083647,-27.5295914112146],[152.681957923607,-27.529880411221],[152.682225073552,-27.5300944012491],[152.68234307352,-27.530246421262],[152.682437093474,-27.5305324612736],[152.682486083459,-27.530610401279],[152.68252305341,-27.5309704112855],[152.682385123397,-27.5311953912736],[152.682343143393,-27.5312664112701],[152.682267043377,-27.531459411264],[152.682177913375,-27.5315534212559],[152.681950073403,-27.5315264112332],[152.681643043487,-27.5311154211995],[152.681491013514,-27.5310334111838],[152.681357063531,-27.5310124111704],[152.681219973544,-27.5310224211569],[152.681071993552,-27.5310903711428],[152.680972093551,-27.5311814111336],[152.680743063541,-27.5314624011131],[152.680660093548,-27.531476411105],[152.680435143585,-27.531377381082],[152.680257063619,-27.5312544110634],[152.680146063639,-27.5311964110519],[152.679833913668,-27.5312294110213],[152.679639883684,-27.5312664110023],[152.679499063701,-27.5312554109883],[152.679309083715,-27.5313063709699],[152.679018913722,-27.5315023809427],[152.678905143717,-27.5316424409326],[152.678824073713,-27.5317404009253],[152.678777063693,-27.5319434009222],[152.678776983667,-27.5321544309239],[152.67886009363,-27.5323774109339],[152.679049063576,-27.5326494209548],[152.679167063508,-27.5330884109699],[152.679227073491,-27.5331794109766],[152.679351903464,-27.5332824109897],[152.679370993452,-27.5333663909923],[152.679215063456,-27.5334664209776],[152.679006063472,-27.5335204209574],[152.678762243502,-27.533492390933],[152.678420203569,-27.5332503708972],[152.678234053595,-27.5332024008784],[152.678104143603,-27.5332493708659],[152.677967053604,-27.5333614108532],[152.677794193594,-27.5335923608379],[152.677585083587,-27.5338324208191],[152.677466233565,-27.5341074408095],[152.677297063559,-27.5343034107943],[152.677077073561,-27.5344774007739],[152.676908073557,-27.5346564107586],[152.676812083553,-27.53477340075],[152.676716083548,-27.5348934707414],[152.676677073547,-27.5349384007379],[152.67651606352,-27.5352964207248],[152.676314073538,-27.535325410705],[152.676005063562,-27.535397410675],[152.675797053582,-27.5354214006546],[152.675582073584,-27.5355884006346],[152.675405083569,-27.5358624106193],[152.675368073554,-27.5360134006168],[152.675196083549,-27.5362044206013],[152.674959053557,-27.5363414105789],[152.674877073557,-27.5364194005714],[152.674740083563,-27.5364864105584],[152.674404073572,-27.5367014205268],[152.674090063603,-27.5367304104959],[152.673987053619,-27.5366914104854],[152.673860073619,-27.5367954204737],[152.673790063618,-27.5368644004673],[152.673761083578,-27.5372124104672],[152.673722063584,-27.5371974004632],[152.673365063622,-27.5372034204279],[152.670184083709,-27.5392604101292],[152.666278074689,-27.5347774197072],[152.662881054782,-27.5369834093884],[152.659270075727,-27.5325204189959],[152.65471458585,-27.5354855785686],[152.652300076483,-27.5324934083061],[152.651451046507,-27.5330384182265],[152.651351076519,-27.5330234082165],[152.650463066009,-27.5378964081671],[152.650426055986,-27.5381144081651],[152.648094064649,-27.5508724180351],[152.639983875675,-27.5496766272237],[152.638769085828,-27.5494993971022],[152.634230966401,-27.5488326966483],[152.625785087469,-27.5475854058037],[152.623027077815,-27.5472004055282],[152.620987048054,-27.5470514053255],[152.619135038319,-27.5465264151384],[152.618422048454,-27.5460644150643],[152.617892068526,-27.545949395011],[152.617134258159,-27.5495528249646],[152.616550768233,-27.5494668249063],[152.609041009183,-27.5483554341558],[152.604514499755,-27.5476879137036],[152.603897499626,-27.5492659136551],[152.603796099639,-27.549251403645],[152.603641089606,-27.5496483936328],[152.601632089833,-27.5495714034339],[152.601485069845,-27.5496014034196],[152.601471049834,-27.549701403419],[152.602251059516,-27.5515834035109],[152.603389089337,-27.5520353936268],[152.603370509327,-27.5521279136257],[152.60308350917,-27.5536389236092],[152.60130654944,-27.5530169134289],[152.601631539476,-27.5524389134564],[152.601089549634,-27.5516449333967],[152.60024461976,-27.551362943311],[152.598081079926,-27.5519074131018],[152.597981069939,-27.5518924130918],[152.59746907966,-27.5545814030625],[152.59748605963,-27.5548114130659],[152.59738509964,-27.554815413056],[152.593584100121,-27.5542504026764],[152.593226070177,-27.55411141264],[152.592197100377,-27.5534043925329],[152.590874080581,-27.5529124023984],[152.590114080673,-27.5528344123228],[152.589696080751,-27.5525634022794],[152.588923050849,-27.5524484022023],[152.588514060907,-27.552336412161],[152.588617760967,-27.5517659921668],[152.588671740997,-27.5514800021698],[152.589013751173,-27.54976200219],[152.589257711305,-27.5484900222041],[152.589275711315,-27.5483920222051],[152.584420371931,-27.5476615317203],[152.584402811921,-27.5477510317192],[152.578279902698,-27.546827091108],[152.57837987276,-27.5462441011133],[152.575637453108,-27.5458264808395],[152.570326083768,-27.5451304003103],[152.569732043399,-27.5486211202792],[152.5695700533,-27.5495671402707],[152.568806112825,-27.5540561302308],[152.568776102806,-27.5542361302293],[152.564309163364,-27.5536291497841],[152.563654212969,-27.5573891397492],[152.567501162488,-27.5579128201326],[152.566798062052,-27.5620314000957],[152.56649807209,-27.5619924100658],[152.56648409208,-27.5620813900651],[152.566552091971,-27.5629044000783],[152.566449081981,-27.5629113900682],[152.566210081831,-27.5643244100558],[152.566290051816,-27.5643814000641],[152.566054081809,-27.5646424000429],[152.565963091754,-27.5651604000381],[152.565936081707,-27.5655624100386],[152.565901071645,-27.5660924000393],[152.565896071643,-27.566119410039],[152.565143081553,-27.5674993899757],[152.565033071561,-27.5675293999651],[152.56477607144,-27.5687274099492],[152.564756101383,-27.569207409951],[152.564794061369,-27.5692853999553],[152.564632081381,-27.5693283999397],[152.563753081483,-27.5692753898526],[152.562364081626,-27.5693344097162],[152.560712091925,-27.5683663995457],[152.559516092003,-27.5687773894311],[152.557508082197,-27.5689693992347],[152.55700307221,-27.5693004091876],[152.554661082506,-27.5689563989541],[152.554312362325,-27.5707242789337],[152.550295972835,-27.5701144185331],[152.550312072845,-27.570024398534],[152.548111053124,-27.5696903983145],[152.547829083137,-27.5698323882879],[152.545415043444,-27.5694654080472],[152.545280073361,-27.5702513980401],[152.545351063321,-27.5705143880492],[152.539981074002,-27.5697093975139],[152.534910054633,-27.5690493970094],[152.534256084715,-27.5689603869443],[152.53341326482,-27.5688435068604],[152.53340377481,-27.5689333068602],[152.527118875596,-27.5680833662348],[152.513838067257,-27.5662844049138],[152.513067076768,-27.5709013948743],[152.512473176401,-27.5743857748434],[152.509335056971,-27.5725279645201],[152.507798076076,-27.5810943944364],[152.503262776638,-27.5805294939859],[152.503096076692,-27.5802383939672],[152.497019087016,-27.582939393391],[152.502569195208,-27.5926764840134],[152.502957085081,-27.593368404057],[152.504443944605,-27.5959057342232],[152.487962085477,-27.6032983826612],[152.487864075443,-27.6036573926544],[152.487864075432,-27.6037464026551],[152.487910065417,-27.6038243926602],[152.487986055403,-27.6038723826681],[152.488065085388,-27.6039273826763],[152.48823907536,-27.6039963926939],[152.488341095346,-27.6040263927042],[152.488474065322,-27.6041003927178],[152.488568085303,-27.6041734027276],[152.488584075293,-27.6042413827297],[152.488599075281,-27.6043174027318],[152.488567065269,-27.6044474027297],[152.488528085265,-27.6045143927264],[152.488402085262,-27.6046483827151],[152.48822509527,-27.6047363926984],[152.488041065279,-27.604825392681],[152.487840095293,-27.6048914026618],[152.487664095301,-27.6049803826451],[152.487480095312,-27.6050473926276],[152.487329095318,-27.6051354026135],[152.487228105317,-27.6052323926043],[152.487152105311,-27.6053433925977],[152.487076075309,-27.6054333925909],[152.486976105311,-27.6054993825816],[152.486875075317,-27.6055443925721],[152.48677506533,-27.6055214025621],[152.486708085344,-27.6054684025551],[152.486633075358,-27.6054233925473],[152.486533065366,-27.6054453825377],[152.486457075369,-27.6054903925306],[152.486256105368,-27.6056684025122],[152.486196095361,-27.6057804025072],[152.48614605535,-27.6059133925033],[152.486145075336,-27.6060253925041],[152.48617007532,-27.6061373925074],[152.486194095309,-27.6062044025104],[152.486295055292,-27.6062493925206],[152.486604095264,-27.6062064025506],[152.486738085252,-27.6061843825636],[152.486922085229,-27.6062074025819],[152.487056075214,-27.6062153925951],[152.487183065198,-27.6062313926077],[152.487374065175,-27.6062533926267],[152.487482065159,-27.6062843926375],[152.487582075134,-27.6063963926482],[152.487607075115,-27.6065303926518],[152.487581095101,-27.6066643826503],[152.48753006509,-27.6067984026463],[152.487429075079,-27.6069763926378],[152.487328075073,-27.607117392629],[152.487287085066,-27.6072064026256],[152.487211055058,-27.6073403926192],[152.487034065044,-27.6076083826039],[152.486933075041,-27.6077193825949],[152.486857075035,-27.6078303825883],[152.48675608503,-27.6079644025794],[152.486655055027,-27.6080764025704],[152.486579055019,-27.608209392564],[152.486479085021,-27.6082764025547],[152.486277095029,-27.6083874025357],[152.486152085035,-27.6084543925239],[152.486051045035,-27.6085433925147],[152.485849095037,-27.6086983824961],[152.485597095026,-27.6090103924738],[152.485513075021,-27.6091223924664],[152.485361085016,-27.6093003924529],[152.485260095013,-27.6094123924438],[152.485185085007,-27.6095233924373],[152.485084095001,-27.6096644024285],[152.485058064995,-27.6097313924265],[152.485033104984,-27.6098433924249],[152.48502507497,-27.6099614024251],[152.48499908495,-27.610148402424],[152.484998064931,-27.6103043924251],[152.484947064922,-27.610416392421],[152.48487209492,-27.6105053924143],[152.484771064925,-27.6105493824047],[152.484570064941,-27.6105934023853],[152.484361094959,-27.6106373923651],[152.484160094975,-27.6106814023457],[152.483908094986,-27.610814402322],[152.483799074987,-27.610903402312],[152.483648104992,-27.6109923822979],[152.483497074995,-27.6111033822839],[152.483296105008,-27.6111703922647],[152.483195065016,-27.6111923922549],[152.483070055025,-27.611236402243],[152.482911065034,-27.6113023922279],[152.482810065036,-27.6113694022185],[152.482734075034,-27.6114584022117],[152.482683085025,-27.6115704022076],[152.482532085014,-27.6117934021945],[152.482330055008,-27.6120153821764],[152.482226065011,-27.6120863821668],[152.482115105014,-27.6121603621565],[152.481981075018,-27.612246392144],[152.481819055022,-27.6123573921289],[152.481810185013,-27.6124334221286],[152.481749084975,-27.6127924021255],[152.481467084962,-27.6131444021005],[152.481477084916,-27.6135073921044],[152.480613054643,-27.6164713820428],[152.480453084593,-27.6170193920314],[152.479971064543,-27.6178444019906],[152.479008084443,-27.6194914019089],[152.475880064365,-27.6228693816283],[152.475061084168,-27.6251733915659],[152.473793074173,-27.6262463914498],[152.47257408423,-27.6268544013349],[152.47083606377,-27.6321003912055],[152.470382073685,-27.6331843911695],[152.470158073554,-27.6344403911574],[152.470001083533,-27.6347453811443],[152.469904063122,-27.6381493811616],[152.469378063143,-27.6384433911123],[152.469056063187,-27.6383693910801],[152.465520093064,-27.6424693907651],[152.463656073151,-27.6434023905895],[152.463693082964,-27.6448753906047],[152.463883062949,-27.644827390623],[152.464878092669,-27.6462224007316],[152.465334082481,-27.6473403907852],[152.465332072341,-27.6484663907939],[152.465069062271,-27.6492663907743],[152.464601052276,-27.6496353907313],[152.463657052334,-27.6499964006415],[152.463210072234,-27.651194380607],[152.462763061989,-27.6535654005818],[152.462749081901,-27.6542903905861],[152.462591071921,-27.6542694005704],[152.459443062317,-27.653839380258],[152.459344072329,-27.6538264002482],[152.458937062086,-27.6561433902265],[152.458863072042,-27.6565683902225],[152.458815072014,-27.65683838022],[152.457834061426,-27.6624423801678],[152.4578580814,-27.6626373901716],[152.457859071381,-27.6627833901729],[152.457169071458,-27.6627693901051],[152.456665081529,-27.6626383900546],[152.456387061578,-27.6624873900261],[152.455016081866,-27.6613713998827],[152.454669071963,-27.6608913998449],[152.454522052033,-27.660449399827],[152.454491062092,-27.6600073898205],[152.454416062302,-27.6583703898003],[152.454339082373,-27.6578683897887],[152.454125082471,-27.657266399763],[152.453842062565,-27.6567513897312],[152.453525062665,-27.6562273796959],[152.45331106272,-27.6559643896729],[152.452993072797,-27.655626389639],[152.452779072864,-27.6552713896152],[152.452514082956,-27.6547643795852],[152.452405052996,-27.6545373895727],[152.452204083049,-27.654281389551],[152.45127808326,-27.6533943794531],[152.450911073324,-27.6531983994156],[152.450598083368,-27.6531183793842],[152.4502850634,-27.6531343893536],[152.449929073419,-27.6532883993199],[152.449663063422,-27.6535013892955],[152.449486073409,-27.6537583892802],[152.449372093381,-27.6540863992716],[152.449465093302,-27.6546453892851],[152.449421073245,-27.6551473892847],[152.449368073222,-27.6553743792813],[152.449196083212,-27.6556113892663],[152.449059063211,-27.6557383892538],[152.448830063219,-27.6558713892324],[152.448640083228,-27.6559703992146],[152.448376073248,-27.6560413791892],[152.448087073281,-27.6560253991607],[152.447799083325,-27.6559243891317],[152.447475073387,-27.6557053890982],[152.4463670836,-27.6549603889836],[152.445854073722,-27.6544283889291],[152.445262083814,-27.6542043888692],[152.444484083914,-27.6540773887919],[152.443735064009,-27.6539703787176],[152.442713064115,-27.6540053786176],[152.442433074147,-27.6539943985901],[152.441974084221,-27.6538023785435],[152.441604084289,-27.6535813785055],[152.441119074421,-27.6529383984528],[152.440718084535,-27.652371388409],[152.440605084582,-27.6520883983957],[152.440587084611,-27.6518653983922],[152.440620084639,-27.6516113883935],[152.440785064714,-27.6508663984038],[152.440672054774,-27.6504743783896],[152.440486094816,-27.65030138837],[152.440182084877,-27.6500733883384],[152.439789084937,-27.6499343882987],[152.43946208498,-27.6498723882662],[152.439135085009,-27.6499313882346],[152.43885508502,-27.6500843782083],[152.438556085014,-27.6504003781815],[152.438381064986,-27.6507763881673],[152.438168084968,-27.651110388149],[152.437897074957,-27.651434378125],[152.437733074959,-27.6515623781099],[152.437475064968,-27.6517213880859],[152.437022055005,-27.6518203880422],[152.436645085044,-27.6518353880054],[152.436230085102,-27.6517333979638],[152.435873075164,-27.6515463779274],[152.435516065238,-27.6512593878901],[152.435141065322,-27.6509053878505],[152.434935065374,-27.6506693878285],[152.434671055418,-27.6505503978016],[152.434332085448,-27.6505993877688],[152.433915075465,-27.6508333877297],[152.43341808547,-27.6512283876841],[152.432953075485,-27.6515143976408],[152.432527085513,-27.6516663876002],[152.431977065569,-27.6516933775465],[152.431412085643,-27.6515943874903],[152.431099055674,-27.6516173874598],[152.430651055698,-27.6518173874174],[152.430293065689,-27.6522043873854],[152.430248065645,-27.6525983773841],[152.430397095579,-27.6530033874019],[152.430768075498,-27.6533293874408],[152.431418065411,-27.6534603875056],[152.432036085292,-27.6538803975695],[152.432805065114,-27.6546493876509],[152.433042065035,-27.6550773876775],[152.433191094956,-27.6555823976961],[152.433102064916,-27.6559883976906],[152.432938074899,-27.6562693976767],[152.4326650949,-27.6565013876518],[152.432196064935,-27.6566253876068],[152.430873085059,-27.6567923874783],[152.430307085129,-27.6567223874223],[152.423275066147,-27.6546773967168],[152.423105086172,-27.6546253866998],[152.422987076191,-27.6545703866878],[152.422788086225,-27.6544743966675],[152.422662086243,-27.6544343966548],[152.422519076268,-27.6543643966403],[152.422460096277,-27.6543383766343],[152.422300076307,-27.6542403866178],[152.422211086327,-27.6541563966084],[152.422074066362,-27.6539913965937],[152.421513066486,-27.6534853865348],[152.421335086537,-27.6532253865153],[152.421233076571,-27.6530453765038],[152.421221066598,-27.652834386501],[152.421142076625,-27.6526833864921],[152.420989066672,-27.6524403964752],[152.420838066715,-27.6522253864587],[152.420514056733,-27.652367386428],[152.420472086673,-27.652887386428],[152.420441496428,-27.6548939164408],[152.420419086385,-27.6552593864415],[152.418447066275,-27.6578893762689],[152.413288076901,-27.6573653857593],[152.412905086667,-27.6595993957393],[152.412864056643,-27.6598283857371],[152.412838076627,-27.6599753857357],[152.412561076479,-27.6614223857199],[152.416654075966,-27.6619693861253],[152.41649807587,-27.6628773861172],[152.422649085104,-27.6636583867261],[152.419132054887,-27.6685133964196],[152.419080594849,-27.6688668764174],[152.418909594819,-27.6692568764037],[152.418587584801,-27.6696918863755],[152.418231604787,-27.6701118663439],[152.417873614743,-27.6707878763142],[152.417668624713,-27.6712078862974],[152.417683624656,-27.6716598763024],[152.417731624598,-27.6720808563104],[152.417760644521,-27.672683846318],[152.417726664471,-27.6731188563181],[152.417453644428,-27.673704866296],[152.417080644415,-27.6741398562628],[152.416588664403,-27.6746648662188],[152.416197674389,-27.6751288661841],[152.415690694412,-27.6753828561364],[152.414998684455,-27.6756508760707],[152.414434724493,-27.6758398760169],[152.41356708455,-27.6761443859343],[152.413499084565,-27.6760763759271],[152.412213084587,-27.6770363858087],[152.41207909459,-27.6771313757963],[152.411920054341,-27.6792833957976],[152.41162908423,-27.6804393857782],[152.411174074161,-27.6813973857412],[152.409915074253,-27.6817603956207],[152.409155074253,-27.6824273955515],[152.407192064391,-27.683042385364],[152.406002064439,-27.6837083852527],[152.405189054539,-27.6836103951723],[152.404250054545,-27.6843913850865],[152.403039064599,-27.6850243849728],[152.40109408476,-27.6854343847856],[152.399703074829,-27.6861053746546],[152.399524074837,-27.6861923846378],[152.397869094983,-27.6864693844779],[152.396481075137,-27.6864493843418],[152.395458085199,-27.6868523842448],[152.394588075167,-27.6878793741677],[152.392178085172,-27.6899623839481],[152.391568065133,-27.6908153838951],[152.391463085,-27.691982383894],[152.39170008491,-27.6925033739213],[152.391770084722,-27.6939643839397],[152.391412064584,-27.6953983839159],[152.390830064479,-27.6967623938697],[152.390684064395,-27.6975733738617],[152.390652054376,-27.69775538386],[152.407681052228,-27.7001053855461],[152.413503061492,-27.7009263961229],[152.412257060728,-27.708200386058],[152.409069081132,-27.7077473757421],[152.40678004983,-27.7202943956165],[152.410135059403,-27.7207893859491],[152.409969059304,-27.7217343759403],[152.405132076445,-27.7491043856815],[152.403485086658,-27.7488433955181],[152.402915426338,-27.7519307654866],[152.39730453705,-27.7511308049308],[152.395376066039,-27.7610033848196],[152.393848096438,-27.7591343846553],[152.393650046547,-27.7584293846304],[152.392379046861,-27.7570083844947],[152.391875676937,-27.7568378344441],[152.389511055624,-27.7695473843125],[152.389237055629,-27.7697443942872],[152.390146815291,-27.7716708143914],[152.390461815262,-27.7716268244219],[152.39540405345,-27.7819053849864],[152.402667771721,-27.789446725757],[152.403661771594,-27.7895877158555],[152.402593861008,-27.7952707357955],[152.408765750228,-27.7961056764066],[152.408512730084,-27.7974956763927],[152.407121899288,-27.8051456963165],[152.407090069272,-27.8053083863147],[152.407058059252,-27.805499386313],[152.40096300003,-27.8046087357091],[152.400865979975,-27.8051397257037],[152.385775241892,-27.8030028442095],[152.385608251793,-27.8039568342006],[152.383403322071,-27.8036628439825],[152.382792351698,-27.8072178839506],[152.385168321397,-27.8075408541857],[152.384998341292,-27.8085438541769],[152.39335107023,-27.8097253950038],[152.391957209398,-27.8176807649298],[152.398669048547,-27.8186083855943],[152.399498068275,-27.8200693856869],[152.39979904802,-27.8218613957305],[152.400162037893,-27.8225653957715],[152.400723047562,-27.8247373858435],[152.399927057484,-27.8260743757761],[152.399330057391,-27.8273493857276],[152.397389067352,-27.8293833855535],[152.394871077444,-27.8308743853186],[152.395021057379,-27.8312633853364],[152.394906047193,-27.8328693953377],[152.394765047051,-27.8341403753339],[152.394843046965,-27.8347613853464],[152.395309076835,-27.835396385397],[152.395666046691,-27.8362493754387],[152.396086046591,-27.8366843854832],[152.396152046524,-27.8371653854934],[152.396423056446,-27.837549395523],[152.397667046076,-27.8394373956596],[152.398436065916,-27.8400433757397],[152.398581045768,-27.8411113857622],[152.398714045653,-27.8419253857816],[152.398640065548,-27.8428373757816],[152.398892055415,-27.8436843858129],[152.398959075302,-27.8445423958262],[152.39984204519,-27.8446603859136],[152.399401054908,-27.8473273858913],[152.399850034757,-27.8481433859417],[152.400129044643,-27.8488193859743],[152.400886054441,-27.849780386056],[152.401277044217,-27.8512413961057],[152.401188054192,-27.8515223860992],[152.401450053959,-27.8531673861378],[152.400933063787,-27.8550113961016],[152.400938063581,-27.8566653861151],[152.401478043288,-27.8585503861827],[152.402626042889,-27.8607543863125],[152.402605052691,-27.8623713763231],[152.402356272555,-27.8636905563091],[152.413444021161,-27.8651042774064],[152.414098901138,-27.8647119974675],[152.414322651114,-27.8647099274894],[152.414663011061,-27.8648352275237],[152.419286210476,-27.8654563679817],[152.420892061405,-27.8565513880692],[152.423228061107,-27.8568793983008],[152.423555071066,-27.8569233883332],[152.425466060826,-27.8571653885224],[152.426543071449,-27.8511923885811],[152.428479062568,-27.8404643886868],[152.432473042056,-27.8410583790831],[152.436259041572,-27.8416163794587],[152.435874041354,-27.8437093994374],[152.443250070415,-27.8447563901691],[152.443404060398,-27.8447583801842],[152.443451030424,-27.8445023801868],[152.448653053398,-27.8159523904732],[152.450385054389,-27.8064393905684],[152.450663034638,-27.804186390578],[152.450645044667,-27.8039694005746],[152.451063044785,-27.8026543806053],[152.451184034854,-27.8019893806119],[152.452266044717,-27.8021423907193],[152.45247205469,-27.8021723807397],[152.459378073814,-27.8031404014252],[152.459918053751,-27.8031683914784],[152.460701043671,-27.8031253915549],[152.461542043603,-27.802935401636],[152.462236053568,-27.8026034017015],[152.462334053563,-27.8025523917108],[152.462260033581,-27.8024783917029],[152.463861074487,-27.7937653917917],[152.464925044485,-27.7928443918889],[152.467171034689,-27.789224382081],[152.466760044897,-27.7879103820304],[152.466664054912,-27.7878713820206],[152.46655707493,-27.7878263920098],[152.466642044941,-27.7876623920168],[152.46741106542,-27.7831214020567],[152.473400054657,-27.7839883826517],[152.481225073661,-27.7851204034293],[152.481898054019,-27.7816444034681],[152.494402992434,-27.7833933947108],[152.494503442421,-27.7834132747208],[152.49451906243,-27.7833234047216],[152.496480973505,-27.772945074833],[152.498991045045,-27.7583473849651],[152.499007065054,-27.758257404966],[152.499107045042,-27.7582723849759],[152.519331072474,-27.7611593869878],[152.519369062496,-27.7609513969899],[152.520806073339,-27.7529023770681],[152.522247344228,-27.7444930171438],[152.523714065085,-27.7363123872239],[152.523815065289,-27.7345833972202],[152.523548065349,-27.734335407192],[152.522963186334,-27.7269190570761],[152.524335146753,-27.7223440571752],[152.524968096843,-27.7210620672274],[152.525591076846,-27.7204950372843],[152.529422046842,-27.7171684076352],[152.529652066847,-27.716928407656],[152.529802046826,-27.716964407671],[152.529461936782,-27.7176170476426],[152.542135065183,-27.7193633989042],[152.542090065206,-27.7192193888987],[152.542085065218,-27.7191273888975],[152.542113055225,-27.7190463988996],[152.542158065235,-27.7189293989031],[152.542167045246,-27.7188344089032],[152.54216007526,-27.7187283989017],[152.542109045294,-27.7184933988948],[152.542111055311,-27.718359398894],[152.54213306532,-27.7182643988954],[152.561685232849,-27.7209973008433],[152.561787062836,-27.7210133908535],[152.561960043331,-27.716882400838],[152.561908063391,-27.7164514008295],[152.562012053378,-27.7164633908399],[152.580658041015,-27.7191244026994],[152.579841500548,-27.723586452654],[152.587900369524,-27.7247579034582],[152.598102518228,-27.7262353744767],[152.598218548213,-27.7262543944883],[152.598636438459,-27.7239147745111],[152.60577032755,-27.7249748952238],[152.604634926891,-27.731249915161],[152.604636166881,-27.7313282751617],[152.608665876405,-27.731622115562],[152.608644296395,-27.7317219355606],[152.607682565853,-27.7369077155064],[152.607648875834,-27.7370864755045],[152.615144734882,-27.7381684162533],[152.615659744817,-27.7382434163048],[152.615863744793,-27.738258416325],[152.628323533189,-27.7402223375716],[152.628525523163,-27.7402513475918],[152.638021061964,-27.7415634085407],[152.638223021939,-27.7415924085609],[152.63913205247,-27.7365434086111],[152.639333062445,-27.7365723986312],[152.647677251388,-27.7377542194656],[152.647985241351,-27.7377792094963],[152.655977060416,-27.7382934002909],[152.65581306034,-27.7390414102806],[152.655409040118,-27.7411744102574],[152.655374040099,-27.7413554102553],[152.655455030089,-27.7413644002634],[152.655776050048,-27.7414094102955],[152.663430029079,-27.7424854110614],[152.663533029055,-27.7425924110724],[152.667529048548,-27.7431614214724],[152.668640038407,-27.7433204115836],[152.667535037777,-27.7493224215214],[152.667435027735,-27.7497484215149],[152.667535037697,-27.7499634115265],[152.684295025557,-27.7524654232057],[152.684414015542,-27.7524784132176],[152.684391025599,-27.7520404232118],[152.684281045637,-27.7518354031993],[152.684138045668,-27.7517084231842],[152.684083035696,-27.7515384031774],[152.684004055726,-27.7513624131682],[152.684124025721,-27.7512994031796],[152.684409015698,-27.7512364132073],[152.684679045661,-27.7512934132345],[152.684964035639,-27.7512234032622],[152.685115035637,-27.7511104132762],[152.685386055658,-27.7507024132999],[152.685577015651,-27.750597423318],[152.685846025625,-27.7505694133444],[152.686121055597,-27.7505554133715],[152.686254025577,-27.750599423385],[152.68630603559,-27.750448403389],[152.68632504562,-27.7501904233889],[152.68620602566,-27.7499734133754],[152.686142035676,-27.7499034133685],[152.685940045708,-27.7498254133479],[152.685798025739,-27.7496984133328],[152.685762035764,-27.7495324133279],[152.685817045778,-27.7493694133321],[152.6858820458,-27.7491404133367],[152.685879015837,-27.7488414233341],[152.685850035885,-27.7484824133284],[152.685836025897,-27.7484064133264],[152.68576105593,-27.7482004133173],[152.685740025947,-27.7480854133144],[152.685737035964,-27.747951423313],[152.68581302598,-27.747762413319],[152.686087035984,-27.747487403344],[152.686282055993,-27.7472504233615],[152.686329026005,-27.747109413365],[152.686358046023,-27.7469394133666],[152.686394036031,-27.7468454233694],[152.686608036003,-27.7468854133909],[152.696111024788,-27.7483174143437],[152.704362033729,-27.7495914151715],[152.70748103249,-27.7567654155371],[152.707547022287,-27.758331425556],[152.719738020726,-27.7601824267795],[152.721506080499,-27.760454396957],[152.721273030458,-27.760986416938],[152.737549038376,-27.7634374285724],[152.737686998283,-27.7640574185909],[152.737695028237,-27.7644194285945],[152.757812075686,-27.7672634306145],[152.758881015371,-27.7688474207332],[152.762619014461,-27.772847421136],[152.762708044441,-27.7729304311455],[152.760641013126,-27.7851914110365],[152.760726013104,-27.7852944210458],[152.780587010601,-27.7879664130408],[152.781968030426,-27.7881594231796],[152.782145020404,-27.7881834231974],[152.782130020394,-27.7882734231966],[152.782834030243,-27.7888644232713],[152.784861020028,-27.7888174134725],[152.786111029677,-27.7905234336102],[152.786535019586,-27.7908794236552],[152.786452999521,-27.7914634336516],[152.786876039444,-27.7917094236956],[152.787601039417,-27.7912974337645],[152.790398028845,-27.7934194240594],[152.790724008786,-27.7936074140933],[152.791434008605,-27.7944244341703],[152.792229018541,-27.794248424248],[152.792526998603,-27.7934944142717],[152.793237038583,-27.7930424243388],[152.795240008314,-27.7934394145412],[152.796368038142,-27.7938264246565],[152.796906018041,-27.7941624147126],[152.797463008035,-27.7937254247646],[152.798188037999,-27.7933904348341],[152.798642027943,-27.7934354248796],[152.799062037853,-27.7937864249242],[152.800948027618,-27.7940224251137],[152.802582017548,-27.7931634152696],[152.803576027439,-27.7931654353685],[152.805494027148,-27.7938104155645],[152.806016047108,-27.7936794256154],[152.807585037164,-27.7918714357573],[152.810599026815,-27.7920364160587],[152.810905046978,-27.7904744260768],[152.809490997158,-27.7902684259345],[152.808868047267,-27.7899464358699],[152.808904037395,-27.7888954358652],[152.809525017628,-27.7865084359083],[152.811438637383,-27.786795476101],[152.811838017626,-27.7845144261229],[152.811810027659,-27.7842794261182],[152.812954997449,-27.7849524362375],[152.814715027214,-27.7852994164154],[152.816760047006,-27.7851744366181],[152.817802996846,-27.7855444367248],[152.818345016863,-27.7849404267741],[152.819708036627,-27.7856324169152],[152.820088036595,-27.7855574269525],[152.821629036493,-27.7850324271018],[152.821764006483,-27.784996427115],[152.821905006472,-27.7849594271287],[152.822406006271,-27.7861244271878],[152.822133026129,-27.7874914271714],[152.821764045967,-27.7890944171472],[152.822514015789,-27.7898604272279],[152.823717015284,-27.792824427371],[152.824437015088,-27.7937574374501],[152.824598014731,-27.7964574174873],[152.825682024404,-27.7981114276083],[152.825562014216,-27.7997054276089],[152.825322024184,-27.8001694275887],[152.825686993849,-27.8025144276434],[152.826022023496,-27.8050234176965],[152.82519201339,-27.8065894276262],[152.826465023136,-27.8074964277601],[152.82571502307,-27.8086764276947],[152.825026013065,-27.809305427631],[152.827408042764,-27.8096374278709],[152.826413742191,-27.8150404078143],[152.816365033468,-27.8136204268024],[152.81597802325,-27.8156854267801],[152.815690993088,-27.8172154367635],[152.81545348295,-27.8185183567501],[152.814878212613,-27.8216982467178],[152.814061562135,-27.8262007766719],[152.804052023399,-27.8248474256649],[152.802681002667,-27.8318524355835],[152.800563022937,-27.8315444253703],[152.800499002897,-27.8319194153669],[152.800209002717,-27.8335974253512],[152.800400042692,-27.8336274353704],[152.800362012536,-27.8348994153767],[152.800037012577,-27.834856425344],[152.800030992571,-27.8349124253438],[152.800042022562,-27.8349784353454],[152.800091002546,-27.8350554253509],[152.800175022526,-27.8351414153599],[152.800279012506,-27.8352114253708],[152.800335002498,-27.8352304253766],[152.800426002488,-27.8352314153856],[152.800546012472,-27.8352514153977],[152.800767022439,-27.8353224254203],[152.800829032426,-27.8353734254269],[152.800858012398,-27.8355654154312],[152.800914002384,-27.8356304254373],[152.800994012371,-27.8356664254456],[152.801135992349,-27.8357174354601],[152.801284002334,-27.8357074254748],[152.801460002315,-27.8357024254922],[152.801494022306,-27.835747425496],[152.801494022297,-27.8358184254965],[152.801431022291,-27.8359244254911],[152.801306012278,-27.8361314254803],[152.801123002273,-27.8363284354636],[152.800970032267,-27.8365154354499],[152.800838992276,-27.8365504354371],[152.80073603228,-27.8366154254274],[152.800611012277,-27.8367424254159],[152.80053101227,-27.8368684254089],[152.800434032255,-27.8370704354009],[152.80045600222,-27.8373334254051],[152.800394022199,-27.8375504354007],[152.800439032185,-27.8376214354057],[152.800456002164,-27.8377774254086],[152.800410012157,-27.8378734254048],[152.800063002151,-27.838216435373],[152.799949012147,-27.8383474253627],[152.799778012159,-27.8384034253461],[152.799505032157,-27.8386554153209],[152.799362022149,-27.8388424353081],[152.799334022119,-27.8391104253074],[152.79942400209,-27.8392614253176],[152.799515032075,-27.8392974253269],[152.79959500207,-27.8392674353347],[152.799908022076,-27.8389494153633],[152.800010002071,-27.8389034253731],[152.800471002025,-27.8388694254187],[152.800601012005,-27.838914415432],[152.800607001984,-27.8390764254338],[152.800720001963,-27.8391424354456],[152.800817021945,-27.8392034254557],[152.800765011915,-27.8394864154528],[152.80070299191,-27.8395764254473],[152.800674011898,-27.8396984254454],[152.800679011859,-27.8400014254483],[152.800713001833,-27.8401784354531],[152.800769021815,-27.8402744254594],[152.800825011802,-27.8403334254654],[152.800954001772,-27.8404564254792],[152.800937001734,-27.84077242548],[152.800945031699,-27.841045435483],[152.800701021671,-27.8414764254621],[152.800742011651,-27.8415984354671],[152.800831001635,-27.8416494254764],[152.8011210316,-27.8416784255054],[152.801251011573,-27.8417794255192],[152.801388031531,-27.8419944255345],[152.801469021513,-27.8420664255431],[152.801802991462,-27.8421834255773],[152.801743031414,-27.8426174355747],[152.801602031402,-27.8428304255624],[152.801472011397,-27.8429814255506],[152.801113001434,-27.842998425515],[152.800813011463,-27.8430334254854],[152.800564001477,-27.8431394254615],[152.800413001466,-27.8433524154481],[152.800393001441,-27.8435744154479],[152.800551991381,-27.8439114354664],[152.800731031329,-27.8441694154862],[152.800901011302,-27.8442314255036],[152.801140011264,-27.8443294255282],[152.801400001213,-27.8445074355554],[152.801649001169,-27.8446414255813],[152.801998011116,-27.8447574256169],[152.802268001081,-27.8448014356441],[152.802547011048,-27.844819435672],[152.802886021002,-27.8448914357063],[152.803216020973,-27.8448384357387],[152.803436000945,-27.8448654257609],[152.804015000874,-27.844928435819],[152.8043740208,-27.8452044158569],[152.804872020717,-27.8454264159082],[152.805551000624,-27.845578435977],[152.805751020602,-27.8455784359969],[152.806440030558,-27.8453314260635],[152.806730020556,-27.8450924160905],[152.806850000566,-27.844914436101],[152.80695001059,-27.8446304161088],[152.807031000604,-27.8444534261154],[152.807211020603,-27.8443024361322],[152.807549990586,-27.8441434261646],[152.807830020564,-27.844073426192],[152.807960000547,-27.8440994362051],[152.808079020504,-27.8443394362188],[152.808049020485,-27.8445174262173],[152.808158010447,-27.8447214162297],[152.808348030405,-27.84489041625],[152.808477020365,-27.8450944162644],[152.808617000336,-27.8452014262792],[152.808736020317,-27.8452544262914],[152.808906000284,-27.8453614263092],[152.809075000254,-27.8454594263268],[152.809195010228,-27.8455564163395],[152.809215010217,-27.845628416342],[152.809245020199,-27.8457434363459],[152.809205010183,-27.8459034263432],[152.80915402018,-27.8459744263387],[152.809024990181,-27.8460804263267],[152.808745000181,-27.8463194363007],[152.808445010193,-27.8464874262722],[152.808315000193,-27.8466024262601],[152.808245030187,-27.846709426254],[152.808235020174,-27.8468244262539],[152.808324010151,-27.8469224162635],[152.808523990121,-27.846993426284],[152.808732990098,-27.8469944263048],[152.809033020067,-27.8469764263345],[152.80926301005,-27.8469144263569],[152.809447010036,-27.8468604263748],[152.809675020016,-27.8468214263972],[152.809922999985,-27.8468554364222],[152.810757029856,-27.8471564265076],[152.810985989823,-27.8472194165308],[152.811279009786,-27.8472594365603],[152.811362019771,-27.8473044265689],[152.811719019732,-27.8473054266045],[152.81187198972,-27.8472654266194],[152.812082009699,-27.8472544266402],[152.812228009677,-27.8473004366551],[152.812285029658,-27.8473964266616],[152.812195999638,-27.8476344266546],[152.812175999609,-27.8478834266545],[152.812112019605,-27.8479734266489],[152.811971999614,-27.8480244266353],[152.811870019618,-27.8480754366256],[152.811813009609,-27.8481994166209],[152.811793009575,-27.8484884266211],[152.811837029539,-27.8487374166275],[152.811951999508,-27.84887942664],[152.812079019483,-27.8489644366534],[152.812238019465,-27.8489754266693],[152.812353029451,-27.8489874266808],[152.81258800942,-27.8490274267045],[152.812874029392,-27.8489974167328],[152.81313299937,-27.8489474267582],[152.813426999343,-27.8489074367871],[152.813708999303,-27.8489784168158],[152.81388901927,-27.8490884168345],[152.813967019221,-27.8494094368448],[152.813910009184,-27.8497504268418],[152.81378601916,-27.8500514168318],[152.813763019128,-27.8503214268317],[152.813954029087,-27.850482436852],[152.814259019042,-27.850573436883],[152.814428019029,-27.8505334168996],[152.814586019032,-27.850373426914],[152.814879999053,-27.84995242694],[152.815128999063,-27.8496514269624],[152.815321029059,-27.8495214269805],[152.815581009093,-27.8490204370025],[152.815807019089,-27.8488604270237],[152.815954009088,-27.8487404370374],[152.816190999095,-27.848480437059],[152.816338019093,-27.8483694370727],[152.816676999074,-27.8482204171053],[152.816970019047,-27.8481804171342],[152.817139019015,-27.8482904271519],[152.81721799899,-27.8484214171608],[152.817184018963,-27.8486614271593],[152.816935018968,-27.8488424271359],[152.816811028961,-27.8490024371248],[152.816641008928,-27.8494134271111],[152.816573008894,-27.8497444271069],[152.816706998804,-27.8503354271249],[152.816797008772,-27.8505164371353],[152.81685299872,-27.8508774271437],[152.816852018671,-27.8512684271467],[152.816749998638,-27.8516194271393],[152.816568998622,-27.8518994171235],[152.81612901864,-27.8521394270815],[152.815858008671,-27.8521294370545],[152.81559900872,-27.8519684270274],[152.815372998752,-27.8519084270044],[152.815259998749,-27.8520284269941],[152.815203018671,-27.8527004369937],[152.814976028605,-27.8534214369768],[152.814703988587,-27.8538024269527],[152.814353988579,-27.8541624369207],[152.813958008558,-27.8546734268853],[152.813608008545,-27.8550844168537],[152.813608008525,-27.8552444268549],[152.813708998498,-27.8553654368659],[152.813844018479,-27.8554054268797],[152.814385998413,-27.855456436934],[152.814723988381,-27.8554164169674],[152.814995008352,-27.8554074269943],[152.815311018295,-27.8555884370272],[152.815468008273,-27.8556284270431],[152.81560400825,-27.8556884270571],[152.815795008205,-27.8558794170776],[152.815986998172,-27.8559804270976],[152.816099018142,-27.8561204171098],[152.816099018103,-27.8564314271123],[152.815961998086,-27.8566784371006],[152.815633028074,-27.8570594270708],[152.815447018074,-27.8572234270536],[152.815132028077,-27.8574774270242],[152.814859988078,-27.8577054269989],[152.814810018062,-27.8578694269952],[152.814783998047,-27.8580134269938],[152.814859988017,-27.8581824270026],[152.81501299799,-27.8582674370186],[152.815183997973,-27.8582514370355],[152.81538401796,-27.8581834270548],[152.815536997942,-27.8581924170701],[152.815765007902,-27.8583114270938],[152.816203007831,-27.8584974271388],[152.816451027787,-27.8586254271645],[152.816850987736,-27.8586854272048],[152.817184017708,-27.8586174172375],[152.817393997698,-27.8585164272576],[152.817708017666,-27.8584994272887],[152.817879997654,-27.8584404273054],[152.818184997627,-27.8583904273354],[152.818385017594,-27.858483427356],[152.818546997575,-27.8584924373722],[152.81874701754,-27.8585944273929],[152.819080007476,-27.8588144274278],[152.81925101746,-27.8587894274446],[152.819460997431,-27.858840437466],[152.819641017395,-27.8589684174849],[152.819774027303,-27.859586427503],[152.819983017228,-27.8600014275271],[152.82004901719,-27.8602384275355],[152.819991017165,-27.8604924275317],[152.819867027151,-27.8607124375211],[152.819724017154,-27.8608054375076],[152.819276017183,-27.8609654174642],[152.818952007216,-27.8609904374322],[152.818695007234,-27.8610664274072],[152.81866598721,-27.861286437406],[152.818818017171,-27.8614644174225],[152.819065007117,-27.8616764274488],[152.81951300704,-27.8618974274951],[152.819883996975,-27.8620924275336],[152.820054996935,-27.862262417552],[152.820006996922,-27.8624064275483],[152.819740006923,-27.8626254275235],[152.819682986897,-27.8628794275198],[152.819586996886,-27.8630574175116],[152.819395986888,-27.8632014274937],[152.818871996917,-27.8634294374433],[152.818680996914,-27.8636154374258],[152.818622996895,-27.8638184374216],[152.818718986868,-27.8639534274322],[152.81899500682,-27.8640894274608],[152.819147026786,-27.864225437477],[152.819384016721,-27.8645394375031],[152.819365006694,-27.864767427503],[152.819259986668,-27.8650634274948],[152.819259986649,-27.865216427496],[152.819462016601,-27.8654234175178],[152.820165996493,-27.8656704375898],[152.820618996436,-27.8657304276354],[152.820918986407,-27.865696427665],[152.821109996396,-27.8656204276834],[152.821215006406,-27.8654474376925],[152.821239016427,-27.8652614376935],[152.821371996428,-27.8651344377057],[152.821758016413,-27.8649184277424],[152.821954016424,-27.86466042776],[152.822226016428,-27.8643944377849],[152.82252199642,-27.8642044178129],[152.822735996386,-27.8642894278349],[152.822916996343,-27.8644674378543],[152.823007006305,-27.8646964278651],[152.823057996218,-27.8653394278752],[152.823133986181,-27.8655684278846],[152.823477016098,-27.8659244179216],[152.823857015997,-27.8663944279631],[152.823981005974,-27.8664754279761],[152.824313995932,-27.8665184380096],[152.824902995869,-27.8665064280682],[152.825196025841,-27.8664714280971],[152.825247995851,-27.8663454281013],[152.825252015877,-27.8661394281],[152.825139005916,-27.8659304380871],[152.825025015951,-27.8657444380743],[152.82483499604,-27.8652064380512],[152.82455300616,-27.8645044380176],[152.824416016199,-27.8643094280024],[152.824392006233,-27.8640614379981],[152.824412006242,-27.8639744279994],[152.824456026243,-27.8639264180034],[152.824524026246,-27.8638444280095],[152.824598006247,-27.8637704280163],[152.824804016224,-27.8637794180369],[152.825055026187,-27.8638514180625],[152.825250006152,-27.8639604280827],[152.825406996112,-27.8641424280998],[152.825602016067,-27.8643254281207],[152.825879996012,-27.8645214381499],[152.826221995954,-27.8646864381853],[152.82668901586,-27.8650264282344],[152.826979005802,-27.8652304282649],[152.827221005736,-27.8655434282915],[152.827454025679,-27.8657934183167],[152.827812995609,-27.8660424283544],[152.828243005558,-27.8660684283974],[152.828477995548,-27.8659474384199],[152.828781015539,-27.8657524284485],[152.828943005547,-27.8655524184631],[152.829547985542,-27.8650664285196],[152.82986601553,-27.8648844285498],[152.830140015506,-27.8648414285768],[152.830465015459,-27.8649264186098],[152.830870015361,-27.8653504186535],[152.831256995238,-27.8659934286971],[152.831591005174,-27.8662124287321],[152.831943995105,-27.8664484387691],[152.832260015031,-27.8667624388031],[152.832401014978,-27.8670604288195],[152.832383014935,-27.8674204288205],[152.832769994837,-27.8678604288625],[152.833227994757,-27.86809542891],[152.833756984665,-27.8683624289648],[152.834108994607,-27.8685194390011],[152.834515014525,-27.8688184290439],[152.834656014484,-27.8690224290596],[152.834707994443,-27.869304429067],[152.834707004399,-27.8696484390696],[152.835024994343,-27.8698214291026],[152.835289004327,-27.8697124291281],[152.835694994325,-27.8693834191659],[152.835978014341,-27.8690074291912],[152.836630994307,-27.8687104292539],[152.837337014267,-27.8684134293219],[152.837761004254,-27.8681484393621],[152.838342994228,-27.8678504394178],[152.839243014179,-27.8674604195044],[152.839490004174,-27.8672884295277],[152.839684984182,-27.8670534195453],[152.839596984267,-27.8664574295318],[152.839704004364,-27.8655954395357],[152.839651994415,-27.8652354295277],[152.839651994452,-27.8649374295254],[152.840323004405,-27.8647344295906],[152.840940004347,-27.8646564296515],[152.841328004259,-27.865017419693],[152.8415030142,-27.8653314197129],[152.841820014096,-27.8658804297488],[152.84213702399,-27.8664444397849],[152.842488993898,-27.8668684198233],[152.842789023803,-27.867360429857],[152.842793003785,-27.8675054298586],[152.843039993717,-27.8678284198857],[152.84324300367,-27.8680224299075],[152.843606003588,-27.8683584299463],[152.843998993555,-27.8682814299849],[152.844187993519,-27.8683984300046],[152.84456598347,-27.8684634400428],[152.845161993421,-27.8683344401012],[152.845728983355,-27.868361430158],[152.84600602334,-27.8682454301847],[152.846369013305,-27.8682074302206],[152.847024003248,-27.8680914402849],[152.847315023248,-27.8678334403119],[152.847759003281,-27.8671904303511],[152.848245003336,-27.8663294203928],[152.848667013343,-27.8659134304316],[152.849261013269,-27.8659834404914],[152.849606013229,-27.8659974205259],[152.85029302314,-27.8661094205953],[152.850996993045,-27.8662494306666],[152.851310012997,-27.8663604306987],[152.85195099293,-27.8663334407624],[152.852622992888,-27.8660844308274],[152.852999022887,-27.8657644308624],[152.853203012907,-27.8654314308801],[152.853579002945,-27.8648064309127],[152.853923012944,-27.8645154309447],[152.854271992956,-27.8641194309764],[152.85446799297,-27.8638344209937],[152.854850992977,-27.8634524310289],[152.85526599299,-27.8629874410667],[152.855492992994,-27.8627584310875],[152.855744002996,-27.8625294311107],[152.855940003024,-27.8621334411272],[152.855932013059,-27.8618624311242],[152.855862993129,-27.8613694311135],[152.855691993245,-27.8605984410904],[152.855622013305,-27.8601814310801],[152.855716003314,-27.8600284410883],[152.855919023303,-27.8599454311079],[152.856177003269,-27.8599874411339],[152.856411983227,-27.8601194411584],[152.85732602305,-27.8607244212543],[152.857841002965,-27.8609544313075],[152.858387992873,-27.8612124413641],[152.85888000278,-27.8615184314155],[152.859224022735,-27.8615744314503],[152.85985799267,-27.8615404215133],[152.86048301262,-27.8613954415745],[152.86102299258,-27.8612424216271],[152.861579002564,-27.8608884316798],[152.862243012508,-27.860757431745],[152.862548002487,-27.8606604317747],[152.862885002462,-27.8605704318076],[152.862978992476,-27.8603764418154],[152.862986992497,-27.8602024318149],[152.862739002551,-27.8599864217884],[152.862304982628,-27.8597574317433],[152.862054992672,-27.8596244317174],[152.861757992717,-27.8595234216869],[152.861503012752,-27.8594654316611],[152.861433002764,-27.8594374316539],[152.861309992784,-27.8593824316412],[152.861229992798,-27.8593394216328],[152.861017012823,-27.8593284316115],[152.860606022892,-27.859135421569],[152.860251022973,-27.858803441531],[152.860000013014,-27.8586974315051],[152.85974998308,-27.8583864314777],[152.859214023196,-27.8579364414207],[152.859159013235,-27.8576744214132],[152.859726993202,-27.857442431468],[152.860063993181,-27.8573174315006],[152.860315003183,-27.8570844415238],[152.860697013161,-27.8569304315607],[152.861579983093,-27.856698441647],[152.862550013015,-27.856476441742],[152.863094992981,-27.8562744317948],[152.86430500287,-27.8561104319142],[152.864904002825,-27.8559464319727],[152.865853002739,-27.8558024320662],[152.866550012669,-27.8557544421354],[152.867051012609,-27.8557934321857],[152.867552992564,-27.8557164422352],[152.868261022522,-27.8554364423036],[152.868665002513,-27.8551564223417],[152.869558992439,-27.8549724224295],[152.870593992361,-27.8546924325305],[152.871433012306,-27.854403442612],[152.871814992249,-27.854519432651],[152.872086982194,-27.8547234326798],[152.872378982127,-27.8550004327111],[152.872639012071,-27.8552184427387],[152.872929992018,-27.8553814427691],[152.873236001966,-27.8555324428008],[152.87364999191,-27.8556144328427],[152.873956001863,-27.8557234328741],[152.874232011821,-27.8558184329024],[152.874630011774,-27.8558464429424],[152.875104991756,-27.8555744329876],[152.87539699176,-27.8552884430145],[152.875474001826,-27.8547034330176],[152.875444001953,-27.8537224330069],[152.875368001991,-27.8534914229975],[152.875061992076,-27.8530824329638],[152.874709982149,-27.8528094429265],[152.874343012211,-27.8526324328885],[152.874097002247,-27.8525644328634],[152.873668022295,-27.8525504428205],[152.87316300233,-27.8527124327713],[152.872549992382,-27.8528344327111],[152.871814002443,-27.8529844326389],[152.871262012512,-27.8529154325832],[152.870618992614,-27.8526694325171],[152.870237022692,-27.8523834224768],[152.870190992724,-27.8521654424705],[152.870467002747,-27.8517434324947],[152.870636002779,-27.8513484425085],[152.871035022764,-27.8511174325465],[152.871892992734,-27.8506144326281],[152.872445012698,-27.8504244426817],[152.872629012679,-27.8504114327],[152.873349012556,-27.8507654327746],[152.873976992456,-27.8510114228392],[152.874313992414,-27.8510524428732],[152.874681002375,-27.8510394329097],[152.874972022333,-27.8511214329394],[152.875232992305,-27.8511214329654],[152.875692012244,-27.8512034430119],[152.8760600122,-27.8512314330488],[152.876488992131,-27.851408433093],[152.876856002069,-27.8515864231311],[152.877500011988,-27.851668433196],[152.877775981954,-27.8516954232237],[152.878633991841,-27.8518464233106],[152.879008991802,-27.8518344333479],[152.879469981761,-27.8517554433933],[152.879665001742,-27.8517394434126],[152.879917001707,-27.8517954434382],[152.880123991679,-27.8518404334593],[152.880608021638,-27.8517454335068],[152.880659011637,-27.8517124335117],[152.880727991646,-27.8515784335175],[152.880853991647,-27.8514664335292],[152.880967001652,-27.8513264235394],[152.881024011669,-27.8511424235436],[152.88094301171,-27.8508904335336],[152.88089899177,-27.8504494335257],[152.880861981805,-27.8502084335201],[152.880724011875,-27.8497724235029],[152.880680001938,-27.8493084334949],[152.880692991988,-27.848900433493],[152.880845012013,-27.8485764435056],[152.881109022019,-27.8483024335298],[152.881304002008,-27.8482194235486],[152.881674991967,-27.8482194235856],[152.881913991939,-27.8482364236096],[152.88210298192,-27.8482254436284],[152.88231001189,-27.8482814436495],[152.882574021834,-27.8484994436776],[152.882706001796,-27.8486844436922],[152.882832001768,-27.8487904337056],[152.883139991715,-27.8489474337376],[152.883448011662,-27.8490984337695],[152.883793991619,-27.8491374338044],[152.884654991517,-27.8492054438909],[152.885032001471,-27.8492394439288],[152.885648011368,-27.8495254339925],[152.886019001315,-27.8496204340303],[152.886610001241,-27.84969942409],[152.887106991169,-27.8498334441406],[152.88772300107,-27.8500854342041],[152.88813202101,-27.8502064342459],[152.888452010967,-27.8502704342784],[152.88891801092,-27.8502374243247],[152.890099990796,-27.8501994244424],[152.890710010721,-27.8502674345038],[152.891534000613,-27.8504074445872],[152.892024010551,-27.8504694346366],[152.892641010477,-27.8505254346987],[152.893049010413,-27.8506824447407],[152.893169020378,-27.850850444754],[152.893193000344,-27.8510964347583],[152.893092000298,-27.8515544447518],[152.892979000277,-27.8518114447426],[152.892757990258,-27.8521524347232],[152.892531980251,-27.8524094347026],[152.892374010247,-27.8525774346882],[152.892248010243,-27.8527164246767],[152.891977990232,-27.8530354446522],[152.891594010223,-27.8534424446171],[152.8914489902,-27.8537444346049],[152.891518010155,-27.8540404346142],[152.891624010119,-27.8542364446263],[152.891793990081,-27.8543934346445],[152.89209599005,-27.8543714346745],[152.892429020031,-27.8542374447067],[152.892787990032,-27.8539184247401],[152.89321599001,-27.8537184447812],[152.893668999977,-27.8535894448255],[152.894040019934,-27.8536064448626],[152.894559009857,-27.8537694249158],[152.894859989799,-27.8539704349474],[152.894922989771,-27.854138424955],[152.894796989731,-27.8545634249458],[152.894770999687,-27.8549324349461],[152.894796009638,-27.8553014349515],[152.895022009563,-27.8556924249771],[152.895135019503,-27.8560724349914],[152.895297989441,-27.8564194450104],[152.895498999384,-27.8566994350327],[152.895712989334,-27.8569114350557],[152.895888999302,-27.8570124450741],[152.896152999252,-27.8571804351018],[152.896857009129,-27.8575384351749],[152.897384989064,-27.8575944352281],[152.897623989065,-27.8573824452503],[152.898103019088,-27.8567904452935],[152.898393009125,-27.8562424353182],[152.898682999224,-27.855214445339],[152.898959999261,-27.8546784453625],[152.899226009285,-27.8542624353858],[152.899430989301,-27.8539544254039],[152.899619009308,-27.853738445421],[152.899974989325,-27.853298435453],[152.900152019328,-27.8531154354693],[152.900452009317,-27.852949435498],[152.900789009285,-27.8529074355313],[152.901519009228,-27.8527254356028],[152.901851019204,-27.8526294356352],[152.902660989153,-27.8523354357138],[152.903689999093,-27.8519204258134],[152.904411019034,-27.8517624358842],[152.905403018939,-27.8516554359825],[152.905899008899,-27.8515394360311],[152.906778988837,-27.851273426117],[152.907827018758,-27.8509914362195],[152.908799998684,-27.8507344263147],[152.909389978632,-27.8506354363729],[152.910382018533,-27.8505604364714],[152.910971018475,-27.8505114365299],[152.911971988387,-27.8503454266286],[152.913919008207,-27.8500804368212],[152.914649008148,-27.8499234468929],[152.915276008109,-27.8496824269537],[152.91578999809,-27.8493914470028],[152.916295998083,-27.8490094370503],[152.916736008066,-27.8487684370924],[152.91708198804,-27.8486694471262],[152.91764397798,-27.8486614371824],[152.917906017951,-27.8486614372086],[152.918093007939,-27.8485974372268],[152.918266017929,-27.8485274372435],[152.918629987961,-27.8479614272754],[152.918903007999,-27.8474224272985],[152.919084998034,-27.8469914373133],[152.919449018052,-27.8465344273461],[152.919812998063,-27.8461304273793],[152.920147008054,-27.845915437411],[152.920540988024,-27.8458074374496],[152.921479987891,-27.8460504375454],[152.92175398786,-27.8460584475728],[152.922048987941,-27.8451654275953],[152.922291017971,-27.844719437616],[152.922488988001,-27.8443114376326],[152.922815008018,-27.8438964476619],[152.923118978043,-27.8434384376887],[152.923391018054,-27.8431154477134],[152.923845988062,-27.8426574477553],[152.924218978079,-27.842199437789],[152.924593988054,-27.8420784278255],[152.924947998015,-27.8420734378609],[152.926198007881,-27.8420544379857],[152.926911987817,-27.8419454380563],[152.927583987778,-27.8416774381214],[152.928063997745,-27.8415194381681],[152.928859007671,-27.8414224382469],[152.929737017609,-27.8411544483326],[152.93002499761,-27.8408984483594],[152.930189977626,-27.8406304383738],[152.930299007652,-27.8403264383823],[152.930684007659,-27.8399364484177],[152.930958017642,-27.8398384284444],[152.931479017574,-27.8399244384972],[152.932000017488,-27.8401564485511],[152.932671977381,-27.8404244386204],[152.933493997266,-27.8406204487042],[152.933959987207,-27.8406814387513],[152.934495007163,-27.8405714388039],[152.935290997077,-27.8405604288835],[152.93649699693,-27.8406824390051],[152.937430006833,-27.8406464390981],[152.938307976734,-27.8406714291862],[152.938961986642,-27.8408344392529],[152.939368016582,-27.8409534492944],[152.939678996522,-27.8411604393272],[152.939993006472,-27.8412844493596],[152.940272996434,-27.841341449388],[152.940781986359,-27.8414994394402],[152.941226006295,-27.8416184494856],[152.941528996242,-27.8417754395171],[152.941921006163,-27.8420604295586],[152.942374996075,-27.8423664396064],[152.942681006022,-27.8425194396382],[152.943013015969,-27.8426494296725],[152.943356005923,-27.8427154397073],[152.943884015859,-27.8427704397606],[152.944264015824,-27.8427154397982],[152.944687995791,-27.8426124298398],[152.944871995773,-27.8425924398581],[152.945008975759,-27.8425884398718],[152.94530597572,-27.8426404399019],[152.94576000565,-27.8428034499486],[152.946042985594,-27.8430014299785],[152.946283005542,-27.8432024400041],[152.946439015494,-27.8434474300216],[152.946165995507,-27.8435774299953],[152.945486985575,-27.8436324299278],[152.944958975576,-27.8440774498785],[152.944748005525,-27.844664439862],[152.945125015302,-27.846098449911],[152.945062995202,-27.8469424299114],[152.945133005091,-27.8477554299248],[152.944788994994,-27.8488194398987],[152.944886004893,-27.849530439914],[152.945528004781,-27.8498594399809],[152.946240014725,-27.8496874500508],[152.946882014657,-27.8496724401149],[152.947897004495,-27.8500724502196],[152.949637984185,-27.8510184504013],[152.950107994085,-27.8514024304514],[152.950799003941,-27.8519494405248],[152.950965993846,-27.8525544505463],[152.950722973848,-27.8527444405235],[152.948338984001,-27.8535974402916],[152.947648004015,-27.8540754402262],[152.947549993986,-27.8543894402188],[152.948279013847,-27.8548584402955],[152.949145993747,-27.8549014503826],[152.949941983591,-27.8554444404665],[152.949972973566,-27.855619430471],[152.950419993443,-27.8562054405204],[152.950810983376,-27.856396430561],[152.951705993232,-27.8567594406534],[152.951929013125,-27.8574124306809],[152.951962003092,-27.857642440686],[152.95153700307,-27.8581814406477],[152.951277993092,-27.8582344506222],[152.95100497311,-27.8583224505955],[152.950721993126,-27.8584464405682],[152.950625993123,-27.8585504405594],[152.950459013125,-27.8586804405437],[152.95027100314,-27.8587254405252],[152.949822993186,-27.8587464304806],[152.949433983237,-27.8586824404411],[152.94787400335,-27.8591334302885],[152.946714003387,-27.859843450178],[152.945186003473,-27.8604844300301],[152.943354983581,-27.8612084498526],[152.942905003601,-27.8614404398094],[152.942600993556,-27.8620594497838],[152.942914973413,-27.8629124498219],[152.943653003233,-27.863701439902],[152.944433003042,-27.8645294399865],[152.944795992904,-27.865311440029],[152.944768002849,-27.8657664400298],[152.944161002751,-27.8670604399792],[152.943946972617,-27.8683034399676],[152.942915992723,-27.8683564398648],[152.93190401417,-27.8664434287481],[152.930657984352,-27.8660784486205],[152.929193014777,-27.8639874484576],[152.928483964908,-27.8635694383834],[152.927194975103,-27.8631394382511],[152.924257995451,-27.8629274279557],[152.923515005521,-27.8630154378821],[152.924016005177,-27.8652994479502],[152.925110194412,-27.8703973780996],[152.928639201957,-27.8867341585809],[152.928670401932,-27.8869070185854],[152.92211000278,-27.8858792379213],[152.91568319361,-27.8848815972709],[152.915482413636,-27.8848450972505],[152.907505004666,-27.8836104264435],[152.907073984666,-27.8839804264034],[152.906866004669,-27.8841364363838],[152.906683974668,-27.8843044363669],[152.906410994664,-27.8845734263418],[152.906038984665,-27.884883436307],[152.905766004663,-27.8851364362817],[152.905544004655,-27.8853944362616],[152.90528201464,-27.8857404462381],[152.905129004629,-27.8859604262246],[152.904998994618,-27.8861574362131],[152.904857994605,-27.8863794362008],[152.904716994595,-27.8865814361883],[152.904532014588,-27.8868014361715],[152.904371004584,-27.8869684361567],[152.904202994588,-27.8870854361409],[152.904070974593,-27.8871544361282],[152.903953014595,-27.8872444361171],[152.903818984593,-27.8873744361048],[152.902642984547,-27.8887554459981],[152.902426984504,-27.8892854359807],[152.901978984482,-27.8898454259403],[152.901829984472,-27.8900514459271],[152.901696984457,-27.8902864259156],[152.901116014452,-27.8908314458618],[152.901033014423,-27.8911254458559],[152.901066004295,-27.8921124358669],[152.901164994237,-27.8924804358797],[152.901496014151,-27.8928784259159],[152.901693984081,-27.8932614359387],[152.901676984029,-27.8936884359403],[152.901958973938,-27.8941604459722],[152.902405993835,-27.8945874360202],[152.903085003664,-27.8953534360941],[152.903515013534,-27.8960024361421],[152.903631003477,-27.8963554261565],[152.903745983373,-27.8970774261737],[152.903679993356,-27.8972684461686],[152.903513983361,-27.8973714361528],[152.90313300339,-27.8974744361155],[152.902768003428,-27.8974894460792],[152.902403003474,-27.8974444360424],[152.901673983583,-27.8972084259677],[152.900994973699,-27.8968834358973],[152.900629973756,-27.8967514458598],[152.900165983838,-27.8965004358115],[152.899802013917,-27.8961904257727],[152.899387994,-27.895896445729],[152.898941014129,-27.8952624356794],[152.898592984199,-27.8950114456426],[152.897814004308,-27.8948194255633],[152.897034984362,-27.8950694354875],[152.896736014274,-27.8960264454651],[152.89655300424,-27.8964534454502],[152.89655197416,-27.897086435455],[152.896435984113,-27.8975584254472],[152.8962819841,-27.8977924354336],[152.896186974078,-27.8980464454261],[152.895863004056,-27.8985014253973],[152.895710983981,-27.8992274453878],[152.895367993931,-27.899920435359],[152.895309993837,-27.9007134353595],[152.895480993797,-27.9008824353779],[152.895709013755,-27.9010184254017],[152.897683983284,-27.9030294356148],[152.897854993231,-27.903299445634],[152.898196013065,-27.904313445676],[152.898176993029,-27.9046174356765],[152.898043003011,-27.9048704456651],[152.897719973013,-27.9051404356349],[152.897320013012,-27.9054944255978],[152.897111012994,-27.9058154455794],[152.896805982989,-27.9061194355513],[152.896749002933,-27.9066094455495],[152.897469992687,-27.9079264356318],[152.897412972672,-27.9080954356275],[152.897147002678,-27.9082814356024],[152.896442992727,-27.9085004355338],[152.895873002788,-27.908516445477],[152.895435002844,-27.9084484354327],[152.894959992877,-27.9086004353864],[152.894770012904,-27.908549425367],[152.894275983003,-27.9081944353149],[152.894028983082,-27.9077894252871],[152.893535983251,-27.9068764352307],[152.893270003325,-27.9065224352013],[152.892813973422,-27.9061504351528],[152.892357983502,-27.9059134351054],[152.891787993556,-27.9059804450491],[152.891445993617,-27.9057944450134],[152.89125601364,-27.9057774449943],[152.890988973663,-27.9058274249681],[152.890438003659,-27.906334444917],[152.890161013585,-27.9071664448959],[152.889791993538,-27.9078564348645],[152.889565983519,-27.9082014448446],[152.888603993505,-27.9091464447559],[152.888377983509,-27.9093094447346],[152.888112013526,-27.9094004247088],[152.887927973549,-27.9093824446903],[152.887662003592,-27.9092724446629],[152.887314993674,-27.9089274346255],[152.886987993788,-27.908308424588],[152.886927003845,-27.9079084345788],[152.886886993997,-27.9067454345656],[152.886764974081,-27.906181424549],[152.886479984202,-27.905472434515],[152.885968984323,-27.90496344446],[152.885251974401,-27.9049624443884],[152.884966004426,-27.9050174443603],[152.884495004459,-27.9051624243144],[152.884228994468,-27.9053254342891],[152.884105984453,-27.9055434342785],[152.884024014421,-27.9058704442729],[152.883981994373,-27.906288434272],[152.883919984299,-27.9069244442708],[152.883858994262,-27.9072704242674],[152.883732014242,-27.9075404342569],[152.883612984222,-27.907797434247],[152.883428004199,-27.9081424242313],[152.883181994196,-27.9083784342085],[152.882690994229,-27.9085414341608],[152.881769994307,-27.9087224340703],[152.88150397433,-27.9087764440442],[152.881074004363,-27.9088854440021],[152.88076700439,-27.9089394439719],[152.880603014396,-27.9090304239562],[152.880193004365,-27.90962943392],[152.880110994335,-27.9099384439142],[152.879866004344,-27.9100844238909],[152.879128994404,-27.9102474338186],[152.878739974447,-27.9102464337798],[152.878248984512,-27.9101554337301],[152.877880984566,-27.9100464236925],[152.8776150146,-27.9100094236656],[152.877123974684,-27.9097724436148],[152.876694004733,-27.9097544435717],[152.876448984742,-27.9098994235484],[152.876284984725,-27.9101714335341],[152.876264004682,-27.9105354335349],[152.87634499462,-27.9109534235463],[152.876324004572,-27.9113534335473],[152.876466974489,-27.9118804435657],[152.876772994391,-27.9123894336003],[152.877203004298,-27.912753443646],[152.877857004169,-27.9132084237149],[152.878265994085,-27.9135184337581],[152.878484004032,-27.9137444237817],[152.878889993963,-27.9139404338237],[152.879041973935,-27.9140304438396],[152.87921101389,-27.9142414338582],[152.880022003719,-27.9148884339442],[152.880545993614,-27.9152644239994],[152.880885013563,-27.9153704340341],[152.881070973533,-27.9154454340533],[152.881830983372,-27.916062444134],[152.882016983327,-27.9162574341541],[152.882119003295,-27.9164234341656],[152.882151993255,-27.9167084441711],[152.882066983226,-27.917009434165],[152.881965003209,-27.9172344341566],[152.88189799319,-27.9174454241515],[152.881829993169,-27.9176704441465],[152.881744983165,-27.9177754341388],[152.881457003183,-27.9178804341109],[152.881185993198,-27.9180004240848],[152.880898003208,-27.9181654340573],[152.880729013187,-27.918481424043],[152.880626993162,-27.918766434035],[152.880355973156,-27.9190514340102],[152.879916003162,-27.9193824339689],[152.879627983161,-27.9196374339421],[152.87945899317,-27.9197124339258],[152.879239003195,-27.9197124339039],[152.878967993232,-27.9196514438764],[152.878713993271,-27.9195614438503],[152.878444003312,-27.9194714338226],[152.878172983344,-27.9194554337955],[152.877868973381,-27.9194254237649],[152.877462003416,-27.9195004237249],[152.877225013438,-27.9195304337014],[152.877055973461,-27.9194994236843],[152.876870013498,-27.9193644336647],[152.876296013653,-27.9186424336017],[152.875957983745,-27.9182064235646],[152.875670983828,-27.9178004435327],[152.875298973909,-27.9174844234931],[152.874774983981,-27.9173634334399],[152.874250004014,-27.917558423389],[152.873945014019,-27.9177834433604],[152.873707974013,-27.9180384233387],[152.87347098402,-27.9181894433162],[152.873132004049,-27.9182484332829],[152.873171574029,-27.9183784932878],[152.87426621355,-27.9212099034193],[152.877410063032,-27.9225793237438],[152.878771002907,-27.9223921838782],[152.879498742643,-27.9238501239623],[152.879854722436,-27.9251741140082],[152.879494982004,-27.9289030340016],[152.877736221652,-27.9332093738598],[152.878001831472,-27.9343989238956],[152.877046261541,-27.9346807138025],[152.8765799813,-27.9369934337741],[152.861385982047,-27.9442724223151],[152.858741002524,-27.9427944420397],[152.85804101259,-27.9428854219706],[152.85775901261,-27.9429664319431],[152.856715002557,-27.9442934418494],[152.857155012274,-27.9461494319078],[152.854880982308,-27.9478564316944],[152.852677002436,-27.9487594314818],[152.851897002421,-27.9495584314102],[152.851358992458,-27.949732441358],[152.850550002425,-27.9506954412849],[152.849435002524,-27.9508804411751],[152.848486992633,-27.9508414410803],[152.845679003012,-27.950282420796],[152.843879013164,-27.9506414406194],[152.843127983233,-27.9507524405454],[152.842380973374,-27.9502874404673],[152.841362003501,-27.9501664303647],[152.838482013747,-27.9507264200821],[152.837471983722,-27.9518034399899],[152.836506993851,-27.9516144198922],[152.834282974084,-27.9517094196714],[152.831286984385,-27.9519314193746],[152.831293004373,-27.9520234193759],[152.828635294639,-27.9522300491127],[152.827899164719,-27.9522315790394],[152.827033274757,-27.9526848289567],[152.825657884795,-27.9535779188267],[152.82366845497,-27.9539245186313],[152.822113365127,-27.9540375884773],[152.821130755142,-27.9547705383852],[152.820642275171,-27.9549718783381],[152.820047975215,-27.9551410082802],[152.818866805279,-27.9556604281667],[152.818049935313,-27.9561022480888],[152.816786775217,-27.9579589079776],[152.815256225265,-27.9589115478326],[152.815020025192,-27.9596912078152],[152.813941345175,-27.9607659077163],[152.813385815181,-27.9612041776644],[152.812038415295,-27.9614766775324],[152.810830015354,-27.9620613874167],[152.80927434549,-27.962340517264],[152.808131825573,-27.9626772371529],[152.807530595518,-27.9636352371006],[152.805903465697,-27.9636342969386],[152.804719005705,-27.9646039168283],[152.801981425921,-27.9652720065611],[152.798493926287,-27.9654166562152],[152.797226576283,-27.966554166098],[152.796540816074,-27.9688033060474],[152.796684695778,-27.9710216060791],[152.793874265799,-27.9733076658174],[152.791756285791,-27.9752143556217],[152.79065343548,-27.9786397355388],[152.787479025342,-27.9825026652533],[152.788187675133,-27.983544675332],[152.785036665556,-27.9829375650138],[152.781436165964,-27.9828481146551],[152.781164635971,-27.9830261946295],[152.780283275901,-27.9843546845522],[152.794850091996,-28.0025774761439],[152.794947761969,-28.0027094961547],[152.794996051978,-28.0025903961586],[152.79513307199,-28.0023748361705],[152.795380911989,-28.0021664061935],[152.795840991955,-28.0020344662383],[152.796143031928,-28.0019874062679],[152.796422041897,-28.0019868362957],[152.796983001824,-28.0020808063523],[152.797470021753,-28.0022128064017],[152.797665121719,-28.002315446422],[152.7977204117,-28.0024202264283],[152.799260861292,-28.0043065265963],[152.808937628723,-28.0161931476526],[152.816337746759,-28.0252809984606],[152.802216447177,-28.0342919571254],[152.790792057516,-28.0415791960458],[152.784121827715,-28.0458326854156],[152.780524788671,-28.0414062450233],[152.77761657875,-28.0433269347491],[152.777532118754,-28.043364444741],[152.777440648758,-28.0434179347324],[152.769115798998,-28.0487892939469],[152.767304849051,-28.049959013776],[152.768538148724,-28.0514690939104],[152.774060307269,-28.0581552945117],[152.774172037238,-28.058307434524],[152.776404376639,-28.0610939047677],[152.776333636619,-28.0613186647625],[152.777025896437,-28.0621536748378],[152.777075756282,-28.063335124852],[152.770754867125,-28.0621899942147],[152.770311246918,-28.0642160741865],[152.763565057805,-28.0630973835073],[152.754128679053,-28.061472802557],[152.749140666697,-28.0844974722418],[152.749115876688,-28.0845884022401],[152.748570276464,-28.0868420922035],[152.748472496478,-28.0868191121936],[152.747405526009,-28.091464742124],[152.749336555755,-28.0917841623183],[152.746842544506,-28.1038612621651],[152.742731664616,-28.1065938517783],[152.742505064624,-28.1067352317569],[152.727268945043,-28.1167804503231],[152.718533985282,-28.1225524195017],[152.72130700493,-28.1229114297796],[152.721454384899,-28.1230222197951],[152.732693643469,-28.1244895509218],[152.727720813599,-28.1278231204543],[152.727829663567,-28.1279776304664],[152.731442532629,-28.1322375908582],[152.731525722606,-28.1323485608673],[152.73153473258,-28.1325405508697],[152.731651752546,-28.1327055508826],[152.731923752494,-28.132885550911],[152.732066762471,-28.1329425509257],[152.732195752455,-28.1329495509385],[152.732290762447,-28.1329305509478],[152.73241175244,-28.1328835609594],[152.732626742421,-28.1328445609805],[152.732764752397,-28.1329095509947],[152.732799752386,-28.1329675509986],[152.732800082371,-28.1330861509996],[152.732723762349,-28.1333245409939],[152.732723762332,-28.1334585509949],[152.732659742318,-28.1336315509899],[152.732664082307,-28.133712150991],[152.732937102259,-28.1338494410191],[152.733400072157,-28.1342503910682],[152.733824852051,-28.134717411114],[152.734040862001,-28.1349284511371],[152.734126091984,-28.134986161146],[152.73441707194,-28.1350803811757],[152.734826081863,-28.1353301412182],[152.735125091783,-28.1356971312507],[152.735273101743,-28.1358851312669],[152.735359091714,-28.1360381412766],[152.735446071672,-28.1362991412873],[152.735534151644,-28.1364444212972],[152.735650071602,-28.1366711413105],[152.735836081555,-28.1368811313306],[152.735966891529,-28.1369764013443],[152.736161071498,-28.1370451313641],[152.736437051461,-28.137102131392],[152.736795921414,-28.137158391428],[152.736903921396,-28.1372043814391],[152.737011081373,-28.1372931414504],[152.737119931341,-28.1374454014624],[152.737163871312,-28.1376374614683],[152.737229031291,-28.1377523914757],[152.737424151247,-28.1379243814964],[152.737609061214,-28.1380281315155],[152.737769041187,-28.138096141532],[152.737876061174,-28.1381041315426],[152.738040061169,-28.1380001415581],[152.73815711116,-28.1379683915695],[152.738278071147,-28.1379683915815],[152.738450861117,-28.1380564115993],[152.7385239411,-28.1381204116071],[152.73858982108,-28.1382283916145],[152.738590041039,-28.138551141617],[152.738754031,-28.1387161416346],[152.738884050977,-28.138784131648],[152.739195060933,-28.1388601116795],[152.739453040903,-28.1388671217052],[152.739575140893,-28.1388394117171],[152.739690000889,-28.1387671117279],[152.739948820889,-28.1385394317518],[152.74011300088,-28.1384733917676],[152.740241010867,-28.1384621217802],[152.740328970855,-28.1384814017891],[152.740444020833,-28.1385501218011],[152.740587830812,-28.1385954118157],[152.740725030795,-28.1386071218294],[152.74081103079,-28.1385681318377],[152.74085494079,-28.1385294418417],[152.740898150799,-28.1384214618451],[152.740875850809,-28.1383643918425],[152.740789050829,-28.1382804118332],[152.740508990878,-28.1381354318043],[152.740313860919,-28.1379824317837],[152.740227100948,-28.1378284417739],[152.740222060964,-28.1377134217725],[152.740346970962,-28.1376173917841],[152.740442010956,-28.1375784117933],[152.740733980927,-28.137551421822],[152.740936000914,-28.1374821218416],[152.741129960907,-28.1373663818599],[152.741302060906,-28.1372234518759],[152.741430940901,-28.1371464218881],[152.741508980895,-28.1371281218957],[152.741573000888,-28.137128121902],[152.741732980863,-28.1371851219184],[152.741815980841,-28.1372841119274],[152.741920010796,-28.1375491119398],[152.741963000782,-28.1376251219446],[152.742071990756,-28.1377291119563],[152.742331000714,-28.1378351219828],[152.742468820688,-28.1379194219972],[152.742621130648,-28.1381024120137],[152.742663990622,-28.1382761220193],[152.742698880607,-28.1383594520234],[152.742828820576,-28.1384934620374],[152.742959020552,-28.1385711220509],[152.743175130517,-28.1386574320731],[152.743325990496,-28.1386874020883],[152.743463990487,-28.1386380921016],[152.743584000483,-28.138569112113],[152.743700040483,-28.1384643821237],[152.743824940477,-28.1384000921356],[152.74407898045,-28.1383951021608],[152.744187090436,-28.1384054421716],[152.744337950411,-28.1384704121871],[152.744489930378,-28.1386051122032],[152.744771970298,-28.1389880922342],[152.744931950258,-28.1391601122514],[152.745320970175,-28.1394781022925],[152.74571097008,-28.1398863823345],[152.74593997003,-28.1400820923587],[152.746230109974,-28.140269422389],[152.746402899937,-28.1404144124073],[152.746462979925,-28.1404520924136],[152.746381069928,-28.1405007124058],[152.737603040167,-28.1463193915798],[152.737442880163,-28.1464864415652],[152.73601186038,-28.1460274414195],[152.734913140662,-28.1447624113006],[152.733360830875,-28.144437421144],[152.732001821087,-28.1439533810053],[152.729504171263,-28.1447514207637],[152.72790901132,-28.1457034506128],[152.727700301359,-28.1455801805911],[152.726736631389,-28.1461870405003],[152.727521301183,-28.1471296705855],[152.72775374112,-28.1474263106109],[152.737320748594,-28.1590115516509],[152.742882217126,-28.1657447422557],[152.742229156961,-28.1676225622056],[152.742199996954,-28.1677024322033],[152.742325996927,-28.1678014222166],[152.742560976872,-28.1680294122417],[152.742739976836,-28.1681564122605],[152.742987996794,-28.168272432286],[152.743558966702,-28.1684994223445],[152.743840956654,-28.1686304223735],[152.743980976626,-28.1687274223881],[152.744219976569,-28.1689704124138],[152.744372986534,-28.1691164224301],[152.744657976482,-28.1692764224597],[152.744933986438,-28.1693834324879],[152.745252966383,-28.1695344225207],[152.745571976331,-28.1696654225535],[152.745880986285,-28.1697584225849],[152.745835756257,-28.1700191125824],[152.745822946246,-28.1701173825819],[152.744815805664,-28.1756068625248],[152.744740215621,-28.1760089625204],[152.7445192355,-28.1771601125075],[152.745645665355,-28.1773216326206],[152.745915725319,-28.1773649426478],[152.750356974743,-28.178024433094],[152.749920984489,-28.1804084330693],[152.748879964652,-28.180033422963],[152.747604984843,-28.1796474128333],[152.74748997486,-28.1796134328217],[152.74680680447,-28.1832994127826],[152.746636744458,-28.1835403127676],[152.746633794436,-28.1837179327687],[152.745601023809,-28.189583492712],[152.743869284032,-28.1893375125381],[152.742865603412,-28.1951248824836],[152.742496623182,-28.1972678124637],[152.739597543557,-28.1968476621726],[152.737058963338,-28.2008134319516],[152.736857663364,-28.2007828919314],[152.736718533352,-28.2010018119193],[152.725160184849,-28.1993260507591],[152.720037523137,-28.2173756303918],[152.717157411642,-28.2317412302183],[152.722202040982,-28.2325170807248],[152.721410790526,-28.2368145606798],[152.721364510506,-28.2370157806768],[152.720887780516,-28.2373570306322],[152.720365210501,-28.2379312005848],[152.719957220519,-28.238151200546],[152.719708210517,-28.2383822305231],[152.719530200512,-28.2385852305071],[152.719247220531,-28.2386842204798],[152.719001940566,-28.238623930455],[152.718251970656,-28.2385734503802],[152.717682100724,-28.2385314103233],[152.717250810766,-28.2385824602809],[152.716733130825,-28.2385724702295],[152.716517130844,-28.2386104502084],[152.716444050851,-28.2386224202012],[152.716323090856,-28.2386883901897],[152.716228050857,-28.2387654201809],[152.716098800852,-28.2389194101693],[152.716077740848,-28.2389636901676],[152.716044090843,-28.2390344301648],[152.71600087081,-28.2393334101628],[152.715960940726,-28.2400324501643],[152.715995870702,-28.2401974101691],[152.715941120654,-28.2406194201669],[152.71582487063,-28.2409144401577],[152.715803990611,-28.2410794201569],[152.715740990579,-28.2413944201531],[152.715568890549,-28.2417794201391],[152.715513820533,-28.241951420135],[152.71545009052,-28.2421164001299],[152.715225790496,-28.2425014001107],[152.71517108048,-28.2426734001066],[152.715063080463,-28.2429044300977],[152.714888130443,-28.2432194300828],[152.714815060423,-28.2434434400773],[152.714783300409,-28.2435782500752],[152.714685340398,-28.2437522400668],[152.714553320397,-28.2438792500547],[152.714422360402,-28.2439542400423],[152.714218360417,-28.2440122400225],[152.714014360439,-28.2440182600024],[152.713745830473,-28.2439904699755],[152.71328794055,-28.2437793999284],[152.713049960602,-28.2435804199033],[152.712920020631,-28.2434653998895],[152.712677000695,-28.2431714498631],[152.712538080744,-28.2429104598473],[152.712472890772,-28.2427453998395],[152.7124200008,-28.2425724198329],[152.712180960884,-28.2421124198057],[152.712116140917,-28.2419134397977],[152.712007040979,-28.2415184197838],[152.711906961018,-28.2413004597721],[152.711885021041,-28.2411353797687],[152.711841111063,-28.2410003897633],[152.711805821098,-28.2407524297578],[152.711687341158,-28.2403872597432],[152.711674341174,-28.240271269741],[152.71157506121,-28.2400743897297],[152.711491881233,-28.2399663797206],[152.711354021261,-28.2398624297061],[152.711030011321,-28.2396714596725],[152.710951901332,-28.2396524596646],[152.710735891364,-28.2395953996427],[152.710411881411,-28.2395073796099],[152.71025997143,-28.2394893795947],[152.709950011463,-28.239501439564],[152.709820031473,-28.2395403995514],[152.709785831473,-28.2395674095483],[152.709669951473,-28.2396744195376],[152.709627101465,-28.2397704495341],[152.709592901433,-28.240058459533],[152.709650131408,-28.2402004695397],[152.709681121361,-28.2405454295455],[152.709681121343,-28.2406914195467],[152.709659871334,-28.2407753895452],[152.709596141329,-28.2408723995396],[152.709488141327,-28.2409874395298],[152.709242971301,-28.2414104395088],[152.709209131292,-28.2415064495062],[152.709092851286,-28.2416593794959],[152.70907989128,-28.2417174294951],[152.708952061268,-28.241928379484],[152.708908881255,-28.2420633794808],[152.708900961225,-28.2423124094819],[152.708880091205,-28.2424853794812],[152.708845921198,-28.2425734094785],[152.70868711119,-28.2427733894643],[152.70856582119,-28.2428813894532],[152.708328941197,-28.2430353894309],[152.708286091202,-28.2430353894266],[152.707683111235,-28.2433053793689],[152.707381031248,-28.2434673793403],[152.707220831259,-28.2435254293248],[152.706877041283,-28.2436334392916],[152.706432071306,-28.2438454692491],[152.706207811319,-28.2439414092276],[152.705785911336,-28.2441804391877],[152.705462961351,-28.2443464091569],[152.705312141354,-28.2444504491428],[152.70510909136,-28.2445854491237],[152.704838001373,-28.2447204590979],[152.704601161379,-28.2448854190757],[152.704428001387,-28.2449703790592],[152.704106141391,-28.2452203990292],[152.703967881397,-28.2452974390161],[152.703868891397,-28.245386459007],[152.703696061406,-28.2454633989905],[152.703536961412,-28.2455594289755],[152.702941901446,-28.2458174489185],[152.70273885146,-28.2458873788989],[152.702014911495,-28.2462424388299],[152.701855041504,-28.2463113888146],[152.701640131518,-28.246396428794],[152.701553001526,-28.2464083987854],[152.701397841535,-28.2464734587705],[152.701109131561,-28.2465244087423],[152.700992841568,-28.2465703987311],[152.700820051578,-28.2466404287146],[152.700669921571,-28.2468323787012],[152.700497821552,-28.2471283986864],[152.700442051545,-28.2472354086817],[152.700390921528,-28.2474164086781],[152.700313901517,-28.2475693986716],[152.700263131504,-28.2477153886677],[152.700078111484,-28.248042448652],[152.699916821454,-28.2484174586389],[152.69987616145,-28.2484864086354],[152.699709101442,-28.2487014186205],[152.699679931443,-28.2487143886177],[152.699606861434,-28.2488544086116],[152.699578061435,-28.2488663786088],[152.699520101431,-28.2489554086038],[152.699520101421,-28.2490314586044],[152.699445931405,-28.2492214385985],[152.699243981401,-28.2494364385802],[152.698937961369,-28.2499563885539],[152.698851931371,-28.2500193785458],[152.698823131366,-28.2500824585435],[152.698678081366,-28.2502094685301],[152.698610011359,-28.2503264585243],[152.698489051358,-28.2504374185131],[152.698445831357,-28.2504874585092],[152.698329941354,-28.2506143684987],[152.69831480135,-28.2506524484975],[152.698256831352,-28.2506904284921],[152.698082951338,-28.2509564584769],[152.698007831313,-28.2512163084715],[152.697950851295,-28.2514133884674],[152.697805041276,-28.2516923884551],[152.697775871277,-28.2517044484523],[152.697761131273,-28.2517553984513],[152.697601991265,-28.2519574384371],[152.697486101252,-28.2521603784272],[152.697470951244,-28.2522364384263],[152.697411931238,-28.2523384084212],[152.697396821217,-28.2525164284211],[152.697338131193,-28.2527574484172],[152.697251041185,-28.2528963984096],[152.697221151177,-28.2529854284074],[152.697173951175,-28.2530433884031],[152.697133981169,-28.2531254483998],[152.697076061161,-28.2532393983949],[152.697060951146,-28.2533784583945],[152.69713114111,-28.2535954484032],[152.69714410108,-28.2538243984063],[152.697086131069,-28.2539634484016],[152.697054821043,-28.2541923984003],[152.697012001039,-28.2542684583966],[152.696966961019,-28.2544594283937],[152.69695185101,-28.2545474583929],[152.696907940992,-28.2547253883899],[152.696806070978,-28.2549284283814],[152.696776870977,-28.2549664083788],[152.696690140973,-28.255067398371],[152.696603020978,-28.2551054483626],[152.696466950982,-28.2551943783498],[152.696401030987,-28.2552184083435],[152.696257040995,-28.2552814083297],[152.696155891004,-28.2552933783198],[152.695883021037,-28.2552794282926],[152.695724981059,-28.2552404682767],[152.695466121091,-28.2552134582508],[152.695220981116,-28.2552373882267],[152.694817041135,-28.2554394481882],[152.694599971139,-28.255603438168],[152.694585961136,-28.2556414181669],[152.694521131136,-28.2556914581609],[152.694440141126,-28.255844448154],[152.69433896112,-28.2559834081451],[152.694221981094,-28.2562874381359],[152.694176971063,-28.2565793881337],[152.694088061029,-28.2569223781276],[152.693885011017,-28.2572014681096],[152.693855121001,-28.2573533881078],[152.693808000996,-28.2574294381038],[152.693823110945,-28.2578234481083],[152.693750000929,-28.2580144481026],[152.693620060924,-28.2581654580909],[152.693562090927,-28.2581913780853],[152.693474970924,-28.2582924480775],[152.693360140929,-28.2583554580666],[152.693344990926,-28.2583934380654],[152.693040800925,-28.2586714380374],[152.692910130914,-28.2588743780261],[152.692910130909,-28.2589124580264],[152.692837060901,-28.2590394580201],[152.692619990892,-28.2593044180007],[152.692400010839,-28.2599144379836],[152.692293100794,-28.2603674079766],[152.692221810764,-28.2606634079718],[152.692149110752,-28.2608273879659],[152.692145130744,-28.260889397966],[152.69194606073,-28.2611824379485],[152.691759910732,-28.2613313879312],[152.691671030736,-28.2613724379228],[152.691453930737,-28.2615614379027],[152.691294790745,-28.2616373978875],[152.691122000747,-28.2617754378715],[152.690846970758,-28.2619274578454],[152.69067381076,-28.2620654278294],[152.690645020763,-28.2620654278265],[152.690529090763,-28.2621663978158],[152.690499930758,-28.2622303978134],[152.690354880759,-28.2623563978],[152.690340820755,-28.2623943777989],[152.690182050762,-28.2624823977839],[152.69016694076,-28.2625084077826],[152.690138140762,-28.2625203777798],[152.689836070794,-28.26253144775],[152.689606080819,-28.2625434177273],[152.68944803084,-28.2625173977114],[152.689318060862,-28.262452427698],[152.689103880912,-28.2622514676752],[152.688965910942,-28.2621363776607],[152.688918820967,-28.2619744476547],[152.688766911019,-28.2617003876376],[152.688643901063,-28.2614583676235],[152.688630801095,-28.2612194276203],[152.688637991133,-28.2609114576186],[152.688711101144,-28.2607584376247],[152.688725851158,-28.2606314576252],[152.688640871189,-28.2604663976154],[152.688540101211,-28.2603763976048],[152.688497981226,-28.2602994576],[152.688500131274,-28.2599183875972],[152.688344971346,-28.2594853975785],[152.688244881378,-28.2593194375673],[152.688054101425,-28.2591153975468],[152.687929891449,-28.2590384575339],[152.687685811476,-28.2590373875097],[152.687353921504,-28.2591114374774],[152.687241941514,-28.2591284574664],[152.687168131521,-28.2591363774592],[152.687091081528,-28.2591494174516],[152.686938111547,-28.2591343974363],[152.686778971566,-28.2591214274205],[152.686520841605,-28.2590434173943],[152.686276041633,-28.25904241737],[152.685628051683,-28.2592163873072],[152.685426101694,-28.2593044172879],[152.685354081701,-28.2593174572808],[152.68503584172,-28.2594424572503],[152.68479107173,-28.2595814372271],[152.684761911733,-28.2595814372242],[152.684689891733,-28.2596444272176],[152.684531121743,-28.2597064372024],[152.684315111764,-28.2597313771811],[152.684156011776,-28.2597813971658],[152.683999061792,-28.2597913871503],[152.68389792181,-28.2597414371399],[152.68381185183,-28.2596524371307],[152.683712861872,-28.259409437119],[152.68354113192,-28.2591803871002],[152.683239091989,-28.2588994070681],[152.683097982026,-28.2587323770528],[152.683097982029,-28.2587074370526],[152.68288413209,-28.2584143970291],[152.68279879211,-28.2583374570201],[152.682798792113,-28.2583114470199],[152.682497852182,-28.2580303769879],[152.682455042188,-28.2580174069835],[152.682354922211,-28.2579274069729],[152.682329002216,-28.2579103969702],[152.68221202224,-28.257825426958],[152.681911082304,-28.2575824369262],[152.681710912338,-28.2574924269057],[152.681422892383,-28.2573893868764],[152.68120798241,-28.2573623968549],[152.680977952436,-28.2573613968321],[152.680905942444,-28.257365446825],[152.680861992449,-28.2573604168206],[152.680458812491,-28.2573844467809],[152.680113932523,-28.2574323967471],[152.679968842533,-28.2574824367331],[152.679861932543,-28.2574984667226],[152.679652052556,-28.2575824367025],[152.679550912566,-28.2575954066926],[152.67933491258,-28.2576704566718],[152.679089012589,-28.2578213766486],[152.679054812592,-28.2578234466452],[152.678945012592,-28.2579224666351],[152.678921982593,-28.2579354166329],[152.678887052594,-28.2579604466297],[152.678757112599,-28.2580354066174],[152.678699112603,-28.2580514266118],[152.678554062599,-28.2582124365987],[152.678379812581,-28.2585043965837],[152.678306012556,-28.2587704265784],[152.67830495253,-28.2589743765799],[152.67834707251,-28.2591014465851],[152.678387042497,-28.2591674165896],[152.678435982479,-28.2592634565952],[152.678604072442,-28.2594074566129],[152.678660972425,-28.2594974566193],[152.678847082385,-28.2596504566389],[152.679018822338,-28.2598674466576],[152.679159922284,-28.260173446674],[152.67917288225,-28.2604274166772],[152.679011992215,-28.2608464666646],[152.678793792198,-28.2611764066455],[152.678633962172,-28.2615183966324],[152.678588992155,-28.2616954466293],[152.67854399211,-28.2620894566279],[152.678484932094,-28.2622673966234],[152.678339112082,-28.2624954366108],[152.678266082067,-28.2626733766049],[152.678205922024,-28.2630674066021],[152.678177132021,-28.2631174265996],[152.678046782023,-28.2632184165875],[152.677758112039,-28.2633444265599],[152.677484872065,-28.2633804265331],[152.676952042127,-28.2633653864802],[152.676635992172,-28.2632874464483],[152.676233142217,-28.2632853764084],[152.675586942306,-28.2631544263434],[152.675212892349,-28.2631393863062],[152.674808982387,-28.2632004162667],[152.674686922393,-28.2632594562551],[152.674563812403,-28.2632884462431],[152.674375912411,-28.2633894162253],[152.674231882419,-28.2634534062115],[152.674109132426,-28.2635044261998],[152.673901042448,-28.2635154161792],[152.673582802473,-28.2636024461484],[152.672993142539,-28.26359839609],[152.672879042557,-28.2635604160784],[152.67273607259,-28.2634193860631],[152.672692892597,-28.2634064160588],[152.672592082619,-28.2633174160481],[152.672476882635,-28.2632914060365],[152.672348002658,-28.2632274160232],[152.672088822689,-28.2632123859974],[152.671887922708,-28.2632364159777],[152.671656802723,-28.2633244459555],[152.671494822732,-28.26339544594],[152.671310132731,-28.2635643659231],[152.671266952734,-28.2635774359189],[152.671121862735,-28.2637034359055],[152.671079042738,-28.2637154059014],[152.671021052736,-28.2637783958961],[152.670933962741,-28.2638163758878],[152.67089111274,-28.263867395884],[152.67064484275,-28.2640053758606],[152.670456942753,-28.2641444158431],[152.670398982758,-28.2641563858375],[152.670384962756,-28.2641823958363],[152.670052992782,-28.2642694458041],[152.669636162824,-28.2643054457631],[152.669507972834,-28.2643444057507],[152.669332992854,-28.2643414457334],[152.669131082868,-28.2644044357139],[152.668829002896,-28.2644533856844],[152.668655852909,-28.2645034256676],[152.668453892919,-28.2646034256484],[152.66819397294,-28.2646664356232],[152.667805912985,-28.2646513955846],[152.667517923024,-28.2645983955557],[152.667389003048,-28.2645224255423],[152.667345823059,-28.2644704055377],[152.666930023122,-28.2643414454955],[152.666843953139,-28.2642774554865],[152.666671893167,-28.2642124654689],[152.666599873181,-28.2641614354614],[152.666327043218,-28.264109415434],[152.665937843259,-28.2641324453956],[152.665592983288,-28.2642074253621],[152.665173933321,-28.2643183953215],[152.665024903327,-28.2643984053073],[152.664641143355,-28.2645194552703],[152.664353153385,-28.2645304352419],[152.664021953432,-28.2644524052085],[152.663907823453,-28.2643884151967],[152.663535923537,-28.2640554151573],[152.663452043589,-28.2637114451463],[152.66328213366,-28.2633043751263],[152.663210853684,-28.2631763851182],[152.66309602371,-28.2630744151061],[152.663067913721,-28.2630104251028],[152.66292502375,-28.2629084550879],[152.662565023792,-28.2628934350521],[152.662449823801,-28.2629184450409],[152.662089093824,-28.2630564150063],[152.661987923828,-28.2631154449967],[152.661883893788,-28.2635254049896],[152.661838893753,-28.2638434649877],[152.66159087372,-28.2643244249669],[152.661562073721,-28.2643373949641],[152.661548023716,-28.2643884149631],[152.661518853718,-28.2644003849603],[152.661460893712,-28.2645024449554],[152.661315843712,-28.264628454942],[152.661113853723,-28.2647163849227],[152.660969133729,-28.2648043849091],[152.660780863729,-28.2649683748917],[152.660694103721,-28.2651074148842],[152.660649103699,-28.2653234248814],[152.660648003684,-28.2654384348822],[152.660690123657,-28.2656163748878],[152.660789843619,-28.2658334548994],[152.66081685358,-28.2661124449042],[152.660757793574,-28.2662144248992],[152.660568833575,-28.2663703948817],[152.660165983599,-28.2665413848431],[152.659863913628,-28.2665783848135],[152.659532013651,-28.2666904447815],[152.659402073665,-28.2666894447687],[152.659244033691,-28.2666254547525],[152.65911584372,-28.266510434739],[152.658929003751,-28.2664333847199],[152.658914943755,-28.2664073947183],[152.658858113763,-28.2663944247126],[152.658842973768,-28.2663684147108],[152.658728873788,-28.2663173946992],[152.658614003813,-28.266215414687],[152.658584843816,-28.2662154146841],[152.658498813837,-28.2661254146749],[152.658455993844,-28.2661124446706],[152.658242143895,-28.2658953646477],[152.658212983898,-28.2658953646448],[152.658198923903,-28.2658694546432],[152.658026863934,-28.2657794446255],[152.657868823956,-28.2657403946095],[152.657639123982,-28.2657394145868],[152.657408013998,-28.2658143745645],[152.657234854007,-28.2659023945481],[152.657176894007,-28.2659524445427],[152.657103813994,-28.2661174045368],[152.657086913946,-28.2665114145382],[152.657156013894,-28.2668684545478],[152.657153863859,-28.2671474445498],[152.657109953839,-28.2673384445469],[152.657093013795,-28.2677064445481],[152.656960883771,-28.2680114545374],[152.656902923768,-28.2680874145323],[152.656758933771,-28.2681874045188],[152.656600883789,-28.2681874045032],[152.65647094381,-28.2681353844899],[152.656428823824,-28.2680584244851],[152.656329103848,-28.2679563844745],[152.656257823872,-28.2678293744664],[152.656229023877,-28.2678164244635],[152.655915813983,-28.2672554544281],[152.655816094014,-28.267102454417],[152.655786934018,-28.267089394414],[152.655788034022,-28.267063404414],[152.655758864026,-28.267050434411],[152.655716014042,-28.266961434406],[152.655587864076,-28.2668084143922],[152.655488144095,-28.2667444243818],[152.655416164113,-28.2666673943741],[152.65537295412,-28.2666544443697],[152.655266004142,-28.2665724543585],[152.655115884174,-28.2664504043427],[152.654971894197,-28.266398384328],[152.654699014229,-28.2663834343009],[152.654511074242,-28.2664464442828],[152.654354124246,-28.2665544542681],[152.654350914223,-28.2667384142692],[152.654393004198,-28.2669033742747],[152.654507134157,-28.2671204542877],[152.654678134108,-28.2673623843065],[152.654818914039,-28.2677833843237],[152.654902063975,-28.2682153943353],[152.654900973958,-28.2683554443363],[152.654840853914,-28.2687494543334],[152.654681023891,-28.2690784043201],[152.654462863878,-28.2693703743008],[152.654273133853,-28.2697373942849],[152.654186003852,-28.269826394277],[152.654128043844,-28.2699404342722],[152.653764833832,-28.2703574042395],[152.653562153817,-28.2706494442217],[152.653301143815,-28.2709024341978],[152.65324281381,-28.2709904541927],[152.653170793812,-28.271040404186],[152.652953003794,-28.271370444167],[152.652879933796,-28.2714203941602],[152.652756083789,-28.2715854541492],[152.652531093773,-28.2719144041296],[152.652429953773,-28.2720034041202],[152.65242995377,-28.2720284341204],[152.652270813767,-28.272192394106],[152.652198103759,-28.2723194040998],[152.652153793761,-28.2723444140956],[152.652081823754,-28.2724584440893],[152.652053023756,-28.2724713940866],[152.651951113743,-28.272661394078],[152.651892093721,-28.2728894640739],[152.651891033705,-28.2730174440748],[152.651990023667,-28.2732334340863],[152.652161023614,-28.2735014541053],[152.652217923601,-28.2735523941113],[152.652316883561,-28.2737814341229],[152.652459813519,-28.2739863841387],[152.652515983495,-28.2741264041453],[152.652533983489,-28.2741594441473],[152.652499053449,-28.2745073741466],[152.652455873439,-28.2746224141432],[152.652353963432,-28.2747734241343],[152.65213689344,-28.2748994341138],[152.652108103443,-28.274899434111],[152.652036083443,-28.2749624241043],[152.651804963458,-28.2750504440822],[152.651675023461,-28.27513837407],[152.651429123476,-28.2752384640465],[152.651343093478,-28.2753024540384],[152.651168843488,-28.2753774140218],[152.651010103488,-28.2755164640072],[152.650907873479,-28.2756814439983],[152.650879073471,-28.2757704439962],[152.65087797345,-28.2759354139973],[152.650947833411,-28.2761774240062],[152.650961853391,-28.2763294440087],[152.650858883361,-28.2766593740011],[152.650524073324,-28.2772424039725],[152.650521953305,-28.2773953939735],[152.650551083286,-28.2775223739774],[152.650592843272,-28.2775984339821],[152.650633903232,-28.2778784339884],[152.650682883142,-28.2785464039984],[152.650678283141,-28.2785579739981],[152.65056630313,-28.2787419739884],[152.650523273132,-28.2787669639844],[152.650494283127,-28.278829973982],[152.650349313126,-28.2789689639687],[152.650247293113,-28.2791589639601],[152.650189293113,-28.2792099639548],[152.650189293109,-28.2792479639551],[152.650145313106,-28.2793109739512],[152.650012303059,-28.2797939739418],[152.649863312988,-28.2804919639325],[152.649746332963,-28.2807969739233],[152.649557332947,-28.2810879739069],[152.649470312947,-28.2811639738989],[152.649397312941,-28.2812779738925],[152.649325342942,-28.2813279738858],[152.649165362933,-28.2815429638717],[152.649136342927,-28.2816189638694],[152.648947342914,-28.2818849738528],[152.648903362902,-28.2820249638495],[152.648873362887,-28.2821649738476],[152.648872332863,-28.282354963849],[152.648957382823,-28.2825969638593],[152.649114372788,-28.2827379738759],[152.649287342767,-28.2827519738932],[152.649459362739,-28.2828229639107],[152.649458342722,-28.2829559739117],[152.649371362711,-28.2831209739043],[152.648748342712,-28.283663973847],[152.648733382709,-28.2837019738458],[152.648676332711,-28.2837399638404],[152.648632382706,-28.2838159638367],[152.648545402706,-28.2838919638287],[152.6484873727,-28.2839929738237],[152.648371372698,-28.2841069738131],[152.648283372689,-28.2842589638056],[152.648267382652,-28.2845639738064],[152.648351372604,-28.2848689638171],[152.648493392548,-28.2851879638336],[152.648535372521,-28.2853659738392],[152.648719362441,-28.285837963861],[152.64873137239,-28.2862319738653],[152.648686402366,-28.2864599638626],[152.648598402353,-28.2866379738553],[152.648526392352,-28.2867139738488],[152.648482372346,-28.2868019738451],[152.648453392347,-28.2868149638423],[152.648409442341,-28.2869039638387],[152.64823640234,-28.2870679738229],[152.648235412336,-28.287092963823],[152.648119412335,-28.2872069638124],[152.648061412329,-28.2873089738074],[152.64801842233,-28.2873339638034],[152.647916402319,-28.2875109737947],[152.647812412281,-28.2879049637875],[152.647771422211,-28.288495963788],[152.647794422201,-28.2885529637907],[152.647793432184,-28.2886929737917],[152.647848402141,-28.2889849737994],[152.647860412099,-28.2893029738031],[152.647930422055,-28.2895959738123],[152.647929472029,-28.2897989738138],[152.647885452013,-28.2899639638107],[152.647884431925,-28.2906639638161],[152.647994441903,-28.2907399638276],[152.648052431888,-28.2908039738338],[152.648253441858,-28.2908689638542],[152.648612421813,-28.29090896389],[152.648742431793,-28.2909479539032],[152.649015411758,-28.2909879539305],[152.649288401712,-28.2911039539584],[152.649617411645,-28.2913469439928],[152.649688401618,-28.2914999440011],[152.649687421595,-28.2916779540023],[152.649597441546,-28.2921479439971],[152.649610401519,-28.292350944],[152.649666431484,-28.2925799540073],[152.649709431464,-28.2926949540125],[152.649766401448,-28.2927719440187],[152.649779401437,-28.2928479440206],[152.649893421399,-28.2930519440334],[152.649922401394,-28.2930649540364],[152.649936421383,-28.2931409440384],[152.650164401327,-28.2933839440628],[152.650623421241,-28.2936539341104],[152.65075343122,-28.2937049341236],[152.650902431189,-28.2938169341392],[152.651010431158,-28.2939739241511],[152.651066421129,-28.2941519341581],[152.651308421047,-28.2945849241854],[152.651350431023,-28.2947379241907],[152.651619400916,-28.2953499442221],[152.651760400831,-28.2958969342403],[152.651932380776,-28.2961769242595],[152.651944390765,-28.2962539242613],[152.652072400719,-28.296508914276],[152.652229420674,-28.2967259142932],[152.652258400669,-28.2967389242962],[152.652314430646,-28.2968669243027],[152.652357430637,-28.2969049243073],[152.652443420608,-28.297057914317],[152.652514410582,-28.2971979043251],[152.652556390557,-28.2973639043305],[152.652568400522,-28.2976309143338],[152.65252441051,-28.2977579143304],[152.652423420511,-28.2978459043211],[152.652293440516,-28.2979219243089],[152.652163390527,-28.2979459142962],[152.652004440535,-28.298021914281],[152.651903440534,-28.2981229042718],[152.651859460526,-28.2982239142683],[152.651858440515,-28.2983129142689],[152.651901470495,-28.298427914274],[152.652029470455,-28.2986319142883],[152.652186460419,-28.298784904305],[152.652352430388,-28.2988799043222],[152.65241645038,-28.2988889143286],[152.65276039032,-28.2990559143639],[152.652861420307,-28.299068924374],[152.653033440278,-28.2991459143916],[152.653267410243,-28.2992189144153],[152.653896410173,-28.2992149044775],[152.654026430165,-28.29916390449],[152.654300400142,-28.2991018845166],[152.654575420126,-28.298989894543],[152.654791390101,-28.2989908845643],[152.654891370087,-28.2990169045744],[152.655006380066,-28.2990808945863],[152.655049410055,-28.299131894591],[152.655422369992,-28.2992988946292],[152.655494379982,-28.2993119046364],[152.655724369956,-28.2993138946592],[152.655882379942,-28.2992888846746],[152.656084369927,-28.2992268946941],[152.656276359904,-28.2992359047132],[152.65637234988,-28.2993428847235],[152.656457399864,-28.2993938947323],[152.656586389824,-28.2995978947467],[152.656672379806,-28.2996619047557],[152.656757389782,-28.299776894765],[152.65687236976,-28.299853894777],[152.657102389727,-28.2999058948002],[152.657289379711,-28.2998688848184],[152.657606349674,-28.2998838848499],[152.65783632964,-28.2999478748731],[152.658079349593,-28.3001018648984],[152.658223339561,-28.3002298749136],[152.658237359555,-28.3002678749153],[152.658250349531,-28.300446874918],[152.658206369521,-28.3005608749145],[152.65820636951,-28.3006498749152],[152.658234369496,-28.3007388849187],[152.65833433947,-28.3008538749295],[152.658477349448,-28.300904884944],[152.658693349422,-28.3009188849655],[152.658866359412,-28.300843884982],[152.658953379413,-28.30075488499],[152.65899735941,-28.3007428749942],[152.659084339411,-28.3006548750021],[152.659112339408,-28.3006548750049],[152.659170369408,-28.3006038850103],[152.659343339397,-28.3005418750269],[152.65948733938,-28.3005418750411],[152.659631329351,-28.3006448850562],[152.659759339313,-28.3008358750703],[152.659845369295,-28.3008998850794],[152.659916319274,-28.3010018750872],[152.660059329245,-28.3011048651021],[152.660189339224,-28.3011558551154],[152.66020331922,-28.301181865117],[152.660303329203,-28.3012208651272],[152.660389329186,-28.3012848551362],[152.660447319178,-28.301297855142],[152.660461339173,-28.3013228551436],[152.660820319116,-28.3014518551802],[152.661336319025,-28.3017218552333],[152.661538308996,-28.3017738652537],[152.661630318989,-28.3017448552626],[152.661941338947,-28.3018018552938],[152.662055328921,-28.3019038653059],[152.662112308897,-28.3020438553126],[152.662111318883,-28.3021588653134],[152.662167308846,-28.3023998653209],[152.66235228879,-28.3026808653414],[152.662480298745,-28.3029238453559],[152.662522308724,-28.3030508453611],[152.662580308711,-28.3031018453672],[152.662622318695,-28.3031908353721],[152.662737328668,-28.3033058453844],[152.662842308633,-28.3034918453962],[152.66312233857,-28.3037398354258],[152.663280308542,-28.3038178354421],[152.663409338515,-28.3039198454557],[152.663423308509,-28.3039578454573],[152.663538328485,-28.3040478454694],[152.66371231843,-28.3043228454888],[152.663678338393,-28.3046458354879],[152.663619318376,-28.3048368354836],[152.663589318354,-28.3050398354822],[152.66358730832,-28.3053068454841],[152.663643298286,-28.3055228354913],[152.66378630824,-28.3057648455074],[152.663891318217,-28.3058528355184],[152.664029318193,-28.3059188455326],[152.664317348154,-28.3059718255615],[152.664432318135,-28.3060228155733],[152.664460318127,-28.3060618255764],[152.664733298076,-28.3062278356047],[152.664933278029,-28.306419825626],[152.664976278022,-28.3064328256304],[152.665033288008,-28.3064968256365],[152.665119287994,-28.3065348156453],[152.665205277974,-28.3066118156544],[152.665234297971,-28.3066118156573],[152.665248277966,-28.3066378256589],[152.665363287947,-28.3066888156707],[152.66554928791,-28.3068178156901],[152.665707267884,-28.3068818257062],[152.665889287846,-28.3070238257253],[152.666136287773,-28.3073798257526],[152.666176287701,-28.3079138257607],[152.666317287647,-28.308219815777],[152.666389297627,-28.3083098057849],[152.666474277595,-28.3084878057947],[152.666531287582,-28.3085387958007],[152.666731267515,-28.3088958058233],[152.666886287436,-28.3093798058424],[152.666913297409,-28.3095707958466],[152.667069297351,-28.3098898158645],[152.667069297339,-28.3099908058653],[152.667087187284,-28.3104096258703],[152.666590077196,-28.3115419058299],[152.667522467073,-28.3116899159234],[152.668191966732,-28.3137979160061],[152.669869966502,-28.3141284161748],[152.670735466312,-28.3148654162663],[152.671830466133,-28.3153199163782],[152.672409965874,-28.3168489164475],[152.673556465606,-28.3179579165697],[152.673320965524,-28.3188164165531],[152.673752465386,-28.3195264166013],[152.67338746521,-28.3212374165785],[152.673850464882,-28.3234259166414],[152.673332964807,-28.3244719165983],[152.673967464508,-28.3262739166752],[152.674730464408,-28.3263959167517],[152.675040014327,-28.3267594967852],[152.675300464259,-28.3270654168134],[152.676438464067,-28.32757341693],[152.677104463858,-28.3286364170043],[152.679499463346,-28.3305719172566],[152.68160896322,-28.3297014174587],[152.684214962922,-28.3297479177172],[152.684681462976,-28.3289109177569],[152.686379962758,-28.3291324179269],[152.687589962419,-28.3307349180593],[152.687483462221,-28.3323944180617],[152.688402461811,-28.3348244181717],[152.68949746166,-28.3350479182819],[152.692412961114,-28.3367879185844],[152.695222960783,-28.3369129188638],[152.695706960792,-28.3364124189079],[152.6968099607,-28.3361644190153],[152.698580460567,-28.3356554191868],[152.699731960288,-28.3368374193102],[152.7002544602,-28.3370704193638],[152.700315460182,-28.3371609193705],[152.701134960052,-28.3374629194541],[152.70132695996,-28.3380194194775],[152.704146459594,-28.3384164197601],[152.70464395947,-28.3389554198136],[152.704644459215,-28.3409684198294],[152.706444458833,-28.3423949200189],[152.707491458506,-28.3440474201356],[152.70764295846,-28.3442744201524],[152.707944458415,-28.344364920183],[152.708287458389,-28.3442729202163],[152.708562458377,-28.3441234202424],[152.708827458369,-28.3439499202673],[152.709262458366,-28.3435879203077],[152.71015795838,-28.3426844203894],[152.711000958368,-28.342033920468],[152.711765958332,-28.3416484205408],[152.712388958294,-28.3413909206006],[152.712860458246,-28.3413549206471],[152.713237458187,-28.3414894206855],[152.713877958052,-28.341991420753],[152.714665957875,-28.3426934208366],[152.715091457767,-28.3431644208824],[152.715462457695,-28.3434064209211],[152.716025957634,-28.3433924209769],[152.716757457532,-28.3435464210507],[152.717937957291,-28.3444074211745],[152.718753957144,-28.3448444212588],[152.718919957116,-28.3449179212759],[152.719669957012,-28.3450759213515],[152.719918456967,-28.3452134213772],[152.720209956928,-28.3452664214066],[152.720722956892,-28.3450974214561],[152.721075956864,-28.3450089214905],[152.721311456847,-28.3449309215132],[152.721763956822,-28.3447274215565],[152.722324456824,-28.3442154216082],[152.722587956813,-28.3440689216332],[152.722830956793,-28.3440139216568],[152.723058956754,-28.3441194216803],[152.723264956698,-28.3443849217028],[152.723410956637,-28.34473542172],[152.723873456488,-28.3455034217719],[152.724863956258,-28.3464379218774],[152.725459456145,-28.3468064219394],[152.726292455923,-28.34782042203],[152.726577955809,-28.3484709220634],[152.72675595575,-28.3487729220834],[152.726984955686,-28.3490754221085],[152.72725395563,-28.3492794221367],[152.727618955569,-28.3494439221742],[152.728405455429,-28.3498524222555],[152.728713955362,-28.3501094222881],[152.729055455298,-28.3503084223235],[152.729560955168,-28.3508854223782],[152.729711455095,-28.3513319223966],[152.729979955023,-28.3516654224259],[152.730307454947,-28.3519754224608],[152.730668954886,-28.3521319224979],[152.730945954833,-28.3523044225267],[152.731026454789,-28.3525839225369],[152.730995954756,-28.3528689225361],[152.73096895467,-28.3535719225389],[152.731112954608,-28.353935922556],[152.731574954518,-28.3542394226042],[152.732570954371,-28.3545189227053],[152.733182954303,-28.3545079227659],[152.734060454264,-28.3540439228494],[152.734102954345,-28.3533719228484],[152.734221674322,-28.3534430728607],[152.737016953796,-28.3551234231513],[152.737779453555,-28.3563519232366],[152.738344453443,-28.3567319232956],[152.739242453191,-28.3579289233941],[152.739646453064,-28.3585734234392],[152.740329952911,-28.3591739235118],[152.742676952568,-28.3598084237498],[152.744019952353,-28.360313923887],[152.746537452027,-28.3606624241398],[152.748712951626,-28.3618979243654],[152.749190951441,-28.3629404244211],[152.750954951125,-28.3638669246035],[152.756606450532,-28.3635564251625],[152.756974950487,-28.3635834251993],[152.757830450473,-28.3629404252793],[152.758042110472,-28.3627569252989],[152.761050950467,-28.3601484255775],[152.761858950615,-28.3582649256431],[152.760074451085,-28.3561384254492],[152.758221951429,-28.3550659252568],[152.759380451575,-28.352896425355],[152.759496051556,-28.3529449253669],[152.759538951548,-28.3529629253713],[152.759803451584,-28.3524474253935],[152.763979951296,-28.3510339257976],[152.765017951179,-28.3510439259008],[152.768315951015,-28.349424926216],[152.77068745084,-28.3487114264461],[152.77213595075,-28.3481504265857],[152.772924950668,-28.3480974266638],[152.774949950639,-28.346542426853],[152.77739095044,-28.3459539270911],[152.779297450128,-28.3467344272867],[152.781740449862,-28.3466734275292],[152.785005949217,-28.3488769278711],[152.786696448989,-28.3491779280416],[152.787906948595,-28.3512164281779],[152.791678948065,-28.3520649285598],[152.792733947752,-28.3535949286767],[152.793383447624,-28.3540304287447],[152.794832447513,-28.3536264288857],[152.795877947375,-28.3537984289911],[152.798004947246,-28.352935929196],[152.799914446906,-28.3539294293938],[152.80134494681,-28.3534264295322],[152.801913946751,-28.3533894295886],[152.802894946613,-28.3536104296879],[152.803715446536,-28.3534929297687],[152.804264946467,-28.3535574298239],[152.804824946493,-28.3528534298741],[152.80523994657,-28.3518859299079],[152.805952946546,-28.3514509299755],[152.807331756429,-28.3511512301104],[152.807358446427,-28.351145430113],[152.808751526325,-28.3507217102484],[152.809077946301,-28.3506224302801],[152.809140446504,-28.3489759302735],[152.808731446609,-28.3485094302291],[152.808619946789,-28.3471944302078],[152.808995946866,-28.3462584302379],[152.808674947005,-28.3454454301996],[152.809264947107,-28.3441259302481],[152.808793447349,-28.3426394301896],[152.809315447363,-28.3420669302371],[152.811558447208,-28.3413109304545],[152.812327947201,-28.3406929305263],[152.812535447373,-28.339154430535],[152.814513947332,-28.3377364307209],[152.815963947221,-28.3373409308622],[152.818612947219,-28.335029431108],[152.819436447095,-28.3352734311919],[152.819662947029,-28.335597931217],[152.821208946874,-28.3354589313699],[152.822303946708,-28.3357984314816],[152.823116946659,-28.33547093156],[152.823182446733,-28.3348324315616],[152.82380194676,-28.3340739316174],[152.823825446872,-28.3331694316127],[152.824573446915,-28.3321784316795],[152.8241564471,-28.3310874316294],[152.82369694743,-28.3289014315666],[152.824524947526,-28.3274154316375],[152.825784947376,-28.3274894317636],[152.828322447451,-28.3246704319944],[152.828586447654,-28.3228469320065],[152.831374947748,-28.3196569322594],[152.83361994747,-28.3198724324848],[152.835550447062,-28.321384932689],[152.838002446716,-28.3219524329378],[152.838764446608,-28.3221284330151],[152.839501946562,-28.3218399330864],[152.840211446514,-28.3215989331552],[152.840708946506,-28.3212234332019],[152.840755446503,-28.3212079332064],[152.840814946502,-28.321164933212],[152.841729946439,-28.3208544333008],[152.841913446447,-28.3206279333173],[152.841927946446,-28.3206229333187],[152.842007446452,-28.3205119333258],[152.842273446464,-28.3201834333497],[152.84367144639,-28.3195379334841],[152.844403946517,-28.3178934335443],[152.845403946434,-28.3176689336422],[152.847205946495,-28.3156089338058],[152.847424946492,-28.3154414338263],[152.847520946506,-28.3152484338344],[152.847959446521,-28.3147469338742],[152.849173446761,-28.3117964339722],[152.849201946763,-28.3117534339747],[152.849215446769,-28.3116949339756],[152.849429946811,-28.311172933993],[152.850647946703,-28.3109534341127],[152.851837446546,-28.3111499342328],[152.852085946487,-28.3113949342595],[152.852008946483,-28.3114894342526],[152.853341446226,-28.3123379343921],[152.854721446016,-28.3127764345331],[152.855421945978,-28.3124639346006],[152.856841445837,-28.3123269347411],[152.857745945852,-28.3114144348242],[152.85884144571,-28.3115724349347],[152.85960144564,-28.3114569350096],[152.860631445465,-28.311926435116],[152.861818945293,-28.3122324352369],[152.862830945124,-28.3126744353413],[152.865777444682,-28.3135639356422],[152.867167944555,-28.3133414357792],[152.870214944267,-28.31292643608],[152.871553944121,-28.3129009362134],[152.872945974001,-28.3126220763502],[152.873369943965,-28.3125374363919],[152.875506443742,-28.3124149366042],[152.87809894354,-28.3117269368576],[152.879092943533,-28.3109154369505],[152.879712943599,-28.3098519370041],[152.880429943526,-28.3097999370752],[152.881328943256,-28.3111264371753],[152.881665443074,-28.3122629372178],[152.882693942826,-28.3133084373286],[152.884908942519,-28.3137724375534],[152.886242442207,-28.3150509376966],[152.887331442035,-28.3154464378084],[152.889137441836,-28.3154264379886],[152.889974441671,-28.3159909380766],[152.890470941509,-28.3168274381327],[152.890937941398,-28.3172829381829],[152.892396941167,-28.3178214383328],[152.892639161139,-28.317825058357],[152.893099941087,-28.3178319384031],[152.893434441039,-28.3179164384372],[152.89380194095,-28.3182944384768],[152.893905440918,-28.3184519384884],[152.893965940885,-28.318655438496],[152.894037440754,-28.3196234385107],[152.895032440508,-28.3206829386184],[152.895433940422,-28.321000438661],[152.89585744035,-28.3211989387048],[152.896400940225,-28.321701938763],[152.896721440136,-28.3221194387983],[152.896840440091,-28.3223644388121],[152.897099940041,-28.3225329388394],[152.897477939942,-28.3229734388806],[152.897551439911,-28.3231569388893],[152.898083939786,-28.3236704389465],[152.898262339729,-28.3239583689666],[152.898349439701,-28.3240989389764],[152.898430439706,-28.3239904389837],[152.898656439635,-28.324347939009],[152.898967439562,-28.3246499390424],[152.899920439364,-28.3253649391432],[152.900185439323,-28.3254569391704],[152.900749439261,-28.3254504392267],[152.901099939218,-28.3254764392619],[152.901992439121,-28.325457439351],[152.902346939079,-28.3254779393866],[152.902846439026,-28.3254549394363],[152.903174938981,-28.3255229394697],[152.903897938873,-28.3257379395436],[152.904657938788,-28.3257329396195],[152.905329438716,-28.3257134396864],[152.905804438653,-28.3257904397345],[152.906248438598,-28.3258349397792],[152.90743143842,-28.3261919399002],[152.907775438374,-28.3262509399351],[152.908104938321,-28.326377939969],[152.908536938279,-28.3263294400118],[152.90879443824,-28.3264139400382],[152.909376938138,-28.3267004400987],[152.909568938109,-28.3267624401183],[152.909768938072,-28.3268724401392],[152.909963938036,-28.3269834401595],[152.911039437752,-28.3282719402771],[152.911680437654,-28.3284734403427],[152.912768937458,-28.3290589404561],[152.913313437359,-28.3293569405128],[152.913704937297,-28.3295004405531],[152.914221937218,-28.3296699406061],[152.915026937055,-28.330239440691],[152.915422936991,-28.3303919407318],[152.916190436879,-28.3306004408102],[152.916721436794,-28.3308049408648],[152.91747743668,-28.3310309409422],[152.918382936581,-28.3310199410326],[152.919195436493,-28.3309984411137],[152.919587936451,-28.3309804411528],[152.921127936238,-28.3313034413093],[152.921860436132,-28.331491941384],[152.922179436092,-28.3315269414162],[152.923373435952,-28.331580941536],[152.924215935753,-28.3324004416267],[152.926554435353,-28.333488941869],[152.92834893497,-28.3349159420597],[152.930151934689,-28.3355409422449],[152.931507434504,-28.3357979423825],[152.93427143396,-28.3376419426734],[152.934854933932,-28.3373534427295],[152.935725433961,-28.3363599428089],[152.93643493391,-28.3361444428782],[152.937219433891,-28.3356039429524],[152.93725045389,-28.3355843229554],[152.93758543388,-28.3353724429873],[152.938035933852,-28.335199443031],[152.938523933834,-28.3349079430775],[152.939172433783,-28.3347399431411],[152.940657933582,-28.3350164432919],[152.942957933362,-28.3347249435198],[152.944283933185,-28.3349534436543],[152.944606243116,-28.3352159936886],[152.944747783085,-28.3353312937037],[152.944789283076,-28.3353651037081],[152.944900663052,-28.33545583372],[152.945118383005,-28.3356331837432],[152.945146932999,-28.3356564437462],[152.946832932874,-28.3351619439111],[152.948096432755,-28.3349879440362],[152.948528432718,-28.3348979440787],[152.949012432731,-28.3343744441231],[152.950750432632,-28.3336304442913],[152.952715432349,-28.3341309444919],[152.953250432305,-28.3340049445445],[152.954214932196,-28.3340139446411],[152.955050932161,-28.3335634447213],[152.95576343208,-28.3335674447927],[152.956329932013,-28.3336009448497],[152.956918431949,-28.3335859449085],[152.957738431857,-28.3335894449907],[152.958081431811,-28.3336474450254],[152.958555431769,-28.3335689450723],[152.959045431723,-28.3334939451208],[152.960573931642,-28.3327969452684],[152.962670931494,-28.3321244454732],[152.965579431107,-28.3326114457683],[152.967568430898,-28.3325064459667],[152.968715930817,-28.3321379460788],[152.972634930416,-28.3318504464692],[152.97318543036,-28.3318094465241],[152.976065929852,-28.3332699468241],[152.977144429704,-28.3334824469338],[152.977552429654,-28.333514946975],[152.97815842957,-28.3336424470367],[152.97982342919,-28.3351619472154],[152.982017928739,-28.3367694474479],[152.983602928392,-28.3380949476171],[152.98513992822,-28.3380979477712],[152.986008428137,-28.3379904478575],[152.987470428039,-28.3374859480001],[152.988653427962,-28.3370499481153],[152.988884537948,-28.3369640081378],[152.989825927887,-28.3366139482295],[152.991443427624,-28.3372569483967],[152.992486427338,-28.3385839485116],[152.994513927076,-28.3388584487171],[152.995401426915,-28.3393429488098],[152.996097926759,-28.3399524488844],[152.996931426683,-28.339818448967],[153.00024042626,-28.3402394493022],[153.003176926005,-28.3396729495923],[153.004099425863,-28.3399769496872],[153.006357425566,-28.3403269499165],[153.008021295387,-28.340271820083],[153.008995635865,-28.3356960301451],[153.014701205103,-28.3366675207252],[153.014818695158,-28.3361398907329],[153.020512074399,-28.3371067013119],[153.021363114795,-28.3332708013674],[153.024514484372,-28.3338320316882],[153.025108854647,-28.3311723617271],[153.036547253111,-28.3331928728915],[153.038879864187,-28.3227757130446],[153.038737874203,-28.3227776330303],[153.038515954219,-28.3228483930086],[153.038068614276,-28.3227923929632],[153.037634594327,-28.3227701029194],[153.037257474376,-28.3227188028812],[153.036969274417,-28.3226493728517],[153.036706874453,-28.3225965028249],[153.036437094497,-28.3224872927969],[153.036211854537,-28.3223718527734],[153.036055494578,-28.3221877427563],[153.035854634623,-28.3220098827347],[153.035456304688,-28.3218459926934],[153.035104594735,-28.3217887026576],[153.03474050478,-28.3217541626208],[153.034388754827,-28.321696842585],[153.034076604859,-28.3217123825538],[153.033771284888,-28.3217560425235],[153.033477974921,-28.321754382494],[153.033178344954,-28.3217584524639],[153.032922914985,-28.3217393624381],[153.03263058501,-28.3217941024092],[153.032331875036,-28.3218489723796],[153.032083235064,-28.3218523523547],[153.031797805085,-28.3219352323267],[153.031548585117,-28.3219047523014],[153.031350025145,-28.3218566522811],[153.031099485186,-28.3217528222551],[153.030956805219,-28.3216193122398],[153.030737335263,-28.3214699222166],[153.030536545307,-28.321297692195],[153.030360795353,-28.3210969121758],[153.030268125388,-28.320906282165],[153.030116975437,-28.3206543721479],[153.030039125466,-28.3204961721388],[153.031798646286,-28.3125712422537],[153.031313926353,-28.3124694522042],[153.02945512663,-28.3119213020133],[153.028722206776,-28.3114245719358],[153.027836896905,-28.311186511845],[153.027484196971,-28.310977201808],[153.02742087702,-28.310647241799],[153.027014267065,-28.3106511017583],[153.025764287227,-28.3104767216314],[153.026488477185,-28.3101768217018],[153.033201776796,-28.307369612354],[153.046201796046,-28.3019269836175],[153.052040705701,-28.2995434541857],[153.052820195431,-28.3009692842752],[153.062965044116,-28.3024135353063],[153.063154294239,-28.3012860253165],[153.06907861348,-28.3020606159183],[153.069950484049,-28.2968691259655],[153.073766743558,-28.2973819663533],[153.073668743497,-28.2979444563479],[153.078868052829,-28.2986355068764],[153.078283912463,-28.3019965868438],[153.089665260983,-28.303643738002],[153.090327741367,-28.3000809180409],[153.091457962025,-28.293981598107],[153.091821941993,-28.2939176381432],[153.092126171972,-28.293819958173],[153.092437071961,-28.2936357382029],[153.092756561945,-28.2934780382338],[153.092962241938,-28.2933596082536],[153.093044181949,-28.2931984682606],[153.093093381967,-28.2930143082641],[153.093129991994,-28.292780038266],[153.093321032034,-28.2922958182814],[153.093463712032,-28.292193848295],[153.093635262016,-28.2921696083121],[153.093827541995,-28.2921620783314],[153.094087571969,-28.2921410483574],[153.094279051938,-28.2922163083772],[153.094438111894,-28.2924228083949],[153.09458583185,-28.2926346284114],[153.094699091818,-28.292786368424],[153.094915641779,-28.2928996584467],[153.095239471733,-28.2929819484799],[153.095549391697,-28.2929909585112],[153.095811611672,-28.2929564185373],[153.096106931649,-28.2928805085665],[153.096347501632,-28.2928037885901],[153.09654559162,-28.2927303286094],[153.096813681595,-28.2926920186361],[153.097089471569,-28.2926547786636],[153.097390161541,-28.2926095386935],[153.097571861522,-28.2926028287118],[153.0977989615,-28.2925748587344],[153.098023401475,-28.2925787587571],[153.098179111448,-28.2926489687733],[153.098311271421,-28.2927503987874],[153.098526221379,-28.2928887788101],[153.098719021333,-28.293081588831],[153.098864141307,-28.2931526288462],[153.099026531283,-28.2931984488629],[153.099203921265,-28.2931865188807],[153.099406201247,-28.2931504789007],[153.099637391236,-28.2930356189231],[153.099901251225,-28.2928977189486],[153.100212631208,-28.2927572689789],[153.100508211191,-28.2926330390077],[153.100626361186,-28.2925732790191],[153.101325921717,-28.2878344490525],[153.100697941769,-28.2879704689904],[153.099809931895,-28.2877594488993],[153.098856912023,-28.287590458802],[153.098070922142,-28.2873444587209],[153.098143922245,-28.2864764587215],[153.097233902553,-28.2848684586173],[153.096627932631,-28.2847874685557],[153.095810923118,-28.2817044584494],[153.095892823122,-28.2816074284569],[153.097150573892,-28.2745213385281],[153.10033805348,-28.2749646688525],[153.100765573742,-28.2725554488768],[153.100129414263,-28.2690538087854],[153.100174094281,-28.2688765587885],[153.104571723685,-28.2697096192378],[153.105985034531,-28.2619014693192],[153.106017924546,-28.2617584593214],[153.107072924405,-28.2619394694291],[153.107706924311,-28.2621214494943],[153.109198934153,-28.2620624496442],[153.10939691406,-28.2626164596684],[153.109539084047,-28.2625897096825],[153.110734414726,-28.2562712697536],[153.097998366646,-28.2523452584402],[153.098795597061,-28.2484203884898],[153.093057037816,-28.247509617905],[153.093751778185,-28.2440319079477],[153.094644858051,-28.2443047080398],[153.0964733978,-28.2446751882268],[153.098070168613,-28.2369625083273],[153.098177508617,-28.2368418983371],[153.098026038645,-28.2367513983212],[153.097216208771,-28.2364733782375],[153.096514758896,-28.236104158164],[153.096020219019,-28.23557587811],[153.09558286916,-28.2348546680604],[153.095251999289,-28.2341327780214],[153.0947919894,-28.2336667879715],[153.094834949396,-28.2336656779758],[153.094301799517,-28.2331814879183],[153.093694869627,-28.2328474178546],[153.093253259685,-28.2327790778096],[153.093109009729,-28.2325626477934],[153.093073059809,-28.2319710977852],[153.092926039856,-28.2317297077685],[153.092782119882,-28.2316483077533],[153.09304134003,-28.2302741577687],[153.095063221181,-28.2195570578885],[153.089352321919,-28.2187397473072],[153.087515500852,-28.2286450671998],[153.086963620924,-28.2285637771436],[153.086561130993,-28.2283726971016],[153.085913111106,-28.2280539970339],[153.085208151217,-28.2277990969609],[153.084650901292,-28.2276999269041],[153.084004781395,-28.2274573368372],[153.08371212148,-28.2270440768045],[153.08358879154,-28.2266830167892],[153.083585831545,-28.2266498967887],[153.08370482161,-28.2260378967959],[153.083709901611,-28.2260254167963],[153.082777871831,-28.2251154366954],[153.082655811852,-28.2250604366827],[153.082592121861,-28.2250444166761],[153.08780896472,-28.1982420769916],[153.069883927073,-28.1953874351658],[153.070572317452,-28.1918327552073],[153.065891558067,-28.1910772247306],[153.067110258707,-28.1850282248059],[153.068493968523,-28.1852663049469],[153.070521658189,-28.1861256651575],[153.071991467989,-28.1864168553077],[153.075121677662,-28.1862548556212],[153.077758837314,-28.18669050589],[153.07859227722,-28.1867029559739],[153.080637626782,-28.1883515161926],[153.081572357248,-28.1839072062519],[153.09245114581,-28.185729787361],[153.090917844872,-28.1943672872742],[153.094231424445,-28.1948289776114],[153.093494894021,-28.1987759275681],[153.106545102329,-28.2006866688971],[153.107196552741,-28.1969139989332],[153.104562573079,-28.1965569886651],[153.105957783884,-28.1890755887471],[153.098495064851,-28.1879829379871],[153.098745894977,-28.186783958003],[153.100762415984,-28.1771886381309],[153.100801976014,-28.1769234881329],[153.100862206034,-28.1767137981373],[153.100884796046,-28.1765984981387],[153.101647605737,-28.1783524682292],[153.103192945481,-28.17901644839],[153.10383103527,-28.1801114684628],[153.108684954572,-28.1813614589615],[153.109064914458,-28.1819158990041],[153.108730944475,-28.1820754689717],[153.108747954447,-28.182275448975],[153.109347944268,-28.1831554590423],[153.111609913826,-28.1846484692818],[153.11243894363,-28.1854594693717],[153.113379943437,-28.1861484594719],[153.114310913148,-28.187599459577],[153.114374942946,-28.1891144595953],[153.11423394291,-28.1895184595843],[153.113845942938,-28.1896344595461],[153.113616942815,-28.1907964595321],[153.115223962605,-28.191045469696],[153.11554191266,-28.1903374597225],[153.115733942677,-28.1900394597395],[153.115813952737,-28.1895034597433],[153.116086932758,-28.1891034697677],[153.116670932758,-28.1885994498226],[153.116937932774,-28.1882444598468],[153.117432942768,-28.1878684598937],[153.117511962766,-28.1878094699012],[153.117468932779,-28.1877454598964],[153.11720595286,-28.1873434498667],[153.116889932965,-28.1868004598306],[153.116801933,-28.1865994598202],[153.11657994304,-28.1864784697969],[153.116268963096,-28.1863114697642],[153.116270933114,-28.1861704597633],[153.116148943159,-28.1859274597491],[153.116142923202,-28.185599459746],[153.116006923267,-28.1852044597292],[153.115993933399,-28.1841894597199],[153.116831933312,-28.184142449804],[153.117116923249,-28.1843874698346],[153.117391953202,-28.1845204598634],[153.11756993316,-28.1846904598826],[153.117806923125,-28.1847634599071],[153.11829996308,-28.1846854599562],[153.118486923046,-28.1847924699758],[153.118760922979,-28.1850774600057],[153.119522932771,-28.18603846009],[153.12010992271,-28.1860064601489],[153.120449922703,-28.1857664601813],[153.120923952648,-28.1857834602292],[153.122459942534,-28.1853514703806],[153.12266693253,-28.1852064604003],[153.12277293255,-28.184952460409],[153.122838922573,-28.1847214704138],[153.122298942719,-28.1840514503542],[153.121510942879,-28.1834774502703],[153.121023962941,-28.1834184602207],[153.120970922987,-28.183108470213],[153.120770943054,-28.1827574701901],[153.12078496312,-28.1822274601873],[153.120007943393,-28.1807774700977],[153.119339923499,-28.1805254600284],[153.11913994356,-28.1802194500059],[153.118677923651,-28.1799144599569],[153.11855594372,-28.1794754599412],[153.118452933822,-28.1787754599253],[153.117661943909,-28.1787804698457],[153.117428933981,-28.1784164598193],[153.117518944009,-28.1781204598261],[153.117419954057,-28.1778354498139],[153.117276944078,-28.1777924597992],[153.117156934095,-28.1777644697868],[153.117219964153,-28.1772584597892],[153.116400034453,-28.1756274996939],[153.116293854526,-28.1751514696794],[153.116276954644,-28.1742414596706],[153.115536954857,-28.1732234595881],[153.114700955013,-28.1727274495],[153.114805935042,-28.1724134495081],[153.115110925017,-28.1723424695383],[153.115550934892,-28.1729394595873],[153.1160709148,-28.1732054596417],[153.116470914758,-28.1731874596819],[153.117260114789,-28.1722644497542],[153.11741195481,-28.1719734697672],[153.117235954836,-28.1719224597491],[153.117797944897,-28.1709594597982],[153.118070924977,-28.170104469819],[153.118049945098,-28.1691804698097],[153.11830993509,-28.1690184598346],[153.119035954987,-28.1691874599091],[153.118979924928,-28.1697014599074],[153.118936924905,-28.1699144499048],[153.119037924879,-28.1700334699159],[153.119209944837,-28.1702074599346],[153.119531954842,-28.1698954599646],[153.119418914896,-28.1695664699506],[153.119523954891,-28.1695164599608],[153.119985934849,-28.1694494600068],[153.120361924837,-28.1692204600429],[153.120712944892,-28.1684814600725],[153.12095092489,-28.168292470095],[153.121270924931,-28.1676984701226],[153.12160292493,-28.1674234701539],[153.12176494494,-28.1672004701685],[153.12226094488,-28.1672464602189],[153.122469944905,-28.166867470237],[153.122689934892,-28.1667814602585],[153.122332925034,-28.1659844602163],[153.122442935048,-28.1657774702257],[153.12282396502,-28.1656634702632],[153.122855935078,-28.1651914602628],[153.122630915149,-28.1648274502372],[153.122527945198,-28.1645334502246],[153.122649925204,-28.1643834502357],[153.123183955164,-28.1642354502883],[153.123613925102,-28.1643464503325],[153.124087955131,-28.1637084603753],[153.124475955209,-28.1627694604071],[153.124683965221,-28.1624984504259],[153.124787915204,-28.1625434604367],[153.124565925194,-28.1628054604164],[153.124472955166,-28.1631074504094],[153.124601945107,-28.1634554604252],[153.124751965112,-28.1632844604389],[153.12495391509,-28.1632844604593],[153.125038925106,-28.1630904504663],[153.125857945046,-28.162845460547],[153.12578093509,-28.1625754705371],[153.12480795522,-28.1624014604377],[153.125048925236,-28.1620664604593],[153.124829925303,-28.1617354604347],[153.124713925359,-28.1613984604203],[153.124727945393,-28.1611194604196],[153.12522993536,-28.1609394604688],[153.125412945468,-28.1599414604794],[153.125096965552,-28.1595604704446],[153.124975965627,-28.1590774704286],[153.123122935956,-28.1581124502343],[153.123019965958,-28.1581914702245],[153.122848925981,-28.158157460207],[153.122785926018,-28.1579204601988],[153.122823966032,-28.1577774602015],[153.122736946057,-28.1576604601918],[153.12260795612,-28.1572784601758],[153.122358916148,-28.1572734601507],[153.122445926322,-28.1558494601483],[153.122860936293,-28.1557104701891],[153.123721936199,-28.1557084502758],[153.1221219165,-28.154735460107],[153.12200194651,-28.1547664700951],[153.120839966763,-28.1537954599704],[153.119410006979,-28.1533404298228],[153.117863097163,-28.1532394396661],[153.117624797213,-28.1530564796406],[153.117417037262,-28.1528524596181],[153.1173518873,-28.1526104396097],[153.117071087433,-28.1518214895752],[153.116875997488,-28.1515604895535],[153.116567097554,-28.1513124595204],[153.115819027677,-28.1510004194426],[153.11559582773,-28.1507784994184],[153.1154809678,-28.1503324494033],[153.115531047858,-28.1498354794045],[153.115443877903,-28.1495554793935],[153.115163817969,-28.1492814193631],[153.114832978023,-28.1491484993288],[153.114150068102,-28.1491234892598],[153.113848028147,-28.1490284392286],[153.113567928202,-28.1488434891989],[153.113509968233,-28.1486524191916],[153.113574758259,-28.1483974591961],[153.113760868275,-28.1481114292126],[153.113846938304,-28.147811469219],[153.113889788344,-28.1474614492205],[153.113896978385,-28.1471304292187],[153.113853798409,-28.1469834592132],[153.113716998444,-28.1468304691982],[153.113522928479,-28.1467224691778],[153.113342938504,-28.1466844891594],[153.112948008574,-28.146481449118],[153.112876038602,-28.1463224991095],[153.112976078632,-28.1460034491171],[153.113327098653,-28.1455314891487],[153.113721998693,-28.1448824891834],[153.114002098708,-28.1445254592089],[153.114469008704,-28.144155479253],[153.114605108724,-28.1438814392646],[153.114654788761,-28.143550489267],[153.114627378789,-28.1433514292627],[153.114510828831,-28.1431296892492],[153.114322858876,-28.1429384892288],[153.11399990893,-28.1427924391951],[153.112922099085,-28.1425134390843],[153.112396859179,-28.1422334390292],[153.112382809205,-28.1420424690263],[153.112640939225,-28.1416664290494],[153.113057109216,-28.1413794290891],[153.113380029203,-28.1412014891202],[153.113524019207,-28.1410414891334],[153.113602859243,-28.1406974991387],[153.113444089301,-28.1403794491202],[153.113004879417,-28.1398574490719],[153.112231699585,-28.1392099289889],[153.112238819585,-28.1392007689896],[153.111958019635,-28.1390604889602],[153.11083695989,-28.1380344988392],[153.110406770146,-28.1364104387832],[153.110258110243,-28.1357774787632],[153.110019070388,-28.1348534387319],[153.110415060593,-28.1329124887566],[153.109106830866,-28.131911418617],[153.108242111209,-28.1299844385148],[153.107198831398,-28.1294044884052],[153.106915881487,-28.1289564483732],[153.106225921636,-28.1283883682992],[153.105691851967,-28.1262644582288],[153.105263822283,-28.1241694481693],[153.105197932438,-28.1230174481537],[153.105568002647,-28.1210644481756],[153.106029912771,-28.1196994182115],[153.105674912931,-28.1187594581684],[153.104765953288,-28.1167514680611],[153.106158763709,-28.1122694681663],[153.106024843791,-28.1117394681486],[153.105835843881,-28.1112044981254],[153.10378998452,-28.1079804278941],[153.104751904763,-28.1052494579696],[153.106865514746,-28.1035619681693],[153.105173264964,-28.1033200979969],[153.102242235345,-28.1028666376982],[153.103773266181,-28.095026787791],[153.103876016171,-28.0950144778012],[153.102978926442,-28.0936714177004],[153.101820046628,-28.0932154875801],[153.101119866773,-28.0926894175055],[153.100353076872,-28.0925744974274],[153.100354426884,-28.0924800974268],[153.098041417182,-28.0921411871912],[153.100157578405,-28.0807690573152],[153.09799802868,-28.0804820870955],[153.098100258746,-28.0798768571011],[153.097764208871,-28.0791906170618],[153.097809359011,-28.0780563470575],[153.096178789547,-28.0752755768716],[153.095671329946,-28.0725890567994],[153.095687250106,-28.0713270267911],[153.095604430211,-28.0705751667769],[153.095744370313,-28.0696617867838],[153.095882670346,-28.0692859367948],[153.096402940328,-28.0689761068448],[153.096719760317,-28.0687874168752],[153.097475560307,-28.0682193069468],[153.098083070366,-28.0672290770002],[153.098477310446,-28.0662702770324],[153.09929352048,-28.065294957107],[153.099326440488,-28.0652059471096],[153.096905580799,-28.0648611468631],[153.097642921228,-28.0608766569061],[153.100739760829,-28.0613275772215],[153.101043400942,-28.0601839172431],[153.10118579108,-28.058979277248],[153.101518411173,-28.0579672172735],[153.101688541254,-28.0571840572845],[153.101986821272,-28.0567864573115],[153.104717931473,-28.0528678575558],[153.102749011728,-28.0525736373552],[153.109294811403,-28.0494771079902],[153.110058061353,-28.049215128065],[153.111708851374,-28.0476265682188],[153.112250071429,-28.0467300782663],[153.113444791423,-28.045747668379],[153.113676341431,-28.0454928284003],[153.114267101499,-28.0444514284517],[153.115350641591,-28.0428005285479],[153.116978971589,-28.0414157287011],[153.117592171588,-28.0408942287588],[153.119641431488,-28.0399157289576],[153.120347671533,-28.0389585390212],[153.121801141586,-28.0372905991546],[153.121822201595,-28.0372039591561],[153.122028861681,-28.0363536891702],[153.123543461915,-28.0332259492984],[153.126062042005,-28.0303607995297],[153.129081641797,-28.0293912998265],[153.132849981578,-28.0278620001944],[153.134886571511,-28.0266384803901],[153.136488221567,-28.0248284105374],[153.139060161819,-28.020650920764],[153.139361911983,-28.0191113907824],[153.139444982009,-28.0188323507886],[153.139638692079,-28.0181194808025],[153.139714752356,-28.0158932607927],[153.139803632634,-28.013645050784],[153.139160792951,-28.0117223207041],[153.13901172302,-28.0113074806858],[153.138549563201,-28.0102953106313],[153.139680403878,-28.0040374806962],[153.137966074102,-28.0037572205212],[153.137942384216,-28.0028839905119],[153.138250124333,-28.0017043005337],[153.138167334441,-28.0009312705193],[153.138117474541,-28.0001934905085],[153.137997574663,-27.9993486504898],[153.137956224772,-27.9985286204792],[153.137816354865,-27.9979219004603],[153.137761784901,-27.9976853204529],[153.13771619499,-27.9970353804432],[153.137525305057,-27.9966735704212],[153.137608595081,-27.9964168804275],[153.137611955118,-27.9961257904256],[153.137313345255,-27.9953091203891],[153.137360255278,-27.9950859803921],[153.137322875314,-27.9948414303864],[153.137079785391,-27.9944477603588],[153.136939775468,-27.9939601403408],[153.138518905325,-27.9937295904983],[153.139855316093,-27.9865799405769],[153.140060486067,-27.9866093005978],[153.140266416058,-27.9864979206177],[153.140618466055,-27.9862232406511],[153.141090336093,-27.9855199606931],[153.141437046081,-27.9853163307265],[153.141547676192,-27.9843557907301],[153.14223380626,-27.9832357807905],[153.141162676476,-27.9824689906765],[153.142516316518,-27.9809737108013],[153.142774006917,-27.9776353908011],[153.142610777096,-27.9763794207748],[153.142156537351,-27.9747716307163],[153.140184697934,-27.971906270495],[153.138398418671,-27.9676798202817],[153.138338128695,-27.9675454202745],[153.137492128829,-27.9672225001867],[153.136173089132,-27.965986440044],[153.135279899295,-27.9654714499499],[153.134036859452,-27.9653124298233],[153.132646029698,-27.9645800296774],[153.128075970507,-27.9621734991978],[153.128040970526,-27.9620572991933],[153.121370961706,-27.9585454584935],[153.121303981718,-27.9585124584865],[153.121399971723,-27.9583834584952],[153.121508961727,-27.9582594685052],[153.121430961741,-27.958221448497],[153.119081972127,-27.9572154582524],[153.117433962398,-27.9565084580808],[153.114875962833,-27.9552954578136],[153.112647973143,-27.9547824675851],[153.109954963519,-27.9541484573089],[153.107667983848,-27.9535364570737],[153.107338973745,-27.9546284570492],[153.107098953557,-27.9563014670381],[153.107357953348,-27.9577154570753],[153.106198973064,-27.9609354569838],[153.105986943028,-27.9614004569661],[153.105687962959,-27.9621974469423],[153.104292972686,-27.965530466828],[153.103453952644,-27.9665844667517],[153.103390952639,-27.9666764467461],[153.101852982889,-27.9660374565862],[153.099346973177,-27.9659324563331],[153.095311964035,-27.9626804459013],[153.094556964195,-27.9620774558206],[153.094236974247,-27.9619474557873],[153.088246955516,-27.9571494651468],[153.085411966198,-27.9542404548386],[153.085294396231,-27.9540867348256],[153.085333966245,-27.9539454448285],[153.086257966247,-27.9531304549151],[153.086721946257,-27.952655464958],[153.087125966232,-27.9525064649975],[153.087637956145,-27.952749465051],[153.088006966045,-27.9532144550917],[153.088637985951,-27.9534044551567],[153.089221985843,-27.9537524552182],[153.090294975677,-27.9541324453292],[153.091009965508,-27.9548404654067],[153.091366935397,-27.9554004554471],[153.091819975338,-27.9554734554932],[153.092295975313,-27.9552624655395],[153.093223955242,-27.955018445631],[153.094115975226,-27.9543834557158],[153.094316975277,-27.9538124557315],[153.094078965394,-27.953094445702],[153.093708965516,-27.9524604556597],[153.093398965689,-27.95137145562],[153.09306995585,-27.9503954455792],[153.092580965992,-27.9496984655245],[153.091925976135,-27.9491384454542],[153.091437966258,-27.9485994454008],[153.091020956334,-27.948356455357],[153.090556966378,-27.9484094553107],[153.089997976391,-27.9487904652574],[153.088998966425,-27.9493834651615],[153.087975976496,-27.949701455061],[153.087296976592,-27.9495324549914],[153.086856966689,-27.9491524549441],[153.086534956776,-27.9487504649086],[153.086498976824,-27.9484014649022],[153.086688956853,-27.9480104649182],[153.087028956904,-27.947319454947],[153.087408957025,-27.9460504649753],[153.087443957138,-27.9451314549716],[153.087359967211,-27.9446344549593],[153.087418957255,-27.944232454962],[153.087703987289,-27.9437254549867],[153.087762967374,-27.943006454987],[153.087917987421,-27.9425094549987],[153.088348977411,-27.9422114550398],[153.089514967296,-27.9421154551564],[153.090823967182,-27.9418824552863],[153.090989967215,-27.9414804652998],[153.090739977303,-27.941005455271],[153.089799957498,-27.9402874551707],[153.089382987614,-27.9397374451244],[153.089441967656,-27.9393574551274],[153.089905957637,-27.9391034551721],[153.091237947505,-27.9389964553053],[153.092368977373,-27.9390594654196],[153.093237967244,-27.9393234555092],[153.094355967106,-27.9394494656227],[153.094581967111,-27.9392164556436],[153.09447495716,-27.9389204556305],[153.093652977337,-27.9382444655425],[153.092783977546,-27.937347455448],[153.091581967758,-27.936718455322],[153.090996977873,-27.9363224652601],[153.090741957967,-27.9358044652303],[153.090905988059,-27.9349424552401],[153.091218968116,-27.9342254452659],[153.091636968126,-27.9337874653046],[153.09266798809,-27.9331894454036],[153.092950968099,-27.9328704554296],[153.092816978165,-27.932472465413],[153.092173958279,-27.9321274553456],[153.091351978393,-27.9319424552614],[153.090380968484,-27.9320624451646],[153.089752988524,-27.9322884651032],[153.089439958494,-27.9327934550756],[153.089245968407,-27.9336424550628],[153.088947978375,-27.9341474550367],[153.088648968321,-27.934824465012],[153.088216958272,-27.9355804649744],[153.087544958278,-27.936112444911],[153.087036988327,-27.9361654548603],[153.086482948433,-27.9358074548017],[153.085824968593,-27.9351174647301],[153.085166978785,-27.9341764646565],[153.084892978913,-27.9334144646229],[153.084917978965,-27.9329844546221],[153.084976959027,-27.9324414546237],[153.085110949058,-27.9320854646344],[153.085325979063,-27.9318614646543],[153.08589894904,-27.9315504547095],[153.086568978987,-27.9313924547757],[153.087614958913,-27.9310734548785],[153.087817978897,-27.9310244448985],[153.088365988852,-27.9309094549527],[153.088743978856,-27.930552454988],[153.089310968928,-27.9295024550368],[153.089652978964,-27.9289254550667],[153.089829969007,-27.9284314550806],[153.089864969065,-27.9279484550804],[153.089828979136,-27.9274244650726],[153.090040969188,-27.9268364550893],[153.090179959248,-27.9262444550987],[153.090474959282,-27.9257294551243],[153.091017969262,-27.9254144551765],[153.092777959121,-27.9250144453505],[153.093817959038,-27.9247724454533],[153.094419989016,-27.9244254655112],[153.09516096897,-27.9241464655836],[153.095490968961,-27.9239364556152],[153.09558495899,-27.9236324556222],[153.095348989061,-27.9232754455957],[153.095265979121,-27.9228764555842],[153.095051979282,-27.9217954455541],[153.094826959358,-27.9213964555284],[153.094684979436,-27.9209034555102],[153.09434198952,-27.9205424654728],[153.094010969626,-27.9199974554352],[153.094151969726,-27.9190944454423],[153.093890959828,-27.9185174454115],[153.094020969851,-27.9182234454223],[153.094906969804,-27.9178344455084],[153.095343979764,-27.9177704555519],[153.096025989704,-27.9176544656197],[153.096438979659,-27.9176544656613],[153.096935969562,-27.9179904557139],[153.097407989502,-27.9180524557619],[153.098530979382,-27.9180314558748],[153.099894989218,-27.9181454560131],[153.100473989159,-27.9181134460711],[153.101016959149,-27.9177244461227],[153.101040979182,-27.9174414561229],[153.100768979268,-27.9170004560921],[153.100826979317,-27.9165704560945],[153.101074959347,-27.916125456116],[153.101499969378,-27.915516456154],[153.101522959446,-27.914960456152],[153.101722979501,-27.9143614661674],[153.102277959495,-27.9139314462199],[153.102926969459,-27.9136574662831],[153.10345895948,-27.9130384563318],[153.104367949451,-27.912481456419],[153.10532395937,-27.9123024465138],[153.105867959353,-27.911966456566],[153.106320959372,-27.9114264566074],[153.106228979521,-27.9103404565896],[153.106063959601,-27.9098574565692],[153.10569694967,-27.9096274565304],[153.104065989946,-27.9088624463601],[153.102765970162,-27.9082864562247],[153.102174960272,-27.9079314561624],[153.101983950307,-27.9078224561423],[153.101231980472,-27.9071704560615],[153.101097950536,-27.906788456045],[153.101183980566,-27.9064724560511],[153.102614970607,-27.9049264661831],[153.103043990639,-27.9043074562214],[153.103128960698,-27.9037724562258],[153.102879960858,-27.9027344561926],[153.102602960915,-27.902522466163],[153.101809961005,-27.902497446083],[153.10071197114,-27.9023794559715],[153.099459981358,-27.9017444658404],[153.098275961582,-27.9010074557154],[153.097921981675,-27.9005834556765],[153.097674981852,-27.8994044556423],[153.098006992096,-27.8972074456585],[153.097805982256,-27.8961274556298],[153.097756962352,-27.8954144456192],[153.09811897241,-27.8946504556497],[153.098366992478,-27.8939034556688],[153.098766952627,-27.8923904556972],[153.099414982672,-27.8914824557553],[153.100110962645,-27.8911004558223],[153.10084698255,-27.8912094558973],[153.101912962336,-27.8919724460106],[153.102485972254,-27.8921244660695],[153.103067972218,-27.8919124561265],[153.103573972235,-27.8913434461729],[153.103667962308,-27.8906904561773],[153.103381982397,-27.8902404561449],[153.101957972714,-27.8889754459916],[153.101135992893,-27.8882714459033],[153.101059962948,-27.8879064658928],[153.101383972967,-27.8874824659221],[153.102041952945,-27.8870914659853],[153.102432982956,-27.8866664660213],[153.102737972991,-27.8861324660478],[153.103124983025,-27.8855344460821],[153.103525972992,-27.8854494561218],[153.104165962887,-27.8857284561884],[153.10512098276,-27.885906466286],[153.105425982737,-27.8858214563161],[153.105950962734,-27.8853964563656],[153.106976972714,-27.8846744564632],[153.108302982616,-27.8843084565939],[153.110183972449,-27.884001466781],[153.11119499239,-27.8836024568797],[153.111585972398,-27.8832034469159],[153.111595972425,-27.8829824469152],[153.111375952476,-27.8827704568914],[153.110802982557,-27.8826264568325],[153.110061952665,-27.8824184567562],[153.10789298295,-27.8820394665348],[153.106202953181,-27.8816754563617],[153.104528953386,-27.8815024461918],[153.103955983482,-27.881239456132],[153.103506953588,-27.8807904560833],[153.102904963747,-27.8800614660169],[153.102350963873,-27.8795524559571],[153.102149963931,-27.8792644659346],[153.101948994073,-27.878322465907],[153.101880994158,-27.8777174558954],[153.102128974224,-27.8769874459146],[153.102938984276,-27.8758844559875],[153.103224954314,-27.8753414460121],[153.103252994364,-27.8749254560116],[153.103061984418,-27.8746704559904],[153.102587964505,-27.8743874559404],[153.101498984715,-27.8736764458252],[153.100848994869,-27.8730234557546],[153.100771974921,-27.8726834557442],[153.100914984967,-27.8722004657548],[153.101024954984,-27.8719754657641],[153.101228954978,-27.8718414557836],[153.101519974955,-27.8717734658123],[153.101800984927,-27.8717544658405],[153.102123974886,-27.8718024558734],[153.102555984821,-27.8719364459179],[153.102781954777,-27.8720894659419],[153.102964974743,-27.8722034559612],[153.103558974652,-27.8724044660226],[153.10402295456,-27.8727304460719],[153.104528954484,-27.8728924561241],[153.105024954406,-27.8730834461756],[153.105822994288,-27.8733224462578],[153.106406994239,-27.8732084563157],[153.106696984235,-27.8729864563432],[153.106941974247,-27.8726884563655],[153.107069974291,-27.8722304563748],[153.107223974327,-27.8718174563871],[153.107403994423,-27.8709124563981],[153.107505974518,-27.8700764564018],[153.107479984588,-27.869549446395],[153.107311974678,-27.8689884563737],[153.107117974717,-27.8688514663531],[153.106821964737,-27.868942466324],[153.106499954755,-27.8690804562926],[153.106112984777,-27.8692414662549],[153.105687974826,-27.869218446212],[153.105132964922,-27.8689444661539],[153.104578965013,-27.8687044660962],[153.104140965094,-27.8684404460501],[153.10422998514,-27.8680054560556],[153.104815955131,-27.8675694461112],[153.105047985147,-27.867248456132],[153.105098975171,-27.8670194661354],[153.108061975084,-27.8651614564192],[153.108885965093,-27.864382456496],[153.109452995096,-27.8638784565492],[153.109786965103,-27.8635344565801],[153.110328995071,-27.8633274566331],[153.111178964984,-27.8632814667183],[153.111848964931,-27.8631204567846],[153.113213985001,-27.8614004569085],[153.113702975009,-27.860919456954],[153.114423964974,-27.860575457024],[153.115351974862,-27.8606654571181],[153.116047954751,-27.8609404571904],[153.117398964472,-27.8619714673346],[153.118252954296,-27.8626214574258],[153.118655994206,-27.8629804574692],[153.119871983917,-27.8642054676014],[153.120330973819,-27.8645794676506],[153.120881133708,-27.8649783977091],[153.121185983646,-27.8651994577416],[153.121398963608,-27.865320457764],[153.122303983423,-27.8659964478605],[153.122767973343,-27.866220447909],[153.123098993299,-27.8662854579429],[153.123632983255,-27.8661724579958],[153.124000973257,-27.8658414580303],[153.124155953304,-27.865342458042],[153.123755993547,-27.8637784479894],[153.123663973645,-27.8630904579747],[153.123856983651,-27.8628764679925],[153.12440696359,-27.862888448048],[153.124892963527,-27.8629674680976],[153.12544696347,-27.8629354581532],[153.126063953411,-27.8628734682149],[153.126740963361,-27.8626804582816],[153.127161983337,-27.8625134583227],[153.127644993295,-27.8624294683708],[153.12825297323,-27.8624154584319],[153.128829963143,-27.8626084584916],[153.12928198309,-27.8626364685374],[153.129811963027,-27.8626774585911],[153.130715992937,-27.8626074586817],[153.131573962858,-27.8624954587673],[153.132009992831,-27.86232845881],[153.132336952806,-27.8622454688423],[153.132523982786,-27.8622454688611],[153.132726962758,-27.8622864588819],[153.133568972621,-27.8626454589696],[153.134020952557,-27.8627564590161],[153.134363982548,-27.8625344590489],[153.134612982565,-27.8621874490713],[153.134721972599,-27.8618274590794],[153.134736972635,-27.8615364590787],[153.13339199322,-27.8581014689161],[153.133047973342,-27.8574374688762],[153.132859963471,-27.8565924588506],[153.132328963679,-27.8554144487878],[153.132405983718,-27.8550404587926],[153.132981983724,-27.8544994588464],[153.133620993687,-27.8542494489089],[153.134134983652,-27.8540834489594],[153.13463397362,-27.8539024690083],[153.135116983594,-27.8536944490553],[153.135583963577,-27.8534304591003],[153.136970963537,-27.8525564592333],[153.137375963514,-27.8523894592728],[153.137671983493,-27.852306449302],[153.138014973448,-27.852361459337],[153.138450963376,-27.8525544693825],[153.139043973269,-27.8528864694449],[153.139994983133,-27.8531354595428],[153.140681993023,-27.8534114596142],[153.140899962973,-27.8536194596379],[153.14121299285,-27.8543114696749],[153.14150897277,-27.8546854597076],[153.141695952748,-27.8546994697266],[153.142272982684,-27.8547124497849],[153.142709962647,-27.8546284598283],[153.142942982621,-27.8546284598518],[153.143036972609,-27.8546464598614],[153.14325498258,-27.8546834598837],[153.143457962572,-27.8545724599033],[153.143597972582,-27.8543784499159],[153.143487962638,-27.8540324699021],[153.143253962699,-27.8537554698763],[153.143190962745,-27.8534504598676],[153.143439962749,-27.8532014698907],[153.143860952723,-27.853048449932],[153.14432896267,-27.8530614599793],[153.145201962563,-27.8531574500681],[153.145778952478,-27.8533234601276],[153.146835962186,-27.8547124502451],[153.14710098212,-27.8550024602741],[153.147538982004,-27.8555364603225],[153.147844961928,-27.855872460356],[153.148697971762,-27.8564374704465],[153.149003981711,-27.8565764604785],[153.149820961576,-27.8569344505637],[153.150896981385,-27.8575154606768],[153.151224971345,-27.8575434507101],[153.151473981306,-27.857639470736],[153.151676951257,-27.8578474607581],[153.151887961193,-27.858170460782],[153.152323991096,-27.858557460829],[153.152584961048,-27.8587114708565],[153.152904961003,-27.8587884708894],[153.153484980924,-27.8589164709489],[153.154123990837,-27.8590454710144],[153.154878990739,-27.8591734710916],[153.155400970665,-27.8593014511453],[153.156010960589,-27.8593784712075],[153.156984970465,-27.8595144613068],[153.157706970411,-27.8593244713782],[153.157906960464,-27.8587404613938],[153.157776980598,-27.8577994613733],[153.157647990738,-27.8568104613524],[153.157810960864,-27.8556904613601],[153.157480961014,-27.8547984613198],[153.157023981155,-27.8540854512681],[153.155652971412,-27.8532434611231],[153.15505098151,-27.8529844610603],[153.154756971566,-27.8527974610292],[153.153661971776,-27.8520934609131],[153.151999982069,-27.8512194707386],[153.15119596222,-27.8507174506535],[153.150976962284,-27.850409460629],[153.150847972345,-27.8500364706131],[153.150956952352,-27.8498904706229],[153.151559972297,-27.8498084606831],[153.152234962223,-27.8498074607512],[153.152690962205,-27.8495634607953],[153.153110972175,-27.8494334608367],[153.153712962122,-27.8493354708966],[153.15433299209,-27.849058470957],[153.154377952089,-27.8490304609613],[153.154861982074,-27.8487334610078],[153.155536972046,-27.8483764610731],[153.155859422041,-27.8481365911038],[153.156174962041,-27.8478724711335],[153.156521962026,-27.8476914611671],[153.157172981984,-27.847460451231],[153.15754498196,-27.8473314512675],[153.158216991934,-27.8469624513324],[153.158381971936,-27.8468064613478],[153.158805991935,-27.8464564613879],[153.159249971952,-27.8459414614286],[153.159703961972,-27.8453984614702],[153.159827991998,-27.8450854614802],[153.160064982025,-27.8446724715009],[153.160414982092,-27.8438534515298],[153.160579962105,-27.8436054615445],[153.1607349821,-27.8435134615594],[153.161044972082,-27.8433934715898],[153.161499982039,-27.8433374716352],[153.162223961956,-27.8433734517086],[153.162843981895,-27.8433174517707],[153.163505981849,-27.8431144518359],[153.16406396182,-27.8428654618903],[153.164208971815,-27.8427824719043],[153.164456951803,-27.8426624619284],[153.164679971783,-27.8426304619506],[153.165744971711,-27.8422854720554],[153.166597971626,-27.842224452141],[153.167023961571,-27.8422874621845],[153.168295991446,-27.8421854623121],[153.169057961391,-27.8419604623873],[153.169444971404,-27.841532462423],[153.1695829815,-27.8406594724301],[153.169442961586,-27.8401074624116],[153.168882981748,-27.8393214523489],[153.16871198182,-27.8389034623283],[153.168798961853,-27.8385674723345],[153.169139981844,-27.8383464723672],[153.170116971784,-27.837986462463],[153.17121796179,-27.8369954725663],[153.171881971829,-27.8361234726265],[153.172214961849,-27.8356844626567],[153.17236099187,-27.8353994526692],[153.172413951861,-27.8354234726747],[153.172907981937,-27.8344034727166],[153.173093991962,-27.8340484527326],[153.173305981973,-27.8337874627519],[153.173462341985,-27.8335596627659],[153.173713131991,-27.8332956527891],[153.173943962001,-27.8330214628103],[153.174210962007,-27.8327434628351],[153.174423972014,-27.8325064628547],[153.17466297204,-27.8321034628757],[153.174786962063,-27.8318134728859],[153.174888982097,-27.8314604728934],[153.175044982149,-27.830926472905],[153.175278982206,-27.8302764729235],[153.175512992243,-27.8297894629433],[153.175668992273,-27.8294174629561],[153.176084982302,-27.8288384629936],[153.176403992319,-27.8284314630226],[153.17724896235,-27.8274754631004],[153.177613962367,-27.8270274631338],[153.178184972388,-27.8263754731863],[153.178517962391,-27.8260654632175],[153.178752982398,-27.8258154532392],[153.179026992405,-27.8255274632647],[153.180042962428,-27.824479463359],[153.180518962449,-27.8239134734026],[153.180930972483,-27.8232904634394],[153.181756972516,-27.8223274635152],[153.182557962549,-27.8213864635887],[153.183186972617,-27.8203224536439],[153.183345962639,-27.8200114736575],[153.183280952733,-27.8193324636456],[153.183057972797,-27.8190224636206],[153.182674982929,-27.8183154635764],[153.182165993035,-27.8179204735218],[153.181719963109,-27.8177234634753],[153.181530963149,-27.8175684734549],[153.181538953168,-27.8174154534545],[153.181443983221,-27.8170824534423],[153.18120896331,-27.8165824634146],[153.180784973495,-27.8154984733633],[153.180549993558,-27.8152064633373],[153.179188973769,-27.8147084631959],[153.178578993857,-27.814542463133],[153.17782898397,-27.8142934730553],[153.177593964039,-27.8139594730289],[153.177452964097,-27.8136264730121],[153.177154984211,-27.8129834729769],[153.17684097428,-27.812709462943],[153.176746984333,-27.8123764629309],[153.176886964361,-27.8120424629424],[153.177495964332,-27.8117494630016],[153.177870964323,-27.8114994730375],[153.17797396433,-27.8113554730468],[153.178031964335,-27.811265463052],[153.177886984424,-27.8106944630328],[153.177754964477,-27.8103934730171],[153.177533954544,-27.8100524529921],[153.177184984636,-27.8096314729536],[153.176801984739,-27.8091494729111],[153.176482974825,-27.8087534628757],[153.176175974908,-27.8083634628417],[153.175735965002,-27.8079994527944],[153.175461965063,-27.8077574627648],[153.175154965134,-27.8074614627315],[153.174740975213,-27.8071984626876],[153.174224975316,-27.8068314626326],[153.173914985373,-27.8066484525999],[153.173810955402,-27.8065114625883],[153.173501985459,-27.8063274625557],[153.172881965573,-27.8059614624902],[153.172433045657,-27.8056878424427],[153.172106995722,-27.805457462408],[153.171744985802,-27.8051374723689],[153.170763975979,-27.8045874622655],[153.170360976071,-27.8042094522218],[153.169963966154,-27.8038984721793],[153.169449976244,-27.8036294621253],[153.16924798631,-27.8032854721022],[153.169128956358,-27.8030154620881],[153.169036976413,-27.802659472076],[153.16897996646,-27.8023424720677],[153.16892696652,-27.801912452059],[153.168934966571,-27.8015064520566],[153.168915986611,-27.8012104520524],[153.168949966654,-27.8008434720529],[153.169012966683,-27.8005694720571],[153.169140966694,-27.8003714620685],[153.169520966713,-27.7998984521031],[153.170062996717,-27.799404472154],[153.170946986671,-27.7990104522401],[153.171978986603,-27.7986624723416],[153.172538976574,-27.7984154623962],[153.173225976546,-27.7980504724626],[153.174159976495,-27.7976494625538],[153.175104956437,-27.7973004626465],[153.175885986387,-27.7970244627232],[153.176584956334,-27.7968444527923],[153.17712096629,-27.7967394728456],[153.177323976273,-27.7966924628658],[153.177732956241,-27.7965974629063],[153.178205966213,-27.7964124629526],[153.178822996182,-27.7961314630127],[153.179515986151,-27.79578845308],[153.180109986126,-27.7954754531376],[153.180417976109,-27.7953464531676],[153.180745956082,-27.7952784732002],[153.181047966055,-27.7952334632304],[153.181419966023,-27.7951654732674],[153.181728976001,-27.7950754632979],[153.181935965994,-27.7949514633178],[153.182105985991,-27.7948284533341],[153.182250965994,-27.7946824733475],[153.182351956001,-27.7945424633566],[153.182418976021,-27.7943314733618],[153.182556986068,-27.7938434633719],[153.182738966125,-27.7932434733855],[153.182869966181,-27.7926964633944],[153.183025966228,-27.7921914634062],[153.183319976296,-27.7914094734298],[153.183659976391,-27.7903724734559],[153.184001976476,-27.789416463483],[153.184240986521,-27.7888604635027],[153.184447976538,-27.7885574535213],[153.184862976555,-27.7880644635593],[153.18549698657,-27.7874104536182],[153.185999986592,-27.7868094636643],[153.186307976605,-27.7864504736926],[153.186910996613,-27.785874453749],[153.187331986621,-27.7854484537881],[153.187939966624,-27.7849064638453],[153.188405956623,-27.7845194638893],[153.188796986631,-27.7841214739257],[153.189486976652,-27.7833694639895],[153.19002798666,-27.7828524640401],[153.191031986678,-27.7818514641336],[153.191389986681,-27.7815304741673],[153.192068986672,-27.7810224642319],[153.192438996668,-27.780736474267],[153.19267598667,-27.7805154742892],[153.192853956684,-27.7802584643052],[153.1929869667,-27.7800224643168],[153.193019966747,-27.779624474317],[153.193012986778,-27.7793894643144],[153.192858956839,-27.7790434642961],[153.192719966881,-27.7788254542804],[153.192548966929,-27.7785954642613],[153.192271967,-27.7782784642308],[153.191962997081,-27.7779034741966],[153.191582997176,-27.777489464155],[153.191224967249,-27.7772214741167],[153.190874967299,-27.7771234540805],[153.190564977337,-27.777090474049],[153.190172967387,-27.7770384640089],[153.189857967426,-27.7769994739768],[153.189598967452,-27.7770114539507],[153.188899987515,-27.7771134638809],[153.188623977543,-27.7771344638532],[153.188199987593,-27.7770984638101],[153.187845977635,-27.7770724737741],[153.187517987689,-27.7769294637398],[153.187239967743,-27.7767454637103],[153.186941987808,-27.7764904636782],[153.186780977852,-27.7762764736603],[153.186610967904,-27.776014453641],[153.186483977944,-27.7758134736266],[153.186407987981,-27.7755884536172],[153.186369988003,-27.7754434736122],[153.186388968014,-27.7753424636133],[153.186451968035,-27.7751234636179],[153.18651197805,-27.7749604536227],[153.186724988076,-27.7745754736412],[153.186900998089,-27.774323463657],[153.187070978096,-27.7741214636726],[153.187271978087,-27.7740194736921],[153.187448968069,-27.7740084637099],[153.187811958023,-27.774066463747],[153.18833295796,-27.7741164638],[153.18874599792,-27.7740734738414],[153.189453987842,-27.774081463913],[153.190543987727,-27.774058474023],[153.191477987647,-27.773886454116],[153.1922109776,-27.7736354641881],[153.192812967578,-27.7732954542462],[153.19334196757,-27.7729044542966],[153.193572977575,-27.7726724643181],[153.193692987586,-27.7724844743287],[153.193762997617,-27.7721804643334],[153.193782997646,-27.7719384643335],[153.19365097774,-27.7713134543153],[153.193538987839,-27.7706344742986],[153.193497967898,-27.7702054542911],[153.193486977975,-27.7696104642853],[153.193425988046,-27.7691094642752],[153.193304988122,-27.7686184742591],[153.193273968157,-27.768367464254],[153.193303968197,-27.7680284742544],[153.193392988222,-27.7677594642612],[153.193582978236,-27.7674874742783],[153.193942978282,-27.7668164643094],[153.194636988267,-27.7663504643758],[153.195102978225,-27.7662814544224],[153.195577988184,-27.7661974644697],[153.195997958147,-27.7661264645116],[153.196519988126,-27.7658484645622],[153.196890968124,-27.7655534645973],[153.19730195813,-27.7651504646357],[153.197643968147,-27.764730454667],[153.197971988192,-27.7640994546951],[153.198049988241,-27.7636484646995],[153.198100978322,-27.7629674646993],[153.198125988361,-27.7626464646993],[153.198283998414,-27.7620964647109],[153.198327978427,-27.7619554547142],[153.19858599859,-27.7604594747285],[153.198764988691,-27.7595174747392],[153.198849958747,-27.7590084647438],[153.198788968838,-27.7583424647324],[153.198667978911,-27.7578764647165],[153.198433969026,-27.7571794546873],[153.198087989195,-27.7561434546442],[153.198009989232,-27.7559214546346],[153.197882969282,-27.7556414646195],[153.197664989369,-27.7551404645936],[153.197474969462,-27.7545784745699],[153.197266999559,-27.7539964645443],[153.19721497963,-27.753484474535],[153.197239989687,-27.7530164645339],[153.19725896981,-27.752032464528],[153.197262979836,-27.7518264645268],[153.197406969971,-27.7506474645321],[153.19752699005,-27.7499274545386],[153.19755097015,-27.7491274645347],[153.197501980225,-27.7485774545254],[153.197471980277,-27.7481934745194],[153.197444970374,-27.7474594645108],[153.197469970434,-27.7469694545095],[153.197537970475,-27.7465934645134],[153.197682990501,-27.7462604645254],[153.19799200052,-27.7458544645535],[153.198387000529,-27.7454484645902],[153.19900498054,-27.7448344646478],[153.199486960544,-27.744391464693],[153.199744000544,-27.7441714647173],[153.199958980565,-27.7438294747363],[153.200146990583,-27.7435274547529],[153.200567000649,-27.7426544647885],[153.200745990701,-27.7420954648022],[153.200762970749,-27.7417014748008],[153.200864980831,-27.7409734548054],[153.201088980904,-27.740212464822],[153.201249990913,-27.7400084648367],[153.201541990907,-27.7398014648646],[153.201893990886,-27.7396714648991],[153.202349990843,-27.7396164649448],[153.203029980765,-27.7396514650138],[153.2036559907,-27.7396304750769],[153.204373000631,-27.7395634651489],[153.204942000586,-27.7394304652054],[153.205609980546,-27.7391764652709],[153.20610500051,-27.7390394653199],[153.206456970478,-27.738986465355],[153.206957970425,-27.7389754554056],[153.207322380387,-27.7389695754424],[153.207613980344,-27.7390574654726],[153.207935980288,-27.7392224755064],[153.208480960199,-27.7394524655633],[153.208938970133,-27.7395844656107],[153.209421970069,-27.7396714656602],[153.20992100002,-27.7396374657104],[153.210076960005,-27.739615465726],[153.210855979943,-27.7394384558034],[153.211634969902,-27.7391004658795],[153.212718979846,-27.7386194659853],[153.213584979777,-27.7384234560713],[153.214082979733,-27.7383484561211],[153.215195979649,-27.7380604662314],[153.215949999587,-27.7379054563064],[153.216543999544,-27.7377384563652],[153.217470989497,-27.7373194664556],[153.218335959455,-27.7369104765399],[153.218585989448,-27.7367514665639],[153.218755969459,-27.7365244665793],[153.218866969484,-27.7362374565883],[153.219026979499,-27.7359844766025],[153.219187979504,-27.7358024666174],[153.219582989512,-27.7354054566542],[153.219779979539,-27.7350304666711],[153.21982899957,-27.7347444766739],[153.219654959642,-27.734325466653],[153.219231969823,-27.7332694666018],[153.218684980071,-27.7317944665349],[153.218348990235,-27.730793466493],[153.21801298037,-27.730022456453],[153.217677980481,-27.7294394664145],[153.217243990593,-27.7289334763666],[153.216623970754,-27.7281974662981],[153.216288970864,-27.7276194562597],[153.2162299909,-27.7273854662518],[153.216435990921,-27.72704647627],[153.216645980914,-27.7269254662903],[153.217115990859,-27.7269574763381],[153.217649000793,-27.7270224663925],[153.218452980688,-27.7271644664749],[153.219095970617,-27.7271744565401],[153.219479000586,-27.7270854765781],[153.219890970562,-27.7269284666185],[153.220011970556,-27.7268694666303],[153.220399960543,-27.7266434766678],[153.220800990552,-27.7262324767051],[153.220941990555,-27.7260924667183],[153.221201980566,-27.7257864567422],[153.221619980591,-27.7252334767801],[153.222046990593,-27.7248594568203],[153.222414990591,-27.7245604668552],[153.222910000574,-27.724268456903],[153.223453990551,-27.7239914569558],[153.224191990506,-27.7237164770283],[153.225121970442,-27.7234254671201],[153.225616000399,-27.7233494771695],[153.225873980372,-27.7233424571955],[153.226051990352,-27.7233414672135],[153.226470970308,-27.7233334672559],[153.226990990243,-27.723399457309],[153.227385990179,-27.7235704773503],[153.22757897014,-27.7237084673709],[153.227688980097,-27.723954457384],[153.227688980053,-27.7242984673867],[153.227540969931,-27.7253804573803],[153.227491989847,-27.7260784673808],[153.227534989783,-27.7265414673888],[153.227710989722,-27.7268694674092],[153.227996969657,-27.7271374574402],[153.228315979605,-27.7272714774736],[153.228726969556,-27.7273084775155],[153.229137989528,-27.727173457556],[153.229388969524,-27.72699347758],[153.229656989531,-27.7267094676048],[153.230049979543,-27.7262874576413],[153.230585979542,-27.725838467692],[153.231120959534,-27.725449467743],[153.231376979528,-27.7252764677676],[153.231640979521,-27.725105477793],[153.231974989537,-27.7247014778236],[153.232359989558,-27.7242084678587],[153.232600969579,-27.7238364678801],[153.232609979615,-27.7235514778788],[153.232525989658,-27.7232824678682],[153.232205959745,-27.7228794678326],[153.231701969872,-27.7223134777771],[153.231180969985,-27.7218664777209],[153.230592990086,-27.7215764676591],[153.229585990233,-27.7212794675549],[153.228344990398,-27.7210424674274],[153.227052970558,-27.7208804672954],[153.226397860652,-27.7207045672277],[153.226213980681,-27.7206284772085],[153.225324980829,-27.7202264671154],[153.224805990916,-27.719985467061],[153.224087961042,-27.7196114769854],[153.222933981227,-27.7191364668649],[153.221623991433,-27.7186384667285],[153.22137397147,-27.7185604667026],[153.220755991557,-27.7184024666388],[153.219650991697,-27.7182454665258],[153.218789991803,-27.718145456438],[153.218042981884,-27.7181464563624],[153.217214981959,-27.7182634762796],[153.216613972009,-27.7183804662197],[153.216126982063,-27.7183664561704],[153.215460972161,-27.7181654561014],[153.214907992273,-27.7177614760423],[153.21430596241,-27.717198465977],[153.213726962551,-27.7165874659136],[153.213591992584,-27.7164384658988],[153.212875972772,-27.7155714658196],[153.212735992824,-27.7152834758031],[153.212826002878,-27.7147904658083],[153.213068982879,-27.7145734658312],[153.213636992849,-27.7143274658867],[153.214399992779,-27.7142244559631],[153.215099002704,-27.7142234560337],[153.216056982593,-27.7142794561311],[153.217113002469,-27.7143504662384],[153.21787599238,-27.714399466316],[153.218449992322,-27.7143694663738],[153.219439982228,-27.7142674664731],[153.220235972146,-27.7142364665534],[153.221088982052,-27.7142424566397],[153.221919971948,-27.7143564767247],[153.222567991867,-27.7144404667909],[153.223057971805,-27.714506476841],[153.223983971683,-27.714678466936],[153.224861001564,-27.7148654670262],[153.225674001443,-27.7151284671106],[153.226585981321,-27.7153094672043],[153.226959971272,-27.7153734772426],[153.227267991239,-27.7153734772738],[153.227624991209,-27.7153004773093],[153.227876991199,-27.7151704773338],[153.228152971198,-27.7149384673599],[153.228321961221,-27.7146194673745],[153.228467961269,-27.7141204673853],[153.228700981343,-27.7133434674028],[153.228871001379,-27.7129164774166],[153.229163001401,-27.7124964674428],[153.229632971396,-27.7121344574875],[153.230102981377,-27.7118874675332],[153.230857981322,-27.7116804676079],[153.231928961237,-27.7114324777143],[153.232756971164,-27.7113014577971],[153.233324981121,-27.7111554778534],[153.233535991119,-27.7109964678735],[153.233730971133,-27.7107214678911],[153.233761991194,-27.7102154778903],[153.233646981268,-27.7097384678749],[153.233548981317,-27.7094344778626],[153.233369991388,-27.7090304778412],[153.233189971447,-27.7087194678206],[153.232814971561,-27.7081494677781],[153.232428611683,-27.7075174877341],[153.232110441781,-27.707022577698],[153.232023461881,-27.7063155776836],[153.232310431932,-27.7056695777075],[153.232813761927,-27.7052833577554],[153.233302391895,-27.7051215678036],[153.234420201808,-27.7048504879146],[153.235372591744,-27.7045506980086],[153.235901741734,-27.7041759680592],[153.236240381765,-27.7036513380894],[153.236219211841,-27.7030704980826],[153.235626562013,-27.702227338016],[153.235004352189,-27.7013775779463],[153.234517332325,-27.7007265778919],[153.233891022565,-27.6993793578179],[153.233573542783,-27.6979366577744],[153.233404222955,-27.6967374977478],[153.23348934307,-27.6957635877487],[153.233688343154,-27.6949405977624],[153.23390931321,-27.6943135977798],[153.234319973203,-27.6940224578191],[153.234580003175,-27.6940214578454],[153.235359963068,-27.6941934779257],[153.236594982864,-27.694741468055],[153.23747196274,-27.6949714781456],[153.238283982649,-27.694998468228],[153.239453992516,-27.6950454783468],[153.240530992328,-27.6956054684602],[153.241007252244,-27.6958615685105],[153.240747222161,-27.696732558491],[153.241144231986,-27.6977635285393],[153.24186324187,-27.6980665386145],[153.243288201685,-27.6983065287607],[153.245475981502,-27.6978864689788],[153.247490411317,-27.6976279591808],[153.252439670805,-27.6974441996805],[153.254013030729,-27.696702459834],[153.254919480806,-27.695331189915],[153.2552618511,-27.6927404699293],[153.256517301075,-27.6918768900496],[153.258997150682,-27.6928506903085],[153.260931900474,-27.6928409805045],[153.26236982032,-27.6928314306501],[153.264333960135,-27.6926174608474],[153.266238379914,-27.6927360810413],[153.267807849644,-27.6935156412065],[153.269061469364,-27.6946426413424],[153.270016309102,-27.695882341449],[153.271832698728,-27.697275391644],[153.273461108461,-27.6979861218147],[153.274903338338,-27.6977289019588],[153.276171638305,-27.696914352081],[153.278052588245,-27.6957883622628],[153.278733608168,-27.695813352332],[153.279266978108,-27.6958334623863],[153.280369577983,-27.6958743324984],[153.283646507692,-27.6953793328267],[153.285043467588,-27.6950163229655],[153.286679987497,-27.6943414831262],[153.289463987442,-27.6924224733934],[153.291355967314,-27.6918234835805],[153.292526997162,-27.6920194737009],[153.293170377128,-27.6917372937639],[153.29332035709,-27.6919112837805],[153.293536367015,-27.6923162838056],[153.29379634689,-27.6930702738379],[153.294054366805,-27.6935142738676],[153.294185006749,-27.6938434638834],[153.294292346718,-27.6939972738955],[153.294292346705,-27.6940942638963],[153.294444336622,-27.6946162639158],[153.294488356568,-27.6950032639234],[153.294472366332,-27.6968602539364],[153.294516386295,-27.6971122439428],[153.294538906221,-27.6976725139495],[153.294648366157,-27.6980792439638],[153.294712396137,-27.6981752539711],[153.294778386093,-27.6984652439801],[153.294778386056,-27.6987562439824],[153.294822406041,-27.6988332439875],[153.294822406021,-27.6989882539887],[153.295059835934,-27.6994704440165],[153.295103375927,-27.6994902540211],[153.295211015893,-27.6996634840334],[153.295275365881,-27.6997022240402],[153.295383375847,-27.6998762340526],[153.295447395835,-27.6999152340594],[153.295726905755,-27.7003005140908],[153.295813375739,-27.7003592341],[153.296093005662,-27.7007244941313],[153.29615735565,-27.7007642341381],[153.29617907564,-27.7008214341408],[153.296415915582,-27.7010724441668],[153.296415915577,-27.7011115041671],[153.29645913557,-27.7011305041716],[153.296459135565,-27.7011694641719],[153.296501985558,-27.7011884641764],[153.29673938549,-27.7015172042031],[153.297084085379,-27.7020954742426],[153.297687365215,-27.7028682043099],[153.297946365135,-27.7032742043394],[153.298053345111,-27.703370204351],[153.29829037504,-27.7037181843778],[153.298548354975,-27.7040081944062],[153.298915364862,-27.7045871844481],[153.299087354816,-27.7047991944672],[153.299087354811,-27.7048381944675],[153.299152364799,-27.7048771944744],[153.299432354724,-27.7052241945055],[153.299539334703,-27.705301194517],[153.299561344693,-27.7053591945197],[153.299647334676,-27.7054171845289],[153.299668364666,-27.7054751845315],[153.299776324645,-27.705552164543],[153.299798374635,-27.7056101845457],[153.299926344609,-27.7057061745595],[153.299947874599,-27.7057635145621],[153.300679334446,-27.7063431746409],[153.300787344429,-27.7063811746521],[153.301023354381,-27.7065541846774],[153.301496314306,-27.706747174727],[153.302031914228,-27.7068995047825],[153.302526314167,-27.7069561548331],[153.303426944048,-27.7071274649259],[153.303749284011,-27.7071461649587],[153.304457963912,-27.707317455032],[153.305316263814,-27.7073541451194],[153.305552233784,-27.7073921451436],[153.306388233696,-27.7073701252283],[153.306989233639,-27.7073111052888],[153.307182253626,-27.707252115308],[153.307524843594,-27.7072114353424],[153.308210233544,-27.7070171254104],[153.308639223518,-27.7068611154528],[153.309196173473,-27.7067431055084],[153.309839193431,-27.7065280955719],[153.311211153325,-27.7061950957086],[153.312218153256,-27.7058820758083],[153.312518143231,-27.7058230858383],[153.31260312323,-27.7057650858465],[153.313118133194,-27.7056090758975],[153.313589093168,-27.7054140859438],[153.314017093154,-27.7051610759852],[153.314103123147,-27.7051420759938],[153.314274093146,-27.7050060860101],[153.31438107314,-27.7049670860207],[153.31446611314,-27.7048890960287],[153.314574083134,-27.7048500760393],[153.315237073114,-27.7044420761034],[153.315302113117,-27.7043640561094],[153.315344083113,-27.7043640561137],[153.315515093114,-27.7042090661298],[153.315558083109,-27.7042090661342],[153.315622073112,-27.7041310761401],[153.315686053108,-27.7041110761464],[153.316007073111,-27.7038200661767],[153.316029043116,-27.7037620661785],[153.316306083118,-27.7035100662046],[153.316328053123,-27.7034520662064],[153.316734083126,-27.7030830662447],[153.316777043139,-27.702947076248],[153.316647063178,-27.7027540662333],[153.316668053188,-27.7026570662346],[153.316926033153,-27.7027140662613],[153.317076013142,-27.7026750662762],[153.317183033145,-27.7025590762861],[153.317290053141,-27.7025000562965],[153.317333013146,-27.7024230563003],[153.317868023131,-27.702092056352],[153.318318033097,-27.7019750663968],[153.318724973053,-27.7019740664381],[153.31896098302,-27.7020310464625],[153.319261992988,-27.7020300464931],[153.319495892973,-27.7019514765162],[153.319625832959,-27.7019514765294],[153.320204972914,-27.7018140365871],[153.320482962881,-27.7018330366155],[153.320869972815,-27.7020250466563],[153.321062982794,-27.7020250466759],[153.321427942759,-27.7019850367127],[153.321705962749,-27.7018290267397],[153.321726952755,-27.7017710267413],[153.321983942757,-27.7015380167656],[153.322218932768,-27.7012470367872],[153.32245396277,-27.7010330268093],[153.322560902766,-27.7009750268197],[153.322603932774,-27.7008780368233],[153.322710922773,-27.7008000368336],[153.322731942778,-27.7007420168353],[153.322945942782,-27.7005290268553],[153.323037962802,-27.7002930268628],[153.323050912828,-27.7000780368624],[153.323050912862,-27.6998130268603],[153.322984922912,-27.699484016851],[153.322855052965,-27.6991744368354],[153.321474923424,-27.6967600466762],[153.321473933432,-27.6967020466757],[153.32134490347,-27.696509056661],[153.321322933485,-27.6964130566581],[153.321128903551,-27.6960650766356],[153.321020933602,-27.6957560666222],[153.320976913629,-27.6955820566164],[153.320976913656,-27.6953690666147],[153.321000963691,-27.6950784866148],[153.321120873866,-27.6936080666154],[153.321118903941,-27.6930270566106],[153.321073894008,-27.6925440566022],[153.320986914057,-27.692234076591],[153.320867894108,-27.6919390765766],[153.32079299414,-27.6917505165675],[153.320425764273,-27.6910233065244],[153.320208884371,-27.6904370764978],[153.319668904576,-27.689298086434],[153.31960498459,-27.689239516427],[153.319454134644,-27.6889494564094],[153.319345914672,-27.6888151063974],[153.319280874712,-27.6885630963888],[153.319152094743,-27.6884284363746],[153.318870904848,-27.6878490963415],[153.318784874874,-27.6877140963317],[153.318741914881,-27.6876940963272],[153.31830989503,-27.6869020962771],[153.317921905148,-27.686304116233],[153.317705895243,-27.6857441262066],[153.31742488535,-27.6851451161734],[153.317056885544,-27.6839461261265],[153.316560085731,-27.6829024360679],[153.316516875741,-27.6828641360632],[153.316494895758,-27.68274814606],[153.316365905802,-27.6825161360451],[153.316300905814,-27.6824781360382],[153.316300905828,-27.6823621360373],[153.316214905858,-27.6822071460273],[153.316213925873,-27.6820911360263],[153.316148875907,-27.6818791460181],[153.316146905972,-27.6813751460139],[153.31631688603,-27.6807751360264],[153.316390906054,-27.6805241460319],[153.316409966073,-27.6803594760326],[153.316371096098,-27.6801964960274],[153.316332876117,-27.6800841460226],[153.316213046142,-27.6799875160097],[153.316167896151,-27.6799601560049],[153.316053946164,-27.6799534959932],[153.315876876185,-27.6799381559751],[153.315945906182,-27.6798981659818],[153.316059896172,-27.6798811659933],[153.316148876167,-27.679847156002],[153.316224876165,-27.6798021660094],[153.316287866169,-27.6797111660151],[153.316325866174,-27.6796431560184],[153.316339076186,-27.6795414860189],[153.316339076202,-27.6794164560179],[153.316344846228,-27.6792031560168],[153.31638287624,-27.6790841660198],[153.316419856254,-27.6789431560224],[153.316464856268,-27.6787961560258],[153.316539866282,-27.6786211660321],[153.316660866289,-27.6784631560431],[153.316843876297,-27.67824816606],[153.317027876305,-27.6780281660769],[153.317242856309,-27.6778131560971],[153.317406856314,-27.6776371261123],[153.317514856318,-27.6775191361224],[153.317660816309,-27.6774621361367],[153.317812836295,-27.677445136152],[153.317958846286,-27.6773941361665],[153.318192846279,-27.6772521461891],[153.318312816279,-27.6771451362004],[153.318502836278,-27.6769921462185],[153.318908786275,-27.6766751262572],[153.319478806274,-27.6762021363114],[153.31954279627,-27.6761821463177],[153.319607806273,-27.6761051463237],[153.319735806266,-27.6760461263362],[153.31988582627,-27.6758921363503],[153.319949806266,-27.6758721363566],[153.319971816271,-27.6758141363584],[153.320035796266,-27.6757951363647],[153.320057806271,-27.6757371463665],[153.320399776274,-27.6754271363988],[153.320485776285,-27.6752721464063],[153.320636006286,-27.6751354264205],[153.320763756304,-27.6748851464315],[153.320783976312,-27.6748030064329],[153.320806786322,-27.6747101364345],[153.320762766381,-27.6742851364266],[153.320634766439,-27.6739371264109],[153.320505776478,-27.6737441363963],[153.320311776559,-27.6732801363729],[153.319989776665,-27.6727201463358],[153.319817786704,-27.6725651363171],[153.319817786708,-27.6725271363168],[153.319688756737,-27.6724111363028],[153.319688756742,-27.6723721363025],[153.319645796749,-27.672353156298],[153.319387776822,-27.672005156269],[153.319301786836,-27.67196715626],[153.319280766846,-27.6719091562574],[153.318979786918,-27.6716001562244],[153.318764767013,-27.6710391561981],[153.318592777066,-27.6707681561785],[153.318335777128,-27.6704981661503],[153.318120757189,-27.6702091761262],[153.318056987201,-27.6701695161194],[153.317969787227,-27.6700351861095],[153.317819777261,-27.6699001660932],[153.317733787287,-27.6697641760834],[153.317669977299,-27.6697254360766],[153.317647787309,-27.6696681760739],[153.316960787472,-27.6689721759987],[153.316788797531,-27.6686631659788],[153.316187787662,-27.6681421859136],[153.316166797672,-27.6680841959111],[153.315693837775,-27.6676781958598],[153.315650797789,-27.6676011958549],[153.315522797811,-27.6675441958414],[153.315414937837,-27.6674274758295],[153.315178817882,-27.6672731858044],[153.315093117909,-27.6671374957946],[153.314985807933,-27.6670421957829],[153.314856777977,-27.666810185768],[153.314813818001,-27.6666551957624],[153.314705818035,-27.6664812057501],[153.314684788052,-27.666365205747],[153.314426808139,-27.6659012057172],[153.314169818192,-27.6657082156896],[153.313010828354,-27.6654202055696],[153.312731828406,-27.6652462355399],[153.312624838435,-27.665111225528],[153.312430848506,-27.6647242055053],[153.312173848566,-27.6644732154772],[153.312109058575,-27.6644535154705],[153.311958828608,-27.6643192154542],[153.311937838618,-27.6642612054516],[153.311679818676,-27.6640292154236],[153.311335848792,-27.6634112253838],[153.311227838861,-27.6629662253693],[153.311098848917,-27.6626382353536],[153.311098848931,-27.6625222253527],[153.311055818946,-27.6624442253477],[153.310904819064,-27.6616522253261],[153.31081885909,-27.6615162253163],[153.310625849126,-27.6614012352958],[153.310625849139,-27.6613035152951],[153.310689869139,-27.6612462253011],[153.310689939159,-27.6610904852999],[153.310539819197,-27.6609172352833],[153.310197119254,-27.6607624252473],[153.310067839283,-27.6606472252332],[153.310002829292,-27.6606282252265],[153.309959869307,-27.6605504952215],[153.309595819388,-27.660222245182],[153.309466829427,-27.6600292551674],[153.309272979539,-27.659313435142],[153.309230129603,-27.658849495134],[153.309185849621,-27.6587532551288],[153.309185849655,-27.6584822451266],[153.309335829651,-27.6583862551411],[153.309378829657,-27.6583082551449],[153.309378829689,-27.6580572451429],[153.309206839742,-27.6577862451233],[153.309056819773,-27.6576702451071],[153.309034849783,-27.6576122451045],[153.308712809842,-27.6574202750702],[153.308669849859,-27.6573232550651],[153.308583819876,-27.6572652650559],[153.308541849893,-27.6571682650509],[153.308433839917,-27.6570722650392],[153.308369859941,-27.6569372750316],[153.308304809956,-27.6568782550246],[153.308154840029,-27.6564342650058],[153.308153850083,-27.6560082650024],[153.308196960086,-27.6559505050063],[153.308281860126,-27.6555632650118],[153.308345840134,-27.6554472650174],[153.308409860174,-27.655080265021],[153.308495820187,-27.6549062750284],[153.308709850192,-27.6546932650484],[153.308730840197,-27.6546352650501],[153.309030800199,-27.6543632550784],[153.309395800185,-27.6541702651139],[153.30945982019,-27.6540732751197],[153.309545810188,-27.6540152751279],[153.309566800196,-27.6539372551294],[153.309695790199,-27.6538022651415],[153.309716780207,-27.653725265143],[153.309866790216,-27.6535312551567],[153.310144780247,-27.6530472651811],[153.310251760268,-27.65279527519],[153.310251760295,-27.6525832651883],[153.310079770356,-27.6522542551682],[153.309929790397,-27.6520612651515],[153.309800770446,-27.6517902651362],[153.309757810482,-27.6515392751299],[153.309799780512,-27.651268265132],[153.309541800642,-27.6504762650996],[153.309412770683,-27.6502632750848],[153.309283780709,-27.650167295071],[153.309133800733,-27.6501092750553],[153.308961780771,-27.6499552850366],[153.308919770785,-27.6498772850317],[153.308897790808,-27.6497232950283],[153.308940750818,-27.6496072750317],[153.30893977086,-27.649278295029],[153.308896770884,-27.6491232850234],[153.308810780916,-27.6489492850133],[153.308660760947,-27.6488332949972],[153.308596780969,-27.6487172849898],[153.308595761001,-27.6484662949877],[153.308659781029,-27.6481952849921],[153.308659781068,-27.6478862749896],[153.308616781085,-27.6477892849845],[153.308624261108,-27.6476101149838],[153.308637801148,-27.6472862849827],[153.308786801193,-27.646803284994],[153.308979741215,-27.646474285011],[153.309022731212,-27.6464542850152],[153.309107741223,-27.6462992950226],[153.30930072123,-27.6460862850405],[153.309600751219,-27.6459122950696],[153.309879751222,-27.6456602850959],[153.310136711246,-27.6452532851188],[153.310200701266,-27.6450412951236],[153.310371701285,-27.6447502851386],[153.310628701287,-27.6445182851629],[153.311099691273,-27.6442272952084],[153.311164701276,-27.6441502752144],[153.311206711272,-27.6441502752187],[153.311228681274,-27.6441112852206],[153.31127172127,-27.644111285225],[153.311292701272,-27.6440722852268],[153.311506671264,-27.6439562852476],[153.311849691264,-27.6436652852801],[153.312128661254,-27.6435102853072],[153.31221371126,-27.6433942953149],[153.312321681256,-27.6433362753254],[153.312321681261,-27.6432972853251],[153.312642691261,-27.6430262953556],[153.312684671273,-27.6428912753588],[153.312470671316,-27.6427362853358],[153.312470671324,-27.6426792853354],[153.312899651277,-27.6426782853789],[153.313027661254,-27.6427552853925],[153.313113651227,-27.6428902654023],[153.313199651211,-27.6429482554115],[153.313264651184,-27.6431032754193],[153.313265021169,-27.6432194554203],[153.313199651164,-27.6433152654144],[153.313157711148,-27.6434702754113],[153.313221841127,-27.6435864754188],[153.313414671108,-27.6435672654382],[153.313479641109,-27.6435092754443],[153.313671631095,-27.6434502754634],[153.313950821088,-27.6432765254903],[153.314036631096,-27.643140275498],[153.314057651106,-27.6430442754993],[153.314057651138,-27.6427922654973],[153.314014651152,-27.6427152754924],[153.313905671261,-27.6419612654754],[153.313905671293,-27.6417092554734],[153.313969911331,-27.6413614954771],[153.314055611344,-27.6411872654845],[153.314161641394,-27.6407032854914],[153.314461631419,-27.6402582855184],[153.314504591441,-27.640045275521],[153.314718631455,-27.6397552855405],[153.315062101453,-27.6394846555732],[153.315103601458,-27.6394074655768],[153.315103561473,-27.6392904755759],[153.314953581502,-27.6391944855599],[153.31446058156,-27.6391564855096],[153.313774591614,-27.6393124954411],[153.313495591644,-27.6393124954128],[153.313173581693,-27.6391974953792],[153.313152561701,-27.6391584953768],[153.313002581727,-27.639081485361],[153.312723611787,-27.6388494953308],[153.312681131804,-27.6387524753257],[153.312829611827,-27.6384434953384],[153.312829611852,-27.6382494853368],[153.312722591903,-27.6379405153235],[153.312700581952,-27.6375735053184],[153.312227872115,-27.6367034552635],[153.312184582139,-27.6365484952579],[153.312197432191,-27.636134855256],[153.312205612223,-27.6358725052547],[153.311862102342,-27.6352344852148],[153.311818602364,-27.6350985052093],[153.311839582429,-27.6345765052073],[153.311624562516,-27.6340745351816],[153.311645592544,-27.6338425251819],[153.311795562562,-27.6335715351949],[153.312223562566,-27.6331845352353],[153.312287552571,-27.6330875152411],[153.312330542591,-27.6328935252439],[153.312308542626,-27.6326425152397],[153.312244552657,-27.6324495252317],[153.312137572691,-27.6322755152194],[153.312136552709,-27.6321395252182],[153.312265582737,-27.6318105152288],[153.312243572789,-27.6314245152235],[153.312350552817,-27.6311145352319],[153.312349562844,-27.6309015252301],[153.312177832922,-27.630437465209],[153.312156552964,-27.6301285152044],[153.311769583082,-27.6295295051604],[153.311812543112,-27.6292584951626],[153.311790563174,-27.6287945051567],[153.311939853202,-27.6284466651691],[153.311939523289,-27.6277694951638],[153.311853133328,-27.6275375051532],[153.311745523352,-27.6274414851415],[153.311381513408,-27.6273064751034],[153.310802513486,-27.6271904750438],[153.310610013519,-27.6270945150235],[153.31045853356,-27.6269014750066],[153.310437553594,-27.6266504650025],[153.310479523607,-27.6265144650056],[153.310479523637,-27.6262824750038],[153.310264503694,-27.6260124749799],[153.310243513712,-27.6258954749768],[153.310285523722,-27.6257804649802],[153.310285963749,-27.6255676249785],[153.310199533781,-27.6253934849684],[153.310199533806,-27.6251994849668],[153.310370533844,-27.6247544749807],[153.310370533866,-27.6245804749793],[153.310305743895,-27.6244065949714],[153.310305823935,-27.6240975149689],[153.310241503959,-27.6239624449613],[153.310133543983,-27.6238654549496],[153.309897494024,-27.6237494549247],[153.309812484043,-27.6236724249155],[153.309747484064,-27.623556434908],[153.309778504079,-27.62341544491],[153.309858004101,-27.6231764549162],[153.309942934122,-27.622943454923],[153.310027914132,-27.6227884549304],[153.310432544156,-27.6222643549673],[153.310602564157,-27.6221093649834],[153.310667534153,-27.6220893649898],[153.310859564157,-27.6218953550078],[153.31113656415,-27.6217203650345],[153.311328514154,-27.6215263550524],[153.31143553415,-27.6214673550628],[153.311670524132,-27.6214083550862],[153.311756984143,-27.6212535150938],[153.311562954198,-27.6209835250719],[153.311496524245,-27.6206733550628],[153.311389544269,-27.6205773550511],[153.311259534317,-27.6203073650358],[153.311194524374,-27.6199203650262],[153.311192514419,-27.6195713650232],[153.31113097447,-27.6192174750142],[153.311077974522,-27.6188574650059],[153.31175399451,-27.6183804850708],[153.311767974518,-27.6183094750717],[153.311877004486,-27.6184644750839],[153.31261298447,-27.6179734851548],[153.312160974602,-27.6173224651037],[153.31138198463,-27.6177564750281],[153.311206974683,-27.6174944750083],[153.311167004695,-27.6174334650037],[153.310613994846,-27.616719474942],[153.310558984857,-27.6166774849361],[153.310474994868,-27.6166644749274],[153.309880994922,-27.6167374748677],[153.309165565079,-27.6161133847902],[153.309036535116,-27.6159393647757],[153.309036535143,-27.615726374774],[153.309580965118,-27.6154644748272],[153.309753975108,-27.6153924748442],[153.309826975083,-27.6155314848527],[153.310286005057,-27.6153414648978],[153.310128975113,-27.6150414748795],[153.309984005163,-27.6147724848626],[153.308763985227,-27.6152954747429],[153.308734575237,-27.6152443947396],[153.308691535254,-27.6151474047344],[153.308412965306,-27.6149735047048],[153.308261565342,-27.6148193946882],[153.308111555368,-27.6147424046724],[153.308047565375,-27.6147424046659],[153.307810575443,-27.6144143946392],[153.307638545476,-27.6142994046209],[153.307595555481,-27.6142994046165],[153.307230555554,-27.6140293945773],[153.307187555559,-27.614029394573],[153.307072685585,-27.6139258245605],[153.306994575602,-27.613855404552],[153.306994575607,-27.6138174045517],[153.306757585662,-27.6135853945258],[153.306736565672,-27.6135273945232],[153.306499605722,-27.6133344244976],[153.306456565737,-27.6132574044927],[153.306392585746,-27.613238404486],[153.306241585779,-27.6131034144696],[153.306047585832,-27.612852424448],[153.306026595847,-27.6127554044451],[153.3058535859,-27.6124854144254],[153.305789605929,-27.6123114044175],[153.305659595958,-27.6121954144034],[153.305145596013,-27.6121974143513],[153.304996566034,-27.6121584143358],[153.304845606063,-27.6120624143198],[153.304459586122,-27.6119284242795],[153.304329806149,-27.6118217742655],[153.304201596177,-27.6117164142517],[153.303921936268,-27.6112334542195],[153.303899636296,-27.6110404442157],[153.303939306329,-27.6107453042174],[153.303961616348,-27.6105754442183],[153.303939936393,-27.6102465142135],[153.303874596415,-27.610130424206],[153.303681616458,-27.609956434185],[153.303530616484,-27.6098794341691],[153.303316616534,-27.6096674241457],[153.303229646563,-27.6095124341356],[153.303115946625,-27.609124134121],[153.303099626634,-27.6090684341189],[153.303013636665,-27.6088944441088],[153.302989616752,-27.6082364341012],[153.303073606803,-27.607771434106],[153.303071596855,-27.6073644541026],[153.3031345969,-27.6069584541058],[153.303194636922,-27.6067368441102],[153.303197596923,-27.6067254441104],[153.303303586939,-27.6065124541194],[153.303495576953,-27.6062404441368],[153.303538576951,-27.606221444141],[153.303538576956,-27.6061824541407],[153.303644576957,-27.6060854541507],[153.303857586981,-27.6057174541694],[153.303921606999,-27.6055234441743],[153.303920147048,-27.6051364941711],[153.303854557073,-27.6050004441634],[153.303725607101,-27.6048854541494],[153.30338304716,-27.6047124941133],[153.302329587395,-27.6037674639989],[153.302265607404,-27.6037474439923],[153.302201617421,-27.6036704439852],[153.302157597426,-27.6036704439807],[153.301964587468,-27.6034974539598],[153.301900567478,-27.6034784539531],[153.301728577519,-27.6033044639343],[153.301641597553,-27.6031114639239],[153.301641597575,-27.6029374739226],[153.301747927596,-27.6026844539314],[153.301746607613,-27.6025494739302],[153.301617947649,-27.6023754839157],[153.301616597684,-27.6021044739134],[153.301743577717,-27.6017364739234],[153.301764567737,-27.6015624639242],[153.301699597777,-27.6013104739156],[153.301505597844,-27.600943473893],[153.301482607884,-27.6006534638884],[153.301695587918,-27.6002074639065],[153.301694597938,-27.6000524739052],[153.301758587956,-27.5998584639101],[153.301736577978,-27.5997044739067],[153.301628568014,-27.5995104638942],[153.301628028057,-27.5991814538915],[153.301690588079,-27.598949463896],[153.301796548093,-27.5987554739053],[153.301861588091,-27.5987164639116],[153.301945578099,-27.598580463919],[153.302202568099,-27.5983674739434],[153.302308568107,-27.5982114639529],[153.302286558147,-27.5979214739484],[153.302243558159,-27.5978634639436],[153.302177568198,-27.5976124739349],[153.302197568265,-27.5970704739326],[153.302302578313,-27.5966054639396],[153.302234578447,-27.5956184639249],[153.302339988474,-27.5953164739332],[153.303450538475,-27.5943754740385],[153.303664508462,-27.5942974740596],[153.303770978457,-27.59424047407],[153.30404953845,-27.5940634740968],[153.304112508456,-27.5939664741024],[153.304304498455,-27.5938114641207],[153.30432551846,-27.5937534641224],[153.304731508464,-27.5933834641607],[153.305072488481,-27.5929574641919],[153.305263498508,-27.5925884642084],[153.305391828514,-27.5924334542202],[153.305731458562,-27.5917734642494],[153.305831438567,-27.5916475042586],[153.306008458577,-27.5914244642748],[153.306008458582,-27.5913854642745],[153.30609445858,-27.5913274642827],[153.306200448588,-27.5911724742923],[153.306601988588,-27.5908363643304],[153.306734478588,-27.5907254743429],[153.306862448596,-27.5905504643545],[153.307075428598,-27.5903564743746],[153.307417908589,-27.5901424844077],[153.307461128584,-27.5901424844121],[153.307673448581,-27.5899864544324],[153.307930438566,-27.5898894444577],[153.308421438551,-27.5895974645052],[153.308807138529,-27.5894414845432],[153.30916939852,-27.5892074445781],[153.309258018515,-27.5891745145868],[153.309383398507,-27.5891294445992],[153.309533408491,-27.5891284446144],[153.309811398468,-27.5890704546422],[153.310240378395,-27.5892814446874],[153.31071137834,-27.5893184447355],[153.31150433822,-27.5895874348181],[153.311633368206,-27.5895864348312],[153.311761368202,-27.5895084348435],[153.311932378186,-27.5894894348607],[153.312104358158,-27.5895654348788],[153.312297378113,-27.5897584248999],[153.312426368099,-27.589758424913],[153.312623978094,-27.589627464932],[153.312982338079,-27.589446424967],[153.312960328091,-27.5893694249642],[153.312532328127,-27.5894484449213],[153.31235898816,-27.5893374749029],[153.312295988265,-27.5885664748904],[153.312335008285,-27.5883824748929],[153.312365998296,-27.5882654748951],[153.312633358299,-27.5880154349203],[153.312842978298,-27.5878504649402],[153.313061358286,-27.5877624249617],[153.313103328294,-27.5876654349652],[153.313060338306,-27.5876074349604],[153.31297433832,-27.5875694349514],[153.31241734838,-27.5875704348948],[153.31224535843,-27.5873194248754],[153.312103998466,-27.5871594748598],[153.311972998526,-27.5868014848437],[153.311935988552,-27.5866294648385],[153.31183509862,-27.5861794348247],[153.311840248624,-27.586141194825],[153.311900988641,-27.5859644648297],[153.31194697867,-27.5856974748323],[153.311977998692,-27.5855004648339],[153.312046988726,-27.5851734848383],[153.312224998742,-27.5849014748542],[153.312328978747,-27.5847704748637],[153.312697998769,-27.5842894748974],[153.312897838769,-27.5841244549164],[153.31309007877,-27.5839485249345],[153.313239108764,-27.583871464949],[153.313537318759,-27.5836574249776],[153.313689558759,-27.5835323449921],[153.313793328754,-27.5834824350022],[153.31392231875,-27.5834044350147],[153.314221328743,-27.5832094250435],[153.314306298736,-27.583190425052],[153.314370318735,-27.5831514350582],[153.314605268729,-27.5829954350808],[153.315268258698,-27.5826834351456],[153.315439258691,-27.5825884351622],[153.315586978682,-27.5825394651768],[153.315756008676,-27.5824394751932],[153.316320988645,-27.5822124852488],[153.317051978594,-27.5819924853213],[153.317404998559,-27.581974475357],[153.317558998522,-27.5821314753738],[153.317820988475,-27.5822784754016],[153.318052988416,-27.5825404654272],[153.318094998415,-27.5825164754313],[153.318093978419,-27.5824844654309],[153.317906988473,-27.5822174754098],[153.318001998472,-27.582149475419],[153.318010978473,-27.5821354654198],[153.318054998465,-27.5821584854244],[153.318150988474,-27.582009485433],[153.317988998506,-27.5818934654156],[153.317943998539,-27.5816764854093],[153.317895998574,-27.5814384754026],[153.317869978594,-27.5813024653989],[153.317746968643,-27.5810234653842],[153.317520998696,-27.5808004653595],[153.317362008734,-27.580636465342],[153.317181988775,-27.5804654753224],[153.317008978814,-27.5803134753036],[153.316701978879,-27.5800604652705],[153.316452968929,-27.5798744752437],[153.316255978968,-27.5797414752227],[153.31593897902,-27.5795984651894],[153.315738999054,-27.5794984751683],[153.315512989093,-27.5793874751444],[153.315606979132,-27.5790024751509],[153.315477989151,-27.5789634751375],[153.315384979113,-27.579336475131],[153.315254279135,-27.5792764351173],[153.315019979163,-27.5792554750933],[153.314805289166,-27.5794134350728],[153.31476327916,-27.5794914250692],[153.31474228914,-27.5796654350684],[153.314597609127,-27.5798874250555],[153.314465289115,-27.5800924550436],[153.314316259114,-27.5802284450296],[153.314273299119,-27.5802284450252],[153.31382529911,-27.5806754449833],[153.313633309123,-27.5807334449642],[153.313099319138,-27.5810644449127],[153.312992299147,-27.581084444902],[153.31271431916,-27.5812204548748],[153.312607299156,-27.5813374548649],[153.312522329138,-27.5815504548579],[153.312394319147,-27.5815894548452],[153.312212989157,-27.5816624748274],[153.311824009201,-27.5816484747878],[153.311741299207,-27.5816645647796],[153.311324319261,-27.5815934547367],[153.311223619276,-27.5815652747262],[153.310230339418,-27.5812874646232],[153.309523379539,-27.5809414745487],[153.309329379582,-27.5807674645276],[153.309093369624,-27.5806324745026],[153.308906999672,-27.580418484482],[153.308749389713,-27.5802274644645],[153.30866386973,-27.5801695044554],[153.308492179783,-27.5798995044358],[153.308382389844,-27.5795124644216],[153.308380339913,-27.5789704644171],[153.308401369933,-27.5787964744179],[153.308293399967,-27.5786224644055],[153.308123130003,-27.5784874843872],[153.308057390025,-27.5783714943796],[153.308099370045,-27.5781774843823],[153.308078160072,-27.5779844943787],[153.307819370124,-27.5777914843509],[153.307734000156,-27.5776174743408],[153.30762600018,-27.5775214343291],[153.30760435019,-27.5774634943265],[153.307324360252,-27.5772124842961],[153.306938370318,-27.5770204942554],[153.306766420366,-27.5767884842361],[153.306552090416,-27.5765764342127],[153.30653983042,-27.5765574342113],[153.306228850515,-27.5760744941759],[153.305949410585,-27.5757654941451],[153.30594941059,-27.5757264941448],[153.305625430681,-27.5752825141084],[153.305561410708,-27.5751275041007],[153.305324380765,-27.5748775040746],[153.305087390843,-27.5744715040474],[153.305030340869,-27.5743118740403],[153.304914410923,-27.573987514026],[153.30489138099,-27.5734845140197],[153.304932411028,-27.5731555140212],[153.305144871096,-27.5724385040372],[153.305421401116,-27.5720505040622],[153.305612371143,-27.5716825040786],[153.305720151143,-27.5715854940888],[153.305974371166,-27.5711975041115],[153.306275171168,-27.5709233141399],[153.306358391169,-27.5708475041477],[153.30662101115,-27.5707724741738],[153.307093971138,-27.5704754742194],[153.307362361143,-27.5702055042446],[153.307405351139,-27.5702055042489],[153.307661371143,-27.5699524942729],[153.307770971143,-27.5698594742833],[153.30808400115,-27.5695464743126],[153.30867198115,-27.5690514743684],[153.308683291192,-27.5687104943668],[153.308640301214,-27.5685754843614],[153.308552991253,-27.5683424743507],[153.30860898127,-27.5681624743549],[153.308847291329,-27.5675034843739],[153.308932001374,-27.5670794843792],[153.308920981382,-27.5670274743776],[153.308809981418,-27.5668364843649],[153.30858799148,-27.56653746434],[153.308512981555,-27.5660134743282],[153.308539991559,-27.5659574743305],[153.308562001566,-27.5658914643322],[153.308568971573,-27.5658284743324],[153.308573971587,-27.565714474332],[153.308578981594,-27.5656564843321],[153.308582001602,-27.5655874743319],[153.308587991609,-27.565528474332],[153.308580001619,-27.5654564743306],[153.308562991628,-27.5654034743285],[153.308534011638,-27.5653474743251],[153.30850598165,-27.5652814643217],[153.30847798166,-27.5652214743184],[153.30844998167,-27.5651684643151],[153.308404981683,-27.5651054743101],[153.308351001698,-27.565035474304],[153.308298981711,-27.5649754742983],[153.308245001724,-27.5649214742924],[153.308197001733,-27.5648894742873],[153.307903001778,-27.5647824642566],[153.307804011793,-27.5647484842463],[153.30770199181,-27.5647014742355],[153.307578981829,-27.5646544842227],[153.306860011947,-27.5643354641472],[153.306460992012,-27.5641684741054],[153.306204982047,-27.5641064740789],[153.30526499217,-27.5639354839822],[153.305026982208,-27.5638394839573],[153.304613402264,-27.5637455239145],[153.304575362288,-27.5635945239095],[153.304275372337,-27.563460533878],[153.303932342384,-27.5633835338426],[153.302219402565,-27.563408543669],[153.301748992622,-27.5633524736208],[153.301662412629,-27.5633715436121],[153.301364172669,-27.5633144935814],[153.300710162743,-27.5632841835148],[153.300593032756,-27.5632784935029],[153.300249972805,-27.5631824534673],[153.299628412872,-27.5631845434043],[153.298430882965,-27.563459473285],[153.297469473009,-27.5639275631911],[153.297319463025,-27.5639275631759],[153.297018513082,-27.5637355731439],[153.296911493094,-27.563735573133],[153.296783493097,-27.5638135631206],[153.296571103083,-27.5641044931014],[153.296422103089,-27.5641824330869],[153.2962719431,-27.564221503072],[153.296036883125,-27.5642224930481],[153.295694153167,-27.5641845030131],[153.295457523185,-27.5642435629895],[153.295415503185,-27.5642825529856],[153.295030543208,-27.5644195729476],[153.294581553257,-27.564420582902],[153.294066543324,-27.5643255928491],[153.293467573391,-27.5643075927882],[153.292503573516,-27.564136572689],[153.292075573565,-27.5641185726455],[153.29188282359,-27.5640804826256],[153.291604543617,-27.5641005725976],[153.291455153626,-27.5641594925829],[153.291283603629,-27.5642766025664],[153.291134603616,-27.5645085925531],[153.291028573585,-27.564838592545],[153.289439983784,-27.5646194823821],[153.289611603878,-27.5637396023926],[153.289676033886,-27.5636234623982],[153.289737823919,-27.563314172402],[153.289759583931,-27.5631976024033],[153.289929593955,-27.5628676024179],[153.28999259398,-27.5626155924223],[153.290184584017,-27.5621696024383],[153.290204584054,-27.5618595924379],[153.290267584072,-27.5616666024427],[153.29031062407,-27.5616466024469],[153.290459574099,-27.5612976024593],[153.290522614134,-27.5609685924631],[153.290520604193,-27.5605046024592],[153.290478114213,-27.560387512454],[153.29032405435,-27.5594394424309],[153.290194074416,-27.5590334624145],[153.290194074428,-27.5589375224137],[153.290021614491,-27.5585895923935],[153.289870614525,-27.5584545923771],[153.289720594551,-27.5583776023613],[153.289655594587,-27.5581455923528],[153.289569594616,-27.5579905923429],[153.289225624676,-27.5578176223066],[153.289054614714,-27.5576636122881],[153.288967604743,-27.557508612278],[153.28875360478,-27.5573936222554],[153.288411594815,-27.5574136222209],[153.288368604814,-27.5574526122168],[153.288261624823,-27.5574726122061],[153.288069594826,-27.5576086121877],[153.287641634867,-27.5576486221447],[153.287235644889,-27.5578236121049],[153.287042634912,-27.5578056120852],[153.286570644987,-27.5576126220358],[153.286356615008,-27.5576326220142],[153.286122645013,-27.5577886119917],[153.286014685027,-27.5577696119806],[153.286098625077,-27.5573046119855],[153.286204625098,-27.5570526119942],[153.286182655155,-27.5566276219886],[153.285902625217,-27.5563766419583],[153.285838645226,-27.5563576419516],[153.285580655286,-27.5561066319235],[153.285549995297,-27.5560404719198],[153.285472655327,-27.5558746419107],[153.285258655372,-27.5557006318876],[153.285021665445,-27.5553336218607],[153.284870665478,-27.5551986318443],[153.284763865519,-27.5549664418316],[153.284762655544,-27.55477363183],[153.284677065575,-27.5545995118199],[153.284590665594,-27.5545226418106],[153.284483065638,-27.5542704717977],[153.284523655693,-27.5538056317981],[153.284586655721,-27.5535346318024],[153.284863615748,-27.5530886318269],[153.285225655754,-27.5527396318609],[153.285268625769,-27.552584631864],[153.285203615793,-27.5524496418563],[153.284967645831,-27.5523526318316],[153.284625965862,-27.5523924417973],[153.284261655901,-27.5523936417604],[153.28385468596,-27.5522786417182],[153.28336167602,-27.5522226516678],[153.283061686062,-27.5521456516367],[153.282783666092,-27.5521466516086],[153.282547656127,-27.552070651584],[153.282419686158,-27.55193466157],[153.282418706188,-27.5517026515681],[153.282589086204,-27.5514315115832],[153.282567106234,-27.5512184815793],[153.282287666288,-27.5510256615494],[153.2822021063,-27.5510064415406],[153.282095166324,-27.550910501529],[153.281986686365,-27.5506786515162],[153.281964676387,-27.5505236415127],[153.281835686423,-27.5503496514982],[153.281791706452,-27.5501566614923],[153.28174867646,-27.5501366614877],[153.281597706515,-27.54982767147],[153.281490686539,-27.5497316814584],[153.281254716574,-27.5496546614339],[153.28110470661,-27.5495006714174],[153.281104706627,-27.5493646714163],[153.281152006635,-27.5492644814204],[153.281170986639,-27.5492204714219],[153.28117397665,-27.5491294614215],[153.281081706687,-27.5489196714105],[153.281058706738,-27.5485326714051],[153.280929716767,-27.5484166813911],[153.280907676784,-27.548300661388],[153.280950706787,-27.5482426713919],[153.281099696779,-27.5481836714065],[153.281142696781,-27.5481256714104],[153.281226686819,-27.547757671416],[153.281290706815,-27.5477386714224],[153.28131165682,-27.547679671424],[153.281439666821,-27.5475636614361],[153.281803676805,-27.5473876714716],[153.281996656781,-27.5474066714913],[153.282339646722,-27.5475796415275],[153.282767676679,-27.5475596515707],[153.283087676662,-27.5474226516021],[153.283194656675,-27.5472286416114],[153.283150676697,-27.5470936516058],[153.283171626715,-27.5469386616067],[153.283300066718,-27.5468024616187],[153.283384636736,-27.5465896516256],[153.283533626733,-27.5464926616399],[153.283597656738,-27.5463956416457],[153.283661636734,-27.546375651652],[153.283747626737,-27.5462786516599],[153.283790046752,-27.546123491663],[153.28378861679,-27.5458336516606],[153.283724156809,-27.5457364916533],[153.283724156816,-27.5456784416528],[153.283530636859,-27.5455056516318],[153.283422636876,-27.5454666516206],[153.283359126892,-27.5453894516135],[153.283336606907,-27.5452926616105],[153.283442996923,-27.5450795016196],[153.283442996953,-27.5448474716177],[153.283420626965,-27.5447696416149],[153.283334996984,-27.5446925016055],[153.283249656996,-27.5446736515967],[153.283162647017,-27.5445776515872],[153.283118627081,-27.544112671579],[153.283011647103,-27.5440356715676],[153.282903637131,-27.5439006615556],[153.282732637162,-27.5438036615375],[153.282538637205,-27.5436306715164],[153.28249662721,-27.5436306715122],[153.282368037246,-27.5434564414977],[153.282195617284,-27.5433026714791],[153.282151637308,-27.5431476714734],[153.282301647319,-27.5429346614869],[153.282300627329,-27.5428576714862],[153.282236607343,-27.5427996714792],[153.282086627367,-27.5427416714636],[153.281480657424,-27.5428016714026],[153.281106677458,-27.5428546713651],[153.281000057477,-27.5427964713538],[153.2809236675,-27.5426816813452],[153.28087066751,-27.5426426613395],[153.280464637551,-27.5426627012985],[153.280185667589,-27.5426056812698],[153.280121687603,-27.5425476812628],[153.280078687607,-27.5425476812585],[153.279863667653,-27.5423746912353],[153.279799647677,-27.5422396912277],[153.279756647684,-27.5422197012232],[153.27964864772,-27.5420266812107],[153.279562687739,-27.5419496912014],[153.278962697835,-27.5417007011386],[153.278833707869,-27.5415456811243],[153.278790717893,-27.5413916911187],[153.278683077925,-27.5412364911066],[153.278468677972,-27.5410446910833],[153.278197658015,-27.540937701055],[153.27797570805,-27.5408527110318],[153.277889998074,-27.5407364610222],[153.277910698101,-27.5405047110225],[153.278081158115,-27.5402524210378],[153.278122688143,-27.54000071104],[153.278250698158,-27.5397687010512],[153.278314718157,-27.5397297110574],[153.278335708162,-27.539671711059],[153.278442688155,-27.5396327110696],[153.278570688156,-27.5395167010816],[153.27867668817,-27.5393227110908],[153.279104648148,-27.5391287011327],[153.279253678147,-27.5390116811469],[153.279445668134,-27.5389536911659],[153.279530678135,-27.5388756911739],[153.279744018161,-27.5384884311924],[153.279807678184,-27.5382566811971],[153.279871658185,-27.5381986812031],[153.280019668211,-27.5378686812155],[153.280211658217,-27.5376556912333],[153.280317658243,-27.5373656812417],[153.280424638254,-27.5371916912512],[153.280573628255,-27.5370556812652],[153.280873658223,-27.5370546812956],[153.281002648197,-27.5371506913095],[153.281130658183,-27.5371506913224],[153.281258628177,-27.537092681335],[153.281343628183,-27.5369756913427],[153.281364618225,-27.536627681342],[153.281406628223,-27.5366086813461],[153.281513648236,-27.5364146913555],[153.281790978238,-27.5361624613816],[153.281896608249,-27.5359886913909],[153.281961618247,-27.5359496913972],[153.281960588252,-27.5359107013968],[153.282046618253,-27.5358336814049],[153.282225148245,-27.5357434414223],[153.282239158245,-27.5357355214237],[153.282537618218,-27.5356926714536],[153.282859078191,-27.5356375114857],[153.283179578181,-27.5354436615167],[153.283414608166,-27.5353656715399],[153.283692588136,-27.5353646715681],[153.283842608115,-27.5354026715836],[153.284078578072,-27.5355376616086],[153.284292978049,-27.5355364216303],[153.284388028046,-27.5354874716396],[153.284739558073,-27.5349746716712],[153.284846578079,-27.534839681681],[153.284845918111,-27.5345874616789],[153.284736558197,-27.5340086716632],[153.284758098212,-27.5338725116643],[153.28482156822,-27.5337566716699],[153.284797588291,-27.5332156716632],[153.28466757836,-27.5327906716466],[153.284603558379,-27.5326936816393],[153.284538588415,-27.5324616716309],[153.284493578492,-27.5319016716219],[153.284386568528,-27.5317086616096],[153.284383568624,-27.5309546816033],[153.284212568658,-27.530838661585],[153.284190558667,-27.5307806615823],[153.284052558698,-27.5306566815674],[153.283696568804,-27.5301246915271],[153.283652478834,-27.529927891521],[153.283610028863,-27.5297384515152],[153.28363093888,-27.5295834715161],[153.283759568884,-27.5294476815281],[153.28386453888,-27.5293896915383],[153.28425997884,-27.5293694715782],[153.284268998868,-27.5291434715774],[153.285084008748,-27.529397471662],[153.285102988803,-27.5289464616604],[153.285064988809,-27.5289334816564],[153.285079008865,-27.5284814716543],[153.284663998965,-27.5280514716088],[153.284659989025,-27.5275804816047],[153.284825989025,-27.5274444716204],[153.285003009056,-27.5270504716352],[153.285438499074,-27.5265436616754],[153.285566979068,-27.526484501688],[153.285716479069,-27.5263496717021],[153.285736479091,-27.5261556617025],[153.285694109106,-27.5260785216976],[153.285436489158,-27.52588567167],[153.285436489163,-27.5258476816697],[153.285670529163,-27.5256526716919],[153.285713889168,-27.5255755016957],[153.285733529218,-27.5251696716944],[153.285819009243,-27.524898421701],[153.285967489242,-27.5247826717151],[153.286052499253,-27.5246276717225],[153.286116479251,-27.5245886817287],[153.286223499261,-27.5244136717382],[153.28635146926,-27.5243176717504],[153.286414469268,-27.5242006817558],[153.286500869266,-27.5241424417641],[153.28664948928,-27.5239106717774],[153.286734469305,-27.5236396617839],[153.286792249358,-27.523176461786],[153.286944449424,-27.5225366817964],[153.286943459453,-27.5223046717945],[153.287008069469,-27.5221304917997],[153.287345479498,-27.5216156718298],[153.287390479499,-27.521568661834],[153.28756103952,-27.5212584718489],[153.287666459546,-27.5209686718573],[153.287942429581,-27.5204646818813],[153.288133469625,-27.5199616618966],[153.288218449662,-27.5195946819024],[153.288302429676,-27.5194196719095],[153.288380319716,-27.5190400319144],[153.288429449741,-27.5188006719175],[153.288363859824,-27.5182014419061],[153.288383429869,-27.5178346619052],[153.28857238996,-27.5169636619175],[153.288658419961,-27.5168856719256],[153.288701409956,-27.5168856719299],[153.288765429947,-27.5169056619366],[153.288894429916,-27.5170406819507],[153.288958409909,-27.5170396819572],[153.289043419917,-27.5169046719648],[153.289020389984,-27.5164016719585],[153.289062399999,-27.5162466819615],[153.289147410005,-27.5161306619692],[153.289147410017,-27.5160336719684],[153.289061410056,-27.5158026819579],[153.289017430065,-27.5157636819531],[153.28901743008,-27.5156476619522],[153.289145440101,-27.515376681963],[153.289101420148,-27.515047671956],[153.289206390193,-27.5146026719631],[153.289206390212,-27.5144576719619],[153.289204380262,-27.5140616819586],[153.289394370338,-27.5133076719719],[153.289437400341,-27.5132496819758],[153.289564380387,-27.512784681985],[153.289628190392,-27.5126875019907],[153.289839370463,-27.5119526820063],[153.289882370466,-27.5118946620102],[153.290095380461,-27.5117586720308],[153.290159330476,-27.5115846820359],[153.290317380477,-27.5114426720508],[153.290509370473,-27.5113136720692],[153.290747350463,-27.5111916620924],[153.290721360493,-27.5109796720881],[153.290111340629,-27.5104216720218],[153.290041840651,-27.5103095620139],[153.289912340692,-27.5101006619991],[153.289676040768,-27.509702471972],[153.289470830831,-27.5093804619486],[153.289341370852,-27.509323661935],[153.289142880877,-27.5092974619147],[153.288982390886,-27.5093616818989],[153.288860370887,-27.5094516818873],[153.288783390891,-27.5094906818798],[153.288770400872,-27.5096446918797],[153.288927930781,-27.5102302519003],[153.289263260583,-27.5115015719443],[153.289283370554,-27.511706111948],[153.28926100054,-27.5118352019467],[153.289157990544,-27.5118967519368],[153.289079630486,-27.5124130719329],[153.288986990461,-27.5126894819257],[153.28892238046,-27.5127476819196],[153.288731380417,-27.5132506719042],[153.28853629041,-27.5134644018861],[153.288530590389,-27.5136359018869],[153.288497420382,-27.5137156718842],[153.288402620368,-27.5139107918761],[153.288322980358,-27.5140520218691],[153.28819939035,-27.5142196718579],[153.288158070346,-27.5142890818543],[153.288038650346,-27.5143823918429],[153.287969300345,-27.5144509718364],[153.286581130543,-27.5140664916926],[153.286036440411,-27.5155576816492],[153.285895440414,-27.5156516816356],[153.285060470514,-27.5155741315503],[153.284771060556,-27.5154874915203],[153.284670970588,-27.5153245115089],[153.284691490631,-27.5149636815081],[153.282296500872,-27.5150897012662],[153.282287490818,-27.5155217012688],[153.281517520872,-27.5157447111924],[153.281371520927,-27.5154387311752],[153.281401520962,-27.5151357311759],[153.280489941054,-27.5151834610838],[153.280204540951,-27.5162307310632],[153.279888420994,-27.5161602610306],[153.279448081054,-27.5160615109851],[153.279359901065,-27.5160514309761],[153.279162541091,-27.5160097309558],[153.27802856126,-27.5156437408379],[153.277969571239,-27.5158547308336],[153.277717581265,-27.5158587508081],[153.276650611401,-27.5156927506986],[153.276586631379,-27.515922740694],[153.27630262141,-27.5159197406652],[153.275264601539,-27.5157747605588],[153.275199591517,-27.516002750554],[153.274948581544,-27.5160067705286],[153.273872521676,-27.5158732504185],[153.273755651636,-27.5162877604099],[153.273344621679,-27.5162937603683],[153.271933971864,-27.5160292102232],[153.271742671833,-27.5164387802071],[153.271371651878,-27.5163987801692],[153.270311692035,-27.516056770059],[153.269957062001,-27.5166234700276],[153.269585712051,-27.5165407899893],[153.268888702179,-27.5161237999154],[153.269055692195,-27.5158558099302],[153.268585722242,-27.5158807998827],[153.26859772225,-27.5158107998834],[153.265127232599,-27.5159915395332],[153.264607222652,-27.5160184794807],[153.264118772701,-27.5160448194314],[153.263590802753,-27.5160778293782],[153.263073812738,-27.5166338393302],[153.262463972858,-27.516203439265],[153.261633122952,-27.5161684391805],[153.261611152971,-27.5160334291773],[153.261674842972,-27.5159758391832],[153.261909792952,-27.5159368392067],[153.262145042951,-27.515742459229],[153.262208802947,-27.5157228292353],[153.262400792951,-27.5155288392533],[153.262465072961,-27.5153934392587],[153.262569823024,-27.5148128292647],[153.26269779304,-27.5145808392759],[153.262696773067,-27.5143678292741],[153.262759803092,-27.5141168392785],[153.262738823107,-27.5140198292756],[153.262673813121,-27.5139628292685],[153.262288773158,-27.5140018292298],[153.262096783181,-27.5139828292102],[153.262031783197,-27.5139058292031],[153.26203178322,-27.5137318392017],[153.261924793243,-27.5136358391901],[153.261795803255,-27.5136548391771],[153.261689993244,-27.5138294991678],[153.261412083256,-27.5139654991407],[153.261241083275,-27.5139654991234],[153.261133843293,-27.5139088291121],[153.260940863314,-27.5139084390925],[153.260769833337,-27.5138708290749],[153.260683833354,-27.5138128290657],[153.260619813378,-27.5136778390582],[153.260597843399,-27.5135295790548],[153.260553863442,-27.513232859048],[153.260552073521,-27.5126145190429],[153.260593823541,-27.5124208590456],[153.260721793547,-27.5122658490574],[153.260721793552,-27.5122278490571],[153.26078581355,-27.5121888290632],[153.260785813555,-27.5121498290629],[153.260998793554,-27.5119758390831],[153.261062813562,-27.5118588290887],[153.261062813572,-27.5117818290881],[153.26093382361,-27.5115888390735],[153.260932803625,-27.5114728390725],[153.261082813636,-27.511259829086],[153.261037813693,-27.5108538290782],[153.261102123698,-27.510756469084],[153.261486793675,-27.5106208391219],[153.261529793677,-27.5105628291258],[153.261528773687,-27.510484829125],[153.261475703708,-27.5103656491187],[153.261442813721,-27.5102918391148],[153.261442813736,-27.5101758291139],[153.261505813744,-27.5100598291194],[153.261655793743,-27.5099438391336],[153.261697803748,-27.5098658391373],[153.261697803773,-27.5096728291357],[153.261761823776,-27.5095948291416],[153.262082773754,-27.5094978391734],[153.262141793754,-27.5094438391789],[153.262274763758,-27.5093038291913],[153.262401783774,-27.5090718392023],[153.262443753791,-27.5088978292052],[153.262507773795,-27.5088198292111],[153.262507923809,-27.5087034692102],[153.262443133826,-27.508626429203],[153.262464743836,-27.5085298392044],[153.263169953763,-27.5085084392757],[153.26340476376,-27.5083338392981],[153.263447903768,-27.5082374493017],[153.263404763787,-27.5081208292964],[153.263168903822,-27.5080444992719],[153.263126053832,-27.5080054292672],[153.263126053839,-27.5079474592668],[153.26321076384,-27.5078708392748],[153.263317783834,-27.5078318392853],[153.263424733837,-27.5077148292952],[153.263466743845,-27.5076188292987],[153.263466743864,-27.5074638392975],[153.263358733901,-27.507270829285],[153.263272703917,-27.5072128292758],[153.262909783954,-27.5072328292392],[153.262802763958,-27.5072918392289],[153.262653773954,-27.507446839215],[153.262589793958,-27.5074658392087],[153.262481783977,-27.5074088391973],[153.262460763992,-27.5073118391944],[153.26252376402,-27.5070408391986],[153.262480764031,-27.5069828391938],[153.262458754056,-27.5068098391902],[153.262650744072,-27.5065188392073],[153.262821754066,-27.5064218392239],[153.263077764046,-27.5063628292494],[153.263141744049,-27.5062858292552],[153.263141744059,-27.5062078392546],[153.262990744095,-27.5060538392381],[153.262799154126,-27.5059764692181],[153.262605744168,-27.5058038291971],[153.262326734213,-27.5056878591679],[153.26226275423,-27.5056108591609],[153.262240704247,-27.5054948491577],[153.26236896425,-27.5053584491696],[153.26236772427,-27.5052048591683],[153.262303744284,-27.5051468591613],[153.262176024303,-27.5051085091481],[153.262025174336,-27.5049735191317],[153.261917754377,-27.504741859119],[153.261809754401,-27.5046458591073],[153.261764634416,-27.5045677391021],[153.261745764423,-27.5045298490999],[153.261637764462,-27.5043178590873],[153.261615714481,-27.504181849084],[153.261701744489,-27.5040468490917],[153.261936734467,-27.5040268491153],[153.262128724466,-27.5038708591335],[153.262170734461,-27.5038708591378],[153.262341734463,-27.5037158491539],[153.262448724471,-27.5035608591635],[153.262768714451,-27.503444859195],[153.262896724453,-27.503327849207],[153.262981724466,-27.5031538592143],[153.263024694486,-27.5029598492171],[153.262915704549,-27.5025548592028],[153.263043964565,-27.502321479214],[153.263172114561,-27.5022444292264],[153.263600184513,-27.5022624292699],[153.263642704513,-27.5022238592739],[153.263641944528,-27.5021074592729],[153.263342024587,-27.5018954992408],[153.263170724613,-27.501838859223],[153.263127694628,-27.501760859218],[153.26314868463,-27.5017228592199],[153.263319684617,-27.5016828492369],[153.263383704617,-27.5016248492429],[153.263510724648,-27.501276849253],[153.263744694668,-27.500927859274],[153.263700994726,-27.5005024892662],[153.263935654728,-27.5002898492883],[153.264169694745,-27.4999598493094],[153.264319674746,-27.4998248493235],[153.264552654786,-27.4993208593431],[153.264531114803,-27.49920450934],[153.264402964826,-27.4991274793264],[153.264188674844,-27.499167849305],[153.264081694848,-27.4992258592947],[153.263804654846,-27.4994778492686],[153.26371968485,-27.4995168492603],[153.26346269488,-27.4994978492341],[153.263290664938,-27.4991898592142],[153.263075684988,-27.4989768491908],[153.263011664997,-27.4989578491841],[153.262796675045,-27.4987648591608],[153.262775655057,-27.4986878591581],[153.262603665097,-27.4985138691393],[153.262452845155,-27.4981854391214],[153.262409995162,-27.4981664591169],[153.262323675191,-27.4980128691069],[153.262259685201,-27.4979928691003],[153.262109705236,-27.4978388790839],[153.261852675279,-27.4977238690569],[153.261616705333,-27.4974928690312],[153.261508695352,-27.4974348790198],[153.261316715368,-27.4974738690007],[153.261274695363,-27.497550868997],[153.261209725367,-27.4975708689906],[153.261081725366,-27.4976868689785],[153.260996675375,-27.4976878589699],[153.260953715385,-27.4976488689653],[153.260952695397,-27.4975518689644],[153.2610597154,-27.4974358789743],[153.261123695411,-27.4973008789797],[153.261122715433,-27.4971258689783],[153.26094970552,-27.4965858689565],[153.260713725605,-27.4961218789289],[153.260777715615,-27.4959868789343],[153.260926705614,-27.4958698689485],[153.260926705619,-27.4958318689482],[153.261054675625,-27.4956768789599],[153.26109665564,-27.4955218689629],[153.261095665672,-27.4952708889608],[153.261030655697,-27.4951348789532],[153.260987665728,-27.4949228889472],[153.260901665757,-27.4947678989372],[153.260879655782,-27.4945938889336],[153.260793705808,-27.4944588889238],[153.260750665837,-27.4942658789179],[153.260621675883,-27.4940148889029],[153.26057769591,-27.4938408988971],[153.260491665934,-27.4937248888874],[153.260427675943,-27.4937058888808],[153.260341685965,-27.4936098888713],[153.260020666006,-27.4935528888384],[153.259742726053,-27.4934178988091],[153.259269716163,-27.4929548987576],[153.259099076194,-27.4928584387395],[153.25903498621,-27.4927814787324],[153.258992176215,-27.4927814787281],[153.258734696269,-27.4925699087003],[153.258155696363,-27.4923198986397],[153.257984696396,-27.4922049086215],[153.257727706431,-27.492146908595],[153.25736368647,-27.4921479085581],[153.257234696526,-27.4918198985424],[153.257618716512,-27.4916059085797],[153.257682846515,-27.4915284885855],[153.257853696509,-27.4914318986021],[153.258130696514,-27.491159918628],[153.258322946525,-27.4909074986455],[153.258471716522,-27.4908109086598],[153.258492706527,-27.4907529186614],[153.258599686525,-27.4906758986717],[153.258706666531,-27.4905399086814],[153.258962676526,-27.490364918706],[153.259240666501,-27.4903259187338],[153.259453676503,-27.4901319087539],[153.259731666473,-27.490130908782],[153.259881676465,-27.4900729087968],[153.259923686467,-27.4900149188006],[153.260052676461,-27.4899559188132],[153.260094656469,-27.4898588988166],[153.260243646468,-27.4897429088308],[153.260286646473,-27.4896659088346],[153.260350626469,-27.4896459088409],[153.260371656474,-27.4895879188425],[153.260521666475,-27.4894528988567],[153.260649636471,-27.489374888869],[153.260840636495,-27.4890258888856],[153.260947626498,-27.4889098888955],[153.261032636511,-27.4887358989028],[153.261117636512,-27.4886578789108],[153.261181656528,-27.4884838889159],[153.261266636531,-27.4883868989237],[153.261264586585,-27.4879619089202],[153.261370626611,-27.4876709089286],[153.261413616611,-27.4876329089326],[153.261412596653,-27.4873039089299],[153.26138963671,-27.4868789089243],[153.261172606856,-27.4859129088946],[153.261129616878,-27.4857769188892],[153.260678037027,-27.4849855088372],[153.260591607066,-27.4847538988266],[153.260590617113,-27.4843868988236],[153.260525607135,-27.4842709088161],[153.260289637189,-27.4840399087904],[153.260225617218,-27.4838658987825],[153.26013962724,-27.483768908773],[153.260116587309,-27.4832469087666],[153.259944607369,-27.4829189287465],[153.259708597421,-27.482706928721],[153.259494627461,-27.4825719186982],[153.259451157481,-27.4824555186929],[153.259365637497,-27.4823989286838],[153.259279607526,-27.4822439286738],[153.259021627583,-27.4820129286459],[153.258657617647,-27.4818199286075],[153.25848660767,-27.4817819285899],[153.257994667723,-27.48178292854],[153.257651887776,-27.4816484685043],[153.257482637797,-27.481628918487],[153.257302657813,-27.4816539284689],[153.257079647825,-27.4817479284471],[153.256989677825,-27.4818249284386],[153.256883637767,-27.4823659184321],[153.256799067752,-27.4825594484251],[153.256756617754,-27.4825799284209],[153.256734647746,-27.4826569284193],[153.256670917748,-27.4826954484132],[153.256650007743,-27.4827534984115],[153.256436877746,-27.4829084683911],[153.256094697788,-27.4828709583562],[153.255794667817,-27.482890948326],[153.255602677815,-27.4830659483079],[153.255453027827,-27.4831044982931],[153.255368047828,-27.4831624582849],[153.255239677844,-27.4831439382718],[153.255153837864,-27.4830664282624],[153.255110687883,-27.4829509482572],[153.2551316779,-27.4827959382581],[153.255066667932,-27.4826029482499],[153.254980677953,-27.4825069482405],[153.254702697978,-27.4825459482126],[153.254424857991,-27.4826814981856],[153.254339697987,-27.4827789481777],[153.254339697977,-27.4828569481783],[153.254404707963,-27.4829149481854],[153.254383717953,-27.483010938184],[153.254169717976,-27.4830119381623],[153.254062707995,-27.482953948151],[153.253719708041,-27.4828779481157],[153.253484688079,-27.4827809480911],[153.253462938088,-27.4827234380885],[153.253205718136,-27.4825689380612],[153.252990958188,-27.4823374280376],[153.252777138218,-27.4822804480155],[153.252690708245,-27.4821459380057],[153.252284718305,-27.4820109579635],[153.25224175832,-27.4819339679586],[153.251876718396,-27.4816449579193],[153.25166070842,-27.4816339678973],[153.251347728453,-27.4816429578657],[153.251063758484,-27.4816339678369],[153.250632728531,-27.4816269577932],[153.250145888585,-27.4816144477438],[153.249872758614,-27.4816139677161],[153.24954378865,-27.4816069576828],[153.249347778669,-27.4816289576631],[153.248865798706,-27.4817409576152],[153.248524088739,-27.4817734975808],[153.248302818759,-27.4817959775586],[153.248118828775,-27.4818289775402],[153.247801818797,-27.4819239775089],[153.247668778809,-27.4819359774955],[153.247573808812,-27.4819969774864],[153.247477958807,-27.4821154874776],[153.247338818817,-27.4821549874638],[153.247180808849,-27.4820359774469],[153.247047808876,-27.4819339874326],[153.246864798903,-27.4818769874136],[153.246617838932,-27.4818599873885],[153.246389858958,-27.4818479773653],[153.24621884898,-27.4818189873478],[153.246003829006,-27.4817899773258],[153.245783079042,-27.4816984273027],[153.245453999096,-27.4815504572682],[153.24521283914,-27.4814099872427],[153.244934859177,-27.481346977214],[153.244744839202,-27.4813129771945],[153.244573839218,-27.4813289771773],[153.244275849239,-27.4814189971479],[153.244066889253,-27.4814799971272],[153.243914869266,-27.481507997112],[153.243516139301,-27.4815735070722],[153.243287869326,-27.481567997049],[153.243116899348,-27.4815394870315],[153.242793879398,-27.4814149969978],[153.242453039461,-27.4812104469617],[153.242205899503,-27.4810859969357],[153.242111909531,-27.4809439969251],[153.24203587955,-27.4808600069167],[153.241940869565,-27.4808200069068],[153.241896889571,-27.4808139969023],[153.241826919581,-27.480790996895],[153.241757899592,-27.4807630068878],[153.2417008896,-27.4807460068819],[153.241643909612,-27.4807060068758],[153.241599889622,-27.480660996871],[153.241536889637,-27.4805929868641],[153.24148589965,-27.4805359968585],[153.241447899661,-27.4804850068542],[153.241409909672,-27.4804290068499],[153.241379169685,-27.4803495168462],[153.241385999703,-27.4802024568457],[153.241418049715,-27.480084466848],[153.241442899734,-27.4799150068492],[153.241455899749,-27.4797850068495],[153.24146888976,-27.47968399685],[153.241482139766,-27.4796324668509],[153.241463049774,-27.4795814468486],[153.241451149783,-27.4795194368469],[153.24143786979,-27.4794744468452],[153.2414320998,-27.479400466844],[153.241419909811,-27.4793279968422],[153.241388189829,-27.4792144268381],[153.241193059896,-27.4788474968155],[153.241136189913,-27.478762456809],[153.241117069921,-27.4787224968068],[153.241091879928,-27.4786834168039],[153.241054099937,-27.4786434567998],[153.241028879949,-27.4785704767967],[153.241017019954,-27.4785414867952],[153.240960119982,-27.4783724767881],[153.240992199996,-27.4782314467902],[153.24107491,-27.4781300067978],[153.241270880002,-27.4779560168163],[153.2413979,-27.4778594668284],[153.241494000007,-27.477724476837],[153.241658909998,-27.4776574268532],[153.241803959977,-27.4777024268682],[153.241942949961,-27.4777094568824],[153.241982149968,-27.4776184468856],[153.242013869989,-27.4774269968873],[153.241995150016,-27.4772294668839],[153.241970980041,-27.47705344688],[153.241977150059,-27.4769134868795],[153.242072890082,-27.4766474368871],[153.242104870093,-27.4765359968895],[153.242104870102,-27.4764619968889],[153.242112130107,-27.4764165068893],[153.242112130114,-27.4763654868889],[153.242125090119,-27.4763154368898],[153.242130890127,-27.4762480268898],[153.242174000141,-27.476097476893],[153.242252840201,-27.4755590068967],[153.242279150219,-27.4753954568981],[153.242273060237,-27.4752654868965],[153.242102060266,-27.4751745068784],[153.241976060297,-27.4750444568646],[153.241849840317,-27.4749880068514],[153.24168519034,-27.4749474368344],[153.24148283037,-27.4748794868134],[153.241324860391,-27.4748510167972],[153.241127910425,-27.4747484567764],[153.240906860465,-27.474619006753],[153.240577890519,-27.4744710067186],[153.240381880555,-27.4743520166978],[153.240255960582,-27.4742494866842],[153.240148870613,-27.4740980066722],[153.240016850659,-27.4738490166568],[153.2399598707,-27.4735720166489],[153.239941880728,-27.4733630266454],[153.239834860756,-27.4732330266336],[153.239785150783,-27.4730689866272],[153.239771860791,-27.4730130266254],[153.239790880795,-27.472968016627],[153.239828870796,-27.4729280166305],[153.239879860798,-27.4728720166353],[153.239955860797,-27.4728100266425],[153.240050870799,-27.4727140266513],[153.240076850807,-27.4726300166533],[153.240045870831,-27.4724660166488],[153.240014880865,-27.4722290066438],[153.240002870888,-27.4720540166412],[153.240021890904,-27.471913016642],[153.240066960916,-27.4717824966456],[153.240142880914,-27.4717320066529],[153.240130870934,-27.4715860266505],[153.240130840953,-27.4714400366493],[153.240200840955,-27.4713660266558],[153.240352830962,-27.4711850166698],[153.240479850973,-27.4709880166811],[153.240600810974,-27.4708760166924],[153.240708810982,-27.4707230167022],[153.240766851003,-27.4705090067063],[153.240792841021,-27.4703460267077],[153.240817841043,-27.4701540167087],[153.240843831068,-27.4699340167096],[153.240863831085,-27.4697810167104],[153.240863831103,-27.4696400067093],[153.240895841114,-27.4695270167116],[153.240946831126,-27.4693920167157],[153.241010851136,-27.4692620167212],[153.241004831149,-27.4691610067198],[153.241131011159,-27.4689774667311],[153.241179991174,-27.4688184667348],[153.241164811191,-27.4686980067323],[153.241006801258,-27.4683030367132],[153.240962821284,-27.4681390267074],[153.240944791317,-27.4678910367037],[153.240995811331,-27.4677380467076],[153.241059871339,-27.4676244867132],[153.241173831342,-27.4675020367238],[153.241249821351,-27.4673660267304],[153.241288801364,-27.4672370267333],[153.24128281138,-27.4671120367317],[153.241217811433,-27.4667520267223],[153.241282811483,-27.4663000367253],[153.241465821523,-27.4658360367401],[153.241400751574,-27.4654910367308],[153.241260771627,-27.4651890367143],[153.241012791676,-27.4650170266878],[153.240495801749,-27.4648770366344],[153.240161831784,-27.4648770366006],[153.23982781179,-27.4651140365686],[153.239716781759,-27.4654540365601],[153.239634801758,-27.4655280365524],[153.239572971754,-27.4656092165467],[153.239519791749,-27.465696036542],[153.239487821732,-27.4658550365401],[153.239455841724,-27.4659500365376],[153.23934185173,-27.4659950265264],[153.239233851735,-27.4660510265159],[153.239144831733,-27.4661410365076],[153.239112811721,-27.4662600465053],[153.23909383171,-27.4663610365042],[153.239087851703,-27.4664230265041],[153.239080841697,-27.4664740265038],[153.239067851693,-27.4665140265028],[153.239061861689,-27.4665530265025],[153.239042841685,-27.4666040265009],[153.239016821679,-27.4666660464988],[153.238940831675,-27.4667680364919],[153.238832821674,-27.4668630264817],[153.238724821676,-27.4669360364714],[153.238572841686,-27.4669870364564],[153.238395851699,-27.4670370464389],[153.238243821719,-27.4670030364232],[153.238091841739,-27.4669740464076],[153.237952851754,-27.4669790663936],[153.237774871761,-27.4670690463763],[153.237635881761,-27.4671870563632],[153.237565871753,-27.467306046357],[153.237545871731,-27.4675030563565],[153.237526891715,-27.4676440463557],[153.237557881699,-27.4677400563596],[153.237582961684,-27.4678354663629],[153.237544851674,-27.46794905636],[153.237524851662,-27.4680620563588],[153.23741002164,-27.4683294663493],[153.237346001623,-27.4685164663443],[153.237309021582,-27.4688704663434],[153.237327021522,-27.4693284663488],[153.237393881478,-27.4696190363579],[153.237368851474,-27.4696650363557],[153.237342861472,-27.4697100363534],[153.237323911466,-27.469772026352],[153.237304901461,-27.4698230263505],[153.237253911457,-27.469901026346],[153.237253911444,-27.4700030363468],[153.237279131407,-27.4702674363514],[153.237378921369,-27.4704830363632],[153.237498901337,-27.4706360363766],[153.237618911315,-27.4707090363893],[153.237757901292,-27.4707720464039],[153.237840901281,-27.4707890264124],[153.238174001198,-27.471158476449],[153.23835186116,-27.4713100464682],[153.238439861133,-27.4714460364782],[153.238604841094,-27.4716150364963],[153.23872989105,-27.4718530365108],[153.238773881028,-27.4719940465164],[153.238824870999,-27.472175026523],[153.238849870986,-27.4722600365262],[153.238867860979,-27.4722990365283],[153.238880860967,-27.4723840465303],[153.238886880957,-27.4724510265314],[153.238867860949,-27.4725360365302],[153.23880987094,-27.4726540265252],[153.238746900927,-27.4728070465201],[153.238669920923,-27.4729080365131],[153.238574920921,-27.4729980365042],[153.238504910911,-27.4731340264982],[153.238421910898,-27.4733080464911],[153.238345910891,-27.4734320264844],[153.23821291089,-27.4735450264718],[153.238015880892,-27.4737020364532],[153.237825900892,-27.4738600264352],[153.237723880893,-27.4739390364255],[153.237641900888,-27.474046046418],[153.237558900872,-27.4742370364111],[153.237348920858,-27.4745300363922],[153.237202950848,-27.474728026379],[153.23708196083,-27.4749700263687],[153.237004900816,-27.4751450363622],[153.236941940813,-27.4752240363565],[153.236864930811,-27.4753080363494],[153.236826930807,-27.475365036346],[153.2368019608,-27.4754430363441],[153.236819920784,-27.4755560363468],[153.236844930772,-27.4756300363499],[153.236863940738,-27.4758780463538],[153.236850950723,-27.4760080463535],[153.236678920693,-27.4763910263391],[153.23666593068,-27.4765040263387],[153.236715930663,-27.4765950263445],[153.236829960646,-27.4766340263563],[153.237012930616,-27.4767140363755],[153.237158930591,-27.4767880363908],[153.237278950568,-27.4768670364036],[153.23734793055,-27.4769520464113],[153.237328910546,-27.4769970364097],[153.237138930552,-27.4771090363913],[153.237121490549,-27.4771507663899],[153.237074950539,-27.4772620263861],[153.237074950527,-27.4773580463868],[153.237137950506,-27.4774710363941],[153.237112100497,-27.4775604863922],[153.236991870506,-27.4775934363803],[153.236763970529,-27.4776050363573],[153.236674980532,-27.4776610363488],[153.23659899053,-27.4777400363417],[153.236509960519,-27.4778980363339],[153.236369990503,-27.4781400363217],[153.236305970488,-27.4783150263166],[153.236241980482,-27.4784110263109],[153.236090000474,-27.478603036297],[153.235809970469,-27.4788780362708],[153.235671010463,-27.4790420462581],[153.235562020446,-27.4792730362489],[153.235459970428,-27.4794980362403],[153.235319950417,-27.4797010262278],[153.235104970418,-27.4798760462074],[153.234869980438,-27.4799200361839],[153.234667960465,-27.4798750461631],[153.234420960496,-27.4798400361379],[153.234212000513,-27.479879036117],[153.234110020518,-27.4799290461071],[153.234039610519,-27.4799798661004],[153.233913140518,-27.4800924760885],[153.233811990519,-27.4801710460788],[153.23375502052,-27.4802110360734],[153.233684970524,-27.4802390260665],[153.233565000527,-27.480312036055],[153.233406000532,-27.4804070260396],[153.233057060547,-27.4805864760057],[153.232948990549,-27.4806600359954],[153.232880000547,-27.480733035989],[153.232802990546,-27.4808060359818],[153.232740020547,-27.4808510259757],[153.232550040553,-27.4809690359575],[153.232340020553,-27.4811440359376],[153.232042030551,-27.4814080259095],[153.231938080551,-27.4814969758997],[153.231800040551,-27.4816110258866],[153.231522060561,-27.4817680558598],[153.231287030577,-27.4818410558366],[153.231059050597,-27.4818740558137],[153.230729060622,-27.481958045781],[153.230590060625,-27.4820530457677],[153.230463080648,-27.4819740557542],[153.230451070663,-27.4818720657522],[153.230451070674,-27.4817820557515],[153.230375080687,-27.4817414557435],[153.230286060695,-27.4817590457346],[153.230052130707,-27.4818594457117],[153.229963070707,-27.4819330557033],[153.229842070704,-27.4820570656921],[153.229716070709,-27.4821300456799],[153.229519080731,-27.4821240456599],[153.22944305074,-27.4821120656521],[153.229317060754,-27.4821060456393],[153.229070100781,-27.4821060456143],[153.228854090802,-27.4821220555926],[153.228771960804,-27.4821724655847],[153.2287341108,-27.4822400455814],[153.228727110789,-27.4823310455814],[153.22872711078,-27.482404045582],[153.228713090732,-27.4827880555836],[153.228645020733,-27.4828404655771],[153.22847299074,-27.4829314655604],[153.228301000742,-27.483057465544],[153.228024550765,-27.4831151555165],[153.227886000829,-27.4827234654994],[153.227625020859,-27.4827134554729],[153.227387990884,-27.4827144554489],[153.227278020897,-27.4827044654377],[153.227148010913,-27.4826864654245],[153.227031020926,-27.4826844654126],[153.226920030937,-27.4826914654014],[153.226827100945,-27.4827095753922],[153.226728990952,-27.4827336953824],[153.226670920959,-27.4827297953765],[153.226622440963,-27.4827335653716],[153.226578900967,-27.4827393453673],[153.226520020973,-27.4827455753614],[153.226470860978,-27.4827465753564],[153.226417200983,-27.4827558453511],[153.226356390989,-27.4827549353449],[153.226310990994,-27.4827574553403],[153.226208061003,-27.48276771533],[153.22614721101,-27.4827701453239],[153.226102211015,-27.4827693253193],[153.22604950102,-27.482769605314],[153.225996141026,-27.4827709353086],[153.225950301031,-27.4827705153039],[153.225893061036,-27.4827812052982],[153.225840871041,-27.482783995293],[153.225756991048,-27.4827956152846],[153.225630261061,-27.4828066852718],[153.225481201074,-27.4828222552569],[153.225369031084,-27.4828434552457],[153.225278911091,-27.4828604952367],[153.223940061218,-27.4829937951023],[153.223927101224,-27.4829568051007],[153.22372431124,-27.4830039450806],[153.223675431243,-27.4830170050758],[153.222428781361,-27.4831433849506],[153.22213561139,-27.4831570349211],[153.221865511421,-27.4831411648936],[153.221832181426,-27.4831311148902],[153.221601171457,-27.4830851048665],[153.221342211493,-27.4830161048397],[153.220611991608,-27.4827332947636],[153.219626231759,-27.4823761146611],[153.21953024177,-27.4823681046513],[153.21947523177,-27.4824121146461],[153.219469211763,-27.482478104646],[153.219621201691,-27.4829101146648],[153.219256631729,-27.482919234628],[153.218829151775,-27.4829242245848],[153.218704941833,-27.4825659445694],[153.218665001847,-27.4824929945648],[153.218604521861,-27.4824355345582],[153.2183820219,-27.4823107845347],[153.218234711936,-27.4821555745186],[153.218157731962,-27.4820178445097],[153.218101481987,-27.4818661945028],[153.218059432014,-27.4816860044972],[153.218098892032,-27.4815151444998],[153.218166382027,-27.4814952945065],[153.218241642021,-27.481479104514],[153.218341402009,-27.4814932145242],[153.218356322012,-27.4814547345254],[153.218330152019,-27.4814214045225],[153.218162762045,-27.481359664505],[153.217984942068,-27.4813286944868],[153.217803792087,-27.4813297544685],[153.217223912137,-27.4814234744106],[153.216881182164,-27.4815038343766],[153.21614424221,-27.4817611543041],[153.215553492252,-27.4819281942457],[153.215004492295,-27.4820567041912],[153.214671502321,-27.482128584158],[153.21420361236,-27.4822151041114],[153.213706302405,-27.4822840340617],[153.213221402451,-27.482332934013],[153.213118462458,-27.4823621040028],[153.21297192247,-27.4823925039883],[153.212099312565,-27.4823817939],[153.209981362795,-27.4823581636856],[153.209668052837,-27.4822938736534],[153.208174433035,-27.4819911835],[153.207885393075,-27.4819191834702],[153.207523423123,-27.4818531934331],[153.207306973153,-27.4817924734107],[153.20684116323,-27.481579443362],[153.206508863288,-27.481405843327],[153.206178433345,-27.4812332032922],[153.205807413424,-27.4809282032523],[153.205410143489,-27.4807504632108],[153.205156433535,-27.480604203184],[153.204916923584,-27.4804164631583],[153.204614183636,-27.4802634631264],[153.204303463691,-27.4800931930937],[153.204025953741,-27.4799394530644],[153.203791443788,-27.4797652230393],[153.203583463833,-27.4795892130169],[153.203406473876,-27.4793962229975],[153.20325543392,-27.4791762229805],[153.203198463945,-27.4790292229736],[153.203295003969,-27.4787564529812],[153.203364463965,-27.478730222988],[153.203433453961,-27.4787082229948],[153.203522473954,-27.4786862130036],[153.203598973948,-27.4786684930112],[153.203985433916,-27.4785972230497],[153.204024133922,-27.4785114430529],[153.203961163956,-27.4783024430449],[153.20379699399,-27.4781664730273],[153.203752464008,-27.478065223022],[153.203746944023,-27.4779514430205],[153.203691144049,-27.4777935130136],[153.203614454071,-27.477687213005],[153.203538464094,-27.4775682229964],[153.203513424103,-27.4775172129935],[153.203502144118,-27.4774144329915],[153.203463964148,-27.477205452986],[153.203426914167,-27.4770874629813],[153.203313434207,-27.4768732129682],[153.203268434221,-27.476799212963],[153.203256464228,-27.4767492229614],[153.203237444239,-27.4766812229589],[153.203244454246,-27.4766192229592],[153.203238464257,-27.4765402129579],[153.203238464266,-27.4764662129573],[153.203257444276,-27.4763762129586],[153.203283474282,-27.4763032229606],[153.203315444286,-27.4762462129634],[153.203334464291,-27.4761902129649],[153.203353444298,-27.4761172129662],[153.203322854331,-27.4758844229613],[153.203322854341,-27.4758114429607],[153.20337443437,-27.4755352129637],[153.203431404385,-27.4753662229682],[153.203452104397,-27.4752584729694],[153.20343341444,-27.474937222965],[153.203420414465,-27.4747512229622],[153.203358844492,-27.4745864429547],[153.203263434538,-27.4743042129428],[153.203195064561,-27.4741854929349],[153.20310644458,-27.4741062229253],[153.203011434599,-27.4740382129152],[153.20296139462,-27.4739142129092],[153.202949894646,-27.4737214629065],[153.202911424675,-27.473524212901],[153.202861424701,-27.4733612128947],[153.202818134717,-27.4732754928896],[153.202653994754,-27.4731225028718],[153.202457404787,-27.4730262328512],[153.202267424816,-27.4729582428315],[153.201983454861,-27.4728442428018],[153.201812444887,-27.4727872227841],[153.201648124908,-27.4727584627673],[153.201483434924,-27.4727702427507],[153.201217424956,-27.4727402327236],[153.201027884973,-27.4727674527047],[153.200762164992,-27.4728404526784],[153.200532435,-27.4729702226562],[153.200393435004,-27.4730602326429],[153.200310474999,-27.4731732326354],[153.200221484989,-27.4733192326275],[153.200119464983,-27.4734602426183],[153.199942484991,-27.4735442326011],[153.199821484997,-27.4735942325893],[153.199485465026,-27.4736502325558],[153.199416475034,-27.4736492325488],[153.199340485045,-27.4736272425409],[153.199238505057,-27.4736152325305],[153.199156495067,-27.4736042425221],[153.199023485082,-27.4736032625087],[153.198694505106,-27.4736872524761],[153.198548475111,-27.473771262462],[153.198465505112,-27.4738332524541],[153.197131035219,-27.4741224623215],[153.195751145239,-27.47512316219],[153.195586165254,-27.4751451621735],[153.195402175263,-27.4752291521556],[153.195104185277,-27.4753751721266],[153.19485120529,-27.4754821721019],[153.1945782253,-27.4756331720755],[153.194280195306,-27.475836172047],[153.194032185314,-27.4759871720232],[153.192016035493,-27.4762754518217]]],[[[153.290565508062,-27.5301636322239],[153.290587478045,-27.5302786322271],[153.290651968025,-27.5303754822344],[153.290887427978,-27.5305486422596],[153.291294447934,-27.5305476423009],[153.291358427923,-27.5305866423077],[153.291358427905,-27.5307216323088],[153.291209437902,-27.5308766222949],[153.291210457882,-27.5310316422962],[153.291317437858,-27.5311276323078],[153.291488437835,-27.5311656323255],[153.291788437803,-27.5311646323559],[153.292258447775,-27.5309896424022],[153.292557457775,-27.5307376324305],[153.292814417747,-27.5307366224566],[153.29304943771,-27.5308326124812],[153.293542407645,-27.5309276125319],[153.294013437572,-27.5311006225811],[153.294420417516,-27.5311956226231],[153.294527397495,-27.5312726226346],[153.295170377396,-27.5315026127016],[153.29527797739,-27.5314634827122],[153.295276377415,-27.5312706227105],[153.294933827501,-27.5308855026727],[153.294846007564,-27.5304594526605],[153.294738367593,-27.5303246226485],[153.294716357605,-27.5302476126456],[153.294330407681,-27.5299786226044],[153.294223427698,-27.5299396225932],[153.294094397726,-27.5298246225792],[153.293901417791,-27.5294766225569],[153.29377239782,-27.5293606225429],[153.293729427837,-27.5292646125378],[153.293643397853,-27.5292066125286],[153.293535397887,-27.5290336225163],[153.29330015794,-27.5288204624907],[153.293170397961,-27.5287636324771],[153.292871387993,-27.5287646324468],[153.292743417999,-27.5288226224343],[153.292508397995,-27.5290556324123],[153.292209468009,-27.529191632383],[153.292038458027,-27.5291926223657],[153.291759458072,-27.5290766323365],[153.291738428082,-27.5290186323339],[153.291630468103,-27.5289426323223],[153.291544428135,-27.5287686423122],[153.291480008191,-27.5283814423026],[153.291500418199,-27.5283046223041],[153.291456428253,-27.5279176422966],[153.291304448326,-27.5274736422776],[153.291112088386,-27.5271644522557],[153.291068438393,-27.5271456422511],[153.291068438398,-27.5271066422508],[153.290897178438,-27.5269335222321],[153.290810458455,-27.5268756322228],[153.290662078471,-27.5268754622078],[153.290575428475,-27.5269146321993],[153.290469468469,-27.5270506421896],[153.290362458439,-27.5273796221814],[153.290364428404,-27.5276506321837],[153.290429468355,-27.5279786421929],[153.290730448271,-27.5283836422266],[153.29083746825,-27.5284606322381],[153.290902438228,-27.5285766322456],[153.29107343819,-27.5287306222641],[153.291160418146,-27.5290016322751],[153.291118438126,-27.5291946422724],[153.290691428137,-27.5294666322312],[153.290542438123,-27.529699632218],[153.290499478113,-27.5298156322145],[153.290500458081,-27.5300666422166],[153.290565508062,-27.5301636322239]]],[[[153.235477868464,-27.3375395051181],[153.235379288398,-27.3381378451128],[153.235332678319,-27.3388047851134],[153.235312558236,-27.3394717751167],[153.23529120816,-27.3400925351194],[153.235321468081,-27.3406894951272],[153.235480897976,-27.3413787351488],[153.23574256787,-27.3419966851802],[153.236055997758,-27.3426157152168],[153.236237257707,-27.3428670752371],[153.236522427627,-27.3432558952691],[153.236936487534,-27.3436434053141],[153.237246767463,-27.3439396653478],[153.237662247358,-27.3444196853937],[153.23776492733,-27.3445560854051],[153.238360097191,-27.3451498054701],[153.23905917703,-27.3458336255463],[153.239808736866,-27.3464947756274],[153.240506476711,-27.3471334557031],[153.241255816562,-27.3476794957832],[153.241410216534,-27.3477705957996],[153.241951766438,-27.3480653558568],[153.24267260633,-27.3483124259317],[153.242955916289,-27.3484021859611],[153.243470496223,-27.3484903760139],[153.244114136134,-27.3486461460803],[153.244833736029,-27.3488706261549],[153.245271255963,-27.3490278162004],[153.24558125591,-27.3491863962331],[153.246277275786,-27.3495722163066],[153.246585845742,-27.3496620163385],[153.247050235658,-27.3499342663877],[153.247747455535,-27.3503200564614],[153.248491945448,-27.3503831065373],[153.248875965419,-27.3502876265754],[153.249540805362,-27.3501796866419],[153.250087905299,-27.3502162766975],[153.250845975185,-27.3504779967764],[153.251814065068,-27.3505890168753],[153.252908224947,-27.3506246269864],[153.253876054844,-27.3506228470844],[153.254759244779,-27.350395747172],[153.255684304718,-27.3500933972633],[153.256440874686,-27.349716167337],[153.257407284659,-27.3491130474301],[153.258205254661,-27.3484350575055],[153.258708734688,-27.3477951975514],[153.259590174714,-27.3468539976333],[153.260262824676,-27.3465896476993],[153.261144634683,-27.3457987577824],[153.261563654734,-27.3450462878189],[153.262024024818,-27.3439930778572],[153.262148674891,-27.3433163278644],[153.262525314961,-27.3424511978957],[153.26328068499,-27.3415853579654],[153.264372504989,-27.3406812880688],[153.265380634973,-27.3399652781653],[153.266377854927,-27.3394860382625],[153.267096684866,-27.3393649783344],[153.267839384803,-27.3392439684087],[153.26855840473,-27.3392154984813],[153.269252234651,-27.339255948552],[153.269969854581,-27.3392048386243],[153.270685544552,-27.3388310286938],[153.270812824556,-27.3386920387056],[153.271013464617,-27.3380472787209],[153.27062397474,-27.3374070586763],[153.269227225039,-27.3362225485254],[153.268811015176,-27.3354897784774],[153.268497155297,-27.3348020384401],[153.268337795393,-27.3341827884191],[153.268204795489,-27.3335397284005],[153.267968195598,-27.3328754883713],[153.267629295713,-27.332257758332],[153.266983425857,-27.3316642582619],[153.266312925971,-27.3313247981913],[153.265385896113,-27.3309879680947],[153.264819456193,-27.330831088036],[153.264177236278,-27.3306979979699],[153.263456616371,-27.3305661278958],[153.262685226488,-27.3302956278155],[153.262015046585,-27.330093787746],[153.261268766704,-27.3297780876679],[153.261062616738,-27.3296881176463],[153.260547896815,-27.3295074675928],[153.259802086914,-27.329353067516],[153.258824587055,-27.3290614574147],[153.257691627222,-27.3287024772971],[153.256919067335,-27.3284555972169],[153.256249987441,-27.3281848671469],[153.255579367567,-27.3277527270756],[153.254830027716,-27.3272064769954],[153.254183027872,-27.3265224769244],[153.253921027981,-27.3258814668928],[153.253762038079,-27.3252384668716],[153.253526498186,-27.3245967368427],[153.253370028234,-27.3243454668248],[153.253110038317,-27.323910456795],[153.252902018365,-27.3237094567724],[153.252669628428,-27.3234077067465],[153.252541038453,-27.3233164667327],[153.251920028586,-27.3227924666657],[153.251766038617,-27.3226794666492],[153.251199008703,-27.3224754665901],[153.250504048811,-27.3222064665176],[153.250219998864,-27.3220244564874],[153.249962018921,-27.3217964664595],[153.249781058945,-27.3217514764408],[153.249444009028,-27.3213864664038],[153.249057039112,-27.3210444563619],[153.24833630922,-27.320797296287],[153.247617119308,-27.3207105662135],[153.246821229389,-27.3207401561331],[153.246616649405,-27.3207868061128],[153.246181239427,-27.3209749560702],[153.245492379441,-27.3214399560041],[153.244855749427,-27.3220877059448],[153.244753689423,-27.3222041459354],[153.244296129407,-27.3227127658931],[153.244015009402,-27.3229908058669],[153.2435823694,-27.323362935826],[153.24330095941,-27.3235258857988],[153.242533579444,-27.3238996357241],[153.242277279459,-27.3239926156989],[153.241816279496,-27.324088185653],[153.241098799563,-27.3241627955809],[153.240406759616,-27.3243288155122],[153.239689459665,-27.3245409754413],[153.238997639706,-27.3247995353733],[153.238281989738,-27.3251494253036],[153.238052439738,-27.3253360352819],[153.237363859732,-27.3259611852172],[153.23680416971,-27.3266087751656],[153.236346899679,-27.3272336351243],[153.236118699671,-27.3274879351032],[153.235813779651,-27.3279037350757],[153.235432069624,-27.3284359450413],[153.235155579563,-27.329150755019],[153.235083749483,-27.3298403050172],[153.235402429286,-27.3311263650596],[153.235535029196,-27.3317230650777],[153.235565509108,-27.3323888750861],[153.235545329031,-27.333009555089],[153.235473418957,-27.3336540550868],[153.23542676888,-27.3342985250872],[153.235482398796,-27.3349179950977],[153.235539488702,-27.335607415109],[153.235544488626,-27.3362055051142],[153.235497838549,-27.3368499551146],[153.235477868464,-27.3375395051181]]],[[[153.232126108236,-27.4208938754392],[153.231790008284,-27.4207991354044],[153.231538198327,-27.420676925378],[153.231201298389,-27.4204707453423],[153.231016138418,-27.4204001853229],[153.230884408431,-27.4204038153096],[153.230542628464,-27.4204317652753],[153.230108928509,-27.4204483652315],[153.229665638564,-27.4203828151862],[153.229357028604,-27.4203297551545],[153.229012328642,-27.4203212651196],[153.228571628685,-27.4203536050752],[153.228440848699,-27.420350345062],[153.228049638754,-27.4202520250216],[153.22761021881,-27.4201752249766],[153.227305398841,-27.4201904149458],[153.226890728882,-27.4202166149041],[153.226640848909,-27.4202172448788],[153.226454008934,-27.4201785548596],[153.226393528938,-27.4201975148536],[153.226376838933,-27.4202494148524],[153.226402608921,-27.4203228248555],[153.226544118891,-27.4204400748708],[153.226730708856,-27.4205583848906],[153.226795898836,-27.420660074898],[153.227023218792,-27.4208158449222],[153.227235728742,-27.4210280749454],[153.227464838687,-27.4212680549705],[153.227895608608,-27.4215288950162],[153.228030728582,-27.4216163550305],[153.228201728541,-27.4217980250493],[153.228533518464,-27.4221224050854],[153.228901398369,-27.4225591351261],[153.228988238344,-27.4226886151359],[153.229205918284,-27.4229783651602],[153.229310198238,-27.4232470451729],[153.229466128171,-27.4236444051918],[153.229576938127,-27.4239019252051],[153.229746308049,-27.4243701052259],[153.230031627951,-27.4249004052589],[153.230385017854,-27.4253708252984],[153.230667087763,-27.4258463653307],[153.230982997687,-27.4261771653653],[153.231217727617,-27.4265309753919],[153.231507607538,-27.4269066354242],[153.231755407465,-27.4272766954522],[153.231895607414,-27.4275599254686],[153.232096607364,-27.4277832754907],[153.232174427343,-27.4278852354994],[153.232376307281,-27.4281996055223],[153.2326408272,-27.4286155355524],[153.232889717125,-27.4289970855806],[153.233141497035,-27.42949227561],[153.233480836935,-27.4299942356483],[153.233875726854,-27.4302996656907],[153.234375336781,-27.4304575657425],[153.234605326751,-27.4304950457661],[153.234936926732,-27.4303690257986],[153.235335506714,-27.4301741458374],[153.235745806694,-27.4299862758775],[153.236079526699,-27.4296669259087],[153.236241846712,-27.4294253059232],[153.236417226737,-27.4290815559383],[153.236654506772,-27.4286096959585],[153.236797736793,-27.4283198159707],[153.236839416803,-27.4282116259741],[153.236865046818,-27.4280713059756],[153.236930816848,-27.4277748759799],[153.23707732691,-27.4271642859899],[153.237021406993,-27.4265578559794],[153.23688500707,-27.4260677159617],[153.236743097142,-27.4256206459438],[153.236623887229,-27.4250353659271],[153.236592937322,-27.4243341059185],[153.236554027383,-27.423889495911],[153.236507707436,-27.4235039359033],[153.236503437498,-27.423026135899],[153.236429747558,-27.4226171358884],[153.236267097619,-27.4222719658692],[153.236091097673,-27.4219924058491],[153.235854727737,-27.4216908358228],[153.235625027791,-27.4214554657977],[153.23538361784,-27.4212720957718],[153.235042307899,-27.4210998957359],[153.234656827955,-27.4209766456959],[153.234330447999,-27.4209049456623],[153.233926828045,-27.4208836256213],[153.233302648106,-27.4209296555585],[153.232911328143,-27.4209700955192],[153.232538228186,-27.4209472654813],[153.232126108236,-27.4208938754392]]],[[[153.222425283181,-27.3901218442141],[153.222430463096,-27.3907887742199],[153.222512593008,-27.3914092942331],[153.222620122912,-27.3920750042492],[153.222727502822,-27.392694294265],[153.222912082724,-27.3933147242886],[153.22337994259,-27.3939774843412],[153.224051102454,-27.394477564413],[153.224257512412,-27.3946374344352],[153.224748652319,-27.3949559844874],[153.225497012182,-27.3954094645667],[153.22616803207,-27.3957264546371],[153.226579022003,-27.3959074646801],[153.226914021947,-27.3960664747152],[153.227714021804,-27.3965194647998],[153.228333031689,-27.3969054648654],[153.228850011599,-27.3971784649199],[153.229029041572,-27.3972454549386],[153.229777041446,-27.3976074650171],[153.230139411378,-27.3978350550556],[153.230526931299,-27.3981311850971],[153.230939821215,-27.3984498651414],[153.231198171158,-27.3986774351694],[153.231664051065,-27.3990185752192],[153.231895791017,-27.3992009652441],[153.233215700729,-27.4003634153869],[153.233396930686,-27.4005458954067],[153.233888510576,-27.40100216546],[153.234121600522,-27.4012296754854],[153.234689030406,-27.4016620755463],[153.234844920366,-27.4018457655635],[153.235388290248,-27.4023233156223],[153.235569590202,-27.4025295356423],[153.236112890089,-27.4029619557007],[153.236292730055,-27.4030756757198],[153.237013639965,-27.4031850157936],[153.237756739909,-27.4029952758673],[153.23849757991,-27.4023688659373],[153.23913329993,-27.4016749359962],[153.239591009958,-27.4010737160377],[153.239998099996,-27.4004263860738],[153.240454270033,-27.3997563861147],[153.240861470063,-27.3991790061513],[153.24131732012,-27.3983476361909],[153.241647020146,-27.3978634662204],[153.242053230188,-27.3971930862562],[153.242458890227,-27.3965457362922],[153.242762350271,-27.3959459463182],[153.243065670318,-27.3953225363439],[153.243467860412,-27.3942395763761],[153.243570020431,-27.3940094763846],[153.243821030486,-27.3933634764049],[153.244021020549,-27.3926944564198],[153.244094020618,-27.3920964664225],[153.244114020697,-27.3914524564194],[153.244084020782,-27.3908094764113],[153.244028030867,-27.3901884664007],[153.243919000969,-27.389477476384],[153.243734021062,-27.3889034563607],[153.243498011174,-27.3882154563314],[153.243471001198,-27.3880554763274],[153.243313031273,-27.3875964663078],[153.242974021396,-27.386909476268],[153.242767021453,-27.3866354662449],[153.242405021535,-27.3862934562055],[153.242041151632,-27.3858358661651],[153.241911791666,-27.3856758761507],[153.241547631787,-27.3850354761088],[153.241310021905,-27.3843014660789],[153.241152011992,-27.3837504660585],[153.241019002091,-27.3830854660398],[153.240936042181,-27.3824424660263],[153.240905012266,-27.3817994760181],[153.240824022351,-27.3812024660052],[153.24071605245,-27.3805124659888],[153.240634042534,-27.3799164759757],[153.240578012619,-27.3792954659652],[153.240575022654,-27.3790204659627],[153.240521032713,-27.3786054659539],[153.240414012803,-27.3779864559382],[153.240279002899,-27.3773434759194],[153.240018033011,-27.3766794758877],[153.239833043112,-27.3760364658639],[153.239725043206,-27.3753934658479],[153.239566013307,-27.3747284658265],[153.239406033406,-27.3740864758053],[153.239042023526,-27.3734444657633],[153.238447033656,-27.3729204756989],[153.238293043684,-27.3728294756826],[153.237699003808,-27.3723524656187],[153.237389043864,-27.3721694655859],[153.236976043937,-27.3719434755423],[153.236795003979,-27.3717614655226],[153.236176044077,-27.3715124554579],[153.235559004165,-27.3713334653941],[153.234815024241,-27.371361465319],[153.234508024256,-27.3715024652891],[153.234124044262,-27.3717814652524],[153.233588004272,-27.3721524652011],[153.233410034267,-27.3723374651846],[153.232899034268,-27.3727564751362],[153.232669044272,-27.3729184551142],[153.23208201427,-27.3734294650588],[153.231955034269,-27.3735444650469],[153.231548024251,-27.3740304750095],[153.23124302423,-27.374446464982],[153.23106501422,-27.3746774749658],[153.230607014187,-27.3753254749246],[153.230532004177,-27.3754634649181],[153.230176024148,-27.3759954648863],[153.22979401413,-27.3764574748513],[153.229642024122,-27.3766424648374],[153.229082014091,-27.3773594547864],[153.228624044067,-27.3779374747447],[153.228369014056,-27.3782384647212],[153.228141044045,-27.3785164647004],[153.227735994006,-27.3791624646645],[153.227634013999,-27.3793014546553],[153.227330013964,-27.3798324646287],[153.227000013917,-27.3804784646005],[153.226924023899,-27.3806864545944],[153.226621033873,-27.3811484545674],[153.226163033839,-27.3817954545262],[153.225756053803,-27.38241946449],[153.225505043751,-27.3830414744695],[153.225151033704,-27.383711464439],[153.224770003663,-27.3843574644056],[153.224440013616,-27.3850044743773],[153.224061033568,-27.3856964643445],[153.223833013522,-27.3862504643258],[153.223659023456,-27.3869174643135],[153.223560433394,-27.3874928643081],[153.223340593248,-27.3888281942964],[153.223062543192,-27.3894967542736],[153.222629723183,-27.3899363842333],[153.222425283181,-27.3901218442141]]],[[[153.188549785415,-27.401023280876],[153.188510765433,-27.4009102808712],[153.188563765434,-27.4008613008762],[153.188557775466,-27.4006142808736],[153.188521785472,-27.4005952808698],[153.18838275548,-27.4006472908562],[153.188357755489,-27.4005992808533],[153.188347755509,-27.4004492808511],[153.188356735515,-27.4003942808516],[153.188336735527,-27.4003132908489],[153.188278765543,-27.4002392908424],[153.188222775572,-27.4000582908354],[153.1882257756,-27.3998372808339],[153.188263765597,-27.3998253008376],[153.188364725586,-27.3998312908479],[153.188422765583,-27.3998032808535],[153.18843276559,-27.399736290854],[153.188415755598,-27.3996882808519],[153.188353775614,-27.3996122908451],[153.188319755643,-27.3994162808401],[153.18816875569,-27.3991693008229],[153.188142775704,-27.3990853108196],[153.188051745729,-27.3989663008094],[153.188034765738,-27.3989033108072],[153.187952755764,-27.3987713107979],[153.187856755785,-27.3986873107875],[153.187799745807,-27.3985603007808],[153.187793755824,-27.3984343007792],[153.187775765832,-27.398386310777],[153.187732725842,-27.3983443207723],[153.187669765852,-27.3983183007657],[153.187640745861,-27.3982703207624],[153.187621775877,-27.3981563007596],[153.187463765926,-27.3979033107416],[153.187431755944,-27.3977933107375],[153.187425765958,-27.397684310736],[153.187377765976,-27.3975863207304],[153.187266775994,-27.3975373107188],[153.187243736003,-27.3974843107161],[153.187258776019,-27.3973463107165],[153.187239766026,-27.3973063007143],[153.186889766098,-27.3970313206767],[153.186813766113,-27.3969763106686],[153.18679376612,-27.3969403106663],[153.186798766136,-27.3968103106658],[153.186653756176,-27.3966193006496],[153.186640756186,-27.3965453006477],[153.186610756194,-27.3965083006444],[153.18643876622,-27.3964473106265],[153.186389786229,-27.3964213106214],[153.186300766257,-27.3962713006112],[153.186244736273,-27.396195300605],[153.186239776278,-27.3961623106042],[153.186214766283,-27.3961393006015],[153.186158776291,-27.3961253105957],[153.186116726299,-27.3960963105912],[153.186067746319,-27.3959843105854],[153.185921786345,-27.39590232057],[153.185827756366,-27.3958133105598],[153.185764756387,-27.3957033105526],[153.185773776396,-27.3956253205529],[153.185787756399,-27.395590310554],[153.185690776431,-27.3954183005428],[153.18551776647,-27.3952553205241],[153.185134806564,-27.3948353104821],[153.185109806575,-27.394765310479],[153.184934786619,-27.3945673004597],[153.184761816647,-27.3944963204417],[153.184618806693,-27.3942553004254],[153.184448786736,-27.3940553304066],[153.184316766768,-27.3939153203922],[153.184286806783,-27.3938213203884],[153.184122806819,-27.3936733203707],[153.183794786887,-27.3934173203355],[153.183702806902,-27.3933753303259],[153.183615786905,-27.3934213203175],[153.183471796904,-27.393557330304],[153.183429816901,-27.3936153303002],[153.182982806908,-27.3939323202576],[153.182662846924,-27.3940813202264],[153.182325836947,-27.3941793201932],[153.182232806955,-27.3941983201839],[153.182057816976,-27.3941803201661],[153.181807837017,-27.3940613301399],[153.18147980708,-27.3938433201051],[153.181269827113,-27.3937563300832],[153.181081847134,-27.3937493200641],[153.180960817141,-27.3937983300523],[153.18083682714,-27.3939083300406],[153.180759807144,-27.3939483300332],[153.18064380714,-27.3940713300224],[153.180501867122,-27.3943353300102],[153.1805338771,-27.3944863300146],[153.180514857074,-27.3947073300145],[153.180539857061,-27.3947813300176],[153.180501867051,-27.3948923300146],[153.180034847052,-27.3952823299705],[153.179886877057,-27.3953693299563],[153.179746857065,-27.3954193199425],[153.179600857068,-27.3955213299286],[153.179553887067,-27.3955713299242],[153.179308857082,-27.3956593199002],[153.179069897097,-27.3957383298767],[153.178705917112,-27.3959243298414],[153.178657887116,-27.3959393298367],[153.178524877116,-27.3960493398241],[153.17844191711,-27.3961623498166],[153.178319897107,-27.3962923498053],[153.17820885709,-27.396523339796],[153.178066877094,-27.3966093497823],[153.178028877088,-27.3966873397791],[153.178018877082,-27.3967473397785],[153.178153887054,-27.396853349793],[153.17828590703,-27.396929319807],[153.178556886983,-27.3970683298354],[153.178930906913,-27.3973103298751],[153.179096866884,-27.3973963198926],[153.179503876825,-27.3975163299346],[153.17973189678,-27.397684329959],[153.17986088676,-27.3977353299724],[153.18015587671,-27.3978763200033],[153.180263886688,-27.3979573300148],[153.180681916617,-27.3981703200587],[153.180944826568,-27.3983343300866],[153.18108082655,-27.3983583201005],[153.181435856509,-27.3983873301366],[153.181681866474,-27.398454320162],[153.18200587644,-27.3984463201946],[153.182084826424,-27.3985103202031],[153.182139836408,-27.3985913302093],[153.18228882635,-27.3989163202269],[153.182365876333,-27.3989863202353],[153.18269985628,-27.3991273302701],[153.18277486627,-27.3991453102778],[153.182800846266,-27.3991523002805],[153.183127856216,-27.3992733103145],[153.183272836184,-27.3994003103302],[153.183518846141,-27.399529310356],[153.183663816104,-27.399701310372],[153.183734816093,-27.3997263003794],[153.183785836083,-27.3997633003848],[153.183833836065,-27.3998693103905],[153.183961846045,-27.3999143004038],[153.184155806009,-27.4000363104244],[153.184307825977,-27.4001573204407],[153.184326845958,-27.4002933104437],[153.184401845937,-27.4004003104521],[153.184486825921,-27.4004503004611],[153.184585845907,-27.4004803104713],[153.184903835849,-27.4006663105049],[153.185062825797,-27.4009473005232],[153.185306835739,-27.4011933205498],[153.185483815703,-27.4013343005688],[153.185588795676,-27.4014563105804],[153.185747825645,-27.4015673105973],[153.185812795617,-27.4017343106052],[153.186022815568,-27.401938310628],[153.18613282555,-27.4019903106395],[153.186321825513,-27.4021233106597],[153.186407815488,-27.4022493106694],[153.186421835472,-27.4023633106717],[153.18645384546,-27.4024343106755],[153.186512825447,-27.4024823006818],[153.186596815436,-27.4024963106904],[153.18675679541,-27.4025693107071],[153.186813845396,-27.4026333007134],[153.187036825349,-27.4028132907374],[153.187254835316,-27.40289428076],[153.187437805279,-27.4030282907796],[153.187471795264,-27.4031152807837],[153.187524785249,-27.4031892807896],[153.18758278524,-27.4032132907957],[153.187768795215,-27.4032552908148],[153.187843795209,-27.4032422808223],[153.187923775233,-27.4029862808283],[153.18798680524,-27.4028752808338],[153.188257815228,-27.4027392908601],[153.188305815229,-27.4026912808646],[153.188393815233,-27.4025842908726],[153.188436775252,-27.4024022908755],[153.188499775254,-27.4023332908814],[153.188563795255,-27.4022702908873],[153.188524785322,-27.4017742908794],[153.188506785328,-27.4017442808774],[153.188517805331,-27.4017123008783],[153.188508795338,-27.4016602908769],[153.188452765353,-27.4015942808708],[153.188461815354,-27.4015732908715],[153.188538795351,-27.401535290879],[153.188563795352,-27.4015083008813],[153.188571795354,-27.4014792908819],[153.188563765363,-27.4014163008805],[153.188543755374,-27.401351290878],[153.188543755408,-27.4010833008759],[153.188549785415,-27.401023280876]]],[[[153.144800641072,-27.0763295138835],[153.145065631015,-27.076555513912],[153.145419600976,-27.0765755339478],[153.14562360097,-27.0764465339674],[153.145602611011,-27.0761425139629],[153.14537562106,-27.0759385239383],[153.145119611104,-27.0758035239115],[153.14479363113,-27.0758725338791],[153.144715591122,-27.0760045238723],[153.144726611101,-27.0761565238746],[153.144800641072,-27.0763295138835]]],[[[153.085547975967,-27.0073380573663],[153.085533996007,-27.0070280473624],[153.085493956057,-27.0066620473555],[153.085409966114,-27.006285047344],[153.08532098616,-27.0059880673327],[153.085185966218,-27.0056400673163],[153.085084976262,-27.005372077304],[153.084933976312,-27.0051030672867],[153.084649966376,-27.0048270672559],[153.084474946424,-27.0045930772365],[153.084216966478,-27.0043780672088],[153.083901966544,-27.004113077175],[153.083611946609,-27.0038370771436],[153.083303996674,-27.0035770771106],[153.083084996717,-27.0034180670873],[153.082687976795,-27.003126067045],[153.082443976843,-27.0029510770191],[153.082143986896,-27.0027760669875],[153.08195699694,-27.0025880869672],[153.08180697698,-27.0023870869505],[153.081597987042,-27.002070086927],[153.081311967115,-27.0017250968954],[153.081028987176,-27.0014820768651],[153.08074899722,-27.0013630868359],[153.080546997245,-27.0013340768154],[153.080391987247,-27.0014440768007],[153.080159987266,-27.0014880967777],[153.079931977296,-27.0014360867543],[153.079679027325,-27.0014240867288],[153.079353017352,-27.0014750866964],[153.079084007369,-27.0015710866701],[153.078829017376,-27.0017280966457],[153.078663997369,-27.0019170866306],[153.078513037352,-27.0021850766176],[153.078330067336,-27.0024650966014],[153.078197057319,-27.00271108659],[153.078041057294,-27.0030350765769],[153.077886037267,-27.0033830865641],[153.07776106724,-27.0037070965541],[153.077668027207,-27.0040470865474],[153.077559037198,-27.0042070965377],[153.077518047185,-27.0043430865347],[153.07743508713,-27.0048530965304],[153.077405077094,-27.0051640765299],[153.077367087065,-27.0054300865282],[153.077337077028,-27.0057520865277],[153.077336057002,-27.0059550865292],[153.077318096965,-27.0062720865299],[153.077295066954,-27.0063800865285],[153.07723206693,-27.0066230865241],[153.077199076905,-27.0068500965226],[153.077191076879,-27.0070590865234],[153.077173086846,-27.0073360865238],[153.077140056824,-27.0075450865222],[153.077145086798,-27.0077480865243],[153.077163086764,-27.0080020865281],[153.077174106738,-27.0081990765308],[153.077199106707,-27.0084300865351],[153.077247106679,-27.0086100965414],[153.077286126635,-27.0089250965478],[153.077337116592,-27.0092290865554],[153.077437126554,-27.0094470865672],[153.077517136525,-27.0096150865766],[153.077634116491,-27.0097870765897],[153.077865126443,-27.0099750766144],[153.078037076415,-27.0100560866324],[153.078216076387,-27.0101260966509],[153.07835907635,-27.0103040866667],[153.078538076314,-27.0104420966858],[153.07872207629,-27.0104780967046],[153.078967066265,-27.0104730767292],[153.079193106247,-27.0104230967516],[153.079477116215,-27.0104460867803],[153.079705086186,-27.0104870868036],[153.079891096151,-27.0106070968232],[153.080057096119,-27.0107230868409],[153.080210066095,-27.0107870768568],[153.080533056055,-27.0108380868897],[153.080863056009,-27.0109270869236],[153.081181075957,-27.0110730869567],[153.081410045922,-27.0111600769804],[153.081657075891,-27.0112050670056],[153.081815045874,-27.0112080670215],[153.082047045851,-27.0111920670448],[153.082198045841,-27.0111440770596],[153.082436025826,-27.0110720770829],[153.082655055806,-27.0110450671048],[153.082818025796,-27.0109850671207],[153.083003995793,-27.0108520671383],[153.083163025801,-27.0106630771528],[153.083292015803,-27.0105310771647],[153.083492005791,-27.0104590771843],[153.083599025784,-27.0104290671948],[153.083703005789,-27.0103030672043],[153.083850035792,-27.0101580672179],[153.084023005796,-27.0099750572338],[153.084157035803,-27.009808057246],[153.084349025839,-27.0093650772618],[153.084507975843,-27.0091980572765],[153.084721975826,-27.0091540672976],[153.084922985805,-27.0091500673178],[153.085091975793,-27.0091080573345],[153.085259985788,-27.0090030573506],[153.085357995793,-27.0088820473595],[153.085411975804,-27.0087510473638],[153.085469975821,-27.0085640473682],[153.08549800584,-27.0083940473696],[153.085535965868,-27.0081340473714],[153.085553995903,-27.0078460473709],[153.085534985937,-27.007592057367],[153.085547975967,-27.0073380573663]]],[[[153.104691890299,-27.036482879525],[153.104629880297,-27.0365518895193],[153.10458987028,-27.0367218795166],[153.104620900251,-27.0369248795214],[153.104675870223,-27.0371038895283],[153.104787880184,-27.0373158795413],[153.104860890156,-27.03748387955],[153.104960890117,-27.0377078995618],[153.105091860075,-27.0379368895768],[153.105228880036,-27.0381258795921],[153.105364910005,-27.0382648896069],[153.10555087997,-27.0383848696266],[153.105883869907,-27.0386048696619],[153.106113889867,-27.0387348696861],[153.106458889805,-27.0389378697224],[153.106706869767,-27.0390338597482],[153.106876889754,-27.038996859765],[153.107056909745,-27.0389148697825],[153.107244879734,-27.0388488598009],[153.107458879714,-27.0388278698223],[153.107717849682,-27.0388678598487],[153.108122849634,-27.0389108598898],[153.108266849622,-27.038879849904],[153.108326849629,-27.0387768399093],[153.10834381964,-27.0386748499101],[153.108103839703,-27.0383748598836],[153.108010839734,-27.0382018598729],[153.107905859769,-27.0380178598608],[153.107867829804,-27.037769869855],[153.107804869844,-27.0375058798466],[153.107698829882,-27.0372878698342],[153.107556849915,-27.0371438698187],[153.107358839952,-27.0370128697977],[153.107194840001,-27.0367618597792],[153.107005840053,-27.0365058797582],[153.106756880096,-27.0363748797321],[153.106495830138,-27.0362558697048],[153.106214850185,-27.0361198896754],[153.105915880229,-27.0360188796445],[153.105663890259,-27.0359898896189],[153.105398890284,-27.0360118895924],[153.105255890288,-27.0360998895787],[153.105173870299,-27.0360838895704],[153.105071850317,-27.0360238995596],[153.105006890331,-27.0359688995526],[153.104918880341,-27.0359598895437],[153.104824900346,-27.0359948895345],[153.10478891034,-27.0360748795315],[153.104818870314,-27.036259879536],[153.104820880303,-27.0363448895369],[153.104778870298,-27.0364188895333],[153.104691890299,-27.036482879525]]],[[[153.07431608796,-27.0008441061848],[153.074564067889,-27.0012060962126],[153.074637107859,-27.0013851062214],[153.074723057829,-27.0015471062313],[153.074864057799,-27.0016691162465],[153.074986077777,-27.0017400962593],[153.075099087768,-27.0017210962705],[153.075227087774,-27.0015661062822],[153.075350097778,-27.0014280962934],[153.075442077781,-27.0013301063019],[153.075555077775,-27.0012831163129],[153.075692067765,-27.0012471163264],[153.075798097764,-27.0011650963364],[153.075895077771,-27.0010281063451],[153.075966107789,-27.0008291063506],[153.076050087805,-27.0006300963575],[153.076033087827,-27.0004721063545],[153.075941107856,-27.000316096344],[153.075726077886,-27.0002531063219],[153.07554208791,-27.0002171063031],[153.075457117933,-27.0001051062937],[153.075397107957,-26.9999650962865],[153.075215077976,-26.9999630962682],[153.075088057993,-26.9999321162552],[153.074964068028,-26.9997590962413],[153.074860078055,-26.9996310962299],[153.074677108079,-26.9995901062111],[153.074445078093,-26.9996791061885],[153.074303098094,-26.9997891061751],[153.07421906808,-26.9999650961681],[153.074279078057,-27.0001001161752],[153.074302068034,-27.0002691061788],[153.074262108014,-27.0004561061763],[153.074269107978,-27.0007381061792],[153.07431608796,-27.0008441061848]]],[[[153.105337136651,-27.0649928098168],[153.105521126626,-27.0650348198357],[153.105706116594,-27.0651328098551],[153.105986106552,-27.0652347998841],[153.106246096517,-27.0652967999107],[153.106506116484,-27.0653427899373],[153.106822066444,-27.0653927899695],[153.107183086401,-27.0654367900062],[153.107581076355,-27.0654687900465],[153.107996046314,-27.0654438000881],[153.108372066285,-27.0653627901254],[153.108711086261,-27.0652657701587],[153.109016036248,-27.0651127801882],[153.109245046245,-27.06495077021],[153.109410056258,-27.0647047802246],[153.109499046276,-27.0644887702319],[153.109456016307,-27.0642807802259],[153.109289066341,-27.064148780208],[153.109054036376,-27.0640627701837],[153.10875105641,-27.064045790153],[153.108468026436,-27.0640797901248],[153.107991086474,-27.0641797900776],[153.107733066497,-27.0642127900519],[153.107274076542,-27.0642327900058],[153.107028066566,-27.0642487899812],[153.106719056601,-27.0642327899499],[153.10644706663,-27.0642267899225],[153.106070126666,-27.0642568198848],[153.105775096688,-27.0643298198556],[153.105556096701,-27.0644078198342],[153.105408086701,-27.0645288098203],[153.105266106698,-27.0646728098071],[153.10524109667,-27.0649218198066],[153.10527409666,-27.0649718098103],[153.105337136651,-27.0649928098168]]],[[[153.118223990965,-26.8603744094844],[153.118187240944,-26.8605714094823],[153.118166030927,-26.8607224494813],[153.118166030908,-26.8608804694826],[153.118182930884,-26.8610534694857],[153.118207060864,-26.8611954694892],[153.118236220844,-26.8613274194932],[153.118310020801,-26.8616114595029],[153.11836799076,-26.861889459511],[153.118398240732,-26.8620884695156],[153.118393170716,-26.8622204795162],[153.118387080702,-26.8623414595165],[153.118382040686,-26.862469439517],[153.118402190667,-26.8626044295201],[153.119340090238,-26.8652484496357],[153.119530110173,-26.8656124596578],[153.119694100122,-26.8658804496764],[153.119972090074,-26.8660364397057],[153.120269090035,-26.866095459736],[153.120762089973,-26.8661804497864],[153.121240099944,-26.8660124498332],[153.121671089923,-26.8658234498751],[153.121968089923,-26.8655784599031],[153.122362109922,-26.8652574399402],[153.122555079912,-26.865179449959],[153.122986109891,-26.8649844600009],[153.123290079907,-26.8646014500285],[153.123403089968,-26.8640264500353],[153.123352100035,-26.8635344500262],[153.123249090121,-26.862933460011],[153.123014110223,-26.8623114499824],[153.122738090302,-26.8619144599514],[153.122438100383,-26.861517449918],[153.121976080483,-26.8610994598681],[153.121574110564,-26.8607844598251],[153.121177100655,-26.860394439782],[153.120847100735,-26.8600264597459],[153.120696100792,-26.859701449728],[153.120465090858,-26.8593664497021],[153.120239090914,-26.8591004596772],[153.120008110969,-26.858857439652],[153.11980912102,-26.85861344963],[153.119565111052,-26.858565459605],[153.119348081063,-26.8586544395839],[153.118348351107,-26.8591396994871],[153.118266441104,-26.8592282594795],[153.118250271087,-26.8593754094791],[153.118262141069,-26.8595144494814],[153.11826502105,-26.8596584594828],[153.118283011023,-26.8598644694863],[153.118272940989,-26.8601404194875],[153.118223990965,-26.8603744094844]]],[[[153.12163411907,-26.872667449926],[153.121919109055,-26.8725514599538],[153.122220089046,-26.8723704499827],[153.122684109018,-26.8722044500281],[153.123040059006,-26.8720064700624],[153.123180109005,-26.8718984600756],[153.123513099004,-26.871631430107],[153.123620009005,-26.871528460117],[153.123981098992,-26.8713354501518],[153.124260108985,-26.8711554501785],[153.124539108996,-26.8708384502041],[153.124601089017,-26.8706224402086],[153.124595099064,-26.870246450205],[153.124337089126,-26.8699714501768],[153.123200219297,-26.8695514200589],[153.122972099338,-26.8694104500348],[153.122631109385,-26.8693204499997],[153.122290089414,-26.8693704599658],[153.121921119421,-26.8696264399306],[153.121494209419,-26.8699924098906],[153.121449969412,-26.8700922898869],[153.1213030994,-26.8703034498738],[153.121210089379,-26.8705524598664],[153.120882109259,-26.8717814498432],[153.120917109241,-26.8718954498476],[153.121169109183,-26.872151449875],[153.12134211914,-26.872346459894],[153.121320109113,-26.8725874598937],[153.12163411907,-26.872667449926]]],[[[153.119454698762,-26.8769373797405],[153.119485068747,-26.8770314397443],[153.119566058728,-26.8771184597532],[153.119715088713,-26.8771104497681],[153.119855138712,-26.8770074997814],[153.119991208713,-26.8768803997941],[153.120165098712,-26.8767464998105],[153.120369938704,-26.8766384998303],[153.120522218706,-26.8765004298446],[153.120644968711,-26.8763544498558],[153.120752568722,-26.8761748298652],[153.121160088739,-26.8757014499024],[153.121066098773,-26.8755084398914],[153.120915098809,-26.8753484498749],[153.120752418926,-26.8745516398522],[153.120692448953,-26.8743836398448],[153.120643098982,-26.8741924498383],[153.120537109031,-26.8738884498252],[153.120518089053,-26.873728449822],[153.120445089065,-26.8736934398144],[153.120363109085,-26.8736004398054],[153.120276099112,-26.8734634497955],[153.120206089121,-26.8734444497883],[153.12008910912,-26.8735494597774],[153.120006109111,-26.8736934397702],[153.120033119085,-26.8738764497744],[153.120030089067,-26.8740274397753],[153.120041109047,-26.8741784597776],[153.120029099033,-26.8742934597773],[153.119990079022,-26.8744184597743],[153.119998109005,-26.8745444397761],[153.120001108988,-26.8746774597775],[153.120017088968,-26.8748244397803],[153.120024098941,-26.8750394497827],[153.120000078915,-26.8752644497821],[153.1199940989,-26.8753904497825],[153.119955118879,-26.8755904497802],[153.119933108859,-26.8757684397794],[153.119719108831,-26.876164449761],[153.119629098817,-26.8763534497534],[153.119454698762,-26.8769373797405]]],[[[153.121033072743,-26.8438354596354],[153.121116952711,-26.8440224996453],[153.12120801269,-26.8441104296552],[153.121368942663,-26.8441944696721],[153.121525162645,-26.8442103996879],[153.121721022631,-26.8441564197072],[153.121870052629,-26.8440484197214],[153.122055112629,-26.8438974697388],[153.122192972635,-26.8437364697514],[153.122324042642,-26.8435684297633],[153.122457962647,-26.8434154397756],[153.122619212645,-26.8433024997909],[153.122813282639,-26.8431854798095],[153.12293607264,-26.843075219821],[153.122921982653,-26.8429804798189],[153.12284800267,-26.8429064798108],[153.122753102737,-26.8424554497977],[153.122560082801,-26.8421014597754],[153.122530922821,-26.8419674997714],[153.122448942842,-26.8418714797624],[153.122336962845,-26.8419374897516],[153.122064092854,-26.8420934497253],[153.121708102861,-26.8423304496914],[153.121519982857,-26.8425224996739],[153.121409092852,-26.8426566996639],[153.121295142847,-26.8427866996534],[153.121184222841,-26.8429316296434],[153.120990112793,-26.8434714596281],[153.121020112765,-26.8436704096328],[153.121033072743,-26.8438354596354]]],[[[153.135428064951,-27.0533334627555],[153.135332064957,-27.0533654427461],[153.135245084956,-27.053440442738],[153.135197084949,-27.0535404527339],[153.135197084935,-27.0536484627348],[153.135348604867,-27.0540626427533],[153.135520584825,-27.0542516327722],[153.135770574771,-27.0544746327992],[153.136220074646,-27.0550964528494],[153.136569594578,-27.0553416128866],[153.136703584528,-27.0556276129024],[153.136869594478,-27.0558856129212],[153.137016614434,-27.0561096129378],[153.13717057439,-27.0563326029551],[153.13740059433,-27.0566196129805],[153.137707594246,-27.0570326130148],[153.137892614179,-27.0574045930364],[153.138045584116,-27.0577775830548],[153.138160594056,-27.0581615930694],[153.138390583973,-27.0586255930963],[153.138608593914,-27.0589185931206],[153.138869603843,-27.0592626031497],[153.138953593793,-27.0595885931607],[153.138940603763,-27.0598356031614],[153.13917661371,-27.060064593187],[153.139509603658,-27.0601965732216],[153.139873573603,-27.0603285732594],[153.140148563556,-27.0604775732883],[153.140366543499,-27.0607415833124],[153.140820573434,-27.0608855733593],[153.14122353338,-27.0609775734006],[153.14144154336,-27.0609485834224],[153.141658533333,-27.0609835634446],[153.141908563298,-27.0610575634703],[153.142298523243,-27.0611615535105],[153.14263754319,-27.0613045535458],[153.142893513146,-27.0614375535727],[153.143194533093,-27.0616095636044],[153.143482513033,-27.0618445536353],[153.143673522984,-27.0620735836564],[153.143884522934,-27.0622915736794],[153.144013082895,-27.062496453694],[153.143878542887,-27.0626755536819],[153.14371151289,-27.0627895536659],[153.143782502859,-27.0629735536745],[153.143935512815,-27.0631965536917],[153.143954532781,-27.0634545536957],[153.143858532754,-27.0637475536884],[153.143951502707,-27.0640425537001],[153.144043522653,-27.0643945537122],[153.144145532629,-27.0645035537233],[153.14443907253,-27.0650394437572],[153.144695522458,-27.0654035637859],[153.144759502434,-27.0655355637934],[153.14485550241,-27.065650553804],[153.145060552359,-27.0658855638266],[153.14538106228,-27.0662434438618],[153.145946082156,-27.0667534539228],[153.146204532095,-27.067026533951],[153.146415512045,-27.067244533974],[153.146703091978,-27.0675394440054],[153.146852081948,-27.0676514640213],[153.147791521776,-27.0682305141207],[153.148050081732,-27.0683644541478],[153.148321531687,-27.0684945241762],[153.148597511646,-27.0685865242048],[153.149013501581,-27.0687585242481],[153.149460521509,-27.0689545342947],[153.149742481457,-27.0691374943246],[153.150023061398,-27.0693714643548],[153.150260491349,-27.0695565043802],[153.150906501264,-27.0696945144465],[153.151143501226,-27.0697975044712],[153.151437471181,-27.0699124945018],[153.151589201159,-27.0699590945174],[153.151885471116,-27.0700505045481],[153.152359461037,-27.0702854945977],[153.152576490999,-27.0704054846206],[153.152743440958,-27.0705894846389],[153.153005070901,-27.0708244546671],[153.15332448084,-27.0710424747011],[153.153606440786,-27.0712374847311],[153.153804460732,-27.0714954847531],[153.153843070664,-27.0720084547611],[153.153881070642,-27.0721524547661],[153.153907060634,-27.072190454769],[153.153967060618,-27.0722674547757],[153.154067070598,-27.0723464447864],[153.154139090585,-27.072385444794],[153.154233070572,-27.0724094648036],[153.154314070563,-27.0724174548119],[153.154525070545,-27.0723854448329],[153.154973080513,-27.0722604648771],[153.155396070477,-27.0721954549193],[153.15547444043,-27.0724994649296],[153.155295410443,-27.0725454749119],[153.155154410453,-27.072585464898],[153.154994430458,-27.0726824648826],[153.154815430459,-27.0728254748657],[153.154674470456,-27.0729684748526],[153.154655450427,-27.0732094748526],[153.154770460417,-27.0731924748641],[153.154891460423,-27.0730434748751],[153.155020450428,-27.0728944748869],[153.155148420429,-27.0727794648989],[153.155308440405,-27.0728424749156],[153.155365410381,-27.0729804649224],[153.15541042035,-27.0731874549286],[153.155659420256,-27.073731474958],[153.155704430209,-27.0740694649653],[153.15569143017,-27.0743844649665],[153.155750090122,-27.074716444975],[153.155783080095,-27.0749044649799],[153.155927440039,-27.075232444997],[153.15616344996,-27.0756624450243],[153.156438439875,-27.0761044450555],[153.156835419774,-27.0765744350993],[153.156866079756,-27.0766894551033],[153.156963459683,-27.0771934451171],[153.157097449637,-27.0774454551327],[153.157119499606,-27.0776683651367],[153.157135449585,-27.0778294451395],[153.157282469516,-27.0782474551577],[153.157440399446,-27.0786771151771],[153.157518439411,-27.0788894351866],[153.157653449352,-27.0792454352031],[153.157780069293,-27.0796044652187],[153.157786459267,-27.079806425221],[153.157857449239,-27.0799724252294],[153.157933079201,-27.080212465239],[153.158080069117,-27.0807524652581],[153.158215439036,-27.081279435276],[153.158284468952,-27.0818924352878],[153.158222088819,-27.0830004552903],[153.158075068745,-27.0837134652812],[153.158001078727,-27.0839144652753],[153.158285958691,-27.0839620653044],[153.158366438633,-27.0843564053157],[153.158488498557,-27.084855405332],[153.158705488447,-27.0855494153594],[153.158952088301,-27.0865034653918],[153.158967488285,-27.0866204253943],[153.159133488224,-27.0869644054138],[153.159133488215,-27.0870334154144],[153.15928649814,-27.0875033854335],[153.159388518084,-27.0878643954467],[153.15935047805,-27.0881673954453],[153.159484507985,-27.088563405462],[153.159676497931,-27.0888383854835],[153.159816517869,-27.0892114055006],[153.159912507817,-27.0895434055129],[153.160104497738,-27.090013395536],[153.160213487705,-27.0901793955484],[153.160449497664,-27.0903063955732],[153.160750477617,-27.0904323856046],[153.161141497558,-27.0905693756451],[153.161685787457,-27.0909201157028],[153.162238067262,-27.0920014657671],[153.162381437194,-27.092427365785],[153.162496447122,-27.0929023758004],[153.162874447023,-27.0933733658423],[153.163091436953,-27.0937453658671],[153.16307844692,-27.094020365868],[153.163097466875,-27.0943583658726],[153.163167466796,-27.0949263458842],[153.163353506708,-27.0954703559073],[153.163666496581,-27.0962153559448],[153.16386450651,-27.096616355968],[153.164088506405,-27.0972643459957],[153.164376496319,-27.0977003260283],[153.164663456231,-27.0981643460609],[153.16497746614,-27.0986173360962],[153.165316476048,-27.099070326134],[153.165726445959,-27.0994313161783],[153.166173465882,-27.0996663262252],[153.166974455765,-27.0999253263081],[153.167652445681,-27.1000283163774],[153.168625425571,-27.1000862964761],[153.169194055508,-27.1001114565337],[153.16966808546,-27.1000934565814],[153.170673075367,-27.099992466682],[153.171539075257,-27.1001424567706],[153.172133075176,-27.1002864668317],[153.17247905514,-27.1002844468666],[153.172593085121,-27.1003374468786],[153.173540075032,-27.1002554569735],[153.174190064961,-27.1002784570393],[153.174767054896,-27.1003104570978],[153.175382084834,-27.1002874671597],[153.176424044741,-27.1001554672639],[153.176850074714,-27.1000084673057],[153.178015084632,-27.0996874574208],[153.178405044604,-27.0995874574594],[153.179494064524,-27.0993054675671],[153.180729074439,-27.098952447689],[153.181485064383,-27.0987644477639],[153.182198054333,-27.0985634478343],[153.182616054297,-27.098498457876],[153.183369044245,-27.0982814579503],[153.18426005418,-27.0980534580384],[153.18456807415,-27.0980364580694],[153.185570074067,-27.0978584481692],[153.186519103985,-27.0977172082639],[153.187255133914,-27.0976662183379],[153.188399073803,-27.0975844684528],[153.190051063625,-27.0976204486199],[153.191064083517,-27.0976281987223],[153.191755073445,-27.0976221887921],[153.192440063378,-27.097582178861],[153.193068043317,-27.0975421789241],[153.193702013262,-27.0974461789874],[153.194334993204,-27.0973771790508],[153.194936993154,-27.0972741691108],[153.195538983108,-27.0971371791705],[153.196287963051,-27.0969651592448],[153.196857953017,-27.0967591693008],[153.197324962991,-27.0965761593465],[153.197753952984,-27.0962721493875],[153.198182932995,-27.0958251594273],[153.19850293301,-27.0954361594565],[153.198842933029,-27.0950011694874],[153.19910492306,-27.0945371495102],[153.199380063114,-27.0938794595328],[153.199582053185,-27.0931484695474],[153.200138063365,-27.0912614695885],[153.200287053427,-27.0906434495987],[153.200363043472,-27.090220449603],[153.200734063546,-27.0893294496334],[153.200768053565,-27.0891524696354],[153.201107063589,-27.0886794596659],[153.20144107362,-27.0881504696955],[153.20217782365,-27.0873011497632],[153.202767813624,-27.0870091698205],[153.2033128336,-27.0867451498735],[153.203856823593,-27.0863501599253],[153.204470753583,-27.0859151499839],[153.204861783577,-27.0856401700212],[153.205283793561,-27.0854171500621],[153.205827753532,-27.0851871601153],[153.206461753502,-27.084895150177],[153.206833733519,-27.0844541502111],[153.207082733557,-27.0839441602322],[153.207204713602,-27.0834861602409],[153.207402693654,-27.0829071602563],[153.207499743715,-27.0823401502616],[153.207541863767,-27.0818963602624],[153.207563733793,-27.0816701602628],[153.207524713878,-27.0810281502537],[153.207486713987,-27.0801971502433],[153.207365684134,-27.0791371602226],[153.207211684263,-27.0782431801999],[153.207090694395,-27.0772981801802],[153.206949694558,-27.0761231701566],[153.206873694676,-27.0752521801419],[153.206789674745,-27.0747711801296],[153.206636664862,-27.0739741801078],[153.206478074945,-27.0734444700876],[153.206306055063,-27.0726504700639],[153.206025075175,-27.0720014700303],[153.205645655353,-27.0709021799832],[153.205293645515,-27.0699171799398],[153.205129075598,-27.069390469919],[153.205123045629,-27.0691504699164],[153.205028075698,-27.0686874699032],[153.20494606574,-27.0684214598927],[153.204551055912,-27.0673844598446],[153.204498055937,-27.067234459838],[153.204370055992,-27.0669004598224],[153.204290086023,-27.0667244498129],[153.204242046039,-27.0666364698074],[153.204198066056,-27.0665354598021],[153.204153066075,-27.0664224597967],[153.204103056094,-27.0663154497908],[153.204038056122,-27.0661504497829],[153.20402107613,-27.0661024597808],[153.203976076143,-27.0660374597757],[153.203943076154,-27.0659724597719],[153.203921066164,-27.0659144697692],[153.203883076176,-27.0658514597649],[153.203478066348,-27.0648244697158],[153.20319606645,-27.0642504696827],[153.202716056638,-27.0631594696255],[153.202465086718,-27.0627374595968],[153.20244307673,-27.0626564695939],[153.202379056754,-27.0625204595863],[153.202247066806,-27.0622174595706],[153.201920066913,-27.061645459533],[153.201602627018,-27.0610742194964],[153.20122466715,-27.0603412094523],[153.20072563732,-27.0594122193945],[153.200278657465,-27.0586322393431],[153.200113167522,-27.0583163293239],[153.199849637613,-27.0578132192932],[153.199657647682,-27.0574292392708],[153.199472667739,-27.0571312392497],[153.199139677828,-27.0567012292127],[153.198870677903,-27.0563342191826],[153.198551698001,-27.0558192591462],[153.198135708119,-27.0552282590995],[153.197716068232,-27.0546844690528],[153.197521668284,-27.0544312590311],[153.197022678413,-27.0538242489758],[153.196670678515,-27.0533142689362],[153.196388678615,-27.0527522689033],[153.195934688737,-27.0521622688527],[153.19553168883,-27.0517602688088],[153.195052698965,-27.051090268755],[153.194502689108,-27.0504142786941],[153.194060709232,-27.0498002786445],[153.193510719373,-27.0491412885837],[153.193069729504,-27.0484652985338],[153.192557709643,-27.0477943084767],[153.192077729774,-27.0471522984231],[153.191655719886,-27.0466133083762],[153.191259730007,-27.0459833083312],[153.190913710127,-27.0453183182909],[153.190574700234,-27.0447563282522],[153.190223720336,-27.0442353182126],[153.189954710426,-27.0437473181815],[153.18953872055,-27.0431113281345],[153.189148720658,-27.0425783480908],[153.188630710803,-27.0418623380328],[153.188235090948,-27.0410374579863],[153.187946701043,-27.0405263379531],[153.187679081141,-27.0399714479216],[153.187243751265,-27.0393513478727],[153.186827721378,-27.0388013678263],[153.186437761494,-27.0381993577821],[153.186162731596,-27.0376203577498],[153.185868761707,-27.036984367715],[153.185542741816,-27.0363883576773],[153.185183761904,-27.0359923576379],[153.184973741986,-27.0355173576129],[153.184717772075,-27.0350243675831],[153.184467782164,-27.0345253875539],[153.184218742251,-27.0340383675249],[153.183988752322,-27.0336713674988],[153.183732782407,-27.0332073674692],[153.183444762494,-27.0327603774366],[153.183125742588,-27.0322793774005],[153.182965772646,-27.0319463773817],[153.18269676273,-27.031505387351],[153.182422762815,-27.0310633873198],[153.182102762907,-27.0305993872838],[153.181693743026,-27.0299973972377],[153.181482733096,-27.0296133972134],[153.18125176317,-27.0292183971869],[153.180913743272,-27.0286904071486],[153.180522753379,-27.0281634171049],[153.180158733488,-27.0276014070636],[153.179870753589,-27.0270454070301],[153.179679783673,-27.0265354170068],[153.179474763756,-27.0260424269822],[153.17919977385,-27.0255324269503],[153.178950733936,-27.0250514269214],[153.178701764024,-27.0245584368923],[153.1781327642,-27.0236354368275],[153.177927784275,-27.0232114468034],[153.177627754376,-27.0226604467688],[153.177326734478,-27.0221054467339],[153.177122744564,-27.0215894467092],[153.177026744607,-27.0213254466974],[153.176905744642,-27.0211534566839],[153.176687774706,-27.0208214566592],[153.176527754766,-27.0204824566403],[153.176342734838,-27.0200644666183],[153.176055774957,-27.0193594765837],[153.175863785034,-27.0189014665607],[153.175499765166,-27.018156476518],[153.175256755265,-27.0175774564889],[153.174975775375,-27.0169354964554],[153.174738745468,-27.0163904864271],[153.174527775561,-27.0158294864014],[153.174131785699,-27.0150664963553],[153.17394673578,-27.0145734863327],[153.173632755885,-27.0140064962965],[153.173428755961,-27.0135655162724],[153.173064786085,-27.0128885062303],[153.172808766173,-27.0124015162005],[153.172738066204,-27.0122174561919],[153.172406756335,-27.0114504961524],[153.172220756408,-27.0110255161302],[153.171965766506,-27.0104585261],[153.171690736595,-27.0099775260684],[153.171479766679,-27.0094845260432],[153.171198756788,-27.0088595160098],[153.171019756863,-27.0084125259882],[153.170770756964,-27.0078165459583],[153.17057876704,-27.0073695459354],[153.170310747146,-27.0067505359034],[153.170016777244,-27.0062175358695],[153.169850737321,-27.005747545849],[153.169633747405,-27.0052545358231],[153.169422737491,-27.0047495557978],[153.169204757566,-27.0043375657725],[153.168981747658,-27.0037875557456],[153.168777747739,-27.0033175657213],[153.16859177782,-27.0028245556986],[153.168361757904,-27.0023485556716],[153.16808778801,-27.0017355556391],[153.167940768082,-27.0012875756207],[153.167742758175,-27.0007095855961],[153.167359758355,-26.9996025855486],[153.167128748455,-26.9989955755204],[153.166926758549,-26.9984155854955],[153.166928328568,-26.9982685654944],[153.166825328618,-26.9979515654815],[153.166665308681,-26.9975845854624],[153.166446308747,-26.9972485854377],[153.166278298805,-26.9969275954182],[153.166119308867,-26.9965615853992],[153.165764309041,-26.9954725853547],[153.16553129913,-26.9949646153271],[153.165354309198,-26.9945705953061],[153.165121329297,-26.9939785952779],[153.16488432939,-26.9934356052497],[153.164677299476,-26.9929236052247],[153.164517289544,-26.9925186152053],[153.164430269592,-26.992205615194],[153.164271279642,-26.9919386251759],[153.164069289713,-26.9915446251524],[153.163883249792,-26.9910746351298],[153.163684289881,-26.9905286251054],[153.163443279982,-26.9899246250763],[153.163257270054,-26.9895086250542],[153.163025280137,-26.9890426550271],[153.162860300209,-26.9886066450069],[153.162654250283,-26.9881906549828],[153.162464270371,-26.9876476449593],[153.162282280445,-26.9872156449375],[153.162050250534,-26.98670066491],[153.16182125063,-26.9861236648823],[153.161584260724,-26.985573664854],[153.161390220803,-26.9851076648307],[153.161238240886,-26.9845796548112],[153.161027230968,-26.9841026847861],[153.160858241044,-26.9836356747653],[153.160693261129,-26.9830936847444],[153.16052926122,-26.9825126847232],[153.160287191326,-26.9818666846936],[153.160032241449,-26.9811026946618],[153.159889231525,-26.9806166946435],[153.15981419159,-26.9801657046324],[153.159603181676,-26.979657694607],[153.159447181753,-26.9791726945874],[153.159235191854,-26.978545694561],[153.159048241968,-26.9777927245362],[153.158863182037,-26.9773987145143],[153.158669192115,-26.9769367144911],[153.158560202188,-26.9764477244762],[153.158383172264,-26.9759967044547],[153.158150192369,-26.9753547444261],[153.157959152476,-26.9746627344013],[153.15778716255,-26.9742117343804],[153.157596192648,-26.9735967443562],[153.157410152746,-26.9729657443324],[153.157270142854,-26.9722247643124],[153.157067132942,-26.9716967542877],[153.156897153047,-26.9710047642651],[153.156792173154,-26.9702367542483],[153.156627123239,-26.9697017542274],[153.156411113344,-26.9690407642004],[153.156246103433,-26.9684707841792],[153.15621109347,-26.9682107841736],[153.156159123507,-26.9679547741663],[153.156119113546,-26.9676797741601],[153.1560241436,-26.9673277741477],[153.155928153645,-26.9670487741358],[153.155863103689,-26.9667547741269],[153.155751123739,-26.9664487641131],[153.155728123774,-26.9661887641087],[153.15562414385,-26.9656727840941],[153.155558113896,-26.965358784085],[153.155450073944,-26.9650727940718],[153.155317103993,-26.9647897940561],[153.155213074038,-26.9645147940435],[153.155109094095,-26.9641517840301],[153.155035064132,-26.9639147840207],[153.154927064183,-26.9636007840073],[153.15478909424,-26.9632607939907],[153.154634074316,-26.9627838039713],[153.154522094367,-26.9624778139575],[153.154439054416,-26.9621528039465],[153.154369084465,-26.9618238039369],[153.154308094506,-26.9615488239285],[153.154166034564,-26.9612008139114],[153.154032084637,-26.9607348238942],[153.153966054681,-26.9604368238852],[153.15387206472,-26.9602038338738],[153.153785054767,-26.9599018238626],[153.153593064884,-26.9591328338371],[153.153468084944,-26.9587588338216],[153.153385045005,-26.9583458238099],[153.153320075045,-26.9580778338012],[153.153212075102,-26.9577148437874],[153.153082025162,-26.9573438437713],[153.152983005218,-26.9569848537585],[153.152878025284,-26.9565458437444],[153.15280002533,-26.9562438537341],[153.152675015392,-26.9558538537184],[153.15252802546,-26.9554328537002],[153.15243301551,-26.9551198636882],[153.15235403556,-26.9547878636775],[153.152267015613,-26.9544318736659],[153.152164055652,-26.9542098736538],[153.15209502569,-26.9539658736449],[153.152037975727,-26.9537208636372],[153.151993995774,-26.95338386363],[153.151898985821,-26.9530898636181],[153.151828985872,-26.9527348636082],[153.151694985936,-26.9523368935915],[153.151592025981,-26.952069883579],[153.151478986046,-26.9516418835642],[153.151366966096,-26.9513358735505],[153.151241006156,-26.9509688935348],[153.151162966211,-26.950593873524],[153.151097996246,-26.9503728735157],[153.151018936298,-26.9500248935049],[153.150898966345,-26.9497459134906],[153.150726936401,-26.9494409034708],[153.150634956463,-26.9490279134582],[153.150569946507,-26.9487299134493],[153.150474946556,-26.9484159134372],[153.150391976612,-26.9480408934259],[153.150313976655,-26.9477618934158],[153.150188966706,-26.9474609034008],[153.150063986768,-26.9470739033851],[153.149984966815,-26.9467648933747],[153.14992397686,-26.946454913366],[153.149819986919,-26.9460729033525],[153.149715956986,-26.9456299233385],[153.149632957033,-26.9453239133277],[153.149554957079,-26.9450219233174],[153.149399947148,-26.9445979132984],[153.149274937197,-26.9443149232835],[153.14919692724,-26.9440359232734],[153.1490759373,-26.9436579132582],[153.148950917356,-26.9433209132429],[153.148791927413,-26.9429999232243],[153.14871293746,-26.9426909232139],[153.148656947506,-26.9423699232057],[153.148534927571,-26.9419529131901],[153.148366917645,-26.9415019431695],[153.148232927718,-26.9410359431523],[153.148115947779,-26.9406419331374],[153.148079957822,-26.9403359431313],[153.148018927867,-26.9400259331227],[153.147880927926,-26.9396709431059],[153.147729927987,-26.9393119530878],[153.147591958067,-26.9387879330697],[153.147512898114,-26.9384819430593],[153.147391898175,-26.938092943044],[153.147236918249,-26.9376339430247],[153.147105078307,-26.9372854630087],[153.14692589839,-26.9367699529865],[153.146786878463,-26.9363039629687],[153.146678868523,-26.9359179529548],[153.146575138587,-26.9354899029409],[153.14643154867,-26.9349503529221],[153.146327558719,-26.9346453629092],[153.146249558767,-26.9343313628988],[153.14618356882,-26.9339643528892],[153.146153558849,-26.9337583628846],[153.146028548895,-26.9334983628699],[153.145916568947,-26.933173372856],[153.145820539002,-26.9328173728435],[153.145738519047,-26.9325233728329],[153.145651539092,-26.9322373628218],[153.145539529149,-26.9318773728077],[153.145483529181,-26.9316713728004],[153.145392539232,-26.9313423727886],[153.145318519271,-26.9310903627791],[153.145248509329,-26.9306883727689],[153.145192519364,-26.9304553727613],[153.145101529411,-26.9301573727498],[153.145019549454,-26.9298783727393],[153.144936509511,-26.9294963627279],[153.144862519548,-26.9292593827185],[153.144793499594,-26.9289533727091],[153.144766489627,-26.9287163927045],[153.144688529671,-26.9284293926944],[153.144606509711,-26.9281813826841],[153.144460509761,-26.9279023926672],[153.144390499804,-26.9276153926578],[153.144291519837,-26.9274323926464],[153.144256509872,-26.9271833826409],[153.144161499925,-26.9268433926286],[153.144074489981,-26.9264693926168],[153.143987510028,-26.9261673826056],[153.143970570037,-26.9261108326035],[153.143872170073,-26.9259064825919],[153.143772120131,-26.9255284725788],[153.143654040213,-26.9249704725625],[153.14356400026,-26.924672492551],[153.143498120302,-26.9243894425421],[153.143377160361,-26.924025472527],[153.143299050408,-26.9237124525167],[153.143191040462,-26.923368482503],[153.142889000595,-26.9225664924662],[153.14279794064,-26.9222794824547],[153.142716210677,-26.9220544824447],[153.142552040771,-26.9214384324232],[153.14249433081,-26.9211780824153],[153.14243670084,-26.920985422408],[153.142387170863,-26.9208424324018],[153.142325960895,-26.920639492394],[153.142314460903,-26.9205849023924],[153.14227413094,-26.9203304323863],[153.142208970977,-26.9200854523778],[153.142041221031,-26.9197914123586],[153.141955191075,-26.9195164623477],[153.141812981127,-26.919218492331],[153.14172225118,-26.9188704423191],[153.141635161225,-26.918583442308],[153.141540111265,-26.9183504322966],[153.141461961314,-26.9180254422861],[153.141405101351,-26.9177774822784],[153.141215001458,-26.9170774622536],[153.141101961526,-26.9166304522387],[153.141006921577,-26.9163054622265],[153.140882021628,-26.9160034122115],[153.14082117166,-26.9157974822037],[153.140752041704,-26.9155064221944],[153.14068221175,-26.9151974521849],[153.140608051797,-26.9148795021749],[153.140552271831,-26.9146614221675],[153.140430911883,-26.9143444421528],[153.140362181922,-26.9140884721438],[153.14025812198,-26.9137144421303],[153.140187932018,-26.9134694621213],[153.140132122049,-26.9132704821141],[153.139943162126,-26.9128124520914],[153.139895242161,-26.9125754920847],[153.139815892211,-26.912241252074],[153.139762962241,-26.9120512720672],[153.139691132282,-26.9117834820578],[153.139582072353,-26.911309462043],[153.139500712399,-26.9110091320324],[153.13945545244,-26.9107174420255],[153.139322412502,-26.910331462009],[153.139235432542,-26.9100874619983],[153.139161402584,-26.9098154519887],[153.13912242262,-26.9095634619827],[153.139005402672,-26.9092424719684],[153.138910392713,-26.9089934619568],[153.138841412756,-26.9087114719476],[153.138759432788,-26.9085194519378],[153.138656432834,-26.9082404619252],[153.138642412866,-26.9079954619218],[153.138607442902,-26.9077394619163],[153.138481412966,-26.9073344619004],[153.138416443009,-26.9070474618915],[153.138372383042,-26.9068224718853],[153.138333403075,-26.9065924618795],[153.138277383113,-26.9063334618718],[153.138216383154,-26.9060574618634],[153.138133383201,-26.9057484718526],[153.138043413245,-26.9054724718413],[153.137969393291,-26.9051704718315],[153.137848393354,-26.9047694918161],[153.137670383443,-26.9042044817936],[153.137562383505,-26.9038024717795],[153.137483393563,-26.9034054817684],[153.137328413633,-26.9029734917493],[153.137250373677,-26.9026904717392],[153.137194383721,-26.9023844817311],[153.137132413773,-26.902021481722],[153.137041383833,-26.9016234917096],[153.137002393859,-26.9014444817043],[153.136941403896,-26.9012034816962],[153.13683738395,-26.900859471683],[153.136704374006,-26.9005224816669],[153.136587354067,-26.900132481652],[153.136513374123,-26.8997504916415],[153.136469354172,-26.8993915016342],[153.136352374214,-26.8991545016205],[153.136232354265,-26.898852501606],[153.136133374309,-26.8985844915939],[153.136059384349,-26.8983215015843],[153.135985364393,-26.8980345115746],[153.135954334441,-26.8976745015686],[153.135884364492,-26.8973315115588],[153.135802354534,-26.8970635015484],[153.135733364575,-26.8967914915392],[153.135659384629,-26.8964245115289],[153.135598354666,-26.8961764915207],[153.135529364703,-26.8959435115119],[153.135412344753,-26.8956375014977],[153.135428374792,-26.8953195014968],[153.135419354822,-26.895086491494],[153.135340374862,-26.894830511484],[153.135258354918,-26.8944555114727],[153.135180354949,-26.8942725114634],[153.135086364982,-26.8940855114524],[153.135064355007,-26.8939015114488],[153.135062315043,-26.8936185214463],[153.134980335087,-26.8933355214358],[153.134881315135,-26.8930335114234],[153.134823345207,-26.8925065214133],[153.134758305261,-26.8921355214038],[153.1346593553,-26.891905511392],[153.134521315352,-26.8916075113757],[153.1344433454,-26.8912905213653],[153.134416335435,-26.8910305213605],[153.134364325475,-26.8907515213531],[153.134281325528,-26.8904035113419],[153.134233325572,-26.8900865313346],[153.134147335618,-26.8897915313235],[153.134112325646,-26.8895965413185],[153.13407633569,-26.8892835413123],[153.13398534574,-26.8889545413005],[153.13389431579,-26.8886295312888],[153.133791345833,-26.8883775412764],[153.133679325882,-26.8880795412627],[153.133618305929,-26.887754541254],[153.133535335977,-26.8874375412431],[153.13346529604,-26.8869935412325],[153.133331306117,-26.886496541215],[153.133206286171,-26.8861645411998],[153.133072296227,-26.8858355311836],[153.132938996293,-26.8854144911668],[153.132658206449,-26.8844014511305],[153.13259626651,-26.8839694411208],[153.132314816686,-26.8828038610831],[153.132200316755,-26.8823455610679],[153.132135306805,-26.8819975610586],[153.132134286841,-26.8817105510562],[153.132065296886,-26.8814155510469],[153.131986276938,-26.8810645510361],[153.131929306995,-26.8806555710271],[153.13188528704,-26.8803305810201],[153.13184527708,-26.8800475710138],[153.131802247121,-26.8797565810071],[153.131770267176,-26.8793475810007],[153.13172625721,-26.8791065809943],[153.131670257252,-26.8788235709864],[153.131562257311,-26.8784375709724],[153.131492287372,-26.878012570962],[153.131461267402,-26.8777945809571],[153.131391297456,-26.8774245809471],[153.131351287501,-26.8770995709405],[153.131311287559,-26.876666580933],[153.131297267589,-26.8764445809298],[153.131283287626,-26.8761615709262],[153.131165247719,-26.8755155709091],[153.131036257778,-26.8751486008932],[153.130984277808,-26.8749575908864],[153.130940227851,-26.8746476008795],[153.130904237921,-26.8741166008717],[153.130881237957,-26.8738485908672],[153.130799267998,-26.8735966008569],[153.130792768002,-26.873564150856],[153.130701228033,-26.8733934508454],[153.130688268078,-26.8730504608414],[153.13068691808,-26.8730342708411],[153.130620628128,-26.8727023108318],[153.13059321814,-26.8726304308284],[153.130529128174,-26.8724094908202],[153.130519968202,-26.8721982708176],[153.130513248207,-26.8721645908167],[153.130492228254,-26.8718036008117],[153.130489228286,-26.8715515908094],[153.130503248319,-26.8712755908086],[153.130543248371,-26.870830590809],[153.130548258405,-26.8705515908073],[153.130512228444,-26.8702705908015],[153.130508208502,-26.8698145907974],[153.130523218531,-26.869569590797],[153.130533218565,-26.8692905907957],[153.130507228594,-26.8690796207915],[153.130464198623,-26.8688816107855],[153.130429188656,-26.8686486107801],[153.130445218676,-26.8684746107804],[153.130470178699,-26.8682746107813],[153.130477188723,-26.8680716107804],[153.130468208748,-26.867882610778],[153.130463208773,-26.8676906007759],[153.130473208827,-26.8672466007734],[153.130482188867,-26.8669226107717],[153.130519198908,-26.8665676107726],[153.13052916892,-26.8664616107728],[153.130523178991,-26.8658966007677],[153.130545189023,-26.8656256107677],[153.130539199096,-26.8650456007625],[153.130539199137,-26.8647176107599],[153.130520189174,-26.8644396207557],[153.130501169209,-26.8641796207517],[153.130522159248,-26.8638476207512],[153.130545189294,-26.8634596107504],[153.13055518933,-26.8631616207491],[153.130558149375,-26.8628006107465],[153.130528139447,-26.8622546207391],[153.130536139486,-26.8619376007374],[153.130497149542,-26.8615206107301],[153.130463169606,-26.8610426307229],[153.130500149647,-26.8606806407237],[153.130515149679,-26.8604126307231],[153.130521139711,-26.8601526307216],[153.130490149762,-26.8597696207154],[153.130415139811,-26.8594396207052],[153.130339149859,-26.859120620695],[153.130194099929,-26.8586836406769],[153.13011211997,-26.8584286306666],[153.130080100004,-26.8581846406615],[153.130052110044,-26.8578876406563],[153.130023130087,-26.8575646306508],[153.129981120131,-26.8572526206441],[153.129944110174,-26.8569406206378],[153.129893120224,-26.8565766306298],[153.129885120267,-26.8562446306263],[153.129859130311,-26.8559136306211],[153.129798110372,-26.8554786406115],[153.129721090447,-26.8549406405994],[153.129651120491,-26.85464864059],[153.12958812052,-26.8544696505822],[153.129570090546,-26.8542816505789],[153.12956411058,-26.8540146405762],[153.129532090616,-26.8537516505709],[153.129479100658,-26.8534626405632],[153.129425080698,-26.8531846405556],[153.129375110784,-26.8525376405454],[153.129374090815,-26.8522966405433],[153.129370070852,-26.8520026405406],[153.129364090882,-26.8517656505381],[153.129348100924,-26.8514456405339],[153.129336090962,-26.8511486405303],[153.129366060999,-26.8508356405309],[153.129339081031,-26.8506026505263],[153.129294081069,-26.8503316405196],[153.129252071116,-26.8499896505126],[153.12921911116,-26.8496706405067],[153.129181041204,-26.8493476705003],[153.129181041249,-26.8489926704975],[153.129169031306,-26.8485416604927],[153.129131071335,-26.8483466704873],[153.129092051366,-26.8481326604817],[153.129044051401,-26.8478926604749],[153.129043071423,-26.8477116704734],[153.129020041481,-26.8472716704675],[153.129001061578,-26.8465146704596],[153.12894503163,-26.846146670451],[153.128879071672,-26.8458616704421],[153.128861011703,-26.8456326604384],[153.128861011744,-26.8453006604358],[153.128865021784,-26.8449846604337],[153.12886199182,-26.8446986704311],[153.128888021857,-26.8443816704312],[153.128887031883,-26.8441706604294],[153.128895021905,-26.8439896604288],[153.128893021938,-26.8437296604265],[153.128859031981,-26.8434106604205],[153.128879042006,-26.8431986704208],[153.128920032028,-26.8429836704232],[153.128987992059,-26.8426846704277],[153.129035992086,-26.8424276704305],[153.129125962131,-26.8419926604361],[153.129151002152,-26.8418076604371],[153.129155012173,-26.8416346604361],[153.12913501223,-26.8411936604306],[153.129138992253,-26.8410056704295],[153.129164982288,-26.8407106604298],[153.129176002335,-26.8403226604278],[153.129186992363,-26.840085660427],[153.129264952428,-26.8395036704302],[153.129324962456,-26.8392316604341],[153.129348942481,-26.8390156604348],[153.129384962507,-26.8387746604365],[153.12940894253,-26.8385706604373],[153.12943194256,-26.8383106604375],[153.129472972583,-26.83809867044],[153.129575972622,-26.8376976604472],[153.129607942645,-26.8374856704487],[153.129659922672,-26.8372286704519],[153.1296749227,-26.8369946604515],[153.129719922726,-26.8367486704541],[153.12977690275,-26.8365066704579],[153.129827932779,-26.8362346604609],[153.129908922807,-26.8359466704667],[153.129973892836,-26.835654670471],[153.130040902868,-26.8353486404753],[153.130072922894,-26.8351146504766],[153.130099892923,-26.8348616504773],[153.130092882958,-26.8345866504744],[153.130114892995,-26.8342736404741],[153.130174903024,-26.8339936504779],[153.130258883058,-26.8336496404837],[153.130335903081,-26.8333996504894],[153.130425873105,-26.8331336604964],[153.130529863143,-26.8327436405037],[153.130586873184,-26.8323696405065],[153.130646883216,-26.8320636505101],[153.130704843253,-26.8317196505132],[153.130751853288,-26.8314016505154],[153.130867853345,-26.8308536405227],[153.131021843398,-26.8303006405338],[153.131090833445,-26.8298626505373],[153.131094373446,-26.8298559605376],[153.131095063446,-26.8298514405376],[153.131166823456,-26.8297176505438],[153.131257123476,-26.829477780551],[153.13130782349,-26.8293266505549],[153.131348813512,-26.8291186405573],[153.131384833535,-26.8288996505592],[153.131443203556,-26.8286874805634],[153.131515183567,-26.8285394205695],[153.131585803601,-26.828209640574],[153.131651833624,-26.8279676405787],[153.131780793677,-26.8274416505875],[153.1318137837,-26.8272296405891],[153.131856783727,-26.8269766505914],[153.13186879375,-26.8267846405911],[153.131914823771,-26.8265796405941],[153.131961793801,-26.8263006405966],[153.132017783831,-26.8260126506],[153.132037783852,-26.8258276506005],[153.132033773876,-26.8256436505986],[153.132094803898,-26.8254126406029],[153.132153783912,-26.8252566506076],[153.132178783929,-26.8250976406089],[153.13217079395,-26.8249326406068],[153.132185753978,-26.8246986506064],[153.132293764014,-26.8243236406143],[153.13230679403,-26.8241836506145],[153.132324754046,-26.8240446406152],[153.132337744062,-26.8239006406153],[153.132362784082,-26.8237196506164],[153.132382784103,-26.823538650617],[153.132421764117,-26.8233906506197],[153.132445744139,-26.8232016506206],[153.132504764154,-26.8230276406252],[153.132509144155,-26.8230164906256],[153.132600944169,-26.8228334306334],[153.132692014184,-26.822636420641],[153.132650984203,-26.8225124906358],[153.13267073423,-26.822282650636],[153.132717234248,-26.8221044406393],[153.13281910425,-26.8220004906487],[153.132960944261,-26.8217944706613],[153.133039744277,-26.8216006506677],[153.133256154326,-26.821034420685],[153.133266234362,-26.8207334606836],[153.133257804372,-26.8206622006822],[153.133219074429,-26.820241430675],[153.133265134446,-26.8200634106782],[153.133323094465,-26.8198664906825],[153.13330222451,-26.8195234106776],[153.133298274532,-26.8193544906759],[153.133311964565,-26.819075490675],[153.133316274604,-26.8187624706729],[153.133602104651,-26.8181444606968],[153.133388104843,-26.8167954606645],[153.133409094862,-26.8166254606652],[153.133336094905,-26.8163414506556],[153.13326911494,-26.816112450647],[153.133319124966,-26.8158634406501],[153.133559105046,-26.8150284506676],[153.133589115081,-26.8147264506682],[153.133480125126,-26.8144574406551],[153.133215095194,-26.8141294606258],[153.133008105279,-26.8136234506009],[153.132929115359,-26.8130534405883],[153.132960105408,-26.8126324605881],[153.133042125447,-26.8122564405934],[153.132971095475,-26.8120874505849],[153.132902105522,-26.8117734405754],[153.132747095601,-26.8112674505557],[153.132494115716,-26.8105594605246],[153.132164115818,-26.810020460487],[153.131968105873,-26.809740440465],[153.131819115906,-26.8096004504489],[153.131230115974,-26.8095474503891],[153.130984105998,-26.8095604603644],[153.130768096008,-26.8096584503434],[153.130728095999,-26.8097694503403],[153.130771095963,-26.8100154503466],[153.130679115937,-26.8103044503396],[153.130698095929,-26.8103514403419],[153.130772115917,-26.8103834503496],[153.1308621259,-26.8104444403592],[153.130852125888,-26.810548450359],[153.13085909588,-26.8106124603602],[153.130871105869,-26.810686460362],[153.130793105872,-26.8107254603545],[153.1305941059,-26.810672450334],[153.130531105902,-26.8107044603279],[153.130472125896,-26.8108044503228],[153.130491095881,-26.8109064403255],[153.13050011585,-26.8111464403283],[153.130434085835,-26.811318460323],[153.130512085807,-26.8114784403322],[153.130406095812,-26.8115294503219],[153.130311115828,-26.8114824603119],[153.13022610583,-26.8115374603038],[153.13013212582,-26.8116884602955],[153.13007711581,-26.811815460291],[153.130151105775,-26.8120334403002],[153.130102125762,-26.8121784502964],[153.129950095767,-26.8122694502818],[153.129922105754,-26.81239545028],[153.129976125732,-26.8125264502865],[153.130024115726,-26.8125334402914],[153.129986125724,-26.812582450288],[153.129906115735,-26.8125604502798],[153.129882095732,-26.8125994502776],[153.129925095718,-26.8126794502826],[153.130076095679,-26.8128644502993],[153.130164095659,-26.8129534503089],[153.130268125647,-26.8129644603194],[153.130315095634,-26.8130294503247],[153.130323095616,-26.8131614403266],[153.130188115608,-26.8133354603144],[153.1302051256,-26.8133864403165],[153.130363095581,-26.8134124503326],[153.130456095564,-26.8134704503424],[153.130501105541,-26.8136164503481],[153.13059811552,-26.8137014603586],[153.130740105499,-26.8137484503733],[153.13095111547,-26.813807450395],[153.131285125418,-26.8139454604298],[153.131415095387,-26.814087440444],[153.13136812537,-26.8142574604406],[153.131212125376,-26.8143384504256],[153.131051115388,-26.8143814504097],[153.130002115543,-26.814015440301],[153.129884695532,-26.8142026602907],[153.12982968552,-26.8143426702863],[153.129769135508,-26.8144859902813],[153.129704015491,-26.8146774502763],[153.12968423547,-26.8148624802758],[153.129719165437,-26.8150944202811],[153.129761285413,-26.8152524602866],[153.129819975384,-26.815431470294],[153.129908155353,-26.8156114703043],[153.130121975291,-26.8159304303284],[153.130278925242,-26.8161874703463],[153.130382255204,-26.8164074403584],[153.130416095174,-26.8166174903635],[153.130443105146,-26.8168164903678],[153.130521255122,-26.8169434703767],[153.130691155075,-26.8171814403958],[153.130856025031,-26.8173924904141],[153.130937024996,-26.817609470424],[153.13096005498,-26.8177144104271],[153.130944214959,-26.817895480427],[153.13091902494,-26.8180684804258],[153.130982024914,-26.8182224504334],[153.131006154897,-26.8183424204368],[153.130956074879,-26.8185244104332],[153.130913984862,-26.8186944204303],[153.130926944838,-26.818874430433],[153.130944214814,-26.8190514604362],[153.130885194799,-26.8192224504316],[153.130859244783,-26.8193734704302],[153.130893114758,-26.819546440435],[153.130931254731,-26.8197264504403],[153.130966184701,-26.8199404704455],[153.130971954668,-26.8201964404481],[153.131061964631,-26.820420440459],[153.131110214596,-26.8206604804658],[153.131154124562,-26.820889430472],[153.131331224478,-26.821413410494],[153.131409004435,-26.8216935005041],[153.131505104387,-26.8220004905163],[153.131549014354,-26.8222254805225],[153.131574934326,-26.8224244705267],[153.131576024276,-26.82282847053],[153.131559084241,-26.8231184605306],[153.131524194207,-26.8234204205295],[153.131480984176,-26.8237034705274],[153.131374074135,-26.82412044052],[153.131254204096,-26.8245334305112],[153.13111079407,-26.8248596404993],[153.130973994046,-26.825162780488],[153.13086577402,-26.8254636504795],[153.130715423988,-26.8258386204673],[153.130613013951,-26.8262264204601],[153.130416093887,-26.8269004304456],[153.130346993861,-26.8271654804408],[153.13027315384,-26.8273934604352],[153.130177163822,-26.8276110204272],[153.129971483762,-26.8282655704117],[153.129916043731,-26.8285564404085],[153.129851983699,-26.8288704404045],[153.129662983619,-26.8296614703918],[153.129529073586,-26.8300374803813],[153.129373173565,-26.830337460368],[153.129237103546,-26.8306044803564],[153.12911793352,-26.8309079003468],[153.129038033496,-26.8311654603408],[153.129015003465,-26.8314294203406],[153.12899303343,-26.8317274203408],[153.128958103398,-26.8320114503395],[153.128919223364,-26.832316460338],[153.128860173331,-26.8326304703346],[153.128791073308,-26.8328694203295],[153.128662193253,-26.8334184303209],[153.128590213199,-26.8339134103176],[153.128495933177,-26.8341636603101],[153.128446293169,-26.834272500306],[153.128406223155,-26.8344134703031],[153.128368043136,-26.8345994903007],[153.128377093113,-26.834772480303],[153.128382093089,-26.834964430305],[153.128348983067,-26.8351644203033],[153.128303983047,-26.8353574703003],[153.128236973032,-26.835539670295],[153.12813995302,-26.8357106702866],[153.128027383008,-26.8359050702768],[153.128036142988,-26.8360524602789],[153.12805596297,-26.8361804402819],[153.128228102889,-26.8366834503032],[153.128293102822,-26.8371694503137],[153.128308102761,-26.837643460319],[153.128024102751,-26.8379594602929],[153.127644102729,-26.8384504502585],[153.127387102709,-26.8388204502355],[153.127193102702,-26.8390434402178],[153.126874092685,-26.8394414501888],[153.126884092625,-26.8399134401936],[153.127121092528,-26.8404904602221],[153.127514082434,-26.8409174602651],[153.127822112366,-26.8412024502984],[153.127989092315,-26.8414674403173],[153.128061112266,-26.8417994403273],[153.127919092244,-26.8420924503153],[153.127672092232,-26.8423974602928],[153.127420102207,-26.8428054602707],[153.127357102167,-26.8431794502673],[153.127243112162,-26.8433124502569],[153.126927092174,-26.8434744502263],[153.126750102167,-26.8436824502102],[153.126539092144,-26.8440404401918],[153.126321042154,-26.8441396801706],[153.126157052151,-26.8443046801554],[153.126041232137,-26.8445074201453],[153.125984152111,-26.8447684201416],[153.125920052088,-26.8450064601371],[153.125795082068,-26.8452686801266],[153.125650102064,-26.8454204501132],[153.125306092074,-26.8456284500802],[153.12498810207,-26.8459174500505],[153.124861122026,-26.8463784500413],[153.125083071954,-26.8467714500668],[153.125216261925,-26.8468884400812],[153.125391211894,-26.8469904200996],[153.125522281874,-26.8470414601133],[153.125677071859,-26.8470344301288],[153.125960021843,-26.8469234601564],[153.126116971841,-26.8468144601714],[153.126235051847,-26.8466685001821],[153.126425141843,-26.8465404202002],[153.126647971835,-26.8464154202217],[153.126807081825,-26.8463674502373],[153.126959031805,-26.8463984902529],[153.127070241782,-26.8464864202648],[153.127199161751,-26.8466264602789],[153.127338121716,-26.8467934102943],[153.127430241689,-26.8469344303047],[153.127508021663,-26.8470724103136],[153.127567041638,-26.8472294503208],[153.127641941612,-26.8473754403295],[153.127775171566,-26.8476284203449],[153.127991171492,-26.84804244037],[153.127972081436,-26.8485034603718],[153.127806081407,-26.848873460358],[153.127485101406,-26.8491494603279],[153.127171091415,-26.8493374502977],[153.127045091368,-26.8498124402888],[153.127304281177,-26.8511254803254],[153.127301001153,-26.8513214903266],[153.127340271121,-26.8515394703323],[153.127446081084,-26.8517514303447],[153.127556281047,-26.8519564403574],[153.127704211009,-26.8521304203737],[153.127909090967,-26.8522964603957],[153.128116040919,-26.8525064304182],[153.128306100744,-26.8537524404473],[153.128416110629,-26.854579450465],[153.128675110406,-26.8561434605036],[153.128735990341,-26.8566074505134],[153.128905170132,-26.8581404405427],[153.128757090095,-26.8585574505311],[153.128670110037,-26.8590874505266],[153.128416110049,-26.8592044505019],[153.127580110123,-26.8593114504185],[153.127135100155,-26.8594214503746],[153.126863110137,-26.8597984503502],[153.126795110108,-26.8600834603456],[153.126930080021,-26.8606654503638],[153.127132109975,-26.8608674503858],[153.127316109921,-26.8611454504066],[153.127267709837,-26.8618571104074],[153.127221099828,-26.8619674004035],[153.127200219811,-26.8621154604026],[153.127222189781,-26.8623364104066],[153.127244089719,-26.8628174404126],[153.127361109572,-26.863888440433],[153.127069109449,-26.8651124404133],[153.127044109421,-26.8653574604128],[153.127090099358,-26.8658274504211],[153.127002099348,-26.8659754504135],[153.127442139169,-26.8670444904663],[153.127519189131,-26.867283440476],[153.127601969085,-26.8675754904867],[153.127625119023,-26.8680544604928],[153.127740088933,-26.8686744505094],[153.127669098884,-26.8691294605058],[153.12763708883,-26.8695814505062],[153.127542118784,-26.8700284505002],[153.127484118754,-26.8703204504967],[153.127533098713,-26.8706054405039],[153.127539088657,-26.871043450508],[153.12731310864,-26.8713694604878],[153.127338118601,-26.8716604404927],[153.12776111852,-26.8719534505376],[153.128454098451,-26.8719274506073],[153.12894509836,-26.8722454506593],[153.129070108323,-26.8724394606734],[153.129180958296,-26.8725644606856],[153.12933608826,-26.8727234907025],[153.129479018222,-26.8729014207183],[153.12956796819,-26.8730844807287],[153.129630238165,-26.8732334207362],[153.129646078147,-26.8733614407388],[153.129954108048,-26.8739004607742],[153.129536108048,-26.8742434507348],[153.129041098029,-26.8748104606894],[153.128763108033,-26.8750044506629],[153.128469108034,-26.8752484406353],[153.127868098039,-26.8757054505783],[153.127577118054,-26.87582546055],[153.127195108087,-26.8758804605119],[153.126851098106,-26.8760204504784],[153.126433098123,-26.8762304404379],[153.126029368135,-26.8764726103992],[153.125770368139,-26.8766566103746],[153.125557348138,-26.8768406103546],[153.125268378137,-26.8770866003274],[153.124987368156,-26.8771676102997],[153.124706358183,-26.8771876102716],[153.12447238819,-26.8773296002491],[153.12432875818,-26.8775237202362],[153.12430510815,-26.8777864402359],[153.124108088106,-26.8782994502202],[153.123923098057,-26.8788454502059],[153.123861088041,-26.8790254602011],[153.123868097953,-26.8797224502073],[153.123803997882,-26.8803434402058],[153.123707167856,-26.8806304501984],[153.123553097813,-26.8811044501866],[153.123159447819,-26.8813816201492],[153.122994467827,-26.8814586201332],[153.122789447834,-26.8815696201134],[153.122623477841,-26.8816506100973],[153.122487487845,-26.8817316000843],[153.122399987837,-26.8818688200766],[153.1214584779,-26.882151629984],[153.120827497963,-26.8821756199206],[153.120597477982,-26.8822116198977],[153.120362488009,-26.8821966398739],[153.120064508031,-26.8822666198444],[153.119732538058,-26.8823286298115],[153.119446518084,-26.8823556297829],[153.118961508126,-26.8824266497346],[153.118548508151,-26.8825726496942],[153.118250088179,-26.8825974596643],[153.117898088201,-26.8827174496298],[153.117497568205,-26.8830166495918],[153.117233088197,-26.8832974395674],[153.11702908817,-26.88368745955],[153.11681709816,-26.8839394495307],[153.116691098151,-26.8841174495194],[153.116562108141,-26.8843064495079],[153.116169588141,-26.884634639471],[153.115948578138,-26.8848376394504],[153.11538509815,-26.8852134493966],[153.115212088112,-26.8856594493827],[153.115142118057,-26.8861584493796],[153.115046078036,-26.886410449372],[153.114381087991,-26.8873224493123],[153.113665108016,-26.8877174392433],[153.107345098127,-26.8920944486418],[153.100754108346,-26.8958474480082],[153.095880118567,-26.8981404475359],[153.09018111888,-26.9003944569804],[153.088199088989,-26.9011794467872],[153.083686089325,-26.9022654463418],[153.079936109452,-26.9043774459814],[153.077712099364,-26.9069434557782],[153.077460389045,-26.9097028557749],[153.07731683903,-26.9099401157623],[153.077245409015,-26.9101168657566],[153.077228979014,-26.9101372057551],[153.077228978963,-26.9105484157584],[153.077222118936,-26.9107674757594],[153.077174998901,-26.9110884157572],[153.07711308888,-26.9113074757528],[153.077041078857,-26.9115524557475],[153.077012978815,-26.9119114657475],[153.076984178777,-26.9122414057472],[153.076939168742,-26.9125544257452],[153.076841968705,-26.9129294657384],[153.076452108701,-26.9132894557021],[153.076207088646,-26.9139314356826],[153.076099088549,-26.9148004356786],[153.075950088435,-26.9158354456719],[153.075778178314,-26.9169494956635],[153.07566513827,-26.9173904756556],[153.07563202823,-26.9177414756551],[153.075565088189,-26.9181204656514],[153.075485158157,-26.9184424056459],[153.075355178118,-26.9188634256362],[153.075257978077,-26.9192774256297],[153.075200018037,-26.9196404856268],[153.075210087989,-26.9200154256308],[153.075206117959,-26.9202564456323],[153.075327077914,-26.9205204156466],[153.075520047842,-26.9209334356693],[153.075714077762,-26.9214064556926],[153.075877167713,-26.921666475711],[153.076103977648,-26.9219914657364],[153.076263077592,-26.922308445755],[153.076418237541,-26.9225834857728],[153.076542087503,-26.9227854457868],[153.076688267469,-26.9229344858027],[153.076949277396,-26.9233014158319],[153.07721098733,-26.9236144358607],[153.077425167262,-26.9239734458851],[153.077721107191,-26.9242974559175],[153.078059167106,-26.9246904859546],[153.078299227051,-26.9249274559806],[153.07865025697,-26.9252864660188],[153.078954116907,-26.9255374660513],[153.079287106839,-26.9257964860869],[153.079481396804,-26.9259129261074],[153.080475656635,-26.9264381462116],[153.080578076619,-26.9264784162222],[153.080966136564,-26.9265964062622],[153.081393116501,-26.9267364563062],[153.08192302641,-26.9270214863618],[153.082290946339,-26.9272844664009],[153.08261601627,-26.9275634664358],[153.08292527619,-26.92794443647],[153.083126096095,-26.9285364464949],[153.083305095981,-26.9292934565189],[153.083759085777,-26.9305494565746],[153.083884095724,-26.9308634565897],[153.084473975553,-26.931736486656],[153.084493065511,-26.9320534666604],[153.084648225454,-26.9323824166787],[153.08478502541,-26.9326224566944],[153.084900945359,-26.9329284467085],[153.08503019531,-26.9332154567237],[153.085168055253,-26.9335554867403],[153.085259155206,-26.9338534567519],[153.085285075176,-26.9340714467562],[153.085260945144,-26.934346486756],[153.085232145092,-26.9347834367566],[153.085183165053,-26.9351394667545],[153.085039175021,-26.9355104467429],[153.084911464997,-26.9358088167325],[153.084793494981,-26.9360388067224],[153.084602524972,-26.9362688067051],[153.084334504974,-26.9364768166797],[153.084015494986,-26.936645816649],[153.083755505001,-26.9367418066236],[153.083495515021,-26.936803806598],[153.08330348503,-26.9368918065793],[153.083151795002,-26.9372380765668],[153.083109924973,-26.9375054865648],[153.083116064946,-26.937715466567],[153.083129014935,-26.937795456569],[153.083206074924,-26.937822466577],[153.083321264918,-26.9377724265881],[153.083508104897,-26.9377864666071],[153.083786014847,-26.9379504566363],[153.083892924815,-26.9381184666484],[153.084180944735,-26.9385114066805],[153.084365274678,-26.9388134567015],[153.084450944647,-26.9389934667115],[153.084503134618,-26.9391804767183],[153.084470024597,-26.9393724567165],[153.084466054597,-26.9393806367161],[153.084465504596,-26.9393838167161],[153.084031084624,-26.9395254466735],[153.083342104701,-26.9394834566039],[153.083311084669,-26.939769446603],[153.083597094612,-26.9399874466335],[153.084396954483,-26.9403474267169],[153.084666214423,-26.940603466746],[153.084896974381,-26.9407444167703],[153.085148964339,-26.9408703967967],[153.08529909431,-26.9409724668126],[153.085517254278,-26.9410484268352],[153.086062084167,-26.9414774368934],[153.087066094062,-26.9414784369944],[153.087681223998,-26.9414754770563],[153.088052023943,-26.9416004870946],[153.088325963904,-26.9416874371229],[153.088629093851,-26.9418513971547],[153.088873173812,-26.9419654371801],[153.089544223697,-26.9423194172505],[153.089846993635,-26.9425594372828],[153.090109063573,-26.9428344773114],[153.090309913525,-26.9430514573333],[153.090464023482,-26.9432654873506],[153.090628163416,-26.9436554673702],[153.090736163372,-26.9439194273832],[153.090767153328,-26.9442404573888],[153.09087117327,-26.9446194474023],[153.090923013223,-26.9449554274102],[153.090860013196,-26.945223437406],[153.090749483176,-26.9454757573969],[153.090605493163,-26.9456987573842],[153.090452373157,-26.9458704173701],[153.090424053131,-26.9461004773691],[153.090417923065,-26.9466324873727],[153.090466173015,-26.9469954573805],[153.090527022975,-26.9472594173887],[153.089787092938,-26.9481744373216],[153.089704092932,-26.9482894573141],[153.088882112903,-26.9492104372388],[153.088425092919,-26.9494624471948],[153.087857082969,-26.9495414471383],[153.087612602897,-26.9503237671199],[153.087404592886,-26.950584767101],[153.087268002869,-26.9508315570893],[153.087218992842,-26.9510864870864],[153.087199172811,-26.9513504670865],[153.087092592794,-26.9515797770776],[153.087040102764,-26.9518634570746],[153.086980092757,-26.9519664470693],[153.086901112754,-26.9520554470621],[153.086877092742,-26.9521724370606],[153.086761092725,-26.9524024470508],[153.086668092705,-26.9526424470433],[153.086602102668,-26.9529904570395],[153.086793102597,-26.9533974570619],[153.086863072552,-26.9537034470714],[153.086850082501,-26.9541164570734],[153.086793102461,-26.9544884570706],[153.086755112444,-26.9546544570681],[153.086653092444,-26.9547354470585],[153.086380112459,-26.9548454470319],[153.086023102464,-26.9551074469981],[153.085577112449,-26.9555964569571],[153.085196082433,-26.9560464469224],[153.084829082419,-26.9564664568888],[153.084542082408,-26.9567864468625],[153.084028082388,-26.9573784468155],[153.083853102369,-26.9576764468002],[153.083628082341,-26.9580914367809],[153.083330092334,-26.9583974467534],[153.082882092357,-26.9585814467098],[153.082467092389,-26.9586754466688],[153.081490092452,-26.958989446573],[153.080781082485,-26.9593214465043],[153.079655092519,-26.9599904463964],[153.079320092509,-26.9603504363656],[153.079261072465,-26.9607494463628],[153.079374082381,-26.9613274463788],[153.079629102269,-26.9620114464099],[153.079683092207,-26.9624554464188],[153.079763092139,-26.9629314464307],[153.07997008206,-26.9633914464552],[153.080011071999,-26.9638434464629],[153.080112111953,-26.9641274564753],[153.080169081908,-26.9644404564836],[153.080160101858,-26.9648414464858],[153.080187081768,-26.9655424464941],[153.080174081692,-26.9661544464977],[153.080127111604,-26.966903456499],[153.079928071484,-26.9680244364879],[153.079848101352,-26.9691484464888],[153.079869091284,-26.969669446495],[153.079714071258,-26.9700064364821],[153.079414081209,-26.9706514464571],[153.079141101053,-26.9721244464414],[153.07888910098,-26.9729194464224],[153.078862090948,-26.9731974464218],[153.07895608089,-26.9735764364343],[153.078794090871,-26.9738644464203],[153.078640100836,-26.9742774464081],[153.078193080788,-26.9750334463692],[153.077848080726,-26.9758164363407],[153.077568090705,-26.9762154463157],[153.077509070698,-26.9763234463107],[153.07737807065,-26.9768134363014],[153.077245110605,-26.9772834462918],[153.07717510058,-26.9775414562868],[153.077054100542,-26.9779484462778],[153.076990080508,-26.978275436274],[153.076952080474,-26.9785794462726],[153.076978110442,-26.9788094462771],[153.077030080395,-26.9791414462849],[153.077062090357,-26.9794164462903],[153.077261090305,-26.9796624363123],[153.077415080262,-26.9798834363296],[153.077774100162,-26.9803784463696],[153.077909080113,-26.9806534463854],[153.079344069807,-26.9818954465396],[153.079676079752,-26.9820564465743],[153.080220069658,-26.9823534466314],[153.080726069553,-26.9827714366856],[153.081117099448,-26.9832754567289],[153.081451069354,-26.9837514367663],[153.08172609927,-26.9841864467974],[153.082131099138,-26.9849024568439],[153.082541069015,-26.9855444368902],[153.082842088944,-26.985858436923],[153.083220078856,-26.9862424469641],[153.083688088772,-26.9865174470134],[153.084334098686,-26.9866704470796],[153.085090088585,-26.986836447157],[153.085704088507,-26.9869444472196],[153.086248088436,-26.9870584472752],[153.086600088379,-26.9872184473119],[153.087042108303,-26.9874584473583],[153.087561098219,-26.9876924374124],[153.08809209814,-26.9878754374673],[153.088598098076,-26.9879664475189],[153.089072088004,-26.988143447568],[153.08953308794,-26.9882684576154],[153.090064087869,-26.9883884476698],[153.090576067788,-26.9886114477231],[153.091414077589,-26.9894934478144],[153.092934077255,-26.9908874479785],[153.093124207154,-26.9915342980028],[153.09312522712,-26.991805308005],[153.093318207064,-26.9920843080267],[153.093566217002,-26.9923743080539],[153.093751206951,-26.9926232980745],[153.093854206918,-26.9928023080863],[153.094004186878,-26.9929932981029],[153.094368196794,-26.9933593081425],[153.094599206748,-26.9935382881672],[153.094736196714,-26.9936952881822],[153.095783086184,-26.9970394583142],[153.096350075966,-26.9983054483813],[153.096698795879,-26.9987080084196],[153.096861805831,-26.998958018438],[153.096954775797,-26.9991480084489],[153.097084825758,-26.9993490184636],[153.09718479572,-26.9995670184754],[153.097227795689,-26.9997810084814],[153.097232795664,-26.9999730184835],[153.097224795641,-27.0001650084842],[153.097288815597,-27.000463008493],[153.097386785466,-27.0014260085105],[153.097276815458,-27.0015800185007],[153.097161795447,-27.0017690184906],[153.097129785422,-27.0019890184892],[153.097152825395,-27.002186008493],[153.097178775358,-27.0024630084979],[153.097197785322,-27.0027330185019],[153.09720578528,-27.0030600185053],[153.097296815218,-27.0034760085178],[153.097354775173,-27.0037849985261],[153.09736579515,-27.0039599885286],[153.097339805122,-27.004208998528],[153.097313825098,-27.0044239885271],[153.097350835062,-27.0046769985328],[153.097414815017,-27.0049810085417],[153.097484824975,-27.0052559885509],[153.097559794937,-27.0054969885604],[153.097602824906,-27.0057109985664],[153.097688824874,-27.0058899985765],[153.097789814833,-27.0061359985886],[153.097881834801,-27.0063089885993],[153.097937824767,-27.0065389986067],[153.097974834734,-27.0067649986122],[153.098013814689,-27.0070910086188],[153.098069844652,-27.0073439886264],[153.098163794615,-27.0075619986376],[153.098148834498,-27.0085049986436],[153.098108824481,-27.0086749886409],[153.098138834452,-27.0088779986456],[153.098149814425,-27.0090859886483],[153.098175804385,-27.0093850086533],[153.098225844349,-27.0096269986603],[153.098229824325,-27.0098129986622],[153.098215814302,-27.0100099886623],[153.098207814279,-27.0102029986631],[153.098225844246,-27.0104449986668],[153.098258804206,-27.0107379986725],[153.098344834172,-27.0109389886827],[153.098400824141,-27.01114098869],[153.098497844081,-27.0115349787029],[153.09856182404,-27.0118099887115],[153.098637823997,-27.0120899787214],[153.098715823938,-27.0124899687324],[153.09875082392,-27.0126069787369],[153.098823823889,-27.0127919787457],[153.098880833852,-27.0130399787534],[153.098923803818,-27.0132759787596],[153.098998803782,-27.0134999787689],[153.09908082374,-27.0137639687793],[153.099171083658,-27.014343448793],[153.099491083592,-27.0146024488273],[153.100046103496,-27.0149054388855],[153.100858813353,-27.015359968971],[153.100863813327,-27.0155629689731],[153.100943823293,-27.0157699689828],[153.101061823259,-27.015942958996],[153.101243813211,-27.0161709490162],[153.101392843172,-27.0163539590326],[153.101644833114,-27.01660895906],[153.102367102976,-27.0171044491367],[153.10539780247,-27.0185959194537],[153.105846752383,-27.0189199195015],[153.106128782331,-27.0190949195313],[153.106590772237,-27.0194589195807],[153.106721762199,-27.0196539295954],[153.106858752161,-27.0198429296107],[153.107000772128,-27.0199869296262],[153.107236782086,-27.020122909651],[153.107423732049,-27.0202608996709],[153.107621752009,-27.0204149096921],[153.107789751973,-27.0205589097102],[153.107925751941,-27.020702899725],[153.107947731918,-27.0208599097285],[153.107951741902,-27.0209899097299],[153.108048761873,-27.0211349097408],[153.108145781854,-27.0212059097512],[153.10836773182,-27.0212918997742],[153.108640751782,-27.0213658998023],[153.108813731752,-27.0214588998204],[153.109056741707,-27.0216179098462],[153.109285741672,-27.0217028798699],[153.109576721632,-27.0217768798998],[153.109882741583,-27.0219118899317],[153.110422721505,-27.0220818899874],[153.110886711438,-27.0222308900353],[153.111261711382,-27.0223588900741],[153.111667701324,-27.022486870116],[153.111947691281,-27.0225938801451],[153.112119681252,-27.0226748701631],[153.112315681232,-27.0226718701828],[153.112454671215,-27.0226918701969],[153.112645681184,-27.0227778802168],[153.112955671114,-27.0230768702504],[153.113022691083,-27.0232728602588],[153.113171681047,-27.023433870275],[153.113421710998,-27.0236088603016],[153.113638660965,-27.0236948703242],[153.113931650918,-27.0238248503547],[153.114160680879,-27.0239388503787],[153.114365670842,-27.0240648504003],[153.114551640807,-27.02418486042],[153.114813670759,-27.0243498604477],[153.115177650698,-27.0245288504858],[153.115432670655,-27.0246648605126],[153.115706640609,-27.0247948605412],[153.115924660569,-27.0249318305642],[153.116085620535,-27.0250748405816],[153.116294620475,-27.025375830605],[153.116424630439,-27.0255538406196],[153.116548620406,-27.0257098306333],[153.116670610377,-27.0258368306466],[153.116866610325,-27.0260868206683],[153.117034070279,-27.026313450687],[153.117245630243,-27.0264238407092],[153.117473640213,-27.0264708307325],[153.117693660197,-27.0264148307542],[153.117964680167,-27.0264268207816],[153.118169660126,-27.0265868108036],[153.118344680084,-27.0267748208227],[153.118455600055,-27.0269078208349],[153.118648650013,-27.0270798108557],[153.118876629984,-27.0271258208791],[153.119233639947,-27.027120810915],[153.119358609918,-27.0272458109286],[153.119481619886,-27.0273958109422],[153.119695619834,-27.0276348109656],[153.119836649804,-27.0277507909808],[153.12002261977,-27.0278658010004],[153.120240639728,-27.0280247910236],[153.120415619687,-27.0282018010427],[153.120577639644,-27.0284078010606],[153.120897629554,-27.0288587910965],[153.121196639476,-27.0292307911295],[153.12157258938,-27.029674771171],[153.121736619327,-27.0299597811898],[153.121946609265,-27.0302767812134],[153.12210358922,-27.0305057712311],[153.122247589176,-27.0307337812474],[153.122404609129,-27.0309787812652],[153.122537619079,-27.0312647712808],[153.122754609011,-27.0316267813056],[153.122853598975,-27.0318277813172],[153.123031568918,-27.0321347713375],[153.123247578853,-27.032469751362],[153.123397588809,-27.0326977613789],[153.123612608751,-27.0329817614028],[153.123763578703,-27.0332377614201],[153.123924618667,-27.0333877614375],[153.124130588624,-27.0335527614596],[153.124310598587,-27.0337017614789],[153.124466608548,-27.033878771496],[153.124673598499,-27.0341007715186],[153.124847588461,-27.0342557615374],[153.125053598416,-27.0344427415596],[153.125615588322,-27.0347147416184],[153.126062598262,-27.0348227516643],[153.126438548215,-27.0348817417027],[153.126860568157,-27.0349907517461],[153.127097558118,-27.0351057417709],[153.12741656807,-27.0352207218039],[153.127813578008,-27.0353757318452],[153.128120577956,-27.0355367218774],[153.128561577876,-27.0358007119239],[153.129137547792,-27.0359897319835],[153.129885537693,-27.0361567120602],[153.130436537626,-27.0362256921163],[153.130864537585,-27.0361917121592],[153.131268527565,-27.0360147021985],[153.131654507538,-27.0359087022365],[153.132016517494,-27.0359577022734],[153.132215477465,-27.036021692294],[153.132355497443,-27.0360786923085],[153.132560517397,-27.0362676923307],[153.132368527374,-27.0366116823141],[153.132240517367,-27.0367776823025],[153.132105507353,-27.0370006822907],[153.131983487315,-27.0374076822816],[153.131912527276,-27.0377746822774],[153.131809527216,-27.0383356922715],[153.131790507151,-27.0388686822738],[153.131898517047,-27.0396076822905],[153.131911067023,-27.0397894422933],[153.132067066848,-27.041053452319],[153.132165076797,-27.0413724523315],[153.132398086676,-27.0421434623611],[153.132522076617,-27.0425054423765],[153.132551056584,-27.0427494423813],[153.132810066438,-27.0436924424149],[153.133002086321,-27.0444614524404],[153.133098086274,-27.0447584524525],[153.13323408619,-27.0453134524706],[153.133310076147,-27.0455914524804],[153.133500056065,-27.0460794425035],[153.133825095944,-27.0467694525417],[153.133808085884,-27.047267462544],[153.133825095857,-27.0474684625473],[153.133842065841,-27.0475794625499],[153.133747085826,-27.0477754525419],[153.133861075778,-27.0480634625557],[153.13449168537,-27.0507778726408],[153.134550605308,-27.0512256426503],[153.134428615306,-27.0513396426389],[153.13444161528,-27.0515346526418],[153.134549575231,-27.0518386226551],[153.134735585181,-27.0520796226758],[153.135016595118,-27.0523426427062],[153.135428064951,-27.0533334627555]]]]},"properties":{"name":"Brisbane","source":"ABS ASGS Edition 3 (2021): Significant Urban Area 2021 SUA 3002 \"Brisbane\", exactly: the union of its 235 whole SA2s (SUAs are built from whole SA2s), full-resolution SA2_2021 boundaries (official area 6462.4 km2). Membership from ABS's SUA_2021 file; boundaries via github.com/HughParsonage/ASGS (inst/extdata/SA2_2021.qs); CC BY 4.0"}}]}