{"type":"FeatureCollection","features":[{"type":"Feature","properties":null,"geometry":{"type":"MultiPolygon","coordinates":[[[[35.6132097891555,33.258141592878964],[35.61478808519603,33.26308169754673],[35.61479652528181,33.26332795654074],[35.613462991728845,33.26870088004647],[35.61343767147151,33.26876057919653],[35.611850935345196,33.27291713251971],[35.611850935345196,33.272939519700984],[35.611859375430974,33.27294698209474],[35.61326886975594,33.27459617111525],[35.61330263009906,33.27463348308404],[35.61410443824799,33.27529763612849],[35.61412131841955,33.275312560916014],[35.61413819859111,33.275312560916014],[35.61672930492503,33.27533494809729],[35.61675462518237,33.27533494809729],[35.61677150535392,33.275312560916014],[35.61752267298819,33.273558898382895],[35.617531113073966,33.27353651120162],[35.617531113073966,33.273521586414105],[35.61721882990017,33.27158882643079],[35.61765771436064,33.27099929732392],[35.61980149614831,33.27042469300455],[35.61982681640565,33.270417230610796],[35.61983525649143,33.27040230582328],[35.62250232359735,33.264357766879336],[35.62251076368313,33.26433537969807],[35.62250232359735,33.264320454910546],[35.62149795338974,33.26234292056469],[35.62164143484797,33.261745929064055],[35.622856807200044,33.260731043512976],[35.622873687371595,33.2607086563317],[35.622873687371595,33.26070119393794],[35.622873687371595,33.26069373154419],[35.622704885656034,33.26003704089349],[35.622704885656034,33.260029578499726],[35.62274708608492,33.26004450328724],[35.62297496840094,33.26016390158737],[35.623228170974286,33.26049970930648],[35.62320285071695,33.26059672042533],[35.62297496840094,33.2608504418131],[35.62267112531292,33.261119087988384],[35.62219004042356,33.26161160597641],[35.621692075362645,33.262148898326984],[35.621784916306204,33.26242500689603],[35.62196215810754,33.2626787282838],[35.6223672822249,33.2632458702094],[35.62247700334002,33.263387655690806],[35.622485443425795,33.26344735484087],[35.62256984428358,33.264081658310296],[35.6226036046267,33.264402541241886],[35.62257828436936,33.264693574598446],[35.62251920376891,33.264932371198704],[35.62188619733554,33.26623082771258],[35.621540153818636,33.266857668788255],[35.621092829272385,33.2676486825266],[35.62083962669904,33.26817851248341],[35.62056954395413,33.26894713904048],[35.62034166163812,33.2695814425099],[35.62025726078034,33.269753077566335],[35.62012221940789,33.27003664852914],[35.6200378185501,33.270245595554364],[35.620012498292766,33.27042469300455],[35.62006313880744,33.27059632806099],[35.62018974009411,33.27080527508621],[35.620392302152794,33.27103660929271],[35.62067082498347,33.27129779307423],[35.62098310815727,33.271514202493215],[35.62125319090217,33.27167091276213],[35.6215148335613,33.27185001021232],[35.62164143484797,33.27198433329996],[35.62175959604887,33.272133581175126],[35.62184399690665,33.27232760341283],[35.621936837850214,33.272536550438055],[35.62238416239646,33.272700723100726],[35.62264580505558,33.27280519661334],[35.622637364969805,33.27301414363856],[35.6226036046267,33.273148466726205],[35.622544524026246,33.27328278981385],[35.62247700334002,33.27341711290149],[35.62237572231068,33.27358128556417],[35.62229976153868,33.27370814625805],[35.62220692059512,33.27382754455818],[35.62211407965155,33.27391709328327],[35.621869317163984,33.27411857791474],[35.62152327364708,33.274417073665056],[35.621303831416846,33.27462602069028],[35.62107594910083,33.27473049420289],[35.620848066784816,33.274827505321745],[35.620628624554584,33.27491705404684],[35.62050202326791,33.27496929080315],[35.62043450258168,33.27501406516569],[35.620383862067015,33.27510361389079],[35.62036698189546,33.275185700222124],[35.620383862067015,33.275275248947224],[35.620400742238566,33.2753498728848],[35.620561103868354,33.2755812070913],[35.62083962669904,33.27598417635423],[35.62104218875772,33.27648415673601],[35.62125319090217,33.276909513180215],[35.62128695124529,33.27699906190531],[35.621303831416846,33.27710353541792],[35.62128695124529,33.27729009526187],[35.621244750816395,33.277558741437154],[35.62119411030172,33.27791693633754],[35.6211265896155,33.278133345756515],[35.62111814952972,33.27816319533155],[35.62111814952972,33.27820050730034],[35.62113502970128,33.27823781926913],[35.621151909872836,33.278260206450405],[35.62127007107373,33.27835721756926],[35.62144731287507,33.27860347656327],[35.62189463742132,33.278379604750526],[35.622249121024005,33.27837214235677],[35.622628924884026,33.27835721756926],[35.622932767972046,33.27831990560047],[35.62321973088851,33.27829005602543],[35.62359953474853,33.27824528166288],[35.62386961749343,33.278207969694094],[35.62407217955211,33.27816319533155],[35.62426630152501,33.27812588336276],[35.62429162178235,33.27802140985015],[35.62431694203968,33.27790947394378],[35.62435070238279,33.27777515085614],[35.62438446272591,33.277640827768494],[35.62441822306902,33.277528891862126],[35.62449418384102,33.27738710638072],[35.6245785846988,33.27726770808059],[35.6246967458997,33.277110997811675],[35.62484866744371,33.27696174993652],[35.62497526873038,33.27684235163639],[35.62514407044595,33.27668564136747],[35.625312872161516,33.276499081523525],[35.6254732337913,33.27631252167958],[35.62558295490642,33.2761483490169],[35.62567579584998,33.27596178917295],[35.62576019670776,33.275767766935246],[35.62581083722243,33.27557374469754],[35.62581083722243,33.27536479767232],[35.625793957050874,33.27509615149703],[35.625557634649084,33.27414842748977],[35.62576019670776,33.2740364915834],[35.62595431868066,33.27393948046455],[35.62812342072567,33.27476034377792],[35.63415808205713,33.27708861063041],[35.63520465269363,33.27734233201817],[35.63614150221501,33.277409493562],[35.63728091379508,33.277640827768494],[35.63765227756932,33.2780661842127],[35.63814180254446,33.27835721756926],[35.63842876546092,33.27848407826314],[35.63880856932094,33.27871541246964],[35.641205553681964,33.27983477153333],[35.64143343599798,33.279976557014734],[35.6416191178851,33.28017057925244],[35.64294421135229,33.28048399979027],[35.64480947030928,33.27965567408314],[35.65454088921161,33.275931939597925],[35.65817856618204,33.274543934358945],[35.65844864892694,33.27422305142735],[35.65879469244385,33.27397679243334],[35.65995098419547,33.274745418990406],[35.66091315397419,33.27575284214773],[35.661909084096024,33.277767688462376],[35.661909084096024,33.27777515085614],[35.661360478520436,33.2807451835718],[35.661360478520436,33.28077503314683],[35.661368918606215,33.280789957934346],[35.6645592710304,33.286886733634596],[35.66457615120195,33.28690165842211],[35.66459303137351,33.286916583209624],[35.67234103011795,33.29345364014159],[35.67236635037528,33.29346856492911],[35.672383230546835,33.29347602732287],[35.67396152658737,33.29414018036732],[35.67416408864605,33.294274503454965],[35.67570018425769,33.29578190699407],[35.67571706442925,33.29579683178159],[35.67573394460081,33.29580429417535],[35.67783552595959,33.295961004444266],[35.677852406131144,33.295961004444266],[35.67880613582409,33.29605055316936],[35.678831456081426,33.29605055316936],[35.678839896167204,33.296043090775605],[35.68027471074951,33.294647623142865],[35.68066295469531,33.29446852569267],[35.68511931998622,33.29384168461701],[35.68513620015778,33.293834222223246],[35.68514464024356,33.293834222223246],[35.6857101259907,33.29404316924847],[35.68975292707849,33.2956177343314],[35.693238682504905,33.29648337200732],[35.69423461262674,33.296774405363884],[35.692403114012855,33.29714752505178],[35.69237779375552,33.29715498744554],[35.69237779375552,33.29716244983929],[35.69236091358397,33.29716991223305],[35.6918798286946,33.29752064473968],[35.69176166749371,33.297595268677256],[35.69133966320479,33.2977818285212],[35.69127214251857,33.29780421570248],[35.690858578315435,33.29793853879012],[35.690470334369635,33.297960925971395],[35.69027621239674,33.297916151608845],[35.690158051195844,33.297878839640056],[35.689406883561574,33.297587806283495],[35.68938156330424,33.29758034388974],[35.68938156330424,33.297587806283495],[35.69003988999494,33.299013123491264],[35.69004833008072,33.29903551067254],[35.69132278303324,33.30224433998846],[35.69133122311902,33.30226672716974],[35.69236935366975,33.304296498271896],[35.691871388608824,33.30505020004145],[35.68883295772866,33.3054307821231],[35.68882451764288,33.3054307821231],[35.68580296693426,33.30587852574858],[35.68576920659115,33.30588598814234],[35.68576076650537,33.3058934505361],[35.68495051827066,33.306587453155586],[35.6849336380991,33.3066023779431],[35.6849336380991,33.30660984033686],[35.6849336380991,33.30661730273062],[35.684781716555094,33.30754263955661],[35.68474795621198,33.307647113069216],[35.68465511526842,33.30787844727571],[35.68464667518264,33.30790083445699],[35.68465511526842,33.3079157592445],[35.68482391698399,33.308050082332144],[35.68495051827066,33.308669461014055],[35.684857677327095,33.30884109607049],[35.68456227432486,33.3090873550645],[35.684309071751514,33.309199290970874],[35.68429219157996,33.30920675336463],[35.684300631665735,33.30921421575839],[35.68553288418936,33.309527636296224],[35.68559196478981,33.30954256108374],[35.68619965096584,33.30975897050272],[35.68642753328185,33.30989329359036],[35.68680733714187,33.31023656370323],[35.68682421731343,33.31025148849074],[35.686849537570765,33.3102589508845],[35.68943220381891,33.31055744663482],[35.689465964162025,33.31055744663482],[35.68948284433358,33.310549984241064],[35.69041969385497,33.3104007363659],[35.6904450141123,33.310393273972146],[35.69046189428386,33.310385811578385],[35.690942979173215,33.3098335944403],[35.69095985934477,33.309811207259024],[35.691457824405695,33.30931122687724],[35.692014870067055,33.309117204639534],[35.694926699660556,33.30935600123979],[35.69496890008944,33.30935600123979],[35.696707557759765,33.30914705421456],[35.6967328780171,33.30913959182081],[35.6967328780171,33.30913212942705],[35.69660627673043,33.30718444465622],[35.69660627673043,33.307154595081194],[35.69622647287041,33.30505766243521],[35.69621803278463,33.30502035046642],[35.69542466472147,33.30342339820221],[35.6953740242068,33.3032666879333],[35.69515458197657,33.30136377752502],[35.69515458197657,33.3012443792249],[35.695635666865925,33.298125098634074],[35.695880429353494,33.300080245798654],[35.696952320247334,33.301580186944],[35.698159252513626,33.30235627589483],[35.69939994512303,33.30285625627661],[35.70176316914094,33.303729356346295],[35.70354402724015,33.30369950677126],[35.70483536036423,33.304012927309095],[35.70699602232346,33.305318846216736],[35.70805947313152,33.30713220789992],[35.70983189114495,33.31078131844756],[35.710405816977875,33.313661802438126],[35.710431137235204,33.31449012814526],[35.71045645749254,33.31598260689685],[35.71092066221035,33.31816908826793],[35.71138486692815,33.31929590972538],[35.71119074495525,33.31999737473863],[35.71119074495525,33.32001229952614],[35.71070121998011,33.322452502284996],[35.710557738521885,33.32271368606652],[35.70921576488314,33.324041992155436],[35.70919888471158,33.32405691694295],[35.70919888471158,33.324079304124226],[35.709257965312034,33.32615384958894],[35.709257965312034,33.32617623677021],[35.709266405397805,33.32618369916397],[35.71220355524864,33.329474614811225],[35.71223731559176,33.32950446438626],[35.71398441334785,33.330907394412755],[35.71400129351941,33.33092231920027],[35.714026613776745,33.33092978159403],[35.71884590275613,33.33110141665046],[35.718896543270795,33.33110141665046],[35.72760671179395,33.33005668152435],[35.72769111265174,33.330049219130586],[35.73111778747771,33.33000444476804],[35.73176767408263,33.330496962756065],[35.73262856283202,33.338019055664084],[35.73247664128801,33.33841456253325],[35.7294128901505,33.341451756792736],[35.72939600997894,33.34147414397401],[35.72939600997894,33.34148906876153],[35.72939600997894,33.346563496516936],[35.72937068972161,33.34670528199834],[35.72725222819127,33.35320502696151],[35.72723534801971,33.35324980132406],[35.7246780020289,33.3592421035117],[35.724669561943124,33.35925702829921],[35.722964664615915,33.3638911748229],[35.72295622453014,33.36391356200417],[35.722973104701694,33.36392848679169],[35.724188477053765,33.36556275102468],[35.724205357225316,33.3655776758122],[35.72422223739687,33.3655776758122],[35.72987709486831,33.3653463416057],[35.72991085521142,33.36533887921194],[35.72992773538297,33.36533141681819],[35.734265939473,33.3622046738336],[35.734282819644555,33.36218974904609],[35.734291259730334,33.36218228665233],[35.734291259730334,33.362174824258574],[35.73741409146829,33.35597357504572],[35.73754069275496,33.35580940238304],[35.74155817358541,33.352242378166736],[35.74157505375697,33.35222745337922],[35.74157505375697,33.35221252859171],[35.740427202091126,33.347541070099226],[35.74048628269157,33.347175412805086],[35.74371883554464,33.34204874829337],[35.743988918289546,33.341824876480636],[35.74790511809066,33.34005628916],[35.748605645210255,33.34010852591631],[35.7538638186501,33.343571076619995],[35.75399041993678,33.34368301252637],[35.75804166111034,33.34847386931897],[35.7580585412819,33.34849625650025],[35.758066981367676,33.34849625650025],[35.758075421453455,33.348503718894],[35.763097272491514,33.349921573708016],[35.76312259274885,33.34992903610177],[35.76313103283463,33.34992903610177],[35.76313947292041,33.349921573708016],[35.768937811850066,33.34728734871146],[35.76895469202162,33.34727242392394],[35.76897157219318,33.347264961530186],[35.77512439472552,33.340914464442164],[35.77514127489708,33.3408920772609],[35.77514127489708,33.340884614867136],[35.774634869750386,33.33508633491721],[35.776162525276256,33.33444456905402],[35.77708249462608,33.33469829044179],[35.778508869122604,33.33529528194243],[35.77857638980883,33.33532513151746],[35.778711431181286,33.33539975545504],[35.78015468584937,33.33623554355593],[35.781960864205914,33.33742206416345],[35.78384300333446,33.3386906711023],[35.78569982220568,33.339862266922296],[35.78738783936133,33.34072044220446],[35.78946410046278,33.34184726366191],[35.791726043451355,33.343294968050955],[35.793447820950114,33.34438447753961],[35.79448595150084,33.34520534085299],[35.794815114846195,33.34550383660331],[35.795591602737794,33.34634708709795],[35.79679009491831,33.34796642654343],[35.79833463061573,33.34945144290126],[35.80005640811449,33.35048871563362],[35.802124229130165,33.35194388241642],[35.80378692602848,33.35310801584266],[35.805213300525004,33.35390649197476],[35.806977278452656,33.35444378432533],[35.80923922144123,33.35486167837578],[35.81086815799643,33.35512286215731],[35.81237893335074,33.355428820301384],[35.81357742553126,33.35616013488966],[35.814531155224195,33.35701084777807],[35.81455647548153,33.357033234959346],[35.81463243625353,33.35711532129068],[35.815535525431805,33.362950913209396],[35.81540048405935,33.36335388247233],[35.813526785016585,33.36537619118074],[35.81350146475925,33.365406040755765],[35.81163620580225,33.36881635470315],[35.8116193256307,33.368838741884424],[35.81162776571648,33.36885366667194],[35.81548488491714,33.37912938287664],[35.815510205174476,33.379226393995495],[35.81610945126473,33.383427721681215],[35.81608413100739,33.38365905588771],[35.8151894819149,33.38597986034644],[35.8151894819149,33.38600224752771],[35.8151894819149,33.38600970992147],[35.8151894819149,33.38601717231523],[35.81703786070034,33.38877825800567],[35.817063180957675,33.38881556997446],[35.824161293097184,33.396315275701205],[35.8241950534403,33.396345125276234],[35.84492390411169,33.41078485719787],[35.84510958599881,33.4109938042231],[35.84597891483397,33.412732541968694],[35.84599579500553,33.41275492914997],[35.84600423509131,33.41275492914997],[35.847953894906084,33.413434006981944],[35.8479876552492,33.4134414693757],[35.84799609533498,33.4134414693757],[35.84877258322658,33.413314608681816],[35.8489160646848,33.413307146288055],[35.85214861753788,33.413389232619394],[35.852486220969006,33.413478781344494],[35.85944929173606,33.41729952694856],[35.85948305207918,33.417314451736075],[35.859499932250735,33.417321914129836],[35.861660594209965,33.41783681929913],[35.86170279463886,33.417844281692894],[35.862580563559796,33.41794129281175],[35.862943487248266,33.41815770223073],[35.86337393162295,33.41844873558729],[35.86438674191634,33.41894871596907],[35.865678075040414,33.4194934707134],[35.86683436679204,33.41982181603875],[35.86777121631342,33.42007553742652],[35.86946767355485,33.42064267935213],[35.87156925491364,33.42134414436537],[35.87361175567197,33.421978447834796],[35.874979049568054,33.42226948119136],[35.877198792127736,33.423366453073776],[35.88208560179334,33.425776806257595],[35.88347821594675,33.426478271270845],[35.8839677409219,33.427202123465364],[35.88401838143656,33.42729913458422],[35.884364424953475,33.42816477226014],[35.88437286503925,33.428187159441414],[35.88438130512503,33.428187159441414],[35.884389745210804,33.428187159441414],[35.88504807190151,33.42832894492282],[35.885073392158844,33.42833640731657],[35.8850902723304,33.42833640731657],[35.88641536579759,33.428157309866386],[35.886466006312254,33.428149847472625],[35.886617927856264,33.42809761071632],[35.887453496348314,33.42853042955428],[35.88965635873644,33.42963486383046],[35.89219682455569,33.43089600837555],[35.89347127750821,33.43173179647644],[35.89496517269096,33.43258997175861],[35.89592734246968,33.43311980171542],[35.89757315919644,33.434082450510196],[35.89843404794582,33.43458989328574],[35.89850156863205,33.434768990735925],[35.898526888889386,33.43503017451746],[35.89835808717382,33.43576148910574],[35.89833276691648,33.435828650649555],[35.897539398853326,33.43785095935796],[35.89753095876755,33.437873346539234],[35.89753095876755,33.43788827132675],[35.89780104151245,33.43876883379019],[35.89782636176979,33.4388733073028],[35.89788544237024,33.43979118173503],[35.89787700228446,33.43991058003516],[35.89772508074045,33.44067920659223],[35.89772508074045,33.4407015937735],[35.89772508074045,33.44071651856102],[35.89802892382846,33.44171647932458],[35.89803736391424,33.44173886650586],[35.89804580400002,33.44174632889961],[35.90058626981928,33.443529841007766],[35.90067911076284,33.4436119273391],[35.90111799522331,33.44406713335834],[35.90113487539487,33.44408205814585],[35.90115175556642,33.44409698293337],[35.90289885332252,33.44502231975935],[35.902924173579855,33.445029782153114],[35.902932613665634,33.44503724454687],[35.90294105375141,33.44503724454687],[35.903624700699446,33.444992470184324],[35.903641580871,33.444992470184324],[35.9047303519364,33.44485814709668],[35.904764112279516,33.44485068470292],[35.90526207734043,33.444746211190306],[35.905625001028895,33.44475367358407],[35.906089205746696,33.44488053427796],[35.90611452600403,33.44488799667171],[35.90613140617559,33.44489545906547],[35.907228617326766,33.444902921459224],[35.90730457809877,33.444902921459224],[35.911482420559004,33.4453506650847],[35.91273999333996,33.446380475423304],[35.91335611960177,33.446865531017565],[35.91338987994489,33.44702224128648],[35.913406760116445,33.44705955325527],[35.913946925606254,33.4480669764126],[35.91396380577781,33.44809682598763],[35.91448709109606,33.44860426876317],[35.91457149195384,33.44870127988202],[35.915010376414315,33.44941020728903],[35.91502725658587,33.44942513207655],[35.91503569667165,33.4494325944703],[35.91504413675742,33.4494325944703],[35.91623418885216,33.4497161654331],[35.91647895133973,33.44982810133948],[35.916884075457084,33.45012659708979],[35.91690939571442,33.450141521877306],[35.9169178358002,33.450141521877306],[35.91692627588598,33.45014898427107],[35.917483321547344,33.450268382571196],[35.91750864180468,33.45027584496495],[35.91751708189045,33.450268382571196],[35.91778716463536,33.45008182272725],[35.91812476806649,33.45033554411501],[35.919643983506575,33.451410128816164],[35.921247599804445,33.45246232633603],[35.92209160838227,33.452999618686604],[35.92327322039122,33.45377570763743],[35.923256340219666,33.45473089403845],[35.923264780305445,33.45475328121972],[35.92327322039122,33.45476820600724],[35.92361082382236,33.455253261601506],[35.92362770399391,33.45526818638902],[35.92363614407969,33.45528311117654],[35.92420162982683,33.45563384368316],[35.92422695008417,33.45564876847068],[35.924243830255726,33.455656230864435],[35.925881206896705,33.45604427533985],[35.92588964698248,33.45604427533985],[35.92720630036389,33.45636515827144],[35.92738354216523,33.45643978220902],[35.92759454430969,33.45655171811539],[35.92778022619681,33.457290495097425],[35.9277464658537,33.457335269459975],[35.92773802576792,33.45735765664125],[35.927729585682144,33.457365119035],[35.927729585682144,33.457372581428764],[35.92775490593948,33.45767853957284],[35.92776334602526,33.457700926754114],[35.92777178611104,33.457708389147875],[35.92835415202973,33.45813374559208],[35.92839635245863,33.45816359516711],[35.92936696232312,33.458641188367615],[35.92939228258046,33.458648650761376],[35.929417602837795,33.458648650761376],[35.930810216991205,33.45844716612991],[35.93083553724854,33.45844716612991],[35.93086085750588,33.458439703736154],[35.931409463081465,33.45815613277335],[35.93222815140195,33.458678500336404],[35.93367984615581,33.45971577306876],[35.93540162365458,33.461051541551434],[35.93697991969511,33.462282836521496],[35.93738504381247,33.46260371945309],[35.93984954885972,33.46459617858646],[35.94205241124784,33.466379690694616],[35.94254193622298,33.46681250953257],[35.94241533493631,33.466939370226456],[35.94239845476475,33.46695429501398],[35.94239845476475,33.46696175740773],[35.94239845476475,33.46696921980149],[35.94233093407852,33.46753636172709],[35.94233093407852,33.46755874890837],[35.9423393741643,33.46756621130213],[35.944061151663064,33.468163202802764],[35.94479543912577,33.46887959260353],[35.94650033645298,33.470416845717665],[35.948449996267755,33.47222274500709],[35.950205534109635,33.47436445201562],[35.951598148263045,33.47627482481766],[35.951842910750614,33.47668525647435],[35.952290235296864,33.47726732318746],[35.952518117612875,33.47796132580695],[35.95263627881377,33.47852846773256],[35.95279664044356,33.4790359105081],[35.95312580378891,33.47972245073383],[35.9531680042178,33.480423915747075],[35.9531680042178,33.48118507991039],[35.953286165418696,33.48154327481077],[35.95331148567603,33.48196116886122],[35.95330304559025,33.483535733944144],[35.95315956413202,33.486841574378914],[35.95307516327424,33.48825942919293],[35.95304140293113,33.490244425932545],[35.95302452275957,33.49108021403343],[35.9532439649898,33.49302789880426],[35.953353686104926,33.493960698024004],[35.9535562481636,33.49496812118133],[35.95385165116584,33.49571436055712],[35.95411329382497,33.49652029908298],[35.95449309768499,33.49746802309024],[35.954906661888124,33.49843067188502],[35.955294905833924,33.499318696742215],[35.955531228235714,33.49957241812998],[35.956214875183754,33.49967689164259],[35.9569322824749,33.4997291283989],[35.95748932813627,33.49973659079266],[35.957835371653175,33.49982613951775],[35.95786913199629,33.499938075424126],[35.95781005139584,33.50003508654297],[35.955067023517906,33.5018409858324],[35.950745699599445,33.50465430827915],[35.94585888993383,33.50775866408246],[35.94456755680976,33.50858698978959],[35.94361382711682,33.50922129325902],[35.943580066773706,33.50939292831545],[35.94348722583015,33.50984067194092],[35.94279513879633,33.51307935083187],[35.94229717373541,33.5154523920469],[35.94172324790249,33.51819109055607],[35.94170636773093,33.51827317688741],[35.94121684275579,33.521019337790335],[35.94374886848927,33.524168467956194],[35.94591797053428,33.52504156802587],[35.95023085436697,33.526780305771474],[35.95196951203729,33.527474308390964],[35.95469565974366,33.52856381787963],[35.95872158065989,33.52991451114981],[35.960924443048015,33.53065328813185],[35.96629233760299,33.53244426263376],[35.968140716388426,33.533041254134396],[35.96925480771115,33.53327258834089],[35.970925944695246,33.533451685791086],[35.971001905467254,33.533488997759875],[35.97221727781932,33.53356362169745],[35.974082536776315,33.53375764393516],[35.97565239273107,33.53388450462904],[35.97658924225246,33.53396659096038],[35.979703633904634,33.533891967022804],[35.9857720555792,33.53380241829771],[35.98821968045489,33.53383226787274],[35.99243128325824,33.5351531115679],[35.99539375336641,33.536100835575155],[35.99668508649048,33.536503804838084],[35.99898922990794,33.537250044213884],[35.999647556598646,33.53746645363286],[36.00039872423291,33.53760823911426],[36.00131025349696,33.53775748698942],[36.00413768223268,33.538809684509296],[36.0043233641198,33.538876846053114],[36.00699043122573,33.53997381793553],[36.01131175514419,33.54175733004369],[36.011581837889096,33.541869265950055],[36.01186036071978,33.54196627706891],[36.01213888355046,33.542070750581516],[36.01241740638115,33.542160299306616],[36.01270436929761,33.542242385637955],[36.01299133221407,33.54232447196929],[36.013278295130526,33.54239163351311],[36.01356525804699,33.54245879505693],[36.01386066104923,33.542518494206995],[36.01415606405147,33.5425707309633],[36.01447678731104,33.54261550532585],[36.01477219031328,33.54265281729464],[36.01506759331552,33.54269012926343],[36.015371436403534,33.5427125164447],[36.015666839405775,33.542727441232216],[36.01595380232224,33.54274236601974],[36.0163167260107,33.54273490362598],[36.01662056909872,33.54270505405094],[36.01691597210095,33.54266774208215],[36.01721981518897,33.54263043011336],[36.017515218191214,33.54259311814457],[36.01781062119345,33.54254834378203],[36.01810602419569,33.54250356941948],[36.01840142719793,33.54245879505693],[36.01869683020017,33.54240655830063],[36.018992233202404,33.54235432154432],[36.019279196118866,33.54229462239426],[36.01955771894955,33.54218268648789],[36.01986156203757,33.54209313776279],[36.020131644782474,33.54204090100649],[36.020452368042044,33.54195881467515],[36.02072245078695,33.541914040312605],[36.02099253353185,33.54184687876878],[36.02131325679142,33.54175733004369],[36.021608659793664,33.54168270610611],[36.02187874253857,33.54163793174356],[36.02216570545503,33.541548383018466],[36.02247798862883,33.54145137189961],[36.022764951545284,33.541376747962026],[36.023051914461746,33.54130958641821],[36.02334731746399,33.541257349661905],[36.023651160552,33.541220037693115],[36.02392968338268,33.54116033854305],[36.0242335264707,33.54110810178674],[36.02456268981605,33.54112302657426],[36.024841212646734,33.541137951361776],[36.02511973547742,33.541175263330565],[36.02545733890855,33.541220037693115],[36.025761181996565,33.54128719923693],[36.02604814491303,33.54139167274955],[36.02631822765793,33.541458834293365],[36.026596750488615,33.54160061977477],[36.026824632804626,33.541742405256166],[36.02704407503486,33.54184687876878],[36.02946637965322,33.543839337902156],[36.03247949027606,33.54736158775591],[36.035205637982436,33.55046594355922],[36.03688521505231,33.552137519761],[36.040607292880516,33.555935878183796],[36.04197458677659,33.55733880821029],[36.04216870874949,33.55750298087296],[36.04499613748521,33.56036107768226],[36.04702175807199,33.562428160753214],[36.048920777372096,33.56441315749283],[36.05150344362024,33.56699514573308],[36.051857927222926,33.56738319020849],[36.05211112979627,33.567577212446196],[36.05244029314163,33.567823471440214],[36.05253313408519,33.56789809537779],[36.05460095510086,33.56965175791091],[36.05574036668092,33.57066664346199],[36.05728490237835,33.57152481874415],[36.058635316102865,33.57221135896989],[36.060340213430074,33.5733978795774],[36.06038241385897,33.573412804364914],[36.06089725909144,33.57365906335893],[36.06198603015683,33.57450231385358],[36.06329424345246,33.57556943616097],[36.06393568997161,33.57618881484287],[36.06447585546142,33.57683804309982],[36.064796578720994,33.577352948269116],[36.064965380436554,33.57792755258848],[36.06521858300991,33.578367833820195],[36.065260783438795,33.57855439366415],[36.065353624382354,33.578942438139556],[36.06534518429658,33.579517042458924],[36.0653367442108,33.57956181682147],[36.065319864039246,33.57995732369064],[36.065117301980564,33.58036029295357],[36.064729058034764,33.58060655194758],[36.06469529769166,33.5806214767351],[36.064408334775194,33.580703563066436],[36.06388504945694,33.58085281094159],[36.063328003795576,33.58095728445421],[36.06272875770532,33.58132294174835],[36.06237427410263,33.58161397510491],[36.0621548318724,33.58178561016134],[36.06185942887016,33.58203186915535],[36.06109138106434,33.582748258956116],[36.06081285823365,33.5832482393379],[36.06068625694698,33.58361389663204],[36.06058497591764,33.583890005201084],[36.0604077341163,33.58477056766452],[36.06004481042783,33.586427219078786],[36.059951969484274,33.58731524393598],[36.05998572982739,33.58795700979916],[36.05987600871227,33.588270430337],[36.059563725538474,33.58862116284362],[36.05880411781843,33.58913606801292],[36.05805295018417,33.589449488550756],[36.05758874546636,33.58966589796974],[36.057394623493465,33.58975544669483],[36.05692197868988,33.59021065271406],[36.05649153431519,33.59072555788337],[36.05633961277118,33.59102405363368],[36.05575724685248,33.59213595030362],[36.0556728459947,33.59224042381623],[36.055461843850246,33.592270273391264],[36.054626275358196,33.59233743493508],[36.053773826694595,33.592434446053936],[36.05330962197679,33.59271055462298],[36.05271881597231,33.59302397516081],[36.052102689710495,33.59346425639254],[36.051165840189114,33.594270194918394],[36.050625674699305,33.595091058231766],[36.0501614699815,33.59528508046947],[36.04976478594992,33.59544925313215],[36.04927526097478,33.5956880497324],[36.04868445497031,33.5962029549017],[36.048245570509835,33.596844720764885],[36.048093648965825,33.59712082933393],[36.04795860759337,33.5973745507217],[36.04740156193201,33.59781483195342],[36.046844516270646,33.59825511318514],[36.04610178872216,33.599143138042336],[36.044928616798984,33.599874452630615],[36.04379764530469,33.60009832444335],[36.04250631218062,33.60038189540616],[36.0409617764832,33.60102366126934],[36.038851755038635,33.60244151608335],[36.03760262234346,33.60337431530309],[36.03696961591009,33.60397876919749],[36.03685989479497,33.604038468347554],[36.036066526731815,33.60450113676055],[36.03551792115623,33.60463545984819],[36.035441960384226,33.604657847029465],[36.03495243540908,33.604695158998254],[36.03412530700282,33.604613072666915],[36.03243728984717,33.604530986335575],[36.0318802441858,33.60458322309188],[36.03159328126934,33.6047399333608],[36.03134851878177,33.60523991374258],[36.03135695886755,33.60585183003074],[36.031517320497336,33.606911489944366],[36.031601721355116,33.607971149857995],[36.031534200668894,33.60874723880882],[36.03149200024,33.60885171232143],[36.0049057300385,33.61894833107594],[35.99546971413841,33.62479138538841],[35.98789895719532,33.62947776866841],[35.98467484442803,33.63039564310064],[35.9846073237418,33.630485191825734],[35.984328800911115,33.630850849119874],[35.98397431730843,33.63103740896382],[35.98327379018883,33.63126874317032],[35.98242978161101,33.631470227801785],[35.98189805620698,33.63164186285822],[35.98127348985939,33.63199259536484],[35.98099496702871,33.63227616632764],[35.980471681710455,33.63291046979707],[35.9799905968211,33.633395525391336],[35.97951795201751,33.633761182685475],[35.97895246627037,33.634082065617065],[35.978395420609004,33.63458204599885],[35.97805781717787,33.63504471441184],[35.97789745554809,33.63532082298089],[35.97799029649165,33.63591781448152],[35.97810845769254,33.636380482894516],[35.978319459836996,33.637156571845345],[35.97789745554809,33.63726104535795],[35.976378240108,33.63699239918267],[35.97528102895683,33.63696254960764],[35.974934985439916,33.63553723239987],[35.974707103123905,33.63494770329299],[35.97486746475369,33.634052216042036],[35.97479994406747,33.633805957048025],[35.97472398329546,33.63356716044777],[35.974622702266124,33.63332090145376],[35.97451298115101,33.633067180065986],[35.94985105050695,33.63414176476713],[35.94715866314368,33.63623869741311],[35.94687170022722,33.63727597014547],[35.945749168818715,33.63724612057044],[35.94522588350046,33.637231195782924],[35.94462663741021,33.6372535829642],[35.94385858960439,33.637484917170696],[35.94291329999722,33.637887886433624],[35.94249129570831,33.638372942027885],[35.94222965304918,33.63862666341566],[35.940972080268224,33.63892515916598],[35.93914058165434,33.63930574124763],[35.93849069504942,33.639469913910304],[35.93827969290496,33.63952961306037],[35.9380686907605,33.63938036518521],[35.937908329130714,33.63908933182865],[35.93784080844449,33.63896247113477],[35.937047440381335,33.63917141815999],[35.93669295677865,33.639275891672604],[35.93646507446264,33.63935051561018],[35.936346913261744,33.64055196100521],[35.93622875206084,33.64122357644342],[35.93586582837238,33.64164893288763],[35.93547758442658,33.64199966539425],[35.93504714005189,33.64256680731986],[35.93479393747854,33.643036938126606],[35.934582935334085,33.643559305689664],[35.93455761507675,33.64408913564648],[35.93450697456208,33.64505178444126],[35.93446477413319,33.64543982891667],[35.93459981550564,33.64562638876062],[35.93508934048078,33.64619353068622],[35.93576454734304,33.647171104268516],[35.93613591111728,33.647574073531445],[35.93610215077417,33.64783525731297],[35.93584894820082,33.648305388119724],[35.935502904683915,33.64867104541386],[35.93508934048078,33.64895461637666],[35.93451541464786,33.6493202736708],[35.93413561078784,33.6496038446336],[35.93383176769982,33.64985010362762],[35.93377268709937,33.649894877990164],[35.93346884401136,33.650394858371946],[35.933418203496686,33.650678429334754],[35.93351948452602,33.650842601997425],[35.93390772847182,33.651088860991436],[35.93507246030922,33.6518052507922],[35.93570546674259,33.65202166021118],[35.936659196435535,33.65229776878023],[35.937114961067564,33.652439554261626],[35.937275322697346,33.65258880213678],[35.937283762783125,33.65295445943093],[35.93723312226846,33.65369323641296],[35.9373344032978,33.653835021894366],[35.93780704810138,33.65408128088838],[35.9385750959072,33.654357389457424],[35.93876077779432,33.65442455100124],[35.939655426886816,33.65455141169513],[35.940204032462404,33.654529024513856],[35.94040659452108,33.65462603563271],[35.9405922764082,33.65539466218978],[35.94074419795221,33.6559767289029],[35.94103960095445,33.6568274417913],[35.94125060309891,33.65707370078532],[35.94201021081895,33.657670692285954],[35.942423775022085,33.6578572521299],[35.94264321725232,33.65866319065576],[35.94282889913944,33.658969148799834],[35.94322558317102,33.65921540779385],[35.944289033979075,33.659916872807095],[35.944592877067095,33.660207906163656],[35.94415399260662,33.66157352422136],[35.94410335209196,33.66184963279041],[35.94445783569464,33.663715231229894],[35.944736358525326,33.66475996635601],[35.94502332144179,33.66599126132607],[35.945048641699124,33.66655094085792],[35.94492204041245,33.66684943660823],[35.94492204041245,33.66715539475231],[35.945048641699124,33.667565826408996],[35.9453271645298,33.668543399991286],[35.94586733001961,33.670058265924155],[35.94632309465164,33.67130448568173],[35.94644969593831,33.67181939085103],[35.94784231009172,33.67245369432045],[35.948272754466416,33.67264771655816],[35.9487031988411,33.67273726528326],[35.948829800127776,33.67276711485829],[35.9489395212429,33.67287905076466],[35.95033213539631,33.67440137909128],[35.9505684577981,33.67469241244784],[35.950821660371446,33.674595401328986],[35.95118458405991,33.67448346542262],[35.951446226719035,33.67451331499765],[35.9518091504075,33.67477449877918],[35.952459037012424,33.67502822016695],[35.95268691932844,33.67488643468555],[35.95318488438936,33.67462525090402],[35.9535562481636,33.674431228666315],[35.95388541150895,33.67429690557867],[35.95418081451119,33.674050646584654],[35.95454373819965,33.673684989290514],[35.955218945061915,33.673334256783896],[35.95573379029439,33.67320739609001],[35.95600387303929,33.67327455763383],[35.95655247861488,33.67355066620287],[35.9574386876216,33.67403572179714],[35.957995733282964,33.674341679941215],[35.959202665549256,33.674796885960454],[35.95978503146795,33.6749312090481],[35.96040959781554,33.67505806974198],[35.960772521504005,33.675043144954465],[35.962139815400086,33.674916284260576],[35.96240989814499,33.67490135947306],[35.962620900289444,33.67489389707931],[35.962823462348126,33.675125231285804],[35.96317794595081,33.67554312533625],[35.96382783255574,33.67571476039268],[35.966300777688765,33.676356526255866],[35.96646957940433,33.67754304686338],[35.96656242034789,33.67801317767013],[35.966840943178575,33.67870718028962],[35.967153226352366,33.67938625812159],[35.96724606729593,33.68004294877229],[35.96723762721015,33.68077426336057],[35.967161666438145,33.68116230783598],[35.96733046815371,33.681408566829994],[35.96760055089862,33.681498115555094],[35.9679550345013,33.68163243864274],[35.968090075873754,33.68181899848668],[35.96812383621687,33.68228912929344],[35.96804787544486,33.68327416526949],[35.96818291681731,33.68359504820108],[35.96843611939066,33.68384130719509],[35.96887500385113,33.684072641401585],[35.969541770627615,33.68425173885178],[35.97025917791876,33.68449053545203],[35.970782463237015,33.68487111753369],[35.97118758735437,33.6854904962156],[35.97139858949883,33.68599047659738],[35.971677112329516,33.686781490335726],[35.971854354130855,33.68741579380515],[35.97177839335885,33.688042634880816],[35.9716433519864,33.68855754005011],[35.97166023215796,33.688818723831645],[35.97182903387352,33.68900528367559],[35.97201471576064,33.689072445219416],[35.97225103816243,33.689139606763234],[35.972698362708684,33.689139606763234],[35.973162567426485,33.68911721958196],[35.97367741265896,33.68905005803814],[35.97412473720521,33.68904259564438],[35.97420913806299,33.68921423070081],[35.9740487764332,33.69024404103941],[35.97377025360252,33.69093058126514],[35.97341576999983,33.69172905739725],[35.97333136914205,33.69229619932285],[35.97334824931361,33.69334093444896],[35.973221648026936,33.693758828499405],[35.973069726482926,33.693885689193294],[35.97258020150779,33.69410956100603],[35.97172775284418,33.6943110456375],[35.97126354812638,33.694497605481445],[35.97090906452369,33.694990123469466],[35.970394219291215,33.69583337396412],[35.970014415431194,33.69634081673966],[35.969237927539595,33.69681840994017],[35.96854584050578,33.697109443296725],[35.968073195702196,33.69754972452845],[35.96781155304307,33.698094479272775],[35.96744018926883,33.699475022118],[35.96725450738171,33.700594381181695],[35.9672967078106,33.700803328206916],[35.96751615004084,33.70105704959469],[35.967929714243965,33.70131077098245],[35.968377038790216,33.70176597700169],[35.968613361192006,33.70234058132105],[35.96895940470891,33.70285548649035],[35.96963461157117,33.70354948910984],[35.97019165723254,33.7040718566729],[35.970309818433435,33.704310653273154],[35.9705967813499,33.70540016276181],[35.970782463237015,33.70596730468742],[35.97111162658237,33.70645982267544],[35.97111162658237,33.706803092788306],[35.971001905467254,33.707206062051235],[35.97103566581036,33.707832903126906],[35.971086306325034,33.70825079717735],[35.97074870289391,33.70870600319658],[35.97006505594587,33.70985521183531],[35.969685252085846,33.71080293584257],[35.96936452882627,33.71168349830601],[35.9693138883116,33.71196706926881],[35.96933076848316,33.71279539497594],[35.969305448225825,33.71319836423887],[35.96911132625292,33.713914754039635],[35.969001605137805,33.71431026090881],[35.969212607282266,33.71466099341543],[35.969533330541836,33.715198285766],[35.96990469431608,33.71548185672881],[35.97027605809032,33.71578781487288],[35.97041109946277,33.716078848229444],[35.970925944695246,33.71883247152613],[35.9708668640948,33.719317527120396],[35.97074870289391,33.720086153677464],[35.970698062379235,33.72034733745899],[35.97110318649659,33.72060852124052],[35.97180371361619,33.720944328959625],[35.972242598076654,33.721280136678736],[35.97236919936333,33.72180996663555],[35.97287560451002,33.7225636684051],[35.97352549111495,33.72352631719988],[35.973930615232305,33.72381735055644],[35.97433573934966,33.72416808306306],[35.97444546046478,33.724585977113506],[35.97436949969278,33.725287442126756],[35.97411629711943,33.72592174559618],[35.97364365231584,33.726667984971975],[35.97318788768382,33.72729482604765],[35.97302752605403,33.727570934616686],[35.973078166568705,33.7278171936107],[35.97313724716915,33.72803360302968],[35.97341576999983,33.72825001244866],[35.97355925145806,33.728667906499105],[35.97381245403141,33.72910072533707],[35.97406565660476,33.72942160826866],[35.97469022295235,33.729652942475155],[35.97512066732704,33.72974995359401],[35.9756017522164,33.72962309290013],[35.97598155607642,33.72949623220624],[35.97632759959333,33.7292201236372],[35.976850884911585,33.72868283128662],[35.977618932717405,33.72777988164191],[35.977998736577426,33.72737691237898],[35.9785895425819,33.72704856705363],[35.97913814815749,33.72686946960344],[35.97964455330418,33.7266455977907],[35.980015917078426,33.726548586671846],[35.98044636145312,33.726660522578214],[35.9809190062567,33.72690678157223],[35.981332570459834,33.72698140550981],[35.98159421311896,33.72688439439096],[35.98187273594964,33.7266455977907],[35.98223565963811,33.726294865284075],[35.98253106264035,33.72610830544013],[35.98271674452747,33.72619785416522],[35.983088108301715,33.72648888752178],[35.9836367138773,33.726593361034396],[35.984151559109776,33.72661574821567],[35.98485208622937,33.72660828582191],[35.985316290947175,33.726421725977964],[35.98566233446408,33.72621277895274],[35.986025258152544,33.72603368150255],[35.98624470038278,33.725966519958725],[35.98660762407125,33.72606353107758],[35.98687770681615,33.72624262852777],[35.98714778956105,33.72672022172828],[35.98847288302824,33.72909326294331],[35.98865856491536,33.72966786726267],[35.988700765344255,33.73028724594458],[35.988717645515806,33.73131705628318],[35.988793606287814,33.73190658539006],[35.98898772826071,33.73224239310917],[35.989089009290055,33.732466264921904],[35.988928647660266,33.73280953503477],[35.98889488731715,33.733122955572604],[35.989021488603825,33.7335856239856],[35.9892240506625,33.73388411973591],[35.98951101357896,33.733988593248526],[35.99037190232835,33.734100529154894],[35.99106398936216,33.7342945513926],[35.99151975399419,33.734675133474255],[35.99207679965556,33.73524973779362],[35.99248192377291,33.73575718056916],[35.99275200651781,33.736115375469545],[35.99286172763293,33.73657804388254],[35.992735126346254,33.73721980974572],[35.992718246174704,33.737869038002664],[35.99282796728982,33.73801828587782],[35.99306428969161,33.738107834602914],[35.99414462067123,33.737995898696546],[35.994338742644125,33.738809299616165],[35.99498018916327,33.73920480648533],[35.995486594309966,33.73964508771705],[35.99583263782688,33.74067489805565],[35.996018319714,33.7408614578996],[35.996803247691375,33.741107716893616],[35.99707333043628,33.74118980322495],[35.99760505584031,33.74201066653833],[35.99791733901411,33.74234647425743],[35.998195861844785,33.74312256320826],[35.99862630621948,33.7436300059838],[35.99921711222396,33.74438370775335],[35.999495635054636,33.74492846249768],[35.99991763934355,33.745689626661],[36.00098109015161,33.747435826800356],[36.001259612982295,33.74934619960239],[36.001403094440526,33.74995811589054],[36.00132713366852,33.75024168685334],[36.00139465435475,33.75056256978494],[36.00190949958722,33.75146551942965],[36.00298139048106,33.75345797856302],[36.003665037429094,33.75469673592684],[36.004973250724724,33.75631607537232],[36.006906030367944,33.758554793499705],[36.00798636134756,33.7597263893197],[36.00921861387119,33.76085321077716],[36.010265184507695,33.76197256984084],[36.01074626939705,33.76270388442912],[36.010813790083276,33.76309192890454],[36.01061966811038,33.76339042465486],[36.01007106253479,33.76429337429957],[36.009665938417434,33.76498737691906],[36.008982291469394,33.766196284707846],[36.008594047523594,33.76697983605243],[36.008568727266265,33.76706192238377],[36.00845900615114,33.76767383867192],[36.00855184709471,33.76813650708491],[36.0091764134423,33.76871857379803],[36.00922705395697,33.76875588576682],[36.010045742277455,33.76931556529867],[36.0108053499975,33.7698080832867],[36.01167467883266,33.77001703031192],[36.012366765866474,33.77006926706822],[36.01254400766782,33.770031955099434],[36.01351461753232,33.76982300807421],[36.0143755062817,33.76960659865523],[36.01509291357285,33.76961406104899],[36.01579344069245,33.76974838413663],[36.01668808978494,33.76976330892415],[36.01739705699032,33.76956928668644],[36.01846050779837,33.76909169348593],[36.01962523963577,33.76850216437905],[36.02057052924294,33.767979796816],[36.021667740394115,33.767382805315364],[36.022975953689745,33.76688282493358],[36.02338951789288,33.766569404395746],[36.023752441581344,33.766270908645424],[36.023904363125354,33.76609181119524],[36.024123805355586,33.765830627413706],[36.024275726899596,33.765636605176],[36.024520489387164,33.76530825985065],[36.024604890244944,33.76523363591307],[36.024993134190744,33.76486797861893],[36.02556706002367,33.76450232132479],[36.02616630611392,33.76421128796823],[36.0268752733193,33.76395756658046],[36.02754204009578,33.763875480249126],[36.02817504652915,33.763875480249126],[36.0287742926194,33.76393517939919],[36.0296689417119,33.764308299087084],[36.02999810505725,33.764554558081095],[36.030445429603496,33.764882903406445],[36.031230357580874,33.765666454751035],[36.03149200024,33.76592763853256],[36.03225160796004,33.766935061689885],[36.0325807713054,33.7673753429216],[36.03312093679521,33.76822605581001],[36.03338257945433,33.768852896885676],[36.03381302382902,33.76983047046797],[36.03415906734593,33.770897592775356],[36.03458951172062,33.77162144496988],[36.0352562784971,33.772658717702235],[36.03572892330069,33.773233322021596],[36.03649697110651,33.77377061437217],[36.037315659426994,33.77423328278516],[36.037391620199,33.77427805714771],[36.03832846972038,33.77479296231701],[36.038691393408854,33.77509145806732],[36.039062757183096,33.77540487860516],[36.03973796404536,33.77609888122465],[36.04048913167962,33.77677795905662],[36.04125717948544,33.77742718731356],[36.04198302686237,33.778039103601714],[36.04306335784199,33.77912861309038],[36.04358664316024,33.77959128150337],[36.04416056899316,33.7802255849728],[36.04448129225273,33.78064347902324],[36.04496237714209,33.781404643186555],[36.04560382366124,33.782262818468716],[36.04644783223907,33.783397102319924],[36.04694579729998,33.78406871775814],[36.04813584939472,33.78578506832247],[36.048152729566276,33.78582238029126],[36.048237130424056,33.78612833843534],[36.04866757479875,33.78818049671877],[36.04875197565653,33.78897897285088],[36.049022058401434,33.78972521222667],[36.04951158337657,33.79085203368412],[36.050001108351715,33.79161319784743],[36.05096327813043,33.79285195521125],[36.05156252422069,33.79393400230615],[36.05176508627937,33.7943518963566],[36.052406532798514,33.79563542808297],[36.05242341297007,33.795665277657996],[36.05325898146212,33.79720253077214],[36.05374006635148,33.79832188983583],[36.05411143012572,33.799545722412134],[36.05492167836044,33.801791902933275],[36.05612861062673,33.804582838198755],[36.0567194166312,33.80534400236206],[36.05767314632415,33.80668723323849],[36.058483394558856,33.80769465639582],[36.059091080734895,33.808463282952886],[36.06011233111406,33.80970950271046],[36.06068625694698,33.81061245235518],[36.06191006938483,33.81210493110677],[36.06252619564664,33.81267953542613],[36.063809088684934,33.8136421842209],[36.06477969854944,33.81427648769033],[36.064948500265004,33.81438096120294],[36.065556186441036,33.81511973818498],[36.06582626918594,33.81547793308536],[36.066332674332635,33.81614208612982],[36.06681375922199,33.81703757338077],[36.06732016436869,33.818239018775806],[36.067961610887835,33.81914196842052],[36.06869589835055,33.82032848902803],[36.069185423325685,33.821007566860004],[36.06928670435502,33.82114188994765],[36.0696074276146,33.82156724639185],[36.07013071293285,33.82201499001733],[36.07066243833688,33.82222393704255],[36.07146424648581,33.82250004561159],[36.072266054634746,33.82265675588051],[36.073810590332165,33.82271645503057],[36.07490780148334,33.822723917424334],[36.075338245858035,33.822641831092994],[36.07613161392119,33.82233587294892],[36.077271025501254,33.821544859210576],[36.07776055047639,33.82116427712892],[36.07836823665242,33.82045534972192],[36.07908564394358,33.81985089582752],[36.07971021029117,33.8193583778395],[36.08030101629564,33.81876138633886],[36.08067238006989,33.81821663159453],[36.081195665388144,33.81736591870612],[36.081735830877946,33.81658236736154],[36.0822591161962,33.81603015022345],[36.082664240313555,33.81559733138549],[36.08293432305846,33.81548539547912],[36.08592211342396,33.81632118358001],[36.08734848792049,33.816716690449184],[36.08818405641254,33.81694802465568],[36.09033627828599,33.81703011098701],[36.102456241463564,33.81744800503746],[36.10465910385169,33.81816439483823],[36.10872722519681,33.81947031374587],[36.1105924841538,33.82007476764026],[36.1107866061267,33.820276252271725],[36.11136053195962,33.82107472840382],[36.11164749487608,33.82160455836064],[36.11181629659165,33.82200752762357],[36.11203573882188,33.822194087467516],[36.11227206122367,33.82244034646153],[36.11233114182412,33.82284331572446],[36.112221420709005,33.82323882259363],[36.11199353839299,33.82371641579414],[36.11179941642009,33.82426863293223],[36.11172345564809,33.824813387676556],[36.111765656076976,33.825268593695796],[36.11197665822144,33.82573126210879],[36.112145459937,33.8259775211028],[36.11264342499791,33.82625362967185],[36.113166710316165,33.82646257669707],[36.11364779520553,33.826611824572225],[36.11451712404069,33.82680584680993],[36.11510793004517,33.82688047074751],[36.11556369467719,33.82704464341019],[36.11590129810832,33.8272909024042],[36.11603633948077,33.82753716139821],[36.11612074033856,33.82785058193605],[36.116162940767445,33.82829832556152],[36.11590129810832,33.82870875721821],[36.115462413647855,33.8291714256312],[36.11520077098873,33.82952962053159],[36.11512481021672,33.83010422485095],[36.11503196927316,33.83051465650763],[36.114390522754015,33.83120119673337],[36.11412044000911,33.83158177881502],[36.11402759906555,33.83185788738407],[36.113943198207764,33.83209668398432],[36.11344523314685,33.83260412675986],[36.11300634868638,33.832969784054],[36.112702505598364,33.83354438837336],[36.11273626594148,33.833686173854765],[36.113310191774396,33.833604087523426],[36.11342835297529,33.83361154991719],[36.113943198207764,33.833641399492215],[36.11541177313318,33.83381303454865],[36.11620514119634,33.83377572257986],[36.1172685920044,33.83354438837336],[36.11793535878088,33.833477226829544],[36.118399563498684,33.833604087523426],[36.11930265267696,33.834051831148905],[36.120180421597894,33.83420854141782],[36.1207205870877,33.83422346620534],[36.12104975043306,33.83417122944903],[36.121623676265976,33.83408168072393],[36.12211320124112,33.83412645508648],[36.12272932750293,33.83432793971795],[36.12397002011233,33.834462262805594],[36.124932189891055,33.83430555253668],[36.13278146966483,33.83311903192916],[36.133963081673784,33.833111569535404],[36.136959312125065,33.83308918235413],[36.13713655392641,33.83326081741056],[36.13798056250423,33.83444733801807],[36.13838568662159,33.83501447994368],[36.1395841788021,33.836700980932974],[36.1408670718404,33.83849941782864],[36.14479171172729,33.84400666442201],[36.14525591644509,33.84462604310392],[36.14537407764599,33.84465589267895],[36.14651348922605,33.84486483970418],[36.150497209713386,33.84561107907997],[36.15129901786232,33.84579017653016],[36.153358398792214,33.8460140483429],[36.15942682046678,33.846640889418566],[36.162296449631384,33.84691699798761],[36.163427421125675,33.84702893389398],[36.16406886764482,33.847088633044045],[36.164279869789276,33.8453051209359],[36.1646596736493,33.84129781548788],[36.16525891973955,33.84026800514928],[36.166904736466314,33.837723328877814],[36.170230130262944,33.83326081741056],[36.17502409898499,33.83264143872865],[36.18154828529158,33.83175341387145],[36.18713562207679,33.83113403518954],[36.18838475477197,33.83108179843324],[36.19180298951216,33.83095493773936],[36.192478196374424,33.831395218971075],[36.19672355952088,33.83382049694241],[36.19776169007161,33.83410406790521],[36.19807397324541,33.8339995943926],[36.19849597753432,33.8338578089112],[36.19863945899255,33.83352946358585],[36.199095223624575,33.833357828529415],[36.19926402534014,33.83329812937935],[36.19989703177351,33.83316380629171],[36.2025387786221,33.832581739578586],[36.20458971946622,33.83235040537209],[36.20589793276185,33.832671288303686],[36.207948873605964,33.83398466960508],[36.212793482842685,33.83417869184279],[36.213173286702705,33.8341936166303],[36.234822106723925,33.83455181153069],[36.23699964885471,33.83464136025578],[36.236982768683156,33.83514134063756],[36.237050289369385,33.83657412023909],[36.237134690227165,33.83779795281539],[36.237446973400964,33.83986503588635],[36.237531374258744,33.84135005224418],[36.23756513460186,33.84191719416979],[36.23757357468764,33.842148528376285],[36.237742376403205,33.842678358333096],[36.23822346129256,33.84396189005946],[36.238603265152584,33.84492453885424],[36.23899994918416,33.84568570301755],[36.23942195347308,33.8462453825494],[36.239894598276656,33.84677521250621],[36.24006339999222,33.846969234743916],[36.24045164393802,33.84729758006927],[36.24093272882738,33.84769308693844],[36.240983369342054,33.84773039890723],[36.24185269817721,33.848431863920474],[36.24187801843455,33.848484100676785],[36.24281486795593,33.84903631781487],[36.243684196791094,33.84948406144035],[36.245296253174736,33.85024522560366],[36.245692937206314,33.85053625896022],[36.24680702852905,33.85158099408633],[36.24746535521975,33.852155598405695],[36.2477185577931,33.85238693261219],[36.24816588233934,33.85287198820646],[36.24839376465536,33.85329734465066],[36.24847816551314,33.85345405491958],[36.248748248258046,33.85405104642022],[36.248908609887835,33.85468534988964],[36.24917869263274,33.85531965335907],[36.24943189520609,33.855916644859704],[36.24962601717898,33.856409162847726],[36.249997380953225,33.856856906473205],[36.2505122261857,33.85720763897983],[36.251449075707086,33.857513597123905],[36.25209896231201,33.85761807063652],[36.252757289002716,33.85758075866772],[36.253542216980094,33.857431510792566],[36.25456346735926,33.857110627860976],[36.255221794049966,33.8568046697169],[36.25582104014022,33.85642408763525],[36.256462486659366,33.855827096134604],[36.25701953232073,33.85545397644671],[36.257534377553206,33.855304728571554],[36.258167383986574,33.85520025505894],[36.258994512392846,33.8551181687276],[36.25980476062756,33.85496892085244],[36.2603702463747,33.8548868345211],[36.261695339841886,33.85482713537104],[36.26212578421658,33.854774898614735],[36.26267438979217,33.854521177226964],[36.26323143545353,33.85429730541423],[36.263619679399326,33.85428984302047],[36.26405012377402,33.85439431653308],[36.26464936986427,33.85442416610811],[36.26497853320963,33.85438685413932],[36.265392097412764,33.8541779071141],[36.266067304275026,33.853797325032446],[36.26670875079417,33.853468979707095],[36.267257356369754,33.85335704380073],[36.26766248048711,33.853379430982],[36.2681351252907,33.85343913013206],[36.26864997052317,33.853260032681874],[36.26888629292496,33.85311824720047],[36.26923233644187,33.853058548050406],[36.26966278081656,33.85312570959423],[36.27004258467658,33.85312570959423],[36.27069247128151,33.85287198820646],[36.27153647985933,33.852737665118816],[36.27220324663581,33.85278990187512],[36.272929094012746,33.85279736426888],[36.27361274096078,33.85261826681869],[36.27437234868083,33.852521255699834],[36.27510663614353,33.85258841724366],[36.27627980806671,33.852566030062384],[36.27699721535786,33.85246155654977],[36.27746142007567,33.85226753431206],[36.277942504965026,33.852192910374484],[36.27835606916816,33.85217052319321],[36.27892155491531,33.85205858728684],[36.27926759843221,33.851864565049134],[36.27975712340735,33.851498907754994],[36.28015380743893,33.8509840025857],[36.28034792941183,33.85054372135398],[36.280407010012276,33.850110902516015],[36.28046609061273,33.8496706212843],[36.28031416906872,33.84914825372124],[36.28022132812516,33.84846171349551],[36.2802804087256,33.84787964678239],[36.280331049240274,33.847745323694745],[36.28042389018383,33.84752145188201],[36.2807868138723,33.846969234743916],[36.28115817764654,33.84637970563704],[36.28161394227857,33.845700627805066],[36.282103467253705,33.84520064742328],[36.28244107068483,33.84502154997309],[36.2828039943733,33.84496931321679],[36.28320067840488,33.84485737731042],[36.28347920123556,33.844640967891436],[36.28375772406624,33.844432020866215],[36.28444137101428,33.84426784820354],[36.28530225976366,33.84408875075335],[36.285732704138354,33.84411860032838],[36.28624754937083,33.84403651399705],[36.28667799374552,33.84392457809067],[36.287336320436225,33.84367085670291],[36.28794400661226,33.84327534983373],[36.28877113501853,33.84255896003297],[36.28937882119456,33.841984355713606],[36.28984302591236,33.841447063363034],[36.29004558797104,33.8412231915503],[36.29062795388974,33.84084260946864],[36.291421321952896,33.84054411371832],[36.29183488615603,33.840379941055645],[36.29216404950139,33.840066520517816],[36.29282237619209,33.839611314498576],[36.293430062368124,33.83913372129807],[36.293953347686376,33.83878298879144],[36.2943331515464,33.838335245165965],[36.2946032342913,33.83786511435922],[36.294822676521534,33.837283047646096],[36.295042118751766,33.83694723992699],[36.295506323469574,33.836790529658074],[36.29593676784427,33.836790529658074],[36.29661197470652,33.836738292901764],[36.296890497537206,33.83658904502661],[36.297498183713245,33.83584280565081],[36.29798770868838,33.835357750056545],[36.29834219229107,33.83476075855591],[36.29857007460708,33.83416376705527],[36.2988739176951,33.83383542172992],[36.30061257536542,33.83390258327375],[36.31085883950022,33.83431301493043],[36.31102764121578,33.834290627749155],[36.31496072118845,33.83358916273591],[36.31541648582048,33.83350707640457],[36.318606838244655,33.832701137878715],[36.31926516493536,33.832626513941136],[36.321164184235464,33.83243995409718],[36.32265807941822,33.83395482003005],[36.32372153022628,33.83578310650075],[36.324514898289436,33.83627562448877],[36.32719884556692,33.83577564410699],[36.32959582992794,33.83509656627502],[36.33451639993667,33.833074257566615],[36.338094996306644,33.83217877031566],[36.341715793105514,33.8309997121019],[36.3459527161662,33.83046988214509],[36.346408480798225,33.83046988214509],[36.34791925615253,33.83046988214509],[36.352485342558566,33.830731065926614],[36.35408895885644,33.83101463688942],[36.358638165090916,33.83223100707196],[36.36022490121723,33.832671288303686],[36.36429302256234,33.83358916273591],[36.36533115311307,33.83367124906725],[36.36593883928911,33.833716023429794],[36.36968623737465,33.83276083702878],[36.3737796789771,33.83162655317757],[36.377746519292884,33.830619130020246],[36.379367015762305,33.83017884878853],[36.383671459509216,33.82891024184968],[36.38477711074617,33.82872368200572],[36.38849918857438,33.829022177756045],[36.38892119286329,33.82932067350636],[36.3900437242718,33.83017884878853],[36.39158825996922,33.83133551982101],[36.391841462542565,33.831559391633746],[36.39308215515197,33.832656363516165],[36.393689841328005,33.83358916273591],[36.39364764089911,33.83480553291846],[36.393208756438646,33.839036710179215],[36.39288803317907,33.84229777625144],[36.3925673099195,33.84515587306073],[36.39255886983372,33.84529765854214],[36.39239850820393,33.84729011767551],[36.392297227174595,33.848797521214614],[36.39216218580214,33.84968554607181],[36.39195118365769,33.851058626523276],[36.391368817738986,33.85274512751257],[36.3910143341363,33.85340928055703],[36.39025472641626,33.85435700456429],[36.389672360497556,33.85475997382722],[36.388431667888156,33.85535696532786],[36.38470114997416,33.85725241334238],[36.38366301942344,33.85777478090543],[36.38091155145973,33.85909562460059],[36.36801510039056,33.86831914328542],[36.35715270999394,33.87020712890618],[36.35360787396708,33.871527972601335],[36.34900802721793,33.87340849582834],[36.344003056351426,33.8753860301742],[36.34204495645087,33.8761845063063],[36.340086856550315,33.87628897981891],[36.33974925311918,33.87625913024388],[36.33835663896577,33.875654676349484],[36.336018735205194,33.874639790798405],[36.33430539779221,33.87560990198694],[36.332144735832976,33.87681134738197],[36.32919914589637,33.87846799879623],[36.32817789551719,33.879050065509354],[36.327544889083825,33.879378410834704],[36.32658271930511,33.87979630488515],[36.3248778219779,33.88049030750464],[36.32204195315641,33.88165444093088],[36.31918076407758,33.88279618717585],[36.317602468037045,33.88350511458285],[36.31333178463325,33.88549757371622],[36.31252997648431,33.885758757497754],[36.308596896511645,33.88751242003087],[36.30809893145073,33.88774375423737],[36.30321212178512,33.890019784333546],[36.29435847180373,33.89422857441303],[36.293506023140125,33.89460915649468],[36.29093179697776,33.895818064283475],[36.29022282977239,33.896079248065],[36.28120037807543,33.900877567251364],[36.277942504965026,33.90260138020945],[36.27705629595831,33.903086435803715],[36.27692969467164,33.90319837171008],[36.276710252441404,33.90340731873531],[36.276727132612955,33.90365357772932],[36.278178827366816,33.905168443662184],[36.27990060486558,33.907175827583075],[36.28243263059906,33.91025779620511],[36.28359736243646,33.91168311341288],[36.28607874765526,33.91473523245988],[36.28822252944294,33.917279908731345],[36.28930286042256,33.918899248176814],[36.290813635776864,33.92119020306051],[36.292197809844495,33.92374234172573],[36.293244380481,33.925734800859104],[36.29439223214684,33.927533237754766],[36.29540504244024,33.92913765241273],[36.29659509453497,33.931010713245975],[36.29862071512175,33.934316553680745],[36.30033405253474,33.936898541920996],[36.30195454900416,33.939346207073605],[36.30273103689576,33.94052526528736],[36.30448657473764,33.94320426464647],[36.30644467463819,33.94598027512443],[36.30768536724759,33.94782348638264],[36.309213022773456,33.95026368914149],[36.31054655632642,33.95245017051257],[36.312074211852284,33.95490529805893],[36.31247933596964,33.95550975195333],[36.31316298291768,33.95621121696658],[36.31448807638487,33.95756191023676],[36.31641241594231,33.95943497107001],[36.318218594298855,33.96103938572797],[36.31934112570736,33.96192741058517],[36.32067465926033,33.96310646879893],[36.32188159152662,33.964158666318795],[36.322852201391115,33.964807894575735],[36.323392366880924,33.965173551869874],[36.324616179318774,33.966210824602236],[36.32652363870466,33.967845088835226],[36.33021195618976,33.970613636919424],[36.33119100614003,33.971188241238785],[36.33129228716937,33.97124794038885],[36.3314357686276,33.97133002672019],[36.33264270089389,33.97198671737089],[36.33385807324596,33.9728001182905],[36.33522536714204,33.97377022947904],[36.336702382153234,33.97474780306133],[36.337470429959055,33.975232858655595],[36.33887992428402,33.976299980962985],[36.33996025526364,33.977202930607696],[36.340517300925,33.97762082465814],[36.341234708216156,33.977926782802214],[36.34184239439219,33.9781954289775],[36.34228971893844,33.978217816158775],[36.34275392365624,33.97815065461496],[36.34319280811671,33.97809841785865],[36.34391021540786,33.97807603067738],[36.3453703502475,33.97804618110234],[36.34557291230618,33.97803871870859],[36.34630719976889,33.97808349307113],[36.347184968689824,33.97810588025241],[36.34829906001256,33.97818796658375],[36.355641934639635,33.98485934660336],[36.3567813462197,33.98523992868501],[36.35983665727143,33.984068332865014],[36.36239400326224,33.98309075928272],[36.36292572866627,33.98449368930921],[36.36328865235473,33.98572498427928],[36.36370221655787,33.9871577638808],[36.363879458359214,33.98761296990004],[36.36403137990322,33.987993551981695],[36.36643680435002,33.9943813610385],[36.368268302963905,33.99933639049378],[36.36824298270657,33.99985875805684],[36.36833582365013,34.00038858801365],[36.369753758060874,34.00453767894307],[36.37522293364518,34.005851060244474],[36.3792150942183,34.008104703159376],[36.382143803983354,34.00967180584854],[36.38283589101717,34.010179248624084],[36.383198814705636,34.01197768551975],[36.38326633539186,34.0123060308451],[36.38415254439858,34.01671630555605],[36.384599868944825,34.01879085102076],[36.38526663572131,34.020037070778336],[36.38562111932399,34.02068629903528],[36.387444177852096,34.0238951283512],[36.38955419929666,34.02754423889884],[36.39033912727404,34.028909856956545],[36.39078645182029,34.02888000738151],[36.39379112235734,34.02864867317501],[36.40134499912888,34.027924820980495],[36.40510927738598,34.027596475655145],[36.40362382228901,34.03269329059182],[36.40285577448319,34.03538721473845],[36.4010664762982,34.04164070070761],[36.40559880236112,34.0436480846285],[36.409692243963576,34.04540174716162],[36.414958857489204,34.04236455290213],[36.41581974623859,34.041864572520346],[36.41644431258618,34.04273021019627],[36.41897633831965,34.045715167699456],[36.42075719641887,34.04786433710174],[36.42135644250912,34.048685200415115],[36.422647775633195,34.05095376811754],[36.42431891261729,34.05385663928938],[36.42492659879333,34.054692427390265],[36.42631077286096,34.05407304870836],[36.42916352185401,34.052782054588235],[36.430421094634966,34.052416397294095],[36.431560506215035,34.05211043915002],[36.43230323376352,34.05191641691231],[36.43623631373619,34.05088660657371],[36.44044791653953,34.050073205654094],[36.441030282458236,34.049961269747726],[36.441891171207615,34.04972247314747],[36.442963062101455,34.049274729522],[36.44907368420491,34.04617037371869],[36.451816712082845,34.04490176677984],[36.453150245635804,34.044237613735376],[36.45401113438519,34.04397642995385],[36.45011181475564,34.047334507144924],[36.445284085690474,34.05166269552454],[36.44508996371758,34.05184925536849],[36.44921716566314,34.05156568440569],[36.46119364738249,34.047349431932446],[36.46163253184295,34.044804755660984],[36.466907585454365,34.04216306827067],[36.47711164916027,34.03999897408086],[36.48022604081245,34.0386258936294],[36.48339951306507,34.042767522165065],[36.48369491606731,34.04318541621551],[36.48627758231545,34.044073441072705],[36.489712697227205,34.04589426514964],[36.49513967238262,34.04875236195894],[36.50039784582248,34.0515283724369],[36.499950521276226,34.05378947774555],[36.499486316558425,34.05452079233383],[36.49916559329885,34.055020772715615],[36.49834690497836,34.056125206991794],[36.501410656115866,34.058863905500964],[36.5027948301835,34.05996087738338],[36.503410956445315,34.060468320158925],[36.503816080562665,34.06073696633421],[36.504356246052474,34.06109516123459],[36.50736091658953,34.06313239473051],[36.50798548293712,34.06607257787115],[36.50816272473847,34.066430772771525],[36.508567848855826,34.067042689059676],[36.50979166129367,34.06890828749917],[36.511268676304866,34.071176855201585],[36.51218020556892,34.072527548471776],[36.512880732688515,34.07340811093521],[36.514037024440135,34.07480357856795],[36.51122647587597,34.08108691411214],[36.51021366558258,34.083355481814564],[36.510264306097255,34.083646515171125],[36.51018834532525,34.084049484434054],[36.509437177690984,34.08549718882309],[36.5090826940883,34.08607925553621],[36.50873665057139,34.086907581243345],[36.508660689799385,34.08722846417494],[36.5083821669687,34.08816872578844],[36.50823868551047,34.088459759145],[36.50785888165045,34.088944814739264],[36.50739467693265,34.08942987033353],[36.50698111272951,34.08970597890258],[36.506035823122346,34.090265658434426],[36.50755503856244,34.09396700573837],[36.50849188808382,34.096265423015815],[36.508728210485614,34.0969967376041],[36.50897297297318,34.097996698367666],[36.50931057640431,34.09968319935696],[36.50936121691898,34.09969066175072],[36.51392730332502,34.10028765325136],[36.514661590787725,34.10148909864638],[36.51500763430463,34.10197415424065],[36.51569128125267,34.10270546882893],[36.51655217000205,34.10360841847364],[36.51753966003811,34.10439196981823],[36.518138906128364,34.10474270232485],[36.51844274921638,34.105056122862685],[36.51863687118928,34.10539939297555],[36.5187465923044,34.10601877165746],[36.518906953934184,34.10727991620256],[36.51907575564975,34.10757841195287],[36.51946399959555,34.1079813812158],[36.52154870078278,34.11071261733122],[36.522586831333506,34.11204092342013],[36.52439300969005,34.11435426548509],[36.52618230787504,34.115070655285855],[36.52900129652498,34.11619747674331],[36.529060377125425,34.11721236229439],[36.5320988080056,34.11869737865222],[36.53311161829899,34.119197359034004],[36.53401470747726,34.120107771072476],[36.534065347991934,34.12011523346623],[36.53701093792854,34.12090624720457],[36.53988056709315,34.121697260942916],[36.53972020546336,34.124555357752214],[36.54089337738654,34.12674183912329],[36.54365328543603,34.12830894181246],[36.54378832680848,34.12836864096253],[36.54432849229829,34.12861489995654],[36.54529066207701,34.12873429825667],[36.547839567982045,34.12989843168291],[36.5481265308985,34.13003275477055],[36.54818561149895,34.13005514195182],[36.55121560229335,34.131189425803036],[36.55280233841965,34.12967455987017],[36.555460965439806,34.13029393855208],[36.558786359236436,34.13104017792787],[36.55937716524092,34.13177895490991],[36.55976540918672,34.13226401050418],[36.56029713459075,34.13280130285475],[36.56059253759298,34.132980400304945],[36.560626297936096,34.13299532509246],[36.561326825055694,34.13320427211768],[36.56222991423397,34.13335351999284],[36.565715669660385,34.13380872601208],[36.56574098991772,34.13389827473717],[36.56636555626531,34.135920583445575],[36.56731084587248,34.13965924271831],[36.56797761264896,34.14215168223347],[36.56806201350674,34.1421815318085],[36.569488388003265,34.142666587402765],[36.57020579529441,34.143024782303144],[36.570416797438874,34.14318895496582],[36.57052651855399,34.143285966084676],[36.571412727560705,34.14404713024798],[36.57247617836877,34.144965004680216],[36.57247617836877,34.144994854255245],[36.57239177751099,34.145688856874735],[36.57205417407985,34.14650225779435],[36.5715308887616,34.147345508289],[36.57120172541625,34.147733552764414],[36.56998635306418,34.14865142719664],[36.569488388003265,34.14950960247881],[36.567952292391624,34.152278150563006],[36.568104213935634,34.152397548863135],[36.56875410054056,34.15291245403243],[36.56960654920416,34.15379301649587],[36.56991883237796,34.15421091054632],[36.5699779129784,34.154322846452686],[36.57014671469397,34.154643729384276],[36.570315516409536,34.1551362473723],[36.57028175606642,34.155703389297905],[36.57027331598064,34.15617352010466],[36.570399917267316,34.15650932782376],[36.57059403924021,34.156695887667716],[36.570720640526886,34.15681528596784],[36.57123548575936,34.15694960905548],[36.57160684953361,34.156964533843],[36.57279690162834,34.1568749851179],[36.57322734600303,34.157136168899434],[36.5750250842738,34.158031656150385],[36.577346107862816,34.15916594000159],[36.57806351515397,34.159427123783125],[36.57892440390335,34.15953159729573],[36.57955741033672,34.159628608414586],[36.58036765857143,34.15947189814567],[36.58135514860749,34.1594495109644],[36.581658991695505,34.159665920383375],[36.58170963221018,34.15994949134618],[36.581718072295956,34.160001728102486],[36.58238483907244,34.16144943249153],[36.58251988044489,34.1617031538793],[36.582789963189796,34.16218074707981],[36.58289968430491,34.16272550182414],[36.58295876490536,34.163016535180695],[36.583034725677365,34.16349412838121],[36.58301784550581,34.164076195094324],[36.58293344464802,34.16525525330808],[36.58299252524847,34.16532987724566],[36.583110686449366,34.16545673793955],[36.58416569717165,34.16650893545942],[36.58445266008811,34.16679996881598],[36.58590435484197,34.16797156463598],[36.586900284963804,34.16865064246795],[36.58706908667937,34.16876257837432],[36.58722100822337,34.16893421343075],[36.587364489681605,34.169068536518395],[36.58744045045361,34.1692625587561],[36.58749109096828,34.169471505781324],[36.587516411225614,34.169643140837756],[36.58749109096828,34.169814775894196],[36.58723788839493,34.170702800751386],[36.58675680350557,34.17174007348375],[36.58641075998867,34.17222512907801],[36.58584527424152,34.17288181972871],[36.585203827722374,34.17392655485482],[36.585119426864594,34.17411311469877],[36.58498438549214,34.17429221214896],[36.58491686480591,34.174516083961706],[36.5848831044628,34.17468771901814],[36.5848831044628,34.174919053224635],[36.58490842472013,34.17513546264361],[36.58497594540636,34.17529217291253],[36.58502658592103,34.175493657543996],[36.58571023286907,34.17664286618272],[36.58625039835888,34.17733686880221],[36.58734760951005,34.17834429195953],[36.58871490340613,34.17944126384195],[36.58960111241284,34.18017257843023],[36.590419800733336,34.180680021205774],[36.5909768463947,34.18101582892488],[36.59249606183479,34.181538196487935],[36.5935004320424,34.18204563926348],[36.59485084576692,34.18279934103303],[36.59591429657498,34.183336633383604],[36.59716342927016,34.1841351095157],[36.5986235641098,34.18512760788551],[36.59969545500363,34.18600817034895],[36.60019342006456,34.18665739860589],[36.600750465725916,34.18753796106933],[36.60118935018639,34.18835136198894],[36.601830796705535,34.18997070143442],[36.60203335876421,34.19046321942245],[36.602117759622,34.19063485447888],[36.602219040651335,34.190821414322826],[36.60232032168067,34.19099304937926],[36.60242160271001,34.19116468443569],[36.60253132382513,34.19133631949212],[36.60273388588381,34.191507954548555],[36.60291956777093,34.19170943918002],[36.60308836948649,34.19185868705518],[36.60331625180251,34.19198554774907],[36.60353569403274,34.19206017168665],[36.60373825609142,34.19212733323047],[36.60408429960833,34.19219449477429],[36.60502114912971,34.19239597940575],[36.605831397364426,34.192575076855945],[36.60658256499869,34.19282879824372],[36.60733373263296,34.192910884575056],[36.608143980867666,34.192933271756324],[36.60870946661481,34.19312729399403],[36.60876854721526,34.19314221878155],[36.609139910989505,34.19328400426295],[36.60981511785177,34.19356757522576],[36.6104228040278,34.19391084533862],[36.61048188462824,34.193933232519896],[36.61064224625803,34.19399293166995],[36.61087012857404,34.19406009321378],[36.61110645097584,34.19411979236384],[36.61134277337763,34.194172029120146],[36.61157909577942,34.194209341088936],[36.61182385826699,34.19423172827021],[36.61206018066878,34.194172029120146],[36.61227118281324,34.19415710433263],[36.61250750521503,34.19414964193887],[36.61331775344974,34.19409740518257],[36.61573161798232,34.19416456672639],[36.61770659805443,34.19445560008295],[36.6195043363252,34.19460484795811],[36.62043274576081,34.194701859076964],[36.62099823150795,34.194910806102186],[36.621234553909744,34.194985430039765],[36.62142867588264,34.19508244115862],[36.6215215168262,34.195149602702436],[36.621783159485325,34.19550779760282],[36.6218338,34.19603762755963],[36.621774719399546,34.1968062541167],[36.62174939914222,34.19762711743008],[36.621757839227996,34.19855245425607],[36.621757839227996,34.19873901410001],[36.62181691982844,34.19953002783836],[36.62167343837021,34.200261342426636],[36.62142867588264,34.200947882652365],[36.62111639270885,34.20129861515899],[36.62076190910616,34.20214186565364],[36.62028926430258,34.203074664873384],[36.61958873718298,34.20424626069338],[36.618786929034044,34.20553725481351],[36.61824676354424,34.20653721557707],[36.617546236424644,34.207365541284204],[36.61713267222151,34.20781328490968],[36.61664314724637,34.208149092628794],[36.615908859783666,34.208843095248284],[36.6149635701765,34.20943262435516],[36.61298015001861,34.21088779113796],[36.61239778409991,34.21130568518841],[36.61182385826699,34.21171611684509],[36.610676006601146,34.212686228033625],[36.61031308291268,34.213014573358976],[36.609604115707306,34.21367872640344],[36.609215871761506,34.21401453412254],[36.60804269983833,34.215014494886105],[36.60674292662848,34.21596221889337],[36.605611955134194,34.21694725486942],[36.604236221152334,34.21789497887668],[36.60311368974383,34.218820315702665],[36.6019995984211,34.21965610380355],[36.60072514546859,34.22052174147947],[36.60026094075078,34.22067845174839],[36.59988113689076,34.2207306885047],[36.59955197354541,34.220820237229795],[36.59899492788404,34.2211560449489],[36.59785551630398,34.221596326180624],[36.59685114609636,34.22191720911221],[36.595888976317646,34.22207391938113],[36.59489304619581,34.22210376895616],[36.59349199195662,34.22220078007501],[36.59204029720276,34.22232017837514],[36.5909768463947,34.22235749034393],[36.58971083352796,34.22254405018788],[36.588664262891456,34.22292463226954],[36.58814941765898,34.22316342886979],[36.58702688625048,34.224006679364436],[36.58609847681487,34.22492455379667],[36.585254468237046,34.2260364504666],[36.58438513940188,34.22728267022418],[36.58353269073828,34.22873783700698],[36.582730882589345,34.22996913197704],[36.5820894360702,34.230834769652965],[36.58174339255329,34.23135713721602],[36.58153239040883,34.23195412871666],[36.58159991109506,34.23270783048621],[36.58174339255329,34.23327497241181],[36.581819353325294,34.23421523402532],[36.582266677871544,34.236558425665315],[36.58260428130267,34.2384240241048],[36.58305160584892,34.24040155845066],[36.58299252524847,34.24263281418429],[36.58284060370446,34.244446175867466],[36.58283216361868,34.24581179392518],[36.582975645076914,34.24642371021333],[36.58310224636359,34.2474759077332],[36.583271048079155,34.248214684715236],[36.58348205022361,34.248625116371926],[36.5837183726254,34.2490728599974],[36.58376901314007,34.24953552841039],[36.58370149245385,34.24990864809829],[36.58323728773604,34.25155037472504],[36.582671801988894,34.25318463895803],[36.58164211152395,34.25561737932313],[36.58100910509058,34.25706508371216],[36.58068838183101,34.25848293852618],[36.58001317496875,34.25987094376516],[36.57914384613359,34.26184101571726],[36.57813947592597,34.26458717662018],[36.577810312580624,34.265378190358526],[36.577717471637065,34.26598264425292],[36.577734351808616,34.26809450168642],[36.577573990178834,34.27001233688221],[36.577270147090815,34.27184062335291],[36.57683126263034,34.272818196935205],[36.57640081825566,34.273422650829595],[36.575961933795185,34.27401964233023],[36.57561589027828,34.27434798765558],[36.575261406675594,34.27447484834947],[36.57476344161467,34.27446738595571],[36.57407979466664,34.27439276201813],[36.57369155072084,34.27430321329304],[36.57354806926261,34.27461663383087],[36.57375063132128,34.27475841931227],[36.57440051792621,34.275176313362714],[36.57487316272979,34.275549433050614],[36.57562433036406,34.27590762795099],[36.58239327915822,34.27888512306042],[36.583954695027195,34.2796164376487],[36.58435137905877,34.27978061031137],[36.58529666866593,34.280176117180545],[36.58632635913088,34.28063132319978],[36.58880774434969,34.281847693382325],[36.59002311670176,34.282511846426786],[36.59056328219157,34.282750643027036],[36.59144949119828,34.283317784952644],[36.59150857179873,34.28335509692143],[36.59239478080545,34.283847614909455],[36.59307842775348,34.28443714401634],[36.59379583504464,34.28507144748576],[36.59448792207846,34.28576545010525],[36.59515468885493,34.28624304330576],[36.59575393494519,34.28689973395646],[36.597138109012825,34.28839221270805],[36.59750947278707,34.28878771957722],[36.597669834416855,34.28894442984614],[36.597762675360414,34.2891459144776],[36.59783863613242,34.28931754953403],[36.5979230369902,34.2895190341655],[36.59781331587509,34.28969813161569],[36.5976529542453,34.28984737949085],[36.59755167321596,34.289892153853394],[36.59670766463813,34.290235423966266],[36.59394775658865,34.29062346844167],[36.593424471270396,34.290638393229194],[36.59242010106278,34.290959276160784],[36.59127224939694,34.291451794148806],[36.59045356107645,34.2917204403241],[36.5896939533564,34.29195177453059],[36.58914534778082,34.29201893607441],[36.5890356266657,34.29203386086193],[36.588672702977235,34.29204878564944],[36.58831821937455,34.29224280788715],[36.5877189732843,34.292638314756324],[36.58717036770871,34.29318306950066],[36.58657956170423,34.29364573791365],[36.586039396214424,34.293936771270204],[36.585254468237046,34.294190492657975],[36.584283858372544,34.29433974053314],[36.5840306557992,34.294481526014536],[36.58369305236807,34.29466808585848],[36.5827477627609,34.294929269640015],[36.58182779341107,34.294936732033776],[36.58170963221018,34.294936732033776],[36.580030055140305,34.29532477650918],[36.57838423841354,34.29560088507823],[36.57753178974994,34.29577252013466],[36.57690722340235,34.29592176800982],[36.57652741954233,34.295996391947405],[36.57629953722632,34.29604116630995],[36.57605477473874,34.29610086546001],[36.575810012251175,34.29613071503505],[36.575573689849385,34.29616802700384],[36.575337367447595,34.29621280136638],[36.575109485131584,34.296272500516444],[36.574881602815566,34.29633966206027],[36.574653720499555,34.2964217483916],[36.57445959852666,34.296399361210334],[36.5742485963822,34.296481447541666],[36.574029154151965,34.2965112971167],[36.5737843916644,34.29659338344804],[36.573497428747935,34.29675755611071],[36.57331174686081,34.296973965529695],[36.573168265402586,34.29712321340485],[36.572965703343904,34.29748140830523],[36.57294882317235,34.29753364506154],[36.57283066197145,34.29784706559937],[36.57261121974122,34.298444057100006],[36.572045733994074,34.298973887056825],[36.570644679754885,34.301011120552744],[36.5703661569242,34.30145140178446],[36.570256435809085,34.301630499234655],[36.57024799572331,34.301675273597205],[36.57021423538019,34.30179467189733],[36.570112954350854,34.301966306953766],[36.570028553493074,34.302123017222684],[36.56988507203484,34.302324501854145],[36.56969095006194,34.3025632984544],[36.56943774748859,34.30274985829835],[36.569032623371236,34.30292149335478],[36.568644379425436,34.30299611729236],[36.567952292391624,34.30308566601746],[36.56753872818849,34.30312297798625],[36.56723488510047,34.30313044038],[36.567023882956015,34.30313790277376],[36.56694792218401,34.303145365167516],[36.56667783943911,34.30308566601746],[36.56647527738043,34.30308566601746],[36.56620519463552,34.30310805319873],[36.56583383086128,34.30319013953007],[36.56552154768748,34.30328715064892],[36.56515862399902,34.3035035600679],[36.56483790073945,34.30380205581822],[36.56456781799454,34.30419010029363],[36.56368160898783,34.305018426000764],[36.56311612324068,34.305346771326114],[36.561951391403284,34.30577212777032],[36.56067693845077,34.30619002182076],[36.55997641133117,34.306585528689936],[36.5598498100445,34.306660152627515],[36.559318084640466,34.30713028343427],[36.558701958378656,34.30761533902853],[36.558094272202624,34.307883985203816],[36.5570561416519,34.30827949207299],[36.55602645118695,34.30871231091095],[36.555401884839355,34.309063043417574],[36.55503896115089,34.30945855028675],[36.55475199823443,34.30986151954968],[36.554692917633986,34.310048079393624],[36.55465071720509,34.3102122520563],[36.554633837033535,34.31039134950649],[36.55465915729087,34.31054805977541],[36.554701357719765,34.3107271572256],[36.55476887840599,34.31092864185706],[36.55483639909222,34.31109281451974],[36.55492079995,34.31124952478866],[36.55503896115089,34.311480858995154],[36.5551908826949,34.311719655595404],[36.555773248613605,34.31251066933375],[36.55665101753454,34.31352555488483],[36.55733466448258,34.314346418198205],[36.55779886920038,34.315077732786484],[36.5579085903155,34.31525683023668],[36.55799299117328,34.31539115332432],[36.55811115237418,34.31555532598699],[36.5582208734893,34.3157493482247],[36.55833059460441,34.31595829524992],[36.55836435494753,34.31624932860648],[36.55833903469019,34.31654036196304],[36.558254633832405,34.316838857713364],[36.558229313575076,34.31779404411438],[36.55827995408974,34.3183761108275],[36.55850783640575,34.31909996302202],[36.55906488206712,34.320189472510684],[36.55979916952983,34.32140584269323],[36.56012833287518,34.321823736743674],[36.56066849836499,34.32230879233794],[36.560896380681,34.32250281457565],[36.561022981967675,34.322681912025836],[36.56122554402636,34.32283862229475],[36.56138590565614,34.32299533256367],[36.56152094702859,34.32318189240762],[36.56168974874416,34.323375914645325],[36.56181635003083,34.32356993688303],[36.56199359183218,34.32396544375221],[36.562179273719295,34.324472886527744],[36.56220459397663,34.32496540451577],[36.56219615389085,34.325428072928766],[36.56212019311885,34.325913128523034],[36.56181635003083,34.326435496086084],[36.56163066814371,34.3266817550801],[36.56145342634237,34.32686085253029],[36.561326825055694,34.327099649130545],[36.56113270308279,34.3273384457308],[36.56104830222501,34.327510080787235],[36.56082885999478,34.32773395259997],[36.56068537853655,34.327913050050164],[36.560339335019634,34.32814438425666],[36.56007769236051,34.32833840649437],[36.55981604970138,34.32850257915704],[36.55950376652759,34.32870406378851],[36.559098642410234,34.32897270996379],[36.5585669170062,34.32931598007666],[36.557157422681236,34.32991297157729],[36.5555031658687,34.33037563999029],[36.55460007669043,34.33072637249691],[36.55252381558898,34.33194274267946],[36.55138440400891,34.33271883163028],[36.55051507517375,34.33332328552468],[36.54995802951238,34.33397997617538],[36.54813497098428,34.336457490903015],[36.547856448153595,34.336875384953466],[36.54756948523714,34.33732312857894],[36.547155921034005,34.337972356835884],[36.54680987751709,34.33847233721767],[36.54547634396413,34.33933797489359],[36.54503745950366,34.33982303048785],[36.54478425693031,34.3405244955011],[36.54421877118317,34.34191250074008],[36.544007769038714,34.34248710505944],[36.54401620912449,34.343285581191545],[36.54311311994622,34.34515117963103],[36.54272487600042,34.34636008741982],[36.54238727256929,34.34741228493969],[36.54221003076795,34.34813613713421],[36.541931507937264,34.34872566624109],[36.54170362562125,34.34918087226033],[36.54139978253323,34.34951667997943],[36.540775216185644,34.350150983448856],[36.54071613558519,34.35021814499268],[36.540235050695834,34.35106139548733],[36.53956828391935,34.35181509725688],[36.53912095937311,34.35255387423892],[36.5382685107095,34.35375531963395],[36.537998427964595,34.35438962310337],[36.53793090727837,34.35481497954758],[36.5378802667637,34.35515078726669],[36.537686144790804,34.356031349730124],[36.537382301702785,34.35672535234961],[36.53687589655609,34.35744174215038],[36.536301970723166,34.35809097040732],[36.53576180523336,34.35841931573267],[36.53565208411824,34.35847901488273],[36.53513723888577,34.35874766105802],[36.53471523459686,34.35937450213369],[36.534149748849714,34.36095652961037],[36.53388810619059,34.3614490475984],[36.532900616154535,34.363307183644125],[36.532529252380286,34.36386686317597],[36.53188780586114,34.36484443675827],[36.531381400714444,34.36542650347138],[36.530993156768645,34.36585932230935],[36.53056271239396,34.3664712385975],[36.52994658613214,34.367239865154566],[36.52877341420896,34.3682099763431],[36.52832608966272,34.36865771996858],[36.528131967689816,34.36925471146922],[36.527988486231585,34.369754691851],[36.527963165974256,34.370180048295204],[36.52920385858366,34.37088151330845],[36.52928825944144,34.370926287671],[36.53048675162195,34.37156805353418],[36.53101847702598,34.372105345884755],[36.53108599771221,34.37217250742857],[36.53201440714781,34.373082919467045],[36.53263897349541,34.3736052870301],[36.532681173924296,34.37362767421138],[36.533373260958115,34.37399333150552],[36.53400626739148,34.37424705289329],[36.53472367468264,34.37461271018743],[36.53572804489025,34.375052991419146],[36.53619224960805,34.375418648713286],[36.536529853039184,34.37600817782016],[36.537070018528986,34.37717977364016],[36.53717973964411,34.377411107846655],[36.53725570041611,34.37758274290309],[36.53732322110234,34.377821539503344],[36.53735698144545,34.37800809934729],[36.53735698144545,34.37817973440372],[36.53750046290368,34.3783439070664],[36.53754266333257,34.37836629424768],[36.53769458487658,34.378470767760284],[36.53787182667792,34.37859016606041],[36.538074388736604,34.378731951541816],[36.54045449292607,34.37997070890563],[36.54321440097556,34.38141095090092],[36.54421877118317,34.381993017614036],[36.544539494442745,34.38231390054563],[36.54489397804543,34.38259000911468],[36.544986818988995,34.382843730502444],[36.54571266636592,34.38364220663455],[36.54601650945394,34.38388846562856],[36.546700156401975,34.3842541229227],[36.54729096240646,34.38451530670423],[36.548016809783384,34.38483618963582],[36.548995859733665,34.38534363241136],[36.549460064451466,34.385806300824356],[36.549763907539486,34.38606748460588],[36.55032095320085,34.386851035950464],[36.550861118690655,34.387589812932504],[36.55125780272223,34.38803755655798],[36.55153632555292,34.38834351470206],[36.55194988975605,34.38860469848358],[36.55249005524586,34.38891065662766],[36.553004900478335,34.3894180994032],[36.55341846468147,34.38981360627238],[36.55397551034283,34.39048522171059],[36.554304673688186,34.39120161151135],[36.55435531420285,34.391313547417724],[36.55444815514642,34.39141055853658],[36.5548026387491,34.39177621583072],[36.55527528355268,34.39220157227492],[36.55719962311013,34.39408209550192],[36.55796767091595,34.39478356051517],[36.558794799322214,34.3954178639846],[36.559714768672045,34.39606709224154],[36.560010171674286,34.396253652085484],[36.5605081367352,34.39667900852969],[36.559925770816506,34.396708858104724],[36.560170533304074,34.397320774392874],[36.56015365313252,34.39734316157415],[36.55984136995872,34.39784314195593],[36.55967256824316,34.39835804712523],[36.5596556880716,34.39841028388153],[36.55949532644181,34.39876101638816],[36.55935184498358,34.39913413607606],[36.55898892129512,34.39974605236421],[36.55876103897911,34.40052960370879],[36.55876103897911,34.400917648184205],[36.55876947906488,34.40205939442917],[36.55876947906488,34.40236535257325],[36.55875259889333,34.40281309619873],[36.55850783640575,34.404604070700636],[36.5582968342613,34.40475331857579],[36.55773134851415,34.40515628783872],[36.55753722654126,34.40541000922649],[36.55736842482569,34.40589506482076],[36.55708146190923,34.40714128457834],[36.55670165804921,34.407708426503945],[36.556237453331406,34.40866361290496],[36.55614461238785,34.41030533953171],[36.555629767155374,34.411387386626615],[36.55552848612603,34.41155902168305],[36.5547266779771,34.41295448931578],[36.55415275214418,34.41426787061718],[36.55365478708326,34.415715575006224],[36.553545065968144,34.41649912635081],[36.55360414656859,34.41686478364495],[36.5536379069117,34.41712596742648],[36.553924869828165,34.417349839239215],[36.55442283488908,34.41773788371463],[36.55395863017127,34.41830502564024],[36.55303866082145,34.4193049864038],[36.55174732769737,34.42084223951794],[36.55119028203601,34.42158101649997],[36.55025343251462,34.42280484907628],[36.549097140763,34.42436448937169],[36.54903806016255,34.42443911330927],[36.54717280120556,34.42383465941488],[36.54635411288507,34.423566013239586],[36.54316376046089,34.422715300351186],[36.54310467986044,34.422700375563664],[36.542758636343535,34.42256605247602],[36.54208342948127,34.42228994390698],[36.541458863133684,34.422073534488],[36.541062179102106,34.422006372944175],[36.54074145584253,34.42199144815666],[36.54050513344074,34.422043684912964],[36.540294131296285,34.42214069603182],[36.54012532958072,34.42228994390698],[36.54012532958072,34.422334718269525],[36.54010844940916,34.42248396614469],[36.53998184812249,34.4228720106201],[36.5397455257207,34.42298394652647],[36.539458562804235,34.4230137961015],[36.53897747791488,34.423028720889015],[36.538918397314426,34.423028720889015],[36.5388508766282,34.42305857046405],[36.53854703354018,34.42319289355169],[36.53804906847927,34.423394378183154],[36.53731478101656,34.42378988505233],[36.53716285947255,34.424021219258826],[36.53697717758543,34.424342102190415],[36.5366395741543,34.42472268427207],[36.5362513302085,34.42500625523488],[36.53589684660581,34.42551369801041],[36.5355508030889,34.425812193760734],[36.53523007982933,34.42599875360468],[36.534622393653294,34.426140539086084],[36.533989387219926,34.42619277584239],[36.53366022387458,34.42617038866111],[36.53342390147279,34.42620023823615],[36.53306097778432,34.42626739977997],[36.53277401486786,34.42627486217373],[36.532537692466065,34.426140539086084],[36.5321747687776,34.425767419398184],[36.53174432440291,34.42557339716048],[36.53155864251579,34.42530475098519],[36.53130543994244,34.42513311592876],[36.53104379728332,34.42505102959742],[36.530841235224635,34.42506595438494],[36.53064711325174,34.42517042789755],[36.53063023308018,34.42525251422889],[36.530604912822845,34.42541668689156],[36.531288559770886,34.427110650274614],[36.53149956191534,34.42783450246914],[36.53164304337357,34.428177772582],[36.53210724809138,34.42896878632035],[36.53223384937805,34.42914042137678],[36.53232669032161,34.429326981220726],[36.53235201057895,34.42947622909589],[36.52662119233551,34.431707484829516],[36.52623294838971,34.43125227881028],[36.52614010744615,34.43106571896633],[36.52607258675992,34.43087169672862],[36.52602194624526,34.43067021209716],[36.5260050660737,34.430476189859455],[36.5260050660737,34.43027470522799],[36.52603038633103,34.430065758202765],[36.5260810268457,34.42987173596506],[36.52619074796082,34.42966278893984],[36.52628358890438,34.42947622909589],[36.52633422941905,34.42927474446442],[36.526359549676386,34.429080722226715],[36.52637642984794,34.429006098289136],[36.52641019019106,34.42886431280773],[36.52640175010528,34.42868521535755],[36.52624982856127,34.428438956363536],[36.525836264358134,34.42808076146315],[36.5256927828999,34.42796136316302],[36.52440988986161,34.42713303745589],[36.52377688342824,34.42689424085564],[36.52354900111223,34.42684200409933],[36.52331267871043,34.42677484255551],[36.52310167656598,34.42673753058672],[36.522890674421525,34.426759917767995],[36.52284847399263,34.426759917767995],[36.52246867013261,34.42755093150634],[36.522114186529926,34.428073299069396],[36.522046665843696,34.428267321307096],[36.52202134558636,34.428468805938564],[36.52203822575792,34.428670290570025],[36.52208886627259,34.42886431280773],[36.52219014730193,34.429050872651686],[36.5223167485886,34.42925981967691],[36.52236738910327,34.429453841914615],[36.52233362876016,34.429655326546076],[36.52217326713037,34.42987919835882],[36.521970705071695,34.42999859665895],[36.52177658309879,34.430065758202765],[36.521582461125895,34.43016276932162],[36.52139677923877,34.43026724283423],[36.521194217180096,34.43041649070939],[36.521050735721865,34.43062543773461],[36.52094101460675,34.430841847153594],[36.52094945469253,34.43120004205397],[36.521050735721865,34.43191643185474],[36.52102541546453,34.432685058411806],[36.52082285340585,34.4331477268248],[36.52031644825915,34.433819342263014],[36.52045992971738,34.43398351492569],[36.5204936900605,34.434192461950914],[36.520594971089835,34.43436409700735],[36.5205696508325,34.43456558163881],[36.520510570232055,34.434729754301486],[36.52045992971738,34.43487900217664],[36.52011388620048,34.43514764835193],[36.51984380345557,34.43525212186454],[36.51941335908088,34.43522973468327],[36.51892383410574,34.435170035533204],[36.518881633676855,34.43516257313944],[36.51861155093195,34.43525212186454],[36.51853559015994,34.43538644495219],[36.51829926775815,34.43580433900263],[36.51806294535636,34.436035673209126],[36.5174636992661,34.43633416895945],[36.51687289326163,34.43664758949728],[36.5163411678576,34.43678191258492],[36.51608796528425,34.436811762159955],[36.5157588019389,34.436729675828616],[36.515429638593545,34.43645356725957],[36.51490635327529,34.43567001591499],[36.514813512331735,34.43548345607104],[36.51477131190284,34.43528943383333],[36.51477131190284,34.435087949201865],[36.51482195241751,34.43489392696416],[36.51487259293218,34.4348342278141],[36.51497387396152,34.434759603876515],[36.5151004752482,34.434602893607604],[36.515134235591304,34.434520807276265],[36.515193316191755,34.43436409700735],[36.51511735541975,34.43413276280085],[36.51497387396152,34.43396859013817],[36.5146700308735,34.43388650380684],[36.51425646667037,34.43391635338187],[36.514045464525914,34.43388650380684],[36.513809142124124,34.43400590210697],[36.513733181352116,34.434476032913715],[36.51361502015122,34.43539390734594],[36.51346309860721,34.43564016633996],[36.513209896033864,34.435744639852565],[36.51291449303162,34.43572225267129],[36.51231524694137,34.43556554240238],[36.51208736462536,34.43565509112747],[36.51188480256668,34.436080447571676],[36.51229836676981,34.43620730826556],[36.51283853225962,34.43637894332199],[36.513024214146746,34.43670728864734],[36.51322677620542,34.43706548354773],[36.51321833611964,34.43761023829205],[36.51261064994361,34.438281853730274],[36.51224772625515,34.43875198453702],[36.511969203424464,34.438975856349764],[36.51153875904977,34.43915495379995],[36.51145435819199,34.43927435210008],[36.51131087673376,34.43943852476276],[36.51120115561864,34.43958031024415],[36.51113363493241,34.4397668700881],[36.51109143450352,34.43994596753829],[36.51114207501819,34.44011014020097],[36.5112939965622,34.44030416243868],[36.51178352153734,34.44043102313256],[36.51179196162312,34.44046087270759],[36.51186792239512,34.44060265818899],[36.511808841794675,34.4407444436704],[36.511682240508,34.44087130436428],[36.511504998706656,34.44099070266441],[36.51122647587597,34.44109517617702],[36.51091419270218,34.44112502575205],[36.5106356698715,34.441147412933326],[36.51033182678348,34.44112502575205],[36.51007018412435,34.441065326601986],[36.50975790095056,34.440893691545554],[36.509589099234994,34.440729518882875],[36.50945405786254,34.440565346220204],[36.50916709494608,34.44009521541345],[36.50886325185807,34.43964747178798],[36.50863536954205,34.43955792306288],[36.508508768255375,34.439431062368996],[36.508044563537574,34.439184803374985],[36.50784200147889,34.43912510422492],[36.50763099933444,34.43931166406887],[36.50779136096423,34.43972955811931],[36.50824712559625,34.44070713170161],[36.50829776611092,34.44109517617702],[36.508508768255375,34.44137128474606],[36.50882105142917,34.44152799501498],[36.50920929537497,34.4417369420402],[36.509741020779,34.442124986515616],[36.51048374832749,34.4423413959346],[36.51167380042222,34.442610042109884],[36.51192700299557,34.442863763497655],[36.51200296376757,34.442983161797784],[36.51232368702715,34.44346075499829],[36.51246716848538,34.443841337079945],[36.512492488742716,34.443886111442495],[36.512500928828494,34.4440801336802],[36.51223928616937,34.44433385506797],[36.511336196991095,34.44499800811243],[36.510728510815056,34.445438289344146],[36.509816981551005,34.446333776595104],[36.509352776833204,34.44687853133943],[36.50898141305896,34.44708747836465],[36.50860160919894,34.44737104932746],[36.508179604910026,34.44779640577166],[36.50767319976333,34.448244149397134],[36.507571918733994,34.44832623572847],[36.507411557104206,34.4483933972723],[36.50724275538864,34.44847548360363],[36.50693047221484,34.44860234429752],[36.506584428697934,34.44880382892898],[36.50617930458058,34.44893815201662],[36.50574042012011,34.449072475104266],[36.505428136946314,34.44907993749803],[36.50517493437297,34.449109787073056],[36.50486265119917,34.449050087923],[36.504406886567146,34.448990388772934],[36.50389204133467,34.44893068962287],[36.50253318752437,34.44860980669127],[36.501267174657634,34.44841578445357],[36.5011658936283,34.44842324684733],[36.50070168891049,34.44847548360363],[36.50027968462158,34.448542645147455],[36.5000011617909,34.44860234429752],[36.4988364299535,34.44869189302261],[36.497173733055185,34.44889337765408],[36.496397245163585,34.44908739989179],[36.494869589637716,34.44957991787981],[36.49471766809371,34.4496694666049],[36.494557306463925,34.449766477723756],[36.49427878363324,34.449923187992674],[36.49403402114567,34.45028884528681],[36.493637337114095,34.45081867524363],[36.49328285351141,34.451244031687835],[36.49287772939405,34.45174401206962],[36.49237132424736,34.45231115399522],[36.49205904107356,34.45243801468911],[36.49197464021578,34.45260964974554],[36.492084361330896,34.452796209589486],[36.492244722960685,34.4530424685835],[36.492860849222495,34.45370662162796],[36.4935951366852,34.45406481652834],[36.494548866378146,34.45431853791611],[36.494878029723495,34.4544080866412],[36.49560387710043,34.45456479691012],[36.49575579864444,34.454594646485155],[36.49636348482047,34.45475881914783],[36.494869589637716,34.45530357389216],[36.487779917583985,34.45789302452617],[36.486480144374134,34.45743781850693],[36.48613410085723,34.45744528090069],[36.485855578026545,34.457609453563364],[36.48565301596786,34.45772138946973],[36.48559393536742,34.45777362622604],[36.485458893994966,34.45789302452617],[36.48528165219362,34.457975110857504],[36.48483432764738,34.458184057882725],[36.484488284130464,34.4582959937891],[36.48414224061356,34.4582959937891],[36.48389747812599,34.458266144214065],[36.483618955295306,34.458236294639036],[36.48334043246462,34.45810197155139],[36.48297750877616,34.458019885220054],[36.482462663543686,34.45805719718884],[36.481863417453425,34.4585795647519],[36.48181277693876,34.45861687672069],[36.48159333470852,34.45878851177712],[36.48079152655959,34.458967609227315],[36.48059740458669,34.459004921196104],[36.480242920984004,34.459370578490244],[36.4799728382391,34.45981832211572],[36.47982935678087,34.459982494778394],[36.47965211497952,34.460109355472284],[36.47943267274929,34.46020636659113],[36.4791963503475,34.46025114095368],[36.47895158785993,34.46025860334744],[36.47866462494347,34.46019890419738],[36.477921897394985,34.460019806747184],[36.477694015078974,34.45996010759712],[36.47745769267718,34.45991533323458],[36.47721293018961,34.45988548365954],[36.47696816770204,34.459870558872026],[36.47672340521447,34.459870558872026],[36.476081958695325,34.459982494778394],[36.4753561113184,34.46016159222859],[36.4744614622259,34.460646647822855],[36.47398881742232,34.46051232473521],[36.473085728244044,34.46098991793572],[36.47234300069556,34.46077350851674],[36.4709672667137,34.46033322728502],[36.47024141933677,34.46019890419738],[36.46971813401852,34.460355614466295],[36.469388970673165,34.46079589569801],[36.46903448707048,34.461251101717245],[36.46882348492603,34.4614898983175],[36.4686378030389,34.46139288719865],[36.46846900132334,34.46110185384209],[36.46821579874999,34.46098991793572],[36.46782755480419,34.46107946666081],[36.46758279231662,34.46135557522986],[36.46738867034372,34.461952566730496],[36.46735491000061,34.4621465889682],[36.46727894922861,34.462557020624885],[36.46711858759882,34.46285551637521],[36.467076387169925,34.46286297876897],[36.466755663910355,34.462922677919025],[36.465827254474746,34.46274358046884],[36.46477224375246,34.46259433259368],[36.46408859680442,34.462728655681325],[36.4640210761182,34.46273611807508],[36.46391979508886,34.46275850525635],[36.46379319380219,34.46285551637521],[36.46355687140039,34.46304207621915],[36.4632445882266,34.463542056600936],[36.462746623165685,34.46400472501393],[36.462299298619435,34.46443008145813],[36.462071416303424,34.464646490877115],[36.46187729433052,34.46513900886514],[36.46179289347274,34.46540765504042],[36.46172537278651,34.465631526853166],[36.46139620944116,34.46601957132858],[36.46077164309357,34.466773273098134],[36.46004579571664,34.46765383556157],[36.45964911168506,34.46825082706221],[36.45932838842549,34.46862394675011],[36.45880510310724,34.46903437840679],[36.458045495387196,34.46969106905749],[36.457446249296936,34.470370146889465],[36.45718460663781,34.47060148109596],[36.456990484664914,34.47076565375863],[36.45628151745954,34.471265634140416],[36.45549658948216,34.471802926490994],[36.45502394467858,34.47213127181634],[36.454812942534126,34.47235514362908],[36.45458506021811,34.47282527443583],[36.454441578759884,34.47337002918016],[36.45438249815943,34.47365360014296],[36.45419681627231,34.473967020680796],[36.4539267335274,34.47419835488729],[36.45373261155451,34.47446700106258],[36.45363133052517,34.474825195962964],[36.45362289043939,34.475153541288314],[36.45360601026783,34.47566844645761],[36.453513169324275,34.47626543795825],[36.4531924460647,34.47685496706512],[36.45270292108956,34.47737733462818],[36.45240751808732,34.47778030389111],[36.45216275559975,34.47822058512283],[36.45187579268329,34.478750415079645],[36.451749191396615,34.47919069631136],[36.45137782762237,34.47974291344945],[36.4513271871077,34.47981753738703],[36.45124278624992,34.47991454850588],[36.45093050307613,34.48027274340627],[36.4508629823899,34.48036229213136],[36.45071106084589,34.48060108873162],[36.4505506992161,34.4811010691134],[36.45046629835832,34.48137717768245],[36.450449418186764,34.48145926401378],[36.45007805441252,34.48168313582652],[36.4496222897805,34.48186969567047],[36.449141204891134,34.482093567483204],[36.44903148377602,34.482138341845754],[36.44883736180312,34.48230997690219],[36.448727640688006,34.48268309659009],[36.44839003725687,34.483496497509705],[36.44817903511242,34.4841531881604],[36.4474869480786,34.48522031046779],[36.44649101795677,34.486556078950464],[36.44642349727054,34.486675477250586],[36.445663889550495,34.487944084189444],[36.44532628611937,34.48845152696498],[36.44502244303135,34.48966789714753],[36.44464263917133,34.49148872122447],[36.444355676254865,34.49233943411287],[36.44415311419619,34.49307074870116],[36.4439927525664,34.493824450470704],[36.44363826896372,34.49436920521504],[36.44325002501792,34.494936347140644],[36.44262545867032,34.495794522422806],[36.442127493609405,34.49666016009873],[36.44147760700448,34.49789145506879],[36.44054075748309,34.49916006200764],[36.440262234652415,34.49969735435822],[36.43967986873371,34.50051075527783],[36.43861641792565,34.501562952797705],[36.438118452864735,34.50198830924191],[36.4345229763232,34.501525640828916],[36.42830263310463,34.5007122399093],[36.42335674283857,34.497675045649814],[36.416638434559076,34.493548341901665],[36.407354340203,34.49745863623083],[36.40026466814927,34.4978541431],[36.39570702182901,34.49950333212051],[36.395614180885445,34.4991675244014],[36.3943903684476,34.498824254288536],[36.39003528418602,34.49736908750573],[36.388516068745936,34.496861644730195],[36.38801810368502,34.49671239685503],[36.387604539481885,34.496607923342424],[36.387207855450306,34.49645867546727],[36.38679429124717,34.496406438710956],[36.38631320635781,34.49629450280459],[36.386135964556466,34.49636166434841],[36.386051563698686,34.49639151392344],[36.38580680121112,34.49659299855491],[36.38559579906666,34.497107903724206],[36.38555359863777,34.49748102341211],[36.38555359863777,34.49769743283108],[36.385519838294655,34.497869067887514],[36.38549451803732,34.49797354140013],[36.38541855726532,34.49837651066306],[36.38532571632176,34.499152599613886],[36.38534259649331,34.499436170576686],[36.385224435292415,34.50022718431503],[36.38478555083195,34.50124206986611],[36.38470114997416,34.50145101689134],[36.38427070559948,34.50210770754203],[36.38340137676431,34.50292110846165],[36.3827092897305,34.50313751788063],[36.38224508501269,34.50313005548687],[36.38170491952288,34.503115130699356],[36.38119851437619,34.50295842043044],[36.380599268285934,34.50279424776777],[36.380135063568126,34.50271962383019],[36.379670858850325,34.502547988773756],[36.37912225327474,34.50226441781095],[36.37839640589781,34.50190622291057],[36.377780279636,34.50145101689134],[36.3773920356902,34.5009958108721],[36.377147273202624,34.50060776639668],[36.376826549943054,34.499876451808404],[36.37675058917105,34.49921229876395],[36.3766155477986,34.49876455513847],[36.37631170471058,34.49843620981312],[36.375805299563886,34.49833173630051],[36.375602737505204,34.498286961937964],[36.37539173536075,34.49833173630051],[36.375045691843845,34.49847352178191],[36.374817809527826,34.49872724316968],[36.37457304704026,34.49929438509528],[36.37442112549625,34.50032419543388],[36.374665887983824,34.50153310322267],[36.37477560909894,34.502577838348785],[36.37476716901316,34.50307781873057],[36.37484312978516,34.50342855123719],[36.37480936944205,34.50346586320598],[36.373492716060646,34.50337631448089],[36.373425195374416,34.50337631448089],[36.37283438936994,34.50340616405592],[36.37224358336546,34.503316615330824],[36.37200726096367,34.503227066605724],[36.37178781873344,34.50313751788063],[36.37151773598853,34.5031076683056],[36.371272973500965,34.50310020591184],[36.371036651099175,34.50310020591184],[36.3707918886116,34.503115130699356],[36.37054712612403,34.50314498027439],[36.37048804552359,34.50316736745566],[36.370277043379126,34.503241991393246],[36.37006604123467,34.50338377687464],[36.36978751840399,34.5035330247498],[36.36914607188484,34.5036225734749],[36.36821766244923,34.5036225734749],[36.367812538331876,34.50357779911235],[36.3661751616909,34.50336138969337],[36.36475722728015,34.50336885208713],[36.36412422084678,34.50345840081222],[36.363727536815205,34.50338377687464],[36.36322113166851,34.50313005548687],[36.362807567465374,34.50312259309312],[36.36238556317646,34.503234528999485],[36.36156687485597,34.50339870166216],[36.36061314516303,34.50366734783744],[36.36029242190345,34.503891219650185],[36.35954969435497,34.50439866242572],[36.359034849122494,34.50451806072585],[36.358165520287336,34.504495673544575],[36.35784479702776,34.504585222269675],[36.357481873339296,34.50497326674509],[36.35699234836416,34.505480709520626],[36.3565872242468,34.50576428048343],[36.355726335497415,34.50634634719655],[36.354873886833815,34.50696572587846],[36.354181799799996,34.50739854471642],[36.353717595082195,34.50750301822903],[36.352949547276374,34.50737615753515],[36.351928296897206,34.50708512417859],[36.35137125123584,34.50707019939107],[36.35112648874827,34.507443319078966],[36.35111804866249,34.50774181482929],[36.351101168490935,34.50823433281731],[36.350856406003366,34.508831324317946],[36.35051880257223,34.509077583311964],[36.35005459785443,34.50929399273094],[36.34982671553842,34.50945070299986],[36.34975075476641,34.509577563693746],[36.34963259356552,34.50977904832521],[36.34928655004861,34.50992083380661],[36.34865354361524,34.509652187631325],[36.34861978327213,34.50963726284381],[36.34793613632409,34.50962233805629],[36.34737909066273,34.50978651071897],[36.347328450148055,34.509853672262786],[36.34700772688848,34.510219329556925],[36.346999286802706,34.510301415888264],[36.346940206202255,34.51076408430126],[36.346881125601804,34.5115028612833],[36.3469233260307,34.511644646764694],[36.34705836740315,34.51210731517769],[36.34729468980494,34.51268938189081],[36.347480371692065,34.51322667424138],[36.34749725186362,34.513278910997684],[36.34754789237829,34.51337592211654],[36.34782641520897,34.51395798882966],[36.34811337812543,34.514928100018196],[36.348341260441444,34.51572657615029],[36.34859446301479,34.516226556532075],[36.349016467303706,34.51680116085144],[36.34938783107795,34.51711458138927],[36.349463791849956,34.51716681814558],[36.350485042229124,34.517905595127615],[36.3514640921794,34.518607060140866],[36.351489412436734,34.51862944732214],[36.352249020156776,34.519092115735134],[36.35253598307324,34.51959955851067],[36.35266258435991,34.5197189568108],[36.35325339036439,34.52009953889245],[36.35436748168712,34.52038310985526],[36.355110209235605,34.520689067999335],[36.35597953807076,34.52106965008099],[36.356950147935265,34.52132337146876],[36.35824148105934,34.521547243281496],[36.35846936337535,34.52161440482532],[36.35869724569136,34.52169649115666],[36.3589926486936,34.52177111509424],[36.35927961161006,34.52186066381933],[36.359743816327864,34.52212184760086],[36.35998013872966,34.522405418563665],[36.36016582061678,34.52277853825156],[36.360570944734135,34.523382992145955],[36.360959188679935,34.52372626225882],[36.36128835202529,34.524039682796655],[36.36165971579953,34.524375490515766],[36.36192979854444,34.524741147809905],[36.36213236060311,34.52508441792277],[36.36240244334802,34.52544261282315],[36.36260500540669,34.52581573251105],[36.36279068729382,34.52618885219894],[36.36299324935249,34.526614208643146],[36.36323801184007,34.52718881296251],[36.363651576043196,34.52761416940671],[36.36431834281968,34.52794997712582],[36.36517079148329,34.52824101048238],[36.36583755825977,34.52858428059525],[36.36635240349224,34.52894993788939],[36.36636928366379,34.5289648626769],[36.366419924178466,34.52899471225194],[36.367339893528296,34.529636478115115],[36.36833582365013,34.530740912391295],[36.368589026223475,34.53118119362301],[36.36924735291418,34.532337864655496],[36.37014200200667,34.53355423483804],[36.370496485609365,34.53400197846352],[36.37094381015561,34.53426316224505],[36.37154305624587,34.53463628193295],[36.37184689933388,34.534867616139444],[36.372116982078786,34.535195961464794],[36.372285783794354,34.53538252130874],[36.3724630255957,34.53549445721511],[36.37271622816905,34.53562878030275],[36.37302007125706,34.535725791421605],[36.373104472114846,34.53571832902785],[36.373897840178,34.535651167484026],[36.37516385304474,34.535404908490015],[36.37592346076478,34.53525566061486],[36.376201983595465,34.535322822158676],[36.376961591315506,34.53549445721511],[36.37816008349602,34.53580041535918],[36.37939233601964,34.53622577180339],[36.38025322476903,34.53641233164734],[36.3813504359202,34.53682276330402],[36.38209316346868,34.537203345385684],[36.38230416561314,34.537322743685806],[36.38248984750026,34.537449604379695],[36.382667089301606,34.53759138986109],[36.382827450931394,34.53774810013001],[36.38296249230385,34.53791227279269],[36.38308909359052,34.53808390784912],[36.383198814705636,34.538263005299314],[36.383291655649195,34.53844956514326],[36.383367616421204,34.53864358738097],[36.383367616421204,34.539046556643896],[36.38354485822254,34.539815183200965],[36.383747420281225,34.54066589608937],[36.383831821139005,34.540882305508354],[36.38380650088167,34.541091252533576],[36.383747420281225,34.54128527477128],[36.383671459509216,34.54147183461523],[36.38357861856566,34.541658394459176],[36.38346045736476,34.54183749190937],[36.38315661427674,34.54232254750364],[36.383114413847856,34.542516569741345],[36.38308909359052,34.542718054372806],[36.38308065350474,34.542919539004274],[36.3830975336763,34.543121023635734],[36.383139734105185,34.5433225082672],[36.38319037461986,34.54351653050491],[36.38327477547764,34.54371055274262],[36.38337605650698,34.54388965019281],[36.383443577193205,34.544076210036756],[36.38354485822254,34.54424784509319],[36.38378118062433,34.54438963057459],[36.38392466208256,34.544553803237264],[36.38409346379813,34.54469558871867],[36.38424538534214,34.54482991180631],[36.38441418705771,34.54495677250019],[36.38516535469197,34.54544182809446],[36.385528278380434,34.54581494778236],[36.38593340249779,34.54629254098287],[36.38611064429913,34.546486563220576],[36.386203485242696,34.54668058545828],[36.38631320635781,34.54685968290847],[36.386448247730264,34.5470313179649],[36.386600169274274,34.547180565840065],[36.386768970989834,34.54732235132146],[36.38696309296274,34.547456674409105],[36.38717409510719,34.54756861031548],[36.38739353733743,34.54765815904057],[36.387604539481885,34.54773278297815],[36.38784930196945,34.547792482128216],[36.38985804238468,34.54847155996019],[36.39116625568031,34.548770055710506],[36.39239850820393,34.54912825061089],[36.393833322786236,34.5493222728486],[36.39548757959877,34.549381971998656],[36.396382228691266,34.54938943439242],[36.39763136138645,34.549217799335985],[36.397690441986896,34.549210336942224],[36.397918324302914,34.549217799335985],[36.39903241562564,34.5492327241235],[36.399842663860355,34.549464058329995],[36.400931434925745,34.54996403871178],[36.40244221028006,34.55041178233726],[36.40435810975172,34.55103116101917],[36.40504175669976,34.551187871288086],[36.40590264544914,34.551172946500564],[36.40720241865899,34.55099384905038],[36.40737122037456,34.5509714618691],[36.40742186088922,34.550978924262864],[36.40803798715104,34.55106847298796],[36.40825742938127,34.55135950634452],[36.40819834878082,34.55202365938897],[36.40827430955283,34.55239677907687],[36.40865411341285,34.55269527482719],[36.41087385597253,34.55365046122821],[36.41134650077611,34.5546280348105],[36.41188666626592,34.556127975955846],[36.411928866694815,34.55644885888744],[36.41289103647353,34.55765776667623],[36.41297543733132,34.55785925130769],[36.41304295801754,34.5580532735454],[36.41310203861799,34.558247295783104],[36.41315267913266,34.55844131802081],[36.41320331964733,34.55864280265228],[36.413237079990445,34.55884428728374],[36.41327084033355,34.55904577191521],[36.41328772050511,34.559239794152916],[36.41330460067667,34.55944127878438],[36.413313040762446,34.5596502258096],[36.41330460067667,34.559851710441066],[36.41329616059089,34.56005319507253],[36.41327928041933,34.560254679703995],[36.413253960162,34.5604487019417],[36.41321175973311,34.56065018657317],[36.413169559304215,34.56085167120463],[36.4129838774171,34.56155313621788],[36.41265471407174,34.56200087984335],[36.412637833900185,34.562262063624885],[36.413169559304215,34.56256802176896],[36.41327084033355,34.562620258525264],[36.4135240429069,34.5627918935817],[36.413768805394476,34.56294114145686],[36.41387008642381,34.56312023890705],[36.413937607110036,34.563314261144754],[36.41397136745315,34.56351574577622],[36.41396292736737,34.56371723040768],[36.41367596445091,34.56391125264539],[36.41226647012594,34.564881363833926],[36.411481542148564,34.56535149464067],[36.41035057065428,34.566015647685134],[36.40812238800882,34.56730664180526],[36.40597016613537,34.56870210943799],[36.40459443215351,34.56967222062653],[36.40389390503392,34.570231900158376],[36.40318493782854,34.571007989109205],[36.40304145637031,34.57123186092194],[36.40285577448319,34.57135872161583],[36.40266165251029,34.57147811991595],[36.402450650365836,34.57159005582233],[36.402248088307154,34.57168706694118],[36.40202020599114,34.57177661566627],[36.40180076376091,34.57185870199761],[36.40157288144489,34.57192586354143],[36.4013365590431,34.571978100297734],[36.40110023664131,34.572022874660284],[36.400855474153744,34.57205272423532],[36.39870325228029,34.57222435929175],[36.39796896481758,34.572343757591874],[36.397766402758904,34.57253777982958],[36.397530080357114,34.573336255961685],[36.397319078212654,34.57373176283085],[36.39664387135039,34.57446307741913],[36.39556354037078,34.57544065100143],[36.395234377025425,34.57572422196423],[36.39504869513831,34.57591824420194],[36.39500649470941,34.57614957840843],[36.395074015395636,34.576328675858626],[36.39517529642498,34.57650031091506],[36.39534409814054,34.57674656990907],[36.39709119589664,34.57778384264142],[36.39812932644737,34.57854500680474],[36.39810400619003,34.578985288036456],[36.39822216739093,34.579627053899635],[36.398475369964274,34.57998524880002],[36.398829853566966,34.580321056519125],[36.39911681648342,34.58061955226945],[36.399437539743,34.58091804801976],[36.39973294274524,34.58121654377008],[36.40008742634792,34.581462802764094],[36.40041658969327,34.58159712585174],[36.40068667243818,34.581709061758104],[36.40135343921466,34.582000095114665],[36.40152224093023,34.58234336522753],[36.40144628015822,34.5828284208218],[36.4009483150973,34.58329108923479],[36.40095675518308,34.58365674652893],[36.40125215818532,34.5839104679167],[36.40151380084445,34.584380598723456],[36.40152224093023,34.58444029787352],[36.40154756118756,34.58468655686753],[36.4016488422169,34.585074601342946],[36.40143784007245,34.585641743268546],[36.40142939998667,34.58603725013772],[36.40166572238846,34.58659692966957],[36.401682602560015,34.58663424163836],[36.40197800556225,34.5872834698953],[36.40196112539069,34.58761181522065],[36.40154756118756,34.58791777336472],[36.401226837927986,34.58828343065886],[36.401294358614216,34.5892535418474],[36.40110023664131,34.590387825698606],[36.40096519526886,34.59117137704319],[36.400939875011524,34.592171337806754],[36.40111711681287,34.5929623515451],[36.40165728230268,34.594462292690444],[36.402214327964046,34.59517868249121],[36.40283045422586,34.59562642611669],[36.403235578343214,34.59620103043605],[36.403471900745004,34.59699204417439],[36.40372510331835,34.59761888525006],[36.404231508465045,34.59820095196318],[36.40565788296157,34.59966358113974],[36.40567476313313,34.599700893108526],[36.406079887250485,34.60057399317821],[36.40609676742204,34.60119337186012],[36.40549752133178,34.601820212935785],[36.40419774812193,34.60266346343044],[36.40364070246057,34.60326791732483],[36.40304145637031,34.60349178913757],[36.40283045422586,34.60364849940648],[36.402619452081396,34.6037529729191],[36.402619452081396,34.603954457550564],[36.402686972767626,34.604155942182025],[36.40280513396852,34.60432757723846],[36.403007696027196,34.60450667468865],[36.403159617571205,34.60467084735132],[36.40332841928677,34.604849944801515],[36.40352254125967,34.60503650464546],[36.40352254125967,34.60523052688317],[36.4035141011739,34.60543201151464],[36.40344658048767,34.60561110896483],[36.40325245851477,34.60590214232138],[36.40279669388274,34.606320036371834],[36.40261101199562,34.606603607334634],[36.40264477233873,34.60745432022304],[36.40264477233873,34.60748416979807],[36.40291485508364,34.607752815973356],[36.402931735255194,34.60777520315463],[36.40363226237479,34.6085438297117],[36.40455223172462,34.60920798275616],[36.40519367824377,34.609513940900236],[36.40522743858688,34.60952886568775],[36.40564100279001,34.61007362043208],[36.40604612690737,34.61073777347654],[36.40614740793671,34.610909408532976],[36.40632464973805,34.61104373162062],[36.406552532054064,34.611103430770676],[36.40659473248296,34.61111089316444],[36.406991416514536,34.611192979495776],[36.40771726389146,34.6110288068331],[36.40911831813065,34.610498976876286],[36.409548762505345,34.61048405208877],[36.409996087051596,34.61058852560138],[36.41075569477164,34.61121536667705],[36.41141402146234,34.61156609918367],[36.41145622189123,34.611588486364944],[36.41153218266324,34.61162579833373],[36.412401511498395,34.61209592914049],[36.413228639904666,34.61231980095322],[36.41384476616648,34.61230487616571],[36.41373504505136,34.61135715215845],[36.41345652222068,34.609842286225586],[36.413329920934004,34.60899157333718],[36.413329920934004,34.60781251512342],[36.413237079990445,34.60670061845349],[36.41321175973311,34.606484209034505],[36.41329616059089,34.60626779961552],[36.41343964204912,34.60610362695285],[36.413616883850466,34.60596930386521],[36.41384476616648,34.60602154062151],[36.41402200796782,34.60599169104648],[36.41429209071273,34.60598422865272],[36.41560030400835,34.60613347652788],[36.416942277647095,34.60646928424699],[36.41838553231518,34.60645435945948],[36.41921266072145,34.606491671428266],[36.419887867583704,34.60612601413413],[36.42025923135795,34.60608870216534],[36.420622155046416,34.60596184147145],[36.42106103950688,34.60552156023973],[36.421795326969594,34.60552902263349],[36.422023209285605,34.60545439869591],[36.4224536536603,34.60532007560827],[36.42297693897855,34.60523798927693],[36.42319638120878,34.605014117464194],[36.423322982495456,34.60475293368266],[36.42335674283857,34.60467084735132],[36.423415823439015,34.6046932345326],[36.423660585926584,34.6047827832577],[36.42368590618392,34.60479770804521],[36.4240066294435,34.60486486958903],[36.42426827210262,34.60487979437655],[36.4244708341613,34.60493949352661],[36.42481687767821,34.60490964395158],[36.425129160852,34.604767858470176],[36.42521356170978,34.60443205075107],[36.42523044188134,34.603827596856675],[36.42523044188134,34.60377536010037],[36.42527264231023,34.60376789770661],[36.42574528711381,34.60361118743769],[36.42669057672098,34.60343208998751],[36.42688469869388,34.602894797636935],[36.427045060323664,34.602238106986235],[36.42741642409791,34.60180528814827],[36.428344833533515,34.60139485649158],[36.428488314991746,34.600879951322284],[36.42885967876599,34.60052921881566],[36.429425164513134,34.600476982059355],[36.4296699270007,34.6000963999777],[36.429720567515375,34.59965611874598],[36.429720567515375,34.59962626917095],[36.43021853257629,34.596111481710956],[36.430252292919405,34.59596223383579],[36.430488615321195,34.594671239715666],[36.43067429720831,34.59358173022701],[36.43090217952433,34.59309667463274],[36.431349504070575,34.59261161903847],[36.43199095058972,34.5923952096195],[36.43245515530753,34.592462371163315],[36.43281807899599,34.59252207031338],[36.4330881617409,34.59252953270714],[36.433332924228466,34.592432521588286],[36.43358612680181,34.5923056608944],[36.4338646496325,34.592163875413],[36.434404815122306,34.59175344375631],[36.435181303013906,34.59167135742497],[36.43667519819665,34.59191761641898],[36.43894558127101,34.592089251475414],[36.440262234652415,34.59236536004446],[36.44187429103606,34.592708630157325],[36.44210217335207,34.59272355494485],[36.44235537592542,34.5928205660637],[36.4425579379841,34.59286534042624],[36.44280270047167,34.59288772760752],[36.44308122330235,34.59294742675758],[36.443283785361025,34.592999663513886],[36.44354542802015,34.59299220112013],[36.4437986305935,34.59306682505771],[36.4439927525664,34.59306682505771],[36.44426283531131,34.5930519002702],[36.44452447797043,34.59300712590765],[36.44472704002911,34.59298473872637],[36.445039323202906,34.59291757718255],[36.44524188526158,34.59288772760752],[36.44553728826382,34.592753404519875],[36.446972102846125,34.592134025837964],[36.44725062567681,34.59196239078153],[36.447444747649705,34.59192507881274],[36.44764730970839,34.59175344375631],[36.44767262996572,34.591731056575036],[36.44790895236751,34.59167881981873],[36.44794271271063,34.591686282212486],[36.4481452747693,34.591731056575036],[36.448356276913756,34.59174598136255],[36.44855883897244,34.59182060530013],[36.44885424197468,34.59183553008765],[36.44930156652092,34.59194000360026],[36.450297496642754,34.59215641301924],[36.45063510007389,34.59220864977554],[36.45084610221834,34.59224596174433],[36.451048664277025,34.5923056608944],[36.45116682547792,34.59252207031338],[36.45131030693615,34.593402632776815],[36.451428468137046,34.59364889177083],[36.45152974916638,34.59396231230866],[36.45161415002416,34.59423095848395],[36.4519517534553,34.594477217477966],[36.45221339611442,34.594544379021784],[36.45246659868777,34.594507067052994],[36.45281264220468,34.5946488525344],[36.45281264220468,34.5958726851107],[36.45284640254779,34.59628311676739],[36.45284640254779,34.59648460139885],[36.452913923234014,34.5966711612428],[36.45304896460647,34.59685772108675],[36.453285287008256,34.59702935614318],[36.453437208552266,34.597200991199614],[36.45384233266962,34.59767858440012],[36.45430653738743,34.59832781265707],[36.454661020990116,34.59890241697643],[36.4550155045928,34.599462096508276],[36.45534466793816,34.59942478453949],[36.455766672227064,34.5992979238456],[36.45623087694487,34.599006890489036],[36.45630683771687,34.59926061187681],[36.45634903814577,34.59955910762713],[36.45640811874621,34.60119337186012],[36.45643343900355,34.60155902915426],[36.45661912089067,34.601864987298335],[36.45684700320668,34.602193332623685],[36.45681324286357,34.60340224041247],[36.45693140406446,34.60371566095031],[36.45718460663781,34.60382013446292],[36.457454689382715,34.603954457550564],[36.45753065015472,34.604126092607],[36.45758129066939,34.60432757723846],[36.45758129066939,34.604529061869925],[36.45754753032628,34.604730546501386],[36.45746312946849,34.60491710634534],[36.4573449682676,34.605096203795526],[36.457133966123145,34.605297688426994],[36.456678201491115,34.60564095853986],[36.45666132131956,34.60596184147145],[36.45694828423602,34.60637227312814],[36.45776697255651,34.60727522277285],[36.45778385272807,34.607305072347884],[36.457986414786745,34.6076035680982],[36.45827337770321,34.60803638693616],[36.45854346044811,34.608857250249535],[36.458830423364574,34.609476628931446],[36.459353708682826,34.610290029851065],[36.4595562707415,34.610498976876286],[36.45958159099884,34.61070046150775],[36.45958159099884,34.610894483745454],[36.459539390569944,34.61109596837692],[36.45895702465125,34.6118272829652],[36.458602541048556,34.612536210372205],[36.45832401821788,34.61309588990405],[36.458062375558754,34.6134242352294],[36.45796109452941,34.613566020710806],[36.45796109452941,34.613633182254624],[36.45795265444363,34.61376750534227],[36.45795265444363,34.61381974209857],[36.45817209667387,34.61390182842991],[36.45821429710276,34.613924215611185],[36.45826493761743,34.61395406518622],[36.4587797828499,34.61423017375526],[36.45964067159929,34.61582712601946],[36.45908362593792,34.61643157991386],[36.45873758242101,34.616909173114365],[36.45793577427208,34.61827479117207],[36.45768257169873,34.61864791085997],[36.45733652818182,34.61914042884799],[36.45729432775293,34.6191926656043],[36.45671196183423,34.619200127998056],[36.45641655883199,34.61922997757309],[36.45631527780265,34.61926728954188],[36.45624775711643,34.61929713911691],[36.456205556687536,34.619894130617546],[36.45608739548664,34.6203642614243],[36.45578355239862,34.62105080165003],[36.45569915154084,34.621237361493975],[36.45565695111195,34.62143138373168],[36.45556411016839,34.62162540596939],[36.455614750683054,34.62181196581334],[36.455665391197726,34.622020912838565],[36.45588483342796,34.622229859863786],[36.45595235411419,34.62241641970773],[36.45601143471463,34.6226179043392],[36.456053635143526,34.62279700178939],[36.45604519505775,34.622998486420855],[36.45601987480041,34.62319997105232],[36.45596079419997,34.62339399329002],[36.45594391402841,34.62362532749652],[36.45607051531508,34.623990984790666],[36.456121155829756,34.62420739420964],[36.45630683771687,34.62440141644735],[36.45665288123378,34.62461036347257],[36.45711708595159,34.62486408486034],[36.45716772646626,34.62490139682913],[36.45716772646626,34.625080494279324],[36.45729432775293,34.625408839604674],[36.4575390902405,34.62556554987359],[36.457910454014744,34.62568494817372],[36.45821429710276,34.625699872961235],[36.458290257874765,34.625699872961235],[36.4595562707415,34.62582673365512],[36.45979259314329,34.62585658323015],[36.46001203537353,34.625946131955246],[36.46017239700331,34.6260953798304],[36.4602567978611,34.62628940206811],[36.46026523794688,34.62648342430582],[36.46019771726065,34.626647596968496],[36.459446549626385,34.62793859108862],[36.458366218646766,34.629781802346834],[36.45907518585214,34.629908663040716],[36.4595562707415,34.63125189391715],[36.45964911168506,34.63152054009244],[36.46040027931933,34.63389358130746],[36.46134556892649,34.63405029157638],[36.46320238779771,34.63559500708428],[36.46376787354485,34.63615468661612],[36.46332898908438,34.63643079518517],[36.46085604395135,34.63703524907956],[36.46002047545931,34.63719942174224],[36.45730276783871,34.63774417648657],[36.45518430630837,34.63786357478669],[36.45412085550031,34.63772925169905],[36.45370729129717,34.637677014942746],[36.45342876846649,34.63770686451778],[36.45327684692248,34.63772925169905],[36.452053034484635,34.63774417648657],[36.45158882976683,34.63760239100517],[36.451453788394375,34.63756507903638],[36.45135250736504,34.63752030467383],[36.45087142247568,34.63734120722364],[36.44980797166762,34.63727404567982],[36.44916652514847,34.63708748583587],[36.449056804033354,34.63705017386708],[36.44895552300402,34.637020324292045],[36.44855883897244,34.63690838838568],[36.446887701988345,34.63610244985982],[36.446204055040305,34.63593827719714],[36.44553728826382,34.6358935028346],[36.445191244746916,34.635789029321984],[36.444507597798875,34.63545322160287],[36.44394211205173,34.63510995149001],[36.443891471537064,34.635095026702494],[36.44339350647615,34.63488607967727],[36.44330910561836,34.63484876770848],[36.441899611293394,34.634326400145426],[36.4413932061467,34.63402044200135],[36.44046479671109,34.633341364169375],[36.44032131525286,34.63327420262556],[36.439578587704375,34.632930932512686],[36.43866705844032,34.632684673518675],[36.43738416540203,34.63237125298084],[36.436489516309535,34.63212499398683],[36.43379712894627,34.631095183648235],[36.43378024877472,34.63107279646696],[36.433341364314245,34.63095339816683],[36.43100346055367,34.63013999724721],[36.43059833643631,34.629998211765816],[36.43031137351985,34.62991612543448],[36.428640236535756,34.629408682658934],[36.42771182710015,34.62910272451486],[36.426994419809,34.62875199200823],[36.42627701251784,34.628237086838936],[36.42557648539825,34.627953515876136],[36.42539924359691,34.62788635433231],[36.42508696042311,34.627781880819704],[36.42276593683409,34.627013254262636],[36.42122140113667,34.626416262762],[36.4202761115295,34.626386413186964],[36.41853745385919,34.62643864994327],[36.418495253430294,34.62644611233703],[36.418258931028504,34.626669984149764],[36.40882291512842,34.63218469313689],[36.399606341458565,34.63758000382389],[36.399386899228325,34.63746060552376],[36.39919277725543,34.63732628243612],[36.39903241562564,34.63717703456096],[36.39889737425319,34.63701286189829],[36.398922694510524,34.63678899008555],[36.39872857253762,34.63619199858491],[36.39834032859182,34.63569948059689],[36.39783392344513,34.635393522452816],[36.39670295195084,34.634811455739694],[36.39620498688993,34.63446818562683],[36.39554666019922,34.63393089327626],[36.39427220724671,34.63275929745625],[36.393461959011994,34.63234886579957],[36.39275299180662,34.63208768201804],[36.39266015086306,34.632072757230524],[36.3917908220279,34.63196828371791],[36.39149541902566,34.63193843414288],[36.39127597679543,34.6318638102053],[36.39112405525142,34.63180411105524],[36.39102277422208,34.63175933669269],[36.39081177207762,34.63165486318008],[36.39071049104828,34.63150561530492],[36.39057544967583,34.631304130673456],[36.39018720573003,34.630722063960334],[36.390060604443356,34.6305504289039],[36.3898496022989,34.63044595539129],[36.38981584195579,34.63045341778505],[36.389621719982884,34.6304981921476],[36.38936007732376,34.630677289597784],[36.38871863080461,34.63124443152339],[36.38786618214101,34.631953358930396],[36.38708969424941,34.632072757230524],[36.38619504515692,34.632236929893196],[36.38545231760843,34.63246080170594],[36.38439730688615,34.63263243676237],[36.383215694877194,34.632438414524664],[36.382228204841134,34.632647361549886],[36.380514867428154,34.63340106331944],[36.37963709850721,34.633833882157404],[36.379198214046745,34.634318937751665],[36.37893657138762,34.63475175658963],[36.37839640589781,34.635065177127466],[36.37780559989333,34.63552784554046],[36.37737515551864,34.63610244985982],[36.37668306848482,34.63715464737969],[36.376201983595465,34.63737851919243],[36.375822179735444,34.637512842280074],[36.375214493559405,34.63772925169905],[36.37415948283712,34.63849787825612],[36.373729038462436,34.638781449218925],[36.3731213522864,34.63900532103166],[36.37239550490947,34.638982933850386],[36.37199882087789,34.63919188087561],[36.37162745710365,34.63977394758873],[36.37128141358674,34.6403112399393],[36.37080876878316,34.6406321228709],[36.37039520458002,34.64101270495255],[36.37012512183512,34.64169178278453],[36.36976219814665,34.64203505289739],[36.368884429225716,34.642296236678916],[36.367922259447,34.642296236678916],[36.36707825086917,34.64223653752885],[36.36640304400691,34.64244548455408],[36.36636928366379,34.642452946947834],[36.36605700049,34.64252757088541],[36.36533959319885,34.642497721310384],[36.36468126650814,34.642490258916624],[36.36429302256234,34.64295292732962],[36.36391321870232,34.643803640218024],[36.363415253641406,34.644430481293696],[36.36284976789427,34.64500508561306],[36.36245308386269,34.64569908823255],[36.36223364163245,34.6460274335579],[36.36184539768665,34.64631846691445],[36.36123771151062,34.6466468122398],[36.36089166799371,34.64699754474643],[36.36074818653548,34.647236341346684],[36.360494983962134,34.647490062734455],[36.360267101646116,34.64763184821585],[36.36004765941588,34.64775870890974],[36.359802896928315,34.64775124651598],[36.359558134440746,34.64769900975968],[36.359338692210514,34.6476243858221],[36.35906016937983,34.64759453624706],[36.358579084490465,34.647534837097],[36.35836808234601,34.64791541917866],[36.358435603032234,34.648385549985406],[36.35862972500514,34.64931088681139],[36.35722867076595,34.65109439891955],[36.35597953807076,34.652437629795976],[36.355793856183645,34.652885373421455],[36.35571789541164,34.65360922561597],[36.3551524096645,34.654109205997756],[36.35429996100089,34.6545271000482],[36.35389483688353,34.65500469324871],[36.353650074395965,34.655541985599285],[36.35374291533953,34.65608674034361],[36.35384419636887,34.656556871150364],[36.353945477398206,34.65682551732565],[36.35400455799866,34.65707923871342],[36.35397079765554,34.65732549770743],[36.353624754138636,34.657661305426544],[36.35344751233729,34.65789263963304],[36.3532871507075,34.658116511445776],[36.35315210933505,34.65825829692718],[36.353033948134154,34.65842246958985],[36.35275542530347,34.65849709352743],[36.35215617921322,34.658556792677494],[36.351717294752746,34.658556792677494],[36.351109608576714,34.6591239346031],[36.35030780042778,34.65965376455991],[36.34973387459486,34.66030299281686],[36.34937095090639,34.66080297319864],[36.34908398798993,34.66149697581813],[36.348940506531704,34.66181785874972],[36.34879702507347,34.662646184456854],[36.348552262585905,34.663265563138765],[36.348476301813896,34.6634371981952],[36.34832438026989,34.66431776065863],[36.348636663443685,34.6646610307715],[36.34938783107795,34.66521324790959],[36.34975919485219,34.665638604353795],[36.349792955195305,34.66568337871634],[36.350181199141105,34.666280370216974],[36.35014743879799,34.666496779635956],[36.34982671553842,34.66644454287965],[36.34962415347974,34.666608715542324],[36.34959039313663,34.66692213608016],[36.34968323408019,34.66715347028666],[36.34982671553842,34.66748927800577],[36.349716994423304,34.667840010512386],[36.34951443236462,34.66830267892538],[36.34986047588153,34.66910115505748],[36.350020837511316,34.66944442517035],[36.34998707716821,34.66969814655812],[36.34992799656776,34.66986231922079],[36.34982671553842,34.67003395427722],[36.34958195305085,34.670220514121176],[36.34938783107795,34.67035483720882],[36.349328750477504,34.670541397052766],[36.34912618841882,34.670742881684234],[36.349109308247264,34.670907054346905],[36.34914306859038,34.67112346376589],[36.349345630649054,34.67128763642856],[36.34965791382285,34.67186970314168],[36.34968323408019,34.67190701511047],[36.34995331682509,34.672257747617095],[36.35038376119978,34.672660716880024],[36.35108428831938,34.67292936305531],[36.35168353440963,34.67329502034945],[36.35208865852699,34.67366814003735],[36.35246846238701,34.67388454945633],[36.352949547276374,34.67391439903136],[36.353236510192836,34.67394424860639],[36.35336311147951,34.67410095887531],[36.35346439250885,34.67427259393174],[36.353557233452406,34.67444422898818],[36.35361631405286,34.67463825122588],[36.353658514481744,34.67482481106983],[36.3536753946533,34.67501137091378],[36.3536753946533,34.67519046836397],[36.35352347310929,34.675682986351994],[36.35375135542531,34.675929245346005],[36.35407207868488,34.67614565476499],[36.35421556014311,34.67644415051531],[36.3540636385991,34.67698144286588],[36.35353191319507,34.678227662623456],[36.35316898950661,34.6784142224674],[36.35315210933505,34.67844407204244],[36.353025508048376,34.67872764300524],[36.35313522916349,34.67916792423696],[36.35276386538925,34.679578355893646],[36.35273854513191,34.67968282940626],[36.352721664960356,34.67978730291887],[36.3528989067617,34.67980222770638],[36.35313522916349,34.67982461488766],[36.35343907225151,34.67970521658753],[36.353489712766184,34.679697754193775],[36.3535994338813,34.67986938925021],[36.35338843173684,34.6802798209069],[36.3536753946533,34.6804738431446],[36.35413959937111,34.68062309101976],[36.35422400022889,34.68091412437632],[36.354097398942216,34.681623051783326],[36.35423244031467,34.68177229965848],[36.354038318341765,34.682018558652494],[36.35137969132162,34.684324438323706],[36.34576703427908,34.68918991905389],[36.34043290006722,34.69091373201198],[36.33874488291157,34.69100328073707],[36.333452949128606,34.691301776487386],[36.33154548974272,34.69140625],[36.33082808245157,34.69082418328688],[36.328912182979906,34.69060031147414],[36.328701180835445,34.69042121402395],[36.32840577783321,34.68998839518599],[36.32829605671809,34.689503339591724],[36.32789937268652,34.68927946777898],[36.327013163679794,34.6892943925665],[36.326228235702416,34.689413790866624],[36.32540954738193,34.68919738144765],[36.32501286335035,34.6891526070851],[36.32438829700276,34.6892943925665],[36.3239072121134,34.68936901650408],[36.323071643621354,34.68928693017274],[36.322227635043525,34.68924215581019],[36.32178875058306,34.68935409171657],[36.32101226269146,34.689667512254395],[36.32080970063278,34.68973467379822],[36.32058181831677,34.68977198576701],[36.32035393600076,34.68977198576701],[36.32012605368474,34.689742136191974],[36.319915051540285,34.689667512254395],[36.31934112570736,34.6892943925665],[36.31891912141845,34.68889142330357],[36.31864059858777,34.688406367709305],[36.3185899580731,34.68786161296497],[36.318530877472654,34.687257159070576],[36.31844647661487,34.68707059922663],[36.31831987532819,34.68691388895771],[36.31815951369841,34.68677956587007],[36.31796539172551,34.68667509235746],[36.317754389581054,34.686600468419876],[36.317214224091245,34.68647360772599],[36.31615921336896,34.686107950431854],[36.31594821122451,34.68597362734421],[36.31554308710715,34.685712443562686],[36.31554308710715,34.68560050765631],[36.315526206935594,34.68545125978115],[36.315762529337384,34.685048290518225],[36.315762529337384,34.68495874179313],[36.3157962896805,34.68453338534893],[36.31570344873693,34.684130416086],[36.31539960564892,34.68369013485428],[36.315365845305806,34.68364536049173],[36.31518016341868,34.68353342458536],[36.31496072118845,34.68348865022281],[36.31473283887244,34.68351103740409],[36.314530276813755,34.68360058612918],[36.31387195012306,34.683705059641795],[36.31332334454747,34.683660285279245],[36.31325582386124,34.683652822885485],[36.3112555235318,34.68335432713517],[36.310377754610855,34.68320507926001],[36.30987134946416,34.68295135787224],[36.30980382877794,34.68291404590345],[36.30959282663348,34.68245883988421],[36.30947466543258,34.68163797657084],[36.3094662253468,34.68154842784575],[36.309373384403244,34.68095143634511],[36.30925522320235,34.68066040298855],[36.308841658999214,34.68023504654435],[36.30838589436719,34.67974252855632],[36.30776976810537,34.67917538663072],[36.30760940647559,34.67885450369913],[36.30754188578936,34.678347060923585],[36.307584086218256,34.67781723096677],[36.30736464398802,34.67758589676027],[36.307052360814225,34.67738441212881],[36.30668099703998,34.676914281322055],[36.30641935438086,34.676302365033905],[36.30594670957728,34.675526276083076],[36.30591294923416,34.674877047826136],[36.30594670957728,34.674347217869325],[36.30567662683237,34.67348904258716],[36.30526306262924,34.67284727672397],[36.30479885791143,34.67136226036614],[36.304435934222965,34.67081004322805],[36.303760727360704,34.67003395427722],[36.30317836144201,34.66944442517035],[36.30192078866105,34.66836237807544],[36.30185326797482,34.668041495143854],[36.30184482788904,34.66789970966245],[36.3017857472886,34.667063921561564],[36.30195454900416,34.66614604712933],[36.301979869261494,34.665952024891624],[36.302038949861945,34.66575054026016],[36.30211491063395,34.66556398041621],[36.302131790805504,34.66535503339099],[36.30229215243529,34.66502668806564],[36.30249471449397,34.66483266582793],[36.30270571663842,34.6646610307715],[36.303195241613565,34.66426552390233],[36.303507524787356,34.66363868282666],[36.30377760753226,34.66235515110029],[36.30403925019139,34.66148951342437],[36.3045372152523,34.66032537999813],[36.3052377423719,34.65919109614692],[36.30597202983461,34.658228447352144],[36.30672319746888,34.657415046432526],[36.3071789621009,34.65675089338807],[36.30748280518892,34.65588525571215],[36.30760940647559,34.65566884629317],[36.3075672060467,34.655459899267946],[36.30755876596092,34.655273339424],[36.307499685360476,34.65510916676132],[36.30742372458847,34.65487037016107],[36.30723804270135,34.65472858467967],[36.30692575952755,34.654721122285906],[36.30669787721154,34.6546688855296],[36.30615771172173,34.65435546499177],[36.3056259863177,34.65384055982247],[36.30455409542386,34.653213718746805],[36.304528775166524,34.653168944384255],[36.30409833079184,34.652512253733555],[36.30403925019139,34.65168392802642],[36.30392952907627,34.64970639368057],[36.303811367875376,34.64829600126031],[36.3034146838438,34.64746767555318],[36.30301799981222,34.64681098490248],[36.30287451835399,34.64587072328898],[36.302368113207294,34.644863300131654],[36.302351233035736,34.644833450556625],[36.30230903260685,34.644788676194075],[36.30117806111256,34.643482757286435],[36.300578815022305,34.64264696918554],[36.30017369090495,34.64107986649637],[36.29985296764537,34.64060227329586],[36.30092485853921,34.64052018696452],[36.30140594342858,34.64062466047714],[36.301971429175715,34.640781370746055],[36.30248627440819,34.640818682714844],[36.30261287569486,34.64080375792733],[36.30026653184851,34.638400867137264],[36.296721695821645,34.63646810715396],[36.29669637556431,34.63622184815995],[36.29675545616475,34.635960664378416],[36.29683985702254,34.63572933017192],[36.29676389625053,34.63554277032797],[36.296662615221194,34.63535621048403],[36.29652757384874,34.63518457542759],[36.29638409239051,34.635027865158676],[36.296215290674944,34.63488607967727],[36.29601272861627,34.63475175658963],[36.295810166557594,34.634647283077015],[36.29559916441313,34.63456519674568],[36.29523624072467,34.63446818562683],[36.29499991832288,34.634438336051794],[36.29475515583531,34.63443087365804],[36.293421622282345,34.634401024083004],[36.292037448214714,34.634109990726444],[36.29180112581292,34.634042829182626],[36.291573243496906,34.633960742851286],[36.29135380126667,34.63387119412619],[36.29115123920799,34.63376672061358],[36.290948677149316,34.633662247100965],[36.29075455517641,34.63353538640708],[36.290568873289295,34.6334085257132],[36.29039163148795,34.6332667402318],[36.29022282977239,34.63312495475039],[36.29007090822838,34.632968244481475],[36.28992742677015,34.6328040718188],[36.28978394531192,34.63263243676237],[36.28966578411102,34.63245333931218],[36.289556062995906,34.63227424186199],[36.28946322205234,34.63208768201804],[36.28937882119456,34.63189365978033],[36.28844197167317,34.63087877422925],[36.28818032901405,34.63066982720403],[36.28797776695537,34.63055789129766],[36.28774988463936,34.63046834257256],[36.28752200232334,34.630401181028745],[36.287277239835774,34.630356406666195],[36.287040917433984,34.63034148187868],[36.286796154946416,34.630348944272434],[36.286559832544626,34.630393718634984],[36.286323510142836,34.63045341778505],[36.286104067912596,34.63053550411639],[36.28589306576814,34.630647440022756],[36.28570738388102,34.63077430071664],[36.28553858216546,34.6309235485918],[36.28539510070723,34.631087721254474],[36.28528537959211,34.631259356310906],[36.285192538648545,34.63145337854861],[36.2851334580481,34.63164740078632],[36.28444137101428,34.632483188887214],[36.283892765438694,34.63266974873116],[36.28243263059906,34.63253542564352],[36.281478900906116,34.63221454271193],[36.280955615587864,34.63180411105524],[36.279495480748224,34.63000567415957],[36.27860927174151,34.629341521115116],[36.277326378703215,34.62854304498301],[36.27712381664453,34.62842364668288],[36.27689593432852,34.62834156035155],[36.27665961192673,34.628281861201486],[36.27641484943916,34.62826693641397],[36.276170086951595,34.628274398807726],[36.275933764549805,34.628319173170276],[36.27570588223379,34.628393797107854],[36.27549488008933,34.62849827062047],[36.27531763828799,34.62863259370811],[36.275157276658206,34.62878930397702],[36.275039115457304,34.62896093903346],[36.274946274513745,34.62914749887741],[36.27489563399908,34.62934898350887],[36.27446518962439,34.629744490378044],[36.27397566464925,34.62987881346569],[36.272388928522936,34.62993851261575],[36.270937233769075,34.62985642628441],[36.27009322519125,34.62964001686543],[36.26919857609875,34.62926689717754],[36.26897913386852,34.62915496127116],[36.26795788348935,34.628640056101865],[36.266252986162144,34.62749084746314],[36.26579722153012,34.6272669756504],[36.2655693392141,34.62720727650034],[36.26533301681231,34.62716250213779],[36.265088254324745,34.62714011495652],[36.264843491837176,34.62713265256276],[36.26459872934961,34.62714757735028],[36.26436240694782,34.62718488931907],[36.26412608454602,34.62723712607537],[36.26389820223001,34.6273042876192],[36.26367875999978,34.62739383634429],[36.263467757855324,34.62750577225066],[36.26327363588242,34.627625170550786],[36.263096394081074,34.62775949363843],[36.26293603245129,34.62791620390735],[36.26272503030683,34.62830424838276],[36.26196542258679,34.629744490378044],[36.26181350104278,34.629908663040716],[36.26164469932722,34.63005791091588],[36.261459017440096,34.63019223400352],[36.26126489546719,34.63030416990989],[36.26104545323696,34.6304086434225],[36.26082601100673,34.63049072975384],[36.26058968860494,34.6305504289039],[36.26035336620315,34.63059520326645],[36.26010860371557,34.63061759044773],[36.25987228131378,34.63062505284148],[36.259627518826214,34.630610128053966],[36.259315235652416,34.63052804172263],[36.259078913250626,34.63046834257256],[36.258842590848836,34.63043103060377],[36.25859782836127,34.6304086434225],[36.2583530658737,34.630401181028745],[36.25810830338613,34.6304086434225],[36.25787198098434,34.630438492997534],[36.257627218496765,34.63047580496632],[36.257399336180754,34.63053550411639],[36.25717145386474,34.630610128053966],[36.25695201163451,34.63069967677906],[36.25674100949005,34.630804150291674],[36.256538447431375,34.6309235485918],[36.25636120563003,34.631050409285685],[36.25618396382869,34.63119965716084],[36.25603204228468,34.63135636742976],[36.25589700091223,34.63152054009244],[36.25501079190551,34.63238617776836],[36.25452970701615,34.63258766239982],[36.25418366349924,34.632729447881225],[36.25328901440675,34.632729447881225],[36.252672888144936,34.632729447881225],[36.24950785597809,34.63314734193167],[36.24775231813621,34.63319211629422],[36.247001150501944,34.63325181544428],[36.24649474535525,34.63336375135065],[36.24603054063745,34.63360254795091],[36.24432564331024,34.6350054779774],[36.24407244073689,34.63521442500262],[36.24363355627642,34.63561739426555],[36.24296678949994,34.6362293105537],[36.24293302915683,34.6362293105537],[36.24281486795593,34.63625169773498],[36.24264606624037,34.63623677294746],[36.24108465037139,34.633460762469504],[36.2410424499425,34.633386138531925],[36.23864546558148,34.63220708031817],[36.23759889494497,34.632110069199314],[36.23750605400141,34.632154843561864],[36.23668736568092,34.63267721112492],[36.23647636353646,34.632774222243775],[36.23624004113467,34.6328040718188],[36.23600371873288,34.6327518350625],[36.23580959675998,34.63263243676237],[36.23569143555908,34.63246826409969],[36.2356492351302,34.63225185468072],[36.23570831573064,34.632072757230524],[36.23576739633109,34.63193097174912],[36.23624848122045,34.630804150291674],[36.23658608465158,34.62981165192186],[36.2366958057667,34.62912511169613],[36.23676332645292,34.628759454401994],[36.2367717665387,34.628557969770526],[36.23676332645292,34.62837140992658],[36.236754886367144,34.62816246290136],[36.236662045423586,34.62797590305741],[36.23653544413691,34.62781919278849],[36.236358202335566,34.627662482519575],[36.2363075618209,34.62750577225066],[36.23600371873288,34.6273565243755],[36.23564079504442,34.627371449163014],[36.234197540376336,34.62780426800098],[36.23323537059761,34.6281550005076],[36.23232384133356,34.62825947402021],[36.230821506065034,34.628431109076644],[36.23010409877388,34.62866244328314],[36.228432961789785,34.6293265963276],[36.22741171141062,34.62975941516556],[36.227192269180385,34.6298415014969],[36.22694750669282,34.62988627585944],[36.22671118429102,34.62988627585944],[36.22647486188923,34.6298415014969],[36.22624697957322,34.62975941516556],[36.226061297686094,34.62963255447168],[36.22590937614209,34.62948330659651],[36.22578277485542,34.62927435957129],[36.225664613654516,34.628020677419954],[36.22580809511275,34.62686400638747],[36.22585029554164,34.62666252175601],[36.225824975284304,34.6264684995183],[36.225732134340745,34.62628193967436],[36.22557177271096,34.62612522940544],[36.22536921065228,34.62601329349907],[36.22514132833627,34.625946131955246],[36.22478684473358,34.62596851913652],[36.22372339392552,34.626274477280596],[36.22321698877882,34.6264684995183],[36.22270214354635,34.62678192005614],[36.22218729831388,34.6273565243755],[36.22082844450358,34.62885646552085],[36.22030515918533,34.629296746752566],[36.22015323764132,34.629453457021484],[36.21998443592575,34.62960270489664],[36.219807194124414,34.629744490378044],[36.21962995232307,34.62987881346569],[36.219435830350164,34.63000567415957],[36.21924170837727,34.6301250724597],[36.21903914631859,34.630237008366066],[36.21882814417413,34.63034148187868],[36.21861714202968,34.630438492997534],[36.21839769979944,34.63052804172263],[36.21816981748343,34.630610128053966],[36.21794193516742,34.630677289597784],[36.217714052851406,34.63074445114161],[36.217477730449616,34.63079668789791],[36.21724140804782,34.63084146226046],[36.21699664556025,34.63087877422925],[36.21676032315846,34.63090862380428],[36.21651556067089,34.630931010985556],[36.216270798183324,34.63093847337932],[36.21408481596676,34.630766838322884],[36.21198323460797,34.63059520326645],[36.21113078594436,34.63077430071664],[36.208176755921976,34.632072757230524],[36.207552189574386,34.632602587187336],[36.20599921379119,34.63405029157638],[36.205636290102724,34.63438609929549],[36.20511300478447,34.63487861728351],[36.204555959123105,34.63519950021511],[36.204091754405304,34.63545322160287],[36.202927022567906,34.63596812677218],[36.2017622907305,34.63619199858491],[36.20099424292468,34.63649795672899],[36.20047095760643,34.636781527691795],[36.20042031709176,34.63700539950453],[36.20036967657709,34.63722927131727],[36.19998143263129,34.63752776706759],[36.19990547185929,34.637594928611406],[36.199711349886385,34.63752776706759],[36.19918806456813,34.637356132011156],[36.19820057453208,34.63691585077944],[36.19782921075784,34.63675914051052],[36.19699364226579,34.636363633641345],[36.19679952029289,34.63625169773498],[36.1963690759182,34.63610244985982],[36.19589643111462,34.63602036352848],[36.195550387597706,34.63601290113472],[36.19511994322302,34.63601290113472],[36.19428437473097,34.63625169773498],[36.1922925144873,34.636975549929495],[36.191938030884614,34.637102410623385],[36.19158354728193,34.637065098654595],[36.19149914642415,34.637057636260835],[36.19028377407208,34.6371173354109],[36.18975204866805,34.63717703456096],[36.18936380472225,34.637311357648606],[36.18911904223468,34.63732628243612],[36.18887427974711,34.63732628243612],[36.18862951725954,34.637311357648606],[36.18838475477197,34.63727404567982],[36.18814843237018,34.63722927131727],[36.18770954790971,34.63687853881065],[36.18651949581498,34.63634870885383],[36.18633381392785,34.63630393449128],[36.18397058990994,34.6358039541095],[36.1834810649348,34.6356621686281],[36.18332914339079,34.63561739426555],[36.18229101284007,34.635095026702494],[36.18110096074534,34.634729369408355],[36.180763357314206,34.63466967025829],[36.17873773672743,34.63430401296415],[36.177986569093164,34.633998054820076],[36.17786840789226,34.63394581806377],[36.17726916180201,34.633677171888486],[36.17656019459663,34.63349807443829],[36.17635763253796,34.633386138531925],[36.17616351056506,34.633259277838036],[36.175994708849494,34.63312495475039],[36.17581746704815,34.63306525560033],[36.17564866533259,34.63290854533142],[36.17549674378858,34.632721985487464],[36.17537858258768,34.63250557606848],[36.17531106190145,34.63230409143702],[36.17532794207301,34.632065294836764],[36.17532794207301,34.63197574611167],[36.175361702416126,34.63113995801078],[36.175218220957895,34.63052804172263],[36.17488061752676,34.62979672713435],[36.17481309684054,34.629625092077916],[36.174678055468085,34.629416145052694],[36.1743235718654,34.62916242366492],[36.174053489120496,34.62899078860849],[36.173825606804485,34.62890870227715],[36.17349644345913,34.62885646552085],[36.17326856114312,34.62878184158327],[36.172897197368876,34.628714680039444],[36.17109101901233,34.628475883439194],[36.17008664880471,34.6285803569518],[36.16937768159934,34.628729604826965],[36.16846615233529,34.62908033733358],[36.16822138984772,34.629214660421226],[36.167225459725884,34.62976687755932],[36.165056357680875,34.630729526354095],[36.16276909443497,34.63191604696161],[36.16231332980294,34.63258020000607],[36.161823804827804,34.633095105175364],[36.161368040195775,34.63351299922581],[36.161283639337995,34.633587623163386],[36.16122455873755,34.63359508555715],[36.160903835477974,34.633677171888486],[36.16033834973083,34.63355777358836],[36.15870941317563,34.63340106331944],[36.15808484682804,34.633341364169375],[36.15767972271068,34.63337121374441],[36.15713955722087,34.6334085257132],[36.15632930898616,34.63361747273842],[36.155434659893665,34.63356523598212],[36.153113636304646,34.63340106331944],[36.15168726180812,34.63324435305052],[36.1509192140023,34.63316972911294],[36.150497209713386,34.63324435305052],[36.14984732310846,34.63336375135065],[36.148961114101745,34.63368463428224],[36.147197136174086,34.634445798445554],[36.145272796616645,34.635139801065044],[36.14501115395752,34.63522934979014],[36.144800151813065,34.6352890489402],[36.144572269497054,34.63536367287778],[36.144344387181036,34.635423372027844],[36.14409962469347,34.635468146390394],[36.14386330229168,34.63549053357167],[36.14374514109078,34.63552784554046],[36.143635419975666,34.63555023272173],[36.1433906574881,34.63556515750925],[36.14315433508631,34.63558008229676],[36.14292645277029,34.63555769511549],[36.14267325019694,34.635468146390394],[36.14252132865293,34.63540844724033],[36.142420047623595,34.63536367287778],[36.142192165307584,34.6352890489402],[36.14196428299157,34.63519950021511],[36.14176172093289,34.635095026702494],[36.141559158874216,34.634983090796126],[36.141356596815534,34.63475921898339],[36.14089239209773,34.63441594887052],[36.13985426154701,34.634609971108226],[36.13913685425586,34.634736831802115],[36.13796368233268,34.63516965064007],[36.13635162594903,34.635706942990645],[36.136106863461464,34.636005438740966],[36.136014022517905,34.636729290935484],[36.13554137771432,34.637094948229624],[36.134174083818245,34.63785611239294],[36.13369299892888,34.63813222096198],[36.133330075240416,34.638453103893575],[36.133186593782185,34.638617276556246],[36.1330262321524,34.638773986825164],[36.132857430436836,34.63891577230657],[36.13266330846393,34.63904263300045],[36.13246074640526,34.63915456890682],[36.132241304175025,34.63925158002567],[36.132021861944786,34.63932620396325],[36.1319796615159,34.63936351593205],[36.13183618005767,34.63949037662593],[36.13161673782743,34.63952768859472],[36.13137197533986,34.63955753816975],[36.13105125208029,34.639512763807204],[36.130781169335386,34.639400827900836],[36.130637687877154,34.63934112875077],[36.13043512581848,34.6392291928444],[36.13021568358824,34.639139644119304],[36.12998780127223,34.639065020181725],[36.12975147887044,34.63901278342542],[36.12951515646865,34.638982933850386],[36.12927039398107,34.63897547145663],[36.12910159226551,34.63901278342542],[36.12905939183662,34.639020245819175],[36.12881462934905,34.639102332150514],[36.128612067290376,34.63919934326937],[36.12835042463125,34.63927396720695],[36.12743045528142,34.63983364673879],[36.12683120919116,34.64042317584567],[36.126409204902245,34.641147028040194],[36.12613068207157,34.64166939560325],[36.125793078640434,34.6419455041723],[36.12545547520931,34.64192311699102],[36.12529511357952,34.6419081922035],[36.124628346803036,34.64175148193459],[36.12397846019811,34.64158730927191],[36.12341297445097,34.64166939560325],[36.12229888312824,34.64186341784096],[36.12180091806732,34.6419455041723],[36.12176715772421,34.6419455041723],[36.12167431678065,34.64193804177854],[36.12132827326374,34.64191565459726],[36.12089782888905,34.64160969645319],[36.12045894442858,34.6411992647965],[36.11980905782365,34.64090823143994],[36.119378613448966,34.64060227329586],[36.118990369503166,34.640259003183],[36.11848396435647,34.639714248438665],[36.11825608204045,34.63940829029459],[36.118011319552885,34.639094869756754],[36.11726015191862,34.63860235176873],[36.116306422225676,34.63796804829931],[36.115850657593654,34.63762477818644],[36.11533581236118,34.63740836876746],[36.115150130474056,34.6368337644481],[36.11471968609936,34.636117374647334],[36.11456776455536,34.63553530793421],[36.11450868395491,34.63513233867128],[36.11444116326869,34.634692057439565],[36.114382082668236,34.6340652163639],[36.114474923611795,34.63365478470721],[36.114474923611795,34.633624935132175],[36.114306121896234,34.6335503111946],[36.114069799494445,34.63353538640708],[36.113538074090414,34.63365478470721],[36.113149830144614,34.63372194625103],[36.112685625426806,34.63381149497613],[36.11197665822144,34.63384134455116],[36.11111576947205,34.63380403258237],[36.110617804411135,34.63372194625103],[36.11049964321024,34.63369955906976],[36.10991727729154,34.63343837528823],[36.10964719454664,34.63308018038785],[36.10925895060084,34.632774222243775],[36.10881162605459,34.6328040718188],[36.10843182219457,34.63279660942504],[36.10803513816299,34.63275929745625],[36.10795073730521,34.632975706875236],[36.107908536876316,34.63319211629422],[36.107916976962095,34.63351299922581],[36.107832576104315,34.6335503111946],[36.10733461104339,34.63379657018861],[36.10653280289446,34.63408760354517],[36.105916676632646,34.63433386253919],[36.10562127363041,34.63467713265205],[36.10513174865527,34.634736831802115],[36.10470130428058,34.63487861728351],[36.10433838059211,34.63528158654644],[36.10378133493075,34.63551292075294],[36.103367770727615,34.63544575920912],[36.10296264661026,34.63533382330275],[36.10264192335068,34.63529651133396],[36.102371840605784,34.63545322160287],[36.10219459880444,34.63556515750925],[36.10192451605953,34.63558754469052],[36.101451871255954,34.63552784554046],[36.101080507481704,34.63545322160287],[36.10077666439369,34.63527412415269],[36.100515021734566,34.6350054779774],[36.100346220019,34.63480399334593],[36.100219618732325,34.63471444462084],[36.100076137274094,34.63460250871447],[36.09933340972561,34.63484130531472],[36.09895360586559,34.63520696260886],[36.09881012440736,34.63535621048403],[36.098767923978464,34.63582634129077],[36.09843032054734,34.63639348321638],[36.097839514542855,34.63654273109154],[36.09718962793793,34.636490494335234],[36.09662414219079,34.636415870397656],[36.09600801592898,34.63619946097867],[36.09584765429919,34.635751717353195],[36.09564509224051,34.63540844724033],[36.095594451725844,34.63492339164606],[36.09596581550009,34.63454280956441],[36.09632873918855,34.63422192663281],[36.096455340475224,34.63405029157638],[36.09647222064678,34.63385626933867],[36.09648910081834,34.63365478470721],[36.096446900389445,34.63348314965078],[36.09639625987478,34.633341364169375],[36.09627809867388,34.63315480432543],[36.09625277841655,34.63312495475039],[36.09592361507119,34.6327518350625],[36.09523996812315,34.63255781282479],[36.09493612503514,34.63262497436861],[36.09468292246179,34.63266974873116],[36.09410055654309,34.63249065128097],[36.09338314925194,34.63224439228696],[36.09287674410525,34.63187873499282],[36.0928936242768,34.631625013605046],[36.0930877462497,34.631460840942374],[36.093129946678594,34.63143099136734],[36.093366269080384,34.63127428109842],[36.09354351088173,34.631005634923135],[36.09319746736482,34.63066236481027],[36.092969585048806,34.63044595539129],[36.0927754630759,34.630274320334856],[36.09208337604209,34.629826576709384],[36.09123092737848,34.629095262121105],[36.09116340669226,34.62908033733358],[36.090986164890914,34.62905795015231],[36.09073296231757,34.62914003648365],[36.09076672266068,34.629341521115116],[36.09077516274646,34.62938629547766],[36.090893323947355,34.62971464080301],[36.090901764033134,34.63001313655333],[36.09070764206023,34.630363869059956],[36.09026031751399,34.630393718634984],[36.08986363348241,34.63037133145371],[36.0893994287646,34.630677289597784],[36.08886770336057,34.63046088017881],[36.088546980101,34.63022954597231],[36.088546980101,34.62975941516556],[36.08876642233123,34.62936390829639],[36.088749542159675,34.62914749887741],[36.08860606070145,34.629132574089894],[36.088546980101,34.62911764930237],[36.08833597795655,34.62920719802747],[36.08777893229518,34.62956539292785],[36.08725564697693,34.63010268527842],[36.086504479342665,34.630722063960334],[36.0858292724804,34.63099817252938],[36.08533130741949,34.63128174349218],[36.08502746433147,34.631699637542624],[36.08486710270168,34.63205783244301],[36.08463922038567,34.63213991877434],[36.08438601781232,34.632236929893196],[36.083744571293174,34.63208768201804],[36.082892122629566,34.63192350935537],[36.08208187439486,34.63184142302403],[36.08172739079217,34.63169217514887],[36.0817949114784,34.631416066579824],[36.08183711190729,34.63118473237333],[36.081516388647714,34.63099817252938],[36.08095934298635,34.63098324774187],[36.08075678092767,34.630975785348106],[36.08022505552364,34.6307817631104],[36.08008157406541,34.63074445114161],[36.07986213183518,34.630677289597784],[36.07953296848982,34.63087877422925],[36.079583609004494,34.63119219476709],[36.079819931406284,34.63152054009244],[36.07995497277874,34.63176679908645],[36.07987057192096,34.63234140340581],[36.07962580943339,34.63261751197486],[36.07952452840404,34.63292347011893],[36.07982837149206,34.63316972911294],[36.07999717320763,34.633304052200586],[36.08018285509475,34.633460762469504],[36.080123774494304,34.63364732231345],[36.079971852950294,34.63384134455116],[36.07959204909027,34.63390104370122],[36.07933040643115,34.633915968488736],[36.07914472454402,34.633990592426315],[36.079035003428906,34.63424431381409],[36.07885776162757,34.63438609929549],[36.07861299913999,34.634401024083004],[36.07836823665242,34.634363712114215],[36.07823319527997,34.634363712114215],[36.07786183150573,34.6343487873267],[36.07749046773149,34.63422938902657],[36.07706002335679,34.63389358130746],[36.07684902121234,34.633341364169375],[36.07591217169095,34.6315802392425],[36.07540576654426,34.630692214385306],[36.07514412388513,34.63005044852212],[36.07508504328469,34.62947584420276],[36.075042842855794,34.62887885270212],[36.07493312174068,34.6288116911583],[36.07467991916733,34.62866244328314],[36.07427479504997,34.628475883439194],[36.07391187136151,34.628640056101865],[36.07375150973172,34.62861766892059],[36.07368398904549,34.62861020652684],[36.07348142698682,34.628475883439194],[36.07332950544281,34.62842364668288],[36.073034102440566,34.628319173170276],[36.072814660210334,34.62825947402021],[36.072569897722765,34.62825947402021],[36.07243485635031,34.628319173170276],[36.07237577574986,34.62834156035155],[36.0722069740343,34.62851319540798],[36.07204661240451,34.62899078860849],[36.07191157103206,34.62960270489664],[36.072181653776966,34.629744490378044],[36.0723251352352,34.629953437403266],[36.072342015406754,34.630028061340845],[36.072510817122314,34.63107279646696],[36.07246861669343,34.63155785206123],[36.072417976178755,34.6317742614802],[36.0722069740343,34.63190858456785],[36.07186093051739,34.631990670899185],[36.07151488700048,34.63218469313689],[36.07107600254001,34.632721985487464],[36.070350155163084,34.633132417144154],[36.06967494830082,34.63336375135065],[36.06919386341146,34.633304052200586],[36.06893222075234,34.63328166501931],[36.068712778522105,34.633296589806825],[36.068501776377644,34.63331151459435],[36.06829077423319,34.633348826563136],[36.06807133200296,34.63343091289447],[36.06782656951538,34.63351299922581],[36.06761556737093,34.63361001034466],[36.06737924496914,34.633707021463515],[36.06720200316779,34.633707021463515],[36.067100722138456,34.633714483857275],[36.066872839822445,34.63376672061358],[36.06683063939355,34.63380403258237],[36.06668715793532,34.63393835567001],[36.066476155790866,34.63412491551396],[36.066189192874404,34.634117453120204],[36.06591067004372,34.634035366788865],[36.06568278772771,34.633960742851286],[36.06542958515436,34.63387119412619],[36.06521014292413,34.63378164540109],[36.064965380436554,34.633669709494725],[36.06476281837788,34.633468224863265],[36.064644657176984,34.63319957868798],[36.064636217091206,34.63316226671918],[36.064560256319204,34.632647361549886],[36.06451805589031,34.63212499398683],[36.064492735632975,34.63193843414288],[36.0643661343463,34.631751874298935],[36.064172012373405,34.63163993839256],[36.06412137185873,34.63165486318008],[36.06389348954272,34.631751874298935],[36.06365716714093,34.63183396063027],[36.063395524481805,34.631998133292946],[36.06336176413869,34.63254288803728],[36.06337864431025,34.63269959830619],[36.06337864431025,34.63314734193167],[36.06336176413869,34.63402044200135],[36.06328580336668,34.634318937751665],[36.0635896464547,34.634975628402366],[36.06360652662626,34.6350054779774],[36.063640286969374,34.63524427457765],[36.06358120636892,34.635415909634084],[36.06345460508225,34.635632319053066],[36.0632014025089,34.63578156692822],[36.06284691890622,34.63593827719714],[36.06231519350219,34.635960664378416],[36.06198603015683,34.63598305155969],[36.061935389642166,34.63598305155969],[36.06185098878438,34.63597558916593],[36.06120110217945,34.63593081480339],[36.06066937677543,34.63584126607829],[36.05996040957005,34.635460683996634],[36.05976628759715,34.6351472634588],[36.059707206996706,34.63482638052721],[36.0594371242518,34.63446072323307],[36.05826395232862,34.633102567569125],[36.05804451009839,34.633013018844025],[36.0578081876966,34.63296078208772],[36.057571865294804,34.63294585730021],[36.057327102807236,34.632983169269],[36.05704013989077,34.633102567569125],[36.05682069766054,34.63319211629422],[36.05658437525875,34.63324435305052],[36.05633961277118,34.633259277838036],[36.056094850283614,34.63322942826301],[36.056027329597384,34.63322942826301],[36.0557488067667,34.63322942826301],[36.05537744299246,34.63306525560033],[36.05496387878932,34.632811534212564],[36.054626275358196,34.632610049581096],[36.0541958309835,34.63250557606848],[36.05411143012572,34.632483188887214],[36.05364722540792,34.63253542564352],[36.05319990086167,34.63242348973715],[36.05286229743054,34.63193843414288],[36.052634415114525,34.631587701636256],[36.05204360911005,34.63078922550416],[36.05189168756604,34.63055789129766],[36.05182416687982,34.63008776049091],[36.05200140868116,34.629789264740594],[36.05205204919583,34.62969225362174],[36.05220397073984,34.629296746752566],[36.05196764833805,34.62883407833957],[36.05174820610781,34.628475883439194],[36.051630044906915,34.628274398807726],[36.05146124319135,34.62808783896378],[36.051098319502884,34.62797590305741],[36.0506678751282,34.62799829023868],[36.050085509209495,34.62808037657002],[36.049266820889,34.62844603386416],[36.04672635506975,34.62939375787142],[36.04570510469058,34.629826576709384],[36.0451142986861,34.62993105022199],[36.04448973233851,34.62979672713435],[36.043620403503354,34.62943853223397],[36.043400961273115,34.629214660421226],[36.043291240158,34.62902810057728],[36.043012717327315,34.628923627064665],[36.04279327509708,34.62903556297104],[36.042624473381515,34.62917734845244],[36.04259071303841,34.62924450999626],[36.0424387914944,34.62960270489664],[36.04211806823482,34.62988627585944],[36.041915506176146,34.62992358782824],[36.04182266523259,34.62993851261575],[36.04148506180145,34.62996089979703],[36.04072545408141,34.629789264740594],[36.0385563520364,34.62924450999626],[36.0379739861177,34.62908033733358],[36.03754354174301,34.62885646552085],[36.03736629994167,34.628714680039444],[36.037163737882985,34.628602744133076],[36.03693585556697,34.6285281201955],[36.036699533165184,34.62849827062047],[36.036454770677615,34.62850573301422],[36.036395690077164,34.62855050737677],[36.03627752887627,34.62862513131435],[36.03613404741804,34.62885646552085],[36.03588928493047,34.62899078860849],[36.0356445224429,34.62905795015231],[36.035374439697996,34.629013175789765],[36.03509591686731,34.628923627064665],[36.03482583412241,34.62875199200823],[36.03465703240685,34.628438571470404],[36.03432786906149,34.628020677419954],[36.03419282768904,34.62777441842594],[36.03394806520147,34.627662482519575],[36.03361890185612,34.62760278336951],[36.03355982125567,34.62759532097575],[36.033154697138315,34.62775203124467],[36.03250481053339,34.62771471927588],[36.0320743661587,34.62779680560722],[36.03194776487203,34.628065451782504],[36.03194776487203,34.628319173170276],[36.03192244461469,34.6285281201955],[36.031821163585356,34.628714680039444],[36.0318042834138,34.62890870227715],[36.03187180410002,34.62911018690862],[36.031998405386695,34.62927435957129],[36.03266517216318,34.629468381809],[36.033011215680084,34.629617629684155],[36.03325597816766,34.63011761006594],[36.03338257945433,34.63079668789791],[36.033298178596546,34.63093847337932],[36.03324753808188,34.631005634923135],[36.03301965576586,34.6311548827983],[36.032386649332494,34.63113995801078],[36.03165236186979,34.63099817252938],[36.031416039468,34.63094593577307],[36.03063111149062,34.6307817631104],[36.03004874557192,34.6305504289039],[36.029601421025674,34.63005044852212],[36.029550780511,34.629998211765816],[36.028968414592306,34.629826576709384],[36.02782056292646,34.629617629684155],[36.02758424052467,34.62960270489664],[36.0273394780371,34.6296101672904],[36.02710315563531,34.62964001686543],[36.02686683323352,34.629707178409255],[36.0265629901455,34.629826576709384],[36.02630978757215,34.630035523734605],[36.02607346517036,34.63037879384747],[36.02602282465569,34.630714601566574],[36.025980624226804,34.631042946891924],[36.025752741910786,34.63132651785473],[36.02523789667831,34.631632475998806],[36.02479057213207,34.631707099936385],[36.02401408424047,34.631781723873964],[36.023752441581344,34.6318638102053],[36.02355831960844,34.632072757230524],[36.023600520037334,34.63234140340581],[36.02372712132401,34.632602587187336],[36.02371868123823,34.63278168463753],[36.0232629166062,34.63312495475039],[36.02309411489064,34.63352792401332],[36.02293375326085,34.63398313003256],[36.02293375326085,34.63402790439511],[36.023001273947074,34.63438609929549],[36.022815592059956,34.63462489589574],[36.0227987118884,34.634654745470776],[36.02278183171684,34.634721907014594],[36.02271431103062,34.63513233867128],[36.02245266837149,34.635415909634084],[36.02133013696298,34.6358039541095],[36.02042704778471,34.63627408491625],[36.02001348358157,34.63627408491625],[36.01984468186601,34.636042750709755],[36.01971808057934,34.635796491715745],[36.01970120040778,34.63576664214071],[36.01947331809177,34.63562485665931],[36.019194795261086,34.63560993187179],[36.01895003277352,34.63568455580938],[36.018435187541044,34.63584126607829],[36.01790346213701,34.63599051395345],[36.01715229450275,34.63634124646007],[36.017051013473406,34.636445719972684],[36.016823131157395,34.63667705417918],[36.01646020746893,34.63687853881065],[36.0163167260107,34.63696062514198],[36.01567527949155,34.63716210977345],[36.014898791599954,34.63729643286109],[36.01440926662482,34.63752030467383],[36.01429110542392,34.63760985339893],[36.013894421392344,34.63790088675548],[36.01344709684609,34.63801282266186],[36.01332049555942,34.638042672236885],[36.01271280938339,34.63827400644338],[36.012189524065136,34.638535190224914],[36.011801280119336,34.63878891161268],[36.01106699265662,34.63926650481319],[36.01061966811038,34.63946052705089],[36.00986850047612,34.63978887237624],[36.009429616015645,34.64023661600172],[36.009134213013404,34.64062466047714],[36.00890633069739,34.6409156938337],[36.00840836563648,34.6412515015528],[36.00823956392091,34.64137089985293],[36.00755591697287,34.64175148193459],[36.00741243551464,34.641803718690895],[36.00688915019639,34.642005203322356],[36.00655154676526,34.64199027853484],[36.00615486273368,34.6419977409286],[36.005572496814985,34.6419455041723],[36.00538681492786,34.64196042895981],[36.00501545115362,34.64198281614109],[36.004652527465154,34.64222161274134],[36.004424645149136,34.642490258916624],[36.004340244291356,34.64266935636682],[36.00429804386246,34.64287084099828],[36.004348684377135,34.643064863235985],[36.00435712446291,34.64308725041726],[36.00447528566381,34.64332604701752],[36.00478756883761,34.64358723079904],[36.005175812783406,34.64361708037408],[36.005268653726965,34.64362454276783],[36.00558937698654,34.64387080176185],[36.006492466164815,34.644624503531396],[36.006652827794596,34.64480360098159],[36.006728788566605,34.64496777364427],[36.00671190839505,34.64516925827573],[36.00661906745149,34.645355818119675],[36.00645026573592,34.64549760360108],[36.00622238341991,34.64557968993242],[36.00564001750121,34.64557968993242],[36.00493105029584,34.64534089333216],[36.00398576068867,34.645072247156875],[36.0031586322824,34.64500508561306],[36.00262690687837,34.645109559125665],[36.00222178276101,34.64506478476312],[36.00181665864366,34.645027472794325],[36.001411534526305,34.64489314970668],[36.00101485049473,34.64460957874388],[36.00065192680626,34.64432600778108],[36.00022148243157,34.64404243681828],[35.99896390965061,34.643729016280446],[35.997495334725194,34.64337828377382],[35.99678636751982,34.643146949567324],[35.99658380546114,34.64305740084223],[35.99637280331668,34.64297531451089],[35.99617024125801,34.642908152967074],[35.995950799027774,34.64284845381701],[35.995731356797535,34.6427962170607],[35.995503474481524,34.642751442698156],[35.99527559216551,34.64272159312312],[35.99505614993528,34.642699205941845],[35.99481982753348,34.64268428115433],[35.99459194521747,34.64268428115433],[35.99436406290146,34.64269174354809],[35.99413618058545,34.642706668335606],[35.993646655610306,34.6428857657858],[35.993174010806726,34.64317679914236],[35.9928364073756,34.643729016280446],[35.99248192377291,34.64436331974987],[35.99237220265779,34.64451256762503],[35.99218652077067,34.64461704113764],[35.99212744017022,34.64465435310643],[35.99197551862621,34.64475882661904],[35.99175607639598,34.644751364225286],[35.991570394508855,34.644624503531396],[35.99152819407997,34.64459465395637],[35.99150287382263,34.644296158206046],[35.99141847296485,34.64360961798032],[35.991401592793295,34.64349768207395],[35.991401592793295,34.64330365983624],[35.991342512192844,34.64313202477981],[35.99121591090617,34.64296038972338],[35.99105554927638,34.64283352902949],[35.99085298721771,34.642743980304395],[35.990633544987475,34.642706668335606],[35.99054070404391,34.64272905551688],[35.99037190232835,34.64277382987943],[35.990270621299004,34.64276636748567],[35.990186220441224,34.64276636748567],[35.98928313126295,34.64321411111115],[35.98870920543003,34.6435946931928],[35.98859104422913,34.64373647867421],[35.988481323114016,34.64386333936809],[35.98842224251357,34.64415437272465],[35.988481323114016,34.644818525769104],[35.98842224251357,34.64530358136337],[35.98834628174156,34.64610951988923],[35.988337841655785,34.64653487633343],[35.988548843800245,34.6470199319277],[35.98892020757449,34.647437825978145],[35.98950257349318,34.64799004311624],[35.989646054951415,34.648139290991395],[35.98977265623809,34.64832585083534],[35.9898486170101,34.648475098710506],[35.98989925752476,34.64866165855445],[35.98993301786788,34.6488482183984],[35.9899245777821,34.64903477824235],[35.989882377353204,34.6492213380863],[35.98981485666698,34.64940043553649],[35.98982329675276,34.64943028511152],[35.989865497181654,34.649609382561714],[35.989865497181654,34.64982579198069],[35.98975577606653,34.64999742703713],[35.98961229460831,34.650176524487314],[35.98935909203495,34.650348159543746],[35.988928647660266,34.650437708268846],[35.98849820328557,34.650430245875086],[35.98813527959711,34.650348159543746],[35.98760355419308,34.65007951336846],[35.987333471448174,34.649855641555725],[35.98703806844593,34.64980340479942],[35.98697054775971,34.64979594240566],[35.9867426654437,34.64983325437445],[35.98651478312768,34.64982579198069],[35.98629534089745,34.649781017618146],[35.986092778838774,34.64969893128681],[35.98591553703743,34.649572070592924],[35.985780495664976,34.64943774750528],[35.98571297497875,34.64925118766133],[35.985721415064525,34.64905716542362],[35.9856538943783,34.64888553036719],[35.985552613348965,34.648549722648085],[35.98529097068984,34.64840793716668],[35.98482676597203,34.6483333132291],[35.98434568108267,34.64848256110426],[35.98427816039645,34.648504948285535],[35.98391523670798,34.64860942179815],[35.98366203413463,34.64880344403585],[35.983408831561285,34.64901239106108],[35.98291930658615,34.64941536032401],[35.981957136807424,34.649534758624135],[35.981568892861624,34.649564608199164],[35.98048856188201,34.64994519028082],[35.98026911965177,34.64999742703713],[35.98004123733576,34.65000488943088],[35.97981335501975,34.64996757746209],[35.97961079296107,34.649892953524514],[35.97942511107395,34.649773555224385],[35.9792900697015,34.64963176974298],[35.97918034858638,34.649452672292796],[35.97912970807171,34.6492735748426],[35.97912970807171,34.649087014998656],[35.9792900697015,34.64840047477292],[35.97959391278952,34.64754229949076],[35.9799905968211,34.64635577888325],[35.98004967742154,34.646169219039294],[35.980083437764655,34.64598265919535],[35.980091877850434,34.6457960993514],[35.980083437764655,34.64560207711369],[35.98004123733576,34.6454229796635],[35.97998215673532,34.645236419819554],[35.97988931579175,34.64506478476312],[35.97980491493397,34.64491553688796],[35.97965299338996,34.64473643943777],[35.97950951193173,34.64459465395637],[35.97929850978728,34.644430481293696],[35.97884274515525,34.64425884623726],[35.978100017606764,34.64424392144974],[35.97705344697026,34.64430362059981],[35.97628539916444,34.64432600778108],[35.97582119444664,34.6442513838435],[35.9756017522164,34.64418422229968],[35.9754076302435,34.644094673574585],[35.97522194835638,34.64398273766822],[35.975061586726596,34.643848414580575],[35.974926545354144,34.64370662909917],[35.9748252643248,34.64354991883025],[35.97472398329546,34.643355896592546],[35.97468178286657,34.6431693367486],[35.97465646260924,34.64298277690465],[35.97467334278079,34.642788754666945],[35.97472398329546,34.64260965721675],[35.97503626646926,34.641803718690895],[35.975247268613714,34.6411992647965],[35.97527258887105,34.6406321228709],[35.975331669471494,34.639841109132554],[35.975399190157724,34.63945306465714],[35.97564395264529,34.63875906203765],[35.975922475475976,34.63795312351179],[35.976251638821324,34.6372591208923],[35.97635291985067,34.63708748583587],[35.97644576079423,34.63691585077944],[35.97653016165201,34.636736753329245],[35.97659768233824,34.63655765587905],[35.9766483228529,34.636371096035106],[35.97668208319602,34.63618453619116],[35.976707403453354,34.635997976347205],[35.97671584353913,34.6358039541095],[35.976707403453354,34.63561739426555],[35.976690523281796,34.635430834421605],[35.97665676293868,34.63524427457765],[35.976606122424016,34.635057714733705],[35.97638668019378,34.63455027195816],[35.97603219659109,34.6343487873267],[35.97551735135862,34.63417715227027],[35.975002506126145,34.634117453120204],[35.97450454106523,34.634080141151415],[35.97409941694787,34.633953280457526],[35.97429353892077,34.63376672061358],[35.974546741494116,34.633505536832054],[35.97466490269502,34.633050330812814],[35.97467334278079,34.63269959830619],[35.9748252643248,34.63246080170594],[35.974943425525694,34.63212499398683],[35.975002506126145,34.631744411905174],[35.97504470655504,34.631296668279695],[35.97525570869949,34.63079668789791],[35.9755257914444,34.63010268527842],[35.97572835350307,34.62972956559053],[35.975854954789746,34.62917734845244],[35.9759140353902,34.62896093903346],[35.9761841181351,34.62870721764569],[35.97619255822088,34.62825201162645],[35.9762600789071,34.62775203124467],[35.97649640130889,34.627326674800464],[35.976698963367575,34.62706549101894],[35.9766483228529,34.62670729611855],[35.97690996551203,34.6263267140369],[35.977163168085376,34.625975981530274],[35.977315089629386,34.625453613967224],[35.97744169091606,34.62497602076671],[35.97750921160229,34.6244984275662],[35.97768645340363,34.62395367282187],[35.97782149477608,34.62359547792149],[35.97795653614853,34.62280446418315],[35.978159098207215,34.62243134449525],[35.9784376210379,34.62166271793818],[35.97861486283924,34.62102841446875],[35.97883430506947,34.62061798281207],[35.97888494558414,34.62052843408697],[35.97899466669926,34.62021501354914],[35.979087507642824,34.61967025880481],[35.97941667098817,34.61886432027895],[35.980024357164204,34.61712558253335],[35.980243799394444,34.61624502006991],[35.9807248842838,34.614916713980996],[35.98087680582781,34.61450628232431],[35.98096964677137,34.6140809258801],[35.9811890890016,34.612983953997684],[35.98145917174651,34.61222278983437],[35.981552012690074,34.611842207752716],[35.98178833509186,34.6111705923145],[35.982092178179876,34.61043181533246],[35.98233694066745,34.60964826398788],[35.98260702341235,34.608693077586864],[35.98288554624303,34.6076931168233],[35.9831303087306,34.606887178297434],[35.98319782941683,34.60631257397807],[35.983408831561285,34.605626033752344],[35.983619833705745,34.605014117464194],[35.98392367679376,34.60424549090712],[35.984168439281326,34.603461939562536],[35.98428660048222,34.60308135748088],[35.98461576382758,34.6022978061363],[35.98484364614359,34.60105904877248],[35.985096848716935,34.59932031102687],[35.985257210346724,34.59863377080114],[35.98550197283429,34.597775595518975],[35.98562013403519,34.597417400618596],[35.98568765472142,34.59665623645528],[35.98564545429252,34.5962980415549],[35.98564545429252,34.595939846654524],[35.98576361549342,34.59579806117312],[35.98613497926766,34.59580552356688],[35.98637130166945,34.596066707348406],[35.98654010338502,34.59588760989821],[35.986481022784574,34.59579059877936],[35.98639662192679,34.595574189360384],[35.98639662192679,34.59547717824153],[35.986464142613016,34.59497719785975],[35.986472582698795,34.59461900295936],[35.986472582698795,34.594477217477966],[35.986481022784574,34.59423842087771],[35.986481022784574,34.59416379694013],[35.986717345186364,34.59393246273363],[35.986860826644595,34.5936712789521],[35.98686926673037,34.593410095170576],[35.98690302707348,34.5930519002702],[35.98697054775971,34.59241013440701],[35.98715622964683,34.591768368543825],[35.987333471448174,34.591119140286885],[35.98757823393574,34.59029081457975],[35.98773859556553,34.58955203759771],[35.987949597709985,34.588865497371984],[35.988194360197554,34.587887923789694],[35.98826188088378,34.587432717770454],[35.98842224251357,34.58669394078842],[35.98849820328557,34.58557458172473],[35.988717645515806,34.58438806111721],[35.989029928689604,34.58267171055288],[35.989097449375826,34.582074719052244],[35.989164970062056,34.58145534037034],[35.989316891606066,34.58100759674486],[35.98952789375052,34.58067178902575],[35.989561654093635,34.58031359412537],[35.98945193297852,34.57990316246868],[35.989089009290055,34.57937333251187],[35.98888644723137,34.57920915984919],[35.98892020757449,34.57906737436779],[35.98906368903272,34.579022600005246],[35.989325331691845,34.579022600005246],[35.98957853426519,34.5791196111241],[35.98983173683854,34.57922408463671],[35.98982329675276,34.579089761549064],[35.98965449503719,34.57875395382996],[35.98966293512297,34.5785151572297],[35.98967137520875,34.577955477697856],[35.9897304558092,34.57764205716002],[35.98993301786788,34.577716681097606],[35.99013557992655,34.57755250843493],[35.99016934026967,34.577149539172],[35.990186220441224,34.57619435277098],[35.99020310061278,34.57557497408907],[35.990262181213225,34.57514215525111],[35.990422542843014,34.574440690237864],[35.99045630318613,34.57387354831226],[35.99060822473014,34.57360490213697],[35.99078546653148,34.573328793567924],[35.99073482601681,34.57284373797366],[35.990633544987475,34.57215719774793],[35.99064198507325,34.571627367791116],[35.99069262558792,34.570187125795826],[35.990709505759476,34.56935133769494],[35.99078546653148,34.56600072289762],[35.99083610704615,34.56512016043418],[35.99100490876172,34.56366499365138],[35.99098802859016,34.56322471241966],[35.99097958850438,34.56301576539444],[35.990954268247044,34.56182178239317],[35.990945828161266,34.561642684942974],[35.99092050790393,34.561321802011385],[35.99087830747504,34.560829284023356],[35.99090362773238,34.55750851880107],[35.99090362773238,34.557239872625786],[35.99082766696037,34.5568816777254],[35.99076858635993,34.5565981067626],[35.99076014627415,34.55568769472413],[35.990793906617256,34.554904143379545],[35.99093738807549,34.55324749196528],[35.99092894798971,34.553150480846426],[35.990861427303486,34.55274004918974],[35.990557584215466,34.552165444870376],[35.990186220441224,34.55164307730732],[35.98993301786788,34.551255032831904],[35.98962073469408,34.550844601175214],[35.98936753212073,34.55086698835649],[35.98938441229229,34.55065804133127],[35.9894603730643,34.54989687716796],[35.98945193297852,34.54927749848605],[35.98944349289274,34.549255111304774],[35.989257811005615,34.54832231208503],[35.98885268688826,34.546799983758405],[35.98869232525848,34.54606120677637],[35.98867544508692,34.54527019303803],[35.98865856491536,34.54474782547497],[35.98852352354291,34.54417322115561],[35.98838848217046,34.5433225082672],[35.98823656062645,34.54232254750364],[35.98749383307796,34.53831524205562],[35.98712246930372,34.53672575218517],[35.98706338870327,34.53644964361613],[35.986548543470796,34.53418853830747],[35.9863544214979,34.533516922869254],[35.986084338752995,34.53256173646824],[35.98518124957472,34.52960662854009],[35.98474236511425,34.52850219426391],[35.98425284013911,34.528091762607225],[35.98388991645065,34.527726105313086],[35.98384771602176,34.52765894376926],[35.9836367138773,34.52730074886888],[35.98335819104662,34.52662913343066],[35.98259858332657,34.5253978384606],[35.98237070101056,34.52512172989156],[35.982201899295,34.52490532047258],[35.981948696721645,34.5245471255722],[35.9816954941483,34.52413669391551],[35.981476051918065,34.52368148789627],[35.9811890890016,34.523390454539715],[35.98091056617092,34.522980022883026],[35.98051388213935,34.52245019292621],[35.98020159896555,34.52209199802583],[35.97972895416197,34.52148754413143],[35.979070627471266,34.52081592869322],[35.97873302404013,34.52054728251793],[35.978159098207215,34.52094278938711],[35.97774553400408,34.52136814583131],[35.976994366369816,34.52178603988175],[35.97682556465425,34.521711415944175],[35.97696904611248,34.521547243281496],[35.97766957323207,34.52107711247475],[35.97813377794988,34.520681605605574],[35.97848826155256,34.52030102352392],[35.978319459836996,34.52006222692366],[35.977948096062754,34.51983835511093],[35.977171608171155,34.519786118354624],[35.97642044053689,34.51972641920456],[35.97619255822088,34.51977865596086],[35.97537386990039,34.520360722673985],[35.97536542981461,34.52057713209297],[35.97567771298841,34.52112934923105],[35.97612503753465,34.52185320142557],[35.976462640965785,34.52230094505105],[35.976403560365334,34.52247258010748],[35.97620099830666,34.52249496728876],[35.976006876333756,34.522278557869775],[35.97564395264529,34.52153231849398],[35.9751375474986,34.520763691936914],[35.97499406604037,34.52048012097411],[35.97517130784171,34.52021147479883],[35.97595623581909,34.519696569629524],[35.976074397019985,34.51946523542303],[35.97545827075817,34.518763770409784],[35.97534010955727,34.518644372109655],[35.97472398329546,34.51801753103399],[35.974437020379,34.51777127203997],[35.97398125574698,34.51731606602074],[35.973550811372284,34.517092194208004],[35.97317944759804,34.51687578478902],[35.972630842022454,34.51682354803272],[35.97188811447397,34.51674146170138],[35.970849983923245,34.51670414973259],[35.96957553097073,34.51683101042647],[35.96888344393691,34.51687578478902],[35.96866400170668,34.516920559151565],[35.96801411510175,34.51705488223921],[35.96709414575192,34.51730860362698],[35.96667214146301,34.51739815235208],[35.96636829837499,34.5174653138959],[35.965439888939386,34.517622024164815],[35.96498412430736,34.51768918570864],[35.96478156224868,34.51780112161501],[35.964604320447336,34.51789813273386],[35.96439331830288,34.51801753103399],[35.9634142683526,34.51809961736532],[35.962637780461,34.51809215497157],[35.96208917488541,34.517987681458955],[35.96117764562136,34.51781604640252],[35.96028299652887,34.51756232501475],[35.96004667412708,34.517457851502144],[35.95985255215418,34.517368302777044],[35.959287066407036,34.51678623606392],[35.95894946297591,34.51645042834482],[35.958696260402554,34.516017609506854],[35.958527458686994,34.51575642572533],[35.95844305782921,34.51551762912507],[35.95810545439808,34.51515197183093],[35.95805481388341,34.5151221222559],[35.95761592942294,34.514883325655646],[35.957303646249144,34.514644529055396],[35.95711796436203,34.51448781878648],[35.95689008204601,34.514316183730045],[35.95640055707087,34.51416693585488],[35.95593635235307,34.51408484952355],[35.95550590797838,34.51408484952355],[35.9551851847188,34.513987838404695],[35.954906661888124,34.513860977710806],[35.95470409982944,34.51370426744189],[35.95453529811388,34.513569944354245],[35.95424833519742,34.51323413663514],[35.95379257056539,34.51284609215973],[35.9536322089356,34.512666994709534],[35.953598448592494,34.512629682740744],[35.95342964687693,34.51245804768431],[35.95323552490403,34.51219686390279],[35.952999202502234,34.512144627146476],[35.95286416112978,34.5119282177275],[35.95286416112978,34.51162225958342],[35.95269535941422,34.51147301170826],[35.9524674770982,34.51137600058941],[35.95247591718398,34.51107004244533],[35.952281795211086,34.510584986851065],[35.952222714610635,34.51032380306954],[35.952197394353306,34.51012978083183],[35.95232399563998,34.509898446625336],[35.95226491503953,34.509652187631325],[35.9521214335813,34.50955517651247],[35.95163190860616,34.50955517651247],[35.95099890217279,34.50949547736241],[35.9501042530803,34.509532789331196],[35.949673808705604,34.50955517651247],[35.94941216604648,34.50955517651247],[35.94915052338735,34.509570101299985],[35.94886356047089,34.509570101299985],[35.94849219669665,34.50946562778737],[35.94817991352285,34.50929399273094],[35.948061752321955,34.50922683118712],[35.94760598768993,34.50905519613069],[35.947116462714796,34.50885371149922],[35.9466860183401,34.508711926017824],[35.946373735166304,34.508540290961385],[35.94612053259296,34.5081298593047],[35.94594329079162,34.50790598749196],[35.94584200976227,34.50776420201056],[35.94547064598803,34.507525405410306],[35.945040201613345,34.50751794301655],[35.94454223655242,34.5077045028605],[35.944280593893296,34.50786867552317],[35.943731988317715,34.5080776225484],[35.94344502540125,34.507973149035784],[35.942989260769224,34.50771196525425],[35.94271073793855,34.507279146416295],[35.942575696566095,34.50648813267795],[35.94247441553675,34.50586875399604],[35.94219589270607,34.5050777402577],[35.942128372019845,34.50415240343171],[35.94195957030428,34.50345093841847],[35.941731687988266,34.503353927299614],[35.94147848541492,34.503279303362035],[35.94128436344202,34.50284648452407],[35.94131812378513,34.50239127850484],[35.94077795829532,34.50203308360445],[35.940355954006414,34.50164503912904],[35.93998459023217,34.5012793818349],[35.939815788516604,34.50106297241592],[35.93956258594326,34.50070477751554],[35.93932626354147,34.50038389458395],[35.939115261397006,34.50009286122739],[35.93895489976722,34.499592880845604],[35.93887893899522,34.49933169706408],[35.93879453813744,34.499063050888786],[35.93879453813744,34.498898878226115],[35.93862573642187,34.498607844869554],[35.93851601530675,34.49834666108803],[35.93847381487786,34.49832427390675],[35.938355653676965,34.49832427390675],[35.93814465153251,34.49831681151299],[35.93794208947383,34.49848098417567],[35.93776484767249,34.49867500641338],[35.937503205013364,34.49895111498242],[35.93720780201112,34.499145137220125],[35.936718277035986,34.49949586972675],[35.93630471283285,34.49986898941465],[35.93609371068839,34.50016002277121],[35.935891148629715,34.50036896979643],[35.93568858657104,34.500458518521526],[35.93554510511281,34.50043613134025],[35.93548602451236,34.500294345858855],[35.93587426845816,34.499913763777194],[35.936338473175965,34.49956303127057],[35.93692083909466,34.49909290046382],[35.937739527415154,34.49836158587554],[35.937883008873385,34.49821980039414],[35.93823749247607,34.49807801491274],[35.93824593256185,34.49805562773147],[35.93828813299074,34.497913842250064],[35.93830501316229,34.49768997043733],[35.93830501316229,34.49765265846854],[35.93821217221873,34.49757803453096],[35.93798428990272,34.4976228088935],[35.93780704810138,34.4976228088935],[35.937739527415154,34.49757803453096],[35.937663566643145,34.49753326016841],[35.93746944467025,34.49737654989949],[35.936954599437776,34.497301925961914],[35.93646507446264,34.49713029090548],[35.93600930983061,34.49657807376739],[35.93590802880127,34.49651091222357],[35.935359423225684,34.496160179716945],[35.93504714005189,34.49606316859809],[35.934642015934536,34.49605570620434],[35.934439453875854,34.496130330141916],[35.934431013790075,34.496533299404845],[35.93437193318963,34.496607923342424],[35.93431285258918,34.496652697704974],[35.9342284517314,34.49657807376739],[35.934287532331844,34.49631688998586],[35.93429597241762,34.49617510450446],[35.93409341035895,34.49610048056688],[35.9339161685576,34.496167642110706],[35.93371360649893,34.49635420195465],[35.933274722038455,34.49668254728],[35.933122800494445,34.49692880627401],[35.93277675697754,34.49732431314319],[35.9324813539753,34.497510872987135],[35.93224503157351,34.49760788410599],[35.93199182900016,34.49738401229325],[35.932025589343276,34.497152678086756],[35.932202831144615,34.4970556669679],[35.9324053932033,34.496772096005095],[35.93290335826421,34.49651837461733],[35.93302151946511,34.496234803654524],[35.93285271774954,34.49603331902306],[35.933029959550886,34.49582437199784],[35.93323252160956,34.49582437199784],[35.93337600306779,34.49561542497261],[35.93329160221001,34.495473639491216],[35.933122800494445,34.495421402734905],[35.932894918178434,34.49539901555364],[35.93278519706332,34.49519753092217],[35.9327514367202,34.494861723203066],[35.93261639534775,34.49455576505898],[35.93254043457575,34.494122946221026],[35.932422273374854,34.49395877355835],[35.93222815140195,34.49392892398332],[35.93194118848549,34.49361550344548],[35.93174706651259,34.493473717964086],[35.93139258290991,34.4933990940265],[35.931198460937004,34.49329462051389],[35.931046539392995,34.49360804105173],[35.930877737677434,34.49360057865797],[35.93067517561875,34.49355580429542],[35.93061609501831,34.49341401881402],[35.93030381184451,34.493219996576315],[35.930194090729394,34.4931155230637],[35.93001684892805,34.4931155230637],[35.929561084296026,34.49308567348867],[35.92938384249468,34.49308567348867],[35.92889431751954,34.49319760939504],[35.92865799511775,34.49336178205771],[35.9287170757182,34.49355580429542],[35.9287170757182,34.49367520259555],[35.92853983391686,34.4937199769581],[35.928016548598606,34.49388414962077],[35.927813986539924,34.493876687227015],[35.92767050508169,34.49385430004574],[35.92767050508169,34.49369012738306],[35.928024988684385,34.49333193248268],[35.92854827400264,34.493055823913636],[35.92904623906355,34.492846876888414],[35.92924880112223,34.49274986576956],[35.92909687957822,34.49216779905644],[35.92901247872044,34.49187676569988],[35.92913063992133,34.49172751782472],[35.92916440026445,34.49169020585593],[35.929172840350226,34.491376785318096],[35.92891963777688,34.49089919211759],[35.92878459640443,34.49074248184867],[35.92870019554664,34.49065293312358],[35.92846387314485,34.49039174934205],[35.92823599082884,34.49017533992307],[35.92816003005684,34.489861919385234],[35.928100949456386,34.48948133730358],[35.92808406928483,34.48933208942842],[35.927957467998155,34.489160454371984],[35.92768738525325,34.48877987229033],[35.927662064995914,34.488727635534026],[35.927425742594124,34.48829481669606],[35.92738354216523,34.48820526797097],[35.92699529821943,34.48796647137071],[35.92683493658965,34.487861997858104],[35.92640449221496,34.48731724311377],[35.926353851700284,34.48726500635747],[35.92615972972739,34.48695158581963],[35.925872766810926,34.486921736244604],[35.92547608277935,34.48682472512575],[35.92551828320824,34.48650384219415],[35.925408562093125,34.4862650455939],[35.92512159917666,34.486138184900014],[35.924868396603316,34.485899388299764],[35.92446327248596,34.48584715154345],[35.924269150513055,34.485772527605874],[35.92392310699615,34.48564566691199],[35.92363614407969,34.485451644674285],[35.923644584165466,34.485093449773906],[35.92358550356502,34.48492927711123],[35.92353486305035,34.48478002923607],[35.92322257987656,34.484399447154416],[35.92291873678854,34.48417557534167],[35.92285121610231,34.48413080097913],[35.9225051725854,34.48417557534167],[35.92136576100534,34.48499643865505],[35.92107879808888,34.485182998499],[35.92072431448619,34.485421795099256],[35.920023787366596,34.48593670026855],[35.920023787366596,34.486100872931225],[35.9199056261657,34.48619788405008],[35.91961866324924,34.48619788405008],[35.919559582648795,34.48604863617492],[35.91974526453591,34.48576506521212],[35.92035295071195,34.485414332705496],[35.92096063688798,34.48501882583632],[35.921779325208476,34.48445168391072],[35.9221591290685,34.484145725766645],[35.922336370869836,34.48379499326002],[35.92230261052673,34.48375768129123],[35.92214224889694,34.48360097102231],[35.922015647610266,34.483489035115944],[35.92191436658093,34.483406948784605],[35.92160208340713,34.48306367867174],[35.921332000662225,34.482839806859005],[35.921180079118216,34.48270548377136],[35.921011277402656,34.48248907435238],[35.921011277402656,34.482175653814544],[35.92067367397152,34.48154881273888],[35.92042891148395,34.48125777938232],[35.920032227452374,34.4807801861818],[35.919795905050584,34.480705562244225],[35.91945830161946,34.480347367343846],[35.91903629733054,34.480056333987285],[35.918572092612735,34.479765300630724],[35.91766900343446,34.47957127839302],[35.917382040518,34.47942949291162],[35.91715415820199,34.479325019399006],[35.91705287717265,34.479160846736335],[35.917019116829536,34.479108609980024],[35.916850315113976,34.47896682449863],[35.916732153913074,34.478869813379774],[35.91650427159706,34.47863101677952],[35.9161413479086,34.47828774666665],[35.916023186707704,34.47816088597276],[35.91587970524947,34.47800417570385],[35.91566026301924,34.477757916709834],[35.915407060445894,34.47722808675302],[35.91483313461297,34.47719823717799],[35.91436892989517,34.47683257988385],[35.914174807922265,34.476668407221176],[35.91398068594937,34.47642961062092],[35.9138118842338,34.47623558838321],[35.91356712174623,34.47607141572054],[35.9126471523964,34.47545949943239],[35.912157627421266,34.47516846607583],[35.91213230716393,34.47513861650079],[35.91192974510525,34.47489981990054],[35.911625902017235,34.474086418980924],[35.91144866021589,34.47354166423659],[35.911237658071435,34.473355104392645],[35.91096757532653,34.473108845398635],[35.91071437275318,34.472817812042074],[35.9105118106945,34.47263125219813],[35.91020796760649,34.472362606022834],[35.90989568443269,34.472049185485005],[35.90982816374647,34.47198948633494],[35.90974376288868,34.471922324791116],[35.90940615945755,34.471638753828316],[35.908621231480176,34.47108653669023],[35.908469309936166,34.470982063177615],[35.90798822504681,34.47071341700233],[35.90749870007167,34.47058655630845],[35.90738053887077,34.47058655630845],[35.907009175096526,34.47034775970819],[35.906789732866294,34.47010150071418],[35.90619048677604,34.46945227245724],[35.905852883344906,34.4691388519194],[35.905557480342665,34.46895229207545],[35.9053127178551,34.46879558180654],[35.90471347176484,34.468288139030996],[35.90456999030661,34.4681985903059],[35.904088905417254,34.46790009455558],[35.90370910155723,34.467668760349085],[35.903312417525655,34.46743742614259],[35.9027891322074,34.46719862954234],[35.901615960284225,34.466735961129345],[35.90129523702465,34.466683724373034],[35.90106735470864,34.466609100435456],[35.90075507153484,34.46658671325418],[35.900695990934395,34.46657925086043],[35.90049342887571,34.46655686367915],[35.90008830475836,34.46654940128539],[35.89974226124145,34.46654193889164],[35.89886449232051,34.46680312267316],[35.89882229189162,34.46681804746068],[35.898467808288935,34.466937445760806],[35.89809644451469,34.467049381667174],[35.896535028645715,34.46739265178004],[35.89592734246968,34.46733295262998],[35.895606619210106,34.467310565448706],[35.89543781749454,34.467310565448706],[35.89511709423497,34.467467275717624],[35.89474573046073,34.46737026459877],[35.894458767544265,34.46727325347992],[35.89401988308379,34.4670269944859],[35.893775120596224,34.467019532092145],[35.893775120596224,34.4671687799673],[35.89396924256913,34.467265791086156],[35.893994562826464,34.46740757656756],[35.89393548222601,34.467549362048956],[35.893766680510446,34.467549362048956],[35.893538798194434,34.4674523509301],[35.8933953167362,34.46716131757354],[35.89340375682198,34.46692252097329],[35.8933193559642,34.46670611155431],[35.892855151246394,34.466609100435456],[35.89259350858727,34.46667626197928],[35.89228122541348,34.466601638041695],[35.89174105992367,34.466355379047684],[35.891546937950764,34.46606434569112],[35.89103209271829,34.46581808669711],[35.890382206113365,34.46553451573431],[35.89001084233912,34.465295719134055],[35.88979140010889,34.465004685777494],[35.889445356591985,34.46490767465864],[35.88901491221729,34.464974836202465],[35.88871950921505,34.46506438492756],[35.88822998423991,34.46510915929011],[35.887681378664325,34.46510169689635],[35.88654196708426,34.464728577208454],[35.88628032442514,34.464609178908326],[35.88611152270957,34.46453455497075],[35.88584988005044,34.46469872763342],[35.88587520030778,34.46495991141495],[35.886077762366455,34.46503453535253],[35.88601024168023,34.46522855759024],[35.885757039106885,34.4651987080152],[35.8855544770482,34.464982298596226],[35.88568107833488,34.46457932933329],[35.88568107833488,34.46443008145813],[35.885309714560634,34.46416143528285],[35.88493835078639,34.46401964980145],[35.884600747355265,34.46382562756374],[35.88442350555392,34.46372861644489],[35.88401838143656,34.46364653011355],[35.88373985860588,34.4635495189947],[35.88338537500319,34.463415195907054],[35.88327565388808,34.463377883938264],[35.88316593277296,34.463258485638136],[35.882904290113835,34.46310923776298],[35.882676407797824,34.4630868505817],[35.882305044023575,34.46291521552527],[35.88187459964889,34.46281074201266],[35.881444155274195,34.46259433259368],[35.88131755398752,34.462437622324764],[35.880743628154605,34.46252717104986],[35.879967140263,34.462564483018646],[35.87973925794699,34.46241523514349],[35.879426974773196,34.46224360008706],[35.879047170913175,34.46224360008706],[35.87879396833983,34.46199734109304],[35.87838884422247,34.46204211545559],[35.877983720105114,34.46210927699941],[35.877755837789095,34.462034653061835],[35.87740979427219,34.46193017954922],[35.8770975110984,34.46183316843037],[35.87672614732415,34.46183316843037],[35.876607986123254,34.461945104336735],[35.876515145179695,34.46213912657444],[35.87625350252057,34.46213166418069],[35.87602562020456,34.46210927699941],[35.87576397754543,34.462034653061835],[35.87556985557253,34.46181824364285],[35.875055010340056,34.46173615731151],[35.87493684913916,34.46164660858642],[35.8745739254507,34.461303338473556],[35.87448952459292,34.46113916581088],[35.87448952459292,34.460967530754445],[35.874438884078245,34.4607809709105],[35.8742616422769,34.46075112133546],[35.873974679360444,34.46081828287929],[35.87399999961777,34.460892906816866],[35.87416880133334,34.46115409059839],[35.87422788193379,34.4613481128361],[35.87402531987511,34.46139288719865],[35.87376367721598,34.461340650442345],[35.8733332328413,34.46126602650476],[35.8730209496675,34.46109439144833],[35.87273398675104,34.46085559484808],[35.872742426836815,34.46044516319139],[35.87253986477814,34.46044516319139],[35.87225290186168,34.460676497397884],[35.8719321786021,34.460937681179416],[35.87175493680076,34.460930218785656],[35.87161145534253,34.46078843330425],[35.87124009156829,34.46062426064158],[35.87101220925227,34.46054217431024],[35.870750566593145,34.46054217431024],[35.870201961017564,34.46051232473521],[35.86994875844422,34.4604078512226],[35.86971243604242,34.4604078512226],[35.86955207441264,34.46028845292247],[35.86916383046684,34.46022129137865],[35.86892750806504,34.46022129137865],[35.868674305491695,34.46016905462234],[35.86844642317568,34.46009443068476],[35.86818478051656,34.46004965632222],[35.868108819744556,34.46007950589725],[35.86767837536986,34.460191441803616],[35.86733233185296,34.46028845292247],[35.86706224910805,34.46081082048553],[35.86677528619159,34.460848132454316],[35.8665389637898,34.46075112133546],[35.86626044095912,34.460676497397884],[35.86591439744221,34.4604600879789],[35.8658384366702,34.460273528134955],[35.865728715555086,34.460280990528716],[35.865357351780844,34.460109355472284],[35.86516322980794,34.45988548365954],[35.86485094663415,34.45966907424056],[35.86438674191634,34.459661611846805],[35.864184179857666,34.45968399902808],[35.86372841522564,34.459534751152916],[35.86340769196607,34.459534751152916],[35.863120729049605,34.45948251439661],[35.86272404501803,34.45913178188999],[35.86236956141534,34.45881836135216],[35.86218387952822,34.458721350233304],[35.86206571832732,34.45869150065827],[35.86201507781266,34.45869896305203],[35.861728114896195,34.45868403826451],[35.86165215412419,34.458669113476994],[35.8614158317224,34.458631801508204],[35.861280790349944,34.458631801508204],[35.86117106923483,34.458676575870754],[35.861044467948155,34.45866165108324],[35.86101070760504,34.4585795647519],[35.86101070760504,34.45850494081432],[35.86101914769082,34.45846762884553],[35.86100226751926,34.458348230545404],[35.86098538734771,34.45825868182031],[35.860892546404145,34.45817659548897],[35.860799705460586,34.45813182112642],[35.86069842443125,34.45811689633891],[35.86060558348769,34.45813928352018],[35.86047898220101,34.458206445064],[35.860343940828564,34.458266144214065],[35.86023421971344,34.45832584336413],[35.85998945722587,34.458228832245275],[35.8597446947383,34.45810943394515],[35.85946617190762,34.457900486919925],[35.85939021113562,34.45778855101356],[35.85946617190762,34.457736314257254],[35.85948305207918,34.45768407750094],[35.8594746119934,34.457609453563364],[35.85944929173606,34.457579603988336],[35.85924672967739,34.45746020568821],[35.8590863680476,34.45736319456935],[35.85885004564581,34.457213946694196],[35.858579962900905,34.45709454839407],[35.858200159040884,34.456915450943875],[35.85783723535242,34.45677366546248],[35.85749119183551,34.45664680476859],[35.85695946643148,34.45649009449967],[35.85684130523058,34.45645278253088],[35.8564868216279,34.45636323380579],[35.856174538454106,34.456325921837],[35.8559804164812,34.45636323380579],[35.85591289579498,34.45636323380579],[35.85584537510875,34.45637069619955],[35.85565969322163,34.45637069619955],[35.85530520961894,34.4563781585933],[35.855195488503824,34.4563781585933],[35.855018246702485,34.456385620987064],[35.85490852558736,34.456385620987064],[35.85482412472958,34.45633338423076],[35.85463844284246,34.45619906114311],[35.854570922156235,34.45615428678057],[35.854478081212676,34.45616174917432],[35.854191118296214,34.45612443720553],[35.85381131443619,34.45606473805547],[35.853347109718385,34.45602742608668],[35.853178308002825,34.456019963692924],[35.852047336508534,34.45596772693662],[35.85152405119028,34.45596026454286],[35.851329929217385,34.4560423508742],[35.85074756329868,34.45602742608668],[35.85045216029645,34.45601250129916],[35.85020739780888,34.4560945876305],[35.84976007326263,34.45613189959929],[35.8491523870866,34.45625129789942],[35.84897514528525,34.456296072261964],[35.84875570305502,34.456228910718146],[35.84857846125367,34.45615428678057],[35.848409659538106,34.45612443720553],[35.84812269662165,34.45608712523674],[35.84752345053139,34.45603488848044],[35.84707612598515,34.45601250129916],[35.84698328504158,34.45608712523674],[35.84642623938022,34.456296072261964],[35.845945154490856,34.45639308338082],[35.84575947260374,34.45642293295585],[35.84560755105973,34.45653486886222],[35.84549782994461,34.456549793649735],[35.845329028229045,34.45651994407471],[35.84523618728549,34.45648263210592],[35.84510958599881,34.45643785774337],[35.844856383425466,34.456348309018274],[35.844636941195226,34.456266222686935],[35.844569420509,34.45648263210592],[35.84453566016589,34.45665426716235],[35.84445969939389,34.45684828940006],[35.84436685845033,34.45693783812515],[35.84430777784988,34.45694530051891],[35.84421493690632,34.456930375731396],[35.844181176563204,34.45690798855012],[35.84413897613431,34.45678859024999],[35.84413897613431,34.456639342374835],[35.84415585630587,34.45645278253088],[35.8442233769921,34.456325921837],[35.844265577420984,34.456184136355596],[35.84428245759254,34.455982651724135],[35.8442233769921,34.45591549018031],[35.84413897613431,34.455893102999035],[35.84400393476186,34.45587071581777],[35.84389421364674,34.45587071581777],[35.84380981278896,34.45587817821152],[35.84356505030139,34.455908027786556],[35.84328652747071,34.45599011411789],[35.843092405497806,34.45610951241802],[35.84303332489736,34.456221448324385],[35.843016444725805,34.456266222686935],[35.843016444725805,34.45633338423076],[35.84306708524048,34.45643039534961],[35.84312616584092,34.45650501928719],[35.84315148609826,34.456624417587314],[35.843092405497806,34.456713966312414],[35.843008004640026,34.456922913337635],[35.842872963267574,34.45719902190668],[35.84272948180934,34.4574079689319],[35.84267884129467,34.457579603988336],[35.84253535983645,34.45812435873267],[35.84249315940755,34.45849747842056],[35.84250159949333,34.458631801508204],[35.84240875854977,34.458669113476994],[35.842248396919985,34.458594489539415],[35.84223151674843,34.45853479038935],[35.84222307666265,34.45848255363305],[35.8421639960622,34.45837808012043],[35.842088035290196,34.45825121942655],[35.841716671515954,34.458019885220054],[35.841480349114164,34.45795272367623],[35.84103302456791,34.457863174951136],[35.840864222852346,34.45775123904477],[35.84050973924966,34.4575497544133],[35.84012993538964,34.45742289371942],[35.83965729058606,34.45744528090069],[35.83911712509625,34.457907949313686],[35.83887236260868,34.457900486919925],[35.838560079434885,34.45788556213241],[35.83822247600376,34.45780347580107],[35.83811275488864,34.45776616383228],[35.838019913945075,34.45772138946973],[35.83791019282996,34.45751244244451],[35.83756414931305,34.45701246206273],[35.836686380392116,34.45576624230515],[35.836551339019664,34.45549759612987],[35.836872062279234,34.45510955165445],[35.83691426270813,34.45507223968566],[35.83660197953433,34.45489314223547],[35.83583393172851,34.45443793621624],[35.835395047268044,34.45432600030987],[35.835243125724034,34.454228989191016],[35.83525156580981,34.453937955834455],[35.83465231971955,34.45378124556554],[35.83282082110567,34.455169250804516],[35.82880334027522,34.458206445064],[35.82865141873121,34.458191520276486],[35.82858389804499,34.458146745913936],[35.828617658388104,34.45807958437012],[35.832626699132774,34.45502746532311],[35.83450039817554,34.45359468572159],[35.83438223697465,34.453288727577515],[35.83287990170612,34.452990231827194],[35.832930542220794,34.45280367198325],[35.83114968412158,34.452467864264136],[35.83103996300646,34.45244547708286],[35.83043227683043,34.45235592835777],[35.828769579932114,34.45211713175751],[35.82563830810838,34.457624378350886],[35.82755420758004,34.458355692939165],[35.82768080886672,34.458303456182854],[35.82785805066806,34.458303456182854],[35.828009972212065,34.45846016645177],[35.82802685238362,34.458557177570626],[35.828305375214306,34.45865418868948],[35.82862609847388,34.458758662202094],[35.82882022044678,34.45879597417088],[35.82907342302013,34.45884821092719],[35.82910718336324,34.45894522204604],[35.829005902333904,34.459087007527444],[35.82886242087567,34.45911685710247],[35.82547794647859,34.4579228741012],[35.824296334469636,34.459975032384634],[35.82420349352608,34.46001234435343],[35.82416973318296,34.460027269140944],[35.82413597283985,34.45996010759712],[35.82519942364791,34.458064659582604],[35.82379836940872,34.45752736723203],[35.82654983737243,34.452542488201715],[35.824836499959446,34.45151267786312],[35.82443981592787,34.45129626844414],[35.82411065258251,34.45125895647535],[35.82341012546292,34.45248278905165],[35.823325724605134,34.45249771383917],[35.82327508409047,34.45243801468911],[35.82393341078117,34.451229106900314],[35.82301344143134,34.45131119323165],[35.82273491860066,34.45143805392554],[35.82266739791444,34.451490290681846],[35.82263363757132,34.45146790350057],[35.82251547637043,34.45138581716923],[35.822304474225966,34.451363429987964],[35.822220073368186,34.451206719719046],[35.82173054839305,34.45125149408159],[35.8199243700365,34.45141566674427],[35.819764008406715,34.451154482962735],[35.819384204546694,34.45118433253777],[35.81924072308846,34.45131119323165],[35.81912256188757,34.45133358041293],[35.81912256188757,34.45150521546936],[35.818995960600894,34.451684312919554],[35.81900440068667,34.45175147446337],[35.81885247914266,34.45171416249458],[35.818844039056884,34.45166192573828],[35.81882715888533,34.45157983940694],[35.818844039056884,34.451527602650636],[35.81879339854221,34.451535065044396],[35.81870899768443,34.45154252743815],[35.81867523734132,34.451609688981975],[35.81866679725554,34.451684312919554],[35.818599276569316,34.451684312919554],[35.818531755883086,34.45165446334452],[35.81849799553998,34.451557452225664],[35.818447355025306,34.451572377013186],[35.81832919382441,34.45157983940694],[35.818143511937286,34.45157983940694],[35.81796627013595,34.451647000950764],[35.81789874944972,34.45169177531331],[35.817915629621275,34.45173654967586],[35.81803379082217,34.451967883882354],[35.81819415245196,34.45214698133255],[35.81826167313818,34.4523857779328],[35.81832075373863,34.45330365236503],[35.81643861461008,34.45502000292936],[35.81659053615409,34.455161788410756],[35.816379534009634,34.455288649104645],[35.81610101117895,34.45507223968566],[35.81816883219462,34.45325887800248],[35.81795783005017,34.45214698133255],[35.817594906361705,34.45184102318847],[35.81751050550392,34.451930571913564],[35.8174007843888,34.45206489500121],[35.8173248236168,34.45214698133255],[35.81727418310213,34.45219921808885],[35.81717290207279,34.45231115399522],[35.81697878009989,34.45245293947662],[35.816843738727435,34.452557412989236],[35.81671713744076,34.45266188650184],[35.81642173443853,34.45280367198325],[35.81620229220829,34.4529006831021],[35.81378842767571,34.454020042165794],[35.81341706390147,34.454228989191016],[35.812978179441,34.45449017297254],[35.81210041052006,34.455251337135856],[35.812902218668995,34.45645278253088],[35.81465775651087,34.45704977403152],[35.8157718478336,34.45610205002426],[35.81605037066428,34.456228910718146],[35.81663273658298,34.45573639273012],[35.8167424576981,34.455691618367574],[35.81680153829855,34.45571400554885],[35.81686061889899,34.45578116709267],[35.8146071159962,34.45778855101356],[35.812370493264964,34.45690798855012],[35.81157712520181,34.45573639273012],[35.81139988340046,34.45582594145522],[35.81108760022667,34.45591549018031],[35.81089347825377,34.45596026454286],[35.810766876967094,34.455975189330374],[35.8105727549942,34.45601250129916],[35.81024359164884,34.45603488848044],[35.80993130847505,34.45601250129916],[35.8098722278746,34.45605727566171],[35.80976250675948,34.45612443720553],[35.809661225730146,34.45613189959929],[35.80958526495814,34.45610205002426],[35.80946710375724,34.45603488848044],[35.8094080231568,34.455863253424006],[35.809374262813684,34.45578116709267],[35.80918858092656,34.4556692311863],[35.80899445895366,34.455564757673685],[35.808682175779865,34.4554378969798],[35.807998528831824,34.45511701404821],[35.80679159656554,34.454385699459934],[35.80656371424952,34.45461703366643],[35.8064202327913,34.45482598069165],[35.8064202327913,34.454915529416745],[35.80654683407797,34.454922991810506],[35.80682535690865,34.45494537899178],[35.806985718538435,34.454960303779295],[35.80708699956777,34.454997615748084],[35.80721360085445,34.45510208926069],[35.80732332196957,34.45534088586095],[35.80716296033978,34.45535581064846],[35.80696883836688,34.455243874742095],[35.80692663793799,34.45519163798579],[35.806833796994425,34.45511701404821],[35.806673435364644,34.45507223968566],[35.80643711296285,34.45507970207942],[35.8060319888455,34.45508716447318],[35.80581254661526,34.45507223968566],[35.8057197056717,34.45502746532311],[35.80571126558592,34.45497522856681],[35.805745025929035,34.45473643196655],[35.80577034618637,34.45448271057879],[35.805888507387266,34.454176752434705],[35.80593914790193,34.454020042165794],[35.805972908245046,34.45388571907815],[35.80601510867394,34.45368423444668],[35.80595602807349,34.45342305066516],[35.805837866872594,34.45322902842745],[35.805677505242805,34.45304993097726],[35.80555934404191,34.45289322070834],[35.805449622926794,34.45278128480197],[35.80532302164012,34.45257233777675],[35.805137339752996,34.452214142876365],[35.80503605872366,34.45205743260745],[35.80464781477786,34.45195295909484],[35.80430177126095,34.451855947975986],[35.80417516997428,34.45187833515726],[35.80407388894494,34.45191564712605],[35.80395572774405,34.45200519585114],[35.80363500448447,34.45207981978872],[35.80355904371247,34.45208728218248],[35.80352528336935,34.45204997021369],[35.8033902419969,34.45202012063866],[35.803356481653786,34.45199773345739],[35.803272080796006,34.45205743260745],[35.80317923985245,34.45211713175751],[35.80309483899466,34.45203504542618],[35.803044198479995,34.451975346276114],[35.803044198479995,34.451938034307325],[35.803061078651545,34.45187833515726],[35.80310327908044,34.45184102318847],[35.803213000195555,34.45177386164465],[35.80330584113912,34.45175147446337],[35.80347464285468,34.45175893685713],[35.803592804055576,34.45173654967586],[35.80364344457025,34.45170670010083],[35.803660324741806,34.45161715137573],[35.803575923884026,34.45146044110681],[35.803516843283575,34.45137089238172],[35.803449322597345,34.451363429987964],[35.80324676053867,34.45134104280669],[35.80315391959511,34.451363429987964],[35.80310327908044,34.45131119323165],[35.80295979762221,34.45146790350057],[35.80288383685021,34.45143059153178],[35.80285851659287,34.451363429987964],[35.80287539676443,34.4513037308379],[35.80291759719332,34.45125149408159],[35.80299355796532,34.451191794931525],[35.803061078651545,34.451161945356496],[35.803196120024,34.45114702056898],[35.803356481653786,34.45113955817522],[35.80347464285468,34.45116940775026],[35.80373628551381,34.45118433253777],[35.803905087229374,34.450990310300064],[35.803964167829825,34.450908223968725],[35.80402324843027,34.45085598721242],[35.804141409631164,34.450833600031146],[35.804225810488944,34.45085598721242],[35.80431865143251,34.45090076157497],[35.80446213289074,34.450990310300064],[35.80464781477786,34.45108732141892],[35.804732215635646,34.45107985902516],[35.804816616493426,34.45102762226885],[35.804968538037436,34.45097538551255],[35.80530614146856,34.45074405130605],[35.80534834189746,34.45060226582465],[35.805297701382784,34.45057241624962],[35.805204860439225,34.450505254705796],[35.80502761863788,34.4504157059807],[35.8050191785521,34.45033361964936],[35.805061378980994,34.45024407092427],[35.80517954018189,34.45014705980542],[35.80527238112545,34.45012467262414],[35.805356781983235,34.450132135017896],[35.80546650309835,34.45019183416796],[35.80560998455658,34.45031869486185],[35.805677505242805,34.45033361964936],[35.80585474704415,34.4502739204993],[35.80593070781615,34.450214221349235],[35.80601510867394,34.45010974783663],[35.806065749188605,34.45005751108032],[35.80609106944594,34.45003512389904],[35.806124829789056,34.44990826320516],[35.80622611081839,34.44975155293624],[35.806276751333066,34.449602305061084],[35.806285191418844,34.449527681123506],[35.80622611081839,34.449356046067074],[35.80609106944594,34.44907993749803],[35.805981348330825,34.448908302441595],[35.805972908245046,34.44888591526032],[35.80590538755882,34.4488187537165],[35.80585474704415,34.448788904141466],[35.80572814575748,34.44872174259765],[35.80569438541436,34.44860234429752],[35.80545806301257,34.44863219387255],[35.805356781983235,34.44847548360363],[35.805137339752996,34.448535182753695],[35.8050191785521,34.44852025796618],[35.80495165786588,34.44847548360363],[35.80495165786588,34.44835608530351],[35.804968538037436,34.4483038485472],[35.80517110009611,34.44822922460962],[35.8053314617259,34.44819191264083],[35.805356781983235,34.448176987853316],[35.805365222069014,34.44806505194695],[35.805365222069014,34.44802773997816],[35.80538210224057,34.447878492102994],[35.80538210224057,34.447811330559176],[35.80533990181168,34.44762477071523],[35.805356781983235,34.447475522840065],[35.805365222069014,34.44733373735867],[35.80538210224057,34.447199414271026],[35.80546650309835,34.4471322527272],[35.805584664299246,34.44700539203332],[35.805508703527245,34.44692330570198],[35.805601544470804,34.446908380914465],[35.80569438541436,34.44691584330822],[35.80577034618637,34.44692330570198],[35.80585474704415,34.44693823048949],[35.80615859013217,34.447027779214594],[35.806276751333066,34.44703524160835],[35.8063780323624,34.44704270400211],[35.80648775347752,34.44708747836465],[35.80653839399219,34.447184489483504],[35.806673435364644,34.447229263846054],[35.80674095605087,34.44721433905854],[35.80686755733754,34.4472218014523],[35.80709543965355,34.44725911342109],[35.80721360085445,34.44730388778363],[35.80724736119756,34.44732627496491],[35.80733176205535,34.447311350177394],[35.80747524351357,34.44744567326504],[35.807517443942466,34.447475522840065],[35.80763560514336,34.447512834808855],[35.8076609254007,34.44745313565879],[35.80764404522914,34.4473635869337],[35.80779596677315,34.4473635869337],[35.80794788831716,34.44741582369],[35.808049169346496,34.44746806044631],[35.80815889046161,34.44753522199013],[35.8083192520914,34.447602383533955],[35.808504933978526,34.44765462029026],[35.808597774922085,34.44766954507777],[35.808910058095876,34.44772178183408],[35.809129500326115,34.44772924422784],[35.8098722278746,34.44744567326504],[35.81002414941861,34.44734119975242],[35.81012543044795,34.447229263846054],[35.810142310619504,34.447184489483504],[35.81016763087684,34.4470800159709],[35.81016763087684,34.4469904672458],[35.810437713621745,34.44672928346427],[35.810463033879074,34.44660988516414],[35.810513674393746,34.44636362617013],[35.810581195079976,34.44637855095765],[35.810749996795536,34.44640840053268],[35.81085971791065,34.44637108856389],[35.81096099894,34.4464233253202],[35.811036959712,34.44643825010771],[35.811112920484,34.44637108856389],[35.81125640194223,34.44625915265752],[35.81161088554492,34.445915882544654],[35.81187252820405,34.44562484918809],[35.81193160880449,34.445520375675486],[35.8120075695765,34.445311428650264],[35.81204132991961,34.44513233120007],[35.81210041052006,34.44505024486873],[35.8122016915494,34.444908459387335],[35.81237893335074,34.44466220039332],[35.812665896267205,34.44426669352415],[35.812691216524534,34.44399804734886],[35.812682776438756,34.44396819777383],[35.81264901609565,34.44390849862377],[35.81261525575253,34.443871186654974],[35.812598375580976,34.443833874686185],[35.812539294980525,34.44377417553612],[35.81242957386541,34.44371447638606],[35.812277652321406,34.443595078085934],[35.8122016915494,34.44344583021078],[35.81210885060584,34.44328911994186],[35.812066650176945,34.44324434557931],[35.8120075695765,34.44319957121676],[35.81189784846138,34.443147334460456],[35.811771247174704,34.44308017291664],[35.811594005373365,34.442983161797784],[35.81125640194223,34.442736902803766],[35.811214201513344,34.44264735407867],[35.811112920484,34.44251303099103],[35.81102007954044,34.44237870790339],[35.810901918339546,34.4422518472095],[35.810758436881315,34.442117524121855],[35.810682476109314,34.4420578249718],[35.81041239336441,34.441916039490394],[35.81026891190618,34.44181902837154],[35.810218271391506,34.44177425400899],[35.81016763087684,34.44174440443396],[35.810133870533726,34.44169216767766],[35.81016763087684,34.44160261895256],[35.81026891190618,34.44156530698377],[35.81027735199196,34.44153545740874],[35.8102604718204,34.44141605910861],[35.81023515156306,34.44137128474606],[35.81015075070528,34.44128173602097],[35.81012543044795,34.441259348839694],[35.810133870533726,34.441177262508354],[35.81015075070528,34.44101308984568],[35.81010855027639,34.44092354112058],[35.809990389075494,34.440736981276636],[35.80991442830349,34.44063997015778],[35.80986378778882,34.44063250776403],[35.80977938693104,34.44059519579523],[35.80977094684526,34.44047579749511],[35.8098722278746,34.44033401201371],[35.81001570933283,34.44028923765116],[35.8100663498475,34.440281775257404],[35.81020139121995,34.44022953850109],[35.810294232163514,34.44018476413855],[35.81025203173462,34.44006536583842],[35.81010011019061,34.43995342993205],[35.810057909761724,34.439916117963264],[35.81008323001905,34.439826569238164],[35.81015075070528,34.43963254700046],[35.81024359164884,34.4395728478504],[35.81031111233507,34.439498223912814],[35.81023515156306,34.43943852476276],[35.81010855027639,34.43937136321893],[35.81002414941861,34.43931166406887],[35.809905988217714,34.43922957773753],[35.8098722278746,34.43911764183116],[35.809830027445706,34.43893854438097],[35.80986378778882,34.43875944693078],[35.809905988217714,34.43870721017447],[35.80988066796038,34.438610199055624],[35.80985534770304,34.438438563999185],[35.80981314727415,34.43831916569906],[35.8096781059017,34.43822961697396],[35.80955150461503,34.43814006824887],[35.80943334341413,34.438072906705045],[35.80915482058345,34.43796843319244],[35.80901133912522,34.437871422073584],[35.80885941758121,34.437796798136006],[35.80879189689498,34.437752023773456],[35.80876657663765,34.43771471180467],[35.80877501672342,34.43756546392951],[35.80875813655187,34.437468452810656],[35.808741256380316,34.437416216054345],[35.80877501672342,34.43739382887308],[35.808834097323874,34.4373714416918],[35.80894381843899,34.43731174254174],[35.80907885981144,34.43732666732925],[35.809272981784346,34.437259505785434],[35.80933206238479,34.43715503227282],[35.8094080231568,34.437013246791416],[35.80939958307102,34.436931160460084],[35.80934894255635,34.436811762159955],[35.80932362229901,34.4366625142848],[35.80934894255635,34.436565503165944],[35.80955150461503,34.43653565359091],[35.809745626587926,34.43661027752849],[35.80993974856083,34.43670728864734],[35.81011699036217,34.436841611734984],[35.81026891190618,34.43691623567256],[35.810378633021294,34.43693862285384],[35.81048835413641,34.436931160460084],[35.810606515337305,34.436849074128745],[35.8106487157662,34.43675206300989],[35.8107246765382,34.43664758949728],[35.81078375713865,34.43646849204709],[35.810674036023535,34.43625954502187],[35.81065715585198,34.436147609115494],[35.81062339550886,34.43605059799664],[35.810463033879074,34.43587896294021],[35.810463033879074,34.4357744894276],[35.81055587482264,34.435707327883776],[35.810589635165755,34.43567001591499],[35.810589635165755,34.43559539197741],[35.81062339550886,34.435423756920976],[35.81071623645243,34.43531182101461],[35.81085127782488,34.43516257313944],[35.811062279969335,34.435102873989386],[35.811138240741336,34.43499093808301],[35.81115512091289,34.43493870132671],[35.81112980065556,34.434849152601615],[35.81108760022667,34.434767066270275],[35.811138240741336,34.434684979938936],[35.811146680827115,34.43464766797015],[35.81109604031245,34.43456558163881],[35.81102007954044,34.43450588248875],[35.810977879111555,34.43450588248875],[35.81083439765332,34.434446183338686],[35.8107246765382,34.43437902179486],[35.810665595937756,34.43428947306977],[35.81069091619509,34.4341775371634],[35.81077531705287,34.43414022519461],[35.81086815799643,34.43420738673843],[35.810901918339546,34.434274548282254],[35.810977879111555,34.43428201067601],[35.81109604031245,34.43430439785728],[35.8112310816849,34.43431186025104],[35.81128172219957,34.43424469870722],[35.81145896400091,34.43416261237588],[35.81155180494447,34.434110375619575],[35.81139988340046,34.433990977319446],[35.81134080280002,34.433826804656775],[35.81133236271424,34.43367755678162],[35.81134080280002,34.433535771300214],[35.8113070424569,34.43340144821257],[35.811290162285346,34.43326712512493],[35.81132392262846,34.43311041485601],[35.81133236271424,34.43301340373716],[35.81127328211379,34.432886543043274],[35.81118888125601,34.432796994318174],[35.81109604031245,34.432685058411806],[35.81107916014089,34.43262535926174],[35.81109604031245,34.43256566011168],[35.81118044117023,34.4324910361741],[35.811290162285346,34.43240894984276],[35.8115011644298,34.432401487449006],[35.8116193256307,34.43238656266149],[35.81166152605959,34.43228208914888],[35.81177968726048,34.43224477718009],[35.81184720794671,34.432192540423785],[35.81186408811827,34.43212537887996],[35.811838767860934,34.43208806691117],[35.811771247174704,34.43205821733614],[35.81171216657426,34.43205821733614],[35.81157712520181,34.43203583015487],[35.81151804460136,34.43202090536735],[35.81145896400091,34.43195374382353],[35.81149272434403,34.431901507067224],[35.81162776571648,34.4318343455234],[35.81170372648848,34.431811958342124],[35.81172904674582,34.43180449594837],[35.8118134476036,34.431811958342124],[35.81194004889027,34.43184927031091],[35.81202444974805,34.431856732704674],[35.81211729069162,34.43184927031091],[35.81219325146362,34.431819420735884],[35.81225233206407,34.43175972158582],[35.81225233206407,34.43167017286073],[35.812151051034725,34.43159554892315],[35.81204977000539,34.43152838737932],[35.811973809233386,34.43146868822926],[35.811914728632935,34.43138660189793],[35.811889408375606,34.43129705317283],[35.811906288547156,34.431132880510155],[35.811906288547156,34.43107318136009],[35.811830327775155,34.431043331785055],[35.811737486831596,34.4309463206662],[35.8116193256307,34.43073737364098],[35.811534924772914,34.43048365225321],[35.81154336485869,34.4302896300155],[35.81156024503025,34.43013291974659],[35.81161088554492,34.43001352144646],[35.81166996614537,34.42989412314633],[35.81177968726048,34.429819499208755],[35.811889408375606,34.42976726245245],[35.811737486831596,34.429491153883404],[35.81172904674582,34.42943145473334],[35.81180500751782,34.42940160515831],[35.81188096828983,34.42940160515831],[35.81189784846138,34.429326981220726],[35.81194848897605,34.42925235728315],[35.812058210091166,34.42926728207067],[35.81217637129206,34.429334443614486],[35.81231141266451,34.42940160515831],[35.81241269369385,34.42954339063971],[35.81257305532364,34.4296702513336],[35.81265745618143,34.42968517612111],[35.81280093763965,34.42967771372735],[35.81295285918366,34.42963293936481],[35.813071020384555,34.429573240214744],[35.81312166089923,34.42947622909589],[35.81315542124234,34.429349368402],[35.81330734278635,34.42913295898302],[35.81339174364413,34.429080722226715],[35.81354366518814,34.42910310940799],[35.813611185874365,34.429080722226715],[35.813678706560594,34.428961323926586],[35.81373778716104,34.42881953844519],[35.813839068190376,34.42868521535755],[35.81389814879083,34.42844641875729],[35.81413447119262,34.42820762215703],[35.81415979144995,34.428095686250664],[35.81416823153573,34.427983750344296],[35.8141007108495,34.42793151358799],[35.81397410956283,34.42788673922544],[35.813915028962384,34.42783450246914],[35.81388126861927,34.4277524161378],[35.81389814879083,34.42771510416901],[35.81392346904816,34.42768525459398],[35.81401630999172,34.42764794262519],[35.8141007108495,34.42764794262519],[35.814201991878846,34.42764048023143],[35.814303272908184,34.42757331868761],[35.81442143410908,34.42757331868761],[35.81447207462375,34.4276106306564],[35.814590235824646,34.42767032980646],[35.81469151685398,34.42767032980646],[35.81473371728288,34.42763301783767],[35.81478435779754,34.42760316826264],[35.814834998312215,34.42755839390009],[35.81489407891266,34.427468845175],[35.81497003968467,34.42729721011857],[35.81505444054245,34.427162887030924],[35.81517260174334,34.42705841351831],[35.81525700260113,34.427043488730796],[35.81533296337313,34.42705841351831],[35.81541736423091,34.42705841351831],[35.8155017650887,34.427036026337035],[35.81563680646115,34.42699125197449],[35.81572120731893,34.42693901521818],[35.815754967662045,34.42690916564315],[35.81572120731893,34.42677484255551],[35.815754967662045,34.426744992980474],[35.81580560817671,34.426744992980474],[35.81594908963494,34.42670021861793],[35.815906889206055,34.426677831436656],[35.81573808749049,34.42661813228659],[35.815679006890036,34.42659574510532],[35.81565368663271,34.42652112116774],[35.815611486203814,34.426349486111306],[35.81572120731893,34.42627486217373],[35.81579716809093,34.42627486217373],[35.815906889206055,34.426297249355],[35.81600817023539,34.42637187329258],[35.816227612465624,34.42652112116774],[35.81632045340918,34.42659574510532],[35.81639641418119,34.426797229736785],[35.81659897623987,34.42701363915576],[35.81670869735498,34.42701363915576],[35.81686905898477,34.42698378958073],[35.81707162104345,34.42699125197449],[35.81725730293057,34.427006176762006],[35.8174767451608,34.427043488730796],[35.81754426584703,34.42702110154952],[35.817687747305264,34.42698378958073],[35.817839668849274,34.42690916564315],[35.818008470564834,34.42676738016175],[35.818227912795074,34.42649873398646],[35.818362954167526,34.42637187329258],[35.81848111536842,34.42621516302366],[35.81861615674087,34.42599129121093],[35.818759638199104,34.42574503221691],[35.818751198113326,34.425692795460606],[35.81871743777021,34.425655483491816],[35.818683677427096,34.42558085955424],[35.81863303691243,34.425446536466595],[35.81864147699821,34.42528982619768],[35.81866679725554,34.42527490141016],[35.81870055759865,34.42529728859144],[35.818751198113326,34.425364450135255],[35.81881027871377,34.425446536466595],[35.818835598971106,34.425483848435384],[35.81886935931422,34.42550623561666],[35.81894532008622,34.42553608519169],[35.81906348128712,34.425491310829145],[35.81908880154445,34.42546892364787],[35.81918164248801,34.42538683731653],[35.81933356403202,34.42509580395997],[35.819375764460915,34.42494655608481],[35.819316683860464,34.42490178172226],[35.81924916317424,34.42487939454099],[35.819147882144904,34.424827157784684],[35.81897064034356,34.42473760905959],[35.81891155974311,34.42469283469704],[35.81896220025778,34.424625673153216],[35.81903816102978,34.42460328597195],[35.819131001973346,34.42459582357819],[35.81919852265957,34.42461821075946],[35.819282923517356,34.42461821075946],[35.81940108471825,34.4246107483657],[35.81949392566181,34.42458089879067],[35.81951080583337,34.42452119964061],[35.81949392566181,34.424431650915515],[35.819527686004925,34.424379414159205],[35.81956144634803,34.42431225261539],[35.81959520669115,34.42423762867781],[35.819612086862705,34.42417046713398],[35.8196542872916,34.42407345601513],[35.819679607548935,34.42398390729004],[35.81963740712004,34.42379734744608],[35.819527686004925,34.42367794914596],[35.81950236574759,34.42362571238965],[35.819519245919146,34.42347646451449],[35.81957832651959,34.42337945339564],[35.819679607548935,34.42328990467055],[35.819704927806264,34.42323020552048],[35.819704927806264,34.423155581582904],[35.819704927806264,34.42300633370775],[35.819696487720485,34.42284216104507],[35.819704927806264,34.4227302251387],[35.8197302480636,34.42255112768851],[35.8197302480636,34.422409342207104],[35.819764008406715,34.42216308321309],[35.819755568320936,34.42203622251921],[35.819755568320936,34.421976523369146],[35.81978088857827,34.42186458746278],[35.819764008406715,34.42158847889373],[35.81971336789204,34.421275058355896],[35.819688047634706,34.42111834808698],[35.8196542872916,34.420946713030546],[35.819603646776926,34.42077507797411],[35.81959520669115,34.42060344291768],[35.819671167463156,34.42040195828622],[35.81978088857827,34.42018554886724],[35.81985684935027,34.420088537748384],[35.81987372952183,34.42002137620456],[35.81983152909294,34.4198721283294],[35.81978088857827,34.41978257960431],[35.819704927806264,34.41965571891042],[35.8196542872916,34.4195885573666],[35.81954456617648,34.41948408385399],[35.819451725232916,34.41942438470392],[35.819367324375136,34.41937214794762],[35.819232283002684,34.419364685553866],[35.818919999828886,34.41949154624775],[35.81881027871377,34.41949900864151],[35.81878495845643,34.419476621460234],[35.818751198113326,34.41941692231017],[35.81865835716976,34.41934229837259],[35.81859083648354,34.41929752401004],[35.81843047485375,34.41926767443501],[35.818371394253305,34.41926021204125],[35.81834607399597,34.41923782485998],[35.81832919382441,34.4192154376787],[35.81827855330974,34.419103501772334],[35.81823635288085,34.41901395304724],[35.818219472709295,34.41897664107845],[35.818227912795074,34.41890201714087],[35.81824479296663,34.41881246841577],[35.81824479296663,34.418782618840744],[35.81827855330974,34.41875276926571],[35.81832919382441,34.41872291969068],[35.81840515459641,34.418693070115644],[35.81849799553998,34.418663220540616],[35.81858239639776,34.41857367181552],[35.818683677427096,34.41852143505921],[35.81881027871377,34.418454273515394],[35.81888623948578,34.418416961546605],[35.818995960600894,34.41834980000278],[35.81911412180179,34.418290100852715],[35.81919008257379,34.4182229393089],[35.819223842916905,34.418125928190044],[35.81924072308846,34.418081153827494],[35.81929980368891,34.418013992283676],[35.81939264463247,34.417961755527365],[35.81950236574759,34.41790951877106],[35.81962896703426,34.41778265807718],[35.81980620883561,34.41746923753934],[35.819839969178716,34.41742446317679],[35.81995813037961,34.41732745205794],[35.819991890722726,34.41701403152011],[35.82003409115162,34.41680508449488],[35.820084731666284,34.416655836619725],[35.82009317175206,34.416625987044696],[35.82016913252407,34.4164468895945],[35.82020289286719,34.41621555538801],[35.82019445278141,34.41590959724393],[35.820143812266735,34.415640951068646],[35.8201184920094,34.41555886473731],[35.82011005192362,34.41551409037476],[35.8200425312374,34.41543946643718],[35.81989060969339,34.41524544419947],[35.81989904977917,34.41515589547438],[35.81986528943605,34.41487978690533],[35.819848409264495,34.41479023818024],[35.81982308900716,34.414693227061385],[35.81980620883561,34.41467083988011],[35.819764008406715,34.414611140730045],[35.819704927806264,34.41449920482368],[35.81956988643381,34.414372344129795],[35.81947704549025,34.414357419342274],[35.81943484506136,34.41434995694852],[35.819384204546694,34.41437980652355],[35.819308243774685,34.4144245808861],[35.81924916317424,34.41449174242992],[35.81916476231646,34.41452905439871],[35.81912256188757,34.41451412961119],[35.81905504120134,34.41446189285489],[35.818987520515115,34.414402193704824],[35.81900440068667,34.41434995694852],[35.81912256188757,34.41423055864839],[35.81920696274535,34.41415593471081],[35.81924072308846,34.41411862274202],[35.81918164248801,34.41402161162317],[35.81909724163023,34.41394698768559],[35.81906348128712,34.4139096757168],[35.818987520515115,34.41388728853553],[35.818919999828886,34.413917138110556],[35.81885247914266,34.413954450079345],[35.818759638199104,34.41402161162317],[35.81864147699821,34.414081310773234],[35.818607716655094,34.41407384837947],[35.818540195968865,34.41402161162317],[35.818540195968865,34.413961912473106],[35.81859083648354,34.41388728853553],[35.81867523734132,34.4138201269917],[35.818776518370655,34.41373804066037],[35.81885247914266,34.413678341510305],[35.8188777994,34.413633567147755],[35.81882715888533,34.41351416884763],[35.81878495845643,34.41343954491005],[35.81863303691243,34.413267909853616],[35.81840515459641,34.4131111995847],[35.81828699339552,34.41308135000967],[35.81819415245196,34.41308881240342],[35.818126631765736,34.413096274797184],[35.81802535073639,34.41312612437221],[35.81785654902083,34.41317089873476],[35.81772150764838,34.41324552267234],[35.817679307219485,34.41332760900368],[35.817611786533256,34.41347685687884],[35.81756114601859,34.4135365560289],[35.81750206541814,34.41350670645387],[35.81748518524658,34.41347685687884],[35.81746830507503,34.41343954491005],[35.817442984817696,34.413349996184955],[35.817451424903474,34.413297759428644],[35.817442984817696,34.41323806027859],[35.81746830507503,34.41314851155349],[35.81751050550392,34.41299926367833],[35.81756114601859,34.41292463974075],[35.817611786533256,34.41286494059069],[35.81765398696215,34.4128276286219],[35.81770462747682,34.41281270383438],[35.81778058824882,34.41274554229056],[35.817915629621275,34.41270076792801],[35.81794938996439,34.412655993565465],[35.817974710221726,34.41260375680916],[35.817974710221726,34.41255898244661],[35.81795783005017,34.41252167047782],[35.81793250979283,34.41246197132776],[35.81789030936394,34.41242465935897],[35.81785654902083,34.41237988499642],[35.81782278867772,34.41235003542139],[35.81779746842038,34.41234257302763],[35.817772148163044,34.41229779866508],[35.81772994773416,34.412290336271326],[35.81756114601859,34.412200787546226],[35.81712226155812,34.4121709379712],[35.81689437924211,34.41235003542139],[35.816818418470106,34.41260375680916],[35.816818418470106,34.41279777904686],[35.816852178813214,34.412984338890816],[35.816852178813214,34.41302911325336],[35.816826858555885,34.413051500434634],[35.816700257269204,34.41312612437221],[35.81664961675454,34.4131111995847],[35.816607416325645,34.41308881240342],[35.81658209606831,34.413058962828394],[35.81647237495319,34.412939564528266],[35.8163542137523,34.41270076792801],[35.81626981289452,34.41237988499642],[35.816219172379846,34.41227541148381],[35.81619385212251,34.41225302430254],[35.81616853186518,34.4122231747275],[35.816143211607844,34.41217840036496],[35.816134771522066,34.41214855078992],[35.81615165169362,34.41213362600241],[35.81618541203673,34.412118701214894],[35.81626137280874,34.412118701214894],[35.81632045340918,34.41213362600241],[35.81633733358074,34.41209631403362],[35.81639641418119,34.412081389246104],[35.81657365598253,34.412036614883554],[35.816902819327886,34.41193214137094],[35.817291063273686,34.41181274307082],[35.8174007843888,34.41176796870827],[35.81736702404569,34.411678419983176],[35.81730794344524,34.41149186013922],[35.81724886284479,34.41139484902037],[35.81718978224435,34.41123813875145],[35.817139141729676,34.41113366523884],[35.81703786070034,34.41102919172623],[35.816987220185666,34.411006804544954],[35.816455494781636,34.41115605242012],[35.8161600917794,34.41121575157018],[35.81605037066428,34.41123813875145],[35.81594064954916,34.41119336438891],[35.815932209463384,34.41121575157018],[35.81585624869138,34.411223213963936],[35.81579716809093,34.41127545072024],[35.81570432714737,34.41140977380788],[35.81564524654693,34.41184259264585],[35.81562836637537,34.41206646445858],[35.81578872800515,34.41211123882113],[35.81578872800515,34.41216347557744],[35.81564524654693,34.4121709379712],[35.81556084568914,34.412409734571455],[35.815510205174476,34.41263360638419],[35.815510205174476,34.41279777904686],[35.81547644483136,34.41286494059069],[35.81542580431669,34.41291717734699],[35.815366723716245,34.412939564528266],[35.81526544268691,34.412947026922026],[35.815223242258014,34.412932102134505],[35.81517260174334,34.412902252559476],[35.81516416165756,34.41285001580317],[35.815155721571784,34.41274554229056],[35.81548488491714,34.41137246183909],[35.81556928577492,34.41121575157018],[35.81561992628959,34.4111411276326],[35.81572964740471,34.411051578907504],[35.81591532929183,34.4109471053949],[35.816134771522066,34.410932180607375],[35.817139141729676,34.410641147250814],[35.817291063273686,34.410566523313236],[35.817291063273686,34.4103948882568],[35.81724886284479,34.41029787713795],[35.81717290207279,34.41018594123158],[35.81710538138656,34.41008146771897],[35.81703786070034,34.410036693356425],[35.81697878009989,34.4099695318126],[35.81694501975678,34.40990237026878],[35.81697034001411,34.40985013351247],[35.81696189992833,34.40978297196865],[35.816987220185666,34.40975312239362],[35.81695345984256,34.40969342324356],[35.816911259413665,34.40961133691222],[35.816843738727435,34.40953671297464],[35.816767777955434,34.40947701382458],[35.81673401761232,34.40944716424954],[35.816683377097654,34.40941731467451],[35.816615856411424,34.409380002705724],[35.81658209606831,34.40937254031196],[35.81655677581098,34.409335228343174],[35.81524856251535,34.40938746509948],[35.8151894819149,34.40953671297464],[35.815130401314455,34.409633724093496],[35.81507976079978,34.40971581042483],[35.81502912028511,34.40976804718114],[35.814995359942,34.40976804718114],[35.81496159959889,34.40984267111872],[35.81495315951311,34.409872520693746],[35.81493627934155,34.40993221984381],[35.81488563882688,34.409991918993875],[35.81485187848377,34.410074005325214],[35.814834998312215,34.410111317294],[35.814834998312215,34.41019340362534],[35.814826558226436,34.41026056516916],[35.81479279788332,34.410282952350435],[35.81470839702554,34.410275489956675],[35.81464087633931,34.41025310277541],[35.81461555608198,34.41023071559413],[35.814623996167754,34.410200866019096],[35.81464087633931,34.41012624208152],[35.81465775651087,34.409984456600114],[35.814674636682426,34.409909832662535],[35.81471683711132,34.40983520872496],[35.814759037540206,34.40979789675617],[35.814826558226436,34.40960387451846],[35.81493627934155,34.4094546266433],[35.81501224011355,34.409380002705724],[35.81502912028511,34.40932776594942],[35.81503756037089,34.40929045398063],[35.815062880628226,34.409260604405596],[35.81516416165756,34.40920836764929],[35.81535828363047,34.40919344286178],[35.81544268448825,34.40918598046802],[35.815527085346034,34.40918598046802],[35.81564524654693,34.40918598046802],[35.81572964740471,34.40920090525553],[35.81581404826249,34.40919344286178],[35.8159659698065,34.40919344286178],[35.816075690921615,34.40919344286178],[35.81615165169362,34.40916359328674],[35.81617697195095,34.40914866849923],[35.816219172379846,34.40911135653044],[35.81626137280874,34.4090815069554],[35.8162360525514,34.40905911977413],[35.81621073229407,34.40899942062407],[35.81618541203673,34.408969571049035],[35.81611789135051,34.408894947111456],[35.81609257109317,34.40887255993018],[35.81605881075006,34.40885763514267],[35.81600817023539,34.40882778556764],[35.81594908963494,34.40881286078012],[35.81591532929183,34.40880539838636],[35.81586468877716,34.4087979359926],[35.81579716809093,34.40882032317388],[35.81572964740471,34.40882032317388],[35.81566212671848,34.40884271035515],[35.815535525431805,34.408887484717695],[35.81539204397358,34.40894718386776],[35.81527388277268,34.40899942062407],[35.8151135211429,34.40908896934916],[35.81495315951311,34.40914120610547],[35.81485187848377,34.40918598046802],[35.81480967805488,34.40918598046802],[35.814767477625985,34.4091710556805],[35.8147252771971,34.40914866849923],[35.81466619659665,34.40914120610547],[35.81458179573887,34.40908896934916],[35.81454803539575,34.409051657380374],[35.814455194452194,34.408977033442795],[35.81437079359441,34.40890240950522],[35.814303272908184,34.40884271035515],[35.81422731213618,34.408768086417574],[35.814151351364174,34.40870838726751],[35.81410915093528,34.408648688117445],[35.81410915093528,34.40859645136114],[35.814142911278395,34.40855167699859],[35.81418511170729,34.40855167699859],[35.814235752221954,34.40854421460483],[35.814303272908184,34.408559139392345],[35.81437079359441,34.408566601786106],[35.814438314280636,34.40863376332993],[35.814455194452194,34.4086561505112],[35.81448051470953,34.408686000086234],[35.814522715138416,34.40873823684254],[35.81458179573887,34.408768086417574],[35.814674636682426,34.40879047359884],[35.81475059745443,34.40879047359884],[35.81486875865533,34.40879047359884],[35.81495315951311,34.40876062402381],[35.81501224011355,34.40873823684254],[35.81508820088556,34.408686000086234],[35.81518104182912,34.40861883854241],[35.81526544268691,34.40854421460483],[35.81532452328735,34.408439741092224],[35.81534984354469,34.40838750433591],[35.815307643115794,34.40826810603579],[35.815307643115794,34.408156170129416],[35.81526544268691,34.40809647097935],[35.8151894819149,34.40802184704177],[35.815155721571784,34.40802184704177],[35.81512196122868,34.407991997466745],[35.81508820088556,34.40793976071044],[35.814995359942,34.407865136772855],[35.81494471942733,34.40779051283528],[35.81480967805488,34.40768603932267],[35.814539595309974,34.40749201708496],[35.814379233680185,34.40740246835986],[35.81425263239351,34.40735023160356],[35.814210431964625,34.40735769399732],[35.81415979144995,34.40740246835986],[35.814151351364174,34.40743978032866],[35.81411759102106,34.407417393147384],[35.81409227076373,34.40735769399732],[35.81400786990594,34.407342769209805],[35.813999429820164,34.40731291963477],[35.8139487893055,34.40726814527222],[35.81388126861927,34.40726814527222],[35.813763107418374,34.40728307005974],[35.813678706560594,34.407335306816044],[35.81358586561703,34.407380081178594],[35.81350990484503,34.40740993075362],[35.813433944073026,34.40747709229745],[35.81333266304368,34.40749201708496],[35.81327358244324,34.407589028203816],[35.8132482621859,34.40764872735388],[35.81325670227168,34.4077158888977],[35.813282022529016,34.407827824804066],[35.81331578287213,34.407991997466745],[35.813366423386796,34.40813378294815],[35.81334110312946,34.408193482098206],[35.81323982210012,34.408245718854516],[35.81319762167123,34.40825318124827],[35.813138541070785,34.40820840688573],[35.81309634064189,34.40814870773566],[35.813054140213005,34.40805915901056],[35.81300349969833,34.40796214789171],[35.812986619526775,34.4078054376228],[35.8129359790121,34.407700964110184],[35.81292753892633,34.40760395299133],[35.81294441909788,34.40752186665999],[35.81301193978411,34.40746962990369],[35.813054140213005,34.4074323179349],[35.81309634064189,34.40740246835986],[35.81316386132812,34.407372618784834],[35.81320606175701,34.407290532453494],[35.81327358244324,34.40720844612216],[35.81335798330102,34.407133822184576],[35.813467704416134,34.40704427345948],[35.81349302467347,34.406977111915666],[35.81348458458769,34.40690248797808],[35.813467704416134,34.40686517600929],[35.81340018372991,34.40678308967796],[35.813374863472575,34.40673085292165],[35.81326514235746,34.40665622898407],[35.81312166089923,34.406596529834005],[35.812978179441,34.40651444350267],[35.812691216524534,34.406357733233754],[35.812454894122745,34.40633534605248],[35.81228609240718,34.40637265802127],[35.812218571720955,34.40641743238382],[35.812159491120504,34.40645474435261],[35.81209197043428,34.40643235717133],[35.81204977000539,34.40641743238382],[35.81194004889027,34.406350270839994],[35.811889408375606,34.406320421264965],[35.811754367003154,34.40624579732739],[35.811686846316924,34.4061711733898],[35.81165308597381,34.40616371099605],[35.8116193256307,34.40618609817732],[35.81155180494447,34.40622341014611],[35.81149272434403,34.406275646902415],[35.81143364374358,34.406320421264965],[35.81140832348624,34.406357733233754],[35.811374563143126,34.40638012041503],[35.8113492428858,34.406350270839994],[35.811383003228904,34.40629803408369],[35.8114252036578,34.4062607221149],[35.81141676357202,34.406193560571076],[35.8114252036578,34.40614878620853],[35.81145896400091,34.40612639902726],[35.811534924772914,34.40604431269592],[35.81158556528759,34.40599953833337],[35.8116952864027,34.40588014003325],[35.811754367003154,34.4058353656707],[35.8118134476036,34.40579059130815],[35.811914728632935,34.40576074173312],[35.81193160880449,34.40573089215808],[35.81196536914761,34.405663730614265],[35.811990689404944,34.405589106676686],[35.81204977000539,34.40551448273911],[35.81209197043428,34.4054622459828],[35.812075090262724,34.405417471620254],[35.81209197043428,34.405372697257704],[35.81210885060584,34.40531299810764],[35.81194848897605,34.40512643826369],[35.81172904674582,34.404924953632225],[35.81149272434403,34.40476824336331],[35.811298602371124,34.40470108181949],[35.81110448039823,34.40462645788191],[35.810825957567545,34.40454437155057],[35.810589635165755,34.40443989803796],[35.81038707310707,34.40432796213159],[35.81012543044795,34.40420110143771],[35.80995662873238,34.40410409031885],[35.809754066673705,34.40396230483745],[35.8095599447008,34.40387275611236],[35.80934050247057,34.40378320738726],[35.80910418006878,34.403738433024714],[35.808918498181654,34.40372350823719],[35.80871593612298,34.40370858344968],[35.80854713440741,34.40371604584344],[35.80842053312074,34.40375335781223],[35.8083192520914,34.4037757449935],[35.80826861157673,34.40376082020599],[35.808057609432275,34.403581722755796],[35.807998528831824,34.403454862061906],[35.807905687888265,34.403335463761785],[35.80784660728782,34.40331307658051],[35.807762206430034,34.4032608398242],[35.80771156591537,34.403245915036685],[35.80765248531492,34.403216065461656],[35.807525884028244,34.40317875349287],[35.807441483170464,34.40314144152408],[35.80740772282735,34.40310412955529],[35.80730644179801,34.403044430405224],[35.807196720682896,34.40299219364891],[35.807137640082445,34.402962344073885],[35.80708699956777,34.402932494498856],[35.806808476737096,34.40280563380497],[35.80672407587931,34.40275339704866],[35.8066903155362,34.40273847226115],[35.806664995278865,34.40270116029236],[35.80656371424952,34.402566837204716],[35.80648775347752,34.402522062842166],[35.806445553048626,34.40249967566089],[35.806369592276624,34.4024623636921],[35.8063020715904,34.40245490129834],[35.80623455090417,34.40242505172331],[35.806209230646836,34.40240266454204],[35.8061079496175,34.40236535257325],[35.80599822850238,34.40232804060446],[35.80587162721571,34.402305653423184],[35.805820986701036,34.40229072863567],[35.80577878627215,34.402260879060634],[35.80570282550014,34.402231029485606],[35.80557622421347,34.40220864230433],[35.80539898241212,34.40214148076051],[35.80530614146856,34.40209670639796],[35.80522174061078,34.40209670639796],[35.80516266001033,34.40208178161045],[35.805120459581445,34.40207431921669],[35.80510357940989,34.40205193203541],[35.80506981906677,34.4020370072479],[35.804968538037436,34.401984770491595],[35.80489257726543,34.401939996129045],[35.80468157512097,34.401865372191466],[35.804521213491185,34.40181313543516],[35.804445252719184,34.40178328586013],[35.804377732032954,34.401738511497584],[35.804343971689846,34.40171612431631],[35.804293331175174,34.40170866192255],[35.80426801091784,34.40172358671006],[35.804225810488944,34.40172358671006],[35.80418361006006,34.401738511497584],[35.80408232903072,34.40176089867885],[35.80400636825871,34.40179074825389],[35.80393040748671,34.40181313543516],[35.80379536611426,34.4018056730414],[35.803575923884026,34.40182806022268],[35.80347464285468,34.40184298501019],[35.80347464285468,34.40191760894777],[35.803424002340016,34.401910146554016],[35.80333960148223,34.401902684160255],[35.803196120024,34.40188029697898],[35.803052638565774,34.401857909797705],[35.802681274791524,34.40176836107261],[35.802588433847966,34.40173104910382],[35.80252091316174,34.40163403798497],[35.80248715281863,34.40158926362242],[35.80242807221818,34.401574338834905],[35.802360551531955,34.401581801228666],[35.80231835110306,34.401648962772484],[35.80225927050262,34.40167881234752],[35.802208629987945,34.40176089867885],[35.80215798947327,34.40185044740395],[35.802124229130165,34.401910146554016],[35.802115789044386,34.401939996129045],[35.80209046878705,34.40200715767287],[35.80202294810082,34.40201462006662],[35.80200606792927,34.40204446964166],[35.80199762784349,34.40220864230433],[35.80198918775771,34.40229819102942],[35.80193854724304,34.40233550299822],[35.801904786899925,34.402305653423184],[35.801879466642596,34.402231029485606],[35.80187102655682,34.40211163118548],[35.80189634681415,34.40204446964166],[35.80189634681415,34.401984770491595],[35.801879466642596,34.40195492091656],[35.801828826127924,34.401910146554016],[35.80175286535592,34.40188775937274],[35.801727545098586,34.401910146554016],[35.80169378475547,34.401939996129045],[35.80165158432658,34.40200715767287],[35.80160938389769,34.40205939442917],[35.80160094381191,34.40211163118548],[35.80157562355458,34.40216386794178],[35.801584063640355,34.40221610469809],[35.80157562355458,34.40229819102942],[35.80154186321146,34.40233550299822],[35.80147434252524,34.40229819102942],[35.8014490222679,34.402275803848156],[35.801432142096346,34.40220864230433],[35.801432142096346,34.40210416879172],[35.8014490222679,34.4020370072479],[35.80149966278257,34.40196984570407],[35.8016431442408,34.40187283458523],[35.801761305441694,34.40182806022268],[35.8018372662137,34.40177582346637],[35.801879466642596,34.4017534362851],[35.80192166707148,34.40170866192255],[35.80194698732882,34.40166388756],[35.801980747671934,34.401619113197455],[35.80200606792927,34.40154448925988],[35.802048268358156,34.401492252503566],[35.80207358861549,34.40144001574726],[35.802115789044386,34.401410166172234],[35.80214110930172,34.40135792941592],[35.80215798947327,34.40130569265962],[35.80217486964483,34.401238531115794],[35.80216642955905,34.40117883196574],[35.802124229130165,34.4010967456344],[35.80210734895861,34.40102212169682],[35.80203982827238,34.400925110577965],[35.80199762784349,34.40085794903414],[35.8018372662137,34.40075347552153],[35.8016431442408,34.40065646440268],[35.801524983039904,34.40061915243389],[35.801373061495894,34.400589302858855],[35.80123802012345,34.40057437807134],[35.80111141883677,34.40061169004013],[35.80100169772165,34.40064900200892],[35.80092573694965,34.40065646440268],[35.80084977617764,34.40068631397771],[35.80079913566298,34.400716163552744],[35.8007147348052,34.40079078749032],[35.80064721411897,34.40078332509656],[35.80055437317541,34.40078332509656],[35.80049529257496,34.40079078749032],[35.80046997231762,34.40076093791529],[35.800419331802956,34.40073108834026],[35.80039401154562,34.400716163552744],[35.80033493094517,34.4007236259465],[35.800208329658496,34.400716163552744],[35.800123928800716,34.40073108834026],[35.80009860854338,34.40075347552153],[35.80009860854338,34.40085048664039],[35.80011548871494,34.40091018579045],[35.80016612922961,34.400999734515544],[35.800191449486945,34.40114151999694],[35.800216769744274,34.40132061744713],[35.80019988957272,34.4013803165972],[35.80005640811449,34.401365391809684],[35.8000142076856,34.40131315505338],[35.79986228614159,34.40098480972803],[35.799592203396685,34.40085794903414],[35.79930524048022,34.40070123876522],[35.79906891807843,34.400589302858855],[35.79883259567664,34.400507216527515],[35.798579393103296,34.40044751737746],[35.79841059138773,34.4004400549837],[35.79824178967217,34.40042513019618],[35.79808986812816,34.40042513019618],[35.79788730606948,34.40041766780242],[35.79759190306724,34.40038035583363],[35.797583462981464,34.40031319428981],[35.79763410349613,34.400223645564715],[35.79773538452547,34.40021618317096],[35.798106748299716,34.40021618317096],[35.798132068557045,34.400141559233376],[35.798199589243275,34.40005947290204],[35.798283990101055,34.399977386570704],[35.79836839095884,34.39982813869555],[35.79838527113039,34.39967142842663],[35.79838527113039,34.399537105338986],[35.79838527113039,34.39943263182637],[35.79841903147351,34.399328158313764],[35.79848655215974,34.39922368480115],[35.79857095301752,34.39914906086357],[35.798663793961076,34.39905951213848],[35.79872287456153,34.398955038625864],[35.798663793961076,34.39885802750701],[35.79831775044417,34.39874609160064],[35.7981489487286,34.39857445654421],[35.797954826755706,34.39844759585032],[35.79778602504014,34.39839535909402],[35.797667863839244,34.39840282148778],[35.79754126255257,34.39849983260663],[35.79752438238101,34.39864161808803],[35.79754970263835,34.39882071553822],[35.79760034315302,34.399037124957204],[35.79759190306724,34.39922368480115],[35.797575022895685,34.39940278225134],[35.79747374186634,34.39946994379516],[35.79738934100856,34.39935054549503],[35.79738090092278,34.39917144804485],[35.797355580665446,34.39890280186956],[35.79734714057967,34.398671467663064],[35.797355580665446,34.398514757394146],[35.79744842160901,34.39836550951899],[35.79754126255257,34.39808940094994],[35.79754126255257,34.397932690681024],[35.79749906212368,34.39778344280587],[35.797271179807666,34.39766404450574],[35.79701797723432,34.39761927014319],[35.79672257423208,34.3975819581744],[35.796427171229844,34.39751479663058],[35.796266809600056,34.39742524790548],[35.79601360702671,34.397208838486506],[35.79585324539692,34.397037203430074],[35.795743524281804,34.39682079401109],[35.79565912342402,34.39664915895466],[35.79560848290935,34.39649244868574],[35.7955494023089,34.39636558799185],[35.79533840016445,34.396186490541666],[35.79501767690487,34.39616410336039],[35.79476447433152,34.396223802510455],[35.79460411270174,34.39635066320434],[35.79446063124351,34.39648498629198],[35.79435091012839,34.396425287141916],[35.794747594159965,34.39600739309147],[35.79486575536087,34.39588053239759],[35.79402174678304,34.395238766534405],[35.79292453563186,34.39611932899784],[35.79460411270174,34.397529721418096],[35.794342470042615,34.3977237436558],[35.79253629168606,34.3960745546353],[35.793886705410586,34.3950447442967],[35.79385294506747,34.39502981950918],[35.793025816661206,34.3944402904023],[35.792586932200734,34.39496265796536],[35.79218180808338,34.394791022908926],[35.79286545503142,34.39403732113937],[35.79100019607442,34.393514953576314],[35.79070479307219,34.393888073264215],[35.79147284087801,34.39432835449593],[35.7915910020789,34.39423134337708],[35.791903285252694,34.39438059125224],[35.79160788225046,34.39468654939632],[35.78986922458014,34.39373882538906],[35.789877664665916,34.3935895775139],[35.790730113329516,34.39248514323772],[35.79078919392997,34.39238813211887],[35.79078919392997,34.39226873381874],[35.790797634015746,34.392126948337335],[35.79076387367263,34.39200755003721],[35.790654152557515,34.391880689343324],[35.790510671099284,34.391813527799506],[35.790426270241504,34.391761291043196],[35.79031654912639,34.39173890386193],[35.79013930732504,34.39166427992434],[35.789970505609475,34.39163443034931],[35.78985234440858,34.39163443034931],[35.78914337720321,34.3925597671753],[35.788662292313845,34.39231350818129],[35.788485050512506,34.392574691962814],[35.78885641428675,34.39276871420052],[35.7886791724854,34.39300751080078],[35.7880208457947,34.392664240687914],[35.788881734544084,34.391268773055174],[35.7886032117134,34.39116429954256],[35.78779296347869,34.390865803792245],[35.78722747773154,34.39069416873581],[35.78684767387152,34.390619544798234],[35.78661979155551,34.390619544798234],[35.78647631009728,34.39063446958575],[35.78651007044039,34.391806065405746],[35.787024915672866,34.39207471158103],[35.78690675447197,34.39231350818129],[35.78616402692349,34.39194785088715],[35.786104946323036,34.39034343622919],[35.785801103235016,34.39008225244766],[35.785421299374995,34.390216575535305],[35.785640741605235,34.390582232829445],[35.78546349980389,34.39076879267339],[35.78493177439986,34.390164338778995],[35.785632301519456,34.38976883190983],[35.785716702377236,34.38958227206588],[35.7856913821199,34.389477798553266],[35.78552258040433,34.38938824982817],[35.78532001834566,34.38930616349683],[35.78500773517186,34.389186765196705],[35.784805173113185,34.389067366896576],[35.78467013174073,34.388895731840144],[35.78458573088295,34.38875394635875],[35.7845266502825,34.38860469848358],[35.78444224942472,34.388462913002186],[35.78429876796649,34.38831366512702],[35.78416372659404,34.388246503583204],[35.78393584427803,34.388171879645625],[35.783733282219345,34.388119642889315],[35.78342943913133,34.3880524813455],[35.78338723870244,34.388045018951736],[35.78221406677926,34.38806740613301],[35.781859583176576,34.38807486852677],[35.7811506159712,34.38782860953276],[35.780559809966725,34.387507726601164],[35.77869455100973,34.3865077658376],[35.779015274269305,34.38610479657467],[35.778483548865275,34.385716752099256],[35.778188145863034,34.38592569912448],[35.77742009805721,34.38556004183034],[35.77730193685632,34.38572421449302],[35.77715845539809,34.38564959055544],[35.77727661659898,34.385507805074035],[35.77665205025139,34.385142147779895],[35.776179405447806,34.3855675042241],[35.775951523131795,34.38553765464907],[35.776246926134036,34.38523169650499],[35.77581648175934,34.38500782469225],[35.77561391970067,34.385224234111234],[35.77578272141623,34.38532124523009],[35.77566456021533,34.38548541789276],[35.775267876183754,34.38526900847378],[35.775791161502006,34.38458246824805],[35.775715200730005,34.384366058829066],[35.77545355807088,34.38426904771021],[35.775259436097976,34.384239198135184],[35.77499779343885,34.38420934856015],[35.77467707017928,34.38413472462257],[35.774398547348596,34.3839705519599],[35.77413690468947,34.383798916903466],[35.7739681029739,34.38362728184703],[35.773942782716574,34.383433259609326],[35.77383306160145,34.38326908694665],[35.773579859028104,34.38311983907149],[35.77329289611165,34.38306760231519],[35.772946852594735,34.38306760231519],[35.77260080907783,34.3830825271027],[35.77231384616137,34.38296312880257],[35.772001562987576,34.38291089204627],[35.77159643887022,34.38292581683378],[35.77122507509598,34.38303775274015],[35.77081151089284,34.383134763859005],[35.77046546737593,34.383172075827794],[35.770094103601686,34.38319446300907],[35.77002658291546,34.38319446300907],[35.76974806008478,34.38318700061531],[35.769486417425654,34.38318700061531],[35.76919945450919,34.38315715104028],[35.76916569416608,34.38314968864652],[35.768861851078064,34.38303775274015],[35.76845672696071,34.382858655289965],[35.76811912352957,34.38271686980856],[35.768085363186465,34.38270194502105],[35.76783216061312,34.382567621933404],[35.76720759426552,34.382201964639265],[35.76683623049128,34.38210495352041],[35.766540827489045,34.38209749112665],[35.766177903800575,34.38202286718907],[35.7659753417419,34.38192585607022],[35.76586562062678,34.381828844951364],[35.7656630585681,34.38168705946996],[35.765376095651646,34.38160497313863],[35.76503005213473,34.38157512356359],[35.76468400861783,34.38157512356359],[35.76443080604448,34.38156766116984],[35.7641100827849,34.381493037232254],[35.76384844012578,34.38144080047595],[35.763249194035524,34.38133632696334],[35.76308039231996,34.38129155260079],[35.76284406991817,34.38126170302576],[35.76259086734482,34.38123931584449],[35.76241362554347,34.38120946626945],[35.76227858417102,34.38115722951315],[35.76204226176923,34.38132140217582],[35.7622110634848,34.381418413294675],[35.762092902283904,34.38156766116984],[35.761696218252325,34.38132140217582],[35.762084462198125,34.38082142179404],[35.76210978245546,34.380731873068946],[35.762084462198125,34.380560238012514],[35.76197474108301,34.380396065349835],[35.76180593936744,34.38029159183723],[35.76151897645098,34.38021696789965],[35.76074248855938,34.38020950550589],[35.760480845900254,34.38020950550589],[35.76010104204023,34.38034382859353],[35.75981407912377,34.380485614074935],[35.759527116207316,34.38057516280003],[35.7591810726904,34.3805975499813],[35.75895319037439,34.38059008758754],[35.75875062831572,34.38059008758754],[35.75848898565659,34.380560238012514],[35.758227342997465,34.380515463649964],[35.75771249776499,34.38038860295608],[35.75748461544897,34.38033636619977],[35.75740021459119,34.38028412944347],[35.75713857193207,34.38028412944347],[35.75718921244674,34.38064232434385],[35.75690224953028,34.38063486195009],[35.75680096850094,34.37996324651188],[35.75639584438358,34.37996324651188],[35.756083561209785,34.380075182418246],[35.75588099915111,34.38009756959952],[35.75598228018045,34.38071694828143],[35.75703729090273,34.38104529360678],[35.7573580141623,34.38094828248793],[35.75752681587787,34.38119454148194],[35.75734957407652,34.38147811244474],[35.75562779657776,34.38100051924423],[35.755467434947974,34.38030651662474],[35.75521423237463,34.38027666704971],[35.754918829372386,34.38037367816857],[35.754690947056375,34.380440839712385],[35.75440398413991,34.380485614074935],[35.75397353976522,34.38053038843748],[35.7535937359052,34.380522926043724],[35.75328145273141,34.380396065349835],[35.75296916955761,34.3802244302934],[35.7526231260407,34.380075182418246],[35.752369923467356,34.37995578411812],[35.75214204115134,34.37983638581799],[35.75173691703399,34.379664750761556],[35.751449954117525,34.379582664430224],[35.75105327008595,34.379463266130095],[35.750690346397484,34.379217007136084],[35.7504877843388,34.379097608835956],[35.750226141679676,34.37902298489838],[35.74988853824855,34.37894089856704],[35.74959313524631,34.37891851138576],[35.749306172329845,34.37886627462946],[35.748993889156054,34.37883642505442],[35.748766006840036,34.37883642505442],[35.7484706038378,34.3788588122357],[35.748217401264455,34.3789483609608],[35.74798107886266,34.379015522504616],[35.747145510370615,34.37919461995481],[35.74668130565281,34.37918715756105],[35.74625086127812,34.379164770379774],[35.74582041690343,34.379060296867166],[35.745389972528734,34.37898567292959],[35.74493420789671,34.37892597377952],[35.74456284412247,34.378851349841945],[35.74427588120601,34.37877672590436],[35.743988918289546,34.378679714785505],[35.74364287477264,34.3785752412729],[35.743305271341505,34.378478230154045],[35.743128029540166,34.37838121903519],[35.742984548081935,34.37830659509761],[35.74284950670948,34.37820958397876],[35.74267226490814,34.378157347222455],[35.74246970284946,34.378157347222455],[35.74224182053345,34.378149884828694],[35.741988617960104,34.378149884828694],[35.74166789470053,34.378075260891116],[35.741212130068504,34.37802302413481],[35.740984247752486,34.377993174559776],[35.74054536329202,34.37798571216602],[35.74023308011822,34.37791108822844],[35.7399714374591,34.37783646429086],[35.739692914628414,34.37773199077825],[35.73934687111151,34.3776872164157],[35.739144309052826,34.37767975402194],[35.738823585793256,34.37772452838449],[35.73865478407769,34.377746915565766],[35.7383425009039,34.37776930274704],[35.73819057935989,34.37776930274704],[35.737996457386984,34.37764244205315],[35.737912056529204,34.37752304375303],[35.73779389532831,34.3774036454529],[35.73757445309808,34.377209623215194],[35.73734657078206,34.37706037534004],[35.737228409581164,34.37691858985863],[35.73709336820871,34.376769341983476],[35.73679796520648,34.3767469548022],[35.73657008289046,34.37681411634602],[35.73625779971667,34.376806653952265],[35.73602991740065,34.37670964283341],[35.73585267559931,34.37653800777698],[35.73557415276863,34.376232049632904],[35.7352365493375,34.37600817782016],[35.73494958642104,34.37576191882615],[35.7347301441908,34.37552312222589],[35.734586662732575,34.37530671280692],[35.734527582132124,34.37506791620666],[35.7345360222179,34.37478434524386],[35.73456978256102,34.374515699068574],[35.73463730324724,34.374306752043346],[35.7347301441908,34.37404556826182],[35.7348483053917,34.37388139559915],[35.73493270624948,34.37370976054271],[35.73493270624948,34.37354558788004],[35.73485674547747,34.373000833135706],[35.73478078470547,34.372799348504245],[35.734611982989904,34.37251577754144],[35.73446850153167,34.37229936812246],[35.73447694161745,34.371985947584626],[35.7345360222179,34.37179938774068],[35.7346541834188,34.37153820395915],[35.734662623504576,34.37134418172144],[35.734662623504576,34.37110538512119],[35.734586662732575,34.37091136288348],[35.73450226187479,34.37072480303953],[35.73447694161745,34.370508393620554],[35.73448538170323,34.3702695970203],[35.73456978256102,34.370053187601314],[35.734662623504576,34.36986662775737],[35.734755464448135,34.369702455094696],[35.734814545048586,34.36950843285699],[35.734814545048586,34.36934426019431],[35.73470482393347,34.36919501231915],[35.73447694161745,34.36897860290017],[35.73445162136012,34.36876965587495],[35.734426301102786,34.36854578406221],[35.734434741188565,34.36829206267444],[35.734443181274344,34.367978642136606],[35.734527582132124,34.36773984553635],[35.73473858427658,34.3675010489361],[35.73488206573481,34.36733687627342],[35.734974906678374,34.36720255318578],[35.7350002269357,34.36693390701049],[35.73483986530592,34.366792121529095],[35.73472170410503,34.36669511041024],[35.734671063590355,34.36655332492884],[35.734671063590355,34.366262291572276],[35.734991786849925,34.366098118909605],[35.73507618770771,34.36631452832858],[35.7349242661637,34.366456313809984],[35.73512682822238,34.36665033604769],[35.735354710538395,34.36665033604769],[35.7353884708815,34.3665607873226],[35.7353884708815,34.36638915226616],[35.73533783036684,34.36622497960349],[35.735363150624174,34.366060806940816],[35.73554039242551,34.36596379582196],[35.7357767148273,34.36594140864069],[35.735920196285534,34.36589663427814],[35.73586111568509,34.36571007443419],[35.73560791311174,34.36553843937776],[35.73555727259707,34.36553843937776],[35.73540535105306,34.36546381544018],[35.73515214847971,34.365478740227694],[35.735059307536154,34.36557575134655],[35.73494958642104,34.36559813852782],[35.73471326401925,34.36556828895279],[35.734603542904125,34.36552351459024],[35.7344600614459,34.36552351459024],[35.73440098084545,34.36559067613406],[35.734822985134365,34.365807085553044],[35.73462042307568,34.36594887103444],[35.733362850294725,34.365530976984],[35.733219368836494,34.365359341927565],[35.73337973046628,34.364986222239665],[35.732974606348925,34.36476235042693],[35.732890205491145,34.364710113670625],[35.73280580463336,34.36456832818922],[35.73283956497647,34.364374305951515],[35.73283956497647,34.36421013328884],[35.73276360420447,34.364016111051136],[35.73253572188845,34.36377731445088],[35.732400680516,34.36334449561292],[35.73240912060178,34.363060924650114],[35.73246820120223,34.362822128049864],[35.732586362403126,34.362657955387185],[35.73270452360402,34.362538557087056],[35.73288176540537,34.36239677160566],[35.73299148652048,34.362329610061835],[35.73319404857916,34.36226244851802],[35.732890205491145,34.361799780105024],[35.73262856283202,34.361799780105024],[35.73254416197423,34.36176993052999],[35.732518841716896,34.361672919411134],[35.732518841716896,34.361605757867316],[35.732434440859116,34.36148635956719],[35.732290959400885,34.36141173562961],[35.732122157685325,34.36133711169203],[35.73186895511197,34.36128487493572],[35.731666393053295,34.36124010057318],[35.73140475039417,34.36113562706056],[35.73109246722037,34.36108339030426],[35.730805504303916,34.36108339030426],[35.73061982241679,34.36104607833547],[35.73054386164479,34.361031153547955],[35.73025689872833,34.36100130397292],[35.73008809701276,34.360949067216616],[35.729742053495855,34.36085205609776],[35.72957325178029,34.360777432160184],[35.729286288863825,34.36072519540387],[35.72908372680515,34.36067295864757],[35.728509800972226,34.36064310907254],[35.728281918656215,34.360687883435084],[35.72807935659754,34.36078489455394],[35.727961195396645,34.360949067216616],[35.72792743505353,34.36111323987929],[35.727978075568195,34.361232638179416],[35.72821439796999,34.36126248775445],[35.728442280286,34.36124010057318],[35.72864484234468,34.361359498873306],[35.728577321658456,34.3615012843547],[35.728433840200225,34.36154605871725],[35.7281721975411,34.3615012843547],[35.72800339582553,34.3614490475984],[35.72769111265174,34.3614490475984],[35.7273957096495,34.36153859632349],[35.727049666132594,34.36162814504859],[35.726678302358344,34.361672919411134],[35.72633225884144,34.361710231379924],[35.72549669034939,34.36170276898617],[35.72492276451647,34.36169530659241],[35.72411251628176,34.3617326185612],[35.72356391070617,34.361672919411134],[35.72333602839016,34.36157590829228],[35.7233191482186,34.361314724510756],[35.723293827961264,34.361023691154195],[35.723496390019946,34.36085951849152],[35.72379179302219,34.36079981934146],[35.724129396453314,34.360777432160184],[35.72439103911244,34.36071027061636],[35.72477084297246,34.36059833470999],[35.72531944854805,34.36043416204732],[35.72578365326585,34.36034461332222],[35.72621409764054,34.36023267741585],[35.72656014115745,34.36014312869076],[35.72702434587526,34.36005357996566],[35.72728598853438,34.359956568846805],[35.72737882947794,34.35977000900286],[35.72741258982106,34.35960583634019],[35.72732818896327,34.35941181410248],[35.727125626904595,34.359262566227315],[35.726982145446364,34.35909839356464],[35.72693150493169,34.358904371326936],[35.72693994501747,34.35871781148299],[35.72699902561792,34.35852378924528],[35.727058106218365,34.35838200376388],[35.727058106218365,34.35821783110121],[35.727066546304144,34.358001421682225],[35.727066546304144,34.357837249019546],[35.72701590578948,34.35752382848172],[35.72702434587526,34.35732980624401],[35.72710874673304,34.35711339682503],[35.72722690793393,34.35692683698108],[35.72740414973528,34.35674027713713],[35.72764047213707,34.356620878837006],[35.72786835445308,34.35655371729318],[35.728129997112205,34.356531330111906],[35.72841696002867,34.35647163096184],[35.72871236303091,34.35625522154287],[35.72891492508958,34.35602388733637],[35.72900776603314,34.35575524116108],[35.729125927234044,34.35556868131713],[35.72926940869227,34.355426895835734],[35.7293369293785,34.35524033599178],[35.7293369293785,34.35504631375407],[35.7293369293785,34.3548821410914],[35.729260968606496,34.354643344491144],[35.729142807405594,34.35449409661599],[35.72903308629048,34.354277687197005],[35.72900776603314,34.35406127777802],[35.72901620611892,34.353874717934076],[35.72899932594737,34.353419511914844],[35.7288305242318,34.35320310249586],[35.72868704277357,34.353009080258154],[35.72856888157268,34.35283744520172],[35.72849292080067,34.3526284981765],[35.72849292080067,34.35243447593879],[35.72850136088645,34.35221806651981],[35.72865328243046,34.35205389385714],[35.72870392294513,34.351912108375735],[35.72871236303091,34.351747935713064],[35.72868704277357,34.3515986878379],[35.72860264191579,34.3514569023565],[35.72845916045756,34.35128526730007],[35.728374759599774,34.351218105756246],[35.72823127814154,34.35106885788109],[35.72812155702643,34.350927072399685],[35.72801183591131,34.35075543734325],[35.727986515653974,34.35061365186185],[35.727986515653974,34.35044947919918],[35.727986515653974,34.350352468080324],[35.72799495573975,34.35021068259892],[35.72799495573975,34.35001666036121],[35.72794431522509,34.34980025094224],[35.727741753166406,34.34960622870453],[35.72763203205129,34.34938981928555],[35.72758139153662,34.34922564662287],[35.72753075102195,34.34874805342236],[35.72753919110773,34.348554031184655],[35.72753919110773,34.348315234584405],[35.72748855059306,34.34810628755918],[35.72726066827705,34.34777047984007],[35.72715094716193,34.34766600632746],[35.726982145446364,34.347621231964915],[35.72677958338769,34.347546608027336],[35.72663610192946,34.3475167584523],[35.72646730021389,34.34747198408975],[35.726264738155216,34.34744213451472],[35.72600309549609,34.34738989775842],[35.72577521318007,34.34727049945829],[35.72563173172184,34.34714363876441],[35.72555577094984,34.34697946610173],[35.72555577094984,34.34676305668275],[35.72555577094984,34.346546647263764],[35.725589531292954,34.34640486178237],[35.72562329163607,34.34628546348224],[35.72568237223651,34.34612129081957],[35.72574989292274,34.34595711815689],[35.72574989292274,34.34583771985676],[35.72586805412364,34.34547952495638],[35.72586805412364,34.34536012665625],[35.725817413608965,34.34514371723727],[35.7256486118934,34.344882533455745],[35.72553889077828,34.344636274461735],[35.72554733086406,34.34435270349893],[35.72563173172184,34.34415868126122],[35.72578365326585,34.34399450859855],[35.72592713472408,34.343860185510906],[35.72601997566764,34.3436661632732],[35.72607905626809,34.343449753854216],[35.7262309778121,34.343285581191545],[35.72639977952767,34.34314379571014],[35.72661078167212,34.34303185980377],[35.72672894287302,34.342867687141094],[35.72678802347347,34.342673664903394],[35.72684710407391,34.34248710505944],[35.726880864417026,34.342345319578044],[35.72693994501747,34.34220353409664],[35.727117186818816,34.34208413579651],[35.72726066827705,34.342016974252694],[35.72746323033572,34.34199458707142],[35.72769111265174,34.341972199890144],[35.72826503848466,34.34200204946517],[35.728526681143784,34.341890113558804],[35.728729243202466,34.341651316958554],[35.728965565604256,34.341322971633204],[35.72917656774871,34.34094238955154],[35.72930316903538,34.34056180746989],[35.72931160912116,34.34024838693205],[35.72931160912116,34.33994242878798],[35.72917656774871,34.33969616979397],[35.72910060697671,34.33962900825015],[35.72900776603314,34.339531997131296],[35.72886428457492,34.339442448406196],[35.72880520397447,34.33941259883117],[35.7286364022589,34.33933797489359],[35.72840851994289,34.33926335095601],[35.728205957884214,34.33925588856225],[35.72802871608287,34.33925588856225],[35.7278599143673,34.33932305010607],[35.72771643290907,34.33942006122492],[35.72753919110773,34.339442448406196],[35.72737038939216,34.33931558771231],[35.72734506913483,34.33912902786837],[35.72734506913483,34.338912618449385],[35.72743791007839,34.33877083296798],[35.72761515187973,34.3386962090304],[35.72786835445308,34.33865889706161],[35.728189077712656,34.33847233721767],[35.728281918656215,34.33835293891754],[35.728374759599774,34.338136529498556],[35.72840851994289,34.337927582473334],[35.72840851994289,34.3377559474169],[35.728442280286,34.337517150816645],[35.72829879882777,34.33718134309754],[35.728189077712656,34.33694254649728],[35.72802027599709,34.336823148197155],[35.72776707342374,34.33677091144085],[35.72748011050728,34.33674106186582],[35.72719314759082,34.33671867468455],[35.726965265274806,34.33661420117193],[35.72670362261568,34.336420178934226],[35.72662766184368,34.33623361909028],[35.72662766184368,34.33598736009627],[35.726661422186794,34.335681401952186],[35.726661422186794,34.33565155237716],[35.72661078167212,34.33549484210824],[35.726441979956554,34.33539036859563],[35.72618033729743,34.33531574465805],[35.725893374380966,34.335196346357925],[35.72569925240807,34.335069485664036],[35.72549669034939,34.33492770018264],[35.72538696923427,34.33475606512621],[35.72533632871961,34.33459189246353],[35.725192847261376,34.33439787022582],[35.72499872528847,34.33430085910697],[35.72482148348713,34.33430085910697],[35.72478772314402,34.334412795013336],[35.724813043401355,34.33462920443232],[35.72477928305824,34.334868001032575],[35.724669561943124,34.33493516257639],[35.72444167962711,34.33483815145754],[35.72432351842622,34.33465159161359],[35.72407031585286,34.334502343738436],[35.72378335293641,34.334502343738436],[35.72346262967683,34.33458443006977],[35.723209427103484,34.33458443006977],[35.72306594564525,34.334465031769646],[35.72306594564525,34.33427100953194],[35.723268507703935,34.33418146080684],[35.72353015036306,34.33415907362557],[35.723817113279516,34.33406952490047],[35.72385087362263,34.33389788984404],[35.72376647276485,34.33371133000009],[35.723682071907064,34.33356208212493],[35.7236314313924,34.33345014621856],[35.72363987147818,34.3330173273806],[35.72361455122084,34.332823305142895],[35.72378335293641,34.332733756417795],[35.7240196753382,34.33271136923653],[35.72416315679643,34.33271136923653],[35.72430663825466,34.3326442076927],[35.72434039859777,34.33248003503003],[35.724205357225316,34.33223377603601],[35.72426443782577,34.332047216192066],[35.72449232014178,34.33198005464825],[35.724576720999565,34.33195766746697],[35.72461048134267,34.33181588198557],[35.72446699988444,34.33168902129169],[35.72444167962711,34.331465149478944],[35.724433239541334,34.331435299903916],[35.724407919284,34.33133828878506],[35.72439947919822,34.33124874005997],[35.72438259902666,34.33115919133487],[35.72438259902666,34.331069642609776],[35.72438259902666,34.33098009388468],[35.72439947919822,34.330898007553344],[35.72445011971289,34.330815921222005],[35.724517640399114,34.330741297284426],[35.72458516108534,34.33066667334685],[35.72461892142845,34.33058458701551],[35.72462736151423,34.330495038290415],[35.72461892142845,34.330405489565315],[35.724602041256894,34.33030847844646],[35.724593601171115,34.33021146732761],[35.724602041256894,34.330114456208754],[35.72458516108534,34.33002490748366],[35.72453452057067,34.32993535875857],[35.72447543997022,34.329838347639715],[35.724407919284,34.329756261308376],[35.72434883868355,34.329711486945826],[35.72426443782577,34.3298234228522],[35.72422223739687,34.32993535875857],[35.72416315679643,34.33000998269615],[35.72406187576709,34.330047294664936],[35.72395215465197,34.33006221945245],[35.72384243353685,34.330077144239965],[35.723741152507515,34.330114456208754],[35.723656751649735,34.33017415535882],[35.72356391070617,34.33021892972137],[35.723445749505274,34.33022639211513],[35.72332758830438,34.33021892972137],[35.72321786718926,34.330196542540094],[35.72314190641726,34.33015176817755],[35.72308282581681,34.330077144239965],[35.723049065473695,34.32998013312111],[35.72303218530214,34.329875659608504],[35.72304062538792,34.32978611088341],[35.72309126590259,34.3297338741271],[35.72317566676037,34.32969656215831],[35.72328538787549,34.32965925018952],[35.72340354907639,34.32963686300825],[35.72353015036306,34.32961447582697],[35.7236314313924,34.329592088645704],[35.723741152507515,34.32956970146443],[35.72385931370841,34.329547314283154],[35.723977474909304,34.32953238949564],[35.72408719602442,34.329502539920604],[35.724196917139544,34.32948015273933],[35.724281317997324,34.32944284077054],[35.72434883868355,34.329398066408],[35.72438259902666,34.32932344247042],[35.724365718855104,34.32923389374532],[35.72434039859777,34.32912942023271],[35.72431507834044,34.32903240911386],[35.72430663825466,34.32894286038876],[35.72430663825466,34.328845849269904],[35.72431507834044,34.32874883815105],[35.72430663825466,34.32865928942596],[35.724281317997324,34.32857720309462],[35.72423067748265,34.3285100415508],[35.72413783653909,34.32845780479449],[35.724044995595534,34.328413030431946],[35.72394371456619,34.32836079367564],[35.72386775379419,34.32829363213182],[35.723800233107966,34.32822647058799],[35.723732712421736,34.32814438425666],[35.72367363182129,34.328077222712835],[35.72360611113506,34.32800259877526],[35.72353015036306,34.32794289962519],[35.723445749505274,34.32789066286889],[35.723352908561715,34.327838426112585],[35.72325162753238,34.327786189356274],[35.72315878658881,34.32774141499373],[35.723057505559474,34.32769664063118],[35.72295622453014,34.32766679105615],[35.7228549435008,34.32765186626863],[35.72275366247146,34.32763694148112],[35.72264394135634,34.32765186626863],[35.72253422024122,34.32766679105615],[35.722432939211885,34.32769664063118],[35.72232321809677,34.327719027812456],[35.72216285646698,34.32777126456876],[35.72201937500875,34.32780857653755],[35.72192653406519,34.32784588850634],[35.72186745346474,34.3278533509001],[35.72179149269274,34.32786081329385],[35.72173241209229,34.32786081329385],[35.72160581080561,34.32786081329385],[35.72153829011939,34.32788320047513],[35.72147076943317,34.32793543723144],[35.72147076943317,34.32801752356277],[35.72146232934739,34.328114534681625],[35.72147920951894,34.328166771437935],[35.72147076943317,34.32824885776927],[35.72146232934739,34.32836079367564],[35.72141168883272,34.3284204928257],[35.721335728060716,34.328532428732075],[35.72125132720293,34.328651827032196],[35.72120068668826,34.32878615011984],[35.72117536643093,34.32887569884494],[35.72109096557314,34.32904733390137],[35.720981244458024,34.32919658177653],[35.72077868239935,34.32927866810787],[35.72069428154156,34.329263743320354],[35.720652081112675,34.329107033051436],[35.720660521198454,34.32892047320748],[35.72070272162734,34.328733913363536],[35.720744922056234,34.32853989112583],[35.720812442742464,34.32830109452558],[35.720820882828235,34.32804737313781],[35.720804002656685,34.327786189356274],[35.72070272162734,34.32749515599971],[35.72060988068378,34.32730113376201],[35.72048327939711,34.32711457391806],[35.72040731862511,34.32692055168035],[35.720348238024656,34.32669667986762],[35.72031447768154,34.32649519523615],[35.720272277252654,34.32626386102965],[35.72017943630909,34.326039989216916],[35.71991779364996,34.32559224559144],[35.71975743202018,34.3253683737787],[35.7195548699615,34.32512211478469],[35.71953798978994,34.32488331818443],[35.719639270819286,34.32478630706558],[35.71979119236329,34.32478630706558],[35.71993467382152,34.32482361903437],[35.71999375442197,34.32486839339692],[35.71995155399308,34.32489824297195],[35.71990091347841,34.32498779169705],[35.71992623373574,34.32504749084711],[35.71997687425041,34.32511465239093],[35.720044394936636,34.325181813934755],[35.720120355708644,34.32524897547857],[35.720204756566424,34.3253161370224],[35.72023007682376,34.32533106180991],[35.7202553970811,34.325375836172455],[35.7203313578531,34.325495234472584],[35.72045795913977,34.32562209516647],[35.72053391991178,34.325666869529016],[35.72057612034067,34.32568179431654],[35.72061832076956,34.325756418254116],[35.72066896128423,34.32584596697921],[35.72070272162734,34.325913128523034],[35.720829322914014,34.325756418254116],[35.720947484114916,34.32567433192278],[35.72107408540159,34.32556985841016],[35.72124288711715,34.325457922503794],[35.721428569004274,34.32532359941615],[35.72155517029095,34.325181813934755],[35.72173241209229,34.325017641272076],[35.72193497415097,34.32482361903437],[35.722112215952315,34.3243385634401],[35.722188176724316,34.32355501209552],[35.72192653406519,34.322144619675264],[35.721352608232266,34.3205402050173],[35.720795562570906,34.3195477066475],[35.72054235999756,34.318726843334126],[35.720424198796664,34.318353723646226],[35.71997687425041,34.317413462032725],[35.71959707039039,34.31661498590062],[35.7194789091895,34.31618962945642],[35.719436708760604,34.31612993030635],[35.719343867817045,34.31599560721871],[35.719251026873486,34.31585382173731],[35.71924258678771,34.31580904737476],[35.719200386358814,34.315771735405974],[35.719132865672584,34.315771735405974],[35.719040024729026,34.31579412258725],[35.7187024212979,34.31601053200623],[35.71859270018278,34.31608515594381],[35.718499859239216,34.3161224679126],[35.71839857820988,34.3161224679126],[35.718331057523656,34.316100080731324],[35.71828885709476,34.31601053200623],[35.71828885709476,34.31590605849362],[35.718356377780985,34.31584635934355],[35.71848297906766,34.315779197799735],[35.71868554112634,34.315726961043424],[35.71885434284191,34.315689649074635],[35.718964063957024,34.31562248753082],[35.71901470447169,34.31553293880572],[35.71901470447169,34.3154657772619],[35.7189725040428,34.31535384135553],[35.718660220869005,34.31486878576126],[35.71863490061167,34.3148090866112],[35.718423898467215,34.314629989161006],[35.718187576065425,34.314428504529545],[35.7180018941783,34.31427925665438],[35.71786685280585,34.31416732074801],[35.71769805109029,34.314025535266616],[35.71754612954628,34.31386136260394],[35.71740264808805,34.313682265153744],[35.71725072654404,34.3134957053098],[35.717107245085806,34.31329422067834],[35.71693844337024,34.313115123228144],[35.71663460028223,34.31289871380916],[35.71640671796621,34.312712153965215],[35.71614507530708,34.312585293271326],[35.715891872733735,34.312383808639865],[35.71570619084662,34.3122718727335],[35.71558802964572,34.31228679752101],[35.715486748616385,34.312294259914765],[35.71538546758704,34.31227933512725],[35.7152841865577,34.31224202315846],[35.715182905528366,34.31220471118967],[35.71508162449903,34.31215993682713],[35.71498034346968,34.31212262485833],[35.71487062235457,34.312092775283304],[35.71476090123945,34.312055463314515],[35.71466806029589,34.312018151345725],[35.714592099523884,34.31195845219566],[35.714566779266555,34.31188382825808],[35.71458365943811,34.31179427953298],[35.71460897969544,34.311697268414136],[35.71460053960966,34.31160025729528],[35.714575219352334,34.31151070857018],[35.714558339180776,34.31142115984509],[35.714592099523884,34.31133907351375],[35.714651180124335,34.31124952478866],[35.71467650038167,34.31117490085108],[35.71461741978122,34.31108535212598],[35.714507698666104,34.311025652975914],[35.7144317378941,34.311070427338464],[35.714355777122094,34.31113012648853],[35.71428825643587,34.31118982563859],[35.71421229566386,34.31125698718241],[35.71413633489186,34.311316686332475],[35.71406037411986,34.3113838478763],[35.71399285343363,34.311443547026364],[35.71391689266163,34.31151070857018],[35.71383249180384,34.31157787011401],[35.71376497111762,34.31163756926407],[35.71368901034561,34.31170473080789],[35.71361304957361,34.311771892351715],[35.71353708880161,34.31183905389553],[35.7134611280296,34.3118987530456],[35.7133851672576,34.31196591458942],[35.71330920648559,34.31203307613324],[35.71323324571359,34.312100237677065],[35.71315728494158,34.31216739922088],[35.71308132416958,34.31223456076471],[35.71300536339758,34.312294259914765],[35.71292940262557,34.31236888385235],[35.71285344185357,34.31243604539617],[35.71277748108156,34.312503206939994],[35.71270996039534,34.31257036848381],[35.712633999623336,34.31263753002764],[35.71255803885133,34.312704691571454],[35.712482078079326,34.31277185311528],[35.71240611730732,34.3128390146591],[35.712330156535316,34.31290617620292],[35.71225419576331,34.31297333774674],[35.712178234991306,34.313040499290565],[35.712102274219305,34.31310766083438],[35.712026313447296,34.31318228477196],[35.711958792761074,34.31324944631579],[35.711882831989065,34.313316607859605],[35.711806871217064,34.31338376940343],[35.711730910445056,34.31345093094725],[35.711654949673054,34.31352555488483],[35.71158742898683,34.31359271642865],[35.71151146821482,34.313659877972476],[35.7114439475286,34.313727039516294],[35.71136798675659,34.31379420106012],[35.71129202598459,34.31386136260394],[35.71122450529836,34.31392852414776],[35.71114854452636,34.31399568569158],[35.71108102384013,34.31407030962916],[35.71101350315391,34.314137471172984],[35.710937542381906,34.3142046327168],[35.710870021695676,34.31427179426063],[35.710794060923675,34.314338955804445],[35.710726540237445,34.31440611734827],[35.71065901955122,34.31447327889209],[35.71059149886499,34.31454044043591],[35.71052397817877,34.31460760197973],[35.71045645749254,34.314674763523556],[35.71038049672054,34.31474192506737],[35.71032141612009,34.3148090866112],[35.710253895433866,34.31487624815502],[35.710186374747636,34.31494340969884],[35.71011885406141,34.315003108848906],[35.71016105449031,34.31506280799897],[35.71030453594853,34.31510011996776],[35.71038049672054,34.315159819117824],[35.710346736377424,34.31525683023668],[35.710262335519644,34.31531652938674],[35.71016949457608,34.31530160459922],[35.71005977346096,34.31524936784292],[35.709950052345846,34.31521951826789],[35.709865651488066,34.315241905449156],[35.70978125063028,34.31529414220547],[35.709713729944056,34.315368766143045],[35.70964620925783,34.31545831486814],[35.709578688571604,34.31554040119948],[35.70951116788538,34.3156075627433],[35.70944364719915,34.315652337105846],[35.70938456659871,34.315570250774506],[35.70931704591248,34.315488164443174],[35.70919888471158,34.31542100289935],[35.70913980411113,34.31535384135553],[35.70919888471158,34.315286679811706],[35.709266405397805,34.31522698066164],[35.709333926084035,34.315159819117824],[35.70940144677026,34.315092657574],[35.709477407542266,34.31502549603018],[35.70954492822849,34.314958334486356],[35.7096208890005,34.31489863533629],[35.70968840968672,34.314831473792474],[35.70976437045873,34.31476431224865],[35.70983189114495,34.314704613098584],[35.70990785191695,34.314637451554766],[35.70998381268896,34.31457029001094],[35.71005133337518,34.31450312846712],[35.71012729414719,34.31444342931706],[35.710194814833415,34.314376267773234],[35.71027077560542,34.314309106229416],[35.710346736377424,34.31424194468559],[35.71042269714943,34.31417478314177],[35.710498657921434,34.31411508399171],[35.71056617860766,34.314047922447884],[35.710642139379665,34.313980760904066],[35.71071810015167,34.313921061754],[35.710794060923675,34.313853900210184],[35.710870021695676,34.31378673866636],[35.710945982467685,34.313727039516294],[35.711021943239686,34.313659877972476],[35.71109790401169,34.31359271642865],[35.711173864783696,34.31352555488483],[35.7112498255557,34.31345839334101],[35.711325786327706,34.313398694190944],[35.71140174709971,34.313331532647126],[35.71147770787171,34.3132643711033],[35.71155366864372,34.31320467195324],[35.71162962941572,34.31313751040942],[35.71170559018773,34.313070348865594],[35.71178155095973,34.31301064971553],[35.711857511731736,34.31293602577795],[35.71193347250374,34.31287632662789],[35.71200943327574,34.31280916508407],[35.71208539404775,34.312742003540244],[35.71216979490553,34.31268230439018],[35.71224575567753,34.31261514284636],[35.71232171644954,34.31254798130254],[35.71239767722154,34.31248828215247],[35.71247363799355,34.31241365821489],[35.71254959876555,34.31235395906483],[35.71262555953756,34.31228679752101],[35.71270152030956,34.312219635977186],[35.71277748108156,34.31215993682713],[35.71285344185357,34.312092775283304],[35.71292940262557,34.31202561373948],[35.71300536339758,34.31195845219566],[35.71308132416958,34.311891290651836],[35.71315728494158,34.31183159150178],[35.71324168579937,34.311764429957954],[35.71331764657137,34.311697268414136],[35.71339360734338,34.31163010687031],[35.7134611280296,34.311562945326486],[35.71353708880161,34.31150324617643],[35.71361304957361,34.31142862223884],[35.71368901034561,34.311368923088786],[35.71376497111762,34.31130176154496],[35.71384093188962,34.31123460000114],[35.71391689266163,34.31116743845732],[35.71399285343363,34.31110027691349],[35.71406037411986,34.311040577763436],[35.71413633489186,34.31097341621961],[35.713798731460734,34.31039881190025],[35.712574919022885,34.30929437762407],[35.71128358589881,34.308257104891716],[35.71016105449031,34.30733923045949],[35.70859119853555,34.30636165687719],[35.708405516648426,34.306257183364586],[35.70731674558303,34.305645267076436],[35.70703822275235,34.30548109441376],[35.70693694172301,34.30545124483873],[35.70683566069367,34.30542139526369],[35.706725939578554,34.30539900808242],[35.70662465854922,34.30536915850739],[35.70652337751988,34.30533930893236],[35.706422096490535,34.30532438414484],[35.70631237537542,34.305301996963564],[35.70621109434608,34.30528707217605],[35.706092933145186,34.305272147388536],[35.70599165211585,34.305264684994775],[35.705881931000725,34.30525722260102],[35.70577220988561,34.30524229781351],[35.705620288341606,34.30524229781351],[35.705493687054926,34.30521244823847],[35.70524048448158,34.30521991063223],[35.70519828405269,34.30524229781351],[35.705113883194905,34.30529453456981],[35.7050379224229,34.30537662090115],[35.704970401736674,34.30548855680752],[35.704877560793115,34.305600492713886],[35.704793159935335,34.30574974058904],[35.704700318991776,34.30586167649541],[35.70458215779088,34.3059885371893],[35.70447243667576,34.30610793548943],[35.704345835389084,34.3062198713958],[35.704345835389084,34.306324344908404],[35.704404915989535,34.30639150645223],[35.704497756933094,34.30645866799605],[35.704497756933094,34.30656314150866],[35.70442179616109,34.306615378264965],[35.704320515131755,34.306615378264965],[35.704109512987294,34.3065034423586],[35.70398291170062,34.30638404405847],[35.703949151357506,34.3062721081521],[35.703957591443285,34.30615270985197],[35.704025112129514,34.30603331155185],[35.70411795307307,34.305928838039236],[35.70422767418819,34.305801977345354],[35.70438803581798,34.305675116651464],[35.70443867633265,34.30553333117006],[35.70442179616109,34.30542885765745],[35.704252994445525,34.305309459357325],[35.70408419272996,34.305227373025986],[35.70389851084284,34.30516021148217],[35.703788789727724,34.30505573796955],[35.703628428097936,34.304988576425735],[35.703417425953475,34.30500350121325],[35.70327394449525,34.30507812515083],[35.703189543637464,34.30515274908841],[35.703096702693905,34.30520498584472],[35.70298698157879,34.30521244823847],[35.70284350012056,34.30519752345096],[35.702716898833884,34.30513036190713],[35.702640938061876,34.305063200363314],[35.702472136346316,34.304988576425735],[35.702320214802306,34.30496618924446],[35.70214297300096,34.30499603881949],[35.70198261137118,34.30505573796955],[35.7018560100845,34.30514528669465],[35.70174628896938,34.305272147388536],[35.701645007940044,34.30536915850739],[35.7015859273396,34.30542885765745],[35.70142556570981,34.30554825595758],[35.701248323908466,34.305675116651464],[35.701172363136465,34.30573481580153],[35.7010795221929,34.30574974058904],[35.70089384030578,34.30554825595758],[35.70080099936222,34.30542885765745],[35.70075035884755,34.30539900808242],[35.70064907781821,34.30533930893236],[35.700547796788875,34.30536169611363],[35.70043807567375,34.30550348159503],[35.70034523473019,34.30562287989516],[35.7002270735293,34.30576466537656],[35.7001511127573,34.30590645085796],[35.700100472242625,34.30602584915809],[35.700092032156846,34.30613778506446],[35.700159552843076,34.3062198713958],[35.70021863344352,34.306257183364586],[35.700252393786634,34.30634673208968],[35.700092032156846,34.30639896884599],[35.70006671189951,34.30648851757108],[35.70004139164217,34.306585528689936],[35.700016071384844,34.306667615021276],[35.69998231104173,34.30676462614013],[35.699948550698615,34.30684671247146],[35.69989791018395,34.30692133640904],[35.69983038949772,34.306988497952865],[35.69975442872572,34.30705565949668],[35.69968690803949,34.30712282104051],[35.69961094726749,34.30718252019057],[35.6995265464097,34.30724968173439],[35.6994505856377,34.307309380884455],[35.69936618477992,34.30737654242828],[35.69928178392213,34.30742877918458],[35.69919738306435,34.30748847833465],[35.69911298220657,34.30754817748471],[35.699028581348784,34.307607876634776],[35.698944180491004,34.30766011339108],[35.698859779633224,34.307719812541144],[35.69877537877544,34.30777204929745],[35.69868253783188,34.30782428605376],[35.69858969688832,34.3078690604163],[35.69850529603053,34.30792129717261],[35.698412455086974,34.307966071535155],[35.698311174057636,34.30801830829146],[35.69822677319985,34.30806308265401],[35.69813393225629,34.30811531941031],[35.69804109131273,34.30816009377286],[35.69794825036917,34.308212330529166],[35.69785540942561,34.30826456728548],[35.69776256848205,34.30831680404178],[35.69767816762427,34.308369040798084],[35.69761064693804,34.30843620234191],[35.697551566337594,34.30851082627949],[35.69750092582292,34.30859291261083],[35.69746716547981,34.30867499894216],[35.6974334051367,34.30877201006101],[35.69741652496514,34.30885409639235],[35.69741652496514,34.308943645117445],[35.6974334051367,34.3090406562363],[35.69745028530825,34.3091302049614],[35.69746716547981,34.30921975368649],[35.69745872539403,34.309309302411584],[35.69742496505092,34.309391388742924],[35.69735744436469,34.3094660126805],[35.69728148359269,34.30954063661808],[35.69720552282068,34.30961526055567],[35.69714644222024,34.309689884493245],[35.69711268187712,34.309764508430824],[35.69713800213446,34.30986151954968],[35.69720552282068,34.309965993062285],[35.69728992367847,34.31002569221235],[35.69735744436469,34.310010767424835],[35.6974334051367,34.30995106827477],[35.6975093659087,34.30986898194343],[35.69759376676648,34.30977943321834],[35.69766972753849,34.309697346887],[35.69773724822471,34.309652572524456],[35.69781320899672,34.30966003491821],[35.69790604994028,34.30973465885579],[35.697956690454944,34.30984659476216],[35.69794825036917,34.309928681093496],[35.6978976098545,34.30999584263732],[35.6978216490825,34.31006300418114],[35.69772880813893,34.31013762811872],[35.697627527109596,34.31019732726878],[35.69752624608026,34.31024956402509],[35.6974334051367,34.31027941360012],[35.697340564193134,34.310294338387635],[35.697256163335354,34.310257026418846],[35.69717176247757,34.31018986487503],[35.697087361619786,34.31010777854369],[35.697002960762006,34.31002569221235],[35.69691855990422,34.309980917849806],[35.69683415904644,34.309980917849806],[35.6967328780171,34.31003315460611],[35.69665691724509,34.3101227033312],[35.696623156901985,34.31019732726878],[35.69665691724509,34.31027941360012],[35.69672443793132,34.31036149993146],[35.69676663836022,34.31045104865655],[35.69675819827444,34.31054059738165],[35.696707557759765,34.31064507089426],[35.69665691724509,34.31077193158815],[35.69684259913222,34.31071969483184],[35.696943880161555,34.31075700680063],[35.69696076033311,34.31083909313197],[35.69692699999,34.31092864185706],[35.69687635947533,34.311025652975914],[35.69681727887488,34.31110027691349],[35.69674131810288,34.31115997606356],[35.69664847715932,34.31116743845732],[35.69654719612998,34.31115997606356],[35.69642903492908,34.31113758888229],[35.696319313813966,34.31110773930725],[35.69620115261307,34.31109281451974],[35.696091431497955,34.31109281451974],[35.69598171038284,34.31110027691349],[35.69587198926772,34.31112266409477],[35.6957622681526,34.3111525136698],[35.6956863073806,34.31120475042611],[35.69561878669437,34.31127191196993],[35.695559706093924,34.311353998301264],[35.695492185407694,34.311436084632604],[35.69544154489303,34.31151817096394],[35.69536558412102,34.31158533250776],[35.69528962334902,34.311645031657825],[35.69519678240546,34.31165995644534],[35.695087061290344,34.311652494051586],[35.69496890008944,34.31163756926407],[35.694859178974326,34.31162264447655],[35.69474945785921,34.31163010687031],[35.69465661691565,34.31165995644534],[35.694555335886314,34.31170473080789],[35.69446249494275,34.31174950517044],[35.69436965399919,34.31180174192674],[35.69423461262674,34.31187636586432],[35.69414177168318,34.31191367783311],[35.69404049065384,34.31195845219566],[35.693947649710275,34.31200322655821],[35.693854808766716,34.312040538527],[35.69375352773738,34.31208531288954],[35.69366068679382,34.31213008725209],[35.693559405764475,34.31217486161464],[35.693466564820916,34.312219635977186],[35.69337372387736,34.312264410339736],[35.69328088293379,34.31231664709604],[35.69318804199023,34.31236142145859],[35.69310364113245,34.31241365821489],[35.693010800188894,34.312465894971204],[35.69292639933111,34.31251813172751],[35.69283355838755,34.31257036848381],[35.69274915752977,34.312622605240115],[35.69266475667198,34.31268230439018],[35.6925803558142,34.312742003540244],[35.69249595495642,34.312794240296554],[35.69241155409863,34.31285393944661],[35.69233559332663,34.312913638596676],[35.69227651272618,34.312995724928015],[35.692234312297295,34.313077811259355],[35.69214147135373,34.31310766083438],[35.69204019032439,34.31313004801566],[35.691930469209275,34.31313751040942],[35.69182918817994,34.31315243519693],[35.69171102697904,34.313159897590694],[35.69160130586392,34.31316735998445],[35.6914915847488,34.31317482237821],[35.69138186363369,34.31318228477196],[35.69127214251857,34.31318974716572],[35.691162421403455,34.31320467195324],[35.69106114037412,34.31321959674075],[35.690951419258994,34.313241983922026],[35.690850138229656,34.31327183349706],[35.69074885720032,34.31329422067834],[35.6906391360852,34.313324070253366],[35.690537855055865,34.3133539198284],[35.69043657402652,34.31338376940343],[35.69033529299718,34.31341361897846],[35.690234011967846,34.31345093094725],[35.69013273093851,34.31348078052228],[35.69003144990917,34.31351809249107],[35.689930168879826,34.3135479420661],[35.68982888785049,34.31358525403489],[35.68972760682115,34.313615103609926],[35.689626325791814,34.313652415578716],[35.68952504476247,34.313682265153744],[35.68942376373313,34.31371957712254],[35.689322482703794,34.31374942669757],[35.68922120167446,34.3137792762726],[35.68911992064512,34.313809125847634],[35.689018639615774,34.31383151302891],[35.68890891850066,34.31386136260394],[35.68880763747132,34.31389121217897],[35.688697916356205,34.31391359936024],[35.68859663532687,34.313935986541516],[35.68849535429752,34.31395091132904],[35.688385633182406,34.313973298510305],[35.68827591206729,34.31398822329783],[35.68817463103795,34.314010610479095],[35.688064909922836,34.314025535266616],[35.68795518880771,34.31404046005413],[35.687853907778376,34.314055384841645],[35.68774418666326,34.31407030962916],[35.68763446554814,34.31408523441668],[35.68752474443303,34.314100159204195],[35.68742346340369,34.31411508399171],[35.687313742288566,34.31412254638547],[35.68720402117345,34.314137471172984],[35.687094300058334,34.3141523959605],[35.686993019028996,34.31415985835426],[35.6868748578281,34.31417478314177],[35.686773576798764,34.31417478314177],[35.68666385568364,34.31417478314177],[35.686554134568524,34.31416732074801],[35.68644441345341,34.31415985835426],[35.68633469233829,34.3141523959605],[35.686224971223176,34.314137471172984],[35.68611525010806,34.31413000877922],[35.686005528992936,34.31411508399171],[35.6859042479636,34.314100159204195],[35.68579452684848,34.31407777202292],[35.685693245819145,34.314055384841645],[35.68559196478981,34.314025535266616],[35.68549068376046,34.31399568569158],[35.685397842816904,34.31395091132904],[35.685305001873346,34.31391359936024],[35.68521216092979,34.31386136260394],[35.68511931998622,34.313809125847634],[35.68503491912844,34.31374942669757],[35.68495051827066,34.313697189941266],[35.684857677327095,34.3136374907912],[35.684773276469315,34.31358525403489],[35.684680435525756,34.31353301727859],[35.68458759458219,34.31348078052228],[35.68444411312396,34.31341361897846],[35.68435971226618,34.3133539198284],[35.6842753114084,34.31329422067834],[35.68417403037906,34.3132643711033],[35.68406430926394,34.31325690870955],[35.6839630282346,34.31324944631579],[35.683853307119485,34.313241983922026],[35.68374358600437,34.31323452152827],[35.68363386488925,34.31323452152827],[35.683524143774136,34.31323452152827],[35.68341442265901,34.31323452152827],[35.683304701543896,34.31322705913451],[35.68319498042878,34.31322705913451],[35.683085259313664,34.31322705913451],[35.68297553819855,34.31321959674075],[35.68286581708343,34.313212134347],[35.68276453605409,34.31320467195324],[35.68265481493897,34.31318974716572],[35.682545093823855,34.31317482237821],[35.68244381279452,34.31314497280317],[35.68234253176518,34.313115123228144],[35.682241250735835,34.31308527365311],[35.6821399697065,34.31304796168432],[35.68204712876294,34.31301064971553],[35.6819458477336,34.31296587535299],[35.681844566704264,34.3129285633842],[35.68174328567492,34.31288378902165],[35.68164200464558,34.31284647705286],[35.681540723616244,34.31281662747782],[35.681447882672686,34.31276439072152],[35.68135504172912,34.31271961635897],[35.68126220078556,34.312667379602665],[35.681169359842,34.31261514284636],[35.681084958984215,34.31256290609006],[35.681008998212214,34.312503206939994],[35.680941477525984,34.312428583002415],[35.68088239692554,34.312346496671076],[35.68083175641087,34.312256947945976],[35.68078955598198,34.31216739922088],[35.68073891546731,34.31208531288954],[35.68067983486686,34.312018151345725],[35.680612314180635,34.311973376983175],[35.68051947323708,34.31195845219566],[35.68040975212196,34.31198830177069],[35.68029159092106,34.312018151345725],[35.68017342972016,34.312048000920754],[35.680072148690826,34.31207038810203],[35.67996242757571,34.312092775283304],[35.679844266374815,34.31212262485833],[35.67974298534548,34.312137549645854],[35.67964170431613,34.31213008725209],[35.679540423286795,34.31210770007082],[35.67943070217168,34.31207038810203],[35.67932098105656,34.31203307613324],[35.67928722071345,34.312010688951965],[35.679228140113004,34.312055463314515],[35.67921125994145,34.31207785049579],[35.67913529916944,34.31210770007082],[35.67905933839744,34.31210770007082],[35.67896649745388,34.312062925708275],[35.67889897676765,34.31203307613324],[35.67884833625298,34.31198830177069],[35.67879769573831,34.31192114022687],[35.67872173496631,34.31184651628929],[35.6786457741943,34.31177935474547],[35.67855293325074,34.311719655595404],[35.67846009230718,34.311689806020375],[35.67835881127784,34.31158533250776],[35.678308170763174,34.3113838478763],[35.67831661084895,34.31124952478866],[35.67831661084895,34.31118236324483],[35.67833349102051,34.3110629649447],[35.67835881127784,34.31098087861337],[35.67835881127784,34.31086148031324],[35.67836725136362,34.31068238286305],[35.67835037119206,34.31057044695668],[35.67831661084895,34.31043612386904],[35.67821532981961,34.31027941360012],[35.67812248887605,34.31018986487503],[35.67797900741782,34.3100704665749],[35.6778692863027,34.30995853066853],[35.67780176561648,34.30984659476216],[35.677692044501356,34.30977197082458],[35.67759076347202,34.30974212124955],[35.67750636261424,34.309719734068274],[35.677455722099566,34.30974958364331],[35.6774050815849,34.3097868956121],[35.67733756089867,34.30977943321834],[35.677227839783555,34.30975704603706],[35.67711811866844,34.309697346887],[35.67700839755332,34.309563023799356],[35.67686491609509,34.30937646395541],[35.67672143463686,34.30912274256764],[35.67665391395063,34.308980957086234],[35.67620658940439,34.30864514936713],[35.676155948889715,34.308577987823305],[35.676071548031935,34.30844366473566],[35.67593650665948,34.30836157840433],[35.675835225630145,34.30822725531669],[35.6758521058017,34.3081003946228],[35.67586898597326,34.308003383503944],[35.675843665715924,34.30789890999134],[35.67579302520125,34.30781682366],[35.67570862434347,34.30777204929745],[35.67563266357146,34.30774219972242],[35.67557358297102,34.307637726209805],[35.67554826271368,34.30749594072841],[35.67549762219901,34.307346692853244],[35.675387901083894,34.30722729455312],[35.675235979539885,34.30711535864675],[35.67510093816743,34.307033272315415],[35.674999657138095,34.306995960346626],[35.67487305585142,34.306943723590315],[35.67479709507942,34.30686909965274],[35.67472113430741,34.30671238938382],[35.67456921276341,34.30646613038981],[35.67444261147673,34.30611539788318],[35.67430757010428,34.30594376282675],[35.67420628907494,34.30601838676433],[35.6741050080456,34.30607062352064],[35.67400372701626,34.30607062352064],[35.67389400590115,34.30607062352064],[35.67388556581537,34.30611539788318],[35.673834925300696,34.30616763463949],[35.67378428478603,34.30619002182076],[35.67372520418558,34.30619002182076],[35.67365768349936,34.30619002182076],[35.67355640247001,34.30617509703325],[35.67308375766643,34.306003461976815],[35.67293183612242,34.30590645085796],[35.67281367492153,34.30578705255783],[35.67250983183351,34.30558556792637],[35.672214428831275,34.30536915850739],[35.6717755443708,34.3047273926442],[35.671674263341465,34.30454083280026],[35.671606742655236,34.304361735350064],[35.671522341797456,34.304167713112356],[35.67142106076812,34.304003540449685],[35.67130289956722,34.30382444299949],[35.67124381896677,34.30369758230561],[35.671142537937435,34.30358564639924],[35.67103281682232,34.30349609767414],[35.67095685605031,34.30343639852408],[35.670838694849415,34.3034513233116],[35.670754293991635,34.30339908655529],[35.67070365347696,34.30325730107389],[35.670669893133855,34.30316028995504],[35.67070365347696,34.303063278836184],[35.67082181467786,34.30292149335478],[35.670906215535645,34.30285433181096],[35.670914655621424,34.302690159148284],[35.670914655621424,34.3024737497293],[35.6709230957072,34.30230957706663],[35.6709230957072,34.3021379420102],[35.6709230957072,34.30201854371007],[35.67093153579298,34.30189914540994],[35.67096529613609,34.30142155220943],[35.671058137079655,34.30111559406536],[35.671142537937435,34.300973808583954],[35.67115941810899,34.300899184646376],[35.67118473836633,34.30075739916497],[35.67124381896677,34.30054845213975],[35.67130289956722,34.30008578372676],[35.671286019395666,34.299996235001665],[35.67125225905255,34.299921611064086],[35.67120161853788,34.29983952473275],[35.67115097802321,34.29976490079517],[35.67109189742276,34.29968281446383],[35.67101593665076,34.29961565292001],[35.67094841596453,34.299548491376186],[35.67086401510675,34.29948132983237],[35.67078805433475,34.29941416828854],[35.67070365347696,34.29935446913848],[35.67062769270496,34.299294769988414],[35.67054329184718,34.29923507083835],[35.670458890989394,34.299182834082046],[35.670374490131614,34.29912313493198],[35.670281649188055,34.29907089817568],[35.67019724833027,34.299018661419375],[35.67010440738671,34.298966424663064],[35.67001156644315,34.29892165030052],[35.669918725499585,34.29886941354421],[35.669825884556026,34.29882463918167],[35.66971616344091,34.29879478960663],[35.669606442325794,34.2987649400316],[35.66949672121068,34.29874255285033],[35.66939544018133,34.2987127032753],[35.669302599237774,34.2986753913065],[35.66922663846577,34.2986231545502],[35.66916755786532,34.29854106821886],[35.66912535743643,34.29843659470625],[35.66910847726488,34.29833212119364],[35.66912535743643,34.298250034862306],[35.66918443803688,34.298205260499756],[35.66927727898044,34.29819033571224],[35.66940388026711,34.29819033571224],[35.669538921639564,34.298197798105996],[35.66966552292624,34.29819033571224],[35.6697583638698,34.29817541092472],[35.66980900438447,34.29811571177466],[35.66980900438447,34.298033625443324],[35.66978368412713,34.29792915193071],[35.669749923784025,34.29780975363058],[35.669749923784025,34.29772020490549],[35.66965708284046,34.29769781772421],[35.669538921639564,34.2976828929367],[35.66942076043867,34.29767543054294],[35.669302599237774,34.297660505755424],[35.66919287812266,34.29764558096791],[35.6691000371791,34.297623193786634],[35.66904939666443,34.297578419424084],[35.66911691735065,34.29748887069899],[35.66920131820844,34.297421709155174],[35.669294159151995,34.29736947239886],[35.66939544018133,34.297332160430074],[35.669505161296456,34.297287386067524],[35.669598002240015,34.297250074098734],[35.669690843183574,34.29720529973619],[35.66970772335513,34.29712321340485],[35.669606442325794,34.29710082622358],[35.66949672121068,34.29711575101109],[35.669378560009775,34.29714560058613],[35.66926039880888,34.2971679877674],[35.669150677693764,34.29719037494868],[35.66904939666443,34.29719037494868],[35.66896499580665,34.29716052537364],[35.66889747512042,34.29710828861734],[35.66883839451997,34.29703366467976],[35.66879619409108,34.296936653560905],[35.668762433747965,34.29683964244205],[35.66873711349063,34.2967426313232],[35.66872867340485,34.2966530825981],[35.66874555357641,34.296570996266766],[35.66877931391952,34.29648890993543],[35.66883839451997,34.29640682360409],[35.66889747512042,34.29633219966651],[35.66895655572087,34.29625011333517],[35.66900719623553,34.29616802700384],[35.66904095657865,34.29607847827874],[35.66907471692176,34.295988929553644],[35.6691000371791,34.29588445604103],[35.66911691735065,34.29579490731594],[35.669142237607986,34.29569789619708],[35.6691759979511,34.295615809865744],[35.669218198379994,34.295541185928165],[35.66927727898044,34.29548894917186],[35.669370119924004,34.2954814867781],[35.66949672121068,34.295503873959376],[35.66961488241157,34.29552626114065],[35.66971616344091,34.295496411565615],[35.66979212421291,34.29544417480931],[35.66985964489914,34.29536208847797],[35.669927165585364,34.295287464540394],[35.66999468627159,34.295220302996576],[35.670070647043595,34.29515314145275],[35.670155047901375,34.29509344230269],[35.67023100867338,34.29502628075887],[35.670306969445384,34.294966581608804],[35.67038293021739,34.29489942006498],[35.670450450903616,34.29483225852116],[35.670517971589845,34.29475763458358],[35.67058549227607,34.294683010646004],[35.67063613279074,34.294608386708425],[35.67070365347696,34.29453376277084],[35.670754293991635,34.29445913883326],[35.67082181467786,34.29438451489568],[35.6709230957072,34.294280041383075],[35.670990616393425,34.2942054174455],[35.671066577165426,34.29414571829543],[35.671142537937435,34.29407855675161],[35.67120161853788,34.29400393281403],[35.67126069913833,34.29392930887645],[35.671311339653,34.293862147332625],[35.671370420253446,34.29376513621377],[35.67139574051078,34.29367558748868],[35.671387300425,34.29359350115734],[35.67130289956722,34.29343679088842],[35.671286019395666,34.293332317375814],[35.67120161853788,34.2933173925883],[35.67110033750854,34.29332485498205],[35.670990616393425,34.29333977976957],[35.67088089527831,34.29336216695084],[35.67077117416319,34.29339201652588],[35.670661453048076,34.29341440370715],[35.67056017201873,34.29344425328218],[35.670458890989394,34.293496490038486],[35.67035760996006,34.293541264401036],[35.6702647690165,34.293541264401036],[35.67017192807293,34.29351141482601],[35.67007908712937,34.29345171567594],[35.66999468627159,34.293377091738364],[35.669927165585364,34.29330993019454],[35.66986808498492,34.293220381469446],[35.66980900438447,34.29312337035059],[35.669749923784025,34.293048746413014],[35.669682403097795,34.293003972050464],[35.669606442325794,34.29301889683798],[35.669530481553785,34.29307859598804],[35.669446080696005,34.29315321992562],[35.669353239752446,34.2932278438632],[35.66926039880888,34.29327261822575],[35.669150677693764,34.293295005407025],[35.66904095657865,34.29330246780078],[35.66892279537775,34.293295005407025],[35.668821514348416,34.29328008061951],[35.6687117932333,34.293257693438235],[35.668602072118176,34.2932278438632],[35.66850923117462,34.29318306950066],[35.668433270402616,34.293130832744346],[35.668365749716386,34.29306367120053],[35.66831510920172,34.29297412247543],[35.66827290877283,34.292892036144096],[35.66823914842971,34.292802487418996],[35.668205388086605,34.292720401087664],[35.66818006782927,34.292630852362564],[35.66816318765771,34.29254130363747],[35.668137867400375,34.29245175491238],[35.66812098722882,34.29236220618728],[35.66812098722882,34.292272657462185],[35.66811254714304,34.292183108737085],[35.66811254714304,34.29209356001199],[35.66812098722882,34.29199654889314],[35.6681294273146,34.291907000168045],[35.66800282602792,34.291653278780274],[35.66795218551325,34.29148164372384],[35.667834024312356,34.29139209499875],[35.667665222596796,34.29138463260499],[35.6675470613959,34.29138463260499],[35.66740357993767,34.29138463260499],[35.66726009847944,34.29137717021123],[35.66709129676387,34.29128015909237],[35.666981575648755,34.2911159864297],[35.66680433384741,34.291086136854666],[35.66666085238918,34.29115329839849],[35.66634012912961,34.291250309517345],[35.66625572827183,34.291175685579766],[35.6662641683576,34.29103390009836],[35.66640764981583,34.290914501798234],[35.66646673041628,34.29075032913556],[35.66646673041628,34.29065331801671],[35.666357009301166,34.290511532535305],[35.666365449386944,34.29033989747887],[35.66642452998739,34.290220499178744],[35.66651737093095,34.29004886412231],[35.666449850244724,34.28996677779098],[35.66639076964427,34.289899616247155],[35.66633168904383,34.289824992309576],[35.66627260844338,34.28974290597824],[35.666213527842935,34.28966828204066],[35.666154447242484,34.28959365810308],[35.66610380672782,34.28951157177174],[35.666053166213146,34.28943694783416],[35.666002525698474,34.28935486150282],[35.66594344509803,34.28927277517149],[35.665901244669136,34.28919068884015],[35.66585060415447,34.28910860250881],[35.66580840372558,34.28902651617747],[35.665766203296684,34.28894442984614],[35.665732442953576,34.2888623435148],[35.66569868261046,34.28877279478971],[35.665673362353125,34.28869070845837],[35.66565648218157,34.28860115973327],[35.66563116192423,34.288511611008175],[35.66562272183845,34.28842206228308],[35.6656058416669,34.28833251355798],[35.665588961495345,34.28824296483289],[35.66558052140957,34.2881534161078],[35.66556364123801,34.28805640498894],[35.66554676106645,34.287974318657604],[35.665529880894894,34.28788476993251],[35.66550456063756,34.28779522120741],[35.66547924038022,34.28770567248232],[35.665445480037114,34.28762358615098],[35.66540327960822,34.28754149981964],[35.66535263909355,34.28745941348831],[35.66530199857888,34.28737732715697],[35.66525135806421,34.28730270321939],[35.665200717549546,34.28721315449429],[35.66515851712065,34.28713853055671],[35.66511631669176,34.28704898183162],[35.66507411626287,34.286959433106524],[35.66504035591976,34.286869884381424],[35.66499815549086,34.28678779805009],[35.6649475149762,34.28669824932499],[35.664896874461526,34.28662362538741],[35.664829353775296,34.286556463843596],[35.664753393003295,34.28649676469353],[35.664668992145515,34.28645199033098],[35.66458459128773,34.28639975357468],[35.66449175034417,34.28635497921213],[35.66439890940061,34.28631766724334],[35.66429762837127,34.28628035527455],[35.66419634734193,34.28624304330576],[35.66409506631259,34.28620573133697],[35.663985345197474,34.28616841936818],[35.66388406416814,34.286138569793145],[35.6637827831388,34.286101257824356],[35.663673062023676,34.28607140824933],[35.66358022108012,34.28602663388678],[35.66347894005078,34.28599678431175],[35.66337765902144,34.28596693473671],[35.6632763779921,34.285937085161684],[35.66316665687698,34.28590723558665],[35.663065375847644,34.28587738601162],[35.66296409481831,34.285847536436584],[35.66286281378897,34.285817686861556],[35.662761532759625,34.28578783728652],[35.66266025173029,34.28575798771149],[35.66255897070095,34.2857206757427],[35.66247456984317,34.2856684389864],[35.66239860907116,34.28559381504882],[35.66231420821338,34.28554157829251],[35.662212927184044,34.28551172871748],[35.6621116461547,34.285489341536206],[35.66200192503958,34.28546695435493],[35.66189220392447,34.285452029567416],[35.66179092289513,34.2854371047799],[35.66168120178001,34.28541471759863],[35.6615714806649,34.28539979281111],[35.66147019963555,34.28538486802359],[35.661360478520436,34.28536994323608],[35.66125075740532,34.28535501844856],[35.6611410362902,34.28533263126729],[35.661039755260866,34.28531770647977],[35.66093003414575,34.2852953192985],[35.660828753116405,34.28527293211722],[35.66072747208707,34.28525054493595],[35.66061775097195,34.28522069536092],[35.660516469942614,34.28518338339213],[35.66042362899905,34.285153533817095],[35.66031390788393,34.285116221848305],[35.66022106694037,34.28508637227328],[35.660119785911036,34.28504906030449],[35.6600185048817,34.2850117483357],[35.659917223852354,34.28498189876066],[35.659815942823016,34.28494458679187],[35.65971466179368,34.284914737216845],[35.65961338076434,34.28489235003557],[35.65950365964922,34.28485503806678],[35.65940237861988,34.284832650885505],[35.65930109759054,34.28480280131048],[35.65919137647543,34.28477295173544],[35.65909009544609,34.284750564554166],[35.658988814416745,34.28472071497914],[35.65888753338741,34.28469832779786],[35.65878625235807,34.284668478222834],[35.65867653124295,34.2846386286478],[35.658575250213616,34.28460877907277],[35.65847396918427,34.284578929497734],[35.658372688154934,34.284541617528944],[35.658271407125596,34.284504305560155],[35.65810260541003,34.28443714401634],[35.65800132438069,34.284384907260026],[35.65790848343713,34.284355057685],[35.65779876232202,34.28436998247251],[35.65769748129267,34.28439236965379],[35.657596200263335,34.284422219228816],[35.657494919234,34.28445206880385],[35.65738519811888,34.28448191837888],[35.65728391708954,34.28451923034767],[35.6571826360602,34.28455654231646],[35.65708135503086,34.284586391891494],[35.656971633915745,34.28460877907277],[35.65687035288641,34.284631166254044],[35.656743751599734,34.28461624146652],[35.65662559039884,34.28457146710398],[35.656676230913504,34.28448191837888],[35.65676907185707,34.28443714401634],[35.656878792972186,34.28439983204754],[35.6569885140873,34.28431774571621],[35.657131995545534,34.28429535853493],[35.65723327657487,34.284258046566144],[35.657351437775766,34.284220734597355],[35.65746115889088,34.284175960234805],[35.657570880006,34.284138648266016],[35.65768060112112,34.284101336297226],[35.65777344206468,34.284056561934676],[35.65784940283668,34.28401178757213],[35.657900043351354,34.28395208842207],[35.65791692352291,34.283884926878244],[35.657900043351354,34.28379537815315],[35.65784940283668,34.2836983670343],[35.65779032223624,34.283608818309204],[35.65772280155001,34.283526731977865],[35.65763840069223,34.28345957043404],[35.65756243992022,34.2834147960715],[35.657452718805104,34.28338494649646],[35.65734299768999,34.28336255931519],[35.65723327657487,34.28334017213392],[35.657123555459755,34.28331032255888],[35.657030714516196,34.283273010590094],[35.65694631365841,34.28321331144003],[35.65687035288641,34.28314614989621],[35.65680283220018,34.283078988352386],[35.65672687142818,34.28300436441481],[35.65665935074195,34.28292974047723],[35.656591830055724,34.28285511653965],[35.656524309369495,34.28278049260207],[35.65644834859749,34.28272079345201],[35.65637238782549,34.2826685566957],[35.656279546881926,34.282623782333154],[35.65618670593837,34.282586470364365],[35.65607698482325,34.28256408318309],[35.655967263708135,34.28255662078933],[35.65584910250724,34.282549158395575],[35.65573938139212,34.282549158395575],[35.65562122019122,34.282549158395575],[35.655519939161884,34.28255662078933],[35.65541865813255,34.282579007970604],[35.65530893701743,34.28265363190818],[35.655216096073865,34.28273571823952],[35.65514857538764,34.28278049260207],[35.65511481504453,34.28266109430194],[35.655123255130306,34.282549158395575],[35.655123255130306,34.2824372224892],[35.65508105470142,34.28237006094538],[35.65498821375785,34.28233274897659],[35.65486161247118,34.28232528658283],[35.654743451270285,34.28231036179532],[35.654659050412505,34.28226558743277],[35.65463373015517,34.28216111392016],[35.654667490498284,34.28206410280131],[35.65476033144184,34.282056640407546],[35.65486161247118,34.28204917801379],[35.654979773672075,34.282056640407546],[35.65508949478719,34.28206410280131],[35.65520765598809,34.28207902758882],[35.65532581718899,34.28208648998258],[35.65545241847566,34.282101414770096],[35.655579019762335,34.28211633955761],[35.65569718096323,34.282131264345125],[35.655815342164125,34.282146189132646],[35.65593350336502,34.2821536515264],[35.656043224480136,34.28216111392016],[35.656144505509474,34.28216111392016],[35.65624578653882,34.2821536515264],[35.6563301873966,34.282138726738886],[35.6564061481686,34.28211633955761],[35.65647366885483,34.28207902758882],[35.656524309369495,34.282011866044996],[35.65654962962683,34.2819223173199],[35.65655806971261,34.281810381413536],[35.65654962962683,34.28169844550717],[35.656524309369495,34.28157904720704],[35.65649054902639,34.281482036088185],[35.65644834859749,34.281399949756846],[35.65638926799704,34.28134771300054],[35.65632174731082,34.28131040103175],[35.65622046628148,34.28129547624424],[35.656110745166366,34.28129547624424],[35.65598414387969,34.28130293863799],[35.65585754259302,34.28131040103175],[35.655730941306345,34.28132532581927],[35.65561278010544,34.28133278821303],[35.65550305899033,34.28134025060678],[35.65539333787521,34.2813551753943],[35.65529205684587,34.28137756257557],[35.65518233573076,34.281399949756846],[35.65507261461564,34.28140741215061],[35.654979773672075,34.28139248736309],[35.65490381290007,34.28131786342551],[35.654810971956515,34.2812656266692],[35.65470125084139,34.281235777094174],[35.6545830896405,34.28120592751914],[35.6544649284396,34.28116861555035],[35.65433832715293,34.28113130358156],[35.654203285780476,34.28109399161277],[35.6540766844938,34.28105667964398],[35.65395008320713,34.28101936767519],[35.65383192200623,34.28099698049392],[35.65372220089112,34.28097459331264],[35.65362091986178,34.28095966852513],[35.653528078918214,34.28095966852513],[35.653443678060434,34.28096713091889],[35.653342397031096,34.28101936767519],[35.653291756516424,34.28113130358156],[35.65327487634487,34.281198465125385],[35.65327487634487,34.28128801385048],[35.653283316430645,34.28137010018182],[35.653291756516424,34.28146711130067],[35.65330863668798,34.28157158481328],[35.65333395694532,34.28167605832589],[35.65336771728843,34.2817805318385],[35.65339303754577,34.281885005351114],[35.653435237974655,34.28198947886373],[35.65347743840355,34.282093952376336],[35.65351963883244,34.28219096349519],[35.65356183926133,34.28228797461404],[35.65360403969022,34.282377523339136],[35.653646240119116,34.28245214727672],[35.65370532071956,34.28251930882054],[35.65378972157734,34.282579007970604],[35.653882562520906,34.28261631993939],[35.6540007237218,34.28265363190818],[35.654118884922696,34.28267601908946],[35.65423704612359,34.28269840627073],[35.65434676723871,34.282705868664486],[35.654439608182265,34.28269094387697],[35.654515568954274,34.28257154557684],[35.654599969812054,34.28260885754563],[35.65463373015517,34.28269094387697],[35.654667490498284,34.28277303020831],[35.65470125084139,34.282862578933404],[35.654743451270285,34.282952127658504],[35.6547772116134,34.28304913877736],[35.654810971956515,34.28314614989621],[35.654836292213844,34.283243161015065],[35.65486161247118,34.28334017213392],[35.65487005255696,34.28342972085901],[35.654886932728516,34.283519269584104],[35.654886932728516,34.283601355915444],[35.65487005255696,34.28367597985302],[35.65479409178496,34.28372075421557],[35.65467593058406,34.2837506037906],[35.65454932929739,34.283772990971876],[35.654448048268044,34.283817765334426],[35.65440584783916,34.283892389272005],[35.6543889676676,34.28398940039086],[35.65440584783916,34.28407894911595],[35.654439608182265,34.28416103544729],[35.65448180861116,34.28425058417238],[35.65449024869694,34.28434013289748],[35.65447336852538,34.284429681622576],[35.65445648835382,34.28451923034767],[35.654422728010715,34.28467594061659],[35.65430456680981,34.28470579019162],[35.6541948456947,34.28473563976665],[35.65410200475114,34.28472817737289],[35.65402604397914,34.28467594061659],[35.65395008320713,34.28461624146652],[35.653882562520906,34.284549079922705],[35.653815041834676,34.284466993591366],[35.65374752114845,34.28439236965379],[35.653680000462224,34.28431028332245],[35.653612479776,34.28424312177863],[35.65354495908977,34.28416849784105],[35.65348587848933,34.284093873903466],[35.653443678060434,34.28401178757213],[35.6534183578031,34.283929701240794],[35.6534183578031,34.2838401525157],[35.6534183578031,34.2837506037906],[35.6534183578031,34.28365359267175],[35.6534183578031,34.283564043946654],[35.65340147763154,34.28347449522156],[35.65338459745999,34.28338494649646],[35.65336771728843,34.28329539777137],[35.653350837116875,34.28320584904627],[35.65332551685954,34.283116300321176],[35.65330863668798,34.283034213989836],[35.653283316430645,34.28293720287098],[35.65326643625909,34.28285511653965],[35.65324111600176,34.28276556781455],[35.6532242358302,34.28267601908946],[35.653198915572865,34.282586470364365],[35.65317359531553,34.282496921639265],[35.65314827505819,34.28240737291417],[35.65313139488664,34.28231782418908],[35.653114514715085,34.28222827546398],[35.65308919445775,34.282146189132646],[35.65306387420041,34.28204917801379],[35.65303855394308,34.28195962928869],[35.65302167377152,34.28187754295735],[35.65299635351419,34.28178799423226],[35.652971033256854,34.28169844550717],[35.65294571299952,34.28160889678207],[35.65292039274218,34.281526810450735],[35.652895072484846,34.281437261725635],[35.65286975222752,34.28134771300054],[35.65284443197018,34.28125816427545],[35.652819111712844,34.28117607794411],[35.65279379145551,34.28108652921901],[35.65276003111239,34.28100444288768],[35.652734710855064,34.28091489416258],[35.65270939059773,34.280832807831246],[35.65262498973994,34.28076564628742],[35.6525237087106,34.28072087192487],[35.65241398759549,34.280705947137356],[35.65231270656615,34.28072833431863],[35.65221986562259,34.28077310868118],[35.65211858459325,34.280817883043724],[35.652034183735466,34.280870119800035],[35.65194134279191,34.28091489416258],[35.65184006176256,34.28095966852513],[35.651747220819004,34.28100444288768],[35.65164593978967,34.28104175485647],[35.65154465876033,34.28108652921901],[35.65144337773099,34.28113130358156],[35.651350536787426,34.28116861555035],[35.65125769584387,34.2812133899129],[35.65116485490031,34.2812656266692],[35.6510888941283,34.28131786342551],[35.6510129333563,34.28137756257557],[35.650962292841626,34.28146711130067],[35.65092853249851,34.281556660025764],[35.650886332069625,34.28164620875086],[35.65084413164073,34.28172083268844],[35.65075129069717,34.28175814465723],[35.650641569582056,34.281773069444746],[35.65052340838116,34.281765607050986],[35.65040524718027,34.28174321986971],[35.650278645893586,34.28171337029468],[35.65017736486425,34.28166859593213],[35.65014360452114,34.28161635917583],[35.65017736486425,34.281556660025764],[35.6502364454647,34.281482036088185],[35.65032928640826,34.28141487454436],[35.65042212735182,34.28134771300054],[35.65052340838116,34.28128801385048],[35.65060780923894,34.281228314700414],[35.65069221009672,34.281183540337864],[35.65078505104029,34.28113130358156],[35.650877891983846,34.281071604431496],[35.650962292841626,34.28102683006895],[35.65104669369941,34.28097459331264],[35.65113953464297,34.28092235655634],[35.65123237558653,34.280870119800035],[35.65132521653009,34.280825345437485],[35.65140961738788,34.28077310868118],[35.651502458331436,34.28072087192487],[35.651595299274994,34.28067609756233],[35.65167970013278,34.28062386080602],[35.65177254107634,34.28057162404971],[35.6518653820199,34.28052684968717],[35.651958222963465,34.28047461293086],[35.652051063907024,34.280422376174556],[35.65214390485058,34.280377601812006],[35.65223674579414,34.2803253650557],[35.65232114665193,34.28028059069315],[35.65241398759549,34.28022835393685],[35.652506828539046,34.2801835795743],[35.65259966948261,34.280131342817995],[35.65268407034039,34.28007910606169],[35.65285287205596,34.27998955733659],[35.65294571299952,34.27994478297405],[35.65303855394308,34.27989254621774],[35.653139834972414,34.279847771855195],[35.65323267591598,34.279802997492645],[35.65333395694532,34.279758223130095],[35.653426797888876,34.27970598637379],[35.65351119874666,34.27965374961749],[35.653587159518665,34.279601512861184],[35.653654680204895,34.2795268889236],[35.65370532071956,34.27945226498602],[35.653739081062675,34.27937017865469],[35.65377284140579,34.27928062992959],[35.65379816166312,34.279183618810734],[35.65383192200623,34.27909407008564],[35.65386568234935,34.2790119837543],[35.65392476294979,34.278944822210484],[35.65401760389336,34.27889258545417],[35.654118884922696,34.278855273485384],[35.65422860603781,34.278825423910355],[35.65431300689559,34.27877318715405],[35.65438052758182,34.27869110082271],[35.654414287924936,34.27860155209761],[35.65438052758182,34.27851946576628],[35.65433832715293,34.2784448418287],[35.65429612672404,34.27836275549736],[35.65424548620937,34.27828066916602],[35.65418640560892,34.278206045228444],[35.65413576509425,34.278123958897105],[35.6540766844938,34.278049334959526],[35.65402604397914,34.27796724862819],[35.653966963378686,34.27789262469061],[35.65390788277824,34.277810538359276],[35.65385724226357,34.27773591442169],[35.65379816166312,34.27765382809036],[35.65374752114845,34.27757174175902],[35.65370532071956,34.27748965542768],[35.653663120290666,34.27740756909634],[35.65362935994756,34.27731802037125],[35.653587159518665,34.27723593403991],[35.65356183926133,34.277146385314815],[35.653528078918214,34.277064298983476],[35.653494318575106,34.27697475025838],[35.65346899831777,34.27689266392704],[35.653426797888876,34.27680311520195],[35.65338459745999,34.27672102887061],[35.65333395694532,34.27663894253927],[35.653283316430645,34.27656431860169],[35.65323267591598,34.276482232270354],[35.65316515522975,34.276407608332775],[35.65310607462931,34.2763329843952],[35.653046994028855,34.27625836045762],[35.65298791342841,34.27618373652004],[35.65292039274218,34.27610911258246],[35.65286131214174,34.27603448864488],[35.65280223154129,34.2759598647073],[35.652751591026615,34.275877778375964],[35.65270095051195,34.275795692044625],[35.65265030999728,34.275713605713285],[35.65259966948261,34.27563151938195],[35.65254058888216,34.275556895444375],[35.65247306819594,34.27548973390055],[35.65238866733815,34.275437497144246],[35.652278946223035,34.27541510996297],[35.65216078502214,34.275392722781696],[35.652042623821245,34.27536287320667],[35.65196666304924,34.27531809884412],[35.65191602253457,34.27524347490654],[35.65188226219146,34.27516885096896],[35.65184850184834,34.27508676463762],[35.65182318159101,34.27500467830628],[35.65179786133368,34.27491512958119],[35.65178098116212,34.27482558085609],[35.65176410099056,34.27472856973724],[35.65175566090478,34.27463902101214],[35.651738780733226,34.27454200989329],[35.65172190056167,34.274452461168195],[35.65170502039012,34.27435545004934],[35.65168814021856,34.27426590132425],[35.65163749970389,34.27409426626781],[35.651595299274994,34.27400471754272],[35.65154465876033,34.273915168817624],[35.65149401824566,34.27382562009252],[35.65144337773099,34.27373607136743],[35.6514011773021,34.27364652264234],[35.65136741695898,34.27355697391724],[35.65134209670165,34.27348234997966],[35.65132521653009,34.27340772604208],[35.651358976873205,34.273348026892016],[35.65145181781676,34.2733331021045],[35.651595299274994,34.27332563971074],[35.65171346047589,34.27330325252947],[35.65179786133368,34.27325101577316],[35.651890702277235,34.27319877901686],[35.651975103135015,34.273146542260555],[35.65211858459325,34.273056993535455],[35.652202985451034,34.27299729438539],[35.65226206605148,34.27291520805406],[35.65232114665193,34.27284058411648],[35.652363347080815,34.27275849778514],[35.65240554750971,34.2726764114538],[35.652422427681266,34.27259432512246],[35.652371787166594,34.27250477639737],[35.65232114665193,34.27242269006603],[35.65235490699504,34.27234060373469],[35.65241398759549,34.2722510550096],[35.65249838845327,34.27217643107202],[35.652582789311055,34.272161506284505],[35.65268407034039,34.27213911910323],[35.65279379145551,34.272154043890744],[35.652895072484846,34.27217643107202],[35.65299635351419,34.272198818253294],[35.65310607462931,34.27223613022208],[35.65321579574442,34.27226597979711],[35.65331707677376,34.27229582937215],[35.653426797888876,34.272325678947176],[35.65353651900399,34.27234060373469],[35.653646240119116,34.27234806612845],[35.65374752114845,34.27234806612845],[35.65386568234935,34.27234806612845],[35.653966963378686,34.27233314134094],[35.6540766844938,34.272325678947176],[35.65418640560892,34.27231821655342],[35.65429612672404,34.27231075415966],[35.654414287924936,34.27229582937215],[35.65452400904005,34.27228090458463],[35.65462529006939,34.27225851740336],[35.65470125084139,34.27221374304081],[35.65476877152762,34.27206449516565],[35.65481941204229,34.27198987122807],[35.65486161247118,34.27190032250297],[35.65491225298585,34.271825698565394],[35.654971333586296,34.271751074627815],[35.65503041418675,34.271668988296476],[35.65508949478719,34.2715943643589],[35.65514857538764,34.27151974042132],[35.65520765598809,34.27144511648374],[35.65525829650276,34.2713630301524],[35.65530049693165,34.27128094382107],[35.65533425727477,34.27119139509597],[35.655368017617874,34.27110930876463],[35.65540177796099,34.2710272224333],[35.655427098218325,34.2709376737082],[35.65546085856144,34.270848124983104],[35.65548617881877,34.270766038651765],[35.655511499076106,34.27067648992667],[35.65553681933344,34.27058694120158],[35.65557057967656,34.27049739247648],[35.65559589993389,34.27041530614514],[35.655629660277,34.27026605826998],[35.65565498053434,34.27017650954489],[35.655671860705894,34.27009442321355],[35.65568874087745,34.27000487448846],[35.65570562104901,34.26991532576336],[35.65571406113479,34.26987801379457],[35.65584066242146,34.26969891634438],[35.65585754259302,34.26959444283177],[35.65592506327924,34.2694825069254],[35.655967263708135,34.26937057101903],[35.65602634430858,34.26922132314387],[35.656110745166366,34.269087000056224],[35.656195146024146,34.26893775218107],[35.65629642705348,34.268773579518395],[35.6564061481686,34.26851239573686],[35.65646522876905,34.268392997436735],[35.656524309369495,34.26828852392413],[35.65657494988417,34.26809450168642],[35.65657494988417,34.268027340142595],[35.65657494988417,34.26794525381126],[35.65661715031306,34.26786316747992],[35.65668467099928,34.26775869396731],[35.656743751599734,34.26764675806094],[35.656828152457514,34.26754974694209],[35.65684503262907,34.26744527342948],[35.656912553315294,34.267385574279416],[35.656971633915745,34.26725125119177],[35.657030714516196,34.267139315285405],[35.65714043563131,34.26699006741024],[35.657216396403314,34.26687066911011],[35.657300797261094,34.26678858277878],[35.65734299768999,34.266691571659926],[35.65740207829044,34.26658709814731],[35.657444278719325,34.26651247420973],[35.65748647914822,34.26637815112209],[35.65752867957711,34.26625875282196],[35.65755399983444,34.266191591278144],[35.657587760177556,34.26590055792158],[35.65762152052067,34.265818471590244],[35.65764684077801,34.26572892286515],[35.65767216103534,34.26563937414005],[35.65768904120689,34.26554982541496],[35.65770592137845,34.265460276689865],[35.65771436146423,34.265370727964765],[35.65772280155001,34.26528117923967],[35.657739681721566,34.26519163051458],[35.657748121807344,34.26510208178948],[35.65769748129267,34.26493044673305],[35.65763840069223,34.264796123645404],[35.65762996060645,34.264728962101586],[35.65760464034911,34.26463195098273],[35.65760464034911,34.26448270310757],[35.657596200263335,34.264311068051136],[35.65757932009178,34.26407973384464],[35.65753711966289,34.26393048596948],[35.65754555974867,34.26372900133802],[35.65752867957711,34.26356482867534],[35.65746959897666,34.2634305055877],[35.65733455760421,34.263296182500056],[35.65717419597442,34.26325887053127],[35.65704759468775,34.26325887053127],[35.656887233057965,34.26325887053127],[35.656735311513955,34.26318424659369],[35.65665091065617,34.26311708504986],[35.6566002701415,34.26303499871853],[35.65655806971261,34.26290067563089],[35.65655806971261,34.26281858929955],[35.65660871022728,34.26266934142439],[35.65664247057039,34.26261710466808],[35.656735311513955,34.26250516876171],[35.65672687142818,34.26241562003662],[35.656735311513955,34.26232607131152],[35.65676063177129,34.26224398498019],[35.65681127228596,34.2621693610426],[35.656887233057965,34.26209473710502],[35.656971633915745,34.26203503795496],[35.65704759468775,34.26196787641114],[35.657131995545534,34.26190817726108],[35.657207956317535,34.26184847811101],[35.65728391708954,34.261781316567195],[35.65736831794732,34.26171415502337],[35.657444278719325,34.26163953108579],[35.65746959897666,34.26156490714821],[35.657444278719325,34.26147535842311],[35.657123555459755,34.2614604336356],[35.656887233057965,34.2614604336356],[35.65665091065617,34.26142312166681],[35.656524309369495,34.26138580969802],[35.65647366885483,34.2613186481542],[35.65644834859749,34.261288798579166],[35.65644834859749,34.26123656182286],[35.65644834859749,34.26120671224783],[35.656515869283716,34.26113955070401],[35.65655806971261,34.26110223873522],[35.65655806971261,34.261042539585155],[35.65655806971261,34.260967915647576],[35.656515869283716,34.26090821649751],[35.65639770808282,34.26085597974121],[35.65632174731082,34.2608037429849],[35.65622046628148,34.26069926947229],[35.656203586109925,34.26058733356592],[35.6562120261957,34.26050524723458],[35.656127625337916,34.26018436430299],[35.656051664565915,34.260064966002865],[35.655975703793914,34.260012729246554],[35.655958823622356,34.25994556770274],[35.65593350336502,34.25987840615891],[35.6559419434508,34.25979631982758],[35.6559419434508,34.25971423349624],[35.65600102405124,34.259617222377386],[35.656051664565915,34.25948289928974],[35.656127625337916,34.259370963383375],[35.656195146024146,34.25926648987076],[35.6562542266246,34.25918440353942],[35.65629642705348,34.25910231720809],[35.65633862748238,34.259035155664264],[35.656355507653934,34.258960531726686],[35.65638082791127,34.25888590778911],[35.65655806971261,34.25890829497038],[35.65661715031306,34.25890829497038],[35.656828152457514,34.25889337018287],[35.65687035288641,34.25881128385153],[35.656887233057965,34.258714272732675],[35.656904113229515,34.25861726161382],[35.656895673143744,34.25852771288872],[35.65685347271485,34.2584605513449],[35.65672687142818,34.258430701769875],[35.65662559039884,34.25839338980108],[35.65663403048462,34.25832622825726],[35.65665935074195,34.258259066713435],[35.65669311108506,34.258259066713435],[35.657199516231756,34.25819936756338],[35.65725859683221,34.258139668413314],[35.656912553315294,34.25781878548172],[35.65647366885483,34.25749790255013],[35.656431468425936,34.25759491366898],[35.65638926799704,34.257691924787835],[35.65633862748238,34.25778893590669],[35.656279546881926,34.25787102223803],[35.65622046628148,34.25793072138809],[35.656136065423695,34.25795310856936],[35.656051664565915,34.258139668413314],[35.65603478439436,34.25825160431968],[35.65600946413702,34.258385927407325],[35.6559419434508,34.25857994964503],[35.655806902078346,34.25864711118885],[35.65568874087745,34.258550100069996],[35.65564654044856,34.258348615438535],[35.65561278010544,34.25816205559458],[35.65540177796099,34.257729236756624],[35.65530049693165,34.25762476324401],[35.65525829650276,34.25755760170019],[35.65520765598809,34.257408353825035],[35.65510637495875,34.25717701961854],[35.65499665384363,34.25685613668694],[35.654735011184506,34.256050198161084],[35.65464217024095,34.25575170241077],[35.654599969812054,34.25553529299179],[35.65460840989783,34.255318883572805],[35.65467593058406,34.254915914309876],[35.6547772116134,34.254087588602744],[35.654836292213844,34.25378909285243],[35.65492069307163,34.2535801458272],[35.65498821375785,34.25340851077077],[35.65505573444408,34.2532443381081],[35.655131695216085,34.253110015020454],[35.655216096073865,34.253035391082875],[35.65533425727477,34.252983154326564],[35.655553699505,34.25300554150784],[35.655756261563674,34.25304285347663],[35.655975703793914,34.253110015020454],[35.656110745166366,34.25316225177676],[35.65623734645304,34.25318463895803],[35.656355507653934,34.25318463895803],[35.65649054902639,34.25318463895803],[35.65669311108506,34.25316971417052],[35.6567943921144,34.25313986459548],[35.65692099340107,34.25305777826414],[35.65703915460197,34.2529234551765],[35.65714887571709,34.25272943293879],[35.657207956317535,34.25248317394478],[35.657199516231756,34.25227422691956],[35.657199516231756,34.25205781750058],[35.65717419597442,34.25193841920046],[35.65716575588864,34.25186379526287],[35.65708979511664,34.251595149087585],[35.6569885140873,34.25146082599994],[35.65683659254329,34.25134142769982],[35.65660871022728,34.25125934136848],[35.656355507653934,34.25121456700593],[35.656195146024146,34.251229491793445],[35.65603478439436,34.251281728549756],[35.65599258396547,34.25129665333727],[35.65593350336502,34.2513265029123],[35.65584910250724,34.25137873966861],[35.65577314173523,34.25142351403115],[35.65568874087745,34.25147575078746],[35.655587459848114,34.25154291233128],[35.65538489778943,34.25155037472504],[35.65530049693165,34.25155037472504],[35.65506417452986,34.25138620206236],[35.65505573444408,34.251281728549756],[35.65505573444408,34.25111755588708],[35.65509793487297,34.250990695193195],[35.65508949478719,34.250901146468095],[35.65509793487297,34.250811597743],[35.65511481504453,34.25070712423039],[35.65514013530186,34.250617575505295],[35.6551654555592,34.2505280267802],[35.65520765598809,34.25044594044886],[35.65525829650276,34.25035639172377],[35.65530893701743,34.25028176778619],[35.655368017617874,34.250207143848606],[35.65545241847566,34.25014744469855],[35.655553699505,34.250102670336],[35.65564654044856,34.250050433579695],[35.65570562104901,34.24998327203587],[35.655730941306345,34.24989372331078],[35.655756261563674,34.24981163697944],[35.65577314173523,34.249714625860584],[35.65578158182101,34.24962507713549],[35.65579846199257,34.24952806601664],[35.655806902078346,34.24943851729154],[35.655823782249904,34.249348968566444],[35.65584910250724,34.24925941984135],[35.65588286285035,34.24917733351001],[35.65593350336502,34.24911017196619],[35.65600946413702,34.24904301042237],[35.65610230508059,34.248990773666065],[35.656195146024146,34.248938536909755],[35.656287986967705,34.24888630015345],[35.65638082791127,34.24883406339715],[35.65647366885483,34.2487892890346],[35.65656650979839,34.24874451467205],[35.65665935074195,34.248699740309505],[35.65675219168551,34.248647503553194],[35.65684503262907,34.24859526679689],[35.65683659254329,34.24845348131549],[35.65675219168551,34.248408706952944],[35.6566002701415,34.248371394984154],[35.65648210894061,34.248334083015365],[35.65648210894061,34.248244534290265],[35.656515869283716,34.24814006077766],[35.65655806971261,34.24806543684008],[35.65662559039884,34.247953500933704],[35.65668467099928,34.247916188964915],[35.65677751194284,34.2479012641774],[35.65686191280063,34.2479012641774],[35.65696319382997,34.2479012641774],[35.657030714516196,34.24790872657116],[35.65708135503086,34.2478490274211],[35.65708135503086,34.24776694108976],[35.65701383434464,34.24772216672721],[35.65692099340107,34.247714704333454],[35.65680283220018,34.24769231715218],[35.65639770808282,34.24772962912097],[35.65627110679615,34.247632618002115],[35.65615294559525,34.24754306927702],[35.656110745166366,34.24745352055192],[35.656110745166366,34.247386359008104],[35.656110745166366,34.24728188549549],[35.656144505509474,34.247222186345425],[35.65616982576681,34.247184874376636],[35.656279546881926,34.24716994958912],[35.656439908511715,34.24716994958912],[35.656591830055724,34.24719979916416],[35.65670155117084,34.2472445735267],[35.65684503262907,34.247296810283004],[35.656904113229515,34.24731919746428],[35.65699695417308,34.24737889661434],[35.65709823520242,34.24737889661434],[35.65716575588864,34.247349047039314],[35.65722483648909,34.24732665985804],[35.65730923734687,34.24716994958912],[35.65730923734687,34.24709532565154],[35.657267036917986,34.24704308889524],[35.657267036917986,34.24696846495766],[35.657267036917986,34.24691622820135],[35.65728391708954,34.24687891623256],[35.65732611751843,34.24683414187002],[35.657452718805104,34.24681175468874],[35.65762996060645,34.24680429229498],[35.657832522665124,34.24680429229498],[35.65806040498114,34.24683414187002],[35.65826296703982,34.246901303413836],[35.658431768755385,34.246946077776386],[35.65854992995628,34.246983389745175],[35.65867653124295,34.247013239320204],[35.65882845278696,34.24702816410772],[35.65894661398786,34.24702816410772],[35.65903101484564,34.24702816410772],[35.65911541570342,34.24699085213893],[35.65917449630387,34.246931152988864],[35.659360178190994,34.24666996920734],[35.65942769887722,34.24659534526976],[35.65946989930611,34.24652072133218],[35.659512099735,34.24643117260708],[35.65953741999233,34.24634908627575],[35.65955430016389,34.246252075156896],[35.65956274024967,34.246162526431796],[35.65957118033545,34.2460729777067],[35.659579620421226,34.24598342898161],[35.659579620421226,34.24589388025651],[35.65954586007811,34.24580433153142],[35.659528979906554,34.245714782806324],[35.659512099735,34.245625234081224],[35.65950365964922,34.24553568535613],[35.65950365964922,34.24544613663104],[35.659495219563446,34.24535658790594],[35.65950365964922,34.245267039180845],[35.65950365964922,34.245177490455745],[35.659512099735,34.24508794173065],[35.659520539820775,34.24499839300556],[35.659528979906554,34.244901381886706],[35.659520539820775,34.24481929555537],[35.65950365964922,34.244729746830274],[35.65946989930611,34.244640198105174],[35.659444579048774,34.24455064938008],[35.65940237861988,34.24446856304874],[35.65936861827677,34.24437901432365],[35.65933485793366,34.24429692799231],[35.659292657504764,34.24421484166097],[35.65925045707587,34.24413275532964],[35.659199816561205,34.2440506689983],[35.65914917604653,34.24396858266696],[35.65909009544609,34.24388649633563],[35.6590056945883,34.24381187239804],[35.65898037433097,34.24374471085422],[35.659047895017196,34.24368501170416],[35.65914917604653,34.243632774947855],[35.65924201699009,34.24356561340403],[35.65926733724743,34.24348352707269],[35.65926733724743,34.24340144074136],[35.65926733724743,34.24331189201626],[35.65925889716165,34.243214880897405],[35.65924201699009,34.24312533217231],[35.65922513681854,34.24302832105346],[35.65921669673276,34.24287161078454],[35.659208256646984,34.24278206205945],[35.659199816561205,34.24269251333435],[35.65918293638965,34.242602964609254],[35.65914917604653,34.242520878277915],[35.65910697561765,34.24243879194658],[35.65906477518875,34.24234924322148],[35.65902257475986,34.24226715689015],[35.65893817390208,34.242117909014986],[35.65891285364474,34.24202836028989],[35.65888753338741,34.241953736352315],[35.65886221313007,34.24185672523346],[35.65884533295852,34.24176717650837],[35.65887065321585,34.24167762778327],[35.658904413558965,34.24159554145193],[35.65893817390208,34.241505992726836],[35.658963494159416,34.2414239063955],[35.658971934245194,34.24132689527664],[35.658971934245194,34.24124480894531],[35.658971934245194,34.24114779782646],[35.65895505407364,34.24106571149512],[35.65894661398786,34.240968700376264],[35.65893817390208,34.24087915165117],[35.65892129373052,34.24078960292607],[35.65891285364474,34.24070005420098],[35.658895973473186,34.240610505475885],[35.65887909330163,34.240520956750785],[35.65885377304429,34.24043140802569],[35.658820012701185,34.24034932169435],[35.65877781227229,34.240267235363014],[35.65872717175762,34.24018514903168],[35.658668091157175,34.2401105250941],[35.658609010556724,34.24003590115652],[35.65854992995628,34.239953814825185],[35.658507729527386,34.239871728493846],[35.65845708901272,34.239789642162506],[35.658423328669606,34.23970755583117],[35.65840644849805,34.239618007106074],[35.65845708901272,34.239535920774735],[35.658516169613165,34.2394538344434],[35.65841488858383,34.239297124174485],[35.6579591239518,34.23920011305563],[35.65761308043489,34.23914041390557],[35.657275477003765,34.23904340278671],[35.65704759468775,34.238968778849134],[35.65696319382997,34.2389389292741],[35.65692943348685,34.2387971437927],[35.6569885140873,34.23877475661143],[35.657123555459755,34.23877475661143],[35.65725015674643,34.23878221900519],[35.657452718805104,34.23882699336773],[35.65753711966289,34.23882699336773],[35.65768060112112,34.238804606186456],[35.65768060112112,34.23869267028009],[35.65756243992022,34.238558347192445],[35.65752867957711,34.23846133607359],[35.657452718805104,34.23840163692353],[35.65734299768999,34.23837924974225],[35.65725859683221,34.238319550592195],[35.65716575588864,34.238267313835884],[35.65708135503086,34.23820761468582],[35.65700539425886,34.238147915535755],[35.65692099340107,34.23808821638569],[35.65684503262907,34.238028517235634],[35.65676063177129,34.237953893298055],[35.65669311108506,34.23787926936047],[35.65668467099928,34.23779718302914],[35.65670999125662,34.23772255909155],[35.65676063177129,34.23763301036646],[35.65681127228596,34.23755092403512],[35.65686191280063,34.237461375310026],[35.656904113229515,34.23737928897869],[35.656887233057965,34.23731212743487],[35.65678595202862,34.237244965891044],[35.65670999125662,34.23718526674098],[35.65663403048462,34.23711810519716],[35.65654962962683,34.2370584060471],[35.65645678868327,34.23701363168455],[35.656355507653934,34.23698378210952],[35.65624578653882,34.236961394928244],[35.65615294559525,34.236916620565694],[35.656051664565915,34.23687184620315],[35.6559419434508,34.23681960944684],[35.65586598267879,34.236759910296776],[35.655815342164125,34.23669274875296],[35.655823782249904,34.23661066242162],[35.65585754259302,34.23652857609028],[35.655747821477895,34.23640917779016],[35.655722501220566,34.23628977949003],[35.655604340019664,34.23621515555245],[35.65541021804677,34.2361181444336],[35.65530049693165,34.23599874613347],[35.65526673658854,34.235827111077036],[35.655216096073865,34.23570771277691],[35.655131695216085,34.235610701658054],[35.65492913315741,34.23555846490175],[35.65476033144184,34.235536077720475],[35.6545830896405,34.23550622814545],[35.65461684998361,34.23534205548277],[35.6547772116134,34.235252506757675],[35.654810971956515,34.23515549563882],[35.654836292213844,34.23506594691372],[35.6547772116134,34.23503609733869],[35.654650610326726,34.23504355973245],[35.65452400904005,34.23504355973245],[35.654414287924936,34.23502863494493],[35.654498688782716,34.23490923664481],[35.654591529726275,34.234834612707225],[35.65468437066984,34.23478237595092],[35.654802531870736,34.234759988769646],[35.65487005255696,34.23470775201334],[35.654886932728516,34.23460327850073],[35.6548531723854,34.23452865456315],[35.654743451270285,34.23452865456315],[35.65461684998361,34.23453611695691],[35.65454932929739,34.23448388020061],[35.65454088921161,34.23437940668799],[35.653823481920455,34.234476417806846],[35.65345211814621,34.23454357935067],[35.65330863668798,34.23453611695691],[35.653257996173316,34.234468955413085],[35.653198915572865,34.23425254599411],[35.653114514715085,34.23401374939385],[35.653122954800864,34.23388688869997],[35.653122954800864,34.23375256561233],[35.6533001966022,34.23370032885602],[35.65340991771732,34.23373017843105],[35.65347743840355,34.23379733997487],[35.65355339917555,34.23387196391245],[35.65363780003334,34.2339689750313],[35.65374752114845,34.23404359896888],[35.65395008320713,34.23404359896888],[35.654127325008474,34.23397643742506],[35.654211725866254,34.23390927588124],[35.654355207324485,34.23376749039984],[35.6543889676676,34.23364809209971],[35.65439740775338,34.23341675789322],[35.65439740775338,34.23335705874315],[35.65440584783916,34.23305110059908],[35.65440584783916,34.232954089480224],[35.654414287924936,34.23264813133615],[35.654422728010715,34.23207352701679],[35.6544649284396,34.23169294493513],[35.654431168096494,34.2314317611536],[35.65448180861116,34.23109595343449],[35.65447336852538,34.23045418757131],[35.654498688782716,34.22935721568889],[35.654507128868495,34.22865575067564],[35.65440584783916,34.22828263098775],[35.65423704612359,34.228013984812456],[35.65410200475114,34.22787219933106],[35.65384880217779,34.22775280103093],[35.65362935994756,34.22775280103093],[35.65348587848933,34.227775188212206],[35.653342397031096,34.227819962574756],[35.653114514715085,34.2277229514559],[35.65308919445775,34.227558778793224],[35.65309763454353,34.22739460613055],[35.65309763454353,34.2272975950117],[35.65324111600176,34.227163271924056],[35.65326643625909,34.227111035167745],[35.6533001966022,34.22701402404889],[35.653359277202654,34.22693193771756],[35.6534183578031,34.22684238899246],[35.653426797888876,34.22676030266113],[35.65338459745999,34.22666329154227],[35.653350837116875,34.22657374281717],[35.65339303754577,34.22651404366711],[35.65337615737421,34.226424494942016],[35.653359277202654,34.2263200214294],[35.653283316430645,34.22624539749182],[35.653207355658644,34.22619316073552],[35.65316515522975,34.226170773554244],[35.65314827505819,34.226096149616666],[35.65314827505819,34.22604391286036],[35.65316515522975,34.22599167610405],[35.65321579574442,34.22592451456023],[35.65324955608754,34.22583496583514],[35.653257996173316,34.2257528795038],[35.653283316430645,34.22559616923488],[35.6533001966022,34.22546184614724],[35.65327487634487,34.22526036151577],[35.653198915572865,34.22514096321565],[35.653122954800864,34.2250961888531],[35.65308075437197,34.22498425294673],[35.65307231428619,34.22477530592151],[35.65307231428619,34.22461859565259],[35.653055434114634,34.224499197352465],[35.6530301138573,34.22440218623361],[35.65298791342841,34.22434994947731],[35.65298791342841,34.22429025032724],[35.65298791342841,34.22419323920839],[35.65298791342841,34.22411115287705],[35.65297947334263,34.22403652893947],[35.65294571299952,34.22398429218317],[35.65285287205596,34.22393951782062],[35.65279379145551,34.223924593033104],[35.65270939059773,34.22389474345807],[35.652658750083056,34.22385743148928],[35.652667190168835,34.223797732339214],[35.65267563025461,34.223760420370425],[35.65276847119817,34.22370072122036],[35.652819111712844,34.22365594685782],[35.65284443197018,34.22361117249527],[35.6529119526564,34.223484311801386],[35.6529119526564,34.223394763076286],[35.6529119526564,34.22333506392622],[35.65292039274218,34.223148504082275],[35.65278535136973,34.22129036803654],[35.65259966948261,34.22072322611094],[35.65249838845327,34.220417267966866],[35.65214390485058,34.21929790890317],[35.65211014450747,34.219185972996804],[35.651899142363014,34.21892478921527],[35.651738780733226,34.21872330458381],[35.65161217944655,34.21850689516483],[35.6514771380741,34.218327797714636],[35.65061624932472,34.217178589075914],[35.65054872863849,34.21703680359451],[35.65047276786649,34.21696217965693],[35.650354606665594,34.21686516853808],[35.65014360452114,34.21678308220674],[35.6498482015189,34.21675323263171],[35.649721600232226,34.21675323263171],[35.64955279851666,34.21675323263171],[35.64940931705843,34.21670845826916],[35.64933335628643,34.21667114630037],[35.64918143474242,34.21656667278776],[35.64909703388464,34.21646966166891],[35.649037953284186,34.216365188156296],[35.64894511234063,34.21623086506865],[35.64839650676504,34.21484285982967],[35.6483711865077,34.21464137519821],[35.64837962659348,34.214439890566744],[35.64837962659348,34.214156319603944],[35.648278345564144,34.213454854590694],[35.64799138264768,34.21291756224012],[35.647729739988556,34.21245489382713],[35.64767065938811,34.21223848440815],[35.64730773569964,34.21129076040089],[35.64694481201118,34.210731080869046],[35.64686885123918,34.21061168256892],[35.646657849094716,34.21041766033121],[35.6464721672076,34.21025348766853],[35.6461598840338,34.210022153462035],[35.64555219785777,34.209731120105474],[35.644876990995506,34.2095147106865],[35.6445309474786,34.20944008674892],[35.64431150524836,34.20938784999261],[35.644024542331906,34.20930576366128],[35.643754459587,34.209171440573634],[35.643425296241645,34.20887294482331],[35.64313833332518,34.20841773880408],[35.64300329195274,34.20829834050395],[35.64273320920783,34.20822371656637],[35.6425897277496,34.20811924305376],[35.642496886806036,34.207992382359876],[35.64246312646293,34.207902833634776],[35.642353405347805,34.207775972940894],[35.64215928337491,34.2076864242158],[35.641973601487784,34.20764911224701],[35.64166131831399,34.20760433788446],[35.641121152824184,34.2075968754907],[35.64090171059395,34.2075968754907],[35.64082574982194,34.20755956352191],[35.64080042956461,34.20748493958433],[35.64074134896416,34.20735807889045],[35.640640067934825,34.207290917346626],[35.64047126621926,34.20721629340905],[35.6400661421019,34.20706704553389],[35.63984669987167,34.20699242159631],[35.63969477832766,34.20684317372115],[35.639652577898765,34.20666407627096],[35.63961037746988,34.20652229078956],[35.63955129686943,34.20632826855185],[35.63928121412452,34.20582828817007],[35.638952050779174,34.20555217960102],[35.63784639954222,34.205007424856696],[35.63761007714043,34.20489548895033],[35.63744127542486,34.20484325219402],[35.63732311422397,34.204753703468924],[35.63723871336619,34.204626842775035],[35.63716275259418,34.20448505729364],[35.63713743233685,34.20437312138727],[35.63713743233685,34.20428357266217],[35.63723027328041,34.204223873512106],[35.63732311422397,34.2041716367558],[35.63736531465286,34.20411193760574],[35.63732311422397,34.20396268973058],[35.637264033623524,34.203888065793],[35.637188072851515,34.20384329143045],[35.637010831050176,34.20371643073657],[35.636799828905716,34.20364180679899],[35.63663946727593,34.20358957004268],[35.63647066556037,34.20350002131759],[35.63631030393058,34.20334331104867],[35.63606554144301,34.20310451444841],[35.63593050007056,34.20285079306065],[35.63582921904122,34.202589609279116],[35.635803898783884,34.202313500710076],[35.635854539298556,34.20211201607861],[35.63576169835499,34.20183590750956],[35.635643537154095,34.201656810059376],[35.63544097509542,34.2014926373967],[35.635339694066076,34.201328464734026],[35.63524685312252,34.20116429207135],[35.63485016909094,34.2006046125395],[35.63470668763271,34.20040312790804],[35.63469824754693,34.20023149285161],[35.634791088490495,34.19998523385759],[35.63490080960561,34.19984344837619],[35.63492612986295,34.1994330167195],[35.634883929434054,34.1992912312381],[35.634782648404716,34.19916437054422],[35.63477420831894,34.19905243463785],[35.63477420831894,34.198910649156446],[35.6348248488336,34.19880617564384],[35.63492612986295,34.19869423973746],[35.63501053072073,34.19860469101237],[35.63512025183584,34.198492755106],[35.63523841303674,34.198373356805874],[35.635255293208296,34.198216646536956],[35.63528061346563,34.19805993626804],[35.63524685312252,34.19791815078664],[35.63512025183584,34.197783827699],[35.634959890206055,34.197724128548934],[35.634782648404716,34.19770174136766],[35.634639166946485,34.19766442939887],[35.63445348505936,34.19758234306753],[35.634411284630474,34.1975524934925],[35.634335323858465,34.19750771912995],[35.63423404282913,34.19743309519237],[35.63408212128512,34.19714952422957],[35.63373607776821,34.19687341566053],[35.63344911485175,34.196582382303966],[35.632942709705056,34.196007777984605],[35.63278234807527,34.195604808721676],[35.63276546790371,34.19516452748996],[35.632858308847275,34.19488095652715],[35.63297647004817,34.1945003744455],[35.63301867047706,34.19427650263276],[35.63295958987661,34.19419441630142],[35.63282454850416,34.19414964193887],[35.63267262696015,34.19414964193887],[35.63254602567348,34.19418695390766],[35.63244474464414,34.19418695390766],[35.6324194243868,34.19409740518257],[35.6324616248157,34.1939854692762],[35.63251226533036,34.19391084533862],[35.632486945073026,34.19382129661352],[35.63236034378635,34.19380637182601],[35.632259062757015,34.19380637182601],[35.6321493416419,34.19380637182601],[35.63206494078412,34.19373921028219],[35.631946779583224,34.193634736769575],[35.6318370584681,34.19352280086321],[35.631786417953435,34.193433252138114],[35.63174421752454,34.193306391444224],[35.63174421752454,34.193224305112885],[35.63180329812499,34.19316460596282],[35.63192145932589,34.19311983160028],[35.63201430026945,34.19307505723773],[35.632107141213005,34.19299297090639],[35.632107141213005,34.19284372303123],[35.632081820955676,34.19276163669989],[35.63199742009789,34.192619851218495],[35.63190457915433,34.19254522728092],[35.63182017829655,34.19250045291837],[35.63175265761032,34.19250045291837],[35.63171045718143,34.19256015206843],[35.631718897267206,34.19273178712486],[35.63169357700988,34.192821335849956],[35.63162605632365,34.19283626063748],[35.63154165546587,34.19273178712486],[35.63144037443652,34.19260492643098],[35.63136441366452,34.192537764887156],[35.63132221323563,34.19246314094958],[35.631330653321406,34.192201957168045],[35.63136441366452,34.19212733323047],[35.63144037443652,34.1920676340804],[35.63144037443652,34.19197808535531],[35.631398174007636,34.19190346141773],[35.63141505417919,34.19179152551136],[35.63130533306408,34.19182137508639],[35.631195611948954,34.19186614944894],[35.631102771005395,34.191873611842695],[35.63074828740271,34.19197808535531],[35.630722967145374,34.19179152551136],[35.63108589083384,34.19160496566741],[35.631161851605846,34.19154526651735],[35.63126313263518,34.19149302976104],[35.631339093407185,34.19143333061098],[35.631406614093414,34.1913587066734],[35.631870818811215,34.19132885709837],[35.631938339497445,34.191060210923084],[35.631963659754774,34.190948275016716],[35.632031180441004,34.1905602305413],[35.63200586018367,34.19037367069735],[35.63189613906855,34.190254272397226],[35.63181173821077,34.19011248691582],[35.631786417953435,34.189963239040665],[35.631786417953435,34.18977667919671],[35.631794858039214,34.18960504414028],[35.631794858039214,34.18946325865888],[35.63185393863966,34.18932147317748],[35.63191301924011,34.18915730051481],[35.63198053992633,34.18903790221468],[35.63206494078412,34.1889632782771],[35.6321493416419,34.18891850391455],[35.63230126318591,34.18882895518946],[35.63269794721749,34.18870955688933],[35.6328498687615,34.18862000816423],[35.6331959122784,34.18831405002015],[35.63343223468019,34.18806032863238],[35.63352507562375,34.18794093033226],[35.633660116996204,34.18776183288207],[35.633710757510876,34.18756781064436],[35.633795158368656,34.18724692771277],[35.633795158368656,34.18706036786882],[35.633803598454435,34.186940969568695],[35.633719197596655,34.18672456014971],[35.63360947648154,34.186530537912006],[35.63352507562375,34.1863887524306],[35.63344067476597,34.186239504555445],[35.633271873050404,34.186194730192895],[35.633187472192624,34.18614249343659],[35.63306931099173,34.18604548231774],[35.63304399073439,34.18592608401761],[35.63305243082017,34.18576191135494],[35.63313683167795,34.18547087799838],[35.63314527176373,34.18528431815443],[35.63314527176373,34.18509029591672],[35.633035550648614,34.18487388649774],[35.63295958987661,34.18465747707876],[35.632875189018826,34.18449330441609],[35.63276546790371,34.18439629329723],[35.63267262696015,34.18439629329723],[35.6325375855877,34.1843664437222],[35.6324194243868,34.1843664437222],[35.63230126318591,34.1843664437222],[35.63204806061256,34.18421719584704],[35.63158385589475,34.183664978708954],[35.63144037443652,34.18351573083379],[35.631330653321406,34.18335155817112],[35.63131377314985,34.183254547052265],[35.63128001280674,34.18306052481456],[35.63120405203473,34.18274710427672],[35.63115341152007,34.18253069485774],[35.63115341152007,34.18229936065124],[35.63121249212051,34.18212772559481],[35.63135597357874,34.18200832729469],[35.6314488145223,34.18196355293214],[35.631558535637424,34.18191877856959],[35.63167669683832,34.181896391388314],[35.63176953778188,34.181829229844496],[35.63182861838233,34.18177699308819],[35.63197209984055,34.18168744436309],[35.632090261041455,34.18159043324424],[35.63214090155612,34.181500884519146],[35.6321493416419,34.18135163664399],[35.6321493416419,34.18126208791889],[35.63203962052678,34.181090452862456],[35.63189613906855,34.1809934417436],[35.63175265761032,34.18089643062475],[35.631558535637424,34.18082180668717],[35.63138973392186,34.18074718274959],[35.631187171863175,34.18062778444946],[35.631018370147615,34.180523310936856],[35.63084956843205,34.180433762211756],[35.63070608697382,34.18032928869915],[35.630562605515586,34.18016511603647],[35.630478204657805,34.18001586816131],[35.630393803800025,34.17985169549864],[35.6304022438858,34.179657673260934],[35.6304022438858,34.179538274960805],[35.63037692362847,34.17941887666068],[35.63031784302802,34.17885173473507],[35.63029252277068,34.17862786292233],[35.63027564259912,34.17841891589711],[35.63027564259912,34.17824728084068],[35.63027564259912,34.178105495359276],[35.63034316328535,34.17791893551533],[35.63045288440047,34.1777995372152],[35.63054572534403,34.17775476285265],[35.63066388654492,34.1776577517338],[35.630807368003154,34.17763536455253],[35.630950849461385,34.17763536455253],[35.63115341152007,34.17764282694628],[35.63121249212051,34.17759805258374],[35.63132221323563,34.177523428646154],[35.63130533306408,34.17744134231482],[35.631246252463626,34.17711299698947],[35.6305963658587,34.17668017815151],[35.63016592148401,34.17667271575775],[35.62998867968267,34.17667271575775],[35.6298198779671,34.17656824224514],[35.629566675393754,34.17635183282616],[35.62939787367819,34.176135423407175],[35.629254392219956,34.1759712507445],[35.62921219179107,34.175889164413164],[35.62914467110484,34.175777228506796],[35.62906871033284,34.17556081908781],[35.62898430947505,34.17527724812501],[35.62899274956083,34.175128000249856],[35.62899274956083,34.174866816468324],[35.629085590504395,34.17465040704935],[35.629254392219956,34.17405341554871],[35.629321912906185,34.17386685570476],[35.629321912906185,34.17368029586081],[35.629406313763965,34.17346388644183],[35.629558235307975,34.17339672489801],[35.629642636165755,34.1733444881417],[35.6298198779671,34.17318031547903],[35.62987895856755,34.17301614281635],[35.62992115899644,34.17265794791597],[35.62992115899644,34.172471388072026],[35.6298958387391,34.172254978653044],[35.6298958387391,34.172060956415336],[35.62995491933955,34.17189678375266],[35.63004776028311,34.17175499827126],[35.63014060122667,34.17163559997113],[35.63019968182712,34.171449040127186],[35.6302840826849,34.171277405070754],[35.6304022438858,34.17116546916438],[35.6305204050867,34.17104607086426],[35.63055416542981,34.17088189820158],[35.63046976457203,34.170829661445275],[35.630241882256016,34.17073265032642],[35.63001399994,34.17072518793266],[35.62987051848177,34.170747575113936],[35.62972703702354,34.17072518793266],[35.629499154707524,34.1704341545761],[35.629473834450195,34.1702923690947],[35.629482274535974,34.17019535797585],[35.62944851419286,34.169314795512406],[35.629482274535974,34.169120773274706],[35.62960887582265,34.168814815130624],[35.62972703702354,34.1685536313491],[35.629786117623986,34.16835960911139],[35.629853638310216,34.168128274904895],[35.629853638310216,34.16791186548591],[35.629887398653324,34.16774023042948],[35.630005559854226,34.16757605776681],[35.63015748139823,34.16736711074159],[35.63030096285646,34.16717308850388],[35.63044444431469,34.16696414147866],[35.6305204050867,34.16682981839101],[35.63053728525825,34.16679996881598],[35.630630126201815,34.16668057051585],[35.63068920680226,34.166538785034454],[35.63068920680226,34.16634476279675],[35.63066388654492,34.16627760125292],[35.63055416542981,34.16620297731534],[35.63035160337113,34.16610596619649],[35.63026720251335,34.166053729440186],[35.6302081219129,34.16597910550261],[35.630182801655565,34.16591194395878],[35.63021656199868,34.16567314735853],[35.63046132448625,34.164240367757],[35.63049508482936,34.164120969456874],[35.630722967145374,34.164128431850635],[35.63090020894672,34.1641881310007],[35.631094330919616,34.16425529254452],[35.6312968929783,34.16421051818197],[35.63135597357874,34.16411350706312],[35.63150789512275,34.16387471046286],[35.6316851369241,34.16344935401866],[35.631946779583224,34.16311354629955],[35.63203962052678,34.16284490012426],[35.632081820955676,34.16256132916146],[35.632022740355225,34.16239715649879],[35.632081820955676,34.16223298383611],[35.632318143357466,34.162113585535984],[35.632410984301025,34.16177777781688],[35.63233502352902,34.16115839913497],[35.632090261041455,34.160725580297004],[35.6318370584681,34.16021813752147],[35.63150789512275,34.15976293150223],[35.63128001280674,34.15962114602083],[35.63107745074806,34.15933011266427],[35.630942409375606,34.15911370324529],[35.63055416542981,34.15867342201357],[35.63026720251335,34.158434625413314],[35.62998867968267,34.15824060317561],[35.6298198779671,34.15802419375663],[35.629794557709765,34.1577630099751],[35.629802997795544,34.15747197661854],[35.62992115899644,34.15724064241204],[35.63001399994,34.15690483469294],[35.630174361569786,34.156113820954594],[35.62998867968267,34.155419818335105],[35.629853638310216,34.15489745077205],[35.62965951633731,34.15453925587167],[35.62944007410708,34.15424822251511],[35.629094030590174,34.15395718915855],[35.62898430947505,34.153785554102114],[35.62895898921772,34.15359153186441],[35.629085590504395,34.153382584839186],[35.62927971247729,34.15331542329536],[35.62963419607998,34.15324826175154],[35.62952447496486,34.153009465151285],[35.629406313763965,34.15283783009485],[35.629178431447954,34.152643807857146],[35.62897586938927,34.152688582219696],[35.62868890647282,34.15273335658224],[35.62837662329902,34.15258410870708],[35.62814874098301,34.15244232322568],[35.62803901986789,34.15229307535052],[35.62781113755187,34.15207666593154],[35.62765077592209,34.15200204199396],[35.62764233583631,34.152069203537785],[35.62754949489275,34.15250202237574],[35.627541054806976,34.152718431794725],[35.62765077592209,34.1530766266951],[35.6278786582381,34.153367660051664],[35.628072780211,34.1536288438332],[35.62797993926744,34.153703467770775],[35.627777377208766,34.153696005377014],[35.627254091890514,34.153046777120075],[35.62722877163318,34.152710969400964],[35.6272962923194,34.15216621465664],[35.62713593068962,34.151778170181224],[35.626798327258484,34.15130057698072],[35.62649448417047,34.15093491968658],[35.626325682454905,34.150643886330016],[35.62615688073934,34.15050210084861],[35.625844597565546,34.15021106749205],[35.625557634649084,34.149897646954216],[35.625481673877076,34.14912902039715],[35.62551543422019,34.14880813746556],[35.62561671524953,34.148681276771676],[35.62565891567842,34.14846486735269],[35.62582771739399,34.147576842495496],[35.62581083722243,34.146964926207346],[35.625785516965095,34.14683806551346],[35.62553231439175,34.14677836636339],[35.62553231439175,34.14656195694442],[35.6256673557642,34.1464052466755],[35.62589523808021,34.1460843637439],[35.62628348202601,34.14571870644976],[35.62635100271224,34.145323199580595],[35.62642696348424,34.1447187456862],[35.626562004856694,34.14432323881703],[35.626705486314926,34.143979968704166],[35.62706841000339,34.143114331028244],[35.627338492748294,34.14240540362123],[35.627633895750535,34.1416666266392],[35.627954619010104,34.14147260440149],[35.62828378235546,34.141271119770025],[35.629178431447954,34.14067412826939],[35.62960043573687,34.140629353906846],[35.63014060122667,34.14039801970035],[35.63068920680226,34.139927888893595],[35.63104369040495,34.13956969399322],[35.631718897267206,34.13912941276149],[35.632174661899235,34.13876375546735],[35.63278234807527,34.138584658017166],[35.633423794594414,34.138248850298055],[35.63406524111356,34.138047365666594],[35.63479952857627,34.13768917076621],[35.63550849578164,34.13733097586583],[35.63627654358746,34.13708471687182],[35.636563506503926,34.136980243359204],[35.63684202933461,34.13711456644685],[35.637103671993735,34.13709217926557],[35.637415955167526,34.1370697920843],[35.6381249223729,34.13654742452124],[35.63860600726226,34.136211616802136],[35.63880856932094,34.135950433020604],[35.63938249515386,34.1356668620578],[35.639804499442775,34.135226580826085],[35.64044594596192,34.13502509619462],[35.641053632137954,34.13482361156316],[35.641500956684204,34.1347266004443],[35.64153471702732,34.134569890175385],[35.64116335325308,34.134278856818824],[35.640952351108616,34.13411468415615],[35.64075822913572,34.13401021064354],[35.640572547248595,34.13374156446825],[35.64046282613348,34.1331296481801],[35.64026870416058,34.13302517466749],[35.64017586321702,34.132816227642266],[35.64020962356013,34.132652054979594],[35.640403745533035,34.132525194285705],[35.64041218561881,34.132122225022776],[35.64016742313124,34.131831191666215],[35.63962725764143,34.13168940618482],[35.639188373180964,34.13131628649692],[35.63945001584009,34.130973016384054],[35.640032381758786,34.130771531752586],[35.6400661421019,34.130532735152336],[35.6400661421019,34.130450648821],[35.64005770201612,34.130189465039464],[35.64004926193034,34.12989843168291],[35.640336224846806,34.12971933423272],[35.64082574982194,34.129279053001],[35.64128151445397,34.1286223623503],[35.64162755797088,34.12781642382444],[35.641728839000216,34.12751792807412],[35.64190608080156,34.127204507536284],[35.641965161402005,34.12657020406686],[35.642032682088235,34.126226933953994],[35.64215084328913,34.12591351341616],[35.642176163546466,34.12563740484712],[35.64220992388958,34.12543592021565],[35.64237872560514,34.12530159712801],[35.64243780620559,34.125055338134],[35.64244624629137,34.12464490647731],[35.64237028551936,34.12427924918317],[35.64208332260291,34.123615096138714],[35.641813239858,34.12336137475094],[35.64162755797088,34.12313750293821],[35.64160223771354,34.12301810463808],[35.64122243385352,34.12298825506304],[35.64106207222373,34.122831544794124],[35.641197113596185,34.122719608887756],[35.64139123556909,34.122719608887756],[35.6414249959122,34.122518124256295],[35.64098611145173,34.12244350031872],[35.640876390336615,34.1222867900498],[35.64068226836371,34.12224201568725],[35.640640067934825,34.12223455329349],[35.640429065790364,34.122227090899734],[35.640251823989026,34.122227090899734],[35.64015054295968,34.122062918237056],[35.640099902445016,34.12190620796814],[35.64015898304546,34.121771884880495],[35.640429065790364,34.1216823361554],[35.64053878690548,34.12160024982406],[35.640817309736164,34.121533088280245],[35.64108739248107,34.12151070109897],[35.64124775411086,34.12158532503655],[35.64144187608376,34.121451001948905],[35.641500956684204,34.12131667886126],[35.64174571917177,34.12131667886126],[35.64201580191668,34.12150323870521],[35.642176163546466,34.121891283180624],[35.64210864286024,34.122145004568395],[35.64231120491892,34.122100230205845],[35.642496886806036,34.122100230205845],[35.64263192817849,34.12192113275566],[35.64277540963672,34.12176442248674],[35.64283449023717,34.12160771221782],[35.64283449023717,34.121451001948905],[35.642893570837614,34.121242054923684],[35.642648808350046,34.12104803268598],[35.64245468637715,34.12080923608572],[35.64234496526203,34.12051820272916],[35.64222680406113,34.120368954854],[35.641939841144676,34.12033910527897],[35.641568477370434,34.12033910527897],[35.64128151445397,34.12033164288521],[35.640960791194395,34.12023463176636],[35.64099455153751,34.120018222347376],[35.64131527479708,34.11999583516611],[35.6414249959122,34.12004807192241],[35.64183012002956,34.12005553431617],[35.642269004490025,34.120062996709926],[35.64258128766382,34.120062996709926],[35.64290201092339,34.12007045910369],[35.64301173203851,34.12004807192241],[35.643248054440306,34.119734651384576],[35.64331557512653,34.119525704359354],[35.64329025486919,34.11935406930292],[35.64323117426875,34.11923467100279],[35.64312145315363,34.119160047065215],[35.64285981049451,34.11924959579031],[35.642716329036276,34.119130197490186],[35.642716329036276,34.118913788071204],[35.6426656885216,34.118839164133625],[35.64237872560514,34.11876454019605],[35.64237872560514,34.118548130777064],[35.64247156654871,34.118428732476936],[35.64261504800693,34.11833918375184],[35.64273320920783,34.118219785451714],[35.64293577126651,34.11812277433286],[35.64296953160962,34.11803322560776],[35.64296953160962,34.11792875209515],[35.64294421135229,34.117570557194774],[35.643037052295846,34.11742877171337],[35.64321429409719,34.11738399735082],[35.643273374697635,34.11733922298828],[35.64335777555542,34.117197437506874],[35.64339153589853,34.11700341526917],[35.643653178557656,34.117033264844196],[35.643881060873674,34.11718251271936],[35.64399078198879,34.11724967426318],[35.644193344047466,34.117279523838214],[35.644657548765274,34.11716758793184],[35.64489387116706,34.117115351175535],[35.645189274169304,34.11681685542522],[35.6453074353702,34.11659298361248],[35.64528211511286,34.11640642376853],[35.644969831939065,34.11611539041197],[35.64437058584881,34.11591390578051],[35.64422710439058,34.11583928184292],[35.64428618499103,34.11567510918025],[35.644404346191926,34.11560048524267],[35.64466598885105,34.11541392539872],[35.6449191914244,34.11566018439274],[35.64514707374041,34.11575719551159],[35.64529055519864,34.11587659381171],[35.64551843751465,34.11603330408063],[35.64583916077423,34.11604076647439],[35.646337125835146,34.1158616690242],[35.64671692969517,34.115779582692866],[35.64707985338363,34.11537661342993],[35.64728241544231,34.11499603134828],[35.64731617578542,34.11465276123541],[35.64762845895922,34.113884134678344],[35.64769597964544,34.113316992752736],[35.647805700760564,34.11299610982115],[35.64799138264768,34.112458817470575],[35.648193944706364,34.11169019091351],[35.64834586625037,34.11072007972497],[35.648497787794376,34.11026487370574],[35.64866658950994,34.10978728050523],[35.648565308480606,34.109518634329945],[35.64832054599304,34.109354461667266],[35.64830366582148,34.10917536421707],[35.648497787794376,34.10899626676689],[35.64858218865216,34.10863060947275],[35.64853998822327,34.108332113722426],[35.64832054599304,34.10815301627223],[35.64821926496369,34.10798884360956],[35.64824458522103,34.10780974615937],[35.6484893477086,34.10778735897809],[35.64890291191173,34.10761572392166],[35.64899575285529,34.107429164077715],[35.649105473970415,34.107182905083704],[35.64925739551442,34.10630234262026],[35.64935867654376,34.105421780156824],[35.64952747825932,34.10410093646167],[35.64962875928866,34.10296665261046],[35.649654079545996,34.10180998157798],[35.649654079545996,34.101742820034154],[35.649670959717554,34.10119060289607],[35.64956123860244,34.10092195672078],[35.64985664160468,34.10073539687683],[35.64908859379886,34.10051152506409],[35.648717230024616,34.100362277188935],[35.64854842830905,34.10028765325136],[35.64832054599304,34.100071243832375],[35.648269905478365,34.099735436113264],[35.648278345564144,34.099332466850335],[35.64834586625037,34.099019046312506],[35.6479069817899,34.09892203519365],[35.64774662016011,34.09860861465582],[35.648042023162354,34.09825788214919],[35.64855686839483,34.09821310778664],[35.64890291191173,34.0982205701804],[35.6490717136273,34.09810117188027],[35.64899575285529,34.097907149642566],[35.648886031740176,34.09776536416117],[35.64894511234063,34.097578804317216],[35.64911391405619,34.09753402995467],[35.649341796372205,34.09750418037964],[35.649578118773995,34.0975638795297],[35.64978068083267,34.097369857291994],[35.6498482015189,34.09698927521034],[35.64962031920289,34.09681764015391],[35.64950215800199,34.096720629035055],[35.649510598087765,34.096556456372376],[35.649654079545996,34.09636989652843],[35.64962875928866,34.09615348710945],[35.64937555671531,34.09607886317187],[35.6492658356002,34.09592961529671],[35.649350236457984,34.095743055452765],[35.649730040318005,34.095534108427536],[35.649966362719795,34.09539232294614],[35.64999168297713,34.095205763102186],[35.64994104246246,34.09510875198333],[35.64977224074689,34.095011740864486],[35.649426197229985,34.095026665652],[35.64913923431352,34.095004278470725],[35.64870878993884,34.094675933145375],[35.648362746421924,34.09421326473238],[35.64815174427747,34.09379537068194],[35.64784790118945,34.09341478860028],[35.647881661532566,34.09316852960627],[35.64822770504947,34.092683474012],[35.64823614513525,34.09217603123646],[35.64807578350546,34.091855148304866],[35.647712859817,34.091735750004744],[35.64738369647165,34.09181783633608],[35.64715581415564,34.09195962181748],[35.647206454670304,34.09228050474907],[35.64730773569964,34.09278794752461],[35.64729929561386,34.09318345439378],[35.647290855528084,34.093623735625506],[35.647257095184976,34.09384760743824],[35.647198014584525,34.09389238180079],[35.64689417149651,34.09386999461952],[35.64675913012406,34.09368343477557],[35.64675069003828,34.092914808218495],[35.64660720858005,34.09181037394232],[35.64661564866583,34.091370092710605],[35.64708829346941,34.09126561919799],[35.64792386196146,34.091250694410476],[35.64795762230457,34.09072086445366],[35.647814140846336,34.09024327125315],[35.647738180074334,34.089691054115065],[35.647805700760564,34.08919107373328],[35.64794918221879,34.088997051495575],[35.64799138264768,34.0886910933515],[35.6480251429908,34.08831051126984],[35.64834586625037,34.08798216594449],[35.64855686839483,34.08795231636946],[35.648565308480606,34.08775083173799],[35.64860750890949,34.0871463778436],[35.648430267108154,34.08601955638615],[35.648278345564144,34.085571812760676],[35.64823614513525,34.0854598768543],[35.64810954384858,34.08513899392271],[35.64807578350546,34.08506436998513],[35.647822580932115,34.08475841184106],[35.6475187378441,34.08455692720959],[35.647493417586766,34.084333055396854],[35.647501857672545,34.08377337586501],[35.64751029775832,34.0832957826645],[35.64745965724365,34.08268386637634],[35.647054533126294,34.08267640398259],[35.64702921286896,34.08243014498858],[35.646970132268514,34.081922702213035],[35.646733809866724,34.081892852638006],[35.64670848960939,34.08152719534387],[35.646497487464934,34.08026605079877],[35.64605860300446,34.07895266949737],[35.64540871639954,34.07782584803992],[35.645121753483075,34.07712438302667],[35.64469974919416,34.076445305194696],[35.6441427035328,34.07574384018145],[35.64361097812877,34.07540057006859],[35.643416856155866,34.07511699910578],[35.64338309581276,34.074893127293045],[35.64322273418297,34.07466179308655],[35.64294421135229,34.074482695636355],[35.642564407492266,34.07454985718018],[35.642480006634486,34.07445284606133],[35.64231120491892,34.074191662279794],[35.6420073618309,34.073706606685526],[35.64190608080156,34.07334841178515],[35.64190608080156,34.07315438954744],[35.64214240320335,34.072893205765915],[35.64222680406113,34.07275142028451],[35.642176163546466,34.07253501086553],[35.64206644243135,34.072273827084004],[35.641728839000216,34.071863395427314],[35.64147563642687,34.07152758770821],[35.64108739248107,34.07094552099509],[35.6410367519664,34.07075149875738],[35.64112959290996,34.07025898076935],[35.641197113596185,34.06972915081254],[35.64106207222373,34.06946796703102],[35.6408426299935,34.069199320855724],[35.64069914853527,34.068841125955345],[35.6407666692215,34.068557554992545],[35.64083418990772,34.06807996179204],[35.64099455153751,34.067124775391015],[35.64113803299574,34.065699458183246],[35.64113803299574,34.065244252164014],[35.64114647308152,34.06393087086261],[35.641121152824184,34.060826515059304],[35.64093547093706,34.06037130904007],[35.640648508020604,34.06029668510249],[35.640648508020604,34.06008027568351],[35.640876390336615,34.060065350896],[35.64171195882866,34.059886253445804],[35.64172039891444,34.05966984402682],[35.64139123556909,34.05906539013243],[35.64099455153751,34.05877435677587],[35.64085107007928,34.05867734565702],[35.64062318776327,34.058744507200835],[35.64055566707704,34.059363885882746],[35.64029402441791,34.05933403630772],[35.64023494381747,34.058140053306445],[35.6399901813299,34.05742366350568],[35.63978761927122,34.05732665238683],[35.63953441669787,34.05722964126797],[35.63930653438186,34.057102780574084],[35.639112412408956,34.05700576945523],[35.63896893095073,34.05695353269893],[35.63865664777693,34.0569236831239],[35.63839500511781,34.0569236831239],[35.63815024263024,34.056826672005045],[35.637778878856,34.0566028001923],[35.63752567628265,34.056461014710905],[35.63744127542486,34.05624460529192],[35.63753411636843,34.05602819587294],[35.637483475853756,34.05557298985371],[35.63728935388085,34.05528941889091],[35.637036151307505,34.05499838553435],[35.6366141470186,34.05487152484046],[35.63623434315858,34.054864062446704],[35.63577857852655,34.05485660005294],[35.63535657423763,34.054662577815236],[35.634959890206055,34.05451332994008],[35.634554766088705,34.0544387060025],[35.63430156351535,34.05421483418976],[35.63431000360113,34.054005887164536],[35.63414120188557,34.053714853807975],[35.633803598454435,34.053423820451414],[35.63352507562375,34.05315517427613],[35.63344067476597,34.0528417537383],[35.633271873050404,34.052699968256896],[35.63307775107751,34.05264773150059],[35.63311151142062,34.05214775111881],[35.633179032106845,34.051834330580974],[35.63353351570953,34.05148359807435],[35.63390487948378,34.05125226386785],[35.63413276179979,34.05113286556772],[35.63414120188557,34.05096869290505],[35.63414120188557,34.0509239185425],[35.63388799931222,34.050729896304794],[35.6337782781971,34.05058064842964],[35.63369387733932,34.050491099704544],[35.63313683167795,34.050737358698555],[35.63276546790371,34.050976155298805],[35.63269794721749,34.05132688780543],[35.632638866617036,34.05144628610556],[35.632410984301025,34.05144628610556],[35.63239410412947,34.050774670667344],[35.6330017903055,34.05057318603588],[35.63334783382241,34.05038662619193],[35.63335627390819,34.05022245352926],[35.63335627390819,34.050006044110276],[35.63301867047706,34.04987918341639],[35.6327317075606,34.04980455947881],[35.63268106704593,34.049588150059826],[35.63268106704593,34.0493269662783],[35.6324616248157,34.049058320103015],[35.632259062757015,34.04881952350276],[35.63201430026945,34.048409091846075],[35.63154165546587,34.04785687470798],[35.63111965117695,34.04739420629499],[35.63057948568714,34.04719272166353],[35.63046976457203,34.047088248150914],[35.630241882256016,34.04685691394442],[35.63004776028311,34.04654349340659],[35.629853638310216,34.04625992244378],[35.62960043573687,34.04596888908722],[35.62931347282041,34.04584202839334],[35.6292375120484,34.04560323179308],[35.6293556732493,34.045416671949134],[35.62960887582265,34.045371897586584],[35.62987051848177,34.04527488646773],[35.62990427882488,34.04506593944251],[35.629938039167996,34.04498385311117],[35.6296257559942,34.04498385311117],[35.62952447496486,34.044976390717416],[35.62898430947505,34.04490176677984],[35.62867202630126,34.044730131723405],[35.62850322458569,34.044349549641744],[35.62836818321324,34.04405851628519],[35.628258462098124,34.043745095747354],[35.628174061240344,34.04355107350965],[35.62814874098301,34.0435062991471],[35.628098100468335,34.04317049142799],[35.6278786582381,34.04285707089016],[35.62765921600787,34.04261081189615],[35.62738069317719,34.042230229814486],[35.627245651804735,34.041416828894874],[35.627034649660274,34.04076760063793],[35.62672236648648,34.04047656728137],[35.62650292425624,34.04020792110608],[35.62599651910955,34.039610929605445],[35.625549194563305,34.039081099648634],[35.624924628215716,34.03873782953577],[35.624325382125456,34.03836470984787],[35.62399621878011,34.03800651494749],[35.62382741706454,34.03767070722838],[35.6237261360352,34.036954317427615],[35.6238442972361,34.036640896889786],[35.62388649766499,34.03619315326431],[35.62375145629254,34.03580510878889],[35.62427474161079,34.035618548944946],[35.62441822306902,34.03550661303857],[35.62445198341213,34.035290203619596],[35.624333822211234,34.03519319250074],[35.62404685929477,34.03517080531947],[35.623793656721425,34.03508871898813],[35.62364173517742,34.03505140701934],[35.62359109466275,34.03498424547552],[35.62350669380497,34.03479022323781],[35.62342229294718,34.03457381381883],[35.62343073303296,34.03435740439985],[35.62343917311874,34.034021596680745],[35.62352357397652,34.034021596680745],[35.62375989637832,34.03416338216214],[35.62387805757921,34.03394697274316],[35.623768336464096,34.03344699236138],[35.62369237569209,34.03301417352342],[35.62364173517742,34.032633591441765],[35.62344761320452,34.032506730747876],[35.62310156968761,34.032506730747876],[35.623025608915604,34.03223808457259],[35.62311000977339,34.032051524728644],[35.62331257183207,34.032215697391315],[35.62342229294718,34.032267934147626],[35.623802096807204,34.0322007726038],[35.624173460581446,34.031894814459726],[35.624553264441474,34.031685867434504],[35.62513563036017,34.03129036056533],[35.62580239713665,34.030939628058704],[35.626258161768675,34.030902316089914],[35.626401643226906,34.0309769400275],[35.626629525542924,34.030909778483675],[35.62665484580025,34.03087992890865],[35.62674768674382,34.030745605821004],[35.62673080657226,34.03040979810189],[35.62653668459936,34.03011876474533],[35.62654512468514,34.029850118570046],[35.626258161768675,34.02975310745119],[35.625853037651325,34.02977549463247],[35.625793957050874,34.02998444165769],[35.6256673557642,34.03020085107667],[35.625642035506864,34.03024562543922],[35.62541415319085,34.030290399801764],[35.624924628215716,34.03018592628916],[35.62458702478458,34.03011130235157],[35.624156580409895,34.03011130235157],[35.6237261360352,34.03010383995782],[35.62360797483431,34.03010383995782],[35.62352357397652,34.03009637756406],[35.62304248908716,34.029805344207496],[35.62276396625648,34.029633709151064],[35.62256984428358,34.02937252536954],[35.622401042568015,34.029148653556796],[35.62214783999467,34.02881284583769],[35.622012798622215,34.02838002699973],[35.6219030775071,34.0281188432182],[35.62173427579153,34.02778303549909],[35.621692075362645,34.02742484059871],[35.62161611459064,34.02699202176075],[35.62127007107373,34.02667860122292],[35.62121943055906,34.02648457898521],[35.62111814952972,34.02593982424088],[35.62104218875772,34.02548461822165],[35.62104218875772,34.025312983165215],[35.62126163098795,34.02450704463935],[35.621185670215944,34.02385781638241],[35.621185670215944,34.02380557962611],[35.621092829272385,34.02368618132598],[35.62098310815727,34.02349215908827],[35.62098310815727,34.02342499754445],[35.62107594910083,34.02313396418789],[35.62119411030172,34.02292501716267],[35.62143043270352,34.02268622056241],[35.62158235424752,34.022499660718466],[35.62175959604887,34.02214146581808],[35.62179335639198,34.021835507674005],[35.62191995767866,34.02131314011095],[35.622012798622215,34.02100718196687],[35.62213095982311,34.02064152467273],[35.62219004042356,34.02038780328496],[35.62222380076667,34.020119157109676],[35.62232508179601,34.01973857502802],[35.622493883511574,34.01948485364025],[35.6225614041978,34.01931321858382],[35.62259516454092,34.01896248607719],[35.622409482653794,34.01829087063898],[35.62244324299691,34.01797745010114],[35.622704885656034,34.01769387913834],[35.623084689516055,34.01734314663172],[35.62335477226096,34.01703718848764],[35.62358265457697,34.01675361752484],[35.62381897697876,34.01649243374331],[35.62408061963789,34.01626109953681],[35.62468830581392,34.015910367030195],[35.62518627087484,34.015582021704844],[35.62544791353397,34.01547008579847],[35.62567579584998,34.01556709691732],[35.625869917822875,34.01556709691732],[35.62639320314113,34.01531337552956],[35.62665484580025,34.01514920286688],[35.62677300700115,34.01500741738548],[35.626950248802494,34.01489548147911],[35.627321612576736,34.01475369599771],[35.62766765609365,34.01490294387287],[35.62797149918166,34.015096966110576],[35.62829222244124,34.01526860116701],[35.62880706767371,34.01523128919822],[35.62889990861727,34.01526113877325],[35.629262832305734,34.015052191748026],[35.629887398653324,34.01462683530382],[35.63043600422891,34.014470125034904],[35.63083268826049,34.01445520024739],[35.630790487831604,34.014723846422676],[35.6304022438858,34.014768620785226],[35.62997179951111,34.01505965414179],[35.62976923745243,34.01551486016102],[35.62982831805288,34.0156790328237],[35.630250322341794,34.01565664564242],[35.630638566287594,34.01556709691732],[35.63090020894672,34.015507397767266],[35.631550095551646,34.015462623404716],[35.63174421752454,34.01535068749835],[35.63175265761032,34.015141740473126],[35.63064700637337,34.01528352595452],[35.63065544645915,34.0150745789293],[35.63153321538009,34.014813395147776],[35.63192145932589,34.014768620785226],[35.63206494078412,34.01544023622344],[35.63265574678859,34.01537307467962],[35.63259666618815,34.01491040626663],[35.632470064901476,34.014798470360255],[35.6324194243868,34.0146492224851],[35.632250622671236,34.01467160966637],[35.63204806061256,34.01467160966637],[35.63252914550192,34.013746272840386],[35.632858308847275,34.013082119795925],[35.63337315407975,34.01297764628332],[35.63447036523092,34.01274631207682],[35.63607398152879,34.01262691377669],[35.63747503576798,34.012597064201664],[35.63836124477469,34.01294779670828],[35.639272774038744,34.013082119795925],[35.64052190673393,34.01302988303962],[35.64056410716282,34.01302988303962],[35.641205553681964,34.01248512829529],[35.6419314010589,34.01189559918841],[35.642496886806036,34.011119510237585],[35.64285137040873,34.01052998113071],[35.64318053375408,34.00979120414867],[35.643340895383865,34.00910466392294],[35.643349335469644,34.00853005960358],[35.64320585401141,34.008507672422304],[35.64321429409719,34.008149477521926],[35.64338309581276,34.0080823159781],[35.64367849881499,34.00800769204052],[35.64373757941544,34.00758233559632],[35.64351813718521,34.00733607660231],[35.64323117426875,34.00721667830218],[35.64315521349674,34.00680624664549],[35.64316365358252,34.00647790132014],[35.643340895383865,34.00630626626371],[35.643340895383865,34.00611970641976],[35.643281814783414,34.00607493205721],[35.64323117426875,34.005977920938356],[35.64340841607009,34.00571673715683],[35.643349335469644,34.00557495167543],[35.64318053375408,34.00538092943772],[35.64283449023717,34.00547047816282],[35.64283449023717,34.005731661944345],[35.64277540963672,34.00579882348817],[35.642572847578045,34.00575404912562],[35.64252220706337,34.00556002688791],[35.64264036826427,34.005194369593774],[35.64287669066606,34.005149595231224],[35.64322273418297,34.005157057624984],[35.643281814783414,34.00500780974983],[35.64326493461186,34.00490333623721],[35.643256494526085,34.004746625968295],[35.64318053375408,34.00443320543046],[35.64291889109495,34.004216796011484],[35.64292733118073,34.0038586011111],[35.64315521349674,34.00379143956728],[35.643568777699876,34.00363472929836],[35.643484376842096,34.00329892157925],[35.64360253804299,34.003082512160276],[35.64345905658476,34.00284371556002],[35.643273374697635,34.00255268220346],[35.64269944886472,34.00264223092855],[35.6425897277496,34.00232881039072],[35.64259816783538,34.00163480777123],[35.64326493461186,34.001522871864864],[35.64307925272474,34.000664696582696],[35.64299485186696,34.000619922220146],[35.64293577126651,34.00059007264512],[35.64242936611981,34.00053037349505],[35.64240404586248,34.000082629869574],[35.642091762688686,34.00009755465709],[35.64214240320335,34.000455749557474],[35.642024242002456,34.00053037349505],[35.64184700020111,34.00052291110129],[35.641737279085994,34.000381125619896],[35.64152627694154,33.99966473581913],[35.64139967565487,33.99897073319964],[35.64186388037267,33.99868716223684],[35.64243780620559,33.99847821521162],[35.64238716569092,33.99824688100512],[35.642024242002456,33.99783644934843],[35.64187232045845,33.99788122371098],[35.641644438142436,33.99785137413595],[35.641560037284655,33.997687201473276],[35.64186388037267,33.997306619391615],[35.641576917456206,33.99703797321633],[35.640969231280174,33.997388705722955],[35.64129839462553,33.998082708342444],[35.641180233424635,33.99822449382385],[35.6410367519664,33.99820210664257],[35.640817309736164,33.99793346046729],[35.64053878690548,33.99750064162932],[35.64077510930728,33.99717229630397],[35.641180233424635,33.99688872534117],[35.64124775411086,33.99679171422232],[35.6411549131673,33.99659769198461],[35.64068226836371,33.99609771160283],[35.64060630759171,33.99609771160283],[35.640488146390815,33.99614994835913],[35.6403784252757,33.99623203469047],[35.640260264074804,33.996321583415565],[35.64012522270235,33.996373820171875],[35.63999862141568,33.99634397059684],[35.639509096440534,33.99581414064003],[35.63929809429608,33.99550072010219],[35.63934873481075,33.99540370898334],[35.63946689601165,33.995351472227036],[35.639568177040985,33.995314160258246],[35.63958505721254,33.99520222435188],[35.63955129686943,33.995067901264235],[35.63937405506808,33.99487387902653],[35.63915461283785,33.99459030806372],[35.63893517060762,33.994485834551114],[35.63869040812005,33.99456792088245],[35.63880856932094,33.99482910466398],[35.63868196803427,33.99488134142028],[35.63837812494625,33.994358973857224],[35.638707288291606,33.994150026832],[35.63865664777693,33.99394854220054],[35.6385131663187,33.99368735841901],[35.63805740168668,33.99369482081277],[35.63767759782665,33.994030628531874],[35.63753411636843,33.994030628531874],[35.637112112079514,33.993306776337356],[35.63730623405241,33.993142603674684],[35.63717119267996,33.99282918313685],[35.63786327971378,33.99242621387392],[35.6373906349102,33.99123223087265],[35.63721339310885,33.990941197516086],[35.63702771122173,33.99073971288462],[35.63694331036395,33.990657626553286],[35.636867349591945,33.990612852190736],[35.63678294873416,33.990612852190736],[35.63670698796216,33.990612852190736],[35.63662258710438,33.99063523937201],[35.63652130607503,33.990680013734554],[35.63643690521725,33.99075463767213],[35.63639470478836,33.99080687442844],[35.63629342375902,33.99083672400347],[35.6361077418719,33.99046360431558],[35.636563506503926,33.99009794702144],[35.63652130607503,33.9900158606901],[35.63645378538881,33.98991884957125],[35.636411584959916,33.98983676323991],[35.63642846513147,33.98975467690857],[35.6364959858177,33.989702440152264],[35.63658038667548,33.98955319227711],[35.63658038667548,33.989418869189464],[35.63651286598925,33.98927708370806],[35.63634406427369,33.98906067428908],[35.63616682247235,33.98891142641392],[35.63605710135723,33.988806952901314],[35.635955820327894,33.988680092207424],[35.63589673972744,33.98858308108857],[35.635719497926104,33.98850099475723],[35.63548317552431,33.988598005876085],[35.6352130927794,33.98822488618819],[35.63543253500964,33.98803832634424],[35.635255293208296,33.987904003256595],[35.63504429106384,33.988075638313035],[35.63465604711804,33.98773236820016],[35.63477420831894,33.98756819553749],[35.63475732814738,33.98744879723736],[35.634723567804265,33.98739656048106],[35.63466448720382,33.987329398937234],[35.634580086346034,33.98726969978717],[35.63445348505936,33.9871577638808],[35.63437752428736,33.98703836558067],[35.63421716265757,33.986874192918],[35.63400616051312,33.98673986983036],[35.633862679054886,33.98670255786157],[35.63366855708198,33.98655330998641],[35.63328875322196,33.986239889448576],[35.63311151142062,33.98609810396717],[35.6331959122784,33.98596378087953],[35.63305243082017,33.98585184497316],[35.6328076683326,33.98600109284832],[35.63243630455836,33.9858443825794],[35.63212402138456,33.98571752188552],[35.631727337352984,33.986030942423355],[35.631406614093414,33.98579960821686],[35.63173577743876,33.98543395092272],[35.631550095551646,33.98523246629125],[35.63161761623787,33.98509814320361],[35.63143193435075,33.98498620729724],[35.63128845289252,33.98512053038488],[35.6309846098045,33.98497874490348],[35.63105213049072,33.98473994830323],[35.630807368003154,33.9846205500031],[35.630410683971576,33.985083218416094],[35.6295497952222,33.98436682861533],[35.62920375170529,33.984717561121954],[35.628722666815925,33.98452353888425],[35.62891678878883,33.98403848328998],[35.62860450561503,33.98393400977737],[35.628486344414135,33.98438175340284],[35.62803057978211,33.98425489270896],[35.62813186081145,33.98376983711469],[35.627946178924326,33.98368775078335],[35.627709856522536,33.98404594568374],[35.62751573454964,33.983986246533675],[35.62773517677987,33.983583277270746],[35.6272962923194,33.98344149178934],[35.62716125094695,33.983904160202336],[35.62652824451358,33.983866848233546],[35.62657044494247,33.983247469551635],[35.62567579584998,33.98315045843278],[35.62543103336241,33.98340417982055],[35.62565047559264,33.98359820205826],[35.6254732337913,33.98371760035839],[35.62532975233307,33.983575814876986],[35.624781146757485,33.98403102089622],[35.625642035506864,33.98485934660336],[35.62648604408469,33.98429966707151],[35.626705486314926,33.984598162821825],[35.62504278941661,33.98568767231049],[35.62405529938055,33.98472502351571],[35.62311844985917,33.98526231586629],[35.62232508179601,33.98543395092272],[35.622637364969805,33.98629958859864],[35.623093129601834,33.986344362961184],[35.625338192418845,33.98641152450501],[35.62551543422019,33.986165265511],[35.62576019670776,33.986269739023605],[35.6254732337913,33.98666524589278],[35.6230678093445,33.986642858711505],[35.62227444128134,33.986672708286534],[35.62183555682087,33.98676971940539],[35.62144731287507,33.985978705667044],[35.620713025412364,33.98625481423609],[35.62092402755682,33.98679210658666],[35.62072990558392,33.98682941855545],[35.62053578361102,33.986926429674305],[35.62018974009411,33.98600109284832],[35.61799531779177,33.9867324074366],[35.618543923367355,33.98796370240666],[35.620476703010574,33.98730701175596],[35.62103374867194,33.98731447414972],[35.62206343913689,33.987292086968445],[35.62213095982311,33.98763535708131],[35.62156547407597,33.987695056231374],[35.6186030039678,33.98858308108857],[35.617539553159745,33.98879202811379],[35.616703984667694,33.987292086968445],[35.61634106097923,33.98730701175596],[35.61585153600409,33.98731447414972],[35.615539252830295,33.98715030148705],[35.61511724854138,33.986963741643095],[35.6147205645098,33.987456259631124],[35.61443360159334,33.98726969978717],[35.61466148390936,33.98699359121813],[35.61483028562492,33.98685926813049],[35.61466148390936,33.98677718179915],[35.61439984125023,33.98676971940539],[35.61413819859111,33.98662793392399],[35.61390187618932,33.98653838519889],[35.613775274902636,33.986560772380166],[35.613606473187076,33.986642858711505],[35.6134798719004,33.986762257011634],[35.61336171069951,33.98689658009928],[35.61336171069951,33.987053290368195],[35.613403911128394,33.987254774999656],[35.61352207232929,33.98735924851227],[35.61395251670398,33.987583120325006],[35.614256359792,33.987709981018895],[35.61468680416669,33.98789654086284],[35.61518476922761,33.98810548788806],[35.61623977994989,33.98833682209456],[35.61623977994989,33.98850099475723],[35.61558989334496,33.98841144603214],[35.61429856022089,33.98813533746309],[35.613775274902636,33.987904003256595],[35.61348831198618,33.9877622177752],[35.61310850812616,33.98763535708131],[35.612779344780805,33.986680170680295],[35.61266118357991,33.98637421253622],[35.61252614220746,33.986030942423355],[35.6125092620359,33.98573244667303],[35.61251770212168,33.98544887571023],[35.61256834263635,33.9851876919287],[35.61264430340835,33.984971282509726],[35.6128215452097,33.984717561121954],[35.6128975059817,33.984433990159154],[35.6128975059817,33.98418026877138],[35.61280466503814,33.98397132174616],[35.61266962366569,33.98379222429597],[35.61250082195012,33.98362805163329],[35.61217165860477,33.983366867851764],[35.61181717500209,33.98309822167648],[35.611623053029184,33.98290419943877],[35.61140361079895,33.982680327626035],[35.61089720565226,33.98176991558756],[35.610753724194026,33.98167290446871],[35.61055960222112,33.981687829256224],[35.61041612076289,33.98174752840629],[35.610314839733554,33.981971400219024],[35.60947083115573,33.981949013037756],[35.609234508753936,33.98182961473763],[35.60919230832505,33.981650517287434],[35.609310469525944,33.98150873180603],[35.609605872528185,33.98141172068718],[35.60994347595931,33.98135948393087],[35.610306399647776,33.981329634355845],[35.610618682821574,33.98126993520578],[35.610939406081144,33.9810535257868],[35.61103224702471,33.98085204115534],[35.61096472633848,33.980628169342594],[35.61089720565226,33.98041175992361],[35.6106862035078,33.98036698556107],[35.610466761277564,33.98028489922973],[35.610382360419784,33.980143113748326],[35.61021355870422,33.98003864023572],[35.61006163716021,33.98003864023572],[35.60990127553042,33.979896854754315],[35.60990127553042,33.97971775730412],[35.60985907510153,33.97962074618527],[35.6097155936433,33.97951627267266],[35.609546791927734,33.979531197460176],[35.609453950984175,33.97962820857903],[35.6094455108984,33.979934166723105],[35.60936955012639,33.98012818896081],[35.60922606866816,33.98015057614209],[35.6090572669526,33.98010580177954],[35.609074147124154,33.97955358464145],[35.60910790746726,33.979240164103615],[35.609310469525944,33.97905360425967],[35.609597432442406,33.97890435638451],[35.60967339321441,33.97872525893432],[35.609631192785514,33.978426763184],[35.60951303158462,33.978225278552536],[35.60925138892549,33.97813572982744],[35.608846264808136,33.97812826743368],[35.60855930189168,33.97808349307113],[35.608297659232555,33.977941707589736],[35.608078217002316,33.977941707589736],[35.607934735544085,33.97799394434604],[35.60785877477208,33.97809841785865],[35.60790097520098,33.978255128127564],[35.60792629545831,33.97839691360897],[35.60787565494364,33.97853869909037],[35.60770685322807,33.97857601105916],[35.60739457005428,33.978553623877886],[35.60705696662315,33.978426763184],[35.60689660499336,33.978225278552536],[35.60678688387824,33.97783723407712],[35.60688816490758,33.977598437476864],[35.60843270060501,33.97710591948884],[35.608677463092576,33.97700144597623],[35.60882094455081,33.97688951006986],[35.608829384636586,33.976665638257124],[35.60880406437925,33.976464153625656],[35.608618382492125,33.976225357025406],[35.608280779061,33.97597909803139],[35.60817949803166,33.97591193648757],[35.60744521056895,33.97545673046834],[35.60649992096178,33.974620942367444],[35.606364879589336,33.97424036028579],[35.60639863993244,33.97397917650426],[35.606305798988885,33.97380007905407],[35.605225468009266,33.97306876446579],[35.605081986551035,33.97297175334694],[35.604676862433685,33.97284489265305],[35.604313938745214,33.97276280632171],[35.60402697582876,33.97269564477789],[35.60371469265496,33.97262848323407],[35.60347837025317,33.97250908493395],[35.603225167679824,33.972285213121204],[35.60287068407713,33.97209865327726],[35.602296758244215,33.972135965246046],[35.60203511558509,33.97209865327726],[35.60182411344063,33.972091190883496],[35.60170595223973,33.9719494054021],[35.60153715052417,33.97178523273942],[35.601300828122376,33.97166583443929],[35.60115734666415,33.97165837204554],[35.60091258417658,33.97169568401433],[35.60062562126012,33.97169568401433],[35.60048213980189,33.97161359768299],[35.60058342083123,33.971434500232796],[35.6008281833188,33.971352413901464],[35.60111514623526,33.97135987629522],[35.60140210915172,33.971307639538914],[35.60164687163929,33.971150929269996],[35.60172283241129,33.970949444638535],[35.60154559060995,33.9704046898942],[35.60135146863705,33.970501701013056],[35.60103918546326,33.97059871213191],[35.60074378246102,33.97065094888821],[35.600456819544554,33.97065094888821],[35.60016985662809,33.970583787344395],[35.5999335342263,33.97044200186299],[35.599680331652955,33.97203895412719],[35.59973097216763,33.972203126789864],[35.59974785233918,33.97248669775267],[35.599621251052504,33.972621020840315],[35.599376488564936,33.972621020840315],[35.59917392650626,33.97238968663382],[35.59946088942272,33.97060617452566],[35.59948620968005,33.9704046898942],[35.599587490709396,33.97027036680656],[35.599739412253406,33.97010619414388],[35.600001054912525,33.969874859937384],[35.600220497142764,33.969636063337134],[35.60042305920144,33.96930025561802],[35.60066782168901,33.96900175986771],[35.600895704005026,33.96868833932987],[35.600895704005026,33.96846446751714],[35.60065938160323,33.968240595704394],[35.60042305920144,33.968240595704394],[35.60017829671387,33.96823313331064],[35.59989133379741,33.96823313331064],[35.59962969113828,33.968121197404265],[35.599444009251165,33.96790478798529],[35.599300527792934,33.96768091617255],[35.599216126935154,33.96745704435981],[35.5995452902805,33.96717347339701],[35.599688771738734,33.96709138706567],[35.59988289371163,33.966934676796754],[35.6000516954272,33.966777966527836],[35.60017829671387,33.96653916992758],[35.60018673679965,33.966240674177264],[35.60017829671387,33.96611381348338],[35.60016985662809,33.96596456560822],[35.60007701568453,33.96582278012682],[35.59986601354008,33.96567353225166],[35.599621251052504,33.965509359588985],[35.599536850194724,33.96531533735128],[35.599536850194724,33.96512877750733],[35.59965501139562,33.9650093792072],[35.599832253196965,33.96483774415077],[35.59979005276807,33.96465118430682],[35.599621251052504,33.96439000052529],[35.59931740796449,33.96412881674377],[35.5990810855627,33.96414374153128],[35.59895448427603,33.964158666318795],[35.5986928416169,33.964195978287584],[35.59850715972978,33.96413627913752],[35.59848183947244,33.96393479450606],[35.598608440759115,33.96381539620593],[35.59868440153112,33.96361391157446],[35.59863376101645,33.96353182524313],[35.59854092007289,33.963457201305545],[35.59844807912933,33.963412426943],[35.598228636899094,33.96334526539918],[35.597992314497304,33.9633228782179],[35.597747552009736,33.96334526539918],[35.597511229607946,33.96336019018669],[35.597291787377706,33.96349451327434],[35.59727490720615,33.96445716206912],[35.596979504203915,33.96443477488784],[35.5970217046328,33.96302438246759],[35.59709766540481,33.962927371348734],[35.597359308063936,33.962807973048605],[35.59765471106618,33.962733349111026],[35.59794167398263,33.96267364996096],[35.5981864364702,33.96265872517345],[35.59847339938666,33.96264380038593],[35.5986928416169,33.96254678926708],[35.598819442903576,33.96239007899816],[35.598819442903576,33.96212889521663],[35.598827882989355,33.961748313134976],[35.59878568256046,33.96132295669077],[35.59871816187423,33.96111400966555],[35.59862532093067,33.960845363490265],[35.59826239724221,33.96091998742784],[35.5979163537253,33.96033045832097],[35.5981864364702,33.960196135233325],[35.59809359552664,33.96005434975192],[35.59758719037995,33.95951705740135],[35.59723270677726,33.95935288473868],[35.59703858480436,33.95942750867626],[35.596532179657665,33.95938273431371],[35.59642245854255,33.95906185138212],[35.59639713828521,33.95877828041931],[35.59595825382475,33.95831561200632],[35.595764131851844,33.958390235943895],[35.59566285082251,33.9585842581816],[35.595966693910526,33.95985286512046],[35.5957050512514,33.95991256427052],[35.5953927680776,33.95892006590071],[35.59497076378869,33.95857679578785],[35.59453187932822,33.958352923975106],[35.59541808833494,33.95760668459931],[35.595367447820266,33.95756937263052],[35.59527460687671,33.957487286299184],[35.59516488576159,33.95714401618632],[35.59446435864199,33.95652463750441],[35.5940339142673,33.95636046484174],[35.59339246774815,33.956151517816515],[35.59263286002811,33.95561422546594],[35.59189013247963,33.954875448483904],[35.59150188853383,33.95404712277677],[35.59111364458803,33.952957613288106],[35.59048063815466,33.950741282342],[35.59025275583865,33.95007712929754],[35.59026119592442,33.94967416003461],[35.59026119592442,33.94945775061563],[35.590286516181756,33.94929357795296],[35.590362476953764,33.949114480502764],[35.590514398497774,33.94895777023385],[35.590657879956,33.948778672783654],[35.59071696055645,33.94862196251474],[35.59075916098534,33.948502564214614],[35.59076760107112,33.94815929410175],[35.590590359269775,33.94721157009449],[35.590505958411995,33.94664442816888],[35.59034559678221,33.94626384608723],[35.59025275583865,33.94598027512443],[35.59009239420886,33.94563700501156],[35.58995735283641,33.945360896442516],[35.58983919163551,33.94512956223602],[35.589813871378176,33.944950464785826],[35.589822311463955,33.94479375451691],[35.58977167094928,33.94467435621678],[35.58963662957683,33.9445474955229],[35.5894171873466,33.94451018355411],[35.58924838563103,33.94450272116035],[35.589054263658134,33.94458480749169],[35.588598499026105,33.94477136733563],[35.58848033782521,33.94443555961653],[35.58869978005544,33.94425646216634],[35.58849721799677,33.94393557923475],[35.586775440498,33.94549521953016],[35.58702020298557,33.946457868324934],[35.58670791981178,33.9465698042313],[35.5863871965522,33.945398208411305],[35.58717212452958,33.944666893823026],[35.58715524435802,33.94420422541003],[35.58654755818199,33.94217445430787],[35.5853406259157,33.94242071330188],[35.58479202034012,33.94067451316252],[35.584057732877405,33.93817461125361],[35.583441606615594,33.93589858115743],[35.583348765672035,33.93555531104457],[35.58288456095423,33.933547927123676],[35.58310400318447,33.93353300233616],[35.583281244985805,33.93415238101807],[35.58501990265613,33.93386134766151],[35.58407461304896,33.93066744313311],[35.581973031690175,33.9311301115461],[35.582133393319964,33.93167486629043],[35.58131470499947,33.93180172698432],[35.582048992462184,33.93437625283081],[35.58234439546442,33.934324016074505],[35.582521637265764,33.93588365636992],[35.58244567649376,33.93612991536393],[35.582276874778195,33.93616722733272],[35.582040552376405,33.93615976493896],[35.581897070918174,33.93601797945756],[35.58132314508525,33.93398074596164],[35.58037785547809,33.93053312004547],[35.581348465342586,33.93030178583897],[35.58155946748704,33.93014507557005],[35.58171138903105,33.92997344051362],[35.58170294894527,33.92992866615107],[35.58169450885949,33.92974956870088],[35.58116278345547,33.92787650786763],[35.58091802096789,33.92702579497923],[35.580816739938555,33.92664521289757],[35.579719528787386,33.922839392081016],[35.57938192535625,33.92174988259235],[35.57909496243979,33.92086185773516],[35.579044321925124,33.92070514746624],[35.57853791677843,33.91903357126446],[35.5822346743493,33.91800376092586],[35.58210807306263,33.917526167725356],[35.581888630832395,33.917563479694145],[35.58152570714393,33.916533669355545],[35.58169450885949,33.916414271055416],[35.5813822256857,33.915802354767266],[35.580968661482565,33.91501880342268],[35.580740779166554,33.91504119060396],[35.58012465290474,33.91386959478396],[35.57968576844427,33.91325021610205],[35.57954228698604,33.91305619386434],[35.57929752449847,33.9129218707767],[35.579128722782905,33.91286963402039],[35.57869827840821,33.91302634428931],[35.57829315429086,33.912496514332496],[35.57875735900866,33.91222040576345],[35.57818343317574,33.911392080056316],[35.5780821521464,33.91125029457491],[35.57762638751438,33.910780163768166],[35.577491346141926,33.91071300222434],[35.577356304769474,33.91068315264931],[35.577263463825915,33.910571216742945],[35.577204383225464,33.91039958168651],[35.577195943139685,33.91022048423632],[35.576343494476085,33.90939215852919],[35.57610717207429,33.90919067389772],[35.576368814733414,33.90894441490371],[35.57614937250318,33.90863099436587],[35.57593837035873,33.90842950973441],[35.575567006584485,33.90822802510294],[35.575263163496466,33.90828772425301],[35.57446979543331,33.907541484877214],[35.57383678899994,33.90696688055785],[35.57275645802032,33.90595945740053],[35.5723766541603,33.90564603686269],[35.57201373047184,33.90534754111238],[35.57156640592559,33.90501919578703],[35.57127100292335,33.905220680418495],[35.571102201207786,33.90503412057454],[35.57124568266602,33.90483263594308],[35.57068863700465,33.904355042742566],[35.570663316747314,33.9043326555613],[35.5704776348602,33.90428041880499],[35.57030039305885,33.90428788119875],[35.570047190485504,33.90436996753009],[35.569945909456166,33.90436996753009],[35.56936354353746,33.904108783748555],[35.56878117761877,33.903787900816965],[35.56808065049917,33.9035864161855],[35.56711848072045,33.90343716831034],[35.56675555703198,33.90336254437276],[35.56646015402975,33.90337000676652],[35.56559926528036,33.904153558111105],[35.565641465709255,33.90511620690588],[35.56668803634576,33.90654152411365],[35.56651079454441,33.906690771988806],[35.56590310836838,33.90589975825046],[35.56503377953322,33.904847560730595],[35.56451049421497,33.90478786158053],[35.564189770955394,33.904810248761805],[35.564037849411385,33.90486994791187],[35.56390280803893,33.90485502312435],[35.563885927867375,33.90466100088665],[35.564029409325606,33.904556527374034],[35.56423197138429,33.90454906498027],[35.5644598537003,33.90463115131161],[35.56532074244968,33.90464607609913],[35.56532918253546,33.90400431023595],[35.566333552743075,33.903123747772504],[35.56570054630971,33.90216856137149],[35.56551486442258,33.902064087858875],[35.565346062707015,33.902026775890086],[35.565261661849235,33.902034238283846],[35.565168820905676,33.902071550252636],[35.56505909979055,33.90216109897773],[35.56469617610209,33.902556605846904],[35.56343860332113,33.902101399827664],[35.56289843783132,33.90193722716499],[35.5625945947433,33.9018476784399],[35.56280559688776,33.901377547633146],[35.56285623740243,33.90098204076398],[35.56276339645887,33.90064623304487],[35.5625945947433,33.900429823625885],[35.562324511998405,33.90025818856945],[35.56222323096906,33.90019848941939],[35.56129482153345,33.899810444943974],[35.559876887122705,33.89930300216844],[35.55923544060356,33.899079130355695],[35.55861931434175,33.89895226966181],[35.55832391133951,33.89889257051175],[35.55783438636437,33.89887018333047],[35.55731110104612,33.899735821006395],[35.55704101830121,33.90001192957544],[35.5568890967572,33.90001192957544],[35.5560366480936,33.89958657313124],[35.556095728694046,33.8989895816306],[35.555479602432236,33.89873586024283],[35.554635593854414,33.898392590129966],[35.55438239128107,33.89831796619239],[35.55357214304635,33.89826572943608],[35.55282097541209,33.89834035337366],[35.552323010351174,33.89845228928003],[35.551867245719144,33.89859407476143],[35.55169844400358,33.898750785030344],[35.55163936340313,33.898803021786655],[35.5516900039178,33.899041818386905],[35.55168156383202,33.89918360386831],[35.55165624357469,33.899332851743466],[35.55151276211646,33.899444787649834],[35.551394600915565,33.89956418594996],[35.551327080229335,33.89980298255022],[35.55129331988622,33.89999700478793],[35.55129331988622,33.90020595181315],[35.55125955954311,33.900467135594674],[35.55128487980044,33.900683545013656],[35.55131020005778,33.900832792888814],[35.55127643971467,33.901041739914035],[35.55121735911422,33.90110890145786],[35.55112451817066,33.901131288639135],[35.55098947679821,33.90115367582041],[35.55081223499686,33.90115367582041],[35.55060967293819,33.9012432245455],[35.55051683199462,33.901534257902064],[35.55066031345285,33.90172828013977],[35.550710953967524,33.9018476784399],[35.55073627422486,33.901989463921296],[35.55073627422486,33.9021312494027],[35.55067719362441,33.902273034884104],[35.55049995182307,33.9024148203655],[35.55038179062217,33.90257899302818],[35.55028894967861,33.90281778962843],[35.550170788477715,33.903056586228686],[35.55005262727682,33.90328792043518],[35.54973190401724,33.90359387857926],[35.54926769929944,33.903780438423205],[35.54903981698343,33.90384759996703],[35.548719093723854,33.90391476151085],[35.54822956874872,33.90400431023595],[35.54786664506025,33.90399684784219],[35.547402440342445,33.903869987148305],[35.54709859725443,33.90377297602945],[35.54689603519575,33.90364611533556],[35.546786314080634,33.90355656661047],[35.5466428326224,33.90338493155404],[35.54653311150729,33.903213296497604],[35.54644871064951,33.903049123834926],[35.54633898953439,33.90287748877849],[35.54628834901972,33.90271331611582],[35.54620394816194,33.90256406824066],[35.546153307647266,33.902467057121804],[35.54611954730415,33.90228795967162],[35.54527553872633,33.90200438870881],[35.54481133400852,33.90185514083365],[35.544389329719614,33.901817828864864],[35.54382384397247,33.90181036647111],[35.543224597882215,33.90188499040869],[35.542464990162166,33.902153636583975],[35.5422202276746,33.90233273403416],[35.54203454578748,33.90250436909059],[35.541924824672364,33.90267600414703],[35.54178134321413,33.902884951172254],[35.541705382442125,33.90314613495378],[35.541705382442125,33.90338493155404],[35.541764463042576,33.90359387857926],[35.542009225530144,33.90372073927314],[35.54218646733149,33.90381028799824],[35.54218646733149,33.90395207347964],[35.542152706988375,33.9040117726297],[35.54196702510125,33.9041013213548],[35.5417560229568,33.904153558111105],[35.541469060040335,33.9042431068362],[35.541325578582104,33.90429534359251],[35.541241177724324,33.90432519316754],[35.54111457643765,33.90436996753009],[35.54065037171984,33.90454160258652],[35.54019460708782,33.904683388067916],[35.53957848082601,33.904563989767794],[35.53943499936778,33.904802786368045],[35.53922399722332,33.90502665818079],[35.538911714049526,33.90535500350614],[35.538624751133064,33.905698273619],[35.538557230446834,33.90575797276907],[35.53843906924594,33.905780359950334],[35.537991744699696,33.90567588643773],[35.53764570118278,33.9056087248939],[35.53744313912411,33.90554902574384],[35.537156176207645,33.905466939412506],[35.536616010717836,33.90531769153734],[35.536303727544045,33.90500427099951],[35.53596612411291,33.90478039918677],[35.53571292153956,33.90463115131161],[35.53548503922355,33.904556527374034],[35.53519807630709,33.90457891455531],[35.5348857931333,33.90462368891785],[35.53487735304752,33.904765474399255],[35.53502083450575,33.90493710945569],[35.535999884456025,33.90585498388792],[35.53610960557114,33.90600423176308],[35.535527239652446,33.90632511469467],[35.53583952282624,33.90659376086995],[35.53621932668626,33.90634003948218],[35.536388128401825,33.90660122326371],[35.536092725399584,33.90678778310766],[35.536683531404066,33.907459398545875],[35.53659069046051,33.907578796846],[35.535822642654686,33.90886232857237],[35.53456506987372,33.908854866178615],[35.533450978550995,33.90878770463479],[35.53104555410419,33.90874293027225],[35.52974578089434,33.909101125172626],[35.52973734080856,33.909504094435555],[35.52930689643387,33.9094966320418],[35.52931533651965,33.909145899535176],[35.5292562559192,33.90660868565747],[35.52854728871383,33.90633257708843],[35.527298156018645,33.90592214543174],[35.525365376375426,33.90519083084346],[35.5247914505425,33.907832518233775],[35.5223100653237,33.90617586681951],[35.522605468325935,33.9034446307041],[35.51915347324263,33.901377547633146],[35.5183516650937,33.90430280598626],[35.515904040218004,33.903250608466394],[35.51528791395619,33.900302962932],[35.512215722732904,33.9005342971385],[35.512063801188894,33.90225064770283],[35.50986937888655,33.90193722716499],[35.50971745734254,33.89972089621888],[35.50683094800638,33.90101189033901],[35.50683938809216,33.90265361696576],[35.50684782817794,33.902810327234675],[35.51560863721576,33.90507143254333],[35.51668896819538,33.905586337712634],[35.525373816461205,33.91030257056766],[35.53093583298907,33.91492925469759],[35.53167856053756,33.914944179485104],[35.53182204199579,33.915108352147776],[35.53141691787843,33.915436697473126],[35.53205836439758,33.91602622658001],[35.53188112259624,33.916220248817716],[35.52746695773421,33.912496514332496],[35.525365376375426,33.9107204646181],[35.524681729427385,33.910242871417594],[35.52154201751787,33.90854144564078],[35.51973583916133,33.907541484877214],[35.51716161299896,33.9062131787883],[35.51540607515709,33.905429627443716],[35.511270433125745,33.90425803162371],[35.51001286034478,33.9070116549204],[35.50909289099495,33.906884794226514],[35.507894398814436,33.906728083957596],[35.505269532137405,33.906407201026006],[35.50444240373113,33.90620571639454],[35.50353931455286,33.905862446281674],[35.50151369396608,33.905504251381295],[35.50043336298646,33.90528037956855],[35.49954715397975,33.90502665818079],[35.49790133725298,33.904437129073905],[35.49755529373608,33.90464607609913],[35.4974708928783,33.90454906498027],[35.49782537648098,33.90422071965492],[35.49782537648098,33.90376551363569],[35.497724095451645,33.90322075889136],[35.49753841356452,33.902765552872125],[35.49709108901828,33.90228049727786],[35.49646652267068,33.90195961434627],[35.49598543778132,33.90185514083365],[35.49552123306352,33.90187006562117],[35.49500638783105,33.90195961434627],[35.4945168628559,33.902190948552764],[35.49431430079723,33.90228049727786],[35.493892296508314,33.90263869217824],[35.49385009607943,33.90267600414703],[35.49360533359185,33.903011811866136],[35.49467722448569,33.9040117726297],[35.49647496275646,33.905384853081166],[35.49619643992578,33.90560126250015],[35.49461814388525,33.90475054961174],[35.49314112887405,33.903578953791744],[35.49266004398469,33.903123747772504],[35.49228868021045,33.90323568367888],[35.49222959961,33.90325807086015],[35.4919173164362,33.903467017885376],[35.491655673777075,33.903504329854165],[35.49136871086062,33.903504329854165],[35.491031107429485,33.90342970591658],[35.49076946477036,33.9033028452227],[35.49051626219701,33.90310882298499],[35.490322140224116,33.90293718792856],[35.49015333850855,33.90281778962843],[35.48995921653565,33.902720778509575],[35.489697573876526,33.90271331611582],[35.48944437130318,33.902683466540786],[35.48930088984495,33.90256406824066],[35.48927556958761,33.90242228275926],[35.48930932993073,33.90232527164041],[35.48939373078851,33.90225811009658],[35.48942749113162,33.902116324615186],[35.48936841053117,33.90196707674002],[35.489174288558274,33.9018476784399],[35.48889576572759,33.90179544168359],[35.48851596186757,33.90172081774601],[35.488178358436436,33.901661118595946],[35.48778167440486,33.90163126902092],[35.48720774857194,33.90162380662716],[35.48669290333947,33.9016163442334],[35.486262458964774,33.90165365620219],[35.48573917364652,33.90179544168359],[35.48530872927183,33.90190737758996],[35.4852834090145,33.90191483998372],[35.484937365497586,33.90199692631506],[35.4845069211229,33.90208647504015],[35.48416087760599,33.902153636583975],[35.48243066002144,33.90261630499697],[35.48197489538942,33.90281778962843],[35.48167949238718,33.90295957510983],[35.481476930328505,33.90307897340996],[35.481333448870274,33.90322075889136],[35.48115620706893,33.90340731873531],[35.48095364501025,33.90354910421671],[35.48069200235113,33.903661040123076],[35.480405039434665,33.9036759649106],[35.48015183686132,33.9036759649106],[35.479864873944855,33.90362372815429],[35.47957791102839,33.90347448027913],[35.47935846879816,33.903355081979],[35.479155906739486,33.90323568367888],[35.47890270416614,33.90315359734754],[35.47864950159279,33.903101360591236],[35.47830345807588,33.903056586228686],[35.47781393310074,33.90297449989735],[35.477560730527394,33.90292226314104],[35.47721468701049,33.902840176809704],[35.47690240383669,33.9027879400534],[35.47650571980511,33.90273570329709],[35.476100595687754,33.90266107935951],[35.47582207285707,33.90263122978448],[35.475535109940616,33.90257899302818],[35.4751890664237,33.902474519515565],[35.475028704793914,33.90240735797175],[35.4741424957872,33.90225811009658],[35.473771132012956,33.90225064770283],[35.47343352858183,33.902101399827664],[35.473087485064916,33.90192976477123],[35.47280896223424,33.901780516896075],[35.472462918717326,33.901705892958496],[35.47226035665865,33.901705892958496],[35.471931193313296,33.90229542206537],[35.47100278387769,33.901825291258625],[35.47112938516436,33.90132531087684],[35.47112938516436,33.901161138214164],[35.47113782525014,33.90101935273277],[35.47105342439236,33.90089995443264],[35.470850862333684,33.90082533049506],[35.470572339503,33.90077309373875],[35.470251616243424,33.90074324416372],[35.46997309341274,33.90069100740742],[35.469711450753614,33.90061638346984],[35.46943292792294,33.90054175953225],[35.469145965006476,33.90048952277595],[35.468918082690465,33.90048206038219],[35.46871552063178,33.90048206038219],[35.46848763831577,33.90048206038219],[35.46828507625709,33.90042236123213],[35.46817535514197,33.90033281250703],[35.46817535514197,33.900183564631874],[35.46835259694332,33.90009401590678],[35.468605799516666,33.90004924154423],[35.468757721060676,33.8999298432441],[35.46881680166112,33.89976567058143],[35.468757721060676,33.899594035525],[35.46867332020289,33.8995044867999],[35.46856359908777,33.89947463722487],[35.46842011762954,33.89947463722487],[35.468225995656645,33.89947463722487],[35.46796435299752,33.899489562012384],[35.467846191796625,33.89957911073748],[35.467787111196174,33.899773132975184],[35.467694270252615,33.89995969281914],[35.467550788794384,33.90005670393799],[35.46744106767927,33.899982080000406],[35.46744106767927,33.899788057762706],[35.46750014827971,33.89967612185633],[35.46750858836549,33.89955672355621],[35.46748326810816,33.899459712437356],[35.46736510690726,33.8993627013185],[35.467314466392594,33.899168679080795],[35.46737354699304,33.899123904718245],[35.46751702845127,33.899123904718245],[35.46771115042417,33.89919852865582],[35.46811627454153,33.899205991049584],[35.468403237457984,33.89913882950576],[35.468690200374446,33.89907166796194],[35.468774601232234,33.89902689359939],[35.46880836157534,33.89885525854296],[35.46880836157534,33.89866869869901],[35.46881680166112,33.898504526036334],[35.46887588226157,33.8983328909799],[35.46896028311935,33.89823587986105],[35.46896872320513,33.898146331135955],[35.468850562004235,33.898071707198376],[35.468766161146455,33.898019470442065],[35.46865644003134,33.898019470442065],[35.46836947711488,33.898019470442065],[35.46814159479886,33.89801200804831],[35.467998113340634,33.89801200804831],[35.46791371248285,33.89803439522959],[35.4678546318824,33.898109019167165],[35.46790527239707,33.89827319182984],[35.467989673254856,33.89841497731124],[35.46804031376952,33.89855676279264],[35.46800655342641,33.8987060106678],[35.46766894999528,33.89874332263659],[35.467550788794384,33.89874332263659],[35.46696842287569,33.896788175472004],[35.46694310261835,33.89657922844678],[35.466917782361016,33.89640759339035],[35.46697686296146,33.89633296945277],[35.46708658407658,33.896340431846525],[35.46728914613526,33.896340431846525],[35.46751702845127,33.896340431846525],[35.46774491076729,33.896422518177864],[35.46803187368374,33.896474754934175],[35.468377917200655,33.89649714211544],[35.468605799516666,33.896504604509204],[35.46878304131801,33.89627327030271],[35.46863955985978,33.89616879679009],[35.4684369978011,33.896146409608825],[35.46800655342641,33.896094172852514],[35.46781243145351,33.89601208652118],[35.46750014827971,33.895937462583596],[35.467246945706364,33.89586283864602],[35.46701906339035,33.89574344034589],[35.46679118107434,33.89559419247073],[35.466622379358775,33.8954747941706],[35.46654641858677,33.89539270783927],[35.46648733798632,33.895325546295446],[35.466377616871206,33.89517629842029],[35.46625945567031,33.89498973857634],[35.46620881515564,33.8948181035199],[35.466158174640974,33.894676318038506],[35.466158174640974,33.89455691973838],[35.466242575498754,33.8944822958008],[35.46641137721432,33.894467371013285],[35.46664769961611,33.894467371013285],[35.46679118107434,33.89440020946946],[35.466774300902784,33.89403455217532],[35.466689900045004,33.89393007866271],[35.46651265824366,33.89390769148144],[35.46631853627076,33.89390022908768],[35.46611597421208,33.89390022908768],[35.46597249275385,33.89378083078755],[35.465921852239184,33.89358680854984],[35.465930292324956,33.893400248705895],[35.465930292324956,33.89325100083074],[35.46601469318274,33.89320622646819],[35.466158174640974,33.89320622646819],[35.46636073669965,33.89321368886195],[35.466470457814765,33.89321368886195],[35.46650421815788,33.89309429056182],[35.46650421815788,33.893027129017995],[35.46636917678543,33.89297489226169],[35.46633541644231,33.89290026832411],[35.46642825738588,33.892780870023984],[35.46651265824366,33.892713708480166],[35.46663081944455,33.892668934117616],[35.466858701760565,33.89264654693634],[35.46708658407658,33.8926540093301],[35.467314466392594,33.89272863326768],[35.467542348708605,33.89272863326768],[35.467601429309056,33.89272863326768],[35.467601429309056,33.892631622148826],[35.467601429309056,33.892586847786276],[35.46751702845127,33.89254207342373],[35.46743262759349,33.89248983666742],[35.46728914613526,33.89243759991112],[35.467238505620585,33.8923704383673],[35.467238505620585,33.89227342724845],[35.46740730733615,33.8922286528859],[35.4675845491375,33.89220626570462],[35.46787995213973,33.892176416129594],[35.46804031376952,33.89216895373583],[35.46821755557087,33.892094329798255],[35.46832727668598,33.89200478107316],[35.46842011762954,33.89190776995431],[35.46859735943089,33.89186299559176],[35.46874084088912,33.89181822122921],[35.468934962862015,33.89181822122921],[35.4691375249207,33.89182568362297],[35.469306326636264,33.89182568362297],[35.4694835684376,33.891803296441694],[35.469711450753614,33.891691360535326],[35.46982961195451,33.8916241989915],[35.470091254613635,33.8913406280287],[35.47020941581454,33.89110183142844],[35.470395097701655,33.89052722710908],[35.47047105847366,33.890057096302336],[35.47049637873099,33.88992277321469],[35.47047105847366,33.889758600552014],[35.47044573821633,33.88956457831431],[35.470454178302106,33.889392943257874],[35.47042885804477,33.8892287705952],[35.4702600563292,33.889034748357496],[35.47013345504253,33.888997436388706],[35.470091254613635,33.888982511601185],[35.46994777315541,33.889027285963735],[35.46982961195451,33.889146684263864],[35.469686130496285,33.88916907144514],[35.46942448783716,33.88911683468883],[35.46906156414869,33.88892281245113],[35.46879992148956,33.888825801332274],[35.468605799516666,33.88879595175724],[35.46834415685754,33.88879595175724],[35.46817535514197,33.88881087654475],[35.46805719394108,33.88878848936348],[35.46806563402686,33.88872132781966],[35.46809095428419,33.88864670388208],[35.46820911548509,33.88864670388208],[35.468318836600204,33.88864670388208],[35.468377917200655,33.888579542338256],[35.468386357286434,33.88843775685686],[35.46826819608553,33.88838552010055],[35.46804031376952,33.888407907281824],[35.46789683231129,33.88851984318819],[35.467694270252615,33.8885720799445],[35.46752546853705,33.88854223036947],[35.46735666682149,33.888370595313035],[35.46733134656415,33.88822880983164],[35.46733134656415,33.888131798712784],[35.46741574742193,33.88806463716896],[35.467533908622826,33.88806463716896],[35.46759298922328,33.88806463716896],[35.46765206982372,33.887967626050106],[35.46765206982372,33.88784822774998],[35.46750858836549,33.88775121663112],[35.467314466392594,33.88765420551227],[35.46723006553481,33.887557194393416],[35.46723006553481,33.887393021730745],[35.46732290647837,33.8872064618868],[35.46781243145351,33.88696766528654],[35.467930592654405,33.88682587980514],[35.468082514198414,33.886781105442594],[35.468310396514426,33.88676618065507],[35.46856359908777,33.88676618065507],[35.468707080546004,33.886818417411384],[35.46887588226157,33.88687065416769],[35.46916284517803,33.88684826698641],[35.469306326636264,33.886781105442594],[35.469475128351824,33.88675871826132],[35.469627049895834,33.88675871826132],[35.46988025246918,33.88676618065507],[35.4699899735843,33.88676618065507],[35.47014189512831,33.88678856783635],[35.470302256758096,33.88684080459266],[35.470479498559435,33.88691542853024],[35.470648300275,33.88701243964909],[35.47075802139012,33.88708706358667],[35.4709605834488,33.887064676405394],[35.471019664049244,33.88685572938017],[35.47088462267679,33.88675871826132],[35.47074114121856,33.886706481505016],[35.47034445718699,33.88655723362985],[35.470150335214086,33.88643037293597],[35.46982961195451,33.88631097463584],[35.469694570582064,33.88619157633571],[35.46961016972428,33.88609456521686],[35.46964393006739,33.88593785494794],[35.46972833092517,33.88584084382909],[35.46990557272652,33.88584830622285],[35.470158775299865,33.8859453173417],[35.47041197787321,33.88609456521686],[35.470606099846115,33.88619157633571],[35.47085930241946,33.88626620027329],[35.47106186447814,33.88626620027329],[35.471239106279484,33.88615426436692],[35.471382587737715,33.886012478885526],[35.47141634808082,33.88584830622285],[35.47147542868127,33.885706520741444],[35.47159358988217,33.88553488568501],[35.47179615194084,33.88544533695992],[35.471939633399074,33.885355788234826],[35.47203247434264,33.8852363899347],[35.4721253152862,33.88504236769699],[35.472150635543535,33.88492296939686],[35.472159075629314,33.884781183915464],[35.47209999502886,33.88463939843406],[35.47196495365641,33.88458716167776],[35.4717370713404,33.88455731210272],[35.47153450928172,33.88455731210272],[35.47133194722304,33.88443791380259],[35.471306626965706,33.88434090268374],[35.471306626965706,33.88419911720234],[35.471458548509716,33.884079718902214],[35.47174551142618,33.88399017017712],[35.472007154085304,33.88394539581457],[35.47237007777377,33.883923008633296],[35.47269080103334,33.884005094964635],[35.472918683349356,33.88405733172094],[35.47320564626581,33.884079718902214],[35.47343352858183,33.884087181295975],[35.474235336730764,33.883967782995846],[35.47443789878944,33.88394539581457],[35.47466578110545,33.883758835970625],[35.47490210350724,33.883549888945396],[35.47505402505125,33.88328870516387],[35.475087785394365,33.883027521382346],[35.4751131056517,33.88283349914464],[35.475239706938375,33.88260216493814],[35.47544226899705,33.88246037945674],[35.47567015131307,33.88243799227546],[35.47575455217085,33.88249022903177],[35.475864273285964,33.8828036495696],[35.475914913800636,33.88291558547597],[35.47602463491575,33.883020058988585],[35.47620187671709,33.883064833351135],[35.47645507929044,33.88307229574489],[35.476691401692236,33.883027521382346],[35.47689396375091,33.88286334871967],[35.47718092666737,33.88257977775687],[35.47733284821138,33.882370830731645],[35.47736660855449,33.88230366918782],[35.47745100941228,33.88213203413139],[35.477543850355836,33.88189323753113],[35.47760293095629,33.881676828112155],[35.477636691299395,33.8814902682682],[35.47767045164251,33.88122908448668],[35.47794897447319,33.880244048510626],[35.47804181541675,33.879908240791515],[35.47813465636032,33.87960228264744],[35.47822749730388,33.87928886210961],[35.478320338247435,33.87898290396553],[35.47836253867633,33.878647096246425],[35.47842161927677,33.87834113810235],[35.47851446022034,33.878012792777],[35.47864106150701,33.877744146601714],[35.47883518347991,33.876594937962984],[35.47896178476658,33.87599794646235],[35.47928250802616,33.874639790798405],[35.47950195025639,33.87369206679114],[35.479696072229295,33.87265479405879],[35.479788913172854,33.872184663252035],[35.47991551445953,33.87175184441408],[35.47991551445953,33.871490660632546],[35.480016795488865,33.87113246573217],[35.48005055583198,33.87087128195064],[35.480075876089316,33.87068472210669],[35.480084316175095,33.87049069986898],[35.480092756260866,33.87029667763127],[35.480008355403086,33.87005788103102],[35.47989863428797,33.86984147161204],[35.47982267351597,33.86935641601777],[35.47979735325863,33.86918478096134],[35.4797720330013,33.86908776984249],[35.479780473087075,33.86875196212338],[35.479788913172854,33.86842361679803],[35.47979735325863,33.868184820197776],[35.47979735325863,33.86792363641625],[35.47974671274396,33.867610215878415],[35.47964543171462,33.86743858082198],[35.47956103085684,33.86729679534058],[35.47950195025639,33.867199784221725],[35.479392229141276,33.8670803859216],[35.47918966708259,33.866960987621475],[35.4789955451097,33.866953525227714],[35.47881830330835,33.866953525227714],[35.47873390245057,33.86704307395281],[35.47858198090656,33.867162472252936],[35.47844693953411,33.86718485943421],[35.478328778333214,33.86701322437778],[35.47833721841899,33.86680427735256],[35.47833721841899,33.866587867933575],[35.478404739105216,33.866423695270896],[35.4786073011639,33.866184898670646],[35.47875078262213,33.86606550037052],[35.47892802442347,33.865975951645424],[35.479155906739486,33.8659087901016],[35.47935846879816,33.865811778982746],[35.47945130974172,33.86575207983268],[35.47953571059951,33.86569238068262],[35.479712952400845,33.86558044477625],[35.47982267351597,33.86545358408237],[35.47983111360175,33.86537896014479],[35.47983111360175,33.865237174663385],[35.47983955368752,33.86505061481944],[35.479780473087075,33.86485659258173],[35.479788913172854,33.86464018316275],[35.479788913172854,33.86444616092504],[35.47990707437375,33.86435661219995],[35.48014339677554,33.86419243953727],[35.480312198491106,33.86414766517473],[35.48054008080712,33.8640805036309],[35.48074264286579,33.864013342087084],[35.480945204924474,33.86387155660568],[35.481097126468484,33.863684996761734],[35.481240607926715,33.86346858734275],[35.48130812861294,33.86325217792377],[35.48130812861294,33.8630880052611],[35.48130812861294,33.86291637020466],[35.481232167840936,33.86275219754199],[35.4812068475836,33.86261041206058],[35.481181527326264,33.86243877700415],[35.481181527326264,33.86227460434148],[35.481249048012494,33.8620581949225],[35.48130812861294,33.86191640944109],[35.481400969556496,33.86161045129702],[35.48175545315919,33.861073158946446],[35.481789213502296,33.8606030281397],[35.481941135046306,33.86010304775792],[35.48204241607564,33.85964784173868],[35.48208461650454,33.859147861356895],[35.48211837684765,33.85862549379384],[35.48219433761965,33.85810312623078],[35.48220277770543,33.8577449313304],[35.48246442036456,33.85611066709741],[35.482540381136566,33.8554912884155],[35.48259946173701,33.85516294309015],[35.482633222080125,33.854849522552314],[35.4826416621659,33.854565951589514],[35.48265010225168,33.85430476780799],[35.48265010225168,33.85411074557028],[35.482624781994346,33.8538943361513],[35.482548821222345,33.85365553955104],[35.48245598027878,33.85340928055703],[35.48243910010722,33.85335704380073],[35.48243910010722,33.85331226943818],[35.482472860450336,33.85319287113805],[35.48259102165123,33.853095860019195],[35.48270074276635,33.85307347283792],[35.48276826345258,33.852931687356524],[35.48276826345258,33.852692890756266],[35.4826838625948,33.852521255699834],[35.482574141479674,33.85237947021843],[35.48243066002144,33.85230484628085],[35.482177457448095,33.85225260952455],[35.48183985401697,33.85213321122442],[35.48163729195829,33.85198396334926],[35.481561331186285,33.851789941111555],[35.481561331186285,33.85160338126761],[35.48167949238718,33.851506370148755],[35.4819073747032,33.85143920860493],[35.48208461650454,33.85127503594226],[35.482177457448095,33.851013852160726],[35.48221121779121,33.8507526683792],[35.482185897533874,33.85046163502264],[35.48205085616142,33.85024522560366],[35.48188205444586,33.850028816184675],[35.481797653588075,33.84988703070328],[35.48178077341652,33.84969300846557],[35.48178077341652,33.84955122298417],[35.48192425487475,33.849387050321496],[35.482253418220104,33.84899900584608],[35.482337819077884,33.84873782206455],[35.48245598027878,33.84859603658315],[35.482574141479674,33.84840947673921],[35.48266698242324,33.84826022886404],[35.48270074276635,33.84809605620137],[35.48270074276635,33.848028894657546],[35.48255726130812,33.84802143226379],[35.48241377984989,33.848066206626335],[35.482295618649,33.84814083056391],[35.48212681693343,33.848110980988885],[35.48199177556098,33.8478945715699],[35.481941135046306,33.84763338778838],[35.481941135046306,33.847372204006845],[35.48197489538942,33.847133407406595],[35.482093056590315,33.847014009106466],[35.482177457448095,33.84687222362506],[35.482295618649,33.84670805096239],[35.48242221993567,33.84654387829971],[35.48242221993567,33.84632746888074],[35.48243066002144,33.84616329621806],[35.48231249882055,33.8460140483429],[35.48220277770543,33.84591703722405],[35.482152137190766,33.845775251742644],[35.48221121779121,33.84563346626125],[35.482329378992105,33.845536455142394],[35.48241377984989,33.845446906417294],[35.48250662079345,33.8453051209359],[35.482540381136566,33.845133485879465],[35.482371579421,33.84497677561055],[35.482253418220104,33.84497677561055],[35.482169017362324,33.844932001248],[35.48214369710499,33.844834990129144],[35.482177457448095,33.84466335507271],[35.48223653804855,33.84457380634762],[35.48238001950678,33.84437978410991],[35.48238001950678,33.84423799862851],[35.48236313933522,33.844096213147104],[35.48221965787699,33.84394696527195],[35.48219433761965,33.843782792609275],[35.48220277770543,33.84346937207144],[35.48226185830588,33.84328281222749],[35.48235469924944,33.84306640280851],[35.482447540193,33.84290223014583],[35.482565701393895,33.84268582072686],[35.48273450310946,33.842432099339085],[35.48292018499659,33.84219330273883],[35.483097426797926,33.84200674289488],[35.48318182765571,33.841767946294624],[35.48321558799882,33.841529149694374],[35.48319026774149,33.84134258985042],[35.48305522636904,33.84114856761271],[35.482717622937905,33.84088738383119],[35.48252350096501,33.84064858723093],[35.48235469924944,33.84045456499322],[35.48221965787699,33.84026054275552],[35.482185897533874,33.84011875727412],[35.48219433761965,33.83999935897399],[35.48219433761965,33.83985757349259],[35.48219433761965,33.83976056237374],[35.48220277770543,33.83966355125489],[35.48228717856322,33.83952176577348],[35.48221121779121,33.839357593110805],[35.482093056590315,33.83926058199195],[35.481949575132084,33.8391635708731],[35.48183985401697,33.83905909736049],[35.481789213502296,33.83894716145412],[35.48176389324497,33.83885015033527],[35.48173857298763,33.838753139216415],[35.48167949238718,33.838700902460104],[35.48165417212984,33.83865612809756],[35.48151069067162,33.83858150415998],[35.48142628981383,33.838506880222404],[35.48134188895605,33.83840986910355],[35.48129124844138,33.83826808362215],[35.481265928184044,33.838103910959475],[35.48129968852716,33.837932275903036],[35.481384089384946,33.83779049042164],[35.481468490242726,33.83767109212151],[35.481561331186285,33.83750691945883],[35.481620411786736,33.837320359614885],[35.48156977127206,33.83717111173973],[35.48122372775516,33.83726812285858],[35.481080246296926,33.837402445946225],[35.48098740535337,33.83752184424635],[35.4808186036378,33.83750691945883],[35.48068356226535,33.83717111173973],[35.48069200235113,33.836790529658074],[35.480700442436905,33.83652934587654],[35.480700442436905,33.836380098001385],[35.48082704372358,33.83595474155718],[35.48080172346624,33.8358278808633],[35.480708882522684,33.83579056889451],[35.48045567994934,33.835805493682024],[35.48028687823377,33.83584280565081],[35.48013495668976,33.83596220395094],[35.48005899591776,33.836089064644824],[35.47998303514575,33.83629054927629],[35.47988175411641,33.836387560395146],[35.4797298325724,33.83657412023909],[35.47957791102839,33.83679799205183],[35.479476629999056,33.83697708950202],[35.47942598948439,33.83714126216469],[35.47941754939861,33.83730543482737],[35.47944286965594,33.83746960749004],[35.47961167137151,33.83757408100266],[35.47979735325863,33.837760640846604],[35.480084316175095,33.83825315883463],[35.479636991628844,33.83986503588635],[35.479712952400845,33.84187241980724],[35.47898710502392,33.84225300188889],[35.478860503737245,33.84270074551437],[35.478413179190994,33.842670895939335],[35.47718936675315,33.841648547994495],[35.476868643493574,33.84066351201845],[35.47655636031978,33.84029039233055],[35.476691401692236,33.8396784760424],[35.477704211985625,33.83590996719463],[35.47791521413008,33.83511895345629],[35.478801423136794,33.831760876265214],[35.47991551445953,33.82783565714853],[35.48057384115023,33.82547754072102],[35.48189893461742,33.82070907110968],[35.481789213502296,33.81935091544574],[35.481561331186285,33.81805992132561],[35.48154445101473,33.81734353152485],[35.48160353161518,33.81595552628587],[35.481400969556496,33.81482870482842],[35.48107180621115,33.81399291672753],[35.480995845439146,33.81391083039619],[35.480708882522684,33.813604872252114],[35.47988175411641,33.8136421842209],[35.479780473087075,33.81325413974549],[35.48060760149335,33.81322429017046],[35.48084392389514,33.81288848245135],[35.480852363980915,33.812672073032374],[35.48086924415247,33.81176912338766],[35.48083548380936,33.810791549805366],[35.480472560120894,33.810209483092244],[35.48005055583198,33.809896062554415],[35.47989019420219,33.80953786765403],[35.4796538718004,33.80841104619658],[35.47967075197196,33.808052851296196],[35.47964543171462,33.80768719400206],[35.479307828283495,33.807314074314164],[35.47931626836927,33.80699319138257],[35.47953571059951,33.80670962041977],[35.479240307597266,33.805724584443716],[35.47921498733993,33.8056574228999],[35.47830345807588,33.80569473486869],[35.47815997661765,33.805276840818244],[35.47837941884789,33.80517236730563],[35.47843849944833,33.80546340066219],[35.47897022485236,33.805523099812255],[35.47874234253635,33.804493289473655],[35.477704211985625,33.80435150399226],[35.477476329669614,33.80481417240525],[35.47765357147095,33.805187292093144],[35.47758605078473,33.805396239118366],[35.47727376761093,33.805314152787034],[35.47721468701049,33.80502311943047],[35.47752697018428,33.80405300824194],[35.478624181335455,33.80409778260449],[35.47905462571014,33.80305304747837],[35.47695304435136,33.798456212923476],[35.476632321091785,33.79761296242882],[35.47664076117756,33.79579960074564],[35.477552290441615,33.79352357064947],[35.477560730527394,33.79335193559304],[35.47759449087051,33.79285941760501],[35.477628251213616,33.792441523554565],[35.477636691299395,33.792351974829465],[35.47736660855449,33.791538573909854],[35.47711340598114,33.791419175609725],[35.476860203407796,33.791053518315586],[35.476311597832215,33.79124007815953],[35.476151236202426,33.7910162063468],[35.476868643493574,33.79062816187138],[35.476632321091785,33.790113256702085],[35.47610903577353,33.790113256702085],[35.47603307500153,33.789822223345524],[35.47640443877577,33.789740137014185],[35.47621875688865,33.789090908757245],[35.475948674143744,33.78860585316298],[35.47576299225663,33.788352131775206],[35.47524814702415,33.78853869161915],[35.47476706213479,33.788150647143745],[35.47430285741699,33.78741933255546],[35.47373737166984,33.78691188977992],[35.47302840446447,33.78688204020489],[35.472589520004,33.78723277271151],[35.472159075629314,33.787247697499026],[35.471551389453275,33.78771782830578],[35.471382587737715,33.7875909676119],[35.47165267048261,33.787165611167694],[35.47245447863155,33.786799953873555],[35.47302840446447,33.78664324360464],[35.47403277467208,33.78665816839215],[35.47418469621609,33.78603878971024],[35.47398213415742,33.78505375373419],[35.473788012184514,33.784792569952664],[35.47333224755249,33.784591085321196],[35.47373737166984,33.78443437505228],[35.47366141089784,33.78429258957088],[35.47349260918227,33.78394931945802],[35.47323096652315,33.78403886818311],[35.473315367380934,33.78428512717712],[35.47299464412136,33.784344826327185],[35.47220971614398,33.78374037243279],[35.472091554943084,33.78261355097534],[35.47205779459997,33.7824792278877],[35.47153450928172,33.78185238681203],[35.47147542868127,33.78185984920579],[35.47128130670837,33.78188223638706],[35.470783341647454,33.78127032009891],[35.470538579159886,33.78097182434859],[35.47061453993189,33.780703178173304],[35.47074958130434,33.78059124226694],[35.47040353778743,33.77955396953458],[35.470091254613635,33.77908383872783],[35.469863372297624,33.77883757973382],[35.46971989083939,33.77868833185866],[35.46950888869494,33.778628632708596],[35.46950044860916,33.7788226549463],[35.469314766722036,33.77881519255254],[35.46924724603581,33.77852415919598],[35.46950888869494,33.77835252413955],[35.468943402947794,33.77770329588261],[35.46880836157534,33.777718220670124],[35.46793903274018,33.77782269418274],[35.467837751710846,33.77815103950809],[35.467998113340634,33.77821073865815],[35.467998113340634,33.77848684722719],[35.46766894999528,33.77832267456452],[35.46752546853705,33.777606284763756],[35.468158474970416,33.77747942406987],[35.46820067539931,33.77712869156325],[35.46820911548509,33.777068992413184],[35.46786307196818,33.77700183086936],[35.467778671110395,33.77677049666286],[35.46804031376952,33.77650185048758],[35.46756766896594,33.77586754701815],[35.46736510690726,33.77588993419943],[35.46652109832944,33.77515861961115],[35.465997813011185,33.7748825110421],[35.466056893611636,33.77456162811051],[35.466394497042764,33.774367605872804],[35.465609569065386,33.773591516921975],[35.46528884580581,33.772203511682996],[35.46505252340402,33.77227067322682],[35.46479088074489,33.77206918859535],[35.464833081173786,33.771308024432045],[35.46485840143112,33.77030060127472],[35.46449547774266,33.76942750120504],[35.46425915534086,33.76940511402377],[35.463837151051955,33.76961406104899],[35.46328010539059,33.769509587536376],[35.46313662393236,33.769263328542365],[35.46320414461858,33.7689200584295],[35.463389826505704,33.768643949860454],[35.46339826659148,33.76843500283523],[35.463229464875916,33.76818128144746],[35.462917181702124,33.76841261565396],[35.46277370024389,33.7682111310225],[35.46295094204523,33.76794248484721],[35.4623432558692,33.76730818137778],[35.462697739471885,33.76683058817727],[35.462680859300335,33.76680073860224],[35.462309495526085,33.766196284707846],[35.46081560034334,33.76495006495027],[35.46081560034334,33.76466649398747],[35.46018259390997,33.76405457769931],[35.45998003185129,33.76384563067409],[35.459684628849054,33.763875480249126],[35.45926262456014,33.763905329824155],[35.45909382284457,33.7638083187053],[35.45844393623965,33.76341281183613],[35.45824981426675,33.76342773662365],[35.45809789272274,33.763621758861355],[35.45824137418097,33.763823243492816],[35.45803037203651,33.76383816828034],[35.457540847061374,33.76334565029231],[35.457152603115574,33.76278597076046],[35.45734672508848,33.762480012616386],[35.45681499968445,33.76163676212174],[35.45650271651065,33.76112185695244],[35.45570090836171,33.75948013032569],[35.455447705788366,33.75913686021283],[35.45486533986967,33.75796526439282],[35.45449397609543,33.757204100229515],[35.45397913086295,33.75668173266646],[35.45386940974783,33.75637577452238],[35.45379344897583,33.756144440315886],[35.45301696108423,33.75492807013334],[35.45244303525131,33.75419675554506],[35.452139192163294,33.75437585299525],[35.45148930555837,33.75357737686315],[35.450830978867664,33.753196794781495],[35.45047649526497,33.75289083663742],[35.45048493535075,33.7525923408871],[35.450603096551646,33.7523087699243],[35.450527135779645,33.75192072544888],[35.45031613363519,33.75128642197946],[35.45026549312052,33.751226722829394],[35.45010513149073,33.751032700591686],[35.449911009517834,33.750793903991436],[35.44977596814538,33.74969693210902],[35.44970000737337,33.74937604917742],[35.44963248668715,33.74903277906456],[35.4493792841138,33.748659659376656],[35.4490332405969,33.748376088413856],[35.44870407725154,33.747965656757174],[35.448509955278645,33.747555225100484],[35.44841711433508,33.74721195498762],[35.448298953134184,33.7469134592373],[35.4479444695315,33.74664481306201],[35.44762374627192,33.7462567685866],[35.44769970704393,33.746047821561376],[35.44786006867372,33.74585379932367],[35.4479444695315,33.74568216426724],[35.447767227730154,33.74544336766698],[35.44769126695815,33.74521203346048],[35.447674386786595,33.74492846249768],[35.4475562255857,33.744480718872204],[35.44741274412747,33.744047900034246],[35.446990739838554,33.74344344613985],[35.44679661786566,33.743055401664435],[35.446754417436765,33.74257780846393],[35.446602495892755,33.74225692553234],[35.44648433469186,33.74184649387565],[35.4463914937483,33.74174202036304],[35.446138291174954,33.741458449400234],[35.44614673126073,33.741219652799984],[35.4460032498025,33.740853995505844],[35.4460032498025,33.74055549975552],[35.44587664851583,33.740197304855144],[35.44564032611404,33.73973463644215],[35.44541244379802,33.73911525776024],[35.445294282597125,33.73865258934725],[35.445209881739345,33.738398867959475],[35.445066400281114,33.73808544742164],[35.44492291882288,33.73780187645884],[35.44489759856555,33.73739144480215],[35.445032639938,33.73690638920789],[35.44487227830822,33.73592881562559],[35.44463595590642,33.7354661472126],[35.444433393847746,33.734899005287],[35.44450091453397,33.73448857363031],[35.44433211281841,33.734070679579865],[35.444374313247295,33.7335856239856],[35.44466127616376,33.73277222306598],[35.44471191667843,33.73208568284025],[35.44470347659265,33.73084692547643],[35.4445684352202,33.73043649381974],[35.44450935461975,33.73020515961324],[35.4444502740193,33.72987681428789],[35.444441833933524,33.7296454800814],[35.444441833933524,33.72959324332509],[35.444433393847746,33.72938429629987],[35.444374313247295,33.72923504842471],[35.4442561520464,33.728921627886876],[35.44334462278235,33.7279589790921],[35.44335306286813,33.72775003206688],[35.44332774261079,33.72734706280395],[35.44333618269657,33.72685454481592],[35.44335306286813,33.726347102040386],[35.443361502953906,33.725936670383696],[35.443369943039684,33.725600862664585],[35.44337838312546,33.72529490452051],[35.44338682321124,33.72483223610752],[35.44318426115257,33.7243919548758],[35.443133620637894,33.723981523219116],[35.443015459437,33.723645715500005],[35.44302389952278,33.72333975735593],[35.44305765986589,33.72305618639313],[35.44315894089523,33.72272784106778],[35.443133620637894,33.7224218829237],[35.44308298012322,33.72210846238587],[35.44305765986589,33.72180250424179],[35.44305765986589,33.721392072585104],[35.442973259008106,33.72099656571593],[35.442981699093885,33.72055628448421],[35.44291417840766,33.72013839043377],[35.44293949866499,33.71916081685148],[35.44296481892233,33.71883247152613],[35.44300701935122,33.71814593130039],[35.44276225686365,33.71803399539402],[35.442829777549875,33.7177728116125],[35.44290573832188,33.71677285084893],[35.442745376692095,33.71506396267836],[35.44266941592009,33.71373565658944],[35.442585015062306,33.71323567620766],[35.44239089308941,33.71295956763862],[35.44219677111651,33.71262375991951],[35.44213769051606,33.712146166719],[35.442272731888515,33.71165364873097],[35.44239933317519,33.71139992734321],[35.44240777326097,33.71104919483658],[35.44249217411875,33.71086263499264],[35.44224741163118,33.71063130078614],[35.44201108922939,33.71014624519187],[35.44169880605559,33.709541791297475],[35.44072819619109,33.70834034590244],[35.439445303152795,33.70695234066346],[35.43871945577587,33.70625087565022],[35.43817929028606,33.70597476708117],[35.438128649771386,33.70580313202474],[35.438137089857165,33.70551956106194],[35.438044248913606,33.70531061403672],[35.437968288141604,33.705161366161555],[35.43771508556826,33.70413155582296],[35.43745344290913,33.70345994038475],[35.43723400067889,33.702556990740035],[35.43703143862022,33.70208685993328],[35.436980798105544,33.7016391163078],[35.43677823604687,33.701124211138506],[35.43652503347352,33.7002734982501],[35.43622963047128,33.69991530334972],[35.43616210978506,33.6997585930808],[35.43615366969928,33.69942278536169],[35.43599330806949,33.69910936482386],[35.43580762618237,33.698907880192394],[35.43571478523881,33.69868400837966],[35.43569790506725,33.69863177162335],[35.43561350420947,33.69834073826679],[35.43545314257968,33.69829596390424],[35.43516617966322,33.69831835108552],[35.4349804977761,33.69831088869176],[35.434727295202755,33.69815417842284],[35.43456693357297,33.6981094040603],[35.43373136508092,33.69782583309749],[35.43275231513064,33.69770643479736],[35.432119308697274,33.697557186922204],[35.431958947067486,33.697482562984625],[35.431427221663455,33.69731839032195],[35.43093769668832,33.697072131327936],[35.4309461367741,33.696915421059025],[35.43069293420075,33.696751248396346],[35.43066761394341,33.69677363557762],[35.430498812227846,33.696870646696475],[35.430110568282046,33.69672139882132],[35.43008524802471,33.69673632360883],[35.429806725194034,33.69673632360883],[35.42947756184868,33.69684079712144],[35.429199039017995,33.69681840994017],[35.42891207610153,33.696751248396346],[35.42847319164107,33.69680348515265],[35.42831283001128,33.69680348515265],[35.42817778863883,33.696796022758896],[35.42805962743793,33.69677363557762],[35.42802586709482,33.69667662445877],[35.427949906322816,33.69657215094615],[35.427713583921026,33.69654976376488],[35.42768826366369,33.696415440677235],[35.427738904178355,33.696296042377114],[35.42794146623704,33.69616171928947],[35.42808494769527,33.696131869714435],[35.42809338778105,33.69604232098934],[35.42809338778105,33.696012471414306],[35.42790770589392,33.69590053550794],[35.427738904178355,33.695810986782845],[35.4275279020339,33.6958184491766],[35.42739286066145,33.695855761145395],[35.427274699460554,33.695855761145395],[35.427181858516995,33.69578113720781],[35.427190298602774,33.69566920130144],[35.42715653825966,33.6955348782138],[35.42702149688721,33.69549756624501],[35.42681893482853,33.69550502863877],[35.42677673439964,33.69554234060756],[35.4266754533703,33.6956244269389],[35.4266754533703,33.69569158848272],[35.42660793268407,33.695773674814056],[35.426489771483176,33.69578113720781],[35.426261889167165,33.69566173890769],[35.42613528788049,33.69557219018259],[35.42594116590759,33.695512491032524],[35.42576392410625,33.695512491032524],[35.42552760170445,33.69561696454514],[35.42540944050356,33.69564681412017],[35.42515623793021,33.69557965257635],[35.42508027715821,33.69540801751992],[35.424953675871535,33.69536324315737],[35.42490303535686,33.69534085597609],[35.42421094832305,33.69528115682603],[35.42384802463458,33.69528861921979],[35.42377206386258,33.69537816794488],[35.423569501803904,33.69549756624501],[35.423417580259894,33.69554234060756],[35.42321501820121,33.69554234060756],[35.42303777639987,33.6955348782138],[35.422480730738506,33.6956766636952],[35.42206716653537,33.695721438057745],[35.422016526020705,33.69571397566399],[35.42178020361891,33.69569158848272],[35.42134975924422,33.69534085597609],[35.421172517442876,33.69531100640106],[35.42091087478375,33.69521399528221],[35.4206576722104,33.69488564995686],[35.42042134980861,33.694743864475456],[35.4200753062917,33.69472893968794],[35.41983898388991,33.69468416532539],[35.419729262774794,33.69455730463151],[35.41973770286057,33.69428865845622],[35.41983054380413,33.69399762509966],[35.41983054380413,33.693967775524634],[35.419644861917014,33.69385583961826],[35.41911313651298,33.69353495668667],[35.41784712364625,33.69193054202871],[35.416716152151956,33.69050522482094],[35.41588902374569,33.68940825293852],[35.415627381086566,33.689064982825656],[35.41496905439586,33.68855007765636],[35.41490153370963,33.688408292174955],[35.41513785611142,33.688326205843616],[35.41501969491053,33.68787099982438],[35.41491841388119,33.68763966561789],[35.414715851822514,33.68752772971152],[35.41469053156518,33.687385944230115],[35.41496061431008,33.68721430917368],[35.41530665782699,33.68696805017967],[35.41549233971411,33.68666955442935],[35.415948104346135,33.68623673559139],[35.416403868978165,33.68595316462859],[35.41670771206618,33.6857740671784],[35.41706219566887,33.68557258254693],[35.41729007798488,33.68528154919037],[35.41742511935733,33.68449799784579],[35.41752640038667,33.68388608155764],[35.41752640038667,33.68257270025624],[35.41724787755599,33.68193839678681],[35.416783672838186,33.68005787355981],[35.416716152151956,33.67893105210236],[35.41653891035062,33.677729606707324],[35.41661487112262,33.67654308609981],[35.416581110779504,33.67390886110326],[35.416327908206156,33.673073073002364],[35.416184426747925,33.67043138561205],[35.416412309063944,33.6701030402867],[35.41636166854927,33.66914039149192],[35.416403868978165,33.66840907690364],[35.41637010863505,33.6679911828532],[35.416251947434155,33.66770014949664],[35.41620974700526,33.667401653746325],[35.41620974700526,33.66725986826492],[35.416260387519934,33.667028534058424],[35.41626882760571,33.666700188733074],[35.41620130691948,33.66652855367664],[35.41627726769149,33.66636438101396],[35.41635322846349,33.66623752032008],[35.41637010863505,33.66586440063218],[35.41631946812038,33.6657375399383],[35.41629414786305,33.6655062057318],[35.41630258794883,33.665192785193966],[35.416412309063944,33.66488682704989],[35.416496709921724,33.66443162103066],[35.416555790522175,33.663931640648876],[35.41644606940705,33.66346897223588],[35.4164291892355,33.662946604672825],[35.41644606940705,33.66248393625983],[35.4162350672626,33.66185709518416],[35.41615066640482,33.66108100623334],[35.41613378623326,33.66049893952022],[35.4160409452897,33.66014074461983],[35.4158468233168,33.659230332581366],[35.415568300486115,33.658237834211555],[35.4153404181701,33.65712593754162],[35.414639891050506,33.65576031948392],[35.414648331136284,33.655334963039714],[35.414167246246926,33.654357389457424],[35.41400688461714,33.653864871469395],[35.41397312427402,33.6536335372629],[35.41388872341624,33.65338727826889],[35.41322195663976,33.652230607236405],[35.41275775192196,33.651663465310804],[35.41167742094234,33.65090230114749],[35.411255416653425,33.65073066609106],[35.41068993090629,33.65049933188456],[35.410402967989825,33.6504918694908],[35.41036076756093,33.6504918694908],[35.410107564987584,33.650969462691315],[35.40896815340752,33.6507232036973],[35.40712821470786,33.650275460071825],[35.40687501213451,33.65061873018469],[35.40667245007584,33.650588880609654],[35.40688345222029,33.64946205915221],[35.406782171190955,33.64926057452074],[35.40575248072601,33.648962078770424],[35.40550771823844,33.64902177792049],[35.40549083806688,33.649088939464306],[35.40543175746643,33.64935758563959],[35.40569340012556,33.64947698393972],[35.405085713949525,33.6499247275652],[35.40418262477125,33.650066513046596],[35.40426702562903,33.650924688328764],[35.40406446357036,33.65102169944762],[35.404081343741915,33.651215721685325],[35.404309226057926,33.651529142223154],[35.40418262477125,33.65173808924838],[35.403777500653895,33.6515216798294],[35.40357493859521,33.65102916184137],[35.403473657565875,33.65044709512826],[35.403482097651654,33.64963369420864],[35.40328797567876,33.64907401467679],[35.40312761404897,33.64896954116418],[35.40306009336274,33.64893222919539],[35.40102603269018,33.64885760525781],[35.401017592604404,33.64902177792049],[35.40037614608526,33.64908147707055],[35.40013138359769,33.64930534888329],[35.39997946205368,33.64915610100813],[35.40002166248257,33.64900685313297],[35.39974313965189,33.6487531317452],[35.39943085647809,33.648850142864056],[35.3991945340763,33.649171025795646],[35.399709379308774,33.64973070532749],[35.400013222396794,33.649984426715264],[35.39983598059545,33.65011874980291],[35.3983420854127,33.64886506765157],[35.39808888283935,33.64902924031424],[35.39770907897933,33.64867104541386],[35.397869440609114,33.64843971120737],[35.3976415582931,33.64805912912571],[35.39711827297485,33.64752183677514],[35.39688195057306,33.647208416237305],[35.39681442988684,33.646589037555394],[35.3969832316024,33.64567116312317],[35.39720267383264,33.6450965588038],[35.39732927511931,33.64485776220355],[35.397531837177986,33.64436524421552],[35.39789476086645,33.64379063989616],[35.39813108326824,33.64341752020827],[35.398223924211806,33.64272351758878],[35.39828300481225,33.642104138906866],[35.398316765155364,33.641805643156545],[35.39844336644204,33.64158177134381],[35.39852776729982,33.64076837042419],[35.39857840781449,33.64019376610483],[35.39858684790027,33.640104217379736],[35.39859528798605,33.639768409660626],[35.39859528798605,33.639074407041136],[35.39889069098829,33.6387609865033],[35.398991972017626,33.638462490752985],[35.399143893561636,33.638208769365214],[35.39905949270385,33.63738790605184],[35.39867124875805,33.63683568891375],[35.39859528798605,33.636574505132224],[35.398612168157605,33.63614914868802],[35.39857840781449,33.63615661108177],[35.39851932721404,33.63619392305057],[35.398012922067345,33.63654465555719],[35.39790320095223,33.63644018204458],[35.39832520524114,33.63595512645031],[35.39844336644204,33.63538052213095],[35.39851932721404,33.63461189557388],[35.39848556687093,33.634574583605094],[35.398308325069586,33.63438056136739],[35.398012922067345,33.632985093734646],[35.398080442753574,33.63238810223401],[35.3979538414669,33.63201498254611],[35.39790320095223,33.63180603552089],[35.39817328369713,33.63140306625796],[35.39798760181001,33.6311120329014],[35.39802136215312,33.63094039784497],[35.39828300481225,33.630365793525606],[35.39835052549848,33.630112072137834],[35.398249244469135,33.62989566271885],[35.39790320095223,33.630201620862934],[35.397759719494,33.63000759862523],[35.3984180461847,33.62921658488688],[35.3984180461847,33.62918673531185],[35.39847712678515,33.62889570195529],[35.39797072163846,33.62800767709809],[35.3983420854127,33.627425610384975],[35.3983420854127,33.62727636250981],[35.39832520524114,33.62685846845937],[35.39832520524114,33.626761457340514],[35.398080442753574,33.62605252993351],[35.39766687855044,33.625015257201156],[35.39804668241046,33.6246346751195],[35.39775127940822,33.62386604856243],[35.39781880009445,33.62376903744358],[35.39742211606287,33.62328398184931],[35.39743055614865,33.623052647642815],[35.397692198807775,33.62287355019262],[35.39750651692065,33.62219447236065],[35.397548717349544,33.62191090139785],[35.397920081123786,33.6216347928288],[35.398232364297584,33.62064975685275],[35.39779347983711,33.620634832065235],[35.39780191992289,33.62040349785874],[35.39782724018023,33.61996321662702],[35.397835680266006,33.619619946514156],[35.397869440609114,33.619410999488935],[35.39840960609892,33.61883639516957],[35.398460246613595,33.61874684644447],[35.39852776729982,33.61803045664371],[35.39829988498381,33.61742600274932],[35.39819016386869,33.61710511981772],[35.39812264318246,33.61656782746715],[35.39808888283935,33.61632156847314],[35.398072002667796,33.616060384691615],[35.39794540138112,33.61545593079722],[35.397869440609114,33.61519474701569],[35.39785256043756,33.6150678863218],[35.39695791134506,33.61241127414397],[35.3961307829388,33.61003823292894],[35.394991371358735,33.60811293533939],[35.39495761101562,33.60805323618933],[35.394392125268475,33.607605492563856],[35.39417268303824,33.60753833102003],[35.3936071972911,33.60753086862627],[35.3931007921444,33.607508481445],[35.39281382922794,33.607508481445],[35.39234962451014,33.60761295495761],[35.39220614305191,33.607605492563856],[35.39200358099323,33.607590567776334],[35.39186853962078,33.60754579341379],[35.39170817799099,33.60749355665748],[35.391387454731415,33.60746370708245],[35.391243973273184,33.60746370708245],[35.391066731471845,33.6074189327199],[35.39058564658248,33.607314459207295],[35.39039996469536,33.607232372875956],[35.38964035697532,33.607187598513406],[35.38931963371574,33.60718013611965],[35.389066431142396,33.60718013611965],[35.38888918934106,33.60717267372589],[35.38881322856905,33.60717267372589],[35.38849250530948,33.60716521133213],[35.388213982478796,33.60716521133213],[35.38801142042011,33.60715774893838],[35.38785105879033,33.60711297457583],[35.38773289758943,33.60706073781952],[35.38764005664587,33.606978651488184],[35.38755565578809,33.60678462925048],[35.387445934672975,33.606568219831495],[35.38733621355785,33.606321960837484],[35.3873193333863,33.60614286338729],[35.387294013128965,33.60600854029965],[35.38718429201385,33.605874217212005],[35.38709989115606,33.605717506943094],[35.38709989115606,33.60552348470539],[35.387378413986745,33.605344387255194],[35.387386854072524,33.60513544022997],[35.38711677132762,33.60472500857328],[35.38678760798227,33.604165329041436],[35.38672008729604,33.60398623159124],[35.38672852738182,33.60373997259723],[35.38688888901161,33.603628036690864],[35.3871252114134,33.60360564950959],[35.38713365149918,33.603299691365514],[35.386998610126724,33.60298627082768],[35.38702393038406,33.602814635771246],[35.38716741184229,33.60276239901494],[35.38732777347208,33.602687775077364],[35.38732777347208,33.602613151139785],[35.38728557304319,33.60247136565838],[35.38717585192807,33.60237435453953],[35.38713365149918,33.602277343420674],[35.38710833124184,33.60214302033303],[35.38709145107028,33.60193407330781],[35.387074570898726,33.60171766388883],[35.38720961227118,33.60153110404488],[35.38724337261429,33.60148632968233],[35.38742905450142,33.60129230744462],[35.387386854072524,33.601217683507045],[35.38736997390097,33.60102366126934],[35.38736997390097,33.60079232706284],[35.38735309372941,33.600486368918766],[35.38733621355785,33.600284884287305],[35.38725181270007,33.60013563641214],[35.38702393038406,33.599993850930744],[35.38695640969783,33.599837140661826],[35.3870070502125,33.59972520475546],[35.38716741184229,33.59961326884908],[35.38735309372941,33.599501332942715],[35.387386854072524,33.59894165341087],[35.3873952941583,33.598770018354436],[35.38731089330052,33.598531221754186],[35.387226492442736,33.598187951641314],[35.38718429201385,33.597837219134696],[35.38719273209963,33.59764319689699],[35.38719273209963,33.597456637053035],[35.38720117218541,33.59727753960285],[35.38715897175651,33.59706859257763],[35.38698172995517,33.596852183158646],[35.38696484978361,33.59665816092094],[35.386990170040946,33.59641190192693],[35.38694796961205,33.59625519165801],[35.38694796961205,33.59609848138909],[35.38697328986939,33.595538801857245],[35.38692264935472,33.595255230894445],[35.38679604806805,33.59491196078157],[35.386703207124484,33.59457615306247],[35.386703207124484,33.59426273252463],[35.38655972566625,33.5934344068175],[35.386466884722694,33.59295681361699],[35.38620524206357,33.592553844354065],[35.385985799833335,33.591867304128336],[35.3857663576031,33.591158376721324],[35.385217752027515,33.58996439372005],[35.3852599524564,33.58970320993853],[35.38509959082662,33.58939725179445],[35.38489702876794,33.58927785349432],[35.38488014859638,33.58923307913177],[35.384829508081715,33.58913606801292],[35.38490546885372,33.58896443295649],[35.38490546885372,33.588837572262605],[35.38490546885372,33.58877041071878],[35.38474510722393,33.588427140605916],[35.384449704221694,33.588136107249355],[35.384289342591906,33.58774060038019],[35.38416274130523,33.58730778154222],[35.38393485898922,33.586912274673054],[35.38389265856033,33.586874962704265],[35.38351285470031,33.58668094046656],[35.38318369135495,33.58627050880987],[35.38272792672293,33.58517353692745],[35.38250004440692,33.58485265399586],[35.38185859788777,33.585278010440064],[35.382846087923824,33.586583929347704],[35.38255068492158,33.58662124131649],[35.38147879402775,33.585233236077514],[35.38125091171173,33.584830266814585],[35.38240720346335,33.58452430867051],[35.38181639745888,33.583106453856495],[35.38077826690815,33.58232290251191],[35.38098082896683,33.582046793942865],[35.3816897961722,33.582464687993316],[35.38232280260557,33.58211395548669],[35.38101458930994,33.5785096193016],[35.380465983734354,33.57733056108784],[35.38023810141834,33.576442536230644],[35.37958821481342,33.57558436094848],[35.37917465061028,33.574853046360204],[35.37869356572092,33.57460678736619],[35.37851632391958,33.574159043740714],[35.375899897328324,33.571174086237534],[35.37526689089495,33.57037561010543],[35.37468452497625,33.569039841622754],[35.37439756205979,33.568599560391036],[35.373123109107276,33.56662948843894],[35.37193305701254,33.56642054141371],[35.37187397641209,33.56641307901996],[35.37065016397425,33.56727871669588],[35.37072612474625,33.56691305940174],[35.37082740577559,33.56622651917601],[35.37070924457469,33.56621159438849],[35.370447601915565,33.5661742824197],[35.370219719599554,33.5668309730704],[35.3704729221729,33.566883209826706],[35.37048980234446,33.56719663036454],[35.37025347994267,33.5674354269648],[35.36975551488175,33.567293641483396],[35.36964579376664,33.56726379190837],[35.36953607265151,33.5670623072769],[35.369738634710195,33.56686828503919],[35.36986523599687,33.56674888673906],[35.37017751917067,33.5662638311448],[35.36941791145062,33.56575638836926],[35.36831226021367,33.565368343893844],[35.36725724949139,33.56419674807385],[35.36677616460203,33.564711653243144],[35.36670020383002,33.56479373957448],[35.368042177468766,33.56539819346888],[35.368286939956334,33.56553997895028],[35.36831226021367,33.56559221570658],[35.36902966750482,33.56722647993958],[35.36910562827683,33.567942869740335],[35.36871738433103,33.56825629027817],[35.36846418175768,33.56804734325295],[35.36824473952744,33.56786824580276],[35.36822785935589,33.56785332101524],[35.36802529729721,33.56762944920251],[35.36850638218657,33.56712200642696],[35.36805905764032,33.56615189523843],[35.3674851318074,33.56582354991308],[35.36724880940561,33.56581608751932],[35.36631195988422,33.56548027980021],[35.366269759455335,33.56619666960098],[35.36591527585264,33.56614443284467],[35.365898395681086,33.56493552505589],[35.365898395681086,33.56451016861168],[35.365881515509535,33.563905714717286],[35.365425750877506,33.563360959972954],[35.36514722804682,33.56281620522863],[35.36522318881883,33.56250278469079],[35.36536667027706,33.561935642765185],[35.365434190963285,33.561659534196146],[35.36559455259307,33.5610998546643],[35.36670020383002,33.560256604169645],[35.36707156760426,33.55958498873143],[35.3674091710354,33.55896561004952],[35.367417611121176,33.55819698349245],[35.36732477017762,33.55774177747322],[35.36633728014156,33.556294073084175],[35.36556923233574,33.55573439355233],[35.365510151735286,33.555726931158574],[35.36537511036284,33.55569708158354],[35.36500374658859,33.555891103821246],[35.36440450049834,33.556256761115385],[35.36434541989789,33.556294073084175],[35.36434541989789,33.55635377223424],[35.36439606041256,33.55704031245997],[35.364218818611214,33.55709254921628],[35.36395717595209,33.556331385052964],[35.36378837423653,33.55615974999653],[35.36328196908983,33.55540604822698],[35.36328196908983,33.55462995927615],[35.36330728934716,33.55434638831335],[35.36334104969028,33.55383148314405],[35.36307940703115,33.55304046940571],[35.36307096694537,33.55264496253654],[35.362826204457804,33.55189872316074],[35.362817764372025,33.55174947528558],[35.36280088420047,33.55129426926635],[35.36268272299957,33.55074951452202],[35.36270804325691,33.55039878201539],[35.362741803600024,33.54986148966482],[35.36269960317113,33.54948836997692],[35.362674282913794,33.549234648589156],[35.36265740274224,33.54906301353272],[35.36323976866094,33.548122751919216],[35.36323132857516,33.54769739547501],[35.36323132857516,33.547555609993616],[35.36316380788894,33.5467944458303],[35.36293592557292,33.546451175717436],[35.3627502436858,33.545831797035525],[35.36271648334269,33.545667624372854],[35.362589882056014,33.54527957989744],[35.36262364239913,33.54511540723476],[35.362665842828015,33.544861685846996],[35.36269116308535,33.54471990036559],[35.3621678777671,33.542973700226234],[35.36191467519375,33.541899115525084],[35.36166991270618,33.5409737786991],[35.36144203039017,33.54009321623566],[35.361332309275056,33.539861882029165],[35.361340749360835,33.53951114952254],[35.361332309275056,33.53947383755375],[35.36120570798838,33.53904101871579],[35.360969385586586,33.53890669562815],[35.36077526361369,33.53874252296547],[35.36087654464303,33.5382574673712],[35.360800583871026,33.53796643401464],[35.360733063184796,33.5376903254456],[35.36042922009678,33.53686946213222],[35.36004941623676,33.53663066553197],[35.35993125503586,33.53631724499414],[35.359821533920744,33.53602621163758],[35.35982997400652,33.53564562955592],[35.359813093834966,33.53555608083083],[35.35985529426386,33.53542175774319],[35.35999877572209,33.53510087481159],[35.35989749469275,33.53430986107325],[35.3598384140923,33.533809880691464],[35.359424849889166,33.53239948827121],[35.359196967573155,33.53153385059529],[35.35901972577181,33.5308398479758],[35.358893124485135,33.53043687871287],[35.358513320625114,33.529235433317844],[35.35845424002467,33.52789220244141],[35.35839515942422,33.52766833062867],[35.358276998223324,33.52721312460944],[35.358192597365544,33.52701163997797],[35.35787187410597,33.52620570145211],[35.357652431875735,33.525310214201156],[35.35761023144684,33.52513111675097],[35.35734014870194,33.52448188849402],[35.35708694612859,33.52387743459963],[35.357027865528146,33.523429690974154],[35.35656366081034,33.52242226781683],[35.35600661514898,33.521422307053264],[35.35597285480586,33.52054920698359],[35.35553397034539,33.5196238701576],[35.35524700742893,33.51903434105072],[35.35513728631381,33.51892240514435],[35.3549094039978,33.51858659742524],[35.35476592253957,33.51817616576856],[35.35463088116712,33.51756424948041],[35.354267957478655,33.51723590415506],[35.35414979627776,33.51666876222945],[35.35370247173151,33.515713575828435],[35.353407068729275,33.51543746725939],[35.35300194461192,33.51503449799646],[35.351955373975414,33.51376589105761],[35.35100164428247,33.512609220025126],[35.35032643742021,33.51156448489901],[35.35030955724865,33.51116151563608],[35.350199836133534,33.51102719254844],[35.34991287321708,33.510683922435575],[35.34945710858505,33.510236178810096],[35.349178585754366,33.50978843518462],[35.348798781894345,33.50943024028424],[35.348655300436114,33.509206368471496],[35.348258616404536,33.50895264708373],[35.34814045520364,33.508878023146146],[35.3480391741743,33.50881086160233],[35.347735331086284,33.508303418826785],[35.346874442336905,33.50775866408246],[35.34644399796221,33.5074676307259],[35.34500918337991,33.50716913497558],[35.344950102779464,33.50716167258182],[35.3443930571181,33.50719152215685],[35.344114534287414,33.50711689821927],[35.34397105282918,33.50708704864424],[35.34384445154251,33.506796015287684],[35.34284852142068,33.50588560324921],[35.34181039086995,33.50584829128042],[35.3408988616059,33.50651990671864],[35.340865101262786,33.50656468108119],[35.3401983344863,33.50701988710042],[35.34123646503703,33.507975073501434],[35.34137994649526,33.507907911957616],[35.341489667610375,33.50795268632016],[35.34151498786771,33.50815417095163],[35.341025462892574,33.50837058037061],[35.34030805560142,33.50776612647621],[35.33964972891072,33.507034811887934],[35.3419876326713,33.50539308526118],[35.341641589154385,33.50490056727316],[35.3413630663237,33.50472893221673],[35.34127866546592,33.504676695460425],[35.34026585517253,33.503982692840935],[35.34023209482942,33.50396030565966],[35.33936276599426,33.503639422728064],[35.33865379878888,33.50293795771482],[35.337776029867946,33.50204247046386],[35.337404666093704,33.5017514371073],[35.33628213468519,33.50080371310005],[35.33573352910961,33.50046790538094],[35.335547847222486,33.5002440335682],[35.33535372524959,33.50004254893673],[35.335176483448244,33.49987837627406],[35.33510052267624,33.499975387392915],[35.335168043362465,33.5001544848431],[35.33535372524959,33.50040820623087],[35.335640688166045,33.50067685240616],[35.335556287308265,33.500870874643866],[35.33529464464914,33.50068431479992],[35.334847320102895,33.50002762414922],[35.33495704121801,33.499684354036354],[35.33467007830155,33.4994977941924],[35.33445907615709,33.499199298442086],[35.334248074012635,33.498900802691765],[35.33442531581398,33.4984157470975],[35.334239633926856,33.49806501459088],[35.333547546893044,33.49775159405304],[35.333150862861466,33.49707251622107],[35.3333703050917,33.496624772595595],[35.333480026206814,33.4963934383891],[35.33373322878016,33.49546063916935],[35.333783869294834,33.49528154171916],[35.33380074946639,33.495236767356616],[35.33319306329035,33.49389353648018],[35.331488165963144,33.49272194066018],[35.3306525974711,33.49276671502273],[35.33027279361108,33.49278163981025],[35.33007867163818,33.49292342529165],[35.33004491129506,33.4931099851356],[35.32997739060884,33.493184609073175],[35.32963978717771,33.49305774837929],[35.32942034494747,33.492893575716614],[35.329234663060355,33.49260254236005],[35.32911650185946,33.49239359533483],[35.32920090271724,33.49197570128439],[35.32914182211679,33.491908539740564],[35.329091181602124,33.491841378196746],[35.329074301430566,33.49181899101547],[35.32888017945766,33.49181899101547],[35.32865229714165,33.49169213032159],[35.32865229714165,33.49149810808388],[35.32880421868566,33.49116976275853],[35.328837979028776,33.490886191795724],[35.32879577859988,33.490572771257895],[35.32837377431097,33.490281737901334],[35.32780828856383,33.48998324215101],[35.32741160453225,33.48971459597573],[35.32697272007178,33.48940117543789],[35.32598523003573,33.48878179675599],[35.325605426175706,33.4885131505807],[35.325006180085445,33.48809525653025],[35.32435629348052,33.48766243769229],[35.32411153099295,33.487468415454586],[35.323917409020055,33.48724454364184],[35.32403557022095,33.48700574704159],[35.32406933056406,33.48693858549777],[35.32412841116451,33.48665501453497],[35.323993369792056,33.48640875554096],[35.32365576636093,33.486117722184396],[35.323166241385785,33.48539386998987],[35.322777997439985,33.484767028914206],[35.32256699529553,33.484192424594845],[35.32220407160707,33.48380438011943],[35.32178206731815,33.483416335644016],[35.32150354448747,33.48322231340631],[35.32136850311502,33.4831178398937],[35.320760816938986,33.482849193718415],[35.32059201522342,33.48258054754313],[35.32035569282163,33.482028330405036],[35.320001209218944,33.48130447821052],[35.319697366130924,33.48084927219128],[35.31947792390069,33.480513464472175],[35.318971518754,33.48023735590313],[35.3186592355802,33.48009557042173],[35.31818659077662,33.47982692424644],[35.31804310931839,33.47975976270262],[35.31759578477214,33.479573202858674],[35.31740166279924,33.47946872934606],[35.31713158005434,33.4793194814709],[35.316751776194316,33.47911053444568],[35.3163297719054,33.47888666263294],[35.316135649932505,33.47821504719472],[35.3159415279596,33.47768521723791],[35.31572208572937,33.47746880781893],[35.31565456504314,33.477364334306316],[35.31550264349913,33.477155387281094],[35.315308521526234,33.4766927188681],[35.315072199124444,33.47607334018619],[35.314911837494655,33.475737532467086],[35.31474303577909,33.47542411192925],[35.31463331466397,33.47491666915371],[35.314616434492414,33.47481965803485],[35.31448139311996,33.47448385031575],[35.31421131037506,33.474095805840335],[35.31378086600037,33.473521201520974],[35.313451702655016,33.473080920289256],[35.31294529750832,33.47276749975142],[35.31247265270474,33.47244661681983],[35.31243889236163,33.47243169203231],[35.312151929445164,33.47225259458212],[35.311915607043375,33.47211080910072],[35.31168772472736,33.47196156122556],[35.311375441553565,33.47166306547524],[35.311063158379774,33.47158844153766],[35.310750875205976,33.47158097914391],[35.310379511431734,33.471767538987855],[35.309830905856145,33.47185708771295],[35.30934982096679,33.471969023619316],[35.309062858050325,33.47210334670696],[35.3088012153912,33.47214812106951],[35.308598653332524,33.47214065867575],[35.30854801281785,33.47197648601308],[35.30866617401875,33.47178992616913],[35.308986897278324,33.47155112956887],[35.30904597787877,33.471364569724926],[35.3088012153912,33.47114069791218],[35.30854801281785,33.471066073974605],[35.30847205204585,33.471073536368365],[35.308227289558275,33.47108099876212],[35.3079487667276,33.47113323551843],[35.30755208269602,33.47105114918709],[35.30718071892177,33.47104368679333],[35.306750274547085,33.471110848337155],[35.306294509915055,33.47112577312467],[35.3061594685426,33.471110848337155],[35.30589782588348,33.471066073974605],[35.30564462331013,33.47092428849321],[35.304901895761645,33.471439193662505],[35.30462337293096,33.47133472014989],[35.30485125524697,33.471103385943394],[35.30526481945011,33.470775040618044],[35.30549270176612,33.47051385683652],[35.305442061251455,33.47034968417384],[35.30487657550431,33.47024521066123],[35.30345864109356,33.47002880124225],[35.302977556204205,33.46999148927346],[35.30279187431708,33.47034968417384],[35.30287627517487,33.47056609359282],[35.30304507689043,33.470618330349126],[35.30333203980689,33.47055116880531],[35.30361900272335,33.47060340556161],[35.303897525554035,33.470775040618044],[35.303830004867805,33.471036224399576],[35.303686523409574,33.471155622699705],[35.304218248813605,33.471685452656516],[35.30474153413186,33.472125733888234],[35.30468245353141,33.47240930485104],[35.3045727324163,33.47240930485104],[35.304066327269595,33.47202126037563],[35.30322231869177,33.47128994578735],[35.302749673888194,33.47089443891817],[35.30255555191529,33.47072280386174],[35.302597752344184,33.47015566193613],[35.30272435363086,33.469722843098175],[35.30292691568953,33.469513896072954],[35.303129477748215,33.469401960166586],[35.30313791783399,33.46916316356633],[35.302834074745974,33.46855870967193],[35.30242895062862,33.468006492533846],[35.30233610968506,33.46791694380875],[35.30172842350902,33.46731995230812],[35.301517421364565,33.467058768526584],[35.301281098962775,33.46667072405117],[35.30111229724721,33.46631252915079],[35.30094349553164,33.466163281275634],[35.30048773089962,33.46611104451932],[35.3001838878116,33.46591702228162],[35.29993068523825,33.46555136498748],[35.29977032360847,33.46526033163092],[35.29940739992,33.465021535030665],[35.2992132779471,33.46487228715551],[35.2985549512564,33.46483497518672],[35.298217347825265,33.46492452391181],[35.29778690345058,33.464939448699326],[35.29730581856121,33.46488721194302],[35.2970019754732,33.46487974954926],[35.29699353538742,33.464767813642894],[35.29702729573054,33.46458125379895],[35.2971960974461,33.46434245719869],[35.29714545693143,33.46412604777971],[35.29695133495853,33.46409619820468],[35.29660529144162,33.46409619820468],[35.29631832852516,33.4643051452299],[35.29592164449358,33.46429768283615],[35.295752842778015,33.46429768283615],[35.29523799754554,33.46445439310506],[35.29508607600154,33.464663340130286],[35.295052315658424,33.46511108375576],[35.29462187128373,33.46517824529958],[35.29429270793838,33.46521555726837],[35.293980424764584,33.46511108375576],[35.29372722219124,33.46516332051207],[35.293499339875225,33.46508123418073],[35.29322081704454,33.464723039280344],[35.292807252841406,33.464357381986204],[35.29261313086851,33.46420813411105],[35.29235992829516,33.46401411187334],[35.2918788434058,33.463715616123025],[35.29176912229068,33.46360368021666],[35.291575000317785,33.46333503404137],[35.291431518859554,33.46323056052876],[35.2909082335413,33.46320817334748],[35.29075631199729,33.46320071095373],[35.29001358444881,33.46318578616621],[35.28961690041723,33.4631335494099],[35.28930461724343,33.46317086137869],[35.289135815527864,33.463305184466336],[35.28906829484164,33.46335742122264],[35.28886573278296,33.46357383064162],[35.28863785046695,33.46356636824787],[35.28856188969495,33.46337234601016],[35.28847748883716,33.46320817334748],[35.28824960652115,33.463014151109775],[35.28776852163179,33.462984301534746],[35.28754063931578,33.46287982802213],[35.28729587682821,33.46254402030303],[35.28727899665665,33.46216343822137],[35.2871439552842,33.46192464162112],[35.28691607296818,33.46184255528978],[35.286578469537055,33.46181270571475],[35.286350587221044,33.46169330741462],[35.28632526696371,33.46147689799564],[35.28633370704949,33.46118586463908],[35.28622398593437,33.46085005691997],[35.28612270490503,33.460641109894745],[35.28598766353258,33.46037246371946],[35.285650060101446,33.459962032062776],[35.28537997735654,33.459335190987105],[35.28513521486897,33.45906654481182],[35.2849326528103,33.45894714651169],[35.28477229118051,33.458730737092715],[35.28460348946494,33.45849194049246],[35.284586609293385,33.45815613277335],[35.28440092740627,33.457745701116664],[35.284122404575584,33.457335269459975],[35.28390296234535,33.45685021386571],[35.283886082173794,33.456678578809274],[35.28386076191646,33.456350233483924],[35.28369196020089,33.45577562916456],[35.28338811711288,33.45532042314533],[35.28291547230929,33.454880141913605],[35.28269603007906,33.454633882919595],[35.28235842664793,33.45443986068189],[35.28213054433191,33.454312999988005],[35.28199550295946,33.454029429025205],[35.28200394304524,33.453648846943544],[35.28180982107234,33.45352198624966],[35.281733860300335,33.453327964011955],[35.281489097812766,33.45273097251132],[35.28129497583987,33.45239516479221],[35.28138781678343,33.452104131435654],[35.28129497583987,33.45182056047285],[35.280881411636734,33.451260880941],[35.28062820906339,33.45102208434075],[35.280248405203366,33.45039524326508],[35.27975044014245,33.44973855261438],[35.279277795338864,33.44918633547629],[35.278729189763276,33.44848487046304],[35.27840002641793,33.4480669764126],[35.27769105921255,33.44734312421808],[35.27693989157829,33.446708820748654],[35.276636048490275,33.44636555063578],[35.27638284591693,33.44598496855413],[35.276180283858245,33.44607451727923],[35.27581736016978,33.44588049504152],[35.27576671965511,33.44570885998509],[35.27582580025556,33.445522300141135],[35.27608744291469,33.445313353115914],[35.27629844505914,33.44509694369693],[35.27629844505914,33.44479098555286],[35.27625624463025,33.44428354277732],[35.27621404420136,33.443805949576806],[35.27611276317202,33.44320895807617],[35.27591864119912,33.4426716657256],[35.27583424034134,33.442417944337826],[35.2756147981111,33.44222392210012],[35.275108392964405,33.441925426349805],[35.27466106841816,33.441634392993244],[35.27415466327147,33.44146275793681],[35.27369889863944,33.44128366048662],[35.2735976176101,33.44114187500522],[35.27353009692387,33.44104486388637],[35.273631377953215,33.44066428180471],[35.273715778810995,33.44042548520446],[35.273639818038994,33.44023146296675],[35.27344569606609,33.43999266636649],[35.27316717323541,33.439798644128786],[35.273032131862955,33.43960462189108],[35.273032131862955,33.43941059965337],[35.27320093357852,33.43929120135325],[35.273184053406965,33.439104641509296],[35.2730152516914,33.43888823209032],[35.273006811605626,33.43864943549006],[35.27287177023317,33.438410638889806],[35.272702968517606,33.43818676707707],[35.2727451689465,33.437880808932995],[35.27283800989006,33.43766439951401],[35.27284644997584,33.43728381743236],[35.27277048920383,33.43682861141312],[35.27272828877494,33.43637340539389],[35.27259324740249,33.43603759767478],[35.27242444568692,33.43565701559312],[35.272407565515365,33.43524658393644],[35.27227252414291,33.43500778733618],[35.272019321569566,33.43483615227975],[35.271850519854,33.43466451722332],[35.271698598309996,33.43442572062306],[35.27174079873888,33.434119762478986],[35.271774559082,33.433709330822296],[35.271732358653104,33.433425759859496],[35.27152979659443,33.433254124803064],[35.271259713849524,33.432769069208796],[35.27085458973217,33.43192581871415],[35.27058450698726,33.431254203275934],[35.270339744499694,33.43096316991937],[35.27019626304146,33.430888545981794],[35.26982489926722,33.430888545981794],[35.26954637643654,33.43082884683173],[35.269234093262746,33.4305676630502],[35.269234093262746,33.43017961857479],[35.269099051890294,33.42991843479326],[35.268845849316946,33.4297691869181],[35.26865172734404,33.429619939042944],[35.26860108682937,33.429530390317844],[35.26845760537115,33.42926174414256],[35.2683563243418,33.428881162060904],[35.26822128296935,33.42841849364791],[35.26815376228313,33.4280826859288],[35.26806936142535,33.42767971666587],[35.267875239452444,33.427411070490585],[35.267546076107095,33.42707526277148],[35.26720847267596,33.426806616596195],[35.26692994984528,33.42641857212078],[35.266862429159055,33.42596336610154],[35.266862429159055,33.42572456950129],[35.26688774941639,33.42529921305709],[35.26695527010261,33.42500817970053],[35.26682022873016,33.42453058650002],[35.26674426795816,33.424224628355944],[35.26669362744349,33.42388882063683],[35.26668518735771,33.42383658388053],[35.266617666671486,33.42355301291773],[35.26628006324035,33.423493313767665],[35.26622098263991,33.423448539405115],[35.26620410246835,33.42325451716741],[35.266263183068794,33.42301572056716],[35.26618722229679,33.4227769239669],[35.26598466023812,33.4227246872106],[35.26595933998078,33.42258290172919],[35.26611126152479,33.42229933076639],[35.266170342125235,33.42203814698486],[35.26618722229679,33.4214635426655],[35.26620410246835,33.421038186221296],[35.26600998049545,33.420097924607795],[35.26590869946611,33.41945615874461],[35.2657567779221,33.41888155442525],[35.26565549689276,33.41848604755608],[35.26562173654965,33.418374111649705],[35.26543605466253,33.418090540686904],[35.26537697406208,33.41741892524869],[35.26536009389052,33.41706073034831],[35.26522505251807,33.416627911510346],[35.26500561028784,33.416336878153786],[35.264870568915384,33.416053307190985],[35.26479460814338,33.41566526271557],[35.26443168445492,33.41549362765914],[35.26406876076645,33.41534437978398],[35.26403500042334,33.415150357546274],[35.26421224222468,33.414986184883595],[35.26444856462647,33.41487424897723],[35.26470176719982,33.414732463495824],[35.26485368874383,33.414448892533024],[35.26483680857227,33.41406831045137],[35.26466800685671,33.413754889913534],[35.26467644694249,33.41359071725086],[35.265014050373615,33.413642954007166],[35.265410734405194,33.41373996512602],[35.2657567779221,33.41374742751978],[35.26592557963767,33.41362802921965],[35.2659931003239,33.4132996838943],[35.26600154040967,33.41300865053774],[35.26600154040967,33.41297133856895],[35.26592557963767,33.41268030521239],[35.26567237706432,33.412337035099526],[35.265393854233636,33.41214301286182],[35.26481992840072,33.4115609461487],[35.26449076505536,33.41121767603583],[35.26427132282513,33.410978879435575],[35.264001240080226,33.41042666229749],[35.26380711810732,33.410038617822075],[35.263553915533976,33.40984459558437],[35.263393553904194,33.40958341180284],[35.26325851253174,33.40924760408373],[35.263317593132186,33.409053581846024],[35.26330071296063,33.40888940918335],[35.2631572315024,33.408740161308195],[35.26322475218863,33.40850136470794],[35.26330915304641,33.40821779374514],[35.263317593132186,33.40791183560106],[35.26321631210285,33.407665576607044],[35.2629631095295,33.40754617830692],[35.26273522721349,33.40756110309444],[35.26249890481169,33.407680501394566],[35.262009379836556,33.40743424240055],[35.26181525786366,33.40732976888794],[35.26144389408942,33.40713574665023],[35.26136793331741,33.406941724412526],[35.261401693660524,33.406658153449726],[35.2614101337463,33.40659845429966],[35.2614101337463,33.406396969668194],[35.261249772116514,33.40612832349291],[35.2610218898005,33.40586713971138],[35.260768687227156,33.40571789183622],[35.260549244996916,33.40552386959851],[35.26035512302402,33.40539700890463],[35.260329802766684,33.40518059948565],[35.26065052602626,33.40490449091661],[35.2611400510014,33.40467315671011],[35.26125821220229,33.40455375840998],[35.261097850572504,33.40417317632833],[35.26081088765604,33.403949304515585],[35.26049860448225,33.403949304515585],[35.259933118735105,33.40381498142794],[35.25965459590442,33.403665733552785],[35.25930011230174,33.40361349679648],[35.25913975067195,33.40344186174005],[35.259173511015064,33.40327768907737],[35.259257911872844,33.40303889247711],[35.259257911872844,33.40287471981444],[35.259072229985726,33.402606073639156],[35.258844347669715,33.40258368645788],[35.2584223433808,33.402456825764],[35.25820290115056,33.402113555651134],[35.25778933694743,33.401703123994444],[35.25740109300163,33.4011434444626],[35.25720697102873,33.40083002392476],[35.25691156802649,33.4002554196054],[35.256641485281584,33.399628578529736],[35.2562870016789,33.39914352293547],[35.25574683618909,33.39839728355967],[35.25541767284374,33.397822679240306],[35.255240431042395,33.39721822534592],[35.25510538966994,33.39678540650795],[35.25497878838327,33.39609140388846],[35.254852187096596,33.39568097223177],[35.25460742460903,33.39522576621254],[35.254379542293016,33.394837721737126],[35.254160100062784,33.39412133193636],[35.25394909791832,33.393404942135604],[35.25362837465875,33.392584078822225],[35.25319793028406,33.3917184411463],[35.252851886767154,33.3907781795328],[35.25266620488003,33.390300586332295],[35.25250584325024,33.389845380313055],[35.25266620488003,33.389158840087326],[35.252784366080924,33.38874840843064],[35.253307651399176,33.38823350326134],[35.25381405654587,33.38765143654822],[35.25416854014856,33.38700967068504],[35.25426138109212,33.3864126791844],[35.25419386040589,33.38579330050249],[35.25383937680321,33.38536048166453],[35.25328233114184,33.384823189313956],[35.25280968633826,33.38426350978211],[35.2527928061667,33.38386054051918],[35.2529109673676,33.383554582375105],[35.253012248396935,33.383196387474726],[35.252986928139606,33.38276356863676],[35.252927847539155,33.38238298655511],[35.25256492385069,33.3821889643174],[35.25216823981911,33.382159114742365],[35.251771555787535,33.38192778053587],[35.25169559501553,33.381845694204536],[35.251467712699515,33.381591972816764],[35.2513579915844,33.38153973606046],[35.25094442738126,33.38210687798606],[35.250767185579925,33.38234567458632],[35.250539303263906,33.38236806176759],[35.25048866274924,33.38215165234861],[35.25049710283502,33.3817636078732],[35.2505055429208,33.38138302579154],[35.25034518129101,33.381099454828735],[35.25026922051901,33.380733797534596],[35.250218580004336,33.38042783939052],[35.25042958214879,33.38002487012759],[35.250547743349685,33.379711449589756],[35.2505055429208,33.37935325468938],[35.250235460175894,33.37859209052607],[35.250218580004336,33.37841299307588],[35.250193259747,33.37818165886938],[35.25002445803143,33.37784585115027],[35.24973749511498,33.37748019385613],[35.249458972284295,33.3773085587997],[35.24929017056873,33.376972751080594],[35.249247970139834,33.37666679293651],[35.24908760851005,33.37637575957996],[35.24920576971095,33.376159350160975],[35.24940833176962,33.37604741425461],[35.24955181322785,33.375831004835625],[35.24956025331363,33.37547280993524],[35.24937457142651,33.375137002216135],[35.24932393091184,33.3748235816783],[35.249610893828304,33.37478626970951],[35.249695294686084,33.374472849171674],[35.24971217485764,33.374069879908745],[35.249771255458086,33.37371168500837],[35.249838776144315,33.373375877289256],[35.24996537743099,33.37306991914518],[35.249847216230094,33.37230875498187],[35.24986409640165,33.37189832332518],[35.24987253648743,33.371502816456015],[35.24988941665898,33.37101776086175],[35.249931617087874,33.37027898387971],[35.24979657571542,33.36986855222302],[35.249695294686084,33.36946558296009],[35.2494167718554,33.369077538484675],[35.24897788739493,33.368801429915635],[35.2487162447358,33.36865964443423],[35.24849680250557,33.36836861107767],[35.24826892018956,33.36791340505844],[35.24831112061845,33.36748058622047],[35.24820983958911,33.36702538020124],[35.24801571761621,33.366756734025955],[35.24773719478553,33.3665179374257],[35.24760215341308,33.36604034422519],[35.247458671954845,33.36521948091182],[35.24735739092551,33.364503091111054],[35.24717170903838,33.36414489621067],[35.24706198792327,33.363809088491564],[35.24696070689393,33.36345089359118],[35.2470113474086,33.36304792432825],[35.24704510775171,33.361801704570674],[35.24696070689393,33.3614957464266],[35.246918506465036,33.36113008913246],[35.246690624149025,33.36095845407603],[35.24653026251924,33.360697270294494],[35.246226419431224,33.36036146257539],[35.246150458659216,33.36002565485628],[35.246158898744994,33.3596152231996],[35.24633614054634,33.35916747957412],[35.24643742157568,33.35883167185501],[35.24657246294813,33.358458552167114],[35.24658090303391,33.35814513162928],[35.246614663377024,33.35783171109144],[35.24663154354858,33.35726456916584],[35.24663154354858,33.35692876144673],[35.246614663377024,33.35659295372762],[35.2464289814899,33.35616013488966],[35.24641210131834,33.35582432717055],[35.24655558277657,33.3554959818452],[35.246758144835255,33.355309422001255],[35.24691006637926,33.35516763651985],[35.246918506465036,33.354734817681894],[35.24663998363435,33.35449602108164],[35.246361460803676,33.35422737490635],[35.246386781061005,33.3539885783061],[35.24655558277657,33.353705007343294],[35.24657246294813,33.35324980132406],[35.24658090303391,33.35286921924241],[35.24619265908811,33.35242893801069],[35.24585505565698,33.35235431407311],[35.24572001428453,33.352287152529286],[35.24555965265474,33.35177970975374],[35.24531489016717,33.35117525585935],[35.24516296862316,33.35038424212101],[35.245146088451605,33.3500484344019],[35.245205169052056,33.34979471301413],[35.24531489016717,33.34957830359515],[35.24548369188273,33.34941413093247],[35.245441491453846,33.34907832321337],[35.24536553068184,33.34883952661311],[35.2453402104245,33.348600730012855],[35.24542461128229,33.34841417016891],[35.24548369188273,33.348272384687505],[35.24555965265474,33.34777240430572],[35.245238929395164,33.347003777748654],[35.244909766049815,33.34625753837286],[35.244698763905355,33.34575009559732],[35.244529962189795,33.34543667505949],[35.24420923893022,33.34538443830318],[35.243837875155975,33.34544413745324],[35.243694393697744,33.345585922934646],[35.243542472153734,33.34572770841604],[35.243373670438174,33.34575009559732],[35.24338211052395,33.34553368617834],[35.24366907344041,33.345324739153114],[35.24415859841555,33.34523519042802],[35.2444118009889,33.34510086734038],[35.244285199702226,33.34454865020229],[35.243989796699985,33.343824798007766],[35.24370283378352,33.34294423554433],[35.243609992839964,33.34225023292484],[35.24350027172485,33.341862188449426],[35.24356779241107,33.3414592191865],[35.243778794555524,33.34079506614204],[35.243905395842205,33.33979510537847],[35.24394759627109,33.33943691047809],[35.243896955756426,33.338959317277585],[35.243905395842205,33.33863843434599],[35.243905395842205,33.33857873519593],[35.24380411481286,33.33824292747682],[35.243922276013755,33.33754892485733],[35.243905395842205,33.33707133165682],[35.24385475532753,33.33681014787529],[35.24374503421242,33.33651911451874],[35.243930716099534,33.33604898371198],[35.243846315241754,33.335899735836826],[35.24359311266841,33.335966897380644],[35.243306149751945,33.33594451019937],[35.24311202777905,33.33575048796166],[35.24301918683548,33.33531020672994],[35.24285038511992,33.3348923126795],[35.242976986406596,33.334825151135675],[35.24317110837949,33.335153496461025],[35.24323862906572,33.335317669123704],[35.24328926958039,33.33539975545504],[35.24341587086706,33.33571317599287],[35.243534032067956,33.33574302556791],[35.24370283378352,33.33565347684281],[35.24373659412664,33.33543706742383],[35.24371971395508,33.33532513151746],[35.243837875155975,33.33508633491721],[35.243989796699985,33.33489977507326],[35.244082637643544,33.33468336565428],[35.244082637643544,33.33448934341657],[35.24409107772932,33.334302783572625],[35.243922276013755,33.334131148516185],[35.243753474298195,33.33395951345975],[35.243534032067956,33.33384011515963],[35.243306149751945,33.3337207168595],[35.2430529471786,33.333683404890714],[35.242909465720366,33.33371325446574],[35.242833504948365,33.334422181872746],[35.242605622632354,33.334422181872746],[35.242614062718125,33.33295955269619],[35.24241994074523,33.33260135779581],[35.24231021963011,33.33239987316434],[35.24218361834344,33.33231032443925],[35.24209921748565,33.332258087682945],[35.2419641761132,33.33224316289542],[35.241837574826526,33.33222823810791],[35.241668773110966,33.33216107656409],[35.2415759321674,33.33211630220154],[35.241533731738514,33.33198944150766],[35.241525291652735,33.331877505601284],[35.24155905199585,33.331765569694916],[35.24155061191007,33.331683483363584],[35.24148309122384,33.33161632181976],[35.24139025028028,33.33157900985097],[35.24134804985139,33.33153423548842],[35.241297409336724,33.33145961155084],[35.2411876882216,33.33095963116906],[35.2411876882216,33.33072829696256],[35.24125520890783,33.33058651148116],[35.2413058494225,33.33048203796855],[35.2413058494225,33.330414876424726],[35.24126364899361,33.33002683194932],[35.241077967106484,33.32942984044868],[35.24085852487625,33.32901194639823],[35.24073192358958,33.32876568740422],[35.24062220247446,33.32854927798524],[35.240512481359346,33.32847465404766],[35.240309919300664,33.32856420277275],[35.240132677499325,33.32866121389161],[35.24011579732777,33.32844480447263],[35.24017487792821,33.328206007872375],[35.240124237413546,33.32794482409085],[35.23993011544064,33.327795576215685],[35.239761313725076,33.32775080185314],[35.239592512009516,33.32774333945938],[35.239449030551285,33.32762394115925],[35.23933930943617,33.32745230610282],[35.239060786605485,33.32730305822766],[35.23880758403214,33.32728067104639],[35.23857970171613,33.32719858471505],[35.23833493922855,33.3269597881148],[35.23802265605476,33.326810540239634],[35.2377356931383,33.326735916302056],[35.237457170307614,33.32651204448932],[35.23738120953561,33.326250860707795],[35.23738964962139,33.32601206410754],[35.237305248763604,33.325795654688555],[35.23711112679071,33.325504621331994],[35.236925444903584,33.325191200794166],[35.23661316172979,33.325019565737726],[35.236452800100004,33.324847930681294],[35.2362586781271,33.32458674689977],[35.23589575443864,33.32436287508703],[35.234747902772796,33.32402706736792],[35.23462130148612,33.32399721779289],[35.2343174583981,33.32389274428028],[35.23408113599631,33.323840507523975],[35.233887014023416,33.323840507523975],[35.23360849119273,33.323833045130215],[35.23304300544559,33.32360917331748],[35.23284044338691,33.32360171092372],[35.232587240813565,33.32360171092372],[35.2323002778971,33.32357186134869],[35.232055515409535,33.32340022629225],[35.23194579429442,33.323161429692],[35.231751672321515,33.32291517069799],[35.23170103180684,33.32251220143506],[35.23168415163529,33.32217639371595],[35.23163351112062,33.32193759711569],[35.231836073179295,33.32169880051544],[35.2319542343802,33.32157940221531],[35.23187827360819,33.321340605615056],[35.23162507103484,33.321221207314935],[35.23139718871883,33.321101809014806],[35.23134654820416,33.32083316283952],[35.23141406889039,33.32057197905799],[35.231363428375715,33.32033318245774],[35.23132122794682,33.32013169782627],[35.23138030854727,33.320071998676205],[35.23154067017706,33.32004214910118],[35.231658831377956,33.32000483713239],[35.23170947189262,33.31969141659455],[35.23170947189262,33.319467544781816],[35.23186139343663,33.31919889860653],[35.23200487489486,33.31903472594385],[35.23196267446597,33.318810854131115],[35.2319120339513,33.31857205753086],[35.23193735420864,33.31830341135557],[35.23212303609576,33.318154163480415],[35.23226651755399,33.31792282927392],[35.23209771583842,33.31736314974207],[35.23194579429442,33.317094503566786],[35.23170947189262,33.316721383878885],[35.23149002966239,33.316430350522324],[35.23132122794682,33.316139317165764],[35.231135546059704,33.315661723965256],[35.23091610382947,33.31539307778997],[35.23066290125612,33.31515428118972],[35.230502539626336,33.315005033314556],[35.22963321079117,33.3144826657515],[35.22927028710271,33.31425879393876],[35.22900864444358,33.314228944363734],[35.22869636126979,33.31424386915125],[35.22840939835333,33.314191632394945],[35.228122435436866,33.314109546063605],[35.22778483200574,33.31412447085112],[35.22760759020439,33.31420655718246],[35.22733750745949,33.31424386915125],[35.227050544543026,33.314228944363734],[35.226898622999016,33.31420655718246],[35.22664542042567,33.31420655718246],[35.22650193896744,33.314191632394945],[35.2264006579381,33.31408715888233],[35.2263246971661,33.31387074946335],[35.22646817862433,33.31360956568182],[35.226729821283456,33.313542404138],[35.22704210445725,33.31354986653176],[35.22746410874616,33.3136319528631],[35.22769199106217,33.3136319528631],[35.228063354836415,33.3134006186566],[35.228130875522645,33.31309466051252],[35.22813931560842,33.31278123997469],[35.22800427423597,33.31249020661813],[35.22778483200574,33.31225141001787],[35.2275653897755,33.312020075811375],[35.22742190831727,33.31204246299265],[35.22725310660171,33.31182605357367],[35.22726154668749,33.31158725697342],[35.22726154668749,33.311370847554436],[35.2271011850577,33.31113205095418],[35.22693238334213,33.3109156415352],[35.226738261369235,33.31076639366004],[35.22645973853855,33.31063953296616],[35.22618121570787,33.3105425218473],[35.22586893253407,33.31048282269724],[35.225607289874944,33.31053505945354],[35.22546380841671,33.310744006478764],[35.225421607987826,33.31102757744157],[35.22553132910294,33.311288761223096],[35.22538784764471,33.311482783460804],[35.22524436618648,33.3115723321859],[35.22501648387047,33.31154994500463],[35.2248476821549,33.311378309948196],[35.22456915932422,33.31134846037316],[35.22431595675087,33.3113409979794],[35.2239952334913,33.311288761223096],[35.22386019211885,33.31113951334794],[35.22369139040328,33.31092310392896],[35.22336222705793,33.3108260928101],[35.2232187455997,33.310676844934946],[35.22331158654326,33.31051267227227],[35.223505708516164,33.310467897909724],[35.2236829503175,33.310378349184624],[35.22371671066062,33.310184326946924],[35.22354790894505,33.31004254146552],[35.22326094602859,33.310012691890485],[35.2229486628548,33.31007985343431],[35.22268702019567,33.31019178934068],[35.22252665856588,33.310094778221824],[35.22240849736499,33.30990075598412],[35.222214375392085,33.30975150810896],[35.22222281547786,33.30952017390246],[35.22214685470586,33.30929630208973],[35.22195273273296,33.30899034394565],[35.22190209221829,33.308676923407816],[35.221969612904516,33.30843812680756],[35.22202869350497,33.30824410456985],[35.22191897238985,33.30802769515087],[35.22169953015961,33.30785606009444],[35.22156448878716,33.30759487631291],[35.22137880690004,33.307079971143615],[35.22121844527025,33.306788937787054],[35.22116780475559,33.30647551724922],[35.22131128621381,33.30621433346769],[35.22131972629959,33.3059829992612],[35.22124376552759,33.30573674026718],[35.22101588321158,33.30545316930438],[35.22102432329736,33.30516213594782],[35.221058083640465,33.304997963285146],[35.22087240175335,33.30463230599101],[35.220669839694665,33.30458753162846],[35.22047571772177,33.30439350939075],[35.22039975694976,33.30410247603419],[35.220290035834644,33.30390845379648],[35.22038287677821,33.30366965719623],[35.22046727763599,33.30350548453355],[35.22041663712132,33.30324430075203],[35.22048415780755,33.30293088021419],[35.22051791815066,33.30272193318897],[35.220441957378654,33.30252791095126],[35.220357556520874,33.30217717844464],[35.2203069160062,33.30198315620693],[35.22014655437641,33.301721972425405],[35.220045273347075,33.301386164706294],[35.22001995308974,33.30093095868706],[35.22000307291819,33.30064738772426],[35.21992711214618,33.30028173043012],[35.21987647163151,33.29997577228604],[35.21988491171729,33.29969220132324],[35.21986803154574,33.29945340472299],[35.21970766991595,33.29908774742885],[35.21962326905816,33.29878178928477],[35.21959794880083,33.298535530290756],[35.21949666777149,33.298319120871774],[35.21938694665637,33.297878839640056],[35.21916750442614,33.297587806283495],[35.21891430185279,33.29749079516464],[35.218745500137224,33.297632580646045],[35.218652659193665,33.29784152767127],[35.218509177735434,33.29788630203382],[35.21837413636298,33.29774451655241],[35.21832349584831,33.297311697714456],[35.21833193593409,33.29695350281407],[35.218348816105646,33.29659530791369],[35.218272855333645,33.29623711301331],[35.21804497301763,33.29594607965675],[35.21793525190251,33.29577444460032],[35.21791837173096,33.295341625762354],[35.21784241095895,33.2951028291621],[35.2177073695865,33.294893882136876],[35.21757232821405,33.29462523596159],[35.21740352649849,33.29433420260503],[35.21737820624115,33.29417002994236],[35.217116563582024,33.29360288801675],[35.21706592306735,33.29324469311637],[35.21707436315313,33.292931272578535],[35.21708280323891,33.29267008879701],[35.21708280323891,33.2923342810779],[35.21706592306735,33.2920507101151],[35.2169308816949,33.29178952633357],[35.2168549209229,33.29149849297701],[35.21683804075134,33.29109552371408],[35.21698996229535,33.290685092057394],[35.21708280323891,33.29043137066962],[35.21708280323891,33.29004332619421],[35.217268485126034,33.28969259368758],[35.21732756572648,33.28945379708733],[35.217285365297585,33.28877471925536],[35.21713344375358,33.288312050842364],[35.217116563582024,33.28788669439816],[35.2171250036678,33.28750611231651],[35.216905561437564,33.28711806784109],[35.21671143946467,33.28702105672224],[35.216508877405985,33.286968819965935],[35.216348515776204,33.2867076361844],[35.21624723474686,33.2863718284653],[35.2160784330313,33.28608079510874],[35.21594339165885,33.28574498738963],[35.21592651148729,33.2857151378146],[35.215808350286395,33.28555096515192],[35.21561422831349,33.28535694291421],[35.21553826754149,33.2851106839202],[35.2153779059117,33.2848271129574],[35.21515002359569,33.284513692419566],[35.21424693441742,33.28321523590568],[35.213900890900504,33.2825212332862],[35.21364768832716,33.28211080162951],[35.21332696506759,33.281558584491414],[35.21302312197957,33.28105114171588],[35.2125842375191,33.280633247665435],[35.2120018716004,33.28007356813359],[35.21011973247185,33.27802887224391],[35.20909848209268,33.27693190036149],[35.20867647780377,33.276454307160975],[35.208566756688654,33.27632744646709],[35.207790268797055,33.27585731566034],[35.207427345108584,33.275521507941235],[35.207098181763236,33.27513346346582],[35.206026290869396,33.2746931822341],[35.2052076025489,33.27434244972748],[35.20467587714487,33.27409619073347],[35.204253872855965,33.273849931739456],[35.20389938925327,33.27363352232047],[35.20344362462125,33.27340965050773],[35.20305538067545,33.27326040263257],[35.2017556074656,33.27284250858213],[35.20093691914511,33.27270818549449],[35.20014355108195,33.27266341113194],[35.19891973864411,33.272745497463276],[35.19822765161029,33.27294698209474],[35.19770436629204,33.27346188726404],[35.19807573006628,33.273514124020345],[35.19805884989472,33.27399171722085],[35.19703759951555,33.27399917961461],[35.19675063659909,33.274088728339706],[35.19657339479775,33.2743200625462],[35.19705447968711,33.274618558296524],[35.197020719343996,33.27480511814047],[35.195940388364384,33.274618558296524],[35.19580534699193,33.27447677281512],[35.19581378707771,33.27423797621486],[35.19583910733505,33.27405141637092],[35.195391782788796,33.27396933003958],[35.193999168635386,33.275230474584674],[35.19599102887905,33.27493197883435],[35.19697007882933,33.27498421559066],[35.19726548183157,33.27499914037818],[35.19723172148846,33.27517077543461],[35.1962442314524,33.27510361389079],[35.194421172924294,33.27535733527856],[35.19399072854961,33.275514045547474],[35.19369532554737,33.27577522932901],[35.193408362630905,33.2760065635355],[35.19335772211624,33.27604387550429],[35.19312139971444,33.27619312337945],[35.19274159585442,33.27632744646709],[35.19237867216596,33.27637222082964],[35.19213390967839,33.27634983364837],[35.19206638899217,33.27634237125461],[35.191391182129905,33.2761483490169],[35.19112953947078,33.2761483490169],[35.190851016640096,33.27604387550429],[35.19057249380941,33.27589462762913],[35.190319291236065,33.275842390872825],[35.19000700806227,33.27574537975397],[35.18981288608937,33.275476733578685],[35.18953436325869,33.27528271134098],[35.189399321886235,33.2752080874034],[35.18944996240091,33.27508868910327],[35.19098605801255,33.275237936978435],[35.19118862007122,33.27495436601563],[35.191197060157,33.274790193352956],[35.191002938184106,33.274543934358945],[35.19069065501031,33.27439468648378],[35.19035305157918,33.27429767536493],[35.1900745287485,33.27405141637092],[35.19005764857694,33.273835006951934],[35.18988884686137,33.27357382317041],[35.189871966689815,33.27334995135767],[35.18999012789072,33.2730962299699],[35.19021801020673,33.27293205730722],[35.19042901235118,33.27264848634442],[35.19042901235118,33.27243207692544],[35.190403692093845,33.27226790426277],[35.19026865072139,33.27214104356888],[35.190015448148046,33.27199925808748],[35.18950904300135,33.2717828486685],[35.18943308222935,33.27154405206824],[35.189635644288025,33.27137987940557],[35.18994792746182,33.271267943499204],[35.19009984900583,33.27093213578009],[35.19031085115029,33.27046200497334],[35.190479652865854,33.270372456248246],[35.19071597526764,33.27011127246672],[35.19089321706899,33.269827701503914],[35.1909269774121,33.269544130541114],[35.190766615782316,33.26932772112213],[35.19074129552498,33.26908892452188],[35.19095229766943,33.26882774074035],[35.19098605801255,33.268491933021245],[35.19071597526764,33.26817851248341],[35.190319291236065,33.26805165178953],[35.190234890378285,33.267835242370545],[35.19009984900583,33.267544209013984],[35.189846646432485,33.26735018677628],[35.18992260720449,33.26693975511959],[35.19006608866272,33.26686513118201],[35.19020957012095,33.26679796963819],[35.19043745243696,33.266805432031944],[35.19057249380941,33.26682781921322],[35.19069065501031,33.26690990554456],[35.19096917784099,33.26693229272583],[35.191197060157,33.26693975511959],[35.191475582987685,33.26696214230086],[35.19167814504637,33.26687259357577],[35.19188070710504,33.26678304485067],[35.19210858942105,33.26678304485067],[35.19221831053617,33.266977067088376],[35.19229427130818,33.26729048762621],[35.192792236369094,33.267715844070416],[35.193138279886,33.26776808082672],[35.19350120357447,33.26777554322048],[35.19399072854961,33.26778300561424],[35.19429457163762,33.26781285518927],[35.194927578070995,33.26785016715806],[35.1953495823599,33.2679322534894],[35.19574626639148,33.26796210306443],[35.19631175213863,33.26800687742698],[35.19642147325374,33.26802180221449],[35.19735832277513,33.26799195263946],[35.19826985203918,33.26785762955182],[35.199881908422824,33.267342724382516],[35.20082719802999,33.266857668788255],[35.202498335014084,33.26588755759972],[35.20346050479281,33.264760736142264],[35.2036208664226,33.264066733522775],[35.20351958539325,33.263872711285075],[35.20340142419236,33.26379808734749],[35.203173541876346,33.26391748564762],[35.203038500503894,33.263820474528764],[35.20376434788083,33.2629622992466],[35.2039669099395,33.26303692318418],[35.2036968271946,33.26343243005335],[35.20476871808844,33.26397718479768],[35.2052076025489,33.263298106965706],[35.20497972023289,33.263171246271824],[35.20483623877466,33.26329064457195],[35.204642116801764,33.263171246271824],[35.205114761605344,33.26252948040864],[35.2052498029778,33.26263395392125],[35.205165402120016,33.262798126583924],[35.205418604693364,33.26289513770278],[35.205646487009375,33.26277573940265],[35.205798408553385,33.26254440519615],[35.2058321688965,33.26228322141463],[35.2058321688965,33.26208919917692],[35.205021920661785,33.26162653076393],[35.204642116801764,33.26197726327055],[35.20450707542931,33.26180562821412],[35.2052076025489,33.26098476490074],[35.205351084007134,33.261081776019594],[35.20514008186268,33.26152951964507],[35.20614445207029,33.262074274389406],[35.206490495587204,33.26200711284558],[35.206895619704554,33.261753391457816],[35.20739358476548,33.26128326065106],[35.20789154982639,33.26060418281909],[35.20860051703176,33.259410199817815],[35.20866803771799,33.25914901603629],[35.20861739720332,33.25881320831718],[35.20871023814688,33.258477400598075],[35.20908160192113,33.25824606639158],[35.20931792432292,33.25787294670368],[35.209503606210035,33.257417740684446],[35.20953736655315,33.25725356802177],[35.20945296569537,33.25715655690291],[35.209495166124256,33.256798362002534],[35.20961332732515,33.256634189339856],[35.209723048440274,33.25666403891489],[35.20992561049895,33.25661180215858],[35.21001001135673,33.25640285513336],[35.21017037298652,33.255820788420245],[35.210035331614066,33.25558199181999],[35.21009441221452,33.25517902255706],[35.210271654015855,33.255082011438205],[35.2104488958172,33.254917838775526],[35.210482656160316,33.254679042175276],[35.21054173676076,33.254350696849926],[35.21055017684654,33.25408205067464],[35.210727418647885,33.253731318168015],[35.21085401993456,33.253395510448904],[35.21086246002034,33.253156713848654],[35.210870900106116,33.25287314288585],[35.210870900106116,33.25261195910432],[35.21099750139279,33.25232838814152],[35.21100594147857,33.251970193241135],[35.21108190225057,33.251074705990185],[35.21109034233635,33.250671736727256],[35.21113254276524,33.25026876746433],[35.21114098285102,33.249888185382666],[35.2111494229368,33.24957476484484],[35.211191623365686,33.249194182763176],[35.211200063451464,33.2488359878628],[35.21120850353724,33.248500180143694],[35.21120850353724,33.24819422199961],[35.21125070396614,33.24783602709923],[35.21130978456658,33.24564954572815],[35.21131822465236,33.24519433970892],[35.211267584137694,33.24476898326471],[35.21124226388036,33.24470928411465],[35.211107222507906,33.24445556272688],[35.211031261735904,33.24416452937032],[35.21109034233635,33.24390334558879],[35.211351984995474,33.24379140968242],[35.21152922679682,33.2435302259009],[35.2115376668826,33.24317203100051],[35.211436385853254,33.24165716506765],[35.21132666473814,33.240530343610196],[35.2113013444808,33.24022438546612],[35.21129290439503,33.239388597365235],[35.21124226388036,33.23920949991504],[35.21113254276524,33.23883638022714],[35.211107222507906,33.237918505794916],[35.21100594147857,33.23743345020065],[35.21084557984878,33.23695585700014],[35.21076961907678,33.236642436462304],[35.21069365830477,33.23635140310574],[35.210643017790105,33.23609021932422],[35.21078649924833,33.23580664836141],[35.210963741049675,33.235620088517464],[35.21099750139279,33.235261893617086],[35.21101438156435,33.23473952605403],[35.21084557984878,33.23447087987874],[35.21071053847633,33.234276857641035],[35.210423575559865,33.23323958490868],[35.21029697427319,33.232642593408045],[35.21005221178562,33.23229932329518],[35.20997625101362,33.231985902757344],[35.21012817255763,33.231657557431994],[35.21038137513098,33.23147099758804],[35.21062613761855,33.23102325396257],[35.21069365830477,33.23064267188091],[35.21070209839055,33.23020985304295],[35.21068521821899,33.22985165814257],[35.210254773844305,33.22878453583518],[35.209950930756285,33.22832186742219],[35.20976524886916,33.22798605970308],[35.20973992861183,33.2276278648027],[35.209723048440274,33.22741145538372],[35.20955424672471,33.22715027160219],[35.20951204629581,33.226836851064355],[35.20952048638159,33.226553280101555],[35.20952892646737,33.22619508520117],[35.2095964471536,33.22576226636321],[35.20960488723938,33.22545630821914],[35.20952048638159,33.225195124437604],[35.20944452560959,33.224956327837354],[35.20951204629581,33.22456082096818],[35.20960488723938,33.22424740043034],[35.209503606210035,33.22372503286729],[35.20937700492336,33.22285939519137],[35.20916600277891,33.22235941480958],[35.20892124029134,33.22201614469672],[35.20878619891889,33.22163556261506],[35.20871023814688,33.221359454046016],[35.20863427737488,33.2210609582957],[35.20847391574509,33.220575902701434],[35.20785778948328,33.21933714533761],[35.2077733886255,33.21912073591864],[35.20769742785349,33.218784928199526],[35.20768054768193,33.21830733499902],[35.20760458690993,33.21797898967367],[35.20744422528014,33.21759094519825],[35.20731762399347,33.217113351997746],[35.207191022706795,33.21656113485965],[35.2069969007339,33.21619547756551],[35.20683653910411,33.215837282665134],[35.2067605783321,33.21556863648985],[35.20669305764588,33.21456121333252],[35.20661709687388,33.21422540561342],[35.206490495587204,33.213792586775455],[35.206473615415646,33.213710500444115],[35.20638921455786,33.21324036963737],[35.20636389430052,33.213061272187176],[35.206338574043194,33.21292694909953],[35.20620353267074,33.21271053968055],[35.20604317104095,33.212568754199154],[35.20599253052628,33.21223294648004],[35.20596721026895,33.21196430030476],[35.205882809411165,33.2117255037045],[35.20586592923961,33.21141208316667],[35.205882809411165,33.21100911390374],[35.205789968467606,33.210068852290235],[35.20557896632315,33.20936738727699],[35.205486125379586,33.20850921199482],[35.20538484435025,33.208083855550626],[35.20528356332091,33.20759879995636],[35.205182282291574,33.20712120675584],[35.20504724091912,33.206763011855465],[35.20480247843155,33.20649436568018],[35.204718077573766,33.20632273062375],[35.2046674370591,33.206061546842214],[35.204186352169735,33.20498696214107],[35.20388250908172,33.20455414330311],[35.20363774659415,33.20424072276528],[35.203561785822146,33.203860140683624],[35.203570225907924,33.20350194578324],[35.20355334573637,33.203166138064134],[35.20342674444969,33.202688544863626],[35.20329170307724,33.20222587645063],[35.20304694058967,33.201703508887576],[35.202802178102104,33.20127069004961],[35.2024561345852,33.20041251476745],[35.20204257038206,33.200024470292036],[35.20131672300513,33.19960657624159],[35.20115636137535,33.19955433948528],[35.200633076057095,33.19939016682261],[35.20052335494197,33.19935285485382],[35.200185751510844,33.199397629216364],[35.19992410885172,33.19950956512274],[35.19967090627837,33.19945732836643],[35.19936706319035,33.199285693309996],[35.19891129855833,33.199084208678535],[35.19846397401208,33.19893496080337],[35.197873168007604,33.19865885223433],[35.197569324919584,33.19849467957165],[35.19731612234624,33.19836781887777],[35.19691943831466,33.19814394706503],[35.19642147325374,33.19787530088974],[35.19591506810705,33.1975991923207],[35.19557746467592,33.19738278290172],[35.195020419014554,33.197069362363884],[35.194944458242546,33.196830565763634],[35.194944458242546,33.196591769163376],[35.19506261944344,33.19650222043828],[35.19507105952922,33.196255961444265],[35.19487693755632,33.196061939206565],[35.19473345609809,33.19592015372516],[35.19474189618387,33.195606733187326],[35.19475033626965,33.1953455494058],[35.19475877635543,33.19508436562427],[35.19484317721321,33.1949201929616],[35.195020419014554,33.19489780578032],[35.19519766081589,33.19473363311765],[35.195172340558564,33.19445006215484],[35.19491913798522,33.1943679758235],[35.19472501601231,33.19427096470466],[35.1942270509514,33.193763521929114],[35.19411732983628,33.19349487575383],[35.19404136906427,33.19318891760975],[35.19396540829227,33.19289788425319],[35.19377128631937,33.19268147483421],[35.19368688546159,33.19250983977778],[35.19368688546159,33.19247252780899],[35.19368688546159,33.191644202101855],[35.19368688546159,33.19138301832032],[35.1938388070056,33.19109198496377],[35.194016048806944,33.19086065075727],[35.19416797035095,33.190621854157015],[35.19420173069406,33.19031589601294],[35.19406668932161,33.19002486265638],[35.19395696820649,33.18983084041867],[35.193788166490926,33.18968905493727],[35.193712205718924,33.18942040876198],[35.1937206458047,33.18918161216173],[35.1937206458047,33.189017439499054],[35.19374596606204,33.188950277955236],[35.19377972640515,33.18887565401766],[35.19384724709138,33.18871148135498],[35.193855687177155,33.18839806081714],[35.19380504666248,33.18801747873549],[35.19358560443225,33.18765182144135],[35.19337460228779,33.1871816906346],[35.19329864151579,33.18682349573422],[35.19321424065801,33.18651007519638],[35.193138279886,33.186151880296],[35.19303699885666,33.185913083695745],[35.192842876883766,33.18564443752046],[35.19256435405308,33.185428028101484],[35.192403992423294,33.18511460756365],[35.19237867216596,33.18475641266326],[35.19242087259485,33.18454000324429],[35.19242087259485,33.184204195525176],[35.192403992423294,33.1838460006248],[35.192243630793506,33.18348780572441],[35.19214234976417,33.18320423476161],[35.191703465303696,33.18239083384199],[35.1915093433308,33.18217442442301],[35.19128990110057,33.181905778247724],[35.19127302092901,33.181383410684674],[35.19111265929922,33.18100282860301],[35.19106201878455,33.180898355090406],[35.19095229766943,33.18071179524645],[35.19090165715477,33.18042076188989],[35.19091009724054,33.18008495417079],[35.19091853732632,33.179876007145566],[35.19091853732632,33.179659597726584],[35.19087633689743,33.17936856437002],[35.190707535181865,33.17927155325117],[35.19045433260852,33.179174542132316],[35.19020113003517,33.17909991819474],[35.18980444600359,33.178973057500855],[35.189466842572465,33.17882380962569],[35.18933180120001,33.178555163450405],[35.18923052017067,33.17824920530633],[35.189179879656,33.177823848862126],[35.189103918883994,33.17748804114302],[35.188859156396425,33.177249244542764],[35.188631274080414,33.17709999666761],[35.18841183185018,33.176883587248625],[35.18831055082084,33.17645076841067],[35.188150189191056,33.17604033675398],[35.18796450730393,33.17562990509729],[35.187795705588364,33.175294097378185],[35.18769442455903,33.17498067684035],[35.18758470344391,33.17462248193996],[35.18750874267191,33.17433891097716],[35.18729774052745,33.17402549043933],[35.18706985821144,33.17375684426404],[35.186774455209196,33.17325686388226],[35.186614093579415,33.172876281800605],[35.18650437246429,33.17249569971895],[35.186403091434954,33.172107655243536],[35.18627649014828,33.17169722358685],[35.186082368175384,33.171533050924175],[35.18582916560204,33.171234555173854],[35.18558440311446,33.171040532936146],[35.18535652079845,33.17098829617984],[35.18507799796777,33.17089128506099],[35.18474039453664,33.17068980042953],[35.18440279110551,33.170428616647996],[35.18418334887527,33.17015997047271],[35.18391326613037,33.16979431317857],[35.18371914415747,33.16950327982201],[35.18335622046901,33.16931671997806],[35.18273165412141,33.169167472102906],[35.18266413343519,33.16913016013412],[35.18240249077606,33.168995837046474],[35.182149288202716,33.16872719087118],[35.18195516622981,33.168630179752334],[35.1816513231418,33.16845108230214],[35.18143188091156,33.168092887401755],[35.18144032099734,33.16777946686393],[35.18143188091156,33.16765260617004],[35.18214084811694,33.168473469483416],[35.182157728288495,33.16848839427093],[35.18217460846005,33.16848093187717],[35.185162398825554,33.16673473173781],[35.18544092165624,33.16663772061896],[35.18618364920472,33.16655563428762],[35.18620896946206,33.166548171893865],[35.18623428971939,33.166540709500104],[35.18761002370125,33.16592133081819],[35.18771974481636,33.16587655645564],[35.18934868137156,33.165443737617686],[35.18938244171468,33.165436275223925],[35.189390881800456,33.16542881283017],[35.19052185329474,33.16475719739196],[35.1908088162112,33.1646601862731],[35.191247700671674,33.16460794951679],[35.19129834118634,33.16460048712304],[35.191787866161484,33.16447362642915],[35.19181318641881,33.164466164035396],[35.19181318641881,33.16444377685412],[35.19190602736238,33.1632050194903],[35.19191446744816,33.163145320340234],[35.1919735480486,33.162869211771195],[35.19214234976417,33.16258564080839],[35.19464905524031,33.16039915943731],[35.19499509875722,33.16024244916839],[35.200236392025516,33.159436510642536],[35.20029547262596,33.159429048248775],[35.20336766384925,33.159182789254764],[35.20339298410658,33.159175326861],[35.203418304363915,33.15916786446725],[35.20839795497309,33.15719779251515],[35.209115362264235,33.157294803634],[35.212710838805776,33.16011558847451],[35.212812119835114,33.160809591093994],[35.209950930756285,33.164466164035396],[35.20993405058473,33.16448855121667],[35.209950930756285,33.164496013610425],[35.212120032801295,33.16608550348087],[35.21214535305863,33.166100428268386],[35.21215379314441,33.166100428268386],[35.21216223323019,33.166100428268386],[35.217285365297585,33.16578700773055],[35.217428846755816,33.16578700773055],[35.219285665627034,33.166010879543286],[35.21931098588437,33.166010879543286],[35.21931942597015,33.16600341714953],[35.22050947806488,33.163846785353485],[35.22102432329736,33.16354082720941],[35.229523489676055,33.16277220065234],[35.2297766922494,33.16279458783361],[35.2340473756532,33.16389902210979],[35.234072695910534,33.16390648450355],[35.23409801616787,33.16390648450355],[35.23824209828499,33.16313785794648],[35.238444660343674,33.16313039555272],[35.239238028406824,33.163190094702784],[35.23926334866416,33.163190094702784],[35.23928022883572,33.163190094702784],[35.24069816324646,33.162787125439856],[35.2407234835038,33.162779663046095],[35.2407234835038,33.16277220065234],[35.2407234835038,33.16276473825858],[35.24070660333224,33.162540866445845],[35.2409176054767,33.16210058521412],[35.24126364899361,33.161846863826355],[35.24128052916517,33.16182447664508],[35.24128052916517,33.161809551857566],[35.24126364899361,33.161063312481765],[35.241288969250945,33.16090660221285],[35.24211609765721,33.158488786635274],[35.24211609765721,33.158466399454],[35.24211609765721,33.158458937060246],[35.24149153130962,33.15463072906241],[35.24158437225318,33.15425760937452],[35.2418882153412,33.153869564899104],[35.241905095512756,33.15385464011159],[35.241905095512756,33.15384717771783],[35.241905095512756,33.153832252930314],[35.24141557053762,33.148399630274525],[35.24140713045184,33.14837724309325],[35.24139025028028,33.148362318305736],[35.237153327219595,33.14586987879058],[35.23711112679071,33.1458474916093],[35.23665536215868,33.14554153346523],[35.23641903975689,33.14516841377733],[35.236208037612435,33.143161029856444],[35.235364029034606,33.13522104289798],[35.23539778937772,33.13499717108524],[35.23640215958533,33.13254950593263],[35.236748203102245,33.1322360853948],[35.23932242926461,33.131265974206265],[35.23934774952195,33.13125104941875],[35.23934774952195,33.131236124631236],[35.239204268063716,33.12947499970436],[35.239204268063716,33.12945261252308],[35.23907766677704,33.126116922513276],[35.23907766677704,33.12609453533201],[35.239052346519706,33.12609453533201],[35.237600651765845,33.12610946011952],[35.23733056902094,33.12606468575697],[35.231658831377956,33.12397521550475],[35.231447829233495,33.12385581720462],[35.228130875522645,33.120885784488955],[35.22811399535109,33.12087085970144],[35.22808867509375,33.12087085970144],[35.210913100535,33.12187828285876],[35.21079493933411,33.121870820465006],[35.19703759951555,33.120475352832266],[35.19701227925822,33.120475352832266],[35.197003839172446,33.120475352832266],[35.19698695900089,33.120475352832266],[35.18033466976039,33.1261840840571],[35.17996330598615,33.12621393363213],[35.16844258889883,33.124154312954936],[35.1684172686415,33.12414685056118],[35.16839194838416,33.124154312954936],[35.15817944459247,33.127176582426905],[35.15746203730132,33.12699748497672],[35.14941019546887,33.11844558173011],[35.14931735452531,33.117900826985775],[35.15092097082317,33.114550212188455],[35.15092941090895,33.11452782500718],[35.15092941090895,33.114512900219665],[35.14837206491814,33.102408897544265],[35.14887002997906,33.1017820564686],[35.153368595698865,33.10099850512401],[35.153436116385095,33.10099104273026],[35.159681779861,33.100453750379685],[35.15973242037567,33.100446287985925],[35.16949759962111,33.0978419125644],[35.17016436639759,33.0979836980458],[35.17067077154429,33.098438904065034],[35.1707045318874,33.09846129124631],[35.17135441849233,33.09881948614669],[35.17139661892122,33.09884187332796],[35.173219677449325,33.0994388648286],[35.1732281175351,33.09944632722236],[35.175540701038344,33.10018510420439],[35.17570106266813,33.10026719053573],[35.17770980308335,33.10157310944337],[35.177929245313585,33.10214771376274],[35.177844844455805,33.102401435150504],[35.177844844455805,33.10242382233178],[35.17783640437003,33.102438747119294],[35.1779630056567,33.10335662155153],[35.17797144574248,33.1033790087328],[35.17797988582826,33.103393933520316],[35.178376569859836,33.103789440389484],[35.17839345003139,33.10381182757076],[35.17840189011717,33.10381182757076],[35.17841877028873,33.10381182757076],[35.18074823396353,33.10391630108337],[35.180773554220856,33.10391630108337],[35.18079887447819,33.10391630108337],[35.18216616837427,33.10352825660796],[35.18219992871738,33.1035207942142],[35.18220836880316,33.103513331820444],[35.183778224757916,33.10255068302567],[35.18381198510103,33.102528295844394],[35.18381198510103,33.10252083345063],[35.185010477281544,33.101185064967964],[35.1850273574531,33.10117014018044],[35.18503579753888,33.10115521539293],[35.185483122085124,33.099752285366435],[35.185533762599796,33.09964034946007],[35.186706934522974,33.09777475102058],[35.18674069486609,33.09772997665803],[35.189070158540886,33.094715169579814],[35.18908703871244,33.094677857611025],[35.189154559398666,33.09459577127969],[35.18920519991334,33.09454353452338],[35.18983820634671,33.093737595997524],[35.189855086518264,33.09372267121001],[35.18986352660404,33.093700284028735],[35.19048809295163,33.09147649068887],[35.19049653303741,33.091454103507594],[35.19049653303741,33.09143917872007],[35.190471212780075,33.091297393238676],[35.206473615415646,33.088961663992436],[35.206490495587204,33.08898405117371],[35.20683653910411,33.08947656916173],[35.20708130159168,33.08972282815575],[35.207427345108584,33.09020788375001],[35.20760458690993,33.09055115386288],[35.20762990716727,33.09082726243192],[35.207570826566815,33.0912227693011],[35.20744422528014,33.091580964201476],[35.207250103307246,33.09184961037676],[35.206794338675216,33.09245406427116],[35.20643141498675,33.0928719583216],[35.20635545421475,33.09294658225918],[35.20620353267074,33.09323015322199],[35.206102251641404,33.093416713065935],[35.205941890011616,33.09373013360377],[35.20593344992584,33.09378983275383],[35.205882809411165,33.09396893020402],[35.20591656975428,33.09425996356058],[35.206110691727176,33.09455099691714],[35.206507375758754,33.09499874054262],[35.20697158047656,33.09549125853064],[35.20715726236368,33.095670355980836],[35.20731762399347,33.09604347566873],[35.20768898776771,33.09665539195689],[35.20815319248552,33.09720760909497],[35.20914912260735,33.0982672690086],[35.20942764543803,33.09852099039637],[35.2100606518714,33.099103057109495],[35.21060925744699,33.09959557509752],[35.21092998070656,33.099789597335224],[35.211436385853254,33.0998119845165],[35.21201875177196,33.099789597335224],[35.21233947503153,33.09976721015395],[35.21283744009245,33.099797059728985],[35.21314128318046,33.099871683666564],[35.213495766783154,33.09989407084784],[35.213816490042724,33.09985675887905],[35.21414565338808,33.099789597335224],[35.21463517836322,33.09976721015395],[35.2156901890855,33.099744822972674],[35.21577458994328,33.099744822972674],[35.216036232602406,33.09973736057892],[35.21663547869266,33.09957318791624],[35.21708280323891,33.09932692892223],[35.21756388812827,33.099103057109495],[35.21783397087317,33.099065745140706],[35.21805341310341,33.09907320753446],[35.21832349584831,33.099132906684524],[35.218677979451,33.09926722977217],[35.21910842382569,33.099349316103506],[35.219581068629275,33.09928215455968],[35.22039975694976,33.09917021865331],[35.22090616209646,33.0992075306221],[35.22121844527025,33.0991552938658],[35.22161512930183,33.099103057109495],[35.22207089393386,33.09895380923433],[35.22232409650721,33.09891649726554],[35.222805181396566,33.09890903487179],[35.22442567786599,33.098685163059045],[35.22569169073273,33.09852099039637],[35.225902692877185,33.098438904065034],[35.226206535965204,33.098282193796116],[35.22646817862433,33.09805832198338],[35.226763581626564,33.09767773990173],[35.22703366437147,33.09728223303255],[35.22719402600126,33.09692403813217],[35.22748098891772,33.09637182099408],[35.22780171217729,33.095782291887204],[35.22809711517953,33.095416634593064],[35.22852755955422,33.09510321405523],[35.22879764229913,33.09487187984873],[35.236917004817805,33.09708074840109],[35.237212407820046,33.09716283473242],[35.24564405351252,33.09740163133268],[35.26064208594048,33.097826987776884],[35.2614101337463,33.098065784377134],[35.25796657874877,33.098371742521216],[35.257941258491435,33.09837920491497],[35.25793281840566,33.09837920491497],[35.257915938234106,33.09838666730873],[35.25420230049167,33.10053583671102],[35.25418542032011,33.10055076149853],[35.254176980234334,33.10055822389229],[35.25416854014856,33.10056568628605],[35.25290252728182,33.102490983875605],[35.2527168453947,33.10267008132579],[35.25068278472214,33.10390137629586],[35.25065746446481,33.10391630108337],[35.25064902437903,33.10392376347713],[35.24908760851005,33.10564011404146],[35.249079168424274,33.10565503882898],[35.249070728338495,33.105677426010246],[35.248682484392695,33.10664007480502],[35.248682484392695,33.106662461986296],[35.24869936456425,33.10666992438006],[35.25010041880344,33.10704304406795],[35.250539303263906,33.10749078769343],[35.25087690669504,33.10967726906451],[35.25087690669504,33.10969965624579],[35.25088534678082,33.10969965624579],[35.25090222695238,33.10969965624579],[35.252244200591115,33.10978920497088],[35.25226952084845,33.10978920497088],[35.25227796093423,33.10978920497088],[35.25229484110579,33.10978174257712],[35.25613508013489,33.10835642536935],[35.25617728056378,33.1083489629756],[35.25832106235146,33.1076922723249],[35.25834638260879,33.107684809931136],[35.25835482269457,33.10766988514362],[35.25947735410308,33.10650575171738],[35.259696796333316,33.10635650384222],[35.263022190129945,33.10496849860324],[35.26319943193129,33.1049237242407],[35.27181675951089,33.10361780533305],[35.27197712114067,33.1036103429393],[35.27569075888311,33.10381928996452],[35.27569919896889,33.10381928996452],[35.27744629672498,33.1039461506584],[35.27785986092812,33.104117785714834],[35.279801080657116,33.105886373035474],[35.27981796082867,33.10590129782299],[35.27982640091445,33.10590129782299],[35.280012082801576,33.10581921149165],[35.28094049223718,33.10622964314834],[35.281733860300335,33.11125183414744],[35.281733860300335,33.11126675893495],[35.28223182536126,33.11359502578743],[35.28224026544703,33.11361741296871],[35.28225714561859,33.11362487536247],[35.28370040028667,33.11432634037571],[35.284021123546246,33.11469946006361],[35.284443127835154,33.11672923116578],[35.284443127835154,33.11675161834705],[35.28446000800671,33.11677400552832],[35.28620710576281,33.1185351304552],[35.286249306191706,33.11857244242399],[35.28992074350524,33.12119920502679],[35.28994606376258,33.121214129814305],[35.289962943934135,33.121214129814305],[35.292807252841406,33.120273868200805],[35.29317861661565,33.12024401862577],[35.29662217161318,33.120885784488955],[35.296647491870516,33.120893246882716],[35.296647491870516,33.120885784488955],[35.296647491870516,33.120878322095194],[35.29704417590209,33.11787097741074],[35.297052615987866,33.11780381586692],[35.29753370087723,33.11608746530259],[35.298512750827506,33.11575911997724],[35.29907823657465,33.11607254051508],[35.29910355683199,33.11608000290883],[35.299111996917766,33.11608000290883],[35.299120437003545,33.11608000290883],[35.30141614033523,33.11565464646463],[35.30210822736905,33.115900905458645],[35.30277499414552,33.116841167072145],[35.30280031440286,33.116871016647174],[35.31501311852399,33.12690793625162],[35.315089079296,33.1269825601892],[35.32416217150762,33.13773586959441],[35.32417905167918,33.13775079438192],[35.32420437193651,33.13775825677568],[35.32861853679854,33.139362671433645],[35.32864385705587,33.1393701338274],[35.32865229714165,33.1393701338274],[35.32866917731321,33.1393701338274],[35.33007867163818,33.13926566031479],[35.33010399189551,33.13925819792103],[35.33010399189551,33.13925073552728],[35.33061039704221,33.13810898928231],[35.33095644055911,33.13780303113823],[35.332399695227195,33.13726573878766],[35.333091782261015,33.137362749906515],[35.34359968905494,33.14551914628395],[35.34362500931228,33.14552660867771],[35.343641889483834,33.14553407107147],[35.34828393666187,33.14559377022153],[35.34891694309524,33.14611613778459],[35.34900134395303,33.148310081549425],[35.3490097840388,33.1483324687307],[35.34901822412458,33.148354855911975],[35.35128860719893,33.15144428692777],[35.351322367542046,33.1514741365028],[35.358040675821535,33.15798134385973],[35.35805755599309,33.15799626864725],[35.35808287625043,33.158003731041006],[35.36183027433597,33.15791418231591],[35.36232823939689,33.15810074215986],[35.36535823019128,33.16098868854419],[35.365501711649515,33.161227485144444],[35.366295079712664,33.16430199137272],[35.36630351979844,33.16432437855399],[35.36631195988422,33.16433184094775],[35.36632039997,33.16433184094775],[35.36772145420919,33.16536911368011],[35.367746774466525,33.16538403846762],[35.36776365463808,33.16539150086138],[35.36848950201502,33.16566014703667],[35.368514822272346,33.16566760943042],[35.3685317024439,33.16566760943042],[35.36945167179373,33.16554074873654],[35.369823035567975,33.16557806070533],[35.371975257441434,33.1663989240187],[35.372287540615226,33.16665264540647],[35.37409371897177,33.16963760290965],[35.374127479314886,33.16971968924099],[35.37457480386114,33.170913672242264],[35.374591684032694,33.17093605942354],[35.37460012411847,33.17094352181729],[35.37735159208218,33.172107655243536],[35.377376912339514,33.1721151176373],[35.37739379251107,33.17212258003105],[35.38020434107523,33.17190617061207],[35.38023810141834,33.171898708218315],[35.38024654150412,33.171898708218315],[35.38383357795988,33.17071965000456],[35.38455098525103,33.17086143548596],[35.38596891966178,33.17220466636239],[35.385994239919114,33.17223451593742],[35.38787637904766,33.174264287039584],[35.38789325921922,33.1742792118271],[35.387901699305,33.17428667422086],[35.387910139390776,33.1742792118271],[35.38958127637487,33.17415981352697],[35.389606596632206,33.17415981352697],[35.38962347680376,33.174152351133216],[35.39126929353052,33.17304791685704],[35.391530936189646,33.17294344334443],[35.39718579366108,33.17192109539959],[35.39721111391841,33.17191363300583],[35.39721111391841,33.17190617061207],[35.39721111391841,33.171898708218315],[35.39722799408997,33.171159931236275],[35.39794540138112,33.17063756367322],[35.39979378016656,33.170794273942136],[35.39981910042389,33.170794273942136],[35.39983598059545,33.17078681154838],[35.40096695208974,33.169562978972074],[35.40098383226129,33.1695405917908],[35.40098383226129,33.169525667003285],[35.4013298757782,33.167816778832716],[35.401397396464425,33.16765260617004],[35.4048240712904,33.16232445702686],[35.40500975317752,33.16214535957667],[35.40797222328569,33.16031707310597],[35.40842798791771,33.16021259959336],[35.413871843244685,33.1607200423689],[35.41391404367358,33.1607200423689],[35.41669083189463,33.161115549238076],[35.41715503661243,33.16140658259464],[35.418252247763604,33.163272181034124],[35.41827756802093,33.16330203060915],[35.42021034766415,33.16533926410507],[35.42022722783571,33.16535418889259],[35.42024410800727,33.16536165128635],[35.42290273502742,33.16566014703667],[35.423105297086096,33.16571238379297],[35.425249078873776,33.1666302582252],[35.425274399131105,33.16663772061896],[35.42529971938844,33.166622795831444],[35.428034307180596,33.16448108882291],[35.428490071812625,33.16433930334151],[35.43276075521642,33.164451239247875],[35.43323340002,33.16465272387934],[35.43530122103567,33.16677950610036],[35.435343421464566,33.16680935567539],[35.436803556304206,33.16783916601399],[35.43682887656154,33.167854090801505],[35.43684575673309,33.167846628407744],[35.44169036596981,33.16533180171132],[35.44171568622715,33.16532433931756],[35.44172412631293,33.16530941453004],[35.44248373403297,33.16252594165832],[35.44248373403297,33.162503554477055],[35.44248373403297,33.162496092083295],[35.44247529394719,33.162496092083295],[35.44014583027239,33.16104838769425],[35.43995170829949,33.160861827850304],[35.43737748213712,33.15661572580203],[35.437360601965565,33.15659333862075],[35.437335281708236,33.15660080101451],[35.43344440216446,33.1575261378405],[35.43299707761821,33.157503750659224],[35.431570703121686,33.15694407112738],[35.431292180291,33.156160519782794],[35.4335456831938,33.15318302467337],[35.43355412327958,33.15316809988585],[35.43353724310802,33.15315317509834],[35.431520062607014,33.15242932290382],[35.431131818661214,33.15188456815949],[35.431334380719896,33.14989957141987],[35.431334380719896,33.14989210902611],[35.43140190140612,33.14901900895644],[35.4314103414919,33.14894438501885],[35.43208554835416,33.14625046087223],[35.43223746989817,33.14600420187822],[35.43314899916222,33.1451385642023],[35.433199639676886,33.14509378983975],[35.4426272154912,33.137847805500776],[35.44331930252502,33.13775079438192],[35.44391854861527,33.137974666194665],[35.44394386887261,33.13798212858842],[35.44395230895839,33.13798212858842],[35.443960749044166,33.137974666194665],[35.44562344594248,33.137071716549954],[35.44564876619982,33.13705679176243],[35.44564876619982,33.13704932936868],[35.445657206285595,33.137034404581165],[35.446838818294545,33.13517626853543],[35.447514025156806,33.134900159966385],[35.454603697210544,33.13595235748626],[35.45463745755365,33.135959819880014],[35.45465433772521,33.13595235748626],[35.4612544848038,33.13476583687874],[35.461457046862485,33.13475837448499],[35.46621725524142,33.13518373092919],[35.46659705910144,33.13533297880435],[35.471315067051485,33.13912387483339],[35.47133194722304,33.1391387996209],[35.4713488273946,33.1391387996209],[35.474252216902315,33.138705980782944],[35.47471642162012,33.138788067114284],[35.47910526622481,33.14118349551058],[35.479333148540825,33.141399904929564],[35.48235469924944,33.14652656944128],[35.48236313933522,33.14654895662255],[35.482388459592556,33.14655641901631],[35.48531716935761,33.147578766961146],[35.485713853389186,33.148019048192864],[35.48627089905055,33.15216813912229],[35.48627089905055,33.15219052630356],[35.48627933913633,33.152197988697324],[35.49046562168235,33.15510832226292],[35.49065974365524,33.15535458125694],[35.49201015737977,33.158817131960625],[35.492027037551324,33.15883205674814],[35.4920354776371,33.15884698153565],[35.49662688430047,33.16211551000164],[35.49685476661648,33.1625483288396],[35.49674504550136,33.16497360681093],[35.496728165329806,33.16505569314227],[35.49527647057595,33.17131664150519],[35.49520894988972,33.17148081416787],[35.4925418827838,33.17544334525334],[35.49253344269802,33.17546573243462],[35.49253344269802,33.17547319482837],[35.49309048835938,33.18046553625244],[35.49309048835938,33.180487923433716],[35.49309892844516,33.18049538582748],[35.49309892844516,33.18050284822123],[35.49575755546531,33.184159421162626],[35.49577443563687,33.18417434595015],[35.495799755894204,33.18417434595015],[35.50105792933405,33.18401017328747],[35.501108569848725,33.184002710893715],[35.50360683523908,33.18351765529945],[35.50363215549642,33.183510192905686],[35.503657475753755,33.18350273051193],[35.505058529992944,33.18275649113613],[35.50544677393874,33.1826744048048],[35.505885658399215,33.18269679198607],[35.506037579943225,33.1827266415611],[35.51009726120257,33.183838538231036],[35.51049394523414,33.184159421162626],[35.511675557243095,33.18671155982785],[35.51170087750043,33.18680110855294],[35.51237608436269,33.18954726945587],[35.51238452444847,33.18956965663715],[35.51239296453425,33.189592043818415],[35.51290780976672,33.19027858404415],[35.512983770538725,33.19068901570083],[35.51282340890894,33.19128600720147],[35.51278964856583,33.19137555592657],[35.511743077929324,33.19350233814758],[35.51100035038084,33.19382322107918],[35.50117609053495,33.19195016024593],[35.50114233019183,33.19195016024593],[35.50113389010606,33.19195016024593],[35.49270224441358,33.19240536626516],[35.492643163813135,33.192412828658924],[35.48783231491953,33.19345010139128],[35.48780699466219,33.19345756378504],[35.487798554576415,33.19345756378504],[35.487790114490636,33.19347248857255],[35.48575605381808,33.19692011448873],[35.48573917364652,33.196949964063755],[35.48573917364652,33.196957426457516],[35.484802324125134,33.20155426101241],[35.484793884039355,33.20158411058745],[35.48381483408908,33.205136210016235],[35.48381483408908,33.2051585971975],[35.48381483408908,33.205173521985024],[35.48534248961494,33.208688309445016],[35.48536780987228,33.20874800859508],[35.48611897750654,33.21126283529151],[35.4861358576781,33.211344921622846],[35.48649878136656,33.21497164498921],[35.48641438050878,33.2152925279208],[35.48365447245929,33.21929237097507],[35.48350255091528,33.219441618850226],[35.482160577276545,33.22037441806997],[35.48212681693343,33.22039680525124],[35.48043879977778,33.22230717805328],[35.48042191960622,33.22232210284079],[35.48041347952044,33.22233702762831],[35.47888582399458,33.228142769971996],[35.478860503737245,33.22820993151582],[35.47776329258607,33.2308217693311],[35.477611371042066,33.23102325396257],[35.474471659132554,33.23368732853415],[35.474454778961,33.233702253321674],[35.474454778961,33.23370971571543],[35.474463219046775,33.23372464050295],[35.47573767199929,33.238239388726505],[35.47574611208507,33.23826177590778],[35.47574611208507,33.23826923830154],[35.47575455217085,33.238276700695295],[35.477172486581594,33.239664705934274],[35.477231567182045,33.2397318674781],[35.47889426408036,33.241992972786754],[35.4789955451097,33.24231385571835],[35.478792983051015,33.24520180210268],[35.478792983051015,33.24522418928395],[35.478801423136794,33.24523911407147],[35.48122372775516,33.24894046137541],[35.481240607926715,33.248955386162926],[35.48125748809827,33.24896284855669],[35.49004361739343,33.25145528807184],[35.49006893765077,33.2514627504656],[35.49812077948322,33.253119401879864],[35.49814609974056,33.253119401879864],[35.49815453982633,33.253119401879864],[35.49816297991211,33.253119401879864],[35.50530329248051,33.25186571972853],[35.50532017265207,33.25186571972853],[35.51577743893133,33.2496344639949],[35.516579247080266,33.25016429395171],[35.51654548673715,33.25323133778623],[35.51654548673715,33.25378355492432],[35.51654548673715,33.25380594210559],[35.51656236690871,33.253813404499354],[35.5176511379741,33.25429846009362],[35.517668018145656,33.254305922487376],[35.51849514655193,33.25461188063145],[35.51887495041195,33.255082011438205],[35.5190099917844,33.25760430052839],[35.51901843187018,33.25764907489094],[35.51955015727421,33.25923856476138],[35.51891715084084,33.25992510498711],[35.51832634483636,33.25991764259336],[35.518301024579024,33.25991764259336],[35.518292584493246,33.25992510498711],[35.518284144407474,33.25993256738087],[35.516672088023824,33.26096237771947],[35.51664676776649,33.26097730250699],[35.51664676776649,33.26098476490074],[35.51664676776649,33.2609922272945],[35.516511726394036,33.262148898326984],[35.515811199274445,33.26263395392125],[35.5061641812299,33.26188771454546],[35.50614730105834,33.26188771454546],[35.49038122082456,33.26020121355616],[35.49033902039567,33.26020121355616],[35.480430359692,33.26027583749374],[35.48037971917733,33.26027583749374],[35.46379495062306,33.262447394077306],[35.463077543331906,33.262066811995645],[35.46221665458253,33.25972362035565],[35.46220821449675,33.259701233174376],[35.46219133432519,33.259708695568136],[35.45648583633909,33.26198472566431],[35.456460516081755,33.26199965045183],[35.456443635910205,33.26201457523934],[35.45253587619487,33.26520847976774],[35.452510555937536,33.26523086694902],[35.45250211585176,33.26524579173653],[35.44943836471425,33.270156046829264],[35.4494214845427,33.27017843401054],[35.449429924628475,33.270200821191814],[35.449978530204056,33.27242461453169],[35.45089005946811,33.276178198591936],[35.45072125775255,33.27667071657996],[35.4480204303035,33.27893928428237],[35.44800355013194,33.27896167146365],[35.44800355013194,33.27898405864492],[35.44842555442086,33.28281226664275],[35.44843399450664,33.282834653824025],[35.448442434592415,33.282842116217786],[35.45040053449297,33.28382715219384],[35.45042585475031,33.28383461458759],[35.450442734921864,33.28383461458759],[35.45639299539553,33.28281972903651],[35.456435195824426,33.282804804249],[35.45855365735476,33.282177963173325],[35.458992541815235,33.282185425567086],[35.46266397912878,33.28334955899333],[35.46290030153057,33.28347641968721],[35.46457143851466,33.28490919928874],[35.464689599715555,33.285536040364406],[35.46384559113773,33.28690912081587],[35.46384559113773,33.286916583209624],[35.46271461964344,33.288931429524276],[35.462697739471885,33.28894635431179],[35.462697739471885,33.288968741493065],[35.462537377842104,33.29122984680172],[35.462537377842104,33.291252233982995],[35.462554258013654,33.291267158770516],[35.464841521259565,33.293707361529364],[35.46487528160268,33.29374467349815],[35.46917972534958,33.297013201964134],[35.46934008697937,33.29719976180809],[35.470774901561676,33.29997577228604],[35.47080022181901,33.30002054664859],[35.47112094507859,33.30082648517445],[35.47113782525014,33.30089364671827],[35.47228567691599,33.30557256760451],[35.47156826962483,33.30622179586145],[35.46579525095251,33.305602417179536],[35.465769930695174,33.305602417179536],[35.465761490609395,33.305602417179536],[35.46575305052362,33.305609879573296],[35.461389526176255,33.30868438580157],[35.461153203774465,33.308788859314184],[35.45689096045645,33.30982613204654],[35.45685720011333,33.3098335944403],[35.456848760027555,33.30984105683405],[35.45448553600965,33.311072351804114],[35.45446021575231,33.311087276591635],[35.45446021575231,33.31110220137915],[35.455135422614575,33.313005111787426],[35.45514386270035,33.3130274989687],[35.455152302786125,33.3130274989687],[35.45516918295768,33.31303496136246],[35.457144163029795,33.31417670760742],[35.45740580568892,33.314751311926784],[35.45688252037067,33.31653482403494],[35.45654491693954,33.31689301893532],[35.45431673429408,33.317818355761304],[35.454291414036746,33.31783328054882],[35.45428297395097,33.31784074294258],[35.45154838615881,33.32419124003059],[35.45154838615881,33.32421362721187],[35.45155682624459,33.32421362721187],[35.454991941156344,33.325064340100276],[35.45504258167101,33.32507180249404],[35.46180309037939,33.32557178287582],[35.4618790511514,33.32557924526957],[35.47260640017556,33.32757916679671],[35.47305372472181,33.32833286856626],[35.46858891934511,33.336556426487526],[35.46858047925933,33.336578813668794],[35.46858047925933,33.336593738456315],[35.46983805204029,33.34006375155376],[35.46984649212607,33.34009360112879],[35.469854932211845,33.34010106352255],[35.47349260918227,33.34469043568369],[35.47358545012584,33.34485460834637],[35.474623580676564,33.34825745989999],[35.47463202076234,33.348279847081265],[35.47464890093389,33.348287309475026],[35.47515530608059,33.34838432059388],[35.4751890664237,33.34838432059388],[35.47520594659526,33.34838432059388],[35.4760837155162,33.34813059920611],[35.47611747585931,33.348115674418594],[35.47612591594509,33.34810821202483],[35.47805869558831,33.34691422902356],[35.478084015845646,33.34689930423605],[35.478092455931424,33.34687691705477],[35.478953344680804,33.345220265640506],[35.47896178476658,33.34519787845923],[35.47896178476658,33.34518295367172],[35.478919584337696,33.34168309099923],[35.47902086536703,33.34138459524892],[35.486161177935436,33.3321237645953],[35.486178058106994,33.332093915020266],[35.486178058106994,33.33208645262651],[35.48706426711371,33.32961640029263],[35.48707270719949,33.329594013111354],[35.48707270719949,33.32958655071759],[35.48706426711371,33.32957162593008],[35.486481901195006,33.328288094203714],[35.48647346110923,33.32826570702244],[35.48646502102345,33.32825824462868],[35.48443940043667,33.327467230890335],[35.48418619786332,33.326653829970724],[35.491478431975736,33.3182810241743],[35.49149531214729,33.31825863699302],[35.49149531214729,33.31825117459927],[35.49149531214729,33.31824371220551],[35.49081166519925,33.31491548458946],[35.490803225113474,33.31489309740819],[35.490794785027695,33.31487817262067],[35.48665070291057,33.31221409804908],[35.486405940423005,33.31170665527355],[35.48656630205279,33.310788780841314],[35.48719930848616,33.31032611242832],[35.49111550828727,33.31029626285329],[35.491427791461064,33.31036342439711],[35.49361377367763,33.311370847554436],[35.49392605685143,33.31170665527355],[35.49466878439991,33.31407969648857],[35.49467722448569,33.314102083669844],[35.49468566457147,33.31411700845736],[35.497572173907635,33.31766910788615],[35.49758905407919,33.31768403267366],[35.49761437433653,33.31768403267366],[35.50005355912644,33.317131815535575],[35.500728765988704,33.31732583777328],[35.50445928390269,33.3213331432213],[35.50452680458891,33.321430154340156],[35.50478844724804,33.32189282275315],[35.50425672184401,33.32266144931022],[35.499589354408634,33.32298979463557],[35.499564034151305,33.32299725702932],[35.49953871389397,33.32300471942308],[35.49623864035467,33.32431063833072],[35.49622176018311,33.32431810072448],[35.49622176018311,33.324333025512],[35.49660156404313,33.32594490256371],[35.49660156404313,33.32596728974499],[35.49661000412891,33.32597475213875],[35.49967375526642,33.328497041228935],[35.49970751560953,33.328526890803964],[35.502889427947935,33.33022085418702],[35.50291474820527,33.33023577897454],[35.50294006846261,33.33022831658078],[35.50524421188007,33.329228355817214],[35.5053876933383,33.329183581454664],[35.5064342639748,33.32895970964193],[35.50660306569036,33.328944784854414],[35.50867088670604,33.32897463442944],[35.50919417202429,33.3292134310297],[35.50971745734254,33.3298701216804],[35.509810298286105,33.33027309094333],[35.50956553579854,33.331355138038234],[35.50932077331097,33.33169094575734],[35.50803788027267,33.33248942188944],[35.50759055572642,33.33259389540205],[35.50341271326619,33.33228047486422],[35.50338739300885,33.33228047486422],[35.50337051283729,33.33228793725797],[35.50103260907672,33.3333475971716],[35.50101572890516,33.33336252195912],[35.49636524164134,33.33592212301809],[35.496348361469785,33.335937047805615],[35.49633148129823,33.33595197259313],[35.49321708964605,33.33939213611554],[35.49274444484247,33.339608545534524],[35.48920804890138,33.3397727181972],[35.48918272864405,33.3397727181972],[35.489165848472496,33.33978764298472],[35.48860036272535,33.340257773791464],[35.48858348255379,33.340272698578985],[35.48859192263957,33.3402876233665],[35.49136871086062,33.34237709361872],[35.49138559103218,33.342392018406244],[35.49140247120373,33.342392018406244],[35.495799755894204,33.34212337223096],[35.49583351623731,33.34212337223096],[35.49585039640887,33.3421159098372],[35.50006199921222,33.340474183210446],[35.50028144144245,33.3404294088479],[35.505353932995185,33.34006375155376],[35.50537925325252,33.34005628916],[35.5053876933383,33.34005628916],[35.5053876933383,33.34004882676624],[35.50718543160907,33.337287741075805],[35.507202311780624,33.33726535389453],[35.507193871694845,33.337250429107016],[35.506653706205036,33.336213156374654],[35.50714323118017,33.33546691699886],[35.51121979261107,33.33489977507326],[35.51125355295419,33.3348923126795],[35.511261993039966,33.3348923126795],[35.513051291224954,33.33415353569746],[35.51394594031745,33.334787839166886],[35.51394594031745,33.33477291437937],[35.51395438040323,33.33481022634816],[35.5145451864077,33.33590719823058],[35.51456206657926,33.335937047805615],[35.51538075489975,33.33678776069402],[35.51546515575753,33.33689969660039],[35.51561707730154,33.337160880381916],[35.51500939112551,33.337936969332745],[35.511430794755526,33.337810108638855],[35.51139703441242,33.337810108638855],[35.51138859432664,33.337810108638855],[35.50792815915755,33.33901901642765],[35.507902838900215,33.3390264788214],[35.507894398814436,33.33903394121516],[35.507894398814436,33.339041403608924],[35.50671278680549,33.340712979810704],[35.50670434671971,33.34073536699198],[35.50670434671971,33.34075029177949],[35.50676342732015,33.34318303214459],[35.50676342732015,33.343205419325855],[35.50677186740593,33.343212881719616],[35.50678030749171,33.34322780650713],[35.50900849013717,33.34546652463452],[35.50902537030873,33.34547398702828],[35.50937141382563,33.34579486995987],[35.509422054340305,33.34646648539808],[35.50632454285969,33.35015290791451],[35.50624858208768,33.35022753185209],[35.50515981102229,33.35112301910304],[35.50513449076495,33.35114540628432],[35.50513449076495,33.35115286867808],[35.50512605067917,33.35115286867808],[35.50429048218712,33.35316025259897],[35.504282042101345,33.35318263978024],[35.504282042101345,33.353190102174],[35.5042989222729,33.35319756456776],[35.509185731938516,33.35566761690164],[35.50923637245318,33.355682541689156],[35.51397970066056,33.35716755804699],[35.51417382263346,33.358085432479214],[35.511970960245336,33.35965253516839],[35.51195408007378,33.359674922349654],[35.511945639988,33.359682384743415],[35.51113539175329,33.370510318086204],[35.51113539175329,33.37053270526748],[35.51113539175329,33.37054763005499],[35.51267148736493,33.37438330044658],[35.51267992745071,33.374398225234096],[35.51267992745071,33.374405687627856],[35.51269680762227,33.37441315002161],[35.51814910303502,33.376398146761225],[35.51817442329235,33.376405609154986],[35.51818286337813,33.376405609154986],[35.51819130346391,33.376405609154986],[35.523297555359754,33.3745922474718],[35.52332287561709,33.37457732268429],[35.52332287561709,33.374562397896774],[35.52409092342291,33.37065956596136],[35.52409092342291,33.37062225399257],[35.52422596479536,33.36631645279424],[35.524217524709584,33.36629406561296],[35.523981202307795,33.36235392170876],[35.523972762222016,33.36230914734622],[35.523230034673524,33.359645072774626],[35.52365203896244,33.35900330691144],[35.52589710177946,33.358383928229536],[35.52592242203679,33.358369003442014],[35.52593930220835,33.35836154104826],[35.528310966312034,33.35660041612138],[35.52832784648359,33.356578028940106],[35.52833628656937,33.35657056654635],[35.530387227413485,33.35024991903337],[35.53039566749926,33.35022006945833],[35.531070874361525,33.34674259396713],[35.531070874361525,33.346720206785854],[35.531070874361525,33.34671274439209],[35.52940817746321,33.34396658348917],[35.529382857205874,33.34351883986369],[35.53149287865044,33.33913095233402],[35.53165324028023,33.33892946770255],[35.53675949217607,33.334996786192114],[35.536776372347624,33.33498186140459],[35.536776372347624,33.33496693661708],[35.53652316977428,33.33256404582702],[35.5365147296885,33.33252673385823],[35.53474231167507,33.326489657308045],[35.53473387158929,33.32646727012677],[35.531931763110904,33.31426625633252],[35.53192332302513,33.31408715888233],[35.53378858198212,33.30394576576527],[35.5337970220679,33.303923378584],[35.53378858198212,33.30391591619024],[35.53378858198212,33.30390845379648],[35.52989770243835,33.29961757738566],[35.52988082226679,33.299602652598146],[35.52987238218101,33.299602652598146],[35.52986394209523,33.299602652598146],[35.51903531204174,33.30360995804617],[35.51878210946839,33.30365473240871],[35.510738707721714,33.303684581983745],[35.510122581459896,33.303311462295845],[35.50931233322519,33.30116229289356],[35.50945581468341,33.300625000542986],[35.512122881789345,33.29826688411547],[35.51230012359069,33.2981549482091],[35.521837420520114,33.29422226669866],[35.52187118086323,33.29420734191115],[35.52802400339558,33.28978214241268],[35.52804088356713,33.28976721762516],[35.52804932365291,33.28975229283765],[35.53203304414025,33.282580932436254],[35.532471928600714,33.28228243668594],[35.5422202276746,33.28044668782148],[35.542861674193745,33.280633247665435],[35.5483139696065,33.286185268621345],[35.548330849778054,33.28620019340887],[35.54833928986383,33.28620765580262],[35.55073627422486,33.287207616566185],[35.550761594482196,33.287215078959946],[35.550786914739525,33.287207616566185],[35.55336958098767,33.28664793703434],[35.55396882707793,33.28677479772823],[35.56206286933928,33.293005896516114],[35.562265431397954,33.29335662902274],[35.5625186339713,33.29561027193764],[35.56251019388552,33.29574459502528],[35.561953148224156,33.298901187584896],[35.56194470813838,33.29892357476617],[35.561953148224156,33.29892357476617],[35.561961588309934,33.298938499553685],[35.56330356194868,33.30031904239891],[35.56332044212024,33.30034142958018],[35.563328882206015,33.30034142958018],[35.563337322291794,33.30034142958018],[35.56528698210657,33.30019964409878],[35.56531230236391,33.30019218170502],[35.56532074244968,33.30019218170502],[35.56532918253546,33.30018471931127],[35.5671775613209,33.29879671407229],[35.56720288157823,33.298774326891014],[35.56721132166401,33.2987594021035],[35.56886557847655,33.296252037800826],[35.568874018562326,33.29622965061955],[35.568874018562326,33.29621472583204],[35.56820725178584,33.293222305935096],[35.56820725178584,33.29303574609115],[35.56851953495964,33.29132685792057],[35.56851953495964,33.291304470739306],[35.56851109487386,33.291289545951784],[35.56759112552403,33.29070001684491],[35.56847733453075,33.28985676635026],[35.56951546508147,33.28899859106809],[35.57036791374508,33.28828220126733],[35.571203482237124,33.287580736254085],[35.572123451586954,33.28741656359141],[35.57491711997956,33.286931507997146],[35.577584187085485,33.28564051387702],[35.579567607243376,33.28470771465727],[35.580740779166554,33.28319284872441],[35.58207431271951,33.28305852563677],[35.58209963297685,33.28303613845549],[35.58377921004672,33.28192424178555],[35.58382985056139,33.281192927197274],[35.58387205099029,33.279976557014734],[35.5839817721054,33.27816319533155],[35.58400709236274,33.27688712599894],[35.584201214335636,33.27594686438544],[35.58462321862455,33.27433498733372],[35.584648538881886,33.27423051382111],[35.5853406259157,33.27550658315372],[35.58502834274191,33.27643191997971],[35.58501990265613,33.276461769554736],[35.584977702227235,33.277894549156265],[35.584977702227235,33.27790947394378],[35.58485110094056,33.2803720638839],[35.58485110094056,33.28037952627766],[35.584834220769004,33.28117054001601],[35.584817340597446,33.28126755113486],[35.58469917939655,33.28178991869791],[35.584673859139215,33.28187200502925],[35.584665419053444,33.28187946742301],[35.58453881776677,33.2820585648732],[35.58308712301291,33.28340179574963],[35.58247099675109,33.283565968412304],[35.581981471775954,33.28347641968721],[35.58195615151862,33.28346895729345],[35.58195615151862,33.28347641968721],[35.58193927134707,33.28348388208097],[35.580588857622544,33.285170383070266],[35.58057197745099,33.28518530785778],[35.580588857622544,33.285200232645295],[35.58295208164046,33.286595700278035],[35.58317996395647,33.286841959272046],[35.58472449965389,33.29018511167561],[35.584741379825445,33.29020749885689],[35.584749819911224,33.29021496125064],[35.58692736204201,33.292073097296374],[35.58709616375758,33.292319356290385],[35.58876730074167,33.29782660288375],[35.58877574082745,33.29786391485254],[35.5927932216579,33.30463976838476],[35.592818541915236,33.30468454274731],[35.5940339142673,33.306050160805015],[35.59416051555397,33.30636358134285],[35.594219596154424,33.30905004309571],[35.594219596154424,33.309072430276984],[35.59423647632598,33.3090873550645],[35.59540964824916,33.30980374486526],[35.59548560902116,33.3098335944403],[35.59541808833494,33.309811207259024],[35.59577257193762,33.31008731582807],[35.596827582659905,33.31203500059889],[35.59687822317458,33.31220663565533],[35.59728334729193,33.31557963763392],[35.597207386519926,33.315885595778],[35.59479352198735,33.31966902941328],[35.59477664181579,33.319706341382066],[35.59003331360841,33.330243241368294],[35.59002487352263,33.33026562854957],[35.59002487352263,33.33027309094333],[35.59002487352263,33.33028055333708],[35.59308862466014,33.3387429078586],[35.594219596154424,33.34172040296803],[35.59423647632598,33.34175025254306],[35.59738462832127,33.34767539318687],[35.59743526883594,33.34792911457464],[35.597156746005254,33.352242378166736],[35.59688666326035,33.352652809823425],[35.59342622809127,33.35475720486317],[35.59340090783393,33.354772129650684],[35.59340090783393,33.354779592044444],[35.59517332584737,33.36277927815296],[35.595046724560696,33.36320463459717],[35.59100392347291,33.36756267255181],[35.5907760411569,33.36771192042697],[35.59080136141423,33.367696995639456],[35.59075916098534,33.36772684521449],[35.590742280813785,33.367734307608245],[35.58915554468747,33.36936110944748],[35.589138664515914,33.36938349662876],[35.589130224430136,33.36939842141627],[35.58880106108479,33.3713983429434],[35.58880106108479,33.371420730124676],[35.588817941256345,33.37144311730595],[35.59003331360841,33.37300275760136],[35.59006707395152,33.37303260717639],[35.59262441994233,33.37533102445384],[35.59264130011389,33.37534594924136],[35.59265818028545,33.37534594924136],[35.59480196207313,33.37548773472276],[35.594827282330456,33.37548773472276],[35.594844162502014,33.37547280993524],[35.59685290291724,33.37304006957015],[35.5968697830888,33.37301768238888],[35.59687822317458,33.37300275760136],[35.597443708921716,33.37139088054964],[35.59815267612709,33.371002836074226],[35.60192539446997,33.371458042093465],[35.6019507147273,33.371458042093465],[35.60196759489886,33.371450579699705],[35.602921324591804,33.37066702835512],[35.60293820476336,33.37065210356761],[35.60293820476336,33.37064464117385],[35.60294664484914,33.370637178780086],[35.60324204785138,33.36893575300328],[35.60324204785138,33.368913365822],[35.6032336077656,33.368913365822],[35.603225167679824,33.36889844103449],[35.60200979532775,33.367652221276906],[35.6018747539553,33.3672268648327],[35.602533080646005,33.363727002160225],[35.602533080646005,33.363697152585196],[35.602524640560226,33.363689690191435],[35.602305198329994,33.363324032897296],[35.60258372116068,33.36259271830902],[35.60543647015373,33.361361423338955],[35.60555463135462,33.361324111370166],[35.612990346925265,33.35950328729322],[35.613015667182594,33.35948836250571],[35.61302410726837,33.359480900111954],[35.617851836333536,33.35213044226037],[35.61786871650509,33.35210059268534],[35.61786871650509,33.35209313029158],[35.619793056062534,33.34381733561401],[35.619793056062534,33.34379494843274],[35.619784615976755,33.34377256125146],[35.61748891264507,33.34041448406038],[35.617547993245516,33.33980256777223],[35.62027414095189,33.33702655729427],[35.62029102112345,33.337004170113],[35.62029102112345,33.33698924532548],[35.622941208057824,33.32937760369237],[35.6229496481436,33.32934029172358],[35.623548894233856,33.31686316936029],[35.623548894233856,33.31683331978525],[35.62354045414808,33.31681839499774],[35.619084088857164,33.30444574614705],[35.61906720868561,33.304423358965785],[35.61905876859983,33.304408434178264],[35.61582621574676,33.301639886094065],[35.61567429420275,33.301438401462605],[35.614231039534666,33.29802808751522],[35.61422259944889,33.298005700333945],[35.61419727919155,33.297998237940185],[35.60961431261396,33.29719229941433],[35.60918386823927,33.296931115632795],[35.606010395986644,33.292244732352806],[35.605925995128864,33.29201339814631],[35.60465154217635,33.274290212971174],[35.60464310209057,33.274252901002384],[35.603537450853615,33.269760539960096],[35.6132097891555,33.258141592878964]],[[36.164203909017274,33.84757368863831],[36.16481159519331,33.84800650747627],[36.16487911587953,33.84801396987003],[36.1642292292746,33.84755130145704],[36.164203909017274,33.84757368863831]]],[[[35.43146942209235,33.067790852901126],[35.4222106479936,33.075887550128506],[35.422109366964264,33.07596963645984],[35.417889324075134,33.07832029049359],[35.41762768141601,33.07840237682493],[35.41442888890605,33.07877549651283],[35.414403568648716,33.07878295890659],[35.41437824839138,33.07879042130035],[35.412175386003256,33.0797754572764],[35.41215006574592,33.07979038206391],[35.41215006574592,33.07981276924519],[35.412951873894855,33.084551389281486],[35.412859032951296,33.084909584181865],[35.41135669768277,33.08696920485907],[35.41134825759699,33.086991592040334],[35.41134825759699,33.086999054434095],[35.41134825759699,33.087006516827856],[35.41198126403036,33.09303613098428],[35.41197282394458,33.093170454071924],[35.41053800936228,33.100438825592164],[35.41051268910494,33.10050598713599],[35.40899347366486,33.10476701397178],[35.40898503357908,33.10478940115305],[35.40898503357908,33.10480432594057],[35.409153835294646,33.112341343636096],[35.40911163486575,33.1125353658738],[35.408090384486584,33.11493825666387],[35.408081944400806,33.11496064384514],[35.408090384486584,33.1149681062389],[35.413635520842895,33.11827394667367],[35.41381276264424,33.118438119336346],[35.41669083189463,33.12245288717813],[35.416716152151956,33.12249019914692],[35.41846324990806,33.12544530707506],[35.418480130079615,33.1259005130943],[35.416581110779504,33.129624247579514],[35.41653891035062,33.12969140912334],[35.415627381086566,33.13096001606219],[35.41515473628298,33.13121373744996],[35.411314497253876,33.131601781925376],[35.411078174852086,33.131586857137854],[35.40798066337147,33.1309227040934],[35.40795534311413,33.13091524169964],[35.407938462942575,33.1309227040934],[35.403735300225,33.13248980678257],[35.403709979967665,33.132497269176326],[35.403701539881894,33.13250473157009],[35.403693099796115,33.13250473157009],[35.40123703483464,33.134989708691485],[35.40110199346219,33.13509418220409],[35.396679388514386,33.13757169693174],[35.39628270448281,33.13766124565683],[35.39389416020756,33.13753438496295],[35.393624077462654,33.13747468581288],[35.39001172074956,33.13584042157989],[35.38986823929133,33.13575087285479],[35.38896515011306,33.135027020660274],[35.3888723091695,33.13493747193518],[35.38351285470031,33.12804222010283],[35.38342001375675,33.127669100414934],[35.38573259725999,33.115281526776734],[35.38574103734577,33.1152516772017],[35.38573259725999,33.115236752414184],[35.38385889821721,33.10438643189012],[35.383850458131434,33.10436404470885],[35.38383357795988,33.10435658231509],[35.380221221246785,33.10186414279993],[35.38020434107523,33.10184921801242],[35.38018746090367,33.10184921801242],[35.3719499371841,33.103461095064134],[35.37192461692676,33.103468557457894],[35.371907736755205,33.103476019851655],[35.362910605315584,33.109236987832794],[35.362724923428466,33.10931907416413],[35.34954150944283,33.1129980342868],[35.348722821122344,33.11263237699266],[35.34716140525337,33.1079758432877],[35.347406167740935,33.107393776574575],[35.35312010581281,33.10397600023344],[35.35322982692793,33.10392376347713],[35.35608257592098,33.10283425398847],[35.356107896178315,33.10282679159471],[35.356116336264094,33.10280440441344],[35.35699410518503,33.09383460711638],[35.35699410518503,33.09380475754135],[35.35697722501347,33.09379729514759],[35.3532804674426,33.09117053254479],[35.35323826701371,33.09114814536352],[35.34884942240902,33.08902882553626],[35.34852869914944,33.088588544304535],[35.34839365777699,33.08636475096467],[35.34838521769121,33.08632743899588],[35.34637647727599,33.080573933408495],[35.34635959710443,33.08050677186468],[35.345794111357286,33.077588975905314],[35.34935582755571,33.07186531989297],[35.35815039693665,33.06339550297769],[35.35809131633621,33.06332834143387],[35.35777059307663,33.06297014653349],[35.357593351275284,33.06277612429578],[35.35739922930239,33.0621343584326],[35.35724730775838,33.06167169001961],[35.357205107329484,33.06143289341935],[35.35710382630015,33.06102992415642],[35.35701942544237,33.060753815587375],[35.356960344841916,33.06041054547451],[35.35700254527081,33.06003742578662],[35.357188227157934,33.059768779611325],[35.357416109473945,33.05944043428598],[35.35760179136106,33.05914193853566],[35.35769463230463,33.0589031419354],[35.35784655384863,33.058515097459996],[35.357956274963755,33.05825391367846],[35.35805755599309,33.05801511707821],[35.3582854383091,33.05767184696534],[35.35854708096823,33.0570226187084],[35.3582854383091,33.05705246828343],[35.358513320625114,33.05692560758955],[35.35902816585759,33.05684352125821],[35.35989749469275,33.05677635971439],[35.361720553220856,33.05660472465796],[35.36355205183474,33.05641070242025],[35.36645544134245,33.05616444342624],[35.370219719599554,33.055761474163305],[35.3734607125384,33.05545551601923],[35.37379831596954,33.0554256664442],[35.37386583665576,33.05541820405044],[35.37472672540515,33.05531373053783],[35.377216550709726,33.05500031],[35.3772671912244,33.055074933937576],[35.37860916486314,33.057156941796045],[35.381377512998405,33.061455280600626],[35.39466220801338,33.060873213887504],[35.39904261253229,33.061611990869544],[35.399160773733186,33.06163437805082],[35.40117795423419,33.06194779858865],[35.40506883377797,33.063410427765206],[35.4221346872216,33.064552174010174],[35.4272156188601,33.06514916551081],[35.43014432862516,33.06552228519871],[35.43146942209235,33.067790852901126]]]]}}],"properties":{"source":"The owner's IDF control map (data/idf-control.kml, 100 areas merged, gaps under 120 m closed); OpenStreetMap relation 16119376 \"Golan Heights\" v8 (last edited 2026-08-31T19:29:55Z), for Har Dov","fetched":"2026-10-07T13:47:04.198Z","cleaned":"44 slivers and walled-in pockets of the rest (6.16 km² in all) given to the held part; walled in but left out: Rmeish, Ain Ebel (39.5 km²)"}}