{"type":"FeatureCollection","features":[{"type":"Feature","properties":null,"geometry":{"type":"MultiPolygon","coordinates":[[[[35.6132097891555,33.258141592878964],[35.620856506870595,33.2489777733442],[35.623245051145844,33.248343469874776],[35.623624855005865,33.2475226065614],[35.624089059723666,33.246701743248025],[35.6245026239268,33.245925654297196],[35.623329452003624,33.24513464055885],[35.62241792273957,33.24459734820828],[35.62237572231068,33.24344813956956],[35.62251076368313,33.243313816481916],[35.62312688994494,33.242739212162554],[35.623321011917845,33.24286607285644],[35.623624855005865,33.24307501988166],[35.62363329509164,33.24308248227542],[35.623937138179656,33.24329142930064],[35.62861294570081,33.243754097713634],[35.6328498687615,33.244574961027006],[35.63563509706832,33.24520180210268],[35.63712055216529,33.24553760982178],[35.64098611145173,33.24652264579783],[35.645273675027084,33.24748529459261],[35.64662408875161,33.247679316830315],[35.65007608383491,33.2481792972121],[35.654034484064915,33.24831362029974],[35.658895973473186,33.2482315339684],[35.65918293638965,33.24820914678713],[35.659917223852354,33.24816437242458],[35.66340297927877,33.247925575824326],[35.66854299151773,33.24905239728178],[35.67140418059656,33.250910533327506],[35.675303500226114,33.25294776682343],[35.67921125994145,33.254746203719094],[35.68317810025722,33.25724610562801],[35.68704365954366,33.26021613834367],[35.690782617543434,33.263424967659596],[35.69415021176896,33.26667857133806],[35.69696076033311,33.26925309718455],[35.6993746248657,33.27210373160009],[35.70205857214318,33.275267786553464],[35.7044555565042,33.278096033787726],[35.706396776233206,33.28126755113486],[35.708793760594226,33.28400624964402],[35.71231327636376,33.28746880034772],[35.7154023477586,33.29025227321943],[35.71938606824594,33.293834222223246],[35.72161425089139,33.2971251378705],[35.72429819816888,33.30031158000515],[35.72638289935611,33.30362488283368],[35.72877144363135,33.30596061207992],[35.73133722970795,33.30892318240183],[35.73547287173929,33.312512593799404],[35.74269758516547,33.31401253494475],[35.74718771079951,33.31510950682717],[35.75110391060061,33.31652736164118],[35.755788158207544,33.317989990817736],[35.75772093785076,33.32104210986474],[35.75978875886644,33.324825543500026],[35.76056524675804,33.32578072990104],[35.7628693901755,33.3286089771353],[35.766093502942795,33.331549160275934],[35.76684467057706,33.33222823810791],[35.767089433064626,33.33244464752689],[35.76865928901938,33.332661056945874],[35.76919945450919,33.33273568088345],[35.76945265708254,33.332787917639756],[35.771562678527104,33.33325058605275],[35.77414534477525,33.333884889522174],[35.77510751455397,33.33415353569746],[35.776162525276256,33.33444456905402],[35.774634869750386,33.33508633491721],[35.77514127489708,33.340884614867136],[35.77514127489708,33.3408920772609],[35.77512439472552,33.340914464442164],[35.76897157219318,33.347264961530186],[35.76895469202162,33.34727242392394],[35.768937811850066,33.34728734871146],[35.76313947292041,33.349921573708016],[35.76313103283463,33.34992903610177],[35.76312259274885,33.34992903610177],[35.763097272491514,33.349921573708016],[35.758075421453455,33.348503718894],[35.758066981367676,33.34849625650025],[35.7580585412819,33.34849625650025],[35.75804166111034,33.34847386931897],[35.75399041993678,33.34368301252637],[35.7538638186501,33.343571076619995],[35.748605645210255,33.34010852591631],[35.74790511809066,33.34005628916],[35.743988918289546,33.341824876480636],[35.74371883554464,33.34204874829337],[35.74048628269157,33.347175412805086],[35.740427202091126,33.347541070099226],[35.74157505375697,33.35221252859171],[35.74157505375697,33.35222745337922],[35.74155817358541,33.352242378166736],[35.73754069275496,33.35580940238304],[35.73741409146829,33.35597357504572],[35.734291259730334,33.362174824258574],[35.734291259730334,33.36218228665233],[35.734282819644555,33.36218974904609],[35.734265939473,33.3622046738336],[35.72992773538297,33.36533141681819],[35.72991085521142,33.36533887921194],[35.72987709486831,33.3653463416057],[35.72422223739687,33.3655776758122],[35.724205357225316,33.3655776758122],[35.724188477053765,33.36556275102468],[35.722973104701694,33.36392848679169],[35.72295622453014,33.36391356200417],[35.722964664615915,33.3638911748229],[35.724669561943124,33.35925702829921],[35.7246780020289,33.3592421035117],[35.72723534801971,33.35324980132406],[35.72725222819127,33.35320502696151],[35.72937068972161,33.34670528199834],[35.72939600997894,33.346563496516936],[35.72939600997894,33.34148906876153],[35.72939600997894,33.34147414397401],[35.7294128901505,33.341451756792736],[35.73247664128801,33.33841456253325],[35.73262856283202,33.338019055664084],[35.73176767408263,33.330496962756065],[35.73111778747771,33.33000444476804],[35.72769111265174,33.330049219130586],[35.72760671179395,33.33005668152435],[35.718896543270795,33.33110141665046],[35.71884590275613,33.33110141665046],[35.714026613776745,33.33092978159403],[35.71400129351941,33.33092231920027],[35.71398441334785,33.330907394412755],[35.71223731559176,33.32950446438626],[35.71220355524864,33.329474614811225],[35.709266405397805,33.32618369916397],[35.709257965312034,33.32617623677021],[35.709257965312034,33.32615384958894],[35.70919888471158,33.324079304124226],[35.70919888471158,33.32405691694295],[35.70921576488314,33.324041992155436],[35.710557738521885,33.32271368606652],[35.71070121998011,33.322452502284996],[35.71119074495525,33.32001229952614],[35.71119074495525,33.31999737473863],[35.71138486692815,33.31929590972538],[35.71092066221035,33.31816908826793],[35.71045645749254,33.31598260689685],[35.710431137235204,33.31449012814526],[35.710405816977875,33.313661802438126],[35.70983189114495,33.31078131844756],[35.70805947313152,33.30713220789992],[35.70699602232346,33.305318846216736],[35.70483536036423,33.304012927309095],[35.70354402724015,33.30369950677126],[35.70176316914094,33.303729356346295],[35.69939994512303,33.30285625627661],[35.698159252513626,33.30235627589483],[35.696952320247334,33.301580186944],[35.695880429353494,33.300080245798654],[35.695635666865925,33.298125098634074],[35.69515458197657,33.3012443792249],[35.69515458197657,33.30136377752502],[35.6953740242068,33.3032666879333],[35.69542466472147,33.30342339820221],[35.69621803278463,33.30502035046642],[35.69622647287041,33.30505766243521],[35.69660627673043,33.307154595081194],[35.69660627673043,33.30718444465622],[35.6967328780171,33.30913212942705],[35.6967328780171,33.30913959182081],[35.696707557759765,33.30914705421456],[35.69496890008944,33.30935600123979],[35.694926699660556,33.30935600123979],[35.692014870067055,33.309117204639534],[35.691457824405695,33.30931122687724],[35.69095985934477,33.309811207259024],[35.690942979173215,33.3098335944403],[35.69046189428386,33.310385811578385],[35.6904450141123,33.310393273972146],[35.69041969385497,33.3104007363659],[35.68948284433358,33.310549984241064],[35.689465964162025,33.31055744663482],[35.68943220381891,33.31055744663482],[35.686849537570765,33.3102589508845],[35.68682421731343,33.31025148849074],[35.68680733714187,33.31023656370323],[35.68642753328185,33.30989329359036],[35.68619965096584,33.30975897050272],[35.68559196478981,33.30954256108374],[35.68553288418936,33.309527636296224],[35.684300631665735,33.30921421575839],[35.68429219157996,33.30920675336463],[35.684309071751514,33.309199290970874],[35.68456227432486,33.3090873550645],[35.684857677327095,33.30884109607049],[35.68495051827066,33.308669461014055],[35.68482391698399,33.308050082332144],[35.68465511526842,33.3079157592445],[35.68464667518264,33.30790083445699],[35.68465511526842,33.30787844727571],[35.68474795621198,33.307647113069216],[35.684781716555094,33.30754263955661],[35.6849336380991,33.30661730273062],[35.6849336380991,33.30660984033686],[35.6849336380991,33.3066023779431],[35.68495051827066,33.306587453155586],[35.68576076650537,33.3058934505361],[35.68576920659115,33.30588598814234],[35.68580296693426,33.30587852574858],[35.68882451764288,33.3054307821231],[35.68883295772866,33.3054307821231],[35.691871388608824,33.30505020004145],[35.69236935366975,33.304296498271896],[35.69133122311902,33.30226672716974],[35.69132278303324,33.30224433998846],[35.69004833008072,33.29903551067254],[35.69003988999494,33.299013123491264],[35.68938156330424,33.297587806283495],[35.68938156330424,33.29758034388974],[35.689406883561574,33.297587806283495],[35.690158051195844,33.297878839640056],[35.69027621239674,33.297916151608845],[35.690470334369635,33.297960925971395],[35.690858578315435,33.29793853879012],[35.69127214251857,33.29780421570248],[35.69133966320479,33.2977818285212],[35.69176166749371,33.297595268677256],[35.6918798286946,33.29752064473968],[35.69236091358397,33.29716991223305],[35.69237779375552,33.29716244983929],[35.69237779375552,33.29715498744554],[35.692403114012855,33.29714752505178],[35.69423461262674,33.296774405363884],[35.693238682504905,33.29648337200732],[35.68975292707849,33.2956177343314],[35.6857101259907,33.29404316924847],[35.68514464024356,33.293834222223246],[35.68513620015778,33.293834222223246],[35.68511931998622,33.29384168461701],[35.68066295469531,33.29446852569267],[35.68027471074951,33.294647623142865],[35.678839896167204,33.296043090775605],[35.678831456081426,33.29605055316936],[35.67880613582409,33.29605055316936],[35.677852406131144,33.295961004444266],[35.67783552595959,33.295961004444266],[35.67573394460081,33.29580429417535],[35.67571706442925,33.29579683178159],[35.67570018425769,33.29578190699407],[35.67416408864605,33.294274503454965],[35.67396152658737,33.29414018036732],[35.672383230546835,33.29347602732287],[35.67236635037528,33.29346856492911],[35.67234103011795,33.29345364014159],[35.66459303137351,33.286916583209624],[35.66457615120195,33.28690165842211],[35.6645592710304,33.286886733634596],[35.661368918606215,33.280789957934346],[35.661360478520436,33.28077503314683],[35.661360478520436,33.2807451835718],[35.661909084096024,33.27777515085614],[35.661909084096024,33.277767688462376],[35.66091315397419,33.27575284214773],[35.65995098419547,33.274745418990406],[35.65879469244385,33.27397679243334],[35.65844864892694,33.27422305142735],[35.65817856618204,33.274543934358945],[35.65454088921161,33.275931939597925],[35.64480947030928,33.27965567408314],[35.64294421135229,33.28048399979027],[35.6416191178851,33.28017057925244],[35.64143343599798,33.279976557014734],[35.641205553681964,33.27983477153333],[35.63880856932094,33.27871541246964],[35.63842876546092,33.27848407826314],[35.63814180254446,33.27835721756926],[35.63765227756932,33.2780661842127],[35.63728091379508,33.277640827768494],[35.63614150221501,33.277409493562],[35.63520465269363,33.27734233201817],[35.63415808205713,33.27708861063041],[35.62812342072567,33.27476034377792],[35.62595431868066,33.27393948046455],[35.62576019670776,33.2740364915834],[35.625557634649084,33.27414842748977],[35.625793957050874,33.27509615149703],[35.62581083722243,33.27536479767232],[35.62581083722243,33.27557374469754],[35.62576019670776,33.275767766935246],[35.62567579584998,33.27596178917295],[35.62558295490642,33.2761483490169],[35.6254732337913,33.27631252167958],[35.625312872161516,33.276499081523525],[35.62514407044595,33.27668564136747],[35.62497526873038,33.27684235163639],[35.62484866744371,33.27696174993652],[35.6246967458997,33.277110997811675],[35.6245785846988,33.27726770808059],[35.62449418384102,33.27738710638072],[35.62441822306902,33.277528891862126],[35.62438446272591,33.277640827768494],[35.62435070238279,33.27777515085614],[35.62431694203968,33.27790947394378],[35.62429162178235,33.27802140985015],[35.62426630152501,33.27812588336276],[35.62407217955211,33.27816319533155],[35.62386961749343,33.278207969694094],[35.62359953474853,33.27824528166288],[35.62321973088851,33.27829005602543],[35.622932767972046,33.27831990560047],[35.622628924884026,33.27835721756926],[35.622249121024005,33.27837214235677],[35.62189463742132,33.278379604750526],[35.62144731287507,33.27860347656327],[35.62127007107373,33.27835721756926],[35.621151909872836,33.278260206450405],[35.62113502970128,33.27823781926913],[35.62111814952972,33.27820050730034],[35.62111814952972,33.27816319533155],[35.6211265896155,33.278133345756515],[35.62119411030172,33.27791693633754],[35.621244750816395,33.277558741437154],[35.62128695124529,33.27729009526187],[35.621303831416846,33.27710353541792],[35.62128695124529,33.27699906190531],[35.62125319090217,33.276909513180215],[35.62104218875772,33.27648415673601],[35.62083962669904,33.27598417635423],[35.620561103868354,33.2755812070913],[35.620400742238566,33.2753498728848],[35.620383862067015,33.275275248947224],[35.62036698189546,33.275185700222124],[35.620383862067015,33.27510361389079],[35.62043450258168,33.27501406516569],[35.62050202326791,33.27496929080315],[35.620628624554584,33.27491705404684],[35.620848066784816,33.274827505321745],[35.62107594910083,33.27473049420289],[35.621303831416846,33.27462602069028],[35.62152327364708,33.274417073665056],[35.621869317163984,33.27411857791474],[35.62211407965155,33.27391709328327],[35.62220692059512,33.27382754455818],[35.62229976153868,33.27370814625805],[35.62237572231068,33.27358128556417],[35.62247700334002,33.27341711290149],[35.622544524026246,33.27328278981385],[35.6226036046267,33.273148466726205],[35.622637364969805,33.27301414363856],[35.62264580505558,33.27280519661334],[35.62238416239646,33.272700723100726],[35.621936837850214,33.272536550438055],[35.62184399690665,33.27232760341283],[35.62175959604887,33.272133581175126],[35.62164143484797,33.27198433329996],[35.6215148335613,33.27185001021232],[35.62125319090217,33.27167091276213],[35.62098310815727,33.271514202493215],[35.62067082498347,33.27129779307423],[35.620392302152794,33.27103660929271],[35.62018974009411,33.27080527508621],[35.62006313880744,33.27059632806099],[35.620012498292766,33.27042469300455],[35.6200378185501,33.270245595554364],[35.62012221940789,33.27003664852914],[35.62025726078034,33.269753077566335],[35.62034166163812,33.2695814425099],[35.62056954395413,33.26894713904048],[35.62083962669904,33.26817851248341],[35.621092829272385,33.2676486825266],[35.621540153818636,33.266857668788255],[35.62188619733554,33.26623082771258],[35.62251920376891,33.264932371198704],[35.62257828436936,33.264693574598446],[35.6226036046267,33.264402541241886],[35.62256984428358,33.264081658310296],[35.622485443425795,33.26344735484087],[35.62247700334002,33.263387655690806],[35.6223672822249,33.2632458702094],[35.62196215810754,33.2626787282838],[35.621784916306204,33.26242500689603],[35.621692075362645,33.262148898326984],[35.62219004042356,33.26161160597641],[35.62267112531292,33.261119087988384],[35.62297496840094,33.2608504418131],[35.62320285071695,33.26059672042533],[35.623228170974286,33.26049970930648],[35.62297496840094,33.26016390158737],[35.62274708608492,33.26004450328724],[35.622704885656034,33.260029578499726],[35.622704885656034,33.26003704089349],[35.622873687371595,33.26069373154419],[35.622873687371595,33.26070119393794],[35.622873687371595,33.2607086563317],[35.622856807200044,33.260731043512976],[35.62164143484797,33.261745929064055],[35.62149795338974,33.26234292056469],[35.62250232359735,33.264320454910546],[35.62251076368313,33.26433537969807],[35.62250232359735,33.264357766879336],[35.61983525649143,33.27040230582328],[35.61982681640565,33.270417230610796],[35.61980149614831,33.27042469300455],[35.61765771436064,33.27099929732392],[35.61721882990017,33.27158882643079],[35.617531113073966,33.273521586414105],[35.617531113073966,33.27353651120162],[35.61752267298819,33.273558898382895],[35.61677150535392,33.275312560916014],[35.61675462518237,33.27533494809729],[35.61672930492503,33.27533494809729],[35.61413819859111,33.275312560916014],[35.61412131841955,33.275312560916014],[35.61410443824799,33.27529763612849],[35.61330263009906,33.27463348308404],[35.61326886975594,33.27459617111525],[35.611859375430974,33.27294698209474],[35.611850935345196,33.272939519700984],[35.611850935345196,33.27291713251971],[35.61343767147151,33.26876057919653],[35.613462991728845,33.26870088004647],[35.61479652528181,33.26332795654074],[35.61478808519603,33.26308169754673],[35.6132097891555,33.258141592878964]]],[[[35.603537450853615,33.269760539960096],[35.60464310209057,33.274252901002384],[35.60465154217635,33.274290212971174],[35.605925995128864,33.29201339814631],[35.606010395986644,33.292244732352806],[35.60918386823927,33.296931115632795],[35.60961431261396,33.29719229941433],[35.61419727919155,33.297998237940185],[35.61422259944889,33.298005700333945],[35.614231039534666,33.29802808751522],[35.61567429420275,33.301438401462605],[35.61582621574676,33.301639886094065],[35.61905876859983,33.304408434178264],[35.61906720868561,33.304423358965785],[35.619084088857164,33.30444574614705],[35.62354045414808,33.31681839499774],[35.623548894233856,33.31683331978525],[35.623548894233856,33.31686316936029],[35.6229496481436,33.32934029172358],[35.622941208057824,33.32937760369237],[35.62029102112345,33.33698924532548],[35.62029102112345,33.337004170113],[35.62027414095189,33.33702655729427],[35.617547993245516,33.33980256777223],[35.61748891264507,33.34041448406038],[35.619784615976755,33.34377256125146],[35.619793056062534,33.34379494843274],[35.619793056062534,33.34381733561401],[35.61786871650509,33.35209313029158],[35.61786871650509,33.35210059268534],[35.617851836333536,33.35213044226037],[35.61302410726837,33.359480900111954],[35.613015667182594,33.35948836250571],[35.612990346925265,33.35950328729322],[35.60555463135462,33.361324111370166],[35.60543647015373,33.361361423338955],[35.60258372116068,33.36259271830902],[35.602305198329994,33.363324032897296],[35.602524640560226,33.363689690191435],[35.602533080646005,33.363697152585196],[35.602533080646005,33.363727002160225],[35.6018747539553,33.3672268648327],[35.60200979532775,33.367652221276906],[35.603225167679824,33.36889844103449],[35.6032336077656,33.368913365822],[35.60324204785138,33.368913365822],[35.60324204785138,33.36893575300328],[35.60294664484914,33.370637178780086],[35.60293820476336,33.37064464117385],[35.60293820476336,33.37065210356761],[35.602921324591804,33.37066702835512],[35.60196759489886,33.371450579699705],[35.6019507147273,33.371458042093465],[35.60192539446997,33.371458042093465],[35.59815267612709,33.371002836074226],[35.597443708921716,33.37139088054964],[35.59687822317458,33.37300275760136],[35.5968697830888,33.37301768238888],[35.59685290291724,33.37304006957015],[35.594844162502014,33.37547280993524],[35.594827282330456,33.37548773472276],[35.59480196207313,33.37548773472276],[35.59265818028545,33.37534594924136],[35.59264130011389,33.37534594924136],[35.59262441994233,33.37533102445384],[35.59006707395152,33.37303260717639],[35.59003331360841,33.37300275760136],[35.588817941256345,33.37144311730595],[35.58880106108479,33.371420730124676],[35.58880106108479,33.3713983429434],[35.589130224430136,33.36939842141627],[35.589138664515914,33.36938349662876],[35.58915554468747,33.36936110944748],[35.590742280813785,33.367734307608245],[35.59075916098534,33.36772684521449],[35.59080136141423,33.367696995639456],[35.5907760411569,33.36771192042697],[35.59100392347291,33.36756267255181],[35.595046724560696,33.36320463459717],[35.59517332584737,33.36277927815296],[35.59340090783393,33.354779592044444],[35.59340090783393,33.354772129650684],[35.59342622809127,33.35475720486317],[35.59688666326035,33.352652809823425],[35.597156746005254,33.352242378166736],[35.59743526883594,33.34792911457464],[35.59738462832127,33.34767539318687],[35.59423647632598,33.34175025254306],[35.594219596154424,33.34172040296803],[35.59308862466014,33.3387429078586],[35.59002487352263,33.33028055333708],[35.59002487352263,33.33027309094333],[35.59002487352263,33.33026562854957],[35.59003331360841,33.330243241368294],[35.59477664181579,33.319706341382066],[35.59479352198735,33.31966902941328],[35.597207386519926,33.315885595778],[35.59728334729193,33.31557963763392],[35.59687822317458,33.31220663565533],[35.596827582659905,33.31203500059889],[35.59577257193762,33.31008731582807],[35.59541808833494,33.309811207259024],[35.59548560902116,33.3098335944403],[35.59540964824916,33.30980374486526],[35.59423647632598,33.3090873550645],[35.594219596154424,33.309072430276984],[35.594219596154424,33.30905004309571],[35.59416051555397,33.30636358134285],[35.5940339142673,33.306050160805015],[35.592818541915236,33.30468454274731],[35.5927932216579,33.30463976838476],[35.58877574082745,33.29786391485254],[35.58876730074167,33.29782660288375],[35.58709616375758,33.292319356290385],[35.58692736204201,33.292073097296374],[35.584749819911224,33.29021496125064],[35.584741379825445,33.29020749885689],[35.58472449965389,33.29018511167561],[35.58317996395647,33.286841959272046],[35.58295208164046,33.286595700278035],[35.580588857622544,33.285200232645295],[35.58057197745099,33.28518530785778],[35.580588857622544,33.285170383070266],[35.58193927134707,33.28348388208097],[35.58195615151862,33.28347641968721],[35.58195615151862,33.28346895729345],[35.581981471775954,33.28347641968721],[35.58247099675109,33.283565968412304],[35.58308712301291,33.28340179574963],[35.58453881776677,33.2820585648732],[35.584665419053444,33.28187946742301],[35.584673859139215,33.28187200502925],[35.58469917939655,33.28178991869791],[35.584817340597446,33.28126755113486],[35.584834220769004,33.28117054001601],[35.58485110094056,33.28037952627766],[35.58485110094056,33.2803720638839],[35.584977702227235,33.27790947394378],[35.584977702227235,33.277894549156265],[35.58501990265613,33.276461769554736],[35.58502834274191,33.27643191997971],[35.5853406259157,33.27550658315372],[35.58779669087717,33.28004371855855],[35.59015991489508,33.282177963173325],[35.591510328619606,33.2812600887411],[35.59719894643415,33.27735725680569],[35.603537450853615,33.269760539960096]]],[[[35.56759112552403,33.29070001684491],[35.56851109487386,33.291289545951784],[35.56851953495964,33.291304470739306],[35.56851953495964,33.29132685792057],[35.56820725178584,33.29303574609115],[35.56820725178584,33.293222305935096],[35.568874018562326,33.29621472583204],[35.568874018562326,33.29622965061955],[35.56886557847655,33.296252037800826],[35.56721132166401,33.2987594021035],[35.56720288157823,33.298774326891014],[35.5671775613209,33.29879671407229],[35.56532918253546,33.30018471931127],[35.56532074244968,33.30019218170502],[35.56531230236391,33.30019218170502],[35.56528698210657,33.30019964409878],[35.563337322291794,33.30034142958018],[35.563328882206015,33.30034142958018],[35.56332044212024,33.30034142958018],[35.56330356194868,33.30031904239891],[35.561961588309934,33.298938499553685],[35.561953148224156,33.29892357476617],[35.56194470813838,33.29892357476617],[35.561953148224156,33.298901187584896],[35.56251019388552,33.29574459502528],[35.5625186339713,33.29561027193764],[35.562265431397954,33.29335662902274],[35.56206286933928,33.293005896516114],[35.55396882707793,33.28677479772823],[35.55336958098767,33.28664793703434],[35.550786914739525,33.287207616566185],[35.550761594482196,33.287215078959946],[35.55073627422486,33.287207616566185],[35.54833928986383,33.28620765580262],[35.548330849778054,33.28620019340887],[35.5483139696065,33.286185268621345],[35.542861674193745,33.280633247665435],[35.5422202276746,33.28044668782148],[35.532471928600714,33.28228243668594],[35.53203304414025,33.282580932436254],[35.52804932365291,33.28975229283765],[35.52804088356713,33.28976721762516],[35.52802400339558,33.28978214241268],[35.52187118086323,33.29420734191115],[35.521837420520114,33.29422226669866],[35.51230012359069,33.2981549482091],[35.512122881789345,33.29826688411547],[35.50945581468341,33.300625000542986],[35.50931233322519,33.30116229289356],[35.510122581459896,33.303311462295845],[35.510738707721714,33.303684581983745],[35.51878210946839,33.30365473240871],[35.51903531204174,33.30360995804617],[35.52986394209523,33.299602652598146],[35.52987238218101,33.299602652598146],[35.52988082226679,33.299602652598146],[35.52989770243835,33.29961757738566],[35.53378858198212,33.30390845379648],[35.53378858198212,33.30391591619024],[35.5337970220679,33.303923378584],[35.53378858198212,33.30394576576527],[35.53192332302513,33.31408715888233],[35.531931763110904,33.31426625633252],[35.53473387158929,33.32646727012677],[35.53474231167507,33.326489657308045],[35.5365147296885,33.33252673385823],[35.53652316977428,33.33256404582702],[35.536776372347624,33.33496693661708],[35.536776372347624,33.33498186140459],[35.53675949217607,33.334996786192114],[35.53165324028023,33.33892946770255],[35.53149287865044,33.33913095233402],[35.529382857205874,33.34351883986369],[35.52940817746321,33.34396658348917],[35.531070874361525,33.34671274439209],[35.531070874361525,33.346720206785854],[35.531070874361525,33.34674259396713],[35.53039566749926,33.35022006945833],[35.530387227413485,33.35024991903337],[35.52833628656937,33.35657056654635],[35.52832784648359,33.356578028940106],[35.528310966312034,33.35660041612138],[35.52593930220835,33.35836154104826],[35.52592242203679,33.358369003442014],[35.52589710177946,33.358383928229536],[35.52365203896244,33.35900330691144],[35.523230034673524,33.359645072774626],[35.523972762222016,33.36230914734622],[35.523981202307795,33.36235392170876],[35.524217524709584,33.36629406561296],[35.52422596479536,33.36631645279424],[35.52409092342291,33.37062225399257],[35.52409092342291,33.37065956596136],[35.52332287561709,33.374562397896774],[35.52332287561709,33.37457732268429],[35.523297555359754,33.3745922474718],[35.51819130346391,33.376405609154986],[35.51818286337813,33.376405609154986],[35.51817442329235,33.376405609154986],[35.51814910303502,33.376398146761225],[35.51269680762227,33.37441315002161],[35.51267992745071,33.374405687627856],[35.51267992745071,33.374398225234096],[35.51267148736493,33.37438330044658],[35.51113539175329,33.37054763005499],[35.51113539175329,33.37053270526748],[35.51113539175329,33.370510318086204],[35.511945639988,33.359682384743415],[35.51195408007378,33.359674922349654],[35.511970960245336,33.35965253516839],[35.51417382263346,33.358085432479214],[35.51397970066056,33.35716755804699],[35.50923637245318,33.355682541689156],[35.509185731938516,33.35566761690164],[35.5042989222729,33.35319756456776],[35.504282042101345,33.353190102174],[35.504282042101345,33.35318263978024],[35.50429048218712,33.35316025259897],[35.50512605067917,33.35115286867808],[35.50513449076495,33.35115286867808],[35.50513449076495,33.35114540628432],[35.50515981102229,33.35112301910304],[35.50624858208768,33.35022753185209],[35.50632454285969,33.35015290791451],[35.509422054340305,33.34646648539808],[35.50937141382563,33.34579486995987],[35.50902537030873,33.34547398702828],[35.50900849013717,33.34546652463452],[35.50678030749171,33.34322780650713],[35.50677186740593,33.343212881719616],[35.50676342732015,33.343205419325855],[35.50676342732015,33.34318303214459],[35.50670434671971,33.34075029177949],[35.50670434671971,33.34073536699198],[35.50671278680549,33.340712979810704],[35.507894398814436,33.339041403608924],[35.507894398814436,33.33903394121516],[35.507902838900215,33.3390264788214],[35.50792815915755,33.33901901642765],[35.51138859432664,33.337810108638855],[35.51139703441242,33.337810108638855],[35.511430794755526,33.337810108638855],[35.51500939112551,33.337936969332745],[35.51561707730154,33.337160880381916],[35.51546515575753,33.33689969660039],[35.51538075489975,33.33678776069402],[35.51456206657926,33.335937047805615],[35.5145451864077,33.33590719823058],[35.51395438040323,33.33481022634816],[35.51394594031745,33.33477291437937],[35.51394594031745,33.334787839166886],[35.513051291224954,33.33415353569746],[35.511261993039966,33.3348923126795],[35.51125355295419,33.3348923126795],[35.51121979261107,33.33489977507326],[35.50714323118017,33.33546691699886],[35.506653706205036,33.336213156374654],[35.507193871694845,33.337250429107016],[35.507202311780624,33.33726535389453],[35.50718543160907,33.337287741075805],[35.5053876933383,33.34004882676624],[35.5053876933383,33.34005628916],[35.50537925325252,33.34005628916],[35.505353932995185,33.34006375155376],[35.50028144144245,33.3404294088479],[35.50006199921222,33.340474183210446],[35.49585039640887,33.3421159098372],[35.49583351623731,33.34212337223096],[35.495799755894204,33.34212337223096],[35.49140247120373,33.342392018406244],[35.49138559103218,33.342392018406244],[35.49136871086062,33.34237709361872],[35.48859192263957,33.3402876233665],[35.48858348255379,33.340272698578985],[35.48860036272535,33.340257773791464],[35.489165848472496,33.33978764298472],[35.48918272864405,33.3397727181972],[35.48920804890138,33.3397727181972],[35.49274444484247,33.339608545534524],[35.49321708964605,33.33939213611554],[35.49633148129823,33.33595197259313],[35.496348361469785,33.335937047805615],[35.49636524164134,33.33592212301809],[35.50101572890516,33.33336252195912],[35.50103260907672,33.3333475971716],[35.50337051283729,33.33228793725797],[35.50338739300885,33.33228047486422],[35.50341271326619,33.33228047486422],[35.50759055572642,33.33259389540205],[35.50803788027267,33.33248942188944],[35.50932077331097,33.33169094575734],[35.50956553579854,33.331355138038234],[35.509810298286105,33.33027309094333],[35.50971745734254,33.3298701216804],[35.50919417202429,33.3292134310297],[35.50867088670604,33.32897463442944],[35.50660306569036,33.328944784854414],[35.5064342639748,33.32895970964193],[35.5053876933383,33.329183581454664],[35.50524421188007,33.329228355817214],[35.50294006846261,33.33022831658078],[35.50291474820527,33.33023577897454],[35.502889427947935,33.33022085418702],[35.49970751560953,33.328526890803964],[35.49967375526642,33.328497041228935],[35.49661000412891,33.32597475213875],[35.49660156404313,33.32596728974499],[35.49660156404313,33.32594490256371],[35.49622176018311,33.324333025512],[35.49622176018311,33.32431810072448],[35.49623864035467,33.32431063833072],[35.49953871389397,33.32300471942308],[35.499564034151305,33.32299725702932],[35.499589354408634,33.32298979463557],[35.50425672184401,33.32266144931022],[35.50478844724804,33.32189282275315],[35.50452680458891,33.321430154340156],[35.50445928390269,33.3213331432213],[35.500728765988704,33.31732583777328],[35.50005355912644,33.317131815535575],[35.49761437433653,33.31768403267366],[35.49758905407919,33.31768403267366],[35.497572173907635,33.31766910788615],[35.49468566457147,33.31411700845736],[35.49467722448569,33.314102083669844],[35.49466878439991,33.31407969648857],[35.49392605685143,33.31170665527355],[35.49361377367763,33.311370847554436],[35.491427791461064,33.31036342439711],[35.49111550828727,33.31029626285329],[35.48719930848616,33.31032611242832],[35.48656630205279,33.310788780841314],[35.486405940423005,33.31170665527355],[35.48665070291057,33.31221409804908],[35.490794785027695,33.31487817262067],[35.490803225113474,33.31489309740819],[35.49081166519925,33.31491548458946],[35.49149531214729,33.31824371220551],[35.49149531214729,33.31825117459927],[35.49149531214729,33.31825863699302],[35.491478431975736,33.3182810241743],[35.48418619786332,33.326653829970724],[35.48443940043667,33.327467230890335],[35.48646502102345,33.32825824462868],[35.48647346110923,33.32826570702244],[35.486481901195006,33.328288094203714],[35.48706426711371,33.32957162593008],[35.48707270719949,33.32958655071759],[35.48707270719949,33.329594013111354],[35.48706426711371,33.32961640029263],[35.486178058106994,33.33208645262651],[35.486178058106994,33.332093915020266],[35.486161177935436,33.3321237645953],[35.47902086536703,33.34138459524892],[35.478919584337696,33.34168309099923],[35.47896178476658,33.34518295367172],[35.47896178476658,33.34519787845923],[35.478953344680804,33.345220265640506],[35.478092455931424,33.34687691705477],[35.478084015845646,33.34689930423605],[35.47805869558831,33.34691422902356],[35.47612591594509,33.34810821202483],[35.47611747585931,33.348115674418594],[35.4760837155162,33.34813059920611],[35.47520594659526,33.34838432059388],[35.4751890664237,33.34838432059388],[35.47515530608059,33.34838432059388],[35.47464890093389,33.348287309475026],[35.47463202076234,33.348279847081265],[35.474623580676564,33.34825745989999],[35.47358545012584,33.34485460834637],[35.47349260918227,33.34469043568369],[35.469854932211845,33.34010106352255],[35.46984649212607,33.34009360112879],[35.46983805204029,33.34006375155376],[35.46858047925933,33.336593738456315],[35.46858047925933,33.336578813668794],[35.46858891934511,33.336556426487526],[35.47305372472181,33.32833286856626],[35.47260640017556,33.32757916679671],[35.4618790511514,33.32557924526957],[35.46180309037939,33.32557178287582],[35.45504258167101,33.32507180249404],[35.454991941156344,33.325064340100276],[35.45155682624459,33.32421362721187],[35.45154838615881,33.32421362721187],[35.45154838615881,33.32419124003059],[35.45428297395097,33.31784074294258],[35.454291414036746,33.31783328054882],[35.45431673429408,33.317818355761304],[35.45654491693954,33.31689301893532],[35.45688252037067,33.31653482403494],[35.45740580568892,33.314751311926784],[35.457144163029795,33.31417670760742],[35.45516918295768,33.31303496136246],[35.455152302786125,33.3130274989687],[35.45514386270035,33.3130274989687],[35.455135422614575,33.313005111787426],[35.45446021575231,33.31110220137915],[35.45446021575231,33.311087276591635],[35.45448553600965,33.311072351804114],[35.456848760027555,33.30984105683405],[35.45685720011333,33.3098335944403],[35.45689096045645,33.30982613204654],[35.461153203774465,33.308788859314184],[35.461389526176255,33.30868438580157],[35.46575305052362,33.305609879573296],[35.465761490609395,33.305602417179536],[35.465769930695174,33.305602417179536],[35.46579525095251,33.305602417179536],[35.47156826962483,33.30622179586145],[35.47228567691599,33.30557256760451],[35.47113782525014,33.30089364671827],[35.47112094507859,33.30082648517445],[35.47080022181901,33.30002054664859],[35.470774901561676,33.29997577228604],[35.46934008697937,33.29719976180809],[35.46917972534958,33.297013201964134],[35.46487528160268,33.29374467349815],[35.464841521259565,33.293707361529364],[35.462554258013654,33.291267158770516],[35.462537377842104,33.291252233982995],[35.462537377842104,33.29122984680172],[35.462697739471885,33.288968741493065],[35.462697739471885,33.28894635431179],[35.46271461964344,33.288931429524276],[35.46384559113773,33.286916583209624],[35.46384559113773,33.28690912081587],[35.464689599715555,33.285536040364406],[35.46457143851466,33.28490919928874],[35.46290030153057,33.28347641968721],[35.46266397912878,33.28334955899333],[35.458992541815235,33.282185425567086],[35.45855365735476,33.282177963173325],[35.456435195824426,33.282804804249],[35.45639299539553,33.28281972903651],[35.450442734921864,33.28383461458759],[35.45042585475031,33.28383461458759],[35.45040053449297,33.28382715219384],[35.448442434592415,33.282842116217786],[35.44843399450664,33.282834653824025],[35.44842555442086,33.28281226664275],[35.44800355013194,33.27898405864492],[35.44800355013194,33.27896167146365],[35.4480204303035,33.27893928428237],[35.45072125775255,33.27667071657996],[35.45089005946811,33.276178198591936],[35.449978530204056,33.27242461453169],[35.449429924628475,33.270200821191814],[35.4494214845427,33.27017843401054],[35.44943836471425,33.270156046829264],[35.45250211585176,33.26524579173653],[35.452510555937536,33.26523086694902],[35.45253587619487,33.26520847976774],[35.456443635910205,33.26201457523934],[35.456460516081755,33.26199965045183],[35.45648583633909,33.26198472566431],[35.46219133432519,33.259708695568136],[35.46220821449675,33.259701233174376],[35.46221665458253,33.25972362035565],[35.463077543331906,33.262066811995645],[35.46379495062306,33.262447394077306],[35.48037971917733,33.26027583749374],[35.480430359692,33.26027583749374],[35.49033902039567,33.26020121355616],[35.49038122082456,33.26020121355616],[35.50614730105834,33.26188771454546],[35.5061641812299,33.26188771454546],[35.515811199274445,33.26263395392125],[35.516511726394036,33.262148898326984],[35.51664676776649,33.2609922272945],[35.51664676776649,33.26098476490074],[35.51664676776649,33.26097730250699],[35.516672088023824,33.26096237771947],[35.518284144407474,33.25993256738087],[35.518292584493246,33.25992510498711],[35.518301024579024,33.25991764259336],[35.51832634483636,33.25991764259336],[35.51891715084084,33.25992510498711],[35.51955015727421,33.25923856476138],[35.51901843187018,33.25764907489094],[35.5190099917844,33.25760430052839],[35.51887495041195,33.255082011438205],[35.51849514655193,33.25461188063145],[35.517668018145656,33.254305922487376],[35.5176511379741,33.25429846009362],[35.51656236690871,33.253813404499354],[35.51654548673715,33.25380594210559],[35.51654548673715,33.25378355492432],[35.51654548673715,33.25323133778623],[35.516579247080266,33.25016429395171],[35.51577743893133,33.2496344639949],[35.50532017265207,33.25186571972853],[35.50530329248051,33.25186571972853],[35.49816297991211,33.253119401879864],[35.49815453982633,33.253119401879864],[35.49814609974056,33.253119401879864],[35.49812077948322,33.253119401879864],[35.49006893765077,33.2514627504656],[35.49004361739343,33.25145528807184],[35.48125748809827,33.24896284855669],[35.481240607926715,33.248955386162926],[35.48122372775516,33.24894046137541],[35.478801423136794,33.24523911407147],[35.478792983051015,33.24522418928395],[35.478792983051015,33.24520180210268],[35.4789955451097,33.24231385571835],[35.47889426408036,33.241992972786754],[35.477231567182045,33.2397318674781],[35.477172486581594,33.239664705934274],[35.47575455217085,33.238276700695295],[35.47574611208507,33.23826923830154],[35.47574611208507,33.23826177590778],[35.47573767199929,33.238239388726505],[35.474463219046775,33.23372464050295],[35.474454778961,33.23370971571543],[35.474454778961,33.233702253321674],[35.474471659132554,33.23368732853415],[35.477611371042066,33.23102325396257],[35.47776329258607,33.2308217693311],[35.478860503737245,33.22820993151582],[35.47888582399458,33.228142769971996],[35.48041347952044,33.22233702762831],[35.48042191960622,33.22232210284079],[35.48043879977778,33.22230717805328],[35.48212681693343,33.22039680525124],[35.482160577276545,33.22037441806997],[35.48350255091528,33.219441618850226],[35.48365447245929,33.21929237097507],[35.48641438050878,33.2152925279208],[35.48649878136656,33.21497164498921],[35.4861358576781,33.211344921622846],[35.48611897750654,33.21126283529151],[35.48536780987228,33.20874800859508],[35.48534248961494,33.208688309445016],[35.48381483408908,33.205173521985024],[35.48381483408908,33.2051585971975],[35.48381483408908,33.205136210016235],[35.484793884039355,33.20158411058745],[35.484802324125134,33.20155426101241],[35.48573917364652,33.196957426457516],[35.48573917364652,33.196949964063755],[35.48575605381808,33.19692011448873],[35.487790114490636,33.19347248857255],[35.487798554576415,33.19345756378504],[35.48780699466219,33.19345756378504],[35.48783231491953,33.19345010139128],[35.492643163813135,33.192412828658924],[35.49270224441358,33.19240536626516],[35.50113389010606,33.19195016024593],[35.50114233019183,33.19195016024593],[35.50117609053495,33.19195016024593],[35.51100035038084,33.19382322107918],[35.511743077929324,33.19350233814758],[35.51278964856583,33.19137555592657],[35.51282340890894,33.19128600720147],[35.512983770538725,33.19068901570083],[35.51290780976672,33.19027858404415],[35.51239296453425,33.189592043818415],[35.51238452444847,33.18956965663715],[35.51237608436269,33.18954726945587],[35.51170087750043,33.18680110855294],[35.511675557243095,33.18671155982785],[35.51049394523414,33.184159421162626],[35.51009726120257,33.183838538231036],[35.506037579943225,33.1827266415611],[35.505885658399215,33.18269679198607],[35.50544677393874,33.1826744048048],[35.505058529992944,33.18275649113613],[35.503657475753755,33.18350273051193],[35.50363215549642,33.183510192905686],[35.50360683523908,33.18351765529945],[35.501108569848725,33.184002710893715],[35.50105792933405,33.18401017328747],[35.495799755894204,33.18417434595015],[35.49577443563687,33.18417434595015],[35.49575755546531,33.184159421162626],[35.49309892844516,33.18050284822123],[35.49309892844516,33.18049538582748],[35.49309048835938,33.180487923433716],[35.49309048835938,33.18046553625244],[35.49253344269802,33.17547319482837],[35.49253344269802,33.17546573243462],[35.4925418827838,33.17544334525334],[35.49520894988972,33.17148081416787],[35.49527647057595,33.17131664150519],[35.496728165329806,33.16505569314227],[35.49674504550136,33.16497360681093],[35.49685476661648,33.1625483288396],[35.49662688430047,33.16211551000164],[35.4920354776371,33.15884698153565],[35.492027037551324,33.15883205674814],[35.49201015737977,33.158817131960625],[35.49065974365524,33.15535458125694],[35.49046562168235,33.15510832226292],[35.48627933913633,33.152197988697324],[35.48627089905055,33.15219052630356],[35.48627089905055,33.15216813912229],[35.485713853389186,33.148019048192864],[35.48531716935761,33.147578766961146],[35.482388459592556,33.14655641901631],[35.48236313933522,33.14654895662255],[35.48235469924944,33.14652656944128],[35.479333148540825,33.141399904929564],[35.47910526622481,33.14118349551058],[35.47471642162012,33.138788067114284],[35.474252216902315,33.138705980782944],[35.4713488273946,33.1391387996209],[35.47133194722304,33.1391387996209],[35.471315067051485,33.13912387483339],[35.46659705910144,33.13533297880435],[35.46621725524142,33.13518373092919],[35.461457046862485,33.13475837448499],[35.4612544848038,33.13476583687874],[35.45465433772521,33.13595235748626],[35.45463745755365,33.135959819880014],[35.454603697210544,33.13595235748626],[35.447514025156806,33.134900159966385],[35.446838818294545,33.13517626853543],[35.445657206285595,33.137034404581165],[35.44564876619982,33.13704932936868],[35.44564876619982,33.13705679176243],[35.44562344594248,33.137071716549954],[35.443960749044166,33.137974666194665],[35.44395230895839,33.13798212858842],[35.44394386887261,33.13798212858842],[35.44391854861527,33.137974666194665],[35.44331930252502,33.13775079438192],[35.4426272154912,33.137847805500776],[35.433199639676886,33.14509378983975],[35.43314899916222,33.1451385642023],[35.43223746989817,33.14600420187822],[35.43208554835416,33.14625046087223],[35.4314103414919,33.14894438501885],[35.43140190140612,33.14901900895644],[35.431334380719896,33.14989210902611],[35.431334380719896,33.14989957141987],[35.431131818661214,33.15188456815949],[35.431520062607014,33.15242932290382],[35.43353724310802,33.15315317509834],[35.43355412327958,33.15316809988585],[35.4335456831938,33.15318302467337],[35.431292180291,33.156160519782794],[35.431570703121686,33.15694407112738],[35.43299707761821,33.157503750659224],[35.43344440216446,33.1575261378405],[35.437335281708236,33.15660080101451],[35.437360601965565,33.15659333862075],[35.43737748213712,33.15661572580203],[35.43995170829949,33.160861827850304],[35.44014583027239,33.16104838769425],[35.44247529394719,33.162496092083295],[35.44248373403297,33.162496092083295],[35.44248373403297,33.162503554477055],[35.44248373403297,33.16252594165832],[35.44172412631293,33.16530941453004],[35.44171568622715,33.16532433931756],[35.44169036596981,33.16533180171132],[35.43684575673309,33.167846628407744],[35.43682887656154,33.167854090801505],[35.436803556304206,33.16783916601399],[35.435343421464566,33.16680935567539],[35.43530122103567,33.16677950610036],[35.43323340002,33.16465272387934],[35.43276075521642,33.164451239247875],[35.428490071812625,33.16433930334151],[35.428034307180596,33.16448108882291],[35.42529971938844,33.166622795831444],[35.425274399131105,33.16663772061896],[35.425249078873776,33.1666302582252],[35.423105297086096,33.16571238379297],[35.42290273502742,33.16566014703667],[35.42024410800727,33.16536165128635],[35.42022722783571,33.16535418889259],[35.42021034766415,33.16533926410507],[35.41827756802093,33.16330203060915],[35.418252247763604,33.163272181034124],[35.41715503661243,33.16140658259464],[35.41669083189463,33.161115549238076],[35.41391404367358,33.1607200423689],[35.413871843244685,33.1607200423689],[35.40842798791771,33.16021259959336],[35.40797222328569,33.16031707310597],[35.40500975317752,33.16214535957667],[35.4048240712904,33.16232445702686],[35.401397396464425,33.16765260617004],[35.4013298757782,33.167816778832716],[35.40098383226129,33.169525667003285],[35.40098383226129,33.1695405917908],[35.40096695208974,33.169562978972074],[35.39983598059545,33.17078681154838],[35.39981910042389,33.170794273942136],[35.39979378016656,33.170794273942136],[35.39794540138112,33.17063756367322],[35.39722799408997,33.171159931236275],[35.39721111391841,33.171898708218315],[35.39721111391841,33.17190617061207],[35.39721111391841,33.17191363300583],[35.39718579366108,33.17192109539959],[35.391530936189646,33.17294344334443],[35.39126929353052,33.17304791685704],[35.38962347680376,33.174152351133216],[35.389606596632206,33.17415981352697],[35.38958127637487,33.17415981352697],[35.387910139390776,33.1742792118271],[35.387901699305,33.17428667422086],[35.38789325921922,33.1742792118271],[35.38787637904766,33.174264287039584],[35.385994239919114,33.17223451593742],[35.38596891966178,33.17220466636239],[35.38455098525103,33.17086143548596],[35.38383357795988,33.17071965000456],[35.38024654150412,33.171898708218315],[35.38023810141834,33.171898708218315],[35.38020434107523,33.17190617061207],[35.37739379251107,33.17212258003105],[35.377376912339514,33.1721151176373],[35.37735159208218,33.172107655243536],[35.37460012411847,33.17094352181729],[35.374591684032694,33.17093605942354],[35.37457480386114,33.170913672242264],[35.374127479314886,33.16971968924099],[35.37409371897177,33.16963760290965],[35.372287540615226,33.16665264540647],[35.371975257441434,33.1663989240187],[35.369823035567975,33.16557806070533],[35.36945167179373,33.16554074873654],[35.3685317024439,33.16566760943042],[35.368514822272346,33.16566760943042],[35.36848950201502,33.16566014703667],[35.36776365463808,33.16539150086138],[35.367746774466525,33.16538403846762],[35.36772145420919,33.16536911368011],[35.36632039997,33.16433184094775],[35.36631195988422,33.16433184094775],[35.36630351979844,33.16432437855399],[35.366295079712664,33.16430199137272],[35.365501711649515,33.161227485144444],[35.36535823019128,33.16098868854419],[35.36232823939689,33.15810074215986],[35.36183027433597,33.15791418231591],[35.35808287625043,33.158003731041006],[35.35805755599309,33.15799626864725],[35.358040675821535,33.15798134385973],[35.351322367542046,33.1514741365028],[35.35128860719893,33.15144428692777],[35.34901822412458,33.148354855911975],[35.3490097840388,33.1483324687307],[35.34900134395303,33.148310081549425],[35.34891694309524,33.14611613778459],[35.34828393666187,33.14559377022153],[35.343641889483834,33.14553407107147],[35.34362500931228,33.14552660867771],[35.34359968905494,33.14551914628395],[35.333091782261015,33.137362749906515],[35.332399695227195,33.13726573878766],[35.33095644055911,33.13780303113823],[35.33061039704221,33.13810898928231],[35.33010399189551,33.13925073552728],[35.33010399189551,33.13925819792103],[35.33007867163818,33.13926566031479],[35.32866917731321,33.1393701338274],[35.32865229714165,33.1393701338274],[35.32864385705587,33.1393701338274],[35.32861853679854,33.139362671433645],[35.32420437193651,33.13775825677568],[35.32417905167918,33.13775079438192],[35.32416217150762,33.13773586959441],[35.315089079296,33.1269825601892],[35.31501311852399,33.12690793625162],[35.30280031440286,33.116871016647174],[35.30277499414552,33.116841167072145],[35.30210822736905,33.115900905458645],[35.30141614033523,33.11565464646463],[35.299120437003545,33.11608000290883],[35.299111996917766,33.11608000290883],[35.29910355683199,33.11608000290883],[35.29907823657465,33.11607254051508],[35.298512750827506,33.11575911997724],[35.29753370087723,33.11608746530259],[35.297052615987866,33.11780381586692],[35.29704417590209,33.11787097741074],[35.296647491870516,33.120878322095194],[35.296647491870516,33.120885784488955],[35.296647491870516,33.120893246882716],[35.29662217161318,33.120885784488955],[35.29317861661565,33.12024401862577],[35.292807252841406,33.120273868200805],[35.289962943934135,33.121214129814305],[35.28994606376258,33.121214129814305],[35.28992074350524,33.12119920502679],[35.286249306191706,33.11857244242399],[35.28620710576281,33.1185351304552],[35.28446000800671,33.11677400552832],[35.284443127835154,33.11675161834705],[35.284443127835154,33.11672923116578],[35.284021123546246,33.11469946006361],[35.28370040028667,33.11432634037571],[35.28225714561859,33.11362487536247],[35.28224026544703,33.11361741296871],[35.28223182536126,33.11359502578743],[35.281733860300335,33.11126675893495],[35.281733860300335,33.11125183414744],[35.28094049223718,33.10622964314834],[35.280012082801576,33.10581921149165],[35.27982640091445,33.10590129782299],[35.27981796082867,33.10590129782299],[35.279801080657116,33.105886373035474],[35.27785986092812,33.104117785714834],[35.27744629672498,33.1039461506584],[35.27569919896889,33.10381928996452],[35.27569075888311,33.10381928996452],[35.27197712114067,33.1036103429393],[35.27181675951089,33.10361780533305],[35.26319943193129,33.1049237242407],[35.263022190129945,33.10496849860324],[35.259696796333316,33.10635650384222],[35.25947735410308,33.10650575171738],[35.25835482269457,33.10766988514362],[35.25834638260879,33.107684809931136],[35.25832106235146,33.1076922723249],[35.25617728056378,33.1083489629756],[35.25613508013489,33.10835642536935],[35.25229484110579,33.10978174257712],[35.25227796093423,33.10978920497088],[35.25226952084845,33.10978920497088],[35.252244200591115,33.10978920497088],[35.25090222695238,33.10969965624579],[35.25088534678082,33.10969965624579],[35.25087690669504,33.10969965624579],[35.25087690669504,33.10967726906451],[35.250539303263906,33.10749078769343],[35.25010041880344,33.10704304406795],[35.24869936456425,33.10666992438006],[35.248682484392695,33.106662461986296],[35.248682484392695,33.10664007480502],[35.249070728338495,33.105677426010246],[35.249079168424274,33.10565503882898],[35.24908760851005,33.10564011404146],[35.25064902437903,33.10392376347713],[35.25065746446481,33.10391630108337],[35.25068278472214,33.10390137629586],[35.2527168453947,33.10267008132579],[35.25290252728182,33.102490983875605],[35.25416854014856,33.10056568628605],[35.254176980234334,33.10055822389229],[35.25418542032011,33.10055076149853],[35.25420230049167,33.10053583671102],[35.257915938234106,33.09838666730873],[35.25793281840566,33.09837920491497],[35.257941258491435,33.09837920491497],[35.25796657874877,33.098371742521216],[35.2614101337463,33.098065784377134],[35.262017819922335,33.09825234422109],[35.26310659098773,33.09856576475892],[35.264338843511354,33.098759786996624],[35.265165971917625,33.09893142205306],[35.26618722229679,33.0991552938658],[35.26729287353374,33.09954333834121],[35.26869392777294,33.09998361957293],[35.27012030226946,33.10017017941688],[35.27205308191268,33.1004686751672],[35.27428126455814,33.100647772617386],[35.27636596574537,33.100819407673825],[35.27685549072051,33.10086418203637],[35.278492867361486,33.1009835803365],[35.280493167690935,33.10120745214923],[35.28067884957805,33.1012671512993],[35.28122745515364,33.10158057183713],[35.28278887102262,33.102744705263376],[35.28478917135207,33.10410286092732],[35.286257746277485,33.10516998323471],[35.28721147597042,33.10578936191662],[35.288350887550486,33.106162481604514],[35.28976038187546,33.10669231156133],[35.29056219002439,33.10696095773662],[35.29184508306269,33.107393776574575],[35.293659701505014,33.10802061765025],[35.29376942262013,33.10805792961904],[35.293828503220574,33.10802061765025],[35.29539835917533,33.107065431249225],[35.29544899969,33.1070355816742],[35.297432419847894,33.10578936191662],[35.29865623228574,33.10508789690337],[35.29984628438047,33.10296111468235],[35.29993068523825,33.102573070206944],[35.300065726610704,33.1013567000244],[35.30007416669648,33.10124476411802],[35.3008422145023,33.10133431284312],[35.31165396438425,33.10261038217573],[35.31272585527809,33.102737242869615],[35.312844016478984,33.10270739329459],[35.31925004158468,33.10144624874949],[35.31938508295713,33.10128207608682],[35.31991680836116,33.10062538543612],[35.323318162929795,33.09637182099408],[35.32380768790493,33.0958718406123],[35.32374016721871,33.09572259273714],[35.32297211941289,33.09411817807918],[35.321149060884785,33.0903347444439],[35.31991680836116,33.08783484253499],[35.31990836827538,33.08781245535371],[35.31995900879005,33.087737831416135],[35.32217031126395,33.08487973460684],[35.32297211941289,33.08381261229945],[35.32328440258669,33.08317084643627],[35.324229692193846,33.08194701385996],[35.32566450677615,33.0810888385778],[35.329707307863934,33.07870833496901],[35.332855459859225,33.076947210042135],[35.33337874517748,33.07659647753551],[35.333944230924615,33.076006948428635],[35.33427339426997,33.0756935278908],[35.334340914956194,33.0753204082029],[35.334391555470866,33.07471595430851],[35.33456035718643,33.07405180126405],[35.33473759898777,33.07339511061335],[35.33499080156112,33.07291005501908],[35.33552252696515,33.072365300274754],[35.33589389073939,33.07201456776813],[35.33620617391319,33.07214889085577],[35.336231494170526,33.072163815643286],[35.33651845708699,33.07238768745602],[35.336746339403,33.07242499942481],[35.33703330231946,33.072492160968636],[35.33722742429236,33.07255932251246],[35.33756502772349,33.07275334475016],[35.33794483158351,33.07304437810672],[35.33830775527198,33.07328317470698],[35.33872975956089,33.07341749779462],[35.33887324101912,33.073559283276026],[35.33900828239157,33.0738652414201],[35.33927836513647,33.07463386797717],[35.3393458858227,33.07491743893997],[35.33952312762405,33.07535772017169],[35.33968348925383,33.075678603103285],[35.33997045217029,33.075924862097295],[35.340240534915196,33.07607410997245],[35.340628778860996,33.0763502185415],[35.34091574177746,33.07660393992927],[35.34135462623792,33.07699944679844],[35.341650029240164,33.077305404942514],[35.34191167189929,33.07753673914901],[35.34219019472997,33.07783523489933],[35.34266283953355,33.07816358022468],[35.3429160421069,33.07835014006863],[35.34327896579537,33.078700872575254],[35.34359124896916,33.079148616200726],[35.343785370942065,33.079305326469644],[35.34445213771855,33.07965605897627],[35.344485898061656,33.079678446157544],[35.34491634243635,33.078984443538054],[35.345794111357286,33.077588975905314],[35.34635959710443,33.08050677186468],[35.34637647727599,33.080573933408495],[35.34838521769121,33.08632743899588],[35.34839365777699,33.08636475096467],[35.34852869914944,33.088588544304535],[35.34884942240902,33.08902882553626],[35.35323826701371,33.09114814536352],[35.3532804674426,33.09117053254479],[35.35697722501347,33.09379729514759],[35.35699410518503,33.09380475754135],[35.35699410518503,33.09383460711638],[35.356116336264094,33.10280440441344],[35.356107896178315,33.10282679159471],[35.35608257592098,33.10283425398847],[35.35322982692793,33.10392376347713],[35.35312010581281,33.10397600023344],[35.347406167740935,33.107393776574575],[35.34716140525337,33.1079758432877],[35.348722821122344,33.11263237699266],[35.34954150944283,33.1129980342868],[35.362724923428466,33.10931907416413],[35.362910605315584,33.109236987832794],[35.371907736755205,33.103476019851655],[35.37192461692676,33.103468557457894],[35.3719499371841,33.103461095064134],[35.38018746090367,33.10184921801242],[35.38020434107523,33.10184921801242],[35.380221221246785,33.10186414279993],[35.38383357795988,33.10435658231509],[35.383850458131434,33.10436404470885],[35.38385889821721,33.10438643189012],[35.38573259725999,33.115236752414184],[35.38574103734577,33.1152516772017],[35.38573259725999,33.115281526776734],[35.38342001375675,33.127669100414934],[35.38351285470031,33.12804222010283],[35.3888723091695,33.13493747193518],[35.38896515011306,33.135027020660274],[35.38986823929133,33.13575087285479],[35.39001172074956,33.13584042157989],[35.393624077462654,33.13747468581288],[35.39389416020756,33.13753438496295],[35.39628270448281,33.13766124565683],[35.396679388514386,33.13757169693174],[35.40110199346219,33.13509418220409],[35.40123703483464,33.134989708691485],[35.403693099796115,33.13250473157009],[35.403701539881894,33.13250473157009],[35.403709979967665,33.132497269176326],[35.403735300225,33.13248980678257],[35.407938462942575,33.1309227040934],[35.40795534311413,33.13091524169964],[35.40798066337147,33.1309227040934],[35.411078174852086,33.131586857137854],[35.411314497253876,33.131601781925376],[35.41515473628298,33.13121373744996],[35.415627381086566,33.13096001606219],[35.41653891035062,33.12969140912334],[35.416581110779504,33.129624247579514],[35.418480130079615,33.1259005130943],[35.41846324990806,33.12544530707506],[35.416716152151956,33.12249019914692],[35.41669083189463,33.12245288717813],[35.41381276264424,33.118438119336346],[35.413635520842895,33.11827394667367],[35.408090384486584,33.1149681062389],[35.408081944400806,33.11496064384514],[35.408090384486584,33.11493825666387],[35.40911163486575,33.1125353658738],[35.409153835294646,33.112341343636096],[35.40898503357908,33.10480432594057],[35.40898503357908,33.10478940115305],[35.40899347366486,33.10476701397178],[35.41051268910494,33.10050598713599],[35.41053800936228,33.100438825592164],[35.41197282394458,33.093170454071924],[35.41198126403036,33.09303613098428],[35.41134825759699,33.087006516827856],[35.41134825759699,33.086999054434095],[35.41134825759699,33.086991592040334],[35.41135669768277,33.08696920485907],[35.412859032951296,33.084909584181865],[35.412951873894855,33.084551389281486],[35.41215006574592,33.07981276924519],[35.41215006574592,33.07979038206391],[35.412175386003256,33.0797754572764],[35.41437824839138,33.07879042130035],[35.414403568648716,33.07878295890659],[35.41442888890605,33.07877549651283],[35.41762768141601,33.07840237682493],[35.417889324075134,33.07832029049359],[35.422109366964264,33.07596963645984],[35.4222106479936,33.075887550128506],[35.43146942209235,33.067790852901126],[35.435174619749,33.07408911323284],[35.440120510015056,33.08246191902926],[35.44045811344619,33.08304398574238],[35.44062691516175,33.08321562079881],[35.44116708065156,33.08378276272442],[35.44218833103073,33.085767759464034],[35.4426272154912,33.086633397139956],[35.44307454003744,33.087528884390906],[35.444517794705526,33.08987207603091],[35.444914478737104,33.09055115386288],[35.444981999423334,33.090678014556765],[35.44935396385647,33.0912227693011],[35.44946368497158,33.09123769408861],[35.454299854122524,33.091901847133066],[35.45803037203651,33.0924466018774],[35.46241921664121,33.093080905346824],[35.46278214032967,33.09306598055931],[35.4680487538553,33.09287942071536],[35.46955108912383,33.09283464635281],[35.472859602748905,33.09274509762772],[35.4777126520714,33.09256600017753],[35.478387858933665,33.09256600017753],[35.47844693953411,33.092595849752556],[35.47854822056345,33.09256600017753],[35.4790715058817,33.09256600017753],[35.47997459505997,33.092558537783766],[35.482861104396136,33.0925361506025],[35.482937065168144,33.0925361506025],[35.48929244975917,33.09240928990861],[35.493883856422535,33.09149141547638],[35.495791315808425,33.09111829578848],[35.49621332009733,33.091252618876126],[35.50275438657548,33.09331970194708],[35.502594024945694,33.09907320753446],[35.50245054348746,33.10174474449981],[35.50237458271546,33.10321483607012],[35.50231550211501,33.104334195133816],[35.50231550211501,33.10464761567165],[35.50229862194346,33.10581174909789],[35.50215514048523,33.109110127138905],[35.502112940056335,33.11000561438986],[35.502121380142114,33.110378734077756],[35.50206229954166,33.11061753067801],[35.50192725816921,33.11096826318464],[35.501809096968316,33.111192134997374],[35.5016993758532,33.111445856385146],[35.50156433448075,33.11179658889177],[35.50151369396608,33.112460741936225],[35.50154745430919,33.11325921806833],[35.50168249568164,33.113930833506544],[35.50207917971322,33.11440842670705],[35.5026699857177,33.11489348230132],[35.50346335378086,33.115154666082844],[35.50420608132934,33.11540092507686],[35.50454368476047,33.11541584986438],[35.5077171570131,33.11560240970832],[35.51041798446214,33.11575911997724],[35.518655508181716,33.11624417557151],[35.52084149039828,33.11930375701227],[35.522521067468155,33.121572324714684],[35.524301925567364,33.12413192577366],[35.52598150263724,33.12657959092627],[35.527298156018645,33.128489963728306],[35.530986473503745,33.13381065047773],[35.530767031273506,33.13391512399034],[35.53051382870016,33.134086759046774],[35.528066203824466,33.13607175578639],[35.52563545912033,33.13910895004587],[35.52548353757632,33.1393701338274],[35.525686099635,33.14017607235326],[35.52593086212257,33.14130289381071],[35.526133424181246,33.14232524175555],[35.52642882718349,33.14367593502574],[35.52685927155818,33.14575794288421],[35.52717999481775,33.147332507967135],[35.52740787713376,33.1485638029372],[35.52769484005022,33.1495936132758],[35.52827720596893,33.15189203055324],[35.52900305334585,33.15472027778751],[35.529838621837904,33.15694407112738],[35.5334087781221,33.16643623598749],[35.536151806000035,33.17642091883563],[35.538692271819286,33.187189153028356],[35.54148594021189,33.19844990520911],[35.54140997943989,33.19892749840962],[35.54139309926833,33.199031971922224],[35.541072376008756,33.20109905499318],[35.541021735494084,33.201405013137254],[35.53865851147618,33.21668053315978],[35.53742625895255,33.22467275687455],[35.5372912175801,33.22586673987582],[35.5365147296885,33.232590356651734],[35.53733341800899,33.23310526182104],[35.53749377963878,33.233209735333645],[35.53809302572903,33.23348584390269],[35.53849814984639,33.233784339653006],[35.53935903859577,33.234239545672246],[35.54010176614426,33.234724601266514],[35.54103861566564,33.235224581648296],[35.542389029390165,33.23601559538664],[35.54561314215746,33.23780656988855],[35.54580726413036,33.23792596818867],[35.54581570421614,33.23796328015746],[35.54632210936283,33.240328858978735],[35.546389630049056,33.24075421542294],[35.54674411365174,33.242858610462676],[35.54660063219352,33.243955582345095],[35.54634742962016,33.24621668765376],[35.546305229191276,33.246574882554135],[35.54627990893394,33.2467763671856],[35.54576506370147,33.25183587015349],[35.54555406155701,33.25376116774304],[35.54611110721837,33.25400742673706],[35.547478401114454,33.25461188063145],[35.54905669715499,33.25538796958228],[35.549309899728335,33.25550736788241],[35.55185036554759,33.25694014748393],[35.55189256597648,33.256962534665206],[35.55327674004411,33.257656537284696],[35.555158879172666,33.2575147518033],[35.55527704037356,33.25830576554164],[35.5554542821749,33.259454974180365],[35.55556400329002,33.25994002977463],[35.55560620371891,33.26037284861259],[35.555699044662475,33.26082059223807],[35.55574968517714,33.2612757982573],[35.55580876577759,33.26176085385157],[35.555867846378035,33.26229068380839],[35.55591004680693,33.262686190677556],[35.55599444766471,33.26314885909055],[35.55604508817938,33.26362645229106],[35.55612948903716,33.26385778649755],[35.55622232998072,33.26410404549157],[35.556492412725625,33.264320454910546],[35.55676249547053,33.26464133784214],[35.557091658815885,33.264887596836154],[35.5575136631048,33.26528310370532],[35.55806226868038,33.265708460149526],[35.558644634599084,33.26632783883144],[35.55928608111823,33.26712631496354],[35.55966588497825,33.26768599449539],[35.56081373664409,33.26937995787844],[35.56126950127612,33.270044110922896],[35.56221479088328,33.27141719137436],[35.56224011114062,33.27144704094939],[35.563092559804225,33.272738035069516],[35.56327824169134,33.273141004332444],[35.56331200203446,33.273514124020345],[35.56338796280646,33.273849931739456],[35.56383528735271,33.275931939597925],[35.563793086923816,33.27685727642391],[35.56308411971845,33.27955120057053],[35.56283935723088,33.28048399979027],[35.56282247705932,33.28064817245295],[35.56274651628731,33.281319787891164],[35.56239203268463,33.28305852563677],[35.56229919174107,33.28349880686849],[35.562400472770406,33.28383461458759],[35.56289843783132,33.28541664206428],[35.56307567963267,33.2859987087774],[35.56378464683804,33.28834190041739],[35.565118180391,33.28887173037421],[35.565253221763456,33.288931429524276],[35.56528698210657,33.288961279099304],[35.56739700355113,33.29075225360121],[35.56747296432314,33.29081941514504],[35.56759112552403,33.29070001684491]]],[[[35.190471212780075,33.091297393238676],[35.19049653303741,33.09143917872007],[35.19049653303741,33.091454103507594],[35.19048809295163,33.09147649068887],[35.18986352660404,33.093700284028735],[35.189855086518264,33.09372267121001],[35.18983820634671,33.093737595997524],[35.18920519991334,33.09454353452338],[35.189154559398666,33.09459577127969],[35.18908703871244,33.094677857611025],[35.189070158540886,33.094715169579814],[35.18674069486609,33.09772997665803],[35.186706934522974,33.09777475102058],[35.185533762599796,33.09964034946007],[35.185483122085124,33.099752285366435],[35.18503579753888,33.10115521539293],[35.1850273574531,33.10117014018044],[35.185010477281544,33.101185064967964],[35.18381198510103,33.10252083345063],[35.18381198510103,33.102528295844394],[35.183778224757916,33.10255068302567],[35.18220836880316,33.103513331820444],[35.18219992871738,33.1035207942142],[35.18216616837427,33.10352825660796],[35.18079887447819,33.10391630108337],[35.180773554220856,33.10391630108337],[35.18074823396353,33.10391630108337],[35.17841877028873,33.10381182757076],[35.17840189011717,33.10381182757076],[35.17839345003139,33.10381182757076],[35.178376569859836,33.103789440389484],[35.17797988582826,33.103393933520316],[35.17797144574248,33.1033790087328],[35.1779630056567,33.10335662155153],[35.17783640437003,33.102438747119294],[35.177844844455805,33.10242382233178],[35.177844844455805,33.102401435150504],[35.177929245313585,33.10214771376274],[35.17770980308335,33.10157310944337],[35.17570106266813,33.10026719053573],[35.175540701038344,33.10018510420439],[35.1732281175351,33.09944632722236],[35.173219677449325,33.0994388648286],[35.17139661892122,33.09884187332796],[35.17135441849233,33.09881948614669],[35.1707045318874,33.09846129124631],[35.17067077154429,33.098438904065034],[35.17016436639759,33.0979836980458],[35.16949759962111,33.0978419125644],[35.15973242037567,33.100446287985925],[35.159681779861,33.100453750379685],[35.153436116385095,33.10099104273026],[35.153368595698865,33.10099850512401],[35.14887002997906,33.1017820564686],[35.14837206491814,33.102408897544265],[35.15092941090895,33.114512900219665],[35.15092941090895,33.11452782500718],[35.15092097082317,33.114550212188455],[35.14931735452531,33.117900826985775],[35.14941019546887,33.11844558173011],[35.15746203730132,33.12699748497672],[35.15817944459247,33.127176582426905],[35.16839194838416,33.124154312954936],[35.1684172686415,33.12414685056118],[35.16844258889883,33.124154312954936],[35.17996330598615,33.12621393363213],[35.18033466976039,33.1261840840571],[35.19698695900089,33.120475352832266],[35.197003839172446,33.120475352832266],[35.19701227925822,33.120475352832266],[35.19703759951555,33.120475352832266],[35.21079493933411,33.121870820465006],[35.210913100535,33.12187828285876],[35.22808867509375,33.12087085970144],[35.22811399535109,33.12087085970144],[35.228130875522645,33.120885784488955],[35.231447829233495,33.12385581720462],[35.231658831377956,33.12397521550475],[35.23733056902094,33.12606468575697],[35.237600651765845,33.12610946011952],[35.239052346519706,33.12609453533201],[35.23907766677704,33.12609453533201],[35.23907766677704,33.126116922513276],[35.239204268063716,33.12945261252308],[35.239204268063716,33.12947499970436],[35.23934774952195,33.131236124631236],[35.23934774952195,33.13125104941875],[35.23932242926461,33.131265974206265],[35.236748203102245,33.1322360853948],[35.23640215958533,33.13254950593263],[35.23539778937772,33.13499717108524],[35.235364029034606,33.13522104289798],[35.236208037612435,33.143161029856444],[35.23641903975689,33.14516841377733],[35.23665536215868,33.14554153346523],[35.23711112679071,33.1458474916093],[35.237153327219595,33.14586987879058],[35.24139025028028,33.148362318305736],[35.24140713045184,33.14837724309325],[35.24141557053762,33.148399630274525],[35.241905095512756,33.153832252930314],[35.241905095512756,33.15384717771783],[35.241905095512756,33.15385464011159],[35.2418882153412,33.153869564899104],[35.24158437225318,33.15425760937452],[35.24149153130962,33.15463072906241],[35.24211609765721,33.158458937060246],[35.24211609765721,33.158466399454],[35.24211609765721,33.158488786635274],[35.241288969250945,33.16090660221285],[35.24126364899361,33.161063312481765],[35.24128052916517,33.161809551857566],[35.24128052916517,33.16182447664508],[35.24126364899361,33.161846863826355],[35.2409176054767,33.16210058521412],[35.24070660333224,33.162540866445845],[35.2407234835038,33.16276473825858],[35.2407234835038,33.16277220065234],[35.2407234835038,33.162779663046095],[35.24069816324646,33.162787125439856],[35.23928022883572,33.163190094702784],[35.23926334866416,33.163190094702784],[35.239238028406824,33.163190094702784],[35.238444660343674,33.16313039555272],[35.23824209828499,33.16313785794648],[35.23409801616787,33.16390648450355],[35.234072695910534,33.16390648450355],[35.2340473756532,33.16389902210979],[35.2297766922494,33.16279458783361],[35.229523489676055,33.16277220065234],[35.22102432329736,33.16354082720941],[35.22050947806488,33.163846785353485],[35.21931942597015,33.16600341714953],[35.21931098588437,33.166010879543286],[35.219285665627034,33.166010879543286],[35.217428846755816,33.16578700773055],[35.217285365297585,33.16578700773055],[35.21216223323019,33.166100428268386],[35.21215379314441,33.166100428268386],[35.21214535305863,33.166100428268386],[35.212120032801295,33.16608550348087],[35.209950930756285,33.164496013610425],[35.20993405058473,33.16448855121667],[35.209950930756285,33.164466164035396],[35.212812119835114,33.160809591093994],[35.212710838805776,33.16011558847451],[35.209115362264235,33.157294803634],[35.20839795497309,33.15719779251515],[35.203418304363915,33.15916786446725],[35.20339298410658,33.159175326861],[35.20336766384925,33.159182789254764],[35.20029547262596,33.159429048248775],[35.200236392025516,33.159436510642536],[35.19499509875722,33.16024244916839],[35.19464905524031,33.16039915943731],[35.19214234976417,33.16258564080839],[35.1919735480486,33.162869211771195],[35.19191446744816,33.163145320340234],[35.19190602736238,33.1632050194903],[35.19181318641881,33.16444377685412],[35.19181318641881,33.164466164035396],[35.191787866161484,33.16447362642915],[35.19129834118634,33.16460048712304],[35.191247700671674,33.16460794951679],[35.1908088162112,33.1646601862731],[35.19052185329474,33.16475719739196],[35.189390881800456,33.16542881283017],[35.18938244171468,33.165436275223925],[35.18934868137156,33.165443737617686],[35.18771974481636,33.16587655645564],[35.18761002370125,33.16592133081819],[35.18623428971939,33.166540709500104],[35.18620896946206,33.166548171893865],[35.18618364920472,33.16655563428762],[35.18544092165624,33.16663772061896],[35.185162398825554,33.16673473173781],[35.18217460846005,33.16848093187717],[35.182157728288495,33.16848839427093],[35.18214084811694,33.168473469483416],[35.18143188091156,33.16765260617004],[35.18141500074001,33.167451121538576],[35.18125463911022,33.16710785142571],[35.181001436536874,33.16693621636927],[35.18079887447819,33.16692129158176],[35.180697593448855,33.166906366794244],[35.18041063053239,33.16680935567539],[35.180081467187044,33.166466085562526],[35.17974386375591,33.16632430008112],[35.17949066118256,33.16607804108711],[35.17927965903811,33.165809394911825],[35.17899269612165,33.16563775985539],[35.1786635327763,33.16541388804265],[35.178292169002056,33.16529448974253],[35.17821620823005,33.16526464016749],[35.177903925056256,33.16516762904864],[35.17753256128201,33.16499599399221],[35.17716963759354,33.164794509360746],[35.17680671390508,33.16464526148558],[35.175084936406314,33.16442885206661],[35.17429156834316,33.16430199137272],[35.17364168173823,33.16426467940393],[35.172991795133306,33.16422736743514],[35.17230814818527,33.164212442647624],[35.17188614389636,33.16426467940393],[35.171767982695464,33.16427960419144],[35.17125313746299,33.164413927279085],[35.1708226930883,33.16459302472928],[35.17050196982873,33.16475719739196],[35.16887303327352,33.16521240341119],[35.168079665210364,33.1651750914424],[35.1677167415219,33.1651750914424],[35.16723565663254,33.16506315553603],[35.166822092429406,33.16472734781692],[35.166374767883156,33.16442885206661],[35.16595276359425,33.16406319477247],[35.16568268084934,33.16374977423463],[35.16549699896222,33.16331695539667],[35.16533663733243,33.16300353485884],[35.16517627570265,33.16257071602087],[35.16510031493064,33.162160284364184],[35.165074994673304,33.161876713401384],[35.16505811450175,33.16154836807603],[35.16510031493064,33.16116032360062],[35.16510031493064,33.16092152700037],[35.165074994673304,33.160734967156415],[35.16491463304352,33.1603842346498],[35.16472051107062,33.16013797565578],[35.16456014944083,33.15985440469298],[35.16431538695326,33.159511134580114],[35.16424786626704,33.159354424311196],[35.16418034558081,33.15919771404228],[35.16404530420836,33.158861906323175],[35.16371614086301,33.158570872966614],[35.16332789691721,33.15827983961005],[35.163133774944306,33.15793656949719],[35.16297341331452,33.15763061135311],[35.162753971084285,33.15736196517782],[35.16250076851094,33.15716794294012],[35.16225600602337,33.15689929676483],[35.16203656379314,33.156526177076934],[35.1620112435358,33.15630976765795],[35.161985923278465,33.1562127565391],[35.16195216293535,33.155720238551076],[35.16195216293535,33.15569038897604],[35.161698960362,33.15558591546343],[35.161065953928635,33.15553367870712],[35.16069459015439,33.15547397955706],[35.16055954878194,33.155391893225726],[35.160441387581045,33.1553247316819],[35.160137544493026,33.155130709444194],[35.15994342252013,33.15495907438776],[35.15985902166234,33.154809826512604],[35.15983370140501,33.15462326666866],[35.15983370140501,33.1546158042749],[35.15992654234857,33.1543844700684],[35.1598759018339,33.154123286286875],[35.15971554020412,33.153951651230436],[35.1594876578881,33.153780016174004],[35.15925133548631,33.15362330590509],[35.15918381480009,33.1535859939363],[35.159040333341856,33.15348152042369],[35.15896437256985,33.15331734776101],[35.15893905231252,33.15303377679821],[35.15880401094007,33.152765130622925],[35.15850016785205,33.15254872120394],[35.158280725621815,33.152399473328785],[35.15825540536448,33.15220545109108],[35.158204764849806,33.15196665449083],[35.15818788467825,33.15194426730955],[35.15803596313424,33.151750245071845],[35.15785028124712,33.151459211715284],[35.15776588038934,33.1512428022963],[35.157749000217784,33.15102639287732],[35.15780808081823,33.150720434733245],[35.157824960989785,33.150645810795666],[35.15787560150446,33.15040701419541],[35.157968442448016,33.150078668870066],[35.15792624201912,33.1496458500321],[35.15775744030356,33.149451827794394],[35.157504237730215,33.149332429494265],[35.157284795499976,33.14918318161911],[35.157200394642196,33.14903393374395],[35.15726791532842,33.14889214826255],[35.15741139678665,33.148802599537454],[35.157445157129764,33.14863096448102],[35.15731011575731,33.14841455506204],[35.157141314041745,33.148317543943186],[35.156972512326185,33.14821307043057],[35.156913431725734,33.14807874734293],[35.15698095241196,33.14781010116764],[35.156896551554176,33.147668315686246],[35.156761510181724,33.14763846611121],[35.156677109323944,33.14747429344854],[35.15665178906661,33.147377282329685],[35.15674463001017,33.14721310966701],[35.15671930975284,33.14707132418561],[35.1566939894955,33.1468773019479],[35.15678683043906,33.146713129285224],[35.156896551554176,33.146593730985096],[35.157124433870194,33.14654895662255],[35.15741139678665,33.14650418226],[35.15755487824488,33.14634000959733],[35.15763083901689,33.14591465315313],[35.1574704773871,33.14553407107147],[35.15732699592887,33.14530273686497],[35.157360756271984,33.14527288728994],[35.15714975412752,33.14486245563325],[35.15692187181151,33.144623659033],[35.15655894812305,33.144466948764084],[35.15625510503503,33.144347550463955],[35.15594282186124,33.1441983025888],[35.15590906151812,33.14436247525147],[35.1559934623759,33.1445341103079],[35.15606942314791,33.144668433395545],[35.155985022290125,33.14474305733313],[35.15569805937366,33.144713207758095],[35.155419536542986,33.14448933594536],[35.1551410137123,33.14427292652638],[35.15483717062428,33.14419084019504],[35.154744329680724,33.14418337780128],[35.15452488745049,33.14416845301376],[35.154356085734925,33.14416099062001],[35.15424636461981,33.14404159231988],[35.15430544522025,33.143899806838476],[35.15439828616381,33.14363116066319],[35.15430544522025,33.143280428156565],[35.154263244791366,33.14313118028141],[35.15416196376202,33.14277298538103],[35.15408600299002,33.1425118015995],[35.15392564136023,33.142220768242936],[35.153756839644664,33.14190734770511],[35.15356271767177,33.14175809982994],[35.15357115775755,33.14154169041097],[35.15363023835799,33.141355130567014],[35.15361335818644,33.141041710029185],[35.15350363707132,33.1408253006102],[35.15325887458375,33.14053426725364],[35.15309007286819,33.14031785783466],[35.152988791838844,33.140056674053135],[35.153047872439295,33.13975071590906],[35.15294659140996,33.139288047496066],[35.15297191166729,33.139026863714534],[35.15283687029484,33.13863881923912],[35.1527355892655,33.138377635457594],[35.15263430823616,33.13794481661963],[35.15238954574859,33.13753438496295],[35.15191690094501,33.136885156706],[35.151815619915666,33.13663889771199],[35.15170589880055,33.13663889771199],[35.151444256141424,33.13668367207454],[35.15121637382541,33.13660904813696],[35.15114041305341,33.13648964983683],[35.15117417339652,33.136250853236575],[35.151292334597414,33.13610906775518],[35.15131765485475,33.135959819880014],[35.15099693159518,33.13557177540461],[35.15083656996539,33.135191193322946],[35.15061712773516,33.13483299842257],[35.150423005762256,33.134661363366135],[35.15014448293157,33.13443749155339],[35.15000944155912,33.13427331889072],[35.149899720444004,33.13386288723403],[35.149806879500446,33.13333305727722],[35.14962119761332,33.13268382902027],[35.14929203426797,33.13208683751964],[35.148979751094174,33.13168386825671],[35.148734988606606,33.13142268447518],[35.148507106290594,33.13119881266245],[35.14828766406036,33.13093016648716],[35.14806822183012,33.13081076818703],[35.147730618398995,33.130736144249454],[35.1474183352252,33.13063167073684],[35.14721577316652,33.13071375706818],[35.147190452909186,33.13072121946193],[35.146903489992724,33.13081076818703],[35.14665028741938,33.13087792973085],[35.14647304561803,33.13082569297455],[35.14639708484603,33.13068390749314],[35.146515246046924,33.130489885255436],[35.14648992578959,33.13025855104894],[35.14645616544648,33.130198851898875],[35.14630424390247,33.1298928937548],[35.14611012192957,33.129795882635946],[35.14600884090023,33.12980334502971],[35.14590755987089,33.12981080742347],[35.145890679699335,33.12982573221098],[35.145738758155325,33.129952592904864],[35.145595276697094,33.12993020572359],[35.145595276697094,33.12973618348589],[35.14566279738332,33.12968394672958],[35.145797838755776,33.129549623641935],[35.14578095858422,33.129340676616714],[35.145502435753535,33.129139191985246],[35.145029790949955,33.128773534691106],[35.14478502846238,33.12840787739697],[35.14467530734726,33.12809445685914],[35.14437146425925,33.12773626195875],[35.14412670177168,33.127467615783466],[35.144135141857454,33.12710942088309],[35.144253303058356,33.12699748497672],[35.14421110262946,33.12676615077022],[35.14408450134279,33.126601978107544],[35.144050740999674,33.126557203745],[35.14356121602454,33.12687062428283],[35.14305481087784,33.12657959092627],[35.1423711639298,33.12756462690232],[35.142117961356455,33.127922821802706],[35.14199980015556,33.127989983346524],[35.14186475878311,33.12796759616525],[35.14186475878311,33.12772133717124],[35.14199136006978,33.12732583030207],[35.14199136006978,33.12731836790831],[35.14214328161379,33.12691539864538],[35.14204200058445,33.126318407144744],[35.14199136006978,33.126161696875826],[35.141822558354214,33.12612438490704],[35.14148495492309,33.12614677208831],[35.14122331226396,33.126206471238376],[35.14068314677415,33.126154234482065],[35.1403539834288,33.12614677208831],[35.14015142137012,33.12621393363213],[35.13961125588031,33.126325869538505],[35.139358053306964,33.126318407144744],[35.13875880721671,33.12625870799468],[35.13836212318513,33.126243783207165],[35.13827772232735,33.12622139602589],[35.138117360697564,33.126034836181944],[35.137805077523765,33.12588558830678],[35.1374421538353,33.125706490856594],[35.137129870661504,33.12565425410028],[35.13685134783083,33.12567664128156],[35.13662346551481,33.12560201734398],[35.13631118234102,33.12545276946882],[35.13586385779477,33.125422919893786],[35.1356950560792,33.12541545750003],[35.135408093162745,33.12536322074372],[35.13527305179029,33.125266209624876],[35.13507892981739,33.125184123293536],[35.13507048973161,33.125184123293536],[35.1348426074156,33.125184123293536],[35.1346484854427,33.12508711217468],[35.13470756604315,33.12498263866207],[35.13474132638626,33.124922939512004],[35.13474132638626,33.12477369163685],[35.134277121668454,33.12438564716143],[35.13376227643598,33.124281173648825],[35.133407792833296,33.12401998986729],[35.133120829916834,33.123878204385896],[35.13269882562793,33.12381850523583],[35.13247938339769,33.12366925736067],[35.13242030279724,33.12348269751672],[35.132403422625686,33.12324390091647],[35.132175540309674,33.12304987867876],[35.132015178679886,33.122923017984874],[35.13182105670698,33.12260959744704],[35.13174509593498,33.12234841366551],[35.13152565370475,33.122199165790356],[35.131415932589626,33.12200514355265],[35.131188050273614,33.121863358071245],[35.130943287786046,33.12173649737736],[35.130715405470035,33.121542475139655],[35.1303018412669,33.12134099050819],[35.13001487835044,33.121288753751884],[35.12982075637754,33.1210723443329],[35.12980387620598,33.12078131097634],[35.12946627277485,33.120564901557366],[35.12943251243174,33.120549976769844],[35.128875466770374,33.120311180169594],[35.128478782738796,33.120184319475705],[35.12825934050856,33.120109695538126],[35.127947057334765,33.1200798459631],[35.12792173707743,33.1200798459631],[35.12749129270274,33.12000522202552],[35.12715368927161,33.11999775963176],[35.12690048669826,33.119990297238],[35.12668104446803,33.11991567330042],[35.12645316215202,33.11966941430641],[35.12611555872088,33.119572403187554],[35.125862356147536,33.11956494079379],[35.125634473831525,33.119535091218765],[35.125474112201736,33.11939330573736],[35.125339070829284,33.11922167068093],[35.125254669971504,33.119176896318386],[35.12502678765549,33.1190500356245],[35.124798905339475,33.11897541168692],[35.12442754156523,33.11896794929316],[35.124250299763894,33.11894556211189],[35.12395489676165,33.118923174930615],[35.12382829547498,33.11885601338679],[35.12372701444564,33.118796314236725],[35.123473811872294,33.11874407748042],[35.12336409075717,33.11852766806144],[35.123178408870054,33.11828887146119],[35.12284080543892,33.11820678512985],[35.12252852226513,33.118109774010996],[35.12227531969178,33.11796052613584],[35.121768914545086,33.117781428685646],[35.1216085529153,33.117565019266664],[35.12127094948416,33.1173635346352],[35.12096710639615,33.1172217491538],[35.12077298442325,33.11693071579724],[35.120460701249456,33.11673669355953],[35.1201315379041,33.11667699440947],[35.11995429610276,33.11677400552832],[35.119937415931204,33.11676654313457],[35.11972641378674,33.11674415595329],[35.11965045301474,33.11662475765316],[35.11965889310052,33.11657252089686],[35.11968421335786,33.11635611147788],[35.11928752932628,33.11616208924017],[35.11911872761071,33.116154626846416],[35.11898368623826,33.116109852483866],[35.11881488452269,33.11605761572756],[35.118468841005786,33.11602776615253],[35.11821563843244,33.11597552939622],[35.11768391302841,33.1156770336459],[35.11743071045506,33.1156247968896],[35.11720282813905,33.1156247968896],[35.11697494582304,33.11561733449584],[35.116696422992355,33.115565097739534],[35.11638413981856,33.115535248164505],[35.11618157775988,33.1156247968896],[35.116097176902095,33.11572180800845],[35.11589461484342,33.11572180800845],[35.115565451498064,33.11554271055826],[35.11531224892472,33.115490473801955],[35.115084366608706,33.11541584986438],[35.11492400497892,33.11522182762667],[35.11475520326336,33.11507257975151],[35.114561081290454,33.114759159213676],[35.11434163906022,33.114542749794694],[35.11409687657265,33.11429649080068],[35.11387743434241,33.11401291983788],[35.113480750310835,33.113811435206415],[35.11320222748016,33.11367711211877],[35.11298278524992,33.11355025142489],[35.1128730641348,33.113281605249604],[35.11264518181879,33.11318459413075],[35.11228225813033,33.113154744555715],[35.112003735299645,33.11300549668056],[35.11186869392719,33.11274431289903],[35.11167457195429,33.11247566672374],[35.11148044998139,33.11233388124234],[35.11135384869472,33.11192344958565],[35.1113622887805,33.11161002904782],[35.11142136938094,33.11137123244757],[35.11142136938094,33.11120705978489],[35.11126100775116,33.11108766148477],[35.11111752629293,33.11101303754718],[35.11098248492048,33.11084140249075],[35.11087276380536,33.1106026058905],[35.11071240217557,33.11043097083407],[35.110543600460005,33.110259335777634],[35.11049295994533,33.110095163114956],[35.110611121146235,33.10995337763355],[35.110695522004015,33.10978920497088],[35.1105858008889,33.10963995709572],[35.110450759516446,33.10961756991445],[35.110307278058215,33.10961010752069],[35.11010471599953,33.109557870764384],[35.10980087291152,33.10931161177037],[35.10943794922306,33.10909520235139],[35.10918474664971,33.10896834165751],[35.108999064762585,33.1086325339384],[35.10871210184612,33.10855791000082],[35.10849265961589,33.10847582366948],[35.108382938500775,33.10826687664426],[35.108382938500775,33.108140015950376],[35.10858550055945,33.108050467225276],[35.108703661760345,33.10793853131891],[35.10871210184612,33.10752809966222],[35.108408258758104,33.10728184066821],[35.108070655326976,33.107072893642986],[35.107851213096744,33.10687887140528],[35.10751360966561,33.1068042474677],[35.10731948769271,33.10658783804872],[35.107243526920705,33.10627441751088],[35.10720132649182,33.10589383542923],[35.10703252477625,33.10564757643522],[35.1067033614309,33.10537893025993],[35.106542999801114,33.105065509722095],[35.10634887782821,33.10487148748439],[35.1061209955122,33.104774476365534],[35.1060450347402,33.1046028413091],[35.10619695628421,33.1043192703463],[35.10622227654154,33.1041774848649],[35.10628135714199,33.10405808656477],[35.106146315769536,33.10388645150834],[35.105842472681516,33.10369242927063],[35.10568211105173,33.103431245489105],[35.10548798907883,33.103095437769994],[35.105074424875696,33.10255814541942],[35.10486342273124,33.102005928281336],[35.1048803029028,33.101550722262104],[35.10493938350324,33.10131192566185],[35.10505754470414,33.10119998975548],[35.10505754470414,33.10096119315522],[35.10489718307436,33.10059553586108],[35.10485498264546,33.10031196489828],[35.10488874298858,33.10002839393548],[35.104838102473906,33.099759747760196],[35.10470306110145,33.09952095115994],[35.10457645981478,33.09918514344083],[35.10426417664098,33.09884187332796],[35.10404473441075,33.09867770066529],[35.10396877363875,33.09845382885255],[35.10385905252363,33.098118021133445],[35.10367337063651,33.097834450170645],[35.103538329264055,33.09756580399535],[35.103377967634266,33.097013586857265],[35.10325980643337,33.09620018593765],[35.10312476506092,33.09588676539982],[35.102905322830686,33.09552857049943],[35.1027449612009,33.09525992432415],[35.10275340128668,33.09495396618007],[35.10265212025734,33.094685320004785],[35.1026268,33.09444652340453],[35.10282936205868,33.094401749041985],[35.10288844265913,33.09423757637931],[35.102922203002244,33.09405847892912],[35.10517570590503,33.09408832850415],[35.107007204518915,33.09422265159179],[35.107074725205145,33.09421518919803],[35.10758957043762,33.09411817807918],[35.108070655326976,33.094028629354085],[35.11089808406269,33.09351372418479],[35.111387609037834,33.09343163785345],[35.11489024463581,33.09242421469612],[35.11498308557937,33.092394365121095],[35.11805527680265,33.09242421469612],[35.12475670491059,33.092476451452434],[35.12526311005728,33.09240928990861],[35.12712836901427,33.092148106127084],[35.1313484119034,33.09154365223269],[35.13314615017417,33.09123769408861],[35.134251801411125,33.091051134244665],[35.13497764878805,33.09117053254479],[35.13512957033206,33.09119291972606],[35.13946777442208,33.09191677192059],[35.14269188718938,33.09183468558925],[35.14429550348724,33.091782448832944],[35.144422104773916,33.091782448832944],[35.14678532879183,33.09114068296976],[35.147198892994965,33.09102874706339],[35.148051341658565,33.090924273550776],[35.14814418260213,33.09090934876326],[35.149570557098656,33.09073025131307],[35.14962119761332,33.09080487525065],[35.14971403855689,33.09090934876326],[35.14971403855689,33.09091681115702],[35.14986596010089,33.09110337100097],[35.15117417339652,33.09119291972606],[35.15496377191096,33.09143171632632],[35.15493001156784,33.09081980003817],[35.15479497019539,33.088596006698296],[35.154508007278935,33.085894620157916],[35.15460928830827,33.08590954494544],[35.155216974484304,33.08596178170174],[35.15548705722921,33.08599909367053],[35.15664334898083,33.08614834154569],[35.15718351447064,33.086312514208366],[35.15745359721554,33.0865363860211],[35.15780808081823,33.08687219374021],[35.15795156227646,33.087006516827856],[35.15818788467825,33.08712591512798],[35.15838200665115,33.08723038864059],[35.158517048023604,33.08729755018441],[35.159141614371194,33.087573658753456],[35.159614259174774,33.0877079818411],[35.160441387581045,33.087894541685046],[35.16085495178418,33.088096026316514],[35.16104907375708,33.08819303743537],[35.16115879487219,33.08824527419167],[35.16153859873222,33.08844675882314],[35.16216316507981,33.08868555542339],[35.16216316507981,33.08869301781715],[35.16223068576603,33.088715404998425],[35.162610489626054,33.08886465287358],[35.16263580988339,33.08885719047983],[35.16293121288563,33.08881241611728],[35.16309157451542,33.088790028936],[35.16366550034834,33.08881241611728],[35.16405374429414,33.089006438354986],[35.16438290763949,33.089207922986446],[35.1646107899555,33.08934224607409],[35.16505811450175,33.089737752943265],[35.165513879133776,33.089961624756],[35.16587680282224,33.09015564699371],[35.16602872436625,33.0902451957188],[35.16619752608182,33.090342206837654],[35.16624816659648,33.090379518806444],[35.16666173079962,33.09070040173804],[35.167125935517426,33.090722788919315],[35.16742977860544,33.090797412856894],[35.167682981178785,33.09085711200696],[35.16769986135034,33.09086457440071],[35.16770830143612,33.09086457440071],[35.168138745810815,33.09084218721944],[35.16861983070017,33.09095412312581],[35.16872955181529,33.09098397270084],[35.16918531644732,33.09114814536352],[35.16969172159401,33.091416791538805],[35.17018968665493,33.09175259925791],[35.170299407770045,33.09191677192059],[35.17046820948561,33.09217049330836],[35.1706285711154,33.09256600017753],[35.17087333360297,33.093043593378034],[35.171134976262096,33.093297314765806],[35.17165826158035,33.09346894982224],[35.172063385697705,33.093618197697396],[35.17239254904305,33.093662972059946],[35.17298335504753,33.093618197697396],[35.17326187787821,33.093625660091156],[35.17343067959378,33.093625660091156],[35.17394552482625,33.09373013360377],[35.174072126112925,33.09375252078504],[35.17450257048762,33.09377490796631],[35.174907694604975,33.09379729514759],[35.175464740266335,33.09371520881625],[35.17559978163879,33.093700284028735],[35.17616526738593,33.09372267121001],[35.17670543287574,33.09384206951014],[35.17714431733621,33.09384953190389],[35.17755788153934,33.0937599831788],[35.17797144574248,33.09350626179103],[35.17865509269052,33.093334626734595],[35.17976074392747,33.09262569932759],[35.17981138444214,33.092595849752556],[35.1808748352502,33.09267047369014],[35.18100987662265,33.092685398477656],[35.190471212780075,33.091297393238676]]],[[[35.944061151663064,33.468163202802764],[35.9423393741643,33.46756621130213],[35.94233093407852,33.46755874890837],[35.94233093407852,33.46753636172709],[35.94239845476475,33.46696921980149],[35.94239845476475,33.46696175740773],[35.94239845476475,33.46695429501398],[35.94241533493631,33.466939370226456],[35.94254193622298,33.46681250953257],[35.9437741887466,33.46789455662748],[35.944061151663064,33.468163202802764]]],[[[35.931409463081465,33.45815613277335],[35.93086085750588,33.458439703736154],[35.93083553724854,33.45844716612991],[35.930810216991205,33.45844716612991],[35.929417602837795,33.458648650761376],[35.92939228258046,33.458648650761376],[35.92936696232312,33.458641188367615],[35.92839635245863,33.45816359516711],[35.92835415202973,33.45813374559208],[35.92777178611104,33.457708389147875],[35.92776334602526,33.457700926754114],[35.92775490593948,33.45767853957284],[35.927729585682144,33.457372581428764],[35.927729585682144,33.457365119035],[35.92773802576792,33.45735765664125],[35.9277464658537,33.457335269459975],[35.92778022619681,33.457290495097425],[35.92759454430969,33.45655171811539],[35.92738354216523,33.45643978220902],[35.92720630036389,33.45636515827144],[35.92588964698248,33.45604427533985],[35.925881206896705,33.45604427533985],[35.924243830255726,33.455656230864435],[35.92422695008417,33.45564876847068],[35.92420162982683,33.45563384368316],[35.92363614407969,33.45528311117654],[35.92362770399391,33.45526818638902],[35.92361082382236,33.455253261601506],[35.92327322039122,33.45476820600724],[35.923264780305445,33.45475328121972],[35.923256340219666,33.45473089403845],[35.92327322039122,33.45377570763743],[35.923948427253485,33.45420852647539],[35.925189119862885,33.454887604307366],[35.926573293930524,33.45552937017055],[35.92826975117195,33.45640993263399],[35.930126570043164,33.45735019424749],[35.930582334675194,33.45763376521029],[35.931265981623234,33.458066584048254],[35.931409463081465,33.45815613277335]]],[[[35.91778716463536,33.45008182272725],[35.91751708189045,33.450268382571196],[35.91750864180468,33.45027584496495],[35.917483321547344,33.450268382571196],[35.91692627588598,33.45014898427107],[35.9169178358002,33.450141521877306],[35.91690939571442,33.450141521877306],[35.916884075457084,33.45012659708979],[35.91647895133973,33.44982810133948],[35.91623418885216,33.4497161654331],[35.91504413675742,33.4494325944703],[35.91503569667165,33.4494325944703],[35.91502725658587,33.44942513207655],[35.915010376414315,33.44941020728903],[35.91457149195384,33.44870127988202],[35.91448709109606,33.44860426876317],[35.91396380577781,33.44809682598763],[35.913946925606254,33.4480669764126],[35.913406760116445,33.44705955325527],[35.91338987994489,33.44702224128648],[35.91335611960177,33.446865531017565],[35.914090407064485,33.44745506012445],[35.915575862161454,33.44846248328177],[35.91675747417041,33.44930573377642],[35.91778716463536,33.45008182272725]]],[[[35.911482420559004,33.4453506650847],[35.90730457809877,33.444902921459224],[35.907228617326766,33.444902921459224],[35.90613140617559,33.44489545906547],[35.90611452600403,33.44488799667171],[35.906089205746696,33.44488053427796],[35.905625001028895,33.44475367358407],[35.90526207734043,33.444746211190306],[35.904764112279516,33.44485068470292],[35.9047303519364,33.44485814709668],[35.903641580871,33.444992470184324],[35.903624700699446,33.444992470184324],[35.90294105375141,33.44503724454687],[35.902932613665634,33.44503724454687],[35.902924173579855,33.445029782153114],[35.90289885332252,33.44502231975935],[35.90115175556642,33.44409698293337],[35.90113487539487,33.44408205814585],[35.90111799522331,33.44406713335834],[35.90067911076284,33.4436119273391],[35.90058626981928,33.443529841007766],[35.89804580400002,33.44174632889961],[35.89803736391424,33.44173886650586],[35.89802892382846,33.44171647932458],[35.89772508074045,33.44071651856102],[35.89772508074045,33.4407015937735],[35.89772508074045,33.44067920659223],[35.89787700228446,33.43991058003516],[35.89788544237024,33.43979118173503],[35.89782636176979,33.4388733073028],[35.89780104151245,33.43876883379019],[35.89753095876755,33.43788827132675],[35.89753095876755,33.437873346539234],[35.897539398853326,33.43785095935796],[35.89833276691648,33.435828650649555],[35.89835808717382,33.43576148910574],[35.898526888889386,33.43503017451746],[35.89850156863205,33.434768990735925],[35.89843404794582,33.43458989328574],[35.89864505009028,33.43470929158586],[35.899683180641006,33.43531374548026],[35.900771951706396,33.43611222161236],[35.90204640465892,33.43697039689452],[35.902932613665634,33.43762708754522],[35.90382726275813,33.43847780043363],[35.904780992451066,33.439350900503314],[35.90587820360224,33.44033593647936],[35.907372098785,33.44165678017452],[35.907709702216124,33.441962738318594],[35.90902635559753,33.443156721319866],[35.911094176613204,33.445029782153114],[35.911482420559004,33.4453506650847]]],[[[35.886617927856264,33.42809761071632],[35.886466006312254,33.428149847472625],[35.88641536579759,33.428157309866386],[35.8850902723304,33.42833640731657],[35.885073392158844,33.42833640731657],[35.88504807190151,33.42832894492282],[35.884389745210804,33.428187159441414],[35.88438130512503,33.428187159441414],[35.88437286503925,33.428187159441414],[35.884364424953475,33.42816477226014],[35.88401838143656,33.42729913458422],[35.8839677409219,33.427202123465364],[35.88347821594675,33.426478271270845],[35.884896150357505,33.427202123465364],[35.886617927856264,33.42809761071632]]],[[[35.862580563559796,33.41794129281175],[35.86170279463886,33.417844281692894],[35.861660594209965,33.41783681929913],[35.859499932250735,33.417321914129836],[35.85948305207918,33.417314451736075],[35.85944929173606,33.41729952694856],[35.852486220969006,33.413478781344494],[35.85214861753788,33.413389232619394],[35.8489160646848,33.413307146288055],[35.84877258322658,33.413314608681816],[35.84799609533498,33.4134414693757],[35.8479876552492,33.4134414693757],[35.847953894906084,33.413434006981944],[35.84600423509131,33.41275492914997],[35.84599579500553,33.41275492914997],[35.84597891483397,33.412732541968694],[35.84510958599881,33.4109938042231],[35.84492390411169,33.41078485719787],[35.8241950534403,33.396345125276234],[35.824161293097184,33.396315275701205],[35.817063180957675,33.38881556997446],[35.81703786070034,33.38877825800567],[35.8151894819149,33.38601717231523],[35.8151894819149,33.38600970992147],[35.8151894819149,33.38600224752771],[35.8151894819149,33.38597986034644],[35.81608413100739,33.38365905588771],[35.81610945126473,33.383427721681215],[35.815510205174476,33.379226393995495],[35.81548488491714,33.37912938287664],[35.81162776571648,33.36885366667194],[35.8116193256307,33.368838741884424],[35.81163620580225,33.36881635470315],[35.81350146475925,33.365406040755765],[35.813526785016585,33.36537619118074],[35.81540048405935,33.36335388247233],[35.815535525431805,33.362950913209396],[35.81463243625353,33.35711532129068],[35.815510205174476,33.358003346147875],[35.8161600917794,33.3588689838238],[35.81649769521053,33.359689847137176],[35.816767777955434,33.36063757114444],[35.817004100357224,33.36134649855144],[35.81718134215857,33.361771854995645],[35.81725730293057,33.363040461934496],[35.817223542587456,33.3640329603043],[35.817206662415906,33.364503091111054],[35.81686061889899,33.36607765619398],[35.81633733358074,33.36719701525767],[35.81601661032117,33.368070115327356],[35.81573808749049,33.36913723763474],[35.81525700260113,33.370353607817286],[35.814995359942,33.37130879421831],[35.815071320714004,33.372025184019066],[35.81541736423091,33.37270426185104],[35.815611486203814,33.37307738153894],[35.815982849978056,33.37344303883308],[35.816615856411424,33.37404003033372],[35.81735858395991,33.37512207742862],[35.81774682790571,33.3765100826676],[35.81787342919238,33.377457806674855],[35.81827011322396,33.37908460851409],[35.81850643562576,33.38009949406517],[35.81851487571153,33.3802188923653],[35.818531755883086,33.381189003553835],[35.818371394253305,33.38197255489842],[35.81835451408175,33.38206210362351],[35.81794938996439,33.383144150718415],[35.818126631765736,33.384084412331916],[35.81824479296663,33.38468140383255],[35.8184895554542,33.3853828688458],[35.8188777994,33.38702459547255],[35.819316683860464,33.387927545117265],[35.81986528943605,33.38885288194325],[35.82027885363919,33.38957673413777],[35.821063781616566,33.39151695651484],[35.82151110616281,33.39253184206592],[35.822456395769976,33.3936362763421],[35.82313160263224,33.394263117417765],[35.824009371553174,33.395278002968844],[35.82505594218968,33.39636005006375],[35.825081262447014,33.39638243724502],[35.825992791711066,33.397292849283495],[35.8272588045778,33.39824057329076],[35.828153453670296,33.3988002528226],[35.82827161487119,33.39887487676018],[35.82835601572898,33.398919651122725],[35.82925066482147,33.399412169110754],[35.830685479403776,33.40006139736769],[35.832466337502986,33.40058376493075],[35.83340318702437,33.401046433343744],[35.83352978831105,33.40110613249381],[35.83452571843288,33.401747898356994],[35.836551339019664,33.40290456938947],[35.83895676346646,33.40421795069087],[35.8400708547892,33.404971652460425],[35.84020589616165,33.405061201185525],[35.84159007022928,33.40597907561775],[35.84361569081606,33.4071954458003],[35.844712901967235,33.407755125332145],[35.84560755105973,33.40817301938259],[35.84568351183173,33.40821033135138],[35.846097076034866,33.40845659034539],[35.848333698766105,33.40976997164679],[35.85046060038223,33.411060965766914],[35.85253686148368,33.41225494876819],[35.85453716181312,33.41328475910679],[35.85608169751054,33.41414293438895],[35.85616609836833,33.41419517114525],[35.85895132667515,33.41594883367837],[35.860343940828564,33.41665029869162],[35.86062246365924,33.416821933748054],[35.862580563559796,33.41794129281175]]]]}}],"properties":{"source":"The owner's IDF control map (data/idf-control.kml, 100 areas merged, gaps under 120 m closed); OpenStreetMap relation 16119376 \"Golan Heights\" v8 (last edited 2026-08-31T19:29:55Z), for Har Dov","fetched":"2026-10-07T13:47:04.198Z","cleaned":"44 slivers and walled-in pockets of the rest (6.16 km² in all) given to the held part; walled in but left out: Rmeish, Ain Ebel (39.5 km²)"}}