{"type":"FeatureCollection","features":[{"type":"Feature","properties":null,"geometry":{"type":"MultiPolygon","coordinates":[[[[36.16488849938005,33.848020949265276],[36.16479983007455,33.84800014515465],[36.16420870137124,33.84756325883137],[36.1642382578064,33.84756325883137],[36.16488849938005,33.848020949265276]]],[[[35.8598660884701,34.85949600408446],[35.8598660884701,34.859579220526996],[35.85903850828546,34.859579220526996],[35.85903850828546,34.85949600408446],[35.85903850828546,34.85930876708878],[35.85649665486121,34.85930876708878],[35.85652621129638,34.859017509539925],[35.85596463902823,34.85905911776119],[35.85596463902823,34.85874705610171],[35.855698631111736,34.85874705610171],[35.855698631111736,34.85747800535316],[35.855698631111736,34.857353180689366],[35.85540306676008,34.857353180689366],[35.85540306676008,34.85652101626408],[35.855698631111736,34.85650021215345],[35.855698631111736,34.8556888518388],[35.855935082593064,34.855668047728166],[35.85596463902823,34.854856687413516],[35.85626020337989,34.854856687413516],[35.85626020337989,34.85402452298824],[35.85679221921287,34.85402452298824],[35.85679221921287,34.85375406955002],[35.85738334791618,34.853774873660655],[35.85735379148102,34.8534836161118],[35.857915363749164,34.85352522433307],[35.857915363749164,34.85319235856296],[35.86069366865474,34.85319235856296],[35.860723225089906,34.85352522433307],[35.861816813191034,34.85352522433307],[35.861816813191034,34.85375406955002],[35.862023708237196,34.853774873660655],[35.86208282110753,34.853878894213814],[35.86208282110753,34.85402452298824],[35.86234882902402,34.85404532709887],[35.86234882902402,34.854586233975304],[35.86261483694051,34.854586233975304],[35.862644393375675,34.85466945041783],[35.862644393375675,34.855023120298576],[35.862644393375675,34.856812273812935],[35.862496611199845,34.856812273812935],[35.86234882902402,34.856812273812935],[35.86234882902402,34.856916294366094],[35.86234882902402,34.85708272725115],[35.861964595366864,34.85708272725115],[35.861875926061366,34.85708272725115],[35.861816813191034,34.85708272725115],[35.861816813191034,34.857353180689366],[35.86152124883938,34.857353180689366],[35.86152124883938,34.85764443823821],[35.861816813191034,34.85764443823821],[35.861816813191034,34.857727654680744],[35.861816813191034,34.85791489167643],[35.861491692404215,34.85791489167643],[35.86152124883938,34.85874705610171],[35.861343910228385,34.85874705610171],[35.86125524092289,34.85874705610171],[35.86125524092289,34.8589342930974],[35.86125524092289,34.859017509539925],[35.86113701518222,34.859017509539925],[35.86069366865474,34.859017509539925],[35.860723225089906,34.85930876708878],[35.8598660884701,34.85930876708878],[35.8598660884701,34.85949600408446]]],[[[35.77967947986558,32.75197718472685],[35.78343314713162,32.75303819436908],[35.801373903277195,32.759549880996914],[35.80772853683782,32.756512480844634],[35.80864478632795,32.75318382314351],[35.8092950279016,32.75106180385904],[35.8044773289696,32.74267774727433],[35.80761031109716,32.73839210048413],[35.81703881391501,32.73955713067952],[35.820230908912905,32.7346057523491],[35.82631953455704,32.73108985765228],[35.83506823936609,32.72903025069971],[35.841275090750884,32.72942552880172],[35.86190548249653,32.73570837021259],[35.878427529754156,32.735666761991325],[35.886378210813724,32.733128660494216],[35.89471312553045,32.727386725959775],[35.9013042105724,32.72480701624141],[35.90913666589131,32.725930438215535],[35.92036811125428,32.722081677748605],[35.926042946806085,32.72245615173998],[35.93083108930293,32.72464058335635],[35.93683104564156,32.724099676479916],[35.945195516793454,32.71767120629461],[35.948003378134196,32.706977893429745],[35.951668376094744,32.703399586401034],[35.96272248284671,32.69703352854763],[35.974633726218485,32.696867095662576],[35.97959920732632,32.694245777722934],[35.98267307658355,32.69062586247296],[35.98290952806488,32.68199215656066],[35.97259433219205,32.67348327531216],[35.97336279950636,32.67111160670011],[35.98299819737038,32.66505761050618],[35.99360895759486,32.66141689114558],[36.01078124642613,32.66278996244729],[36.01973684628133,32.661895385690116],[36.0218353531781,32.66127126237115],[36.03291901636523,32.65792180055939],[36.036288449974116,32.65434349353068],[36.039184980620355,32.64250595458105],[36.03883030339837,32.630814044405845],[36.03486974108616,32.60711816239595],[36.03634756284445,32.60393513346925],[36.036909135112595,32.60353985536724],[36.04485981617217,32.597839529054056],[36.058869566440706,32.58785355595068],[36.07042613259049,32.57578717178409],[36.08443588285903,32.54915791017508],[36.088692009522894,32.536654639685224],[36.090760959984486,32.51793094011639],[36.091352088687806,32.518097373001446],[36.110593327980666,32.523069555442504],[36.12992323657903,32.523776895203994],[36.1338246860209,32.52392252397842],[36.14901669369607,32.52309035955314],[36.16471116076905,32.52223739101722],[36.17839579025077,32.518305414107765],[36.20074045523603,32.528478624206834],[36.20561726703837,32.528374603653674],[36.21776496189147,32.52182130880458],[36.25772526223548,32.49286198680478],[36.25946909191026,32.491842585383814],[36.29611907151572,32.47049756787534],[36.33655227482239,32.44266166784967],[36.37296580294652,32.41114344024213],[36.37949777511814,32.405505526260846],[36.40057151339128,32.38723951712591],[36.40964533898715,32.38218411824233],[36.46355627672936,32.37733676046506],[36.48013743685732,32.373383979444974],[36.492758034673074,32.367496416136106],[36.49529988809732,32.36545761329416],[36.50174319096344,32.36031899796805],[36.50330968202722,32.359049947219496],[36.51338842641872,32.35663667038618],[36.52071842233982,32.35488912509309],[36.554560540604534,32.352059766047134],[36.648254440079775,32.34419581222822],[36.670362653583716,32.342323442271336],[36.69205707699533,32.33914041334463],[36.713249041009135,32.325201659221165],[36.71998790822691,32.32511844277864],[36.73840156733514,32.33239988149985],[36.78663766952555,32.3203543014439],[36.825386156027776,32.31068039],[36.845839209162435,32.31249034762499],[36.88934628172633,32.34819020146957],[36.910863366526954,32.361900110376084],[36.95620293807113,32.39077621593336],[37.03355212889974,32.43267569474629],[37.071443478782165,32.45314693960822],[37.15890097043744,32.50037227074295],[37.28442715058614,32.56792321796519],[37.410189782216165,32.635328536413],[37.492356671976786,32.6792252098466],[37.50116448965616,32.68394774296007],[37.5102678716872,32.68879510073734],[37.53612975245718,32.70260903019702],[37.662276617744354,32.76976469931724],[37.78865993451285,32.83677473966305],[37.91522058989234,32.903659955345056],[37.964934513841044,32.929852330630794],[38.04157435022568,32.97096125323971],[38.167868997688686,33.03849139635131],[38.294370540197846,33.10589671479912],[38.32153290411512,33.120313963467126],[38.32827177133289,33.12391307460647],[38.42107897775317,33.173156404472515],[38.447886664448454,33.187386416144825],[38.548437656882136,33.23966714616314],[38.676151013233095,33.305845022083666],[38.79682993801462,33.36817413753726],[38.79783485681025,33.36867343619243],[38.80407126463021,33.37191887745103],[38.8579230895021,33.39861055139194],[38.987409831963,33.46268721213862],[39.117133025905225,33.52659744000025],[39.24703355845844,33.590382843198086],[39.37714098605782,33.65400181351087],[39.47201714293969,33.700270155556524],[39.507543978008854,33.71737113449606],[39.638390316487374,33.78026196093672],[39.76941399357689,33.84300715860296],[39.90064456571256,33.90558592338414],[39.96091013701541,33.93423318372446],[39.975540572422425,33.941181756675554],[40.000013300739624,33.95279045040824],[40.03211158932956,33.968039863501524],[40.16372639512239,34.030348174844484],[40.191213879826485,34.043288331657614],[40.295577652396545,34.09249005330239],[40.42763580471686,34.1545071070965],[40.45003958257245,34.164992378855054],[40.559871295648165,34.21637853211619],[40.60370348899889,34.23680816875685],[40.69334815685643,34.27652321595342],[40.79230310179117,34.32023265239134],[40.82729792102735,34.33612699291422],[40.96080433867078,34.396583738410925],[41.012380318034914,34.41986353820818],[41.01722757340209,34.43950261864483],[41.019237410993355,34.44268564757153],[41.027099422747426,34.44670084092351],[41.033040266215735,34.45210990968784],[41.050981022361306,34.48799700052811],[41.10944365111905,34.60443760773565],[41.139472989247395,34.664145405249606],[41.15623148798634,34.68413815556699],[41.18185691727499,34.714636981753564],[41.23449692830509,34.77723655064538],[41.237748136173316,34.784975679800496],[41.233255558028134,34.826542292843314],[41.23009301946541,34.855938501166385],[41.22964967293792,34.86009932329279],[41.22964967293792,34.9378234806141],[41.22888120562361,34.95072202920596],[41.22879253631811,34.95249037860969],[41.22595511854221,35.00000696729327],[41.2231177007663,35.04810607107454],[41.222940362155306,35.051101863005556],[41.22285169284981,35.052287697311584],[41.222792579979476,35.05318227406876],[41.2213147582212,35.07843846437606],[41.22045762160139,35.0928765171547],[41.21809310678813,35.13223789447052],[41.22450685321909,35.19675144154048],[41.22524576409823,35.20424092136801],[41.23334422733363,35.24803357424845],[41.23984664307008,35.274954093406315],[41.24238849649433,35.28548097338613],[41.24404365686361,35.290494764048454],[41.248743130054955,35.30484960038456],[41.25616179528154,35.327630101526644],[41.2686050544863,35.36566001576202],[41.27493013161176,35.384924622207286],[41.27693996920303,35.41163710025882],[41.27998428202509,35.451601796782974],[41.28261480475484,35.48613662043216],[41.32139284769223,35.53627452705538],[41.328013489169344,35.54480421241452],[41.33306763958268,35.55133670315298],[41.34246658596537,35.56346549965146],[41.39427901681083,35.63026749889094],[41.392771638617376,35.653755339794515],[41.391264260423924,35.67722237658745],[41.39005244658213,35.696195725483875],[41.383165797188525,35.803170462353826],[41.38313624075336,35.803399307570785],[41.38106729029176,35.8352920091697],[41.36945161127164,35.85603370746985],[41.33318586532334,35.92077609975676],[41.26875283666213,36.03548996578183],[41.258023850696986,36.05456733523141],[41.266890781246694,36.09203553847971],[41.276526179110704,36.15854628017035],[41.28734383438135,36.23308740856495],[41.28967879275944,36.249148181972885],[41.291777299656204,36.26358623475152],[41.291836412526536,36.26539619237651],[41.29189552539687,36.26699810889517],[41.29239798479468,36.283911850839026],[41.29452604812661,36.3561645270641],[41.3272745782902,36.40303618831809],[41.403914414674844,36.512465810242624],[41.41263356304872,36.51958081607878],[41.412692675919054,36.51964322841068],[41.41372715114985,36.52047539283596],[41.42300787179188,36.52467782318363],[41.55069167170767,36.54402564607143],[41.70438513456927,36.567118208873],[41.706808762252855,36.567471878753736],[41.754187727823464,36.577499460078386],[41.75664091194221,36.57801956284418],[41.828256154348686,36.59316495538431],[41.84968456984382,36.608185523260644],[41.86487657751898,36.61881642379362],[41.881694189128254,36.623455740464564],[41.90397974124319,36.64617382927475],[41.93847210108155,36.67032740171855],[41.96273793435259,36.69481383993246],[41.99075743488966,36.72304501806014],[42.03441228962939,36.763779466677676],[42.06494408715555,36.79034631595479],[42.09243157185964,36.81425023907101],[42.12985001877941,36.852987493067864],[42.13484505632241,36.85766841796008],[42.14752476700849,36.868361730824944],[42.16886451319812,36.88440170012225],[42.176933419998356,36.890455696316174],[42.20953416798612,36.920767285507054],[42.249258016848806,36.957694581878926],[42.274203648128655,36.97781215686011],[42.276715945117736,36.97987176381268],[42.37265613366557,37.057408684138295],[42.37366105246121,37.058220044452945],[42.38474471564834,37.06718661613536],[42.38504028,37.07411438497583],[42.38110927412296,37.082040751126634],[42.37451818908101,37.0862431814743],[42.37357238315571,37.08684650068263],[42.37342460097988,37.0868881089039],[42.36597637931813,37.08911414874153],[42.364616783300505,37.09123616802599],[42.363789203115864,37.092546826995815],[42.36222271205208,37.09496010382913],[42.36305029223672,37.1028656658693],[42.363700533810366,37.10925252783334],[42.36275472788507,37.12685280542805],[42.35997642297949,37.135195253791494],[42.356311425018944,37.13973054990928],[42.349365662755005,37.14834345171095],[42.34717848655275,37.15306598482442],[42.33707018572608,37.1748686927668],[42.33526724318097,37.18570763440609],[42.34014405498331,37.19956317208703],[42.35524739335298,37.210610154832644],[42.35873505270253,37.218078830549544],[42.35743456955524,37.227523896776496],[42.34977945284733,37.23646966434827],[42.33506034813481,37.24033922892583],[42.32752345716756,37.2451241743712],[42.32113926717177,37.256795280435774],[42.31797672860904,37.25781468185674],[42.30730685551423,37.26130977244293],[42.306627057505416,37.26191309165126],[42.30316895459103,37.26509612057796],[42.30012464176896,37.27458279502617],[42.29495226561497,37.28092804876894],[42.2756223570166,37.271150116771885],[42.267050990818554,37.27183665242274],[42.255878658325926,37.27880602948447],[42.24733684856304,37.28042875011377],[42.23501181509894,37.28053277066694],[42.22709069047454,37.27662159786811],[42.22082472621941,37.277474566404024],[42.218075977749,37.28053277066694],[42.218814888628145,37.28396544892122],[42.22859806866799,37.298382697589226],[42.233001977507676,37.30766133093111],[42.23368177551649,37.313902564120724],[42.23486403292311,37.31569171763508],[42.2322039537582,37.31735604648564],[42.22493307070744,37.3191452],[42.22044049256226,37.3181049944684],[42.21645037381489,37.31523402720118],[42.20784945118167,37.30019265521421],[42.193957926653795,37.28217629540686],[42.18390873869746,37.27508209368134],[42.16649999838487,37.26624034666272],[42.15376117482845,37.25974946414553],[42.139160295856605,37.24945142938267],[42.12645102873535,37.23877892062843],[42.12243135355282,37.2353878505954],[42.1127959556888,37.21911903608115],[42.10611620134136,37.21285699878091],[42.07930851464607,37.20156036670771],[42.0573185268828,37.18889066333279],[42.01635330774315,37.17744840248517],[42.000392832753676,37.1705206336447],[41.975151637122174,37.15957767145225],[41.899457606662835,37.144889969346025],[41.86922137348834,37.13902321014779],[41.8499505777603,37.13527847023403],[41.75865074953348,37.117470151533],[41.72844407279414,37.113496566402276],[41.69554776045473,37.114266318495666],[41.68691728138634,37.11445355549135],[41.657360846220655,37.112414752649414],[41.65068109187321,37.11083364024138],[41.640129444519054,37.10833714696553],[41.626474371472504,37.105112509817566],[41.58970616612638,37.09242200233202],[41.55813989336942,37.08522378005333],[41.54415969953605,37.08385070875162],[41.50085952201831,37.07954425785079],[41.38709680306556,37.07989792773154],[41.28598423836373,37.080147577059115],[41.27105823860505,37.07925300030194],[41.26866416735663,37.078483248208556],[41.257491834864,37.07498815762237],[41.248743130054955,37.06905898609224],[41.237895918349146,37.06529344206784],[41.23677277381285,37.064898163965836],[41.21841822757496,37.06360830910665],[41.21422121378143,37.065813544833645],[41.2119158118385,37.06704098736093],[41.20771879804497,37.07650685769851],[41.204349364436084,37.079294608523206],[41.16973877885706,37.092234765336336],[41.132379444807626,37.093046125650986],[41.11881304106657,37.09456482572712],[41.11455691440271,37.09504332027166],[41.059522832124195,37.10540376736641],[41.032360468206925,37.10740096198709],[41.00052818753347,37.11199867043677],[40.9724200176909,37.117449347422365],[40.96485357028848,37.119779407813155],[40.949957126964975,37.1244187244841],[40.92108048980809,37.12710245475564],[40.890666918022596,37.124647569701054],[40.8904009101061,37.12462676559042],[40.885937888396086,37.124273095709675],[40.870479872804424,37.118052666630696],[40.85809572647,37.108357951076165],[40.85431250276879,37.10750498254025],[40.85351447901932,37.10731774554456],[40.850470166197255,37.106631209893706],[40.834066344680295,37.1093565483865],[40.82818461408232,37.116097080231285],[40.82647034084271,37.117178893984146],[40.822539334965676,37.11971699548126],[40.78172189800185,37.120590768127805],[40.76493384282774,37.11212349510056],[40.752667922233975,37.105923870132216],[40.74054978381604,37.1024079754354],[40.72441197021558,37.1013053575719],[40.720776528690195,37.10105570824432],[40.70783081008762,37.0976646382113],[40.688441788618924,37.087574644554756],[40.68808711139694,37.08732499522717],[40.67839260066259,37.08083411270997],[40.67481627200754,37.07844163998729],[40.645850965545165,37.0676651106799],[40.63518109245035,37.06285936112389],[40.60225522367577,37.054059222326536],[40.58242285567959,37.041223086066566],[40.54627533547195,37.026722620956036],[40.5326202624254,37.02376843724629],[40.50267959360255,37.020002893221886],[40.461832600203564,37.014864277895775],[40.43812833920068,37.00881028170185],[40.432985519481846,37.006209767872846],[40.42296588796068,37.001175173099895],[40.419123551389134,36.99924039081111],[40.39754735371818,36.981348855667555],[40.385990787568396,36.974691540265304],[40.3696165224866,36.967389297433456],[40.36544906512824,36.965933009689216],[40.33261186565916,36.954324315956534],[40.32593211131171,36.95197345145512],[40.294365838554754,36.93481006018368],[40.287272294114985,36.93094049560612],[40.27843492000044,36.926134746050124],[40.26164686482633,36.9204760279582],[40.26019859950321,36.91999753341367],[40.25517400552504,36.91612796883611],[40.24769622742812,36.91042764252293],[40.23826772461027,36.90320861613361],[40.232799784104614,36.90042086530892],[40.20794282213026,36.887751161934005],[40.18086912751849,36.87868056969844],[40.17614009789198,36.87782760116252],[40.15849490609806,36.87460296401456],[40.13266258176325,36.87181521318986],[40.086997889432254,36.86068501400172],[40.08011124003865,36.85650338776468],[40.07275168768239,36.849097124379675],[40.051914400890574,36.836052947013386],[40.01836784697751,36.82486033549335],[40.01585554998843,36.824028171068065],[40.000013300739624,36.81630984602358],[39.963245095393496,36.79843911499066],[39.929048299906796,36.78695524592177],[39.89047715201556,36.77707329337155],[39.87753143341299,36.7708736684032],[39.86171874059934,36.763280168022504],[39.8559847921772,36.760534025419076],[39.84182725973284,36.75531219365043],[39.831718958906166,36.75368947302113],[39.80727578702414,36.749528650894725],[39.780586326069525,36.74771869326974],[39.72274438245026,36.74382832458155],[39.71204495292028,36.74156067652265],[39.67891218909954,36.730534497887675],[39.675779206971974,36.72947348824544],[39.664784213090336,36.7258119647742],[39.626863306772755,36.723336275608986],[39.62630173450461,36.72329466738773],[39.59662707359825,36.719612339805856],[39.54573089224293,36.70783721318812],[39.532400939983205,36.70598564734187],[39.526223645033575,36.705153482916586],[39.49826325736683,36.70128391833902],[39.49338644556449,36.700763815573225],[39.46705166183186,36.69791365241663],[39.452598565035835,36.69972361004162],[39.45035227596324,36.6989954661695],[39.43915038703544,36.69527153036636],[39.43046079509673,36.694543386494246],[39.397978272849635,36.69435614949855],[39.34483580242172,36.68959200816382],[39.29923022296106,36.67908593229464],[39.275910195615324,36.67369766764094],[39.22734897263809,36.66500154939675],[39.21552639857182,36.66602095081772],[39.15029534616113,36.6834131873061],[39.14837417787536,36.68382926951874],[39.085478083842766,36.69710229210199],[39.073951074128146,36.69820490996548],[39.06112358126624,36.69943235249277],[39.020247031432085,36.703301917070334],[38.99902551098312,36.702927443078956],[38.98099608553205,36.70043094980311],[38.969675970863584,36.69884983739507],[38.929745226954736,36.69787204419537],[38.91827733011045,36.69758078664652],[38.84704632136113,36.69668620988934],[38.81456379911403,36.69818410585485],[38.80076094389165,36.6974351578721],[38.77738180367559,36.69930752782898],[38.77342124136339,36.70001486759047],[38.73148065986327,36.707483543307376],[38.723618648109195,36.71043772701712],[38.696988300024906,36.72843328271384],[38.67331359545719,36.74778110560163],[38.63893946135949,36.77376543978106],[38.63497889904728,36.77786384957557],[38.63087055455925,36.78208708403387],[38.62286076062935,36.790304707733526],[38.60063432138475,36.80601181126072],[38.59096936708557,36.81743326799771],[38.58029949399076,36.82340404774911],[38.57964925241711,36.82377852174048],[38.568122242702486,36.835990534681486],[38.564989260574926,36.83786290463837],[38.563393213075976,36.83881989372745],[38.52160041375169,36.8540485027101],[38.492960228076136,36.86270301273303],[38.449394042641906,36.881801186293245],[38.42267502525212,36.8905389127587],[38.40783769479894,36.895386270535965],[38.398527417721745,36.89715461993969],[38.38153246750147,36.89715461993969],[38.342517973082764,36.90042086530892],[38.31633097152596,36.905393047749975],[38.295611910474804,36.90695335604738],[38.26901111882568,36.912653682360556],[38.26525745155964,36.913465042675206],[38.25281419235488,36.91348584678584],[38.24542508356346,36.911946342599066],[38.23049908380479,36.90585073818388],[38.20046974567644,36.90801436568961],[38.194351563597145,36.906911747826115],[38.18826293795301,36.904748120320384],[38.18781959142552,36.904581687435325],[38.17280492236135,36.894574910221316],[38.15545529491909,36.88954031544836],[38.12643087558639,36.881093846531755],[38.12291365980167,36.879679167008774],[38.07588937145305,36.860726622222984],[38.070510100252896,36.85856299471725],[38.058244179659134,36.84870184627766],[38.05561365692938,36.84543560090844],[38.054047165865605,36.84350081861965],[38.05174176392268,36.836365008672864],[38.0408649957817,36.828584271296485],[38.031170485047355,36.827502457543616],[38.02454984357024,36.82675350956086],[38.0106287626072,36.82521400537409],[37.997978608356284,36.82379932585111],[37.99206732132315,36.82225982166434],[37.97652063642599,36.818182215980464],[37.95810697731777,36.81042228271471],[37.928698324327904,36.79440311752804],[37.90803837614708,36.785706999283846],[37.899644348560024,36.78356417588875],[37.862314570945756,36.77407750144054],[37.85031465826849,36.7703535656374],[37.81440358954217,36.759181758227996],[37.7912017879371,36.74859246591629],[37.767024623971565,36.74657446718498],[37.733744077975,36.749487042673465],[37.72676875927589,36.74884211524387],[37.71154719516556,36.744930942445045],[37.7103058248886,36.744618880785566],[37.70182312799605,36.74118620253128],[37.69449313207495,36.73823201882153],[37.69183305291004,36.73804478182584],[37.67398096606996,36.736817339298554],[37.65515351686942,36.73140827053422],[37.63736054289967,36.72171355497969],[37.635557600354566,36.72071495766935],[37.60263173157998,36.706984244652205],[37.57815900326279,36.69851697162496],[37.560809375820526,36.68973763693824],[37.534326809912066,36.676339789691205],[37.52099685765234,36.66720678512374],[37.50849448557725,36.655390050284744],[37.502051182711135,36.64929444586956],[37.484967563185364,36.6410768221699],[37.472524303980606,36.63797700968573],[37.46114507644182,36.63814344257078],[37.44663286677546,36.64140968794001],[37.42724384530676,36.64577855117274],[37.390268744914486,36.65104199116265],[37.372653109555735,36.653559288549125],[37.33476175967331,36.65514040095716],[37.332604139906216,36.65557728728043],[37.33133321319409,36.65584774071865],[37.303136374046026,36.66163128347436],[37.266456838005396,36.66493913706485],[37.22560984460641,36.66333722054618],[37.21822073581499,36.66104876837666],[37.19623074805171,36.65424582419998],[37.18499930268875,36.653600896770385],[37.178112653295145,36.65422502008935],[37.174447655334596,36.65455788585946],[37.15822117242863,36.66075751082781],[37.15112762798887,36.663462045209975],[37.14474343799308,36.66323319999302],[37.133098202537795,36.662213798572054],[37.12683223828267,36.66165208758499],[37.12192587004516,36.65938443952609],[37.112586036532804,36.64627784982791],[37.103571323807266,36.626971635161375],[37.09627088432134,36.62351815279646],[37.09100983886185,36.62364297746025],[37.07986706280438,36.629405716105325],[37.06458638582372,36.64232506880782],[37.061926306658805,36.64411422232218],[37.0541825206454,36.64931524998019],[37.04847812865842,36.65314320633648],[37.031394509132646,36.657657698343634],[37.02805463195892,36.66057027383212],[37.02790684978309,36.66550084805191],[37.033227008112924,36.67844100486504],[37.05270469888711,36.706921832320305],[37.05663570476415,36.712684570965386],[37.0581430829576,36.720735761779984],[37.056044576060835,36.724251656476795],[37.051847562267305,36.72683136619517],[37.02920733293038,36.73405039258449],[37.01989705585319,36.73700457629424],[37.0094636342397,36.74312098482006],[36.99885287401522,36.75531219365043],[36.98883324249405,36.76201111727395],[36.944350807569684,36.78123411549796],[36.92750363952524,36.779798631864345],[36.92227215050091,36.779361745541074],[36.90267623398606,36.77769741669051],[36.892922610381376,36.77923692087728],[36.87959265812165,36.78135894016175],[36.80419419201397,36.79856393965445],[36.78394803392547,36.80651110991589],[36.78385936461997,36.80655271813715],[36.745908901867224,36.82146926546032],[36.73902225247362,36.82417379984249],[36.685318209777556,36.8347630921542],[36.67553502973771,36.84560203379349],[36.67071733080571,36.842710262415636],[36.668530154603445,36.836760286774876],[36.66835281599245,36.83624018400907],[36.677544867328976,36.821261224354004],[36.67854978612461,36.818515081750576],[36.67857934255978,36.81745407210834],[36.67854978612461,36.81712120633823],[36.67819510890263,36.811192034808094],[36.67027398427822,36.79979138218174],[36.64630371535884,36.77838395234137],[36.64606726387752,36.77815510712441],[36.63279642448812,36.76629676406415],[36.62706247606598,36.75770466637312],[36.62395905037358,36.747094569950775],[36.6252299770857,36.74251766561173],[36.62898364435175,36.736983772183606],[36.63507226999588,36.7280172005012],[36.636816099670654,36.72000761790786],[36.6386781550861,36.71156114899125],[36.636875212540986,36.70511187469532],[36.62777183050996,36.695292334476996],[36.61884578708992,36.679980509051816],[36.608944381309406,36.67236620456049],[36.60637297144999,36.67151323602457],[36.591860761783636,36.65010580618421],[36.58893467470224,36.639308472766174],[36.588047981647264,36.63604222739694],[36.587959312341766,36.63052913807945],[36.60060946659268,36.600550414658684],[36.602914868535606,36.59095971965731],[36.604156238812564,36.579059768375785],[36.5999001121487,36.56200039765751],[36.5961168884475,36.55573836035727],[36.59440261520788,36.54920586961881],[36.591328745950655,36.5375139594436],[36.58328939558559,36.522659824452326],[36.57341754624024,36.51211214036188],[36.553023605975916,36.50110676583753],[36.552875823800086,36.496987551932385],[36.55704328115845,36.49180732838501],[36.55497433069685,36.48579494041235],[36.56780182355877,36.46773697238373],[36.56851117800274,36.445830243888196],[36.5685407344379,36.44503968768418],[36.57353577198091,36.44229354508075],[36.57557516600734,36.43854880516698],[36.57687564915463,36.424818092149835],[36.58497411239003,36.41171150245165],[36.586747498499975,36.401871158122695],[36.58914156974839,36.397814356549446],[36.59322035780126,36.394236049520735],[36.59924987057506,36.39230126723196],[36.606668535801646,36.39130266992162],[36.61571280496235,36.3926549371127],[36.62256989792079,36.39119864936846],[36.623515703846095,36.388015620441756],[36.62026449597787,36.37486742252231],[36.62786049981545,36.35965961765029],[36.62774227407479,36.354167332443424],[36.62440239690106,36.35131716928684],[36.61822510195144,36.34605372929693],[36.61201825056664,36.34074868108576],[36.607732567467615,36.33286392315622],[36.60785079320828,36.32988893533584],[36.61157490403915,36.32789174071516],[36.62147630981966,36.32880712158297],[36.63941706596523,36.335610065759646],[36.64116089564001,36.33569328220217],[36.65017560836555,36.33606775619355],[36.659308546831745,36.333987345130346],[36.66622475266052,36.33022180110595],[36.669209952612256,36.3261649995327],[36.669062170436426,36.31890436492212],[36.66897350113093,36.31430665647244],[36.66897350113093,36.314223440029906],[36.66888483182543,36.30941769047391],[36.67110156446286,36.302365096969645],[36.69480582546574,36.296893615873415],[36.70033287884173,36.29221269098121],[36.700037314490075,36.291047660785814],[36.699061952129604,36.28713648798699],[36.69232308491183,36.276443175122125],[36.69276643143931,36.27163742556612],[36.69480582546574,36.26776786098856],[36.69578118782621,36.26595790336357],[36.70603727082871,36.25518137405618],[36.704766344116585,36.25033401627891],[36.70071711249888,36.244280020084986],[36.68422462167643,36.23728983891262],[36.67946603561475,36.23321223322874],[36.6748552317289,36.229280256319285],[36.654195283548084,36.22925945220865],[36.640599323371866,36.229238648098026],[36.633062432404614,36.2226645491383],[36.6273875968528,36.21771317080787],[36.622392559309795,36.21708904748891],[36.618343327692095,36.21658974883374],[36.60926950209623,36.21754673792282],[36.60687543084781,36.2188990051139],[36.583850967853735,36.232109615365246],[36.57817613230192,36.23244248113536],[36.557368401945276,36.22807361790263],[36.54259018436243,36.23805959100601],[36.52278737280142,36.23808039511664],[36.51690564220344,36.23564631417269],[36.51081701655931,36.231006997501744],[36.509457420541686,36.22996679197014],[36.50614709980313,36.23102780161238],[36.495418113837985,36.23446047986666],[36.492373801015916,36.2327961510161],[36.4917826723126,36.23023724540836],[36.49065952777631,36.22524425885667],[36.48915214958286,36.218732572228845],[36.4817039279211,36.20548035375623],[36.477270462646246,36.202859035816594],[36.47106361126145,36.20179802617436],[36.45752676395556,36.20837212513408],[36.4353594375813,36.21128470062257],[36.42672895851292,36.21453014188117],[36.42267972689521,36.217047439267645],[36.41283743398504,36.22314304368283],[36.40337937473202,36.2263676808308],[36.397556757004374,36.22324706423599],[36.397615869874706,36.212720184256185],[36.39930058667915,36.20872579501483],[36.40314292325069,36.1995511822261],[36.40057151339128,36.19145838319024],[36.39865034510551,36.189814858450305],[36.38880805219533,36.188462591259224],[36.38171450775557,36.18074426621474],[36.376719470212564,36.16938522180964],[36.388305592797515,36.15151449077672],[36.39200014719322,36.14263113553684],[36.38118249192258,36.11876882064189],[36.38520216710511,36.10782585844943],[36.3856455136326,36.10347779932734],[36.386029747289754,36.099358585422195],[36.38871938288983,36.09482328930441],[36.39424643626582,36.09057925073547],[36.397852321356034,36.08375550244816],[36.388748939325,36.0681940276954],[36.39409865408999,36.05394321191245],[36.39466022635814,36.052466120057574],[36.39507401645046,36.045975237540375],[36.39247305015588,36.03981722079329],[36.38345833743034,36.031370751876686],[36.38079825826543,36.02602409544425],[36.382276080023715,36.009859301483154],[36.378581525628,36.000996750353906],[36.37420717322348,35.99768889676341],[36.36835499906067,35.99479712538555],[36.366404274339736,35.99431863084102],[36.35688710221638,35.99198857045023],[36.34417783509514,35.99238384855224],[36.31719280978886,36.00409656283808],[36.302798825863164,35.996399041904226],[36.297892457625665,35.99169731290138],[36.29464124975743,35.9801510315006],[36.30211902785435,35.96746052401505],[36.30607959016656,35.96069918805964],[36.30253281794668,35.95741213857978],[36.29848358632898,35.95628871660565],[36.2896757686496,35.95387543977233],[36.278917226249284,35.95477001652951],[36.26342965422246,35.96171858948061],[36.256927238486014,35.96323728955675],[36.25459228010792,35.96377819643318],[36.24445442284609,35.9635285471056],[36.24025740905256,35.96269638268032],[36.22875995577311,35.960387126400164],[36.21271081147814,35.95148296704965],[36.205971944260355,35.94353579678821],[36.19923307704258,35.935547018305506],[36.187735623763125,35.91850845169786],[36.18282925552562,35.90642126342065],[36.18090808723985,35.90174033852844],[36.18271102978496,35.89982636035029],[36.18915433265108,35.884368906150684],[36.18785384950379,35.874403737157934],[36.186110019829016,35.86058980769826],[36.183065707006946,35.83556246260792],[36.17006087553404,35.81685956714971],[36.16908551317358,35.8154240835161],[36.16344023405693,35.816277052052016],[36.16234664595579,35.81677635070719],[36.15483931142371,35.82018822485084],[36.14810044420593,35.8336692885404],[36.147893549159775,35.83448064885505],[36.141716254210145,35.84650542480037],[36.134090693937395,35.85528475948709],[36.11644550214348,35.86552038191805],[36.11091844876749,35.86637335045397],[36.09631756979564,35.86870341084476],[36.068859641526714,35.87486142759184],[36.06483996634418,35.87575600434902],[36.049943523020666,35.87912627027141],[36.04890904778987,35.87914707438204],[36.04119481821162,35.8793135072671],[36.0226924897979,35.87987521825416],[36.018672814615364,35.88110266078145],[36.01630829980211,35.88372397872109],[36.01488959091416,35.889902799578806],[36.01669253345926,35.89481256968797],[36.021717127437434,35.90868891147954],[36.02289938484406,35.92450003555989],[36.01630829980211,35.93409073056126],[36.0084758444832,35.94031115964024],[36.00153008221926,35.94091447884857],[35.99946113175766,35.9404775925253],[35.99372718333552,35.939270954108636],[35.98063368255712,35.93400751411873],[35.96709683525123,35.92845281657998],[35.950899908780436,35.92183710939899],[35.947471362301215,35.9211297696375],[35.935796570410766,35.91867488458292],[35.922466618151034,35.92986749610296],[35.92157992509607,35.93042920709002],[35.91847649940367,35.93232238115754],[35.91850605583883,35.931531824953524],[35.91874250732016,35.931531824953524],[35.91874250732016,35.931261371515305],[35.91850605583883,35.93128217562594],[35.91847649940367,35.93111574274088],[35.918417386533335,35.930990918077086],[35.918180935052014,35.93097011396645],[35.918180935052014,35.93020036187307],[35.918180935052014,35.92986749610296],[35.918092265746516,35.92986749610296],[35.91791492713552,35.92986749610296],[35.91797404000585,35.92955543444348],[35.917648919219026,35.929576238554105],[35.917648919219026,35.92888970290325],[35.917648919219026,35.92874407412883],[35.916880451904724,35.92874407412883],[35.916880451904724,35.928286383694925],[35.916791782599226,35.92820316725239],[35.91569819449809,35.92820316725239],[35.91569819449809,35.9285360330225],[35.9145750499618,35.92847362069061],[35.91460460639696,35.928723270018196],[35.9143090420453,35.92874407412883],[35.9143090420453,35.92907693989894],[35.91401347769365,35.929035331677674],[35.91401347769365,35.92874407412883],[35.91342234899034,35.92874407412883],[35.91333367968484,35.92874407412883],[35.91318589750901,35.92874407412883],[35.91318589750901,35.92847362069061],[35.91247654306503,35.92847362069061],[35.91235831732437,35.92847362069061],[35.91235831732437,35.928119950809865],[35.91229920445404,35.927911909703546],[35.91209230940788,35.927911909703546],[35.91209230940788,35.92764145626533],[35.91179674505622,35.92764145626533],[35.911855857926554,35.92732939460585],[35.91153073713973,35.92735019871648],[35.91153073713973,35.92691331239321],[35.9114716242694,35.92683009595068],[35.91126472922324,35.926809291840044],[35.91126472922324,35.92641401373804],[35.91126472922324,35.92597712741477],[35.91096916487158,35.92597712741477],[35.91096916487158,35.9254154164277],[35.91088049556608,35.9254778287596],[35.910703156955094,35.9254154164277],[35.910703156955094,35.92468727255558],[35.910703156955094,35.92458325200242],[35.91058493121443,35.92458325200242],[35.910407592603434,35.92458325200242],[35.910407592603434,35.924437623227995],[35.910407592603434,35.9243127985642],[35.91028936686277,35.9243127985642],[35.91014158468695,35.9243127985642],[35.91014158468695,35.92402154101536],[35.90958001241879,35.92402154101536],[35.90958001241879,35.92375108757714],[35.90792485204952,35.92375108757714],[35.907717957003356,35.92375108757714],[35.90762928769786,35.92375108757714],[35.90762928769786,35.92348063413892],[35.9062992481154,35.923522242360185],[35.90624013524507,35.92350143824955],[35.90624013524507,35.923189376590074],[35.905530780801094,35.923189376590074],[35.90541255506043,35.923189376590074],[35.90541255506043,35.922918923151855],[35.90514654714394,35.922918923151855],[35.90514654714394,35.92246123271795],[35.90514654714394,35.92235721216479],[35.90405295904281,35.92235721216479],[35.903461830339495,35.92235721216479],[35.903461830339495,35.92208675872657],[35.9013042105724,35.92212836694784],[35.90124509770207,35.92181630528836],[35.900860864044915,35.92181630528836],[35.90068352543392,35.92181630528836],[35.90068352543392,35.92169148062457],[35.90068352543392,35.92152504773951],[35.90015150960094,35.92152504773951],[35.90015150960094,35.921254594301296],[35.89958993733279,35.921254594301296],[35.89958993733279,35.92096333675244],[35.89923526011081,35.92100494497371],[35.89929437298113,35.920692883314224],[35.89911703437014,35.920692883314224],[35.899028365064645,35.920692883314224],[35.899028365064645,35.92042242987601],[35.89876235714815,35.92042242987601],[35.89876235714815,35.92029760521222],[35.89876235714815,35.92013117232716],[35.89852590566683,35.9200895641059],[35.8984667927965,35.91986071888895],[35.89831901062067,35.91986071888895],[35.898200784880004,35.91986071888895],[35.898200784880004,35.91959026545073],[35.897875664093185,35.91959026545073],[35.897875664093185,35.91888292568924],[35.897905220528344,35.918758101025446],[35.89781655122285,35.918758101025446],[35.89763921261186,35.918758101025446],[35.89763921261186,35.9184668434766],[35.89763921261186,35.91819639003838],[35.89737320469536,35.91819639003838],[35.89737320469536,35.91790513248954],[35.897107196778876,35.91790513248954],[35.897048083908544,35.91765548316195],[35.896811632427216,35.91763467905132],[35.896811632427216,35.91711457628551],[35.8964865116404,35.91711457628551],[35.896516068075556,35.916802514626035],[35.8962205037239,35.916802514626035],[35.895984052242575,35.916802514626035],[35.895984052242575,35.91655286529845],[35.89568848789092,35.916532061187816],[35.89568848789092,35.9163240200815],[35.895658931455756,35.916261607749604],[35.89542247997443,35.91624080363897],[35.89542247997443,35.915720700873166],[35.89506780275244,35.915720700873166],[35.895126915622775,35.91540863921369],[35.89494957701178,35.91540863921369],[35.89486090770628,35.91540863921369],[35.89486090770628,35.915283814549895],[35.89486090770628,35.915138185775476],[35.89477223840078,35.915138185775476],[35.89459489978979,35.915138185775476],[35.89459489978979,35.91484692822662],[35.89459489978979,35.914576474788404],[35.89447667404912,35.914576474788404],[35.894299335438134,35.914576474788404],[35.894299335438134,35.912371239061414],[35.894299335438134,35.912100785623196],[35.89403332752164,35.91207998151256],[35.89403332752164,35.91153907463613],[35.89403332752164,35.91124781708728],[35.893915101780976,35.91124781708728],[35.89373776316999,35.91124781708728],[35.89373776316999,35.91099816775969],[35.89347175525349,35.91097736364907],[35.89347175525349,35.91051967321516],[35.89344219881833,35.910415652661996],[35.893205747337,35.910415652661996],[35.893205747337,35.90985394167493],[35.89291018298535,35.90985394167493],[35.89291018298535,35.90974992112177],[35.89288062655018,35.909604292347346],[35.89264417506885,35.90958348823672],[35.89264417506885,35.90887614847523],[35.89264417506885,35.90848087037322],[35.89252594932819,35.90850167448385],[35.8923486107172,35.90848087037322],[35.8923486107172,35.90773192239047],[35.89228949784687,35.90737825250972],[35.892082602800706,35.90735744839909],[35.892082602800706,35.90708699496087],[35.8922599414117,35.90708699496087],[35.8923486107172,35.90708699496087],[35.8923486107172,35.90596357298674],[35.8922599414117,35.90596357298674],[35.892082602800706,35.90596357298674],[35.892082602800706,35.90579714010168],[35.892082602800706,35.90569311954852],[35.89190526418971,35.90569311954852],[35.89181659488421,35.90569311954852],[35.89181659488421,35.90542266611031],[35.889570305811624,35.905443470220945],[35.889570305811624,35.90513140856146],[35.889274741459964,35.90513140856146],[35.889274741459964,35.90490256334451],[35.889038289978636,35.90486095512325],[35.889038289978636,35.904299244136176],[35.889274741459964,35.904299244136176],[35.88930429789513,35.903758337259745],[35.889126959284134,35.903758337259745],[35.889038289978636,35.903758337259745],[35.889038289978636,35.9034670797109],[35.88874272562698,35.9034670797109],[35.88874272562698,35.903758337259745],[35.88868361275665,35.903758337259745],[35.88791514544234,35.903758337259745],[35.88791514544234,35.90350868793216],[35.887649137525855,35.9034670797109],[35.887649137525855,35.90111621520948],[35.88761958109069,35.90097058643505],[35.887353573174195,35.90097058643505],[35.887353573174195,35.900512896001146],[35.887353573174195,35.90040887544799],[35.88691022664671,35.90040887544799],[35.88679200090605,35.90040887544799],[35.88679200090605,35.90013842200977],[35.886525992989554,35.90013842200977],[35.88646688011922,35.899909576792815],[35.88679200090605,35.899909576792815],[35.88679200090605,35.8995767110227],[35.886525992989554,35.8995767110227],[35.886525992989554,35.89903580414627],[35.88679200090605,35.89903580414627],[35.88679200090605,35.89874454659743],[35.88702845238737,35.89874454659743],[35.88702845238737,35.89868213426553],[35.8870875652577,35.89847409315921],[35.887353573174195,35.89847409315921],[35.887353573174195,35.89782916572961],[35.88732401673903,35.897704341065825],[35.8870875652577,35.897641928733925],[35.8870875652577,35.8969137848618],[35.8870875652577,35.89680976430864],[35.88679200090605,35.89680976430864],[35.88679200090605,35.89514543545808],[35.886525992989554,35.89514543545808],[35.886525992989554,35.89491659024113],[35.88625998507307,35.89485417790923],[35.88628954150823,35.89235768463339],[35.88596442072141,35.89235768463339],[35.88596442072141,35.891587932540006],[35.88569841280491,35.891525520208106],[35.88569841280491,35.88979877902565],[35.88569841280491,35.88971556258312],[35.88566885636975,35.88959073791933],[35.88543240488843,35.88959073791933],[35.88543240488843,35.888820985825944],[35.88543240488843,35.8884673159452],[35.88531417914776,35.888488120055825],[35.88513684053677,35.8884673159452],[35.88513684053677,35.88792640906876],[35.88513684053677,35.88769756385181],[35.88487083262028,35.887635151519916],[35.88487083262028,35.88690700764779],[35.88481171974995,35.886823791205266],[35.88457526826862,35.88680298709463],[35.88457526826862,35.88640770899262],[35.88457526826862,35.886282884328836],[35.884309260352126,35.88624127610757],[35.884309260352126,35.8857419774524],[35.88404325243564,35.88570036923113],[35.88404325243564,35.88513865824407],[35.88404325243564,35.884868204805855],[35.883925026694975,35.884868204805855],[35.88374768808398,35.884868204805855],[35.88371813164881,35.88434810204005],[35.88348168016749,35.88430649381879],[35.88348168016749,35.88397362804868],[35.88348168016749,35.88374478283173],[35.883304341556496,35.88374478283173],[35.883215672251,35.88370317461046],[35.88318611581583,35.88347432939351],[35.88286099502901,35.88347432939351],[35.88286099502901,35.88287101018518],[35.882624543547685,35.88291261840644],[35.882624543547685,35.88110266078145],[35.882624543547685,35.88097783611766],[35.88235853563119,35.88097783611766],[35.88235853563119,35.88014567169238],[35.882092527714704,35.88014567169238],[35.882092527714704,35.8798960223648],[35.881796963363044,35.87985441414353],[35.881796963363044,35.87941752782026],[35.881708294057546,35.87933431137773],[35.88153095544655,35.8793135072671],[35.88153095544655,35.878751796280035],[35.8812353910949,35.878751796280035],[35.8812353910949,35.87764917841653],[35.8809693831784,35.87764917841653],[35.8809693831784,35.87671299343809],[35.88091027030807,35.876525756442405],[35.880703375261916,35.876525756442405],[35.880703375261916,35.87613047834039],[35.880644262391584,35.875984849565974],[35.880407810910256,35.87596404545534],[35.880407810910256,35.87523590158322],[35.880407810910256,35.87486142759184],[35.88031914160476,35.87488223170247],[35.88014180299377,35.87486142759184],[35.88014180299377,35.87454936593236],[35.88014180299377,35.87402926316656],[35.879875795077275,35.874091675498455],[35.87984623864211,35.87375880972834],[35.87966890003111,35.87375880972834],[35.879580230725615,35.87375880972834],[35.879580230725615,35.873592376843284],[35.87952111785528,35.87346755217949],[35.87931422280913,35.87346755217949],[35.87931422280913,35.87300986174559],[35.87928466637396,35.87292664530306],[35.87901865845747,35.87292664530306],[35.87901865845747,35.872635387754215],[35.87901865845747,35.872364934315996],[35.87887087628164,35.872364934315996],[35.87875265054098,35.872364934315996],[35.87875265054098,35.87196965621399],[35.878723094105816,35.871824027439565],[35.87845708618932,35.87180322332893],[35.87848664262449,35.87151196578008],[35.87819107827283,35.87153276989071],[35.87822063470799,35.870679801354804],[35.87792507035634,35.87070060546543],[35.87792507035634,35.87049256435911],[35.87762950600468,35.870409347916585],[35.87762950600468,35.870242915031525],[35.87762950600468,35.870138894478366],[35.87754083669918,35.870138894478366],[35.877363498088194,35.870138894478366],[35.877363498088194,35.870034873925206],[35.877363498088194,35.869868441040154],[35.877067933736534,35.869868441040154],[35.8770974901717,35.86903627661487],[35.87689059512554,35.86903627661487],[35.876831482255206,35.868994668393604],[35.87680192582004,35.86874501906602],[35.87635857929256,35.86874501906602],[35.87626990998706,35.86870341084476],[35.87624035355189,35.86847456562781],[35.87594478920024,35.86847456562781],[35.87570833771891,35.86847456562781],[35.87570833771891,35.86830813274275],[35.87564922484858,35.86822491630022],[35.87541277336725,35.86820411218959],[35.87541277336725,35.86791285464074],[35.875146765450765,35.86791285464074],[35.875146765450765,35.86768400942379],[35.874851201099105,35.867642401202524],[35.874851201099105,35.867371947764305],[35.87402362091447,35.867371947764305],[35.87402362091447,35.86708069021546],[35.87390539517381,35.867059886104826],[35.87375761299798,35.867059886104826],[35.87375761299798,35.86681023677724],[35.87346204864632,35.86687264910914],[35.87346204864632,35.866518979228395],[35.87328471003533,35.866518979228395],[35.873225597164996,35.86649817511776],[35.87319604072983,35.866248525790176],[35.87269358133201,35.86626932990081],[35.87263446846168,35.86597807235196],[35.87207289619353,35.86597807235196],[35.87207289619353,35.86568681480311],[35.87015172790776,35.86568681480311],[35.868201003186826,35.86568681480311],[35.868201003186826,35.865915660020065],[35.86749164874285,35.86597807235196],[35.867373423002185,35.86597807235196],[35.867373423002185,35.86568681480311],[35.86681185073404,35.86568681480311],[35.86681185073404,35.865915660020065],[35.866516286382385,35.86597807235196],[35.866516286382385,35.86626932990081],[35.86548181115158,35.86626932990081],[35.86542269828125,35.86597807235196],[35.864920238883435,35.86597807235196],[35.864920238883435,35.86547877369679],[35.8648611260131,35.86541636136489],[35.86459511809661,35.86541636136489],[35.86459511809661,35.86518751614794],[35.86450644879111,35.86516671203731],[35.86429955374496,35.86514590792668],[35.86429955374496,35.86468821749278],[35.86429955374496,35.86458419693961],[35.86418132800429,35.86458419693961],[35.86403354582846,35.86458419693961],[35.86403354582846,35.86443856816519],[35.86403354582846,35.8643137435014],[35.86388576365263,35.8643137435014],[35.86379709434714,35.8642513311695],[35.86373798147681,35.864022485952546],[35.86353108643065,35.864084898284446],[35.863471973560316,35.863481579076115],[35.86329463494932,35.863481579076115],[35.86320596564382,35.863481579076115],[35.86320596564382,35.86319032152727],[35.86291040129217,35.86319032152727],[35.86291040129217,35.86291986808905],[35.862644393375675,35.86291986808905],[35.862644393375675,35.86275343520399],[35.862644393375675,35.86264941465083],[35.862496611199845,35.86264941465083],[35.86234882902402,35.86264941465083],[35.86234882902402,35.86235815710199],[35.86205326467236,35.86237896121262],[35.86208282110753,35.86208770366377],[35.861875926061366,35.86208770366377],[35.861816813191034,35.86208770366377],[35.861816813191034,35.86179644611492],[35.86152124883938,35.86179644611492],[35.86152124883938,35.86150518856607],[35.86125524092289,35.861525992676704],[35.86125524092289,35.86140116801291],[35.86125524092289,35.861255539238485],[35.86107790231189,35.86127634334912],[35.860959676571234,35.86129714745975],[35.860959676571234,35.86096428168964],[35.86027987856242,35.86096428168964],[35.86013209638659,35.86096428168964],[35.86013209638659,35.860402570702576],[35.8598660884701,35.86042337481321],[35.8598660884701,35.860298550149416],[35.85980697559977,35.86017372548562],[35.859570524118446,35.86013211726436],[35.859570524118446,35.85988246793677],[35.85903850828546,35.85986166382614],[35.859068064720624,35.85957040627729],[35.858742943933805,35.859591210387926],[35.85877250036897,35.859258344617814],[35.85847693601731,35.85929995283907],[35.85847693601731,35.85913351995402],[35.85847693601731,35.85902949940086],[35.85832915384149,35.85902949940086],[35.858210928100824,35.85902949940086],[35.858210928100824,35.858925478847695],[35.858210928100824,35.85875904596264],[35.857915363749164,35.85875904596264],[35.857915363749164,35.85846778841379],[35.85711733999969,35.85853020074569],[35.85708778356452,35.85819733497558],[35.85626020337989,35.85819733497558],[35.85626020337989,35.85792688153736],[35.856082864768894,35.85792688153736],[35.85596463902823,35.85792688153736],[35.85596463902823,35.85778125276293],[35.85596463902823,35.857635623988514],[35.855846413287566,35.857635623988514],[35.855698631111736,35.857635623988514],[35.855698631111736,35.85748999521409],[35.855639518241404,35.85738597466093],[35.85540306676008,35.857365170550295],[35.85540306676008,35.85711552122271],[35.854930163797434,35.85711552122271],[35.8548710509271,35.85680345956323],[35.85430947865895,35.856865871895124],[35.85430947865895,35.85651220201438],[35.854013914307295,35.85653300612501],[35.854013914307295,35.856387377350586],[35.854013914307295,35.85624174857617],[35.8537479063908,35.85624174857617],[35.8537479063908,35.85597129513795],[35.85345234203915,35.85599209924858],[35.853481898474314,35.85570084169973],[35.85327500342815,35.85570084169973],[35.853186334122654,35.85570084169973],[35.853186334122654,35.855409584150884],[35.852861213335835,35.855409584150884],[35.85262476185451,35.855409584150884],[35.85262476185451,35.8551599348233],[35.85235875393801,35.855139130712665],[35.85235875393801,35.85484787316382],[35.852092746021526,35.85486867727445],[35.852092746021526,35.85468144027876],[35.85206318958636,35.854598223836234],[35.851797181669866,35.8545774197256],[35.85182673810503,35.85426535806612],[35.85123560940172,35.85430696628738],[35.85123560940172,35.854119729291696],[35.85123560940172,35.85403651284917],[35.850969601485225,35.85403651284917],[35.850969601485225,35.85374525530032],[35.85040802921708,35.85374525530032],[35.85040802921708,35.853474801862106],[35.850289803476414,35.853474801862106],[35.85014202130059,35.853474801862106],[35.85014202130059,35.85320434842389],[35.8497873440786,35.85320434842389],[35.84958044903244,35.85320434842389],[35.84958044903244,35.853037915538835],[35.84958044903244,35.85291309087504],[35.84931444111595,35.85291309087504],[35.84931444111595,35.85264263743682],[35.84887109458846,35.852663441547456],[35.848752868847804,35.852663441547456],[35.848752868847804,35.85235137988797],[35.84833907875548,35.85235137988797],[35.84819129657965,35.85235137988797],[35.84819129657965,35.85208092644976],[35.8476297243115,35.85208092644976],[35.8476297243115,35.851852081232806],[35.847363716395016,35.85181047301154],[35.847363716395016,35.85158162779459],[35.84727504708952,35.851560823683954],[35.84709770847852,35.851519215462694],[35.84709770847852,35.85122795791384],[35.84680214412686,35.851248762024476],[35.84680214412686,35.85097830858626],[35.846536136210375,35.85097830858626],[35.846536136210375,35.85083267981184],[35.846536136210375,35.85068705103741],[35.84597456394223,35.85072865925868],[35.84597456394223,35.85041659759919],[35.84485141940593,35.85041659759919],[35.84491053227626,35.850707855148045],[35.84428984713778,35.850707855148045],[35.844319403572946,35.85041659759919],[35.84130464718605,35.85047900993109],[35.84121597788055,35.85047900993109],[35.84124553431572,35.85014614416097],[35.84059529274207,35.85014614416097],[35.840506623436575,35.85014614416097],[35.84041795413108,35.85014614416097],[35.84041795413108,35.84985488661213],[35.83373819978363,35.84991729894402],[35.83373819978363,35.84958443317391],[35.833206183950644,35.84958443317391],[35.833206183950644,35.84985488661213],[35.83208303941435,35.84985488661213],[35.83208303941435,35.85014614416097],[35.83125545922971,35.85014614416097],[35.83125545922971,35.84985488661213],[35.83069388696156,35.84991729894402],[35.83069388696156,35.84958443317391],[35.83042787904507,35.84958443317391],[35.83042787904507,35.84991729894402],[35.82903872659229,35.84991729894402],[35.82903872659229,35.84958443317391],[35.82874316224063,35.84958443317391],[35.82874316224063,35.84985488661213],[35.82847715432413,35.84985488661213],[35.82847715432413,35.85016694827161],[35.82818158997248,35.85014614416097],[35.82821114640765,35.85041659759919],[35.82791558205599,35.85041659759919],[35.82791558205599,35.85068705103741],[35.8276495741395,35.85068705103741],[35.8276495741395,35.85097830858626],[35.82735400978784,35.85097830858626],[35.82735400978784,35.851415194909535],[35.82726534048234,35.851519215462694],[35.827088001871346,35.851519215462694],[35.82714711474168,35.85210173056039],[35.82679243751969,35.85208092644976],[35.82679243751969,35.85235137988797],[35.8265264296032,35.85235137988797],[35.8265264296032,35.85264263743682],[35.82626042168671,35.85264263743682],[35.82626042168671,35.85291309087504],[35.82596485733505,35.85291309087504],[35.82596485733505,35.85320434842389],[35.82569884941856,35.85320434842389],[35.82569884941856,35.853474801862106],[35.825403285066905,35.853474801862106],[35.825403285066905,35.85374525530032],[35.82513727715041,35.85374525530032],[35.82513727715041,35.85403651284917],[35.824280140530604,35.85403651284917],[35.824280140530604,35.85320434842389],[35.82401413261412,35.85320434842389],[35.82401413261412,35.85247620455176],[35.82401413261412,35.85235137988797],[35.823482116781136,35.85235137988797],[35.823482116781136,35.85208092644976],[35.823127439559144,35.85210173056039],[35.823186552429476,35.85181047301154],[35.82292054451298,35.85181047301154],[35.82292054451298,35.85214333878165],[35.82209296432835,35.85208092644976],[35.82209296432835,35.85228896755608],[35.82200429502285,35.85235137988797],[35.8215313920602,35.85235137988797],[35.82156094849536,35.852663441547456],[35.82147227918987,35.852663441547456],[35.82070381187556,35.85264263743682],[35.82070381187556,35.85291309087504],[35.81931465942277,35.85291309087504],[35.81931465942277,35.85264263743682],[35.817925506969985,35.85264263743682],[35.81786639409965,35.85291309087504],[35.817629942618325,35.85291309087504],[35.81757082974799,35.85320434842389],[35.81736393470184,35.85320434842389],[35.817304821831506,35.853474801862106],[35.81706837035018,35.853474801862106],[35.81703881391501,35.85374525530032],[35.816802362433684,35.85374525530032],[35.816772805998525,35.85403651284917],[35.8165363545172,35.85403651284917],[35.8165363545172,35.85430696628738],[35.81624079016554,35.85430696628738],[35.8162703466007,35.85491028549571],[35.81597478224905,35.85486867727445],[35.81597478224905,35.855139130712665],[35.81567921789739,35.855139130712665],[35.81567921789739,35.85570084169973],[35.8154132099809,35.85570084169973],[35.8154132099809,35.85597129513795],[35.81485163771275,35.85597129513795],[35.81485163771275,35.85607531569111],[35.814881194147915,35.85707391300144],[35.81458562979626,35.85707391300144],[35.81458562979626,35.857365170550295],[35.814024057528115,35.857365170550295],[35.814024057528115,35.857635623988514],[35.81366938030612,35.857635623988514],[35.81293046942698,35.857635623988514],[35.81293046942698,35.85748999521409],[35.81287135655665,35.857365170550295],[35.81263490507533,35.857365170550295],[35.81263490507533,35.85680345956323],[35.812368897158834,35.85680345956323],[35.812368897158834,35.85659541845691],[35.81154131697419,35.85653300612501],[35.81151176053903,35.85632496501869],[35.81124575262254,35.85624174857617],[35.81124575262254,35.85597129513795],[35.810152164521405,35.85597129513795],[35.810152164521405,35.85588807869542],[35.810152164521405,35.85570084169973],[35.80985660016975,35.85570084169973],[35.80985660016975,35.855409584150884],[35.808703899198285,35.85543038826152],[35.80876301206862,35.855139130712665],[35.80864478632795,35.855139130712665],[35.808467447716964,35.855139130712665],[35.808467447716964,35.853890884074744],[35.808467447716964,35.85374525530032],[35.80790587544882,35.85374525530032],[35.80790587544882,35.85403651284917],[35.80763986753232,35.85403651284917],[35.80763986753232,35.854182141623596],[35.80763986753232,35.85430696628738],[35.80713740813451,35.85430696628738],[35.807019182393844,35.8545774197256],[35.80681228734768,35.8545774197256],[35.80681228734768,35.85486867727445],[35.80651672299603,35.85486867727445],[35.80651672299603,35.855139130712665],[35.80589603785754,35.855139130712665],[35.805718699246555,35.855097522491405],[35.80568914281139,35.85486867727445],[35.80512757054324,35.85491028549571],[35.80512757054324,35.8545774197256],[35.80291083790581,35.8545774197256],[35.80291083790581,35.85486867727445],[35.80264482998932,35.85486867727445],[35.80264482998932,35.855139130712665],[35.80096011318488,35.855097522491405],[35.80096011318488,35.85486867727445],[35.800841887444214,35.85486867727445],[35.800694105268384,35.85486867727445],[35.800694105268384,35.85455661561497],[35.800694105268384,35.85403651284917],[35.80042809735189,35.85403651284917],[35.80042809735189,35.85374525530032],[35.8002507587409,35.85374525530032],[35.80013253300024,35.85374525530032],[35.80013253300024,35.853578822415265],[35.80013253300024,35.853474801862106],[35.79986652508374,35.853474801862106],[35.799925637954075,35.85210173056039],[35.80013253300024,35.85208092644976],[35.80013253300024,35.85193529767533],[35.80013253300024,35.85181047301154],[35.80030987161123,35.85181047301154],[35.800368984481565,35.85176886479027],[35.80042809735189,35.851519215462694],[35.802053701286006,35.851519215462694],[35.80208325772117,35.851248762024476],[35.802408378508,35.85126956613511],[35.802349265637666,35.85068705103741],[35.802674386424485,35.85068705103741],[35.80276305572998,35.85068705103741],[35.80291083790581,35.85066624692678],[35.80291083790581,35.85041659759919],[35.803738418090454,35.85041659759919],[35.803738418090454,35.85014614416097],[35.80477289332125,35.85014614416097],[35.80486156262675,35.850104535939714],[35.80486156262675,35.84985488661213],[35.80551180420039,35.84985488661213],[35.806250715079535,35.84985488661213],[35.806250715079535,35.84958443317391],[35.80651672299603,35.84958443317391],[35.80651672299603,35.84948041262075],[35.80651672299603,35.8493139797357],[35.80876301206862,35.8493139797357],[35.80876301206862,35.849022722186845],[35.8104181724379,35.849022722186845],[35.81124575262254,35.849022722186845],[35.81124575262254,35.848877093412426],[35.81124575262254,35.84875226874863],[35.81142309123353,35.84875226874863],[35.81154131697419,35.84875226874863],[35.81154131697419,35.848648248195474],[35.81154131697419,35.848481815310414],[35.81171865558519,35.84850261942105],[35.81180732489069,35.848481815310414],[35.81180732489069,35.8476288467745],[35.81154131697419,35.847608042663865],[35.81154131697419,35.847358393336286],[35.81124575262254,35.847358393336286],[35.81124575262254,35.84708793989807],[35.810920631835714,35.8471087440087],[35.810979744706046,35.84679668234922],[35.810684180354386,35.84679668234922],[35.810684180354386,35.846526228911],[35.810152164521405,35.846526228911],[35.810152164521405,35.846255775472784],[35.81003393878074,35.846255775472784],[35.80985660016975,35.846255775472784],[35.80988615660492,35.84596451792394],[35.80959059225326,35.84596451792394],[35.80959059225326,35.84486190006044],[35.80988615660492,35.8449035082817],[35.80985660016975,35.844591446622225],[35.809767930864254,35.844591446622225],[35.80959059225326,35.844591446622225],[35.80959059225326,35.843925715081994],[35.809531479382926,35.84375928219694],[35.8092950279016,35.84375928219694],[35.8092950279016,35.84346802464809],[35.80902901998511,35.84346802464809],[35.80902901998511,35.84111716014667],[35.808999463549945,35.84097153137225],[35.80876301206862,35.84097153137225],[35.80876301206862,35.840035346393805],[35.808703899198285,35.83991052173001],[35.808467447716964,35.83986891350875],[35.808467447716964,35.83955685184927],[35.808467447716964,35.83930720252168],[35.80829010910597,35.83930720252168],[35.80820143980047,35.83930720252168],[35.80820143980047,35.83920318196852],[35.80820143980047,35.83903674908347],[35.808024101189474,35.83903674908347],[35.80796498831914,35.83897433675157],[35.80790587544882,35.83874549153462],[35.80763986753232,35.83874549153462],[35.80766942396749,35.83789252299871],[35.80737385961583,35.837913327109334],[35.80737385961583,35.8373724202329],[35.807078295264176,35.83735161612227],[35.807078295264176,35.83708116268406],[35.80681228734768,35.83708116268406],[35.80681228734768,35.83595774070992],[35.80681228734768,35.83568728727171],[35.80669406160702,35.83568728727171],[35.80651672299603,35.83568728727171],[35.80651672299603,35.83541683383349],[35.806871400218014,35.83545844205476],[35.80681228734768,35.83514638039527],[35.807078295264176,35.83508396806338],[35.807078295264176,35.83485512284643],[35.80876301206862,35.83485512284643],[35.80876301206862,35.83514638039527],[35.80908813285544,35.83514638039527],[35.8092950279016,35.83508396806338],[35.8092950279016,35.83485512284643],[35.80988615660492,35.834896731067694],[35.80985660016975,35.83458466940821],[35.8105068417434,35.83458466940821],[35.810684180354386,35.83458466940821],[35.810684180354386,35.83448064885505],[35.810684180354386,35.83431421597],[35.810979744706046,35.83431421597],[35.81124575262254,35.83431421597],[35.81124575262254,35.834126978974304],[35.81130486549287,35.83406456664241],[35.81154131697419,35.834022958421144],[35.81154131697419,35.8337317008723],[35.81154131697419,35.83348205154471],[35.81171865558519,35.83350285565535],[35.81180732489069,35.83348205154471],[35.81180732489069,35.83294114466828],[35.81180732489069,35.8315264651453],[35.812073332807174,35.8315264651453],[35.812073332807174,35.8304238472818],[35.812368897158834,35.8304238472818],[35.812368897158834,35.830132589732955],[35.81369893674129,35.830132589732955],[35.814024057528115,35.83009098151169],[35.814024057528115,35.829862136294736],[35.814881194147915,35.829903744516],[35.81485163771275,35.829591682856524],[35.8154132099809,35.829591682856524],[35.8154132099809,35.82930042530767],[35.81597478224905,35.829321229418305],[35.81597478224905,35.82902997186945],[35.81638857234137,35.82902997186945],[35.8165363545172,35.82902997186945],[35.8165363545172,35.82892595131629],[35.8165363545172,35.82875951843124],[35.8184279663678,35.82875951843124],[35.81931465942277,35.82875951843124],[35.81931465942277,35.82867630198871],[35.81931465942277,35.82846826088239],[35.81952155446893,35.82846826088239],[35.81958066733926,35.82819780744418],[35.819758005950256,35.82819780744418],[35.81987623169092,35.82819780744418],[35.81987623169092,35.82798976633785],[35.81987623169092,35.82707438547004],[35.820142239607414,35.82707438547004],[35.820142239607414,35.82680393203183],[35.82046736039423,35.82684554025309],[35.8204082475239,35.82653347859361],[35.82064469900523,35.82653347859361],[35.82070381187556,35.82541005661948],[35.82096981979205,35.825430860730116],[35.82096981979205,35.82513960318126],[35.82123582770854,35.82507719084937],[35.82126538414371,35.82403698531777],[35.8214427227547,35.82409939764966],[35.8215313920602,35.82181094548014],[35.82170873067119,35.82181094548014],[35.82179739997669,35.82181094548014],[35.82179739997669,35.821519687931286],[35.82170873067119,35.821519687931286],[35.8215313920602,35.821519687931286],[35.8215313920602,35.81958490564251],[35.82176784354152,35.81958490564251],[35.82179739997669,35.818752741217224],[35.82206340789318,35.818752741217224],[35.82209296432835,35.81819103023016],[35.82179739997669,35.81819103023016],[35.82179739997669,35.81792057679195],[35.82209296432835,35.81792057679195],[35.82209296432835,35.8175044945793],[35.82209296432835,35.817358865804884],[35.822654536596495,35.81737966991551],[35.82262498016133,35.817088412366665],[35.82286143164266,35.817088412366665],[35.82286143164266,35.816277052052016],[35.82262498016133,35.81625624794138],[35.82262498016133,35.81602740272443],[35.82262498016133,35.81569453695432],[35.82232941580967,35.815673732843685],[35.822358972244835,35.8154240835161],[35.822181633633846,35.8154240835161],[35.82209296432835,35.8154240835161],[35.82209296432835,35.81521604240978],[35.82209296432835,35.814862372529035],[35.821886069282186,35.814862372529035],[35.82179739997669,35.814862372529035],[35.82179739997669,35.814591919090816],[35.8215313920602,35.814591919090816],[35.8215313920602,35.81430066154197],[35.82096981979205,35.81430066154197],[35.82096981979205,35.81403020810375],[35.820674255440395,35.81409262043565],[35.82070381187556,35.813302064231635],[35.82070381187556,35.813198043678476],[35.8204082475239,35.813198043678476],[35.8204082475239,35.81236587925319],[35.820674255440395,35.81236587925319],[35.82070381187556,35.81207462170434],[35.82129494057887,35.81207462170434],[35.82126538414371,35.81180416826613],[35.821738287106356,35.81180416826613],[35.82179739997669,35.81153371482791],[35.82215207719868,35.81153371482791],[35.822358972244835,35.81153371482791],[35.822358972244835,35.81138808605348],[35.822358972244835,35.811242457279064],[35.822506754420665,35.811284065500324],[35.82262498016133,35.811242457279064],[35.82262498016133,35.811076024394005],[35.82262498016133,35.81070155040263],[35.82286143164266,35.81072235451326],[35.82292054451298,35.81041029285378],[35.823482116781136,35.810431096964415],[35.823482116781136,35.81013983941556],[35.82374812469762,35.81013983941556],[35.82374812469762,35.80986938597734],[35.82404368904928,35.80986938597734],[35.82401413261412,35.8095781284285],[35.824250584095445,35.809557324317865],[35.82430969696577,35.80930767499028],[35.82490082566909,35.80932847910091],[35.824871269233924,35.80903722155207],[35.825403285066905,35.80903722155207],[35.825403285066905,35.808745964003215],[35.82596485733505,35.808745964003215],[35.82596485733505,35.808475510565],[35.82626042168671,35.808475510565],[35.82626042168671,35.80818425301615],[35.826408203862535,35.80818425301615],[35.8265264296032,35.80818425301615],[35.82646731673287,35.80791379957793],[35.827088001871346,35.80791379957793],[35.827088001871346,35.80764334613972],[35.827708687009824,35.80768495436098],[35.8276495741395,35.807081635152656],[35.82788602562082,35.807123243373915],[35.82788602562082,35.806519924165585],[35.8276495741395,35.806519924165585],[35.8276495741395,35.805979017289154],[35.82735400978784,35.805979017289154],[35.82735400978784,35.80568775974031],[35.827708687009824,35.80568775974031],[35.827708687009824,35.80510524464261],[35.82818158997248,35.80510524464261],[35.82818158997248,35.804855595315026],[35.829600298860434,35.804897203536285],[35.82957074242527,35.804314688438595],[35.82957074242527,35.80408584322164],[35.829304734508774,35.80402343088974],[35.829304734508774,35.80375297745152],[35.82903872659229,35.80375297745152],[35.82903872659229,35.80342011168141],[35.82903872659229,35.80319126646446],[35.82892050085162,35.80319126646446],[35.82874316224063,35.80319126646446],[35.82874316224063,35.802088648600964],[35.82892050085162,35.802088648600964],[35.82903872659229,35.802088648600964],[35.82903872659229,35.801984628047805],[35.82903872659229,35.80179739105211],[35.82927517807361,35.80175578283085],[35.829304734508774,35.8015269376139],[35.829511629554936,35.8015269376139],[35.82957074242527,35.80125648417568],[35.83042787904507,35.80125648417568],[35.83042787904507,35.800965226626836],[35.83098945131322,35.80098603073746],[35.830959894878056,35.80069477318862],[35.831285015664875,35.80069477318862],[35.8315214671462,35.80069477318862],[35.8315214671462,35.800465927971665],[35.8315214671462,35.80013306220155],[35.83125545922971,35.80013306220155],[35.83125545922971,35.799592155325115],[35.83146235427587,35.799592155325115],[35.8315214671462,35.79707485793864],[35.831285015664875,35.797116466159906],[35.83125545922971,35.79680440450043],[35.83107812061872,35.79680440450043],[35.830959894878056,35.79680440450043],[35.830959894878056,35.796658775726],[35.83087122557256,35.79655475517284],[35.83069388696156,35.79653395106221],[35.83069388696156,35.79551454964124],[35.83069388696156,35.79541052908808],[35.83054610478573,35.79541052908808],[35.830132314693415,35.79541052908808],[35.83007320182308,35.79514007564986],[35.82986630677692,35.79514007564986],[35.82986630677692,35.79486962221164],[35.82957074242527,35.79486962221164],[35.82957074242527,35.79403745778637],[35.82992541964725,35.79405826189699],[35.82986630677692,35.793746200237514],[35.83001408895275,35.793746200237514],[35.830132314693415,35.793746200237514],[35.83007320182308,35.79351735502056],[35.831817031497856,35.79351735502056],[35.831817031497856,35.79318448925045],[35.832201265155014,35.79318448925045],[35.832349047330844,35.79318448925045],[35.832349047330844,35.79305966458666],[35.832349047330844,35.79291403581223],[35.8326446116825,35.792934839922864],[35.8326446116825,35.79264358237402],[35.83291061959899,35.79264358237402],[35.83291061959899,35.79235232482517],[35.833206183950644,35.79235232482517],[35.833206183950644,35.792081871386955],[35.833501748302304,35.792123479608215],[35.83347219186714,35.79097925352345],[35.83373819978363,35.79097925352345],[35.83373819978363,35.79041754253639],[35.83397465126495,35.79041754253639],[35.834033764135285,35.79014708909817],[35.83415198987595,35.79014708909817],[35.83429977205178,35.79014708909817],[35.83429977205178,35.78991824388122],[35.83542291658807,35.789855831549325],[35.83542291658807,35.789689398664265],[35.83542291658807,35.789585378111106],[35.8356593680694,35.789543769889846],[35.835688924504566,35.789314924672894],[35.835866263115555,35.789314924672894],[35.83598448885622,35.789314924672894],[35.83598448885622,35.78900286301341],[35.83598448885622,35.78792104926055],[35.836309609643045,35.78790024514991],[35.83625049677271,35.787359338273475],[35.836457391818875,35.787359338273475],[35.83651650468921,35.78708888483526],[35.83687118191119,35.78708888483526],[35.837078076957354,35.78708888483526],[35.837078076957354,35.78694325606084],[35.83710763339252,35.786818431397045],[35.83737364130901,35.78679762728641],[35.83737364130901,35.78625672040998],[35.83728497200351,35.78625672040998],[35.837078076957354,35.78625672040998],[35.837078076957354,35.78527892721027],[35.837078076957354,35.78513329843585],[35.8376396492255,35.78511249432522],[35.8376396492255,35.78486284499763],[35.838082995752984,35.78486284499763],[35.83817166505848,35.78482123677637],[35.83820122149365,35.784592391559414],[35.83831944723431,35.784592391559414],[35.83846722941014,35.784592391559414],[35.83846722941014,35.7826992174919],[35.83849678584531,35.78236635172179],[35.83820122149365,35.78236635172179],[35.83820122149365,35.781242929747656],[35.83846722941014,35.781242929747656],[35.83846722941014,35.780972476309444],[35.838762793761795,35.780972476309444],[35.838762793761795,35.780702022871225],[35.839294809594776,35.780702022871225],[35.839294809594776,35.78041076532238],[35.83991549473326,35.78041076532238],[35.83991549473326,35.779287343348244],[35.839590373946436,35.77930814745888],[35.839590373946436,35.778475983033594],[35.83991549473326,35.77849678714423],[35.83985638186293,35.77764381860832],[35.84009283334425,35.77764381860832],[35.84015194621458,35.776811654183035],[35.84041795413108,35.776811654183035],[35.84041795413108,35.77652039663418],[35.840683962047564,35.77652039663418],[35.840683962047564,35.77624994319597],[35.840890857093726,35.77624994319597],[35.840979526399224,35.77624994319597],[35.840979526399224,35.77568823220891],[35.840890857093726,35.77568823220891],[35.840683962047564,35.77568823220891],[35.840683962047564,35.775459386991955],[35.84041795413108,35.77541777877069],[35.84041795413108,35.775084913000576],[35.84041795413108,35.774856067783624],[35.84027017195525,35.77489767600488],[35.84015194621458,35.774856067783624],[35.84015194621458,35.77446078968161],[35.84015194621458,35.77375344992012],[35.83985638186293,35.77375344992012],[35.83985638186293,35.77346219237128],[35.83956081751127,35.773503800592536],[35.839590373946436,35.77319173893306],[35.839294809594776,35.77319173893306],[35.839294809594776,35.772359574507774],[35.83902880167829,35.772359574507774],[35.83902880167829,35.7715274100825],[35.839294809594776,35.7715274100825],[35.839294809594776,35.77125695664428],[35.839531261076104,35.77125695664428],[35.839590373946436,35.76986308123193],[35.83991549473326,35.7699046894532],[35.83985638186293,35.76930137024487],[35.84009283334425,35.76930137024487],[35.84015194621458,35.768739659257804],[35.84024061552008,35.768739659257804],[35.84041795413108,35.768739659257804],[35.84041795413108,35.7676370413943],[35.84027017195525,35.7676370413943],[35.84015194621458,35.7676370413943],[35.84015194621458,35.76653442353081],[35.84027017195525,35.76653442353081],[35.84041795413108,35.76653442353081],[35.84041795413108,35.76514054811846],[35.84027017195525,35.76514054811846],[35.84015194621458,35.76514054811846],[35.84015194621458,35.764578837131396],[35.84041795413108,35.764578837131396],[35.84041795413108,35.76430838369318],[35.840683962047564,35.76430838369318],[35.840683962047564,35.76401712614433],[35.840979526399224,35.76401712614433],[35.840979526399224,35.76374667270611],[35.841275090750884,35.763767476816746],[35.84124553431572,35.76318496171905],[35.841511542232205,35.76318496171905],[35.841511542232205,35.76291450828083],[35.841807106583865,35.76291450828083],[35.841807106583865,35.76264405484262],[35.84198444519486,35.76264405484262],[35.84207311450035,35.76264405484262],[35.84207311450035,35.76239440551503],[35.84293025112016,35.76233199318313],[35.84293025112016,35.762082343855546],[35.84319625903665,35.762082343855546],[35.84319625903665,35.76152063286848],[35.843491823388305,35.76147902464722],[35.84346226695314,35.75792152172914],[35.84369871843447,35.75792152172914],[35.8437578313048,35.75679809975501],[35.843935169915795,35.75679809975501],[35.84402383922129,35.75679809975501],[35.84402383922129,35.75667327509122],[35.84402383922129,35.75625719287858],[35.84428984713778,35.75627799698921],[35.844319403572946,35.75513377090445],[35.84449674218394,35.75513377090445],[35.84458541148944,35.75513377090445],[35.84458541148944,35.754884121576865],[35.84458541148944,35.75403115304095],[35.84491053227626,35.75409356537285],[35.84485141940593,35.753198988615665],[35.84511742732242,35.753198988615665],[35.84514698375759,35.75180511320332],[35.845412991674074,35.75180511320332],[35.845412991674074,35.75070249533982],[35.845708556025734,35.75068169122919],[35.84567899959057,35.75041123779097],[35.845412991674074,35.75041123779097],[35.845412991674074,35.74847645550219],[35.84514698375759,35.74847645550219],[35.84514698375759,35.74764429107691],[35.845412991674074,35.74764429107691],[35.845472104544406,35.74548066357118],[35.845472104544406,35.74539744712865],[35.84514698375759,35.745418251239286],[35.84514698375759,35.74477332380969],[35.84514698375759,35.74469010736716],[35.84511742732242,35.744586086814],[35.84485141940593,35.744586086814],[35.84491053227626,35.74292175796344],[35.84458541148944,35.74292175796344],[35.84458541148944,35.74231843875511],[35.84458541148944,35.74208959353816],[35.84449674218394,35.74213120175942],[35.844319403572946,35.74208959353816],[35.844319403572946,35.741839944210575],[35.844319403572946,35.74152788255109],[35.844112508526784,35.74152788255109],[35.84402383922129,35.74152788255109],[35.84402383922129,35.74138225377667],[35.84402383922129,35.74125742911288],[35.843935169915795,35.74125742911288],[35.8437578313048,35.74125742911288],[35.8437578313048,35.74098697567466],[35.84346226695314,35.740966171564025],[35.84346226695314,35.7408829551215],[35.84346226695314,35.740695718125814],[35.84192533232453,35.740695718125814],[35.841807106583865,35.74067491401518],[35.841807106583865,35.740425264687595],[35.839531261076104,35.740425264687595],[35.838762793761795,35.740425264687595],[35.838762793761795,35.740321244134435],[35.838762793761795,35.74013400713875],[35.83817166505848,35.74019641947064],[35.83820122149365,35.73986355370053],[35.83737364130901,35.73986355370053],[35.83737364130901,35.73957229615168],[35.836457391818875,35.73957229615168],[35.83625049677271,35.73957229615168],[35.83625049677271,35.739509883819785],[35.83625049677271,35.739301842713466],[35.83598448885622,35.739301842713466],[35.835688924504566,35.739301842713466],[35.835688924504566,35.739072997496514],[35.83542291658807,35.73903138927525],[35.83542291658807,35.73894817283272],[35.83542291658807,35.7387401317264],[35.83512735223642,35.738802544058295],[35.83512735223642,35.73846967828818],[35.8346248928386,35.73842807006692],[35.83459533640343,35.738199224849964],[35.834329328486945,35.738095204296805],[35.834329328486945,35.73790796730112],[35.834033764135285,35.73790796730112],[35.834033764135285,35.73680534943762],[35.83429977205178,35.73686776176952],[35.83429977205178,35.736534895999405],[35.83441799779244,35.736534895999405],[35.83459533640343,35.736534895999405],[35.83459533640343,35.73597318501234],[35.83427021561661,35.73599398912297],[35.83429977205178,35.73570273157412],[35.83409287700562,35.73570273157412],[35.834033764135285,35.73570273157412],[35.834033764135285,35.73541147402527],[35.833649530478134,35.73541147402527],[35.83347219186714,35.73541147402527],[35.83347219186714,35.735286649361484],[35.83347219186714,35.73514102058706],[35.83332440969131,35.73514102058706],[35.833206183950644,35.73514102058706],[35.833206183950644,35.73493297948074],[35.83291061959899,35.734849763038206],[35.83291061959899,35.73181236288593],[35.83311751464515,35.731874775217825],[35.83317662751548,35.7317915587753],[35.833206183950644,35.73098019846065],[35.833501748302304,35.73098019846065],[35.833501748302304,35.72852531340607],[35.833206183950644,35.7284837051848],[35.833206183950644,35.727651540759524],[35.833206183950644,35.727485107874465],[35.83317662751548,35.72736028321067],[35.83291061959899,35.72736028321067],[35.83291061959899,35.72625766534718],[35.83311751464515,35.72632007767907],[35.83311751464515,35.72571675847074],[35.83291061959899,35.72569595436011],[35.83291061959899,35.72448931594345],[35.832881063163825,35.724302078947765],[35.8326446116825,35.724302078947765],[35.8326446116825,35.722284080216454],[35.8326446116825,35.72124387468485],[35.83252638594183,35.72130628701675],[35.832349047330844,35.72124387468485],[35.832349047330844,35.72078618425095],[35.832349047330844,35.72041171025957],[35.83217170871985,35.72041171025957],[35.83208303941435,35.72041171025957],[35.83208303941435,35.72030768970641],[35.83208303941435,35.719849999272505],[35.831817031497856,35.719849999272505],[35.831817031497856,35.71957954583429],[35.83166924932203,35.71957954583429],[35.8315214671462,35.71957954583429],[35.8315214671462,35.71876818551964],[35.83149191071104,35.718497732081424],[35.83125545922971,35.71847692797079],[35.83125545922971,35.71826888686447],[35.83125545922971,35.71791521698373],[35.83093033844289,35.71789441287309],[35.830959894878056,35.71764476354551],[35.83084166913739,35.71764476354551],[35.83069388696156,35.71764476354551],[35.83069388696156,35.71712466077971],[35.83042787904507,35.71708305255844],[35.83036876617474,35.71573078536736],[35.830132314693415,35.715689177146096],[35.830132314693415,35.71539791959725],[35.830132314693415,35.71512746615903],[35.82989586321209,35.715085857937765],[35.82986630677692,35.71485701272081],[35.82892050085162,35.71485701272081],[35.82874316224063,35.71485701272081],[35.82874316224063,35.71477379627829],[35.82874316224063,35.7145865592826],[35.82832937214831,35.7145865592826],[35.82821114640765,35.7145241469507],[35.82818158997248,35.71431610584438],[35.82788602562082,35.714336909955016],[35.82791558205599,35.71402484829554],[35.82735400978784,35.71402484829554],[35.82735400978784,35.71375439485732],[35.827088001871346,35.71375439485732],[35.827088001871346,35.71346313730847],[35.82682199395486,35.71346313730847],[35.8265264296032,35.71346313730847],[35.826555986038365,35.71317187975962],[35.82626042168671,35.713192683870254],[35.82626042168671,35.71306785920646],[35.82626042168671,35.712922230432035],[35.822033851458016,35.712922230432035],[35.82126538414371,35.712922230432035],[35.82126538414371,35.71263097288319],[35.82085159405139,35.71263097288319],[35.82070381187556,35.71263097288319],[35.82070381187556,35.71252695233003],[35.82070381187556,35.71236051944497],[35.820142239607414,35.71236051944497],[35.81987623169092,35.71236051944497],[35.81987623169092,35.712277303002445],[35.81987623169092,35.71209006600675],[35.81928510298761,35.71209006600675],[35.81931465942277,35.71179880845791],[35.81863486141396,35.71179880845791],[35.81848707923813,35.711736396126014],[35.81848707923813,35.71152835501969],[35.81819151488647,35.71152835501969],[35.817925506969985,35.71152835501969],[35.817925506969985,35.711341118024],[35.817925506969985,35.711257901581476],[35.817629942618325,35.711257901581476],[35.817629942618325,35.710966644032624],[35.81721615252601,35.710966644032624],[35.817097926785344,35.710966644032624],[35.817097926785344,35.7108834275901],[35.81706837035018,35.71069619059441],[35.816802362433684,35.71069619059441],[35.816802362433684,35.71040493304556],[35.816477241646865,35.71046734537745],[35.8165363545172,35.71013447960734],[35.81597478224905,35.71013447960734],[35.81597478224905,35.70986402616913],[35.81567921789739,35.70990563439039],[35.81567921789739,35.709031861743846],[35.81591566937872,35.70899025352258],[35.81597478224905,35.708927841190686],[35.815945225813884,35.70876140830563],[35.81567921789739,35.70876140830563],[35.81567921789739,35.707783615105924],[35.81567921789739,35.70770039866339],[35.8165363545172,35.7076379863315],[35.8165363545172,35.70734672878265],[35.816802362433684,35.70736753289328],[35.816802362433684,35.706805821906215],[35.81650679808203,35.706805821906215],[35.8165363545172,35.70624411091915],[35.8162703466007,35.70630652325105],[35.81624079016554,35.70597365748093],[35.81612256442487,35.70597365748093],[35.81597478224905,35.70597365748093],[35.81597478224905,35.70561998760019],[35.81597478224905,35.7054951629364],[35.81597478224905,35.70541194649387],[35.81582700007322,35.70541194649387],[35.81567921789739,35.70541194649387],[35.81567921789739,35.70532873005134],[35.81567921789739,35.705141493055656],[35.8154132099809,35.705141493055656],[35.8154132099809,35.70487103961744],[35.81514720206441,35.70487103961744],[35.81514720206441,35.70457978206859],[35.81366938030612,35.70457978206859],[35.81346248525996,35.70457978206859],[35.81346248525996,35.70430932863037],[35.813196477343475,35.70430932863037],[35.813196477343475,35.704038875192154],[35.81263490507533,35.704038875192154],[35.81269401794565,35.70428852451974],[35.812073332807174,35.70430932863037],[35.812073332807174,35.70457978206859],[35.81124575262254,35.70457978206859],[35.81124575262254,35.70430932863037],[35.81115708331704,35.70430932863037],[35.810979744706046,35.70430932863037],[35.810979744706046,35.703830834085835],[35.81095018827088,35.70376842175394],[35.810684180354386,35.70374761764331],[35.810684180354386,35.703560380647616],[35.810684180354386,35.70347716420509],[35.8104181724379,35.70347716420509],[35.8104181724379,35.703185906656245],[35.80997482591041,35.703185906656245],[35.80988615660492,35.703123494324345],[35.80985660016975,35.702915453218026],[35.80959059225326,35.702915453218026],[35.80959059225326,35.70264499977981],[35.808230996235636,35.70262419566917],[35.80820143980047,35.70254097922665],[35.80820143980047,35.70235374223096],[35.808083214059806,35.70235374223096],[35.80790587544882,35.70235374223096],[35.807935431883976,35.70208328879274],[35.80763986753232,35.70208328879274],[35.80763986753232,35.70181283535453],[35.80737385961583,35.70181283535453],[35.80737385961583,35.70152157780568],[35.80763986753232,35.70152157780568],[35.80763986753232,35.701292732588726],[35.80763986753232,35.70098067092925],[35.80713740813451,35.70091825859735],[35.807078295264176,35.700689413380395],[35.806250715079535,35.700689413380395],[35.806250715079535,35.70098067092925],[35.80598470716304,35.70098067092925],[35.80598470716304,35.70083504215482],[35.80598470716304,35.700689413380395],[35.80548224776523,35.700689413380395],[35.80536402202456,35.70043976405281],[35.80512757054324,35.70041895994218],[35.80512757054324,35.70012770239333],[35.80539357845973,35.70012770239333],[35.805423134894895,35.6995867955169],[35.80568914281139,35.6995867955169],[35.80568914281139,35.69931634207868],[35.80592559429271,35.69931634207868],[35.80598470716304,35.699025084529836],[35.806102932903705,35.69908749686173],[35.806250715079535,35.699025084529836],[35.806250715079535,35.698026487219494],[35.8062802715147,35.697880858445075],[35.80598470716304,35.697922466666334],[35.80598470716304,35.69742316801117],[35.80568914281139,35.69736075567927],[35.80568914281139,35.69709030224105],[35.80601426359821,35.69709030224105],[35.80598470716304,35.69652859125399],[35.806250715079535,35.69652859125399],[35.806250715079535,35.696258137815775],[35.80651672299603,35.696258137815775],[35.80651672299603,35.695696426828704],[35.806250715079535,35.695696426828704],[35.806250715079535,35.69540516927986],[35.805423134894895,35.69540516927986],[35.80512757054324,35.69540516927986],[35.80512757054324,35.69532195283733],[35.80512757054324,35.69513471584164],[35.80486156262675,35.69513471584164],[35.80486156262675,35.69486426240343],[35.80450688540476,35.69486426240343],[35.8042999903586,35.69486426240343],[35.8042999903586,35.69469782951837],[35.8042999903586,35.69459380896521],[35.80415220818277,35.69459380896521],[35.80406353887727,35.694531396633316],[35.80403398244211,35.694302551416364],[35.803738418090454,35.694302551416364],[35.803738418090454,35.694032097978145],[35.803590635914624,35.694032097978145],[35.80347241017396,35.694032097978145],[35.80347241017396,35.69380325276119],[35.80347241017396,35.69347038699108],[35.803295071562964,35.693491191101714],[35.803206402257466,35.69319993355286],[35.802969950776145,35.693158325331595],[35.80291083790581,35.692908676004016],[35.80211281415634,35.69286706778275],[35.80208325772117,35.6926382225658],[35.80134434684203,35.69265902667643],[35.80125567753653,35.69265902667643],[35.80125567753653,35.69236776912758],[35.800368984481565,35.69238857323821],[35.80042809735189,35.69207651157873],[35.80010297656507,35.69207651157873],[35.800073420129905,35.691806058140514],[35.79986652508374,35.691806058140514],[35.799925637954075,35.690682636166386],[35.79957096073209,35.690682636166386],[35.79957096073209,35.689871275851736],[35.79986652508374,35.689871275851736],[35.79986652508374,35.68958001830289],[35.80013253300024,35.68958001830289],[35.80013253300024,35.68930956486467],[35.80048721022222,35.689267956643405],[35.80042809735189,35.68768684423537],[35.80013253300024,35.687645236014106],[35.80013253300024,35.68681307158882],[35.79986652508374,35.68681307158882],[35.79986652508374,35.686667442814404],[35.79986652508374,35.68652181403998],[35.79906850133427,35.68652181403998],[35.79903894489911,35.68625136060176],[35.79874338054745,35.68625136060176],[35.79874338054745,35.68637618526555],[35.79874338054745,35.68652181403998],[35.798477372630956,35.68652181403998],[35.798477372630956,35.68625136060176],[35.7981818082793,35.68625136060176],[35.7981818082793,35.685689649614694],[35.79853648550129,35.68573125783596],[35.79853648550129,35.68512793862763],[35.79791580036281,35.68512793862763],[35.79791580036281,35.68485748518941],[35.79735422809466,35.68485748518941],[35.79735422809466,35.6851695468489],[35.796260639993534,35.685148742738264],[35.796260639993534,35.68529437151269],[35.796260639993534,35.68541919617648],[35.795965075641874,35.68541919617648],[35.795965075641874,35.68527356740206],[35.795965075641874,35.685148742738264],[35.79469414892975,35.685148742738264],[35.794575923189086,35.68512793862763],[35.794575923189086,35.68485748518941],[35.79445769744842,35.68485748518941],[35.79430991527259,35.68485748518941],[35.79430991527259,35.68408773309603],[35.794043907356105,35.684025320764135],[35.79407346379127,35.68327637278138],[35.79410302022644,35.68317235222822],[35.793748343004445,35.68319315633885],[35.793748343004445,35.68263144535179],[35.7931867707363,35.68263144535179],[35.7931867707363,35.682506620687995],[35.7931867707363,35.68236099191357],[35.791531610367024,35.68236099191357],[35.79150205393186,35.68267305357305],[35.79070403018238,35.68267305357305],[35.79070403018238,35.68319315633885],[35.79040846583072,35.68319315633885],[35.79040846583072,35.683754867325916],[35.78937399059993,35.683754867325916],[35.7891375391186,35.683754867325916],[35.789019313377935,35.68373406321528],[35.789019313377935,35.683463609777064],[35.787718830230645,35.683463609777064],[35.78763016092515,35.683463609777064],[35.78763016092515,35.68329717689201],[35.78763016092515,35.68292270290063],[35.78748237874932,35.68292270290063],[35.78736415300866,35.68292270290063],[35.78736415300866,35.68279787823684],[35.78736415300866,35.68263144535179],[35.78721637083283,35.68263144535179],[35.786802580740506,35.68263144535179],[35.786802580740506,35.682298579581676],[35.78653657282402,35.68236099191357],[35.78653657282402,35.68227777547104],[35.78653657282402,35.68209053847535],[35.785265646111895,35.68213214669662],[35.78514742037123,35.68209053847535],[35.78514742037123,35.681799280926505],[35.783906050094274,35.681799280926505],[35.783462703566784,35.681799280926505],[35.783462703566784,35.681695260373345],[35.783462703566784,35.681528827488286],[35.7829306877338,35.681528827488286],[35.7829306877338,35.681695260373345],[35.7829306877338,35.681799280926505],[35.78275334912281,35.681799280926505],[35.782369115465656,35.681799280926505],[35.78233955903049,35.68209053847535],[35.78219177685466,35.68209053847535],[35.78210310754916,35.68204893025409],[35.782073551113996,35.681799280926505],[35.781541535281015,35.681799280926505],[35.78124597092936,35.681799280926505],[35.78124597092936,35.681695260373345],[35.78124597092936,35.681528827488286],[35.780713955096374,35.681528827488286],[35.78062528579088,35.6812791781607],[35.78041839074472,35.681258374050074],[35.78041839074472,35.68096711650122],[35.78015238282823,35.68096711650122],[35.78015238282823,35.680821487726796],[35.78015238282823,35.680696663063],[35.77973859273591,35.680696663063],[35.77959081056008,35.680696663063],[35.77959081056008,35.68059264250984],[35.77959081056008,35.68042620962479],[35.77929524620842,35.68042620962479],[35.77902923829193,35.68042620962479],[35.77902923829193,35.680280580850365],[35.77902923829193,35.68013495207594],[35.778408553153454,35.68013495207594],[35.778319883847956,35.68013495207594],[35.77820165810729,35.68009334385468],[35.77820165810729,35.67986449863773],[35.77769919870948,35.67986449863773],[35.777640085839145,35.67986449863773],[35.777640085839145,35.67959404519951],[35.777108070006165,35.67953163286761],[35.777078513571,35.679302787650656],[35.776960287830335,35.679302787650656],[35.776812505654505,35.679302787650656],[35.776812505654505,35.67911555065497],[35.77675339278417,35.67905313832308],[35.77651694130285,35.679032334212444],[35.77651694130285,35.678761880774225],[35.776280489821524,35.6786786643317],[35.77625093338636,35.67847062322538],[35.77568936111821,35.67853303555727],[35.77568936111821,35.67820016978716],[35.77506867597973,35.67820016978716],[35.77486178093357,35.67820016978716],[35.77486178093357,35.678096149234],[35.77486178093357,35.677908912238316],[35.77456621658191,35.67792971634894],[35.774595773017076,35.6776384588001],[35.77412287005443,35.67768006702136],[35.77403420074893,35.67743041769378],[35.77403420074893,35.67707674781303],[35.773915975008265,35.67707674781303],[35.773738636397276,35.67707674781303],[35.773738636397276,35.67686870670671],[35.773738636397276,35.676535840936594],[35.77350218491595,35.67651503682597],[35.77347262848078,35.67624458338775],[35.77273371760164,35.67624458338775],[35.77234948394449,35.67624458338775],[35.77234948394449,35.67611975872396],[35.77234948394449,35.67597412994953],[35.77211303246316,35.67593252172827],[35.772083476027994,35.67570367651132],[35.771935693852164,35.67566206829005],[35.771847024546666,35.67564126417942],[35.7718174681115,35.675412418962466],[35.77158101663018,35.67537081074121],[35.77155146019501,35.67528759429867],[35.77152190375985,35.675141965524254],[35.77137412158402,35.675141965524254],[35.77125589584335,35.675141965524254],[35.77125589584335,35.67503794497109],[35.77125589584335,35.674871512086035],[35.77101944436203,35.67482990386477],[35.7709603314917,35.67458025453718],[35.77072388001037,35.67453864631592],[35.770635210704874,35.674330605209605],[35.77042831565872,35.67430980109897],[35.77042831565872,35.673893718886326],[35.770310089918055,35.67376889422253],[35.77013275130706,35.67374809011191],[35.77013275130706,35.67347763667369],[35.769866743390565,35.67347763667369],[35.76989629982573,35.67231260647829],[35.76957117903891,35.67235421469956],[35.76957117903891,35.67208376126134],[35.76930517112242,35.67208376126134],[35.76927561468725,35.671834111933755],[35.76903916320593,35.67181330782312],[35.76903916320593,35.67148044205301],[35.76903916320593,35.67125159683606],[35.7688913810301,35.67125159683606],[35.76874359885427,35.67125159683606],[35.76877315528944,35.67096033928721],[35.76847759093778,35.670981143397846],[35.76847759093778,35.67029460774699],[35.76847759093778,35.67014897897256],[35.768329808761955,35.67014897897256],[35.768182026586125,35.67014897897256],[35.768182026586125,35.67000335019814],[35.768182026586125,35.66992013375561],[35.76791601866963,35.66985772142371],[35.76791601866963,35.66867188711769],[35.767886462234465,35.66852625834326],[35.767650010753144,35.66846384601136],[35.767650010753144,35.66459428143381],[35.767886462234465,35.66459428143381],[35.767886462234465,35.66449026088065],[35.76791601866963,35.664303023884955],[35.76847759093778,35.664303023884955],[35.76847759093778,35.66449026088065],[35.76847759093778,35.66459428143381],[35.76912783251142,35.66459428143381],[35.76957117903891,35.6646566937657],[35.76957117903891,35.664303023884955],[35.7698371869554,35.664303023884955],[35.7698371869554,35.66411578688927],[35.769866743390565,35.66374131289789],[35.76965984834441,35.66374131289789],[35.76957117903891,35.66374131289789],[35.76957117903891,35.66357488001284],[35.76957117903891,35.66320040602146],[35.76945295329825,35.66320040602146],[35.76930517112242,35.66320040602146],[35.76930517112242,35.66207698404733],[35.76930517112242,35.661931355272905],[35.76927561468725,35.661827334719746],[35.76903916320593,35.66180653060911],[35.76903916320593,35.661182407290156],[35.768950493900434,35.66099517029446],[35.76874359885427,35.66097436618383],[35.76874359885427,35.660204614090446],[35.76874359885427,35.659871748320334],[35.76868448598394,35.659913356541594],[35.76847759093778,35.659871748320334],[35.76847759093778,35.65912280033758],[35.76844803450261,35.65903958389505],[35.768182026586125,35.65901877978442],[35.768182026586125,35.65847787290799],[35.768182026586125,35.65833224413356],[35.768182026586125,35.658186615359135],[35.76791601866963,35.658186615359135],[35.76791601866963,35.656522286508576],[35.76824113945646,35.65656389472984],[35.768182026586125,35.65625183307036],[35.768566260243276,35.65625183307036],[35.76874359885427,35.65625183307036],[35.76874359885427,35.65610620429593],[35.76874359885427,35.65598137963214],[35.769186945381755,35.65598137963214],[35.769866743390565,35.65598137963214],[35.769866743390565,35.65577333852582],[35.769866743390565,35.65569012208329],[35.77007363843673,35.655710926193926],[35.77013275130706,35.655419668645074],[35.771758355241175,35.655419668645074],[35.77347262848078,35.655419668645074],[35.77347262848078,35.65512841109623],[35.77370907996211,35.655107606985595],[35.773738636397276,35.65485795765801],[35.7739750878786,35.65481634943675],[35.77403420074893,35.6545875042198],[35.77418198292476,35.6545875042198],[35.77430020866542,35.6545875042198],[35.77430020866542,35.65448348366664],[35.77430020866542,35.654296246670945],[35.77456621658191,35.654296246670945],[35.77486178093357,35.654296246670945],[35.77486178093357,35.654088205564626],[35.775127788850064,35.65402579323273],[35.775127788850064,35.65392177267957],[35.775127788850064,35.653755339794515],[35.77542335320172,35.65377614390515],[35.77542335320172,35.65346408224566],[35.77568936111821,35.65346408224566],[35.77568936111821,35.65319362880745],[35.775984925469864,35.65319362880745],[35.775984925469864,35.652631917820386],[35.77625093338636,35.652631917820386],[35.77625093338636,35.65236146438217],[35.77657605417318,35.652403072603434],[35.77651694130285,35.65209101094395],[35.776812505654505,35.65209101094395],[35.776812505654505,35.6517997533951],[35.777078513571,35.6517997533951],[35.777078513571,35.651529299956884],[35.77740363435782,35.65157090817815],[35.77737407792265,35.651258846518665],[35.77766964227431,35.651258846518665],[35.777640085839145,35.65096758896982],[35.77784698088531,35.65092598074855],[35.77790609375564,35.65013542454454],[35.77805387593146,35.65013542454454],[35.77820165810729,35.65013542454454],[35.77820165810729,35.64874154913219],[35.77808343236663,35.64874154913219],[35.77790609375564,35.64874154913219],[35.77790609375564,35.64820064225576],[35.77820165810729,35.64820064225576],[35.77820165810729,35.64790938470691],[35.77849722245895,35.64788858059628],[35.778467666023786,35.647368477830476],[35.77870411750511,35.64730606549858],[35.77876323037544,35.64653631340519],[35.77891101255127,35.64653631340519],[35.77902923829193,35.64653631340519],[35.77902923829193,35.645953798307495],[35.77902923829193,35.6437485625805],[35.77929524620842,35.6437485625805],[35.77929524620842,35.643186851593434],[35.77950214125458,35.643186851593434],[35.77959081056008,35.6395877404541],[35.779915931346906,35.6395877404541],[35.779856818476574,35.63819386504175],[35.78012282639306,35.63819386504175],[35.78015238282823,35.63709124717825],[35.78041839074472,35.63709124717825],[35.78041839074472,35.6367999896294],[35.78059572935572,35.6367999896294],[35.78068439866121,35.6367999896294],[35.780713955096374,35.63646712385929],[35.78124597092936,35.63646712385929],[35.78124597092936,35.636259082752964],[35.78151197884585,35.636259082752964],[35.781541535281015,35.63596782520412],[35.78180754319751,35.63596782520412],[35.78180754319751,35.6356973717659],[35.78210310754916,35.63567656765527],[35.782073551113996,35.635135660778836],[35.782369115465656,35.635135660778836],[35.782369115465656,35.63457394979177],[35.782664679817316,35.63461555801304],[35.78263512338215,35.63430349635355],[35.78287157486347,35.63430349635355],[35.7829306877338,35.63403304291534],[35.78331492139096,35.63403304291534],[35.783462703566784,35.63403304291534],[35.783462703566784,35.63392902236218],[35.783462703566784,35.63374178536649],[35.78431984018659,35.63376258947712],[35.78431984018659,35.63347133192828],[35.78449717879759,35.63347133192828],[35.784585848103085,35.63347133192828],[35.784585848103085,35.632368714064775],[35.78449717879759,35.632368714064775],[35.78431984018659,35.632368714064775],[35.78434939662176,35.632056652405296],[35.78402427583494,35.63207745651593],[35.78402427583494,35.63153654963949],[35.783758267918444,35.63153654963949],[35.783758267918444,35.63068358110358],[35.7829306877338,35.630704385214216],[35.7829306877338,35.63041312766536],[35.78192576893817,35.63041312766536],[35.78180754319751,35.63041312766536],[35.78180754319751,35.630142674227145],[35.781541535281015,35.630142674227145],[35.781541535281015,35.62958096324008],[35.78180754319751,35.62958096324008],[35.78180754319751,35.62931050980187],[35.78210310754916,35.62931050980187],[35.782369115465656,35.62931050980187],[35.782369115465656,35.6292064892487],[35.782369115465656,35.629019252253016],[35.78269423625248,35.629019252253016],[35.78263512338215,35.62791663438952],[35.782457784771154,35.62793743850015],[35.78239867190082,35.627875026168255],[35.782369115465656,35.6276461809513],[35.782073551113996,35.6276461809513],[35.782073551113996,35.62735492340245],[35.78180754319751,35.62737572751308],[35.78180754319751,35.62708446996424],[35.78148242241068,35.62708446996424],[35.781541535281015,35.62681401652602],[35.78136419667002,35.62681401652602],[35.78124597092936,35.62681401652602],[35.78124597092936,35.62654356308781],[35.78124597092936,35.626252305538955],[35.7811277451887,35.626252305538955],[35.78097996301287,35.626252305538955],[35.78097996301287,35.625981852100736],[35.78059572935572,35.625981852100736],[35.78050706005022,35.625981852100736],[35.78041839074472,35.625981852100736],[35.78041839074472,35.62585702743695],[35.78041839074472,35.62569059455189],[35.78027060856889,35.62569059455189],[35.779856818476574,35.62569059455189],[35.779856818476574,35.62542014111367],[35.77959081056008,35.62542014111367],[35.77959081056008,35.625232904117986],[35.77959081056008,35.62512888356483],[35.77917702046776,35.62512888356483],[35.77902923829193,35.62512888356483],[35.77902923829193,35.624296719139544],[35.77929524620842,35.62433832736081],[35.77929524620842,35.624026265701325],[35.77953169768975,35.623984657480065],[35.77959081056008,35.62375581226311],[35.779709036300744,35.62375581226311],[35.779856818476574,35.62375581226311],[35.779856818476574,35.62346455471426],[35.77953169768975,35.62350616293553],[35.77959081056008,35.62319410127605],[35.77929524620842,35.62319410127605],[35.77929524620842,35.623110884833515],[35.77926568977326,35.62292364783783],[35.77902923829193,35.62292364783783],[35.77902923829193,35.62161298886801],[35.77902923829193,35.62096806143842],[35.77891101255127,35.62096806143842],[35.77876323037544,35.62096806143842],[35.77876323037544,35.62038554634072],[35.77867456106994,35.6201150929025],[35.778467666023786,35.620135897013135],[35.778467666023786,35.620031876459976],[35.778467666023786,35.619865443574916],[35.778172101672126,35.61990705179618],[35.77820165810729,35.61957418602607],[35.77787653732047,35.619594990136704],[35.77790609375564,35.61903327914964],[35.777640085839145,35.61903327914964],[35.777640085839145,35.61874202160079],[35.77743319079298,35.61874202160079],[35.77737407792265,35.61874202160079],[35.77737407792265,35.61842995994131],[35.77731496505232,35.61820111472436],[35.777078513571,35.61820111472436],[35.777078513571,35.61805548594993],[35.777078513571,35.617909857175505],[35.776487384867686,35.617909857175505],[35.77651694130285,35.61763940373729],[35.77486178093357,35.61763940373729],[35.774891337368736,35.617909857175505],[35.774595773017076,35.617909857175505],[35.774595773017076,35.61820111472436],[35.77430020866542,35.61820111472436],[35.77430020866542,35.61853398049447],[35.773679523526944,35.61853398049447],[35.773738636397276,35.61820111472436],[35.773383959175284,35.61820111472436],[35.77320662056429,35.61820111472436],[35.77320662056429,35.61805548594993],[35.77320662056429,35.617909857175505],[35.77270416116647,35.617909857175505],[35.77264504829614,35.61763940373729],[35.77234948394449,35.61763940373729],[35.77231992750932,35.61747297085223],[35.772290371074156,35.61734814618844],[35.772083476027994,35.617368950299074],[35.772083476027994,35.615142910461444],[35.77234948394449,35.615142910461444],[35.77234948394449,35.61458119947438],[35.77267460473131,35.61460200358501],[35.77264504829614,35.614019488487315],[35.77288149977747,35.614081900819215],[35.772911056212635,35.613749035049096],[35.773236176999454,35.61379064327036],[35.77320662056429,35.613478581610885],[35.77412287005443,35.613520189832144],[35.77403420074893,35.61318732406203],[35.774595773017076,35.61318732406203],[35.774595773017076,35.61291687062382],[35.77486178093357,35.61291687062382],[35.77486178093357,35.6126464171856],[35.775127788850064,35.6126464171856],[35.775127788850064,35.61235515963675],[35.77542335320172,35.61235515963675],[35.77542335320172,35.61208470619854],[35.775659804683045,35.61208470619854],[35.77568936111821,35.61152299521147],[35.775512022507215,35.61152299521147],[35.77542335320172,35.61152299521147],[35.77542335320172,35.611252541773254],[35.775127788850064,35.611252541773254],[35.775127788850064,35.610982088335035],[35.774980006674234,35.610982088335035],[35.774595773017076,35.610982088335035],[35.774595773017076,35.61069083078619],[35.77486178093357,35.61069083078619],[35.77486178093357,35.610129119799126],[35.775127788850064,35.610129119799126],[35.775127788850064,35.60985866636091],[35.77533468389622,35.60985866636091],[35.77542335320172,35.60985866636091],[35.77542335320172,35.60929695537384],[35.77533468389622,35.609317759484476],[35.775127788850064,35.60929695537384],[35.775127788850064,35.6083607703954],[35.7750982324149,35.60819433751034],[35.77486178093357,35.60819433751034],[35.77486178093357,35.60804870873592],[35.77486178093357,35.60792388407213],[35.77403420074893,35.60792388407213],[35.77403420074893,35.60763262652328],[35.773738636397276,35.60763262652328],[35.773738636397276,35.607362173085065],[35.772083476027994,35.607362173085065],[35.772083476027994,35.60763262652328],[35.7718174681115,35.60763262652328],[35.7718174681115,35.607362173085065],[35.77152190375985,35.607362173085065],[35.77152190375985,35.60763262652328],[35.770694323575206,35.60763262652328],[35.770694323575206,35.607736647076436],[35.770694323575206,35.60846479094856],[35.77042831565872,35.60846479094856],[35.77042831565872,35.60875604849741],[35.769866743390565,35.60875604849741],[35.769866743390565,35.60913052248878],[35.769866743390565,35.60929695537384],[35.76909827607626,35.609317759484476],[35.76903916320593,35.60929695537384],[35.7689800503356,35.610129119799126],[35.76874359885427,35.610129119799126],[35.76874359885427,35.61069083078619],[35.7689800503356,35.61071163489682],[35.76903916320593,35.610982088335035],[35.76909827607626,35.61123173766262],[35.76957117903891,35.611252541773254],[35.76957117903891,35.61152299521147],[35.77013275130706,35.61152299521147],[35.77013275130706,35.61181425276032],[35.76980763052023,35.61181425276032],[35.76957117903891,35.61181425276032],[35.76957117903891,35.611959881534744],[35.76957117903891,35.61208470619854],[35.76903916320593,35.61208470619854],[35.76903916320593,35.61181425276032],[35.768714042419106,35.61183505687095],[35.76874359885427,35.61152299521147],[35.768507147372944,35.61150219110084],[35.76847759093778,35.611252541773254],[35.76791601866963,35.611252541773254],[35.76791601866963,35.610982088335035],[35.767354446401484,35.610982088335035],[35.767354446401484,35.61069083078619],[35.76708843848499,35.61069083078619],[35.76708843848499,35.61042037734797],[35.766911099874,35.61042037734797],[35.76679287413334,35.61039957323734],[35.76679287413334,35.610129119799126],[35.764369246449746,35.610129119799126],[35.76410323853326,35.610129119799126],[35.76401456922776,35.60985866636091],[35.7638076741816,35.60981705813964],[35.76374856131127,35.60975464580775],[35.76374856131127,35.60958821292269],[35.76365989200577,35.60958821292269],[35.76348255339478,35.60958821292269],[35.76348255339478,35.607736647076436],[35.76342344052445,35.60765343063391],[35.76318698904312,35.60763262652328],[35.76318698904312,35.60723734842127],[35.76312787617279,35.60711252375748],[35.76292098112663,35.607091719646846],[35.76295053756179,35.60653000865978],[35.76262541677497,35.60653000865978],[35.76262541677497,35.60596829767272],[35.76235940885848,35.60596829767272],[35.76235940885848,35.605573019570706],[35.76230029598815,35.60544819490691],[35.76209340094199,35.60540658668565],[35.76209340094199,35.604928092141115],[35.76179783659033,35.604865679809215],[35.76179783659033,35.60430396882215],[35.76209340094199,35.60430396882215],[35.76209340094199,35.604116731826466],[35.76209340094199,35.60374225783509],[35.76179783659033,35.60374225783509],[35.76179783659033,35.60347180439687],[35.761709167284835,35.60347180439687],[35.761531828673846,35.60347180439687],[35.761531828673846,35.60318054684802],[35.761236264322186,35.603201350958656],[35.761236264322186,35.60272285641412],[35.76120670788702,35.60266044408222],[35.76097025640569,35.60263963997159],[35.76097025640569,35.602202753648314],[35.76091114353536,35.60211953720579],[35.760704248489205,35.60207792898453],[35.760704248489205,35.601786671435676],[35.760704248489205,35.60153702210809],[35.76052690987821,35.60153702210809],[35.760408684137545,35.601245764559245],[35.76023134552655,35.601245764559245],[35.76014267622106,35.601245764559245],[35.76014267622106,35.601079331674185],[35.76011311978589,35.600975311121026],[35.7598471118694,35.600975311121026],[35.7598471118694,35.60028877547017],[35.759787998999066,35.600163950806376],[35.759581103952904,35.60014314669574],[35.759581103952904,35.599789476815],[35.759581103952904,35.599664652151205],[35.75955154751774,35.59960223981931],[35.75931509603642,35.59958143570868],[35.75931509603642,35.59916535349604],[35.75931509603642,35.599019724721614],[35.75922642673092,35.599019724721614],[35.75901953168476,35.599019724721614],[35.75901953168476,35.598707663062136],[35.75901953168476,35.598478817845184],[35.75890130594409,35.598478817845184],[35.75875352376827,35.598478817845184],[35.75875352376827,35.59829158084949],[35.75875352376827,35.59791710685812],[35.75845795941661,35.59791710685812],[35.75845795941661,35.5976466534199],[35.758191951500116,35.5976466534199],[35.758191951500116,35.59735539587105],[35.75763037923197,35.59735539587105],[35.7576894921023,35.595982324569334],[35.75845795941661,35.595982324569334],[35.75845795941661,35.595878304016175],[35.75845795941661,35.59375628473171],[35.758191951500116,35.59375628473171],[35.758191951500116,35.59342341896159],[35.758191951500116,35.59319457374464],[35.757955500018795,35.59315296552338],[35.75792594358363,35.59292412030643],[35.75771904853747,35.59292412030643],[35.75736437131548,35.59292412030643],[35.75736437131548,35.592362409319364],[35.75709836339899,35.592362409319364],[35.75709836339899,35.592091955881145],[35.755975218862694,35.592091955881145],[35.755975218862694,35.592362409319364],[35.7557092109462,35.592362409319364],[35.755679654511034,35.592632862757576],[35.755147638678054,35.592632862757576],[35.75511808224289,35.59292412030643],[35.754852074326394,35.59292412030643],[35.75482251789123,35.59319457374464],[35.75458606640991,35.59319457374464],[35.75458606640991,35.5933610066297],[35.75458606640991,35.59346502718286],[35.75426094562308,35.59346502718286],[35.753462921873606,35.59346502718286],[35.753462921873606,35.59375628473171],[35.75189643080983,35.59375628473171],[35.75180776150433,35.59375628473171],[35.75180776150433,35.593610655957285],[35.75180776150433,35.59346502718286],[35.7516599793285,35.59346502718286],[35.75154175358784,35.59346502718286],[35.75151219715267,35.59331939840843],[35.75154175358784,35.59319457374464],[35.751246189236184,35.59319457374464],[35.751246189236184,35.592091955881145],[35.75151219715267,35.592091955881145],[35.75154175358784,35.59180069833229],[35.75171909219883,35.59180069833229],[35.75180776150433,35.59180069833229],[35.75180776150433,35.59096853390702],[35.7516599793285,35.59096853390702],[35.75154175358784,35.59096853390702],[35.75154175358784,35.59040682291995],[35.751246189236184,35.59040682291995],[35.751246189236184,35.59015717359237],[35.75068461696803,35.59013636948173],[35.75068461696803,35.58990752426478],[35.75041860905154,35.589865916043514],[35.75041860905154,35.58969948315846],[35.75041860905154,35.58957465849467],[35.75027082687571,35.58957465849467],[35.75012304469988,35.58957465849467],[35.75012304469988,35.589491442052136],[35.75012304469988,35.58930420505645],[35.750034375394385,35.58930420505645],[35.749857036783396,35.58930420505645],[35.74988659321856,35.589012947507605],[35.7495910288669,35.58903375161823],[35.7495910288669,35.58870088584812],[35.74568957942503,35.588742494069386],[35.74568957942503,35.58892973106507],[35.74568957942503,35.58903375161823],[35.74536445863821,35.58903375161823],[35.7437388547041,35.58903375161823],[35.7437388547041,35.58930420505645],[35.743472846787604,35.58930420505645],[35.74344329035244,35.58957465849467],[35.74264526660296,35.58957465849467],[35.74267482303813,35.58990752426478],[35.74234970225131,35.589865916043514],[35.74234970225131,35.59040682291995],[35.742083694334816,35.59040682291995],[35.742083694334816,35.5906980804688],[35.74181768641832,35.5906980804688],[35.74181768641832,35.59096853390702],[35.742083694334816,35.59096853390702],[35.742083694334816,35.59125979145586],[35.74240881512164,35.5912181832346],[35.74234970225131,35.59180069833229],[35.74258615373263,35.591821502442926],[35.74264526660296,35.592091955881145],[35.74264526660296,35.592195976434304],[35.74264526660296,35.592362409319364],[35.742556597297465,35.592362409319364],[35.74234970225131,35.592362409319364],[35.74240881512164,35.59265366686821],[35.742083694334816,35.592632862757576],[35.742083694334816,35.59286170797453],[35.741256114150175,35.59292412030643],[35.74122655771501,35.59267447097884],[35.74096054979852,35.592632862757576],[35.74096054979852,35.592362409319364],[35.74069454188203,35.592362409319364],[35.74069454188203,35.59223758465557],[35.74069454188203,35.592091955881145],[35.73992607456772,35.592091955881145],[35.73986696169739,35.59180069833229],[35.73906893794792,35.59184230655356],[35.73898026864242,35.59186311066419],[35.739039381512754,35.59153024489408],[35.73853692211493,35.591488636672814],[35.7384778092446,35.59125979145586],[35.738270914198445,35.59125979145586],[35.73791623697645,35.59125979145586],[35.73791623697645,35.59088531746448],[35.737650229059966,35.59096853390702],[35.737650229059966,35.59082290513259],[35.737650229059966,35.5906980804688],[35.73711821322698,35.5906980804688],[35.73708865679181,35.59040682291995],[35.73670442313466,35.59040682291995],[35.736527084523665,35.59040682291995],[35.736527084523665,35.59028199825616],[35.736527084523665,35.59013636948173],[35.736349745912676,35.59013636948173],[35.736290633042344,35.59009476126047],[35.73626107660718,35.589865916043514],[35.73608373799618,35.589865916043514],[35.73596551225552,35.589865916043514],[35.73596551225552,35.58957465849467],[35.73561083503353,35.58957465849467],[35.73540393998737,35.58957465849467],[35.73540393998737,35.58947063794151],[35.73540393998737,35.58930420505645],[35.73513793207088,35.58930420505645],[35.73513793207088,35.58903375161823],[35.73457635980273,35.58903375161823],[35.73457635980273,35.588742494069386],[35.73431035188624,35.588742494069386],[35.73431035188624,35.58847204063117],[35.73351232813677,35.5884928447418],[35.7334827717016,35.588201587192955],[35.73318720734994,35.588201587192955],[35.73318720734994,35.5884928447418],[35.73188672420265,35.5884928447418],[35.731798054897155,35.58847204063117],[35.731798054897155,35.588201587192955],[35.7315024905455,35.58822239130359],[35.73153204698067,35.5879103296441],[35.73114781332351,35.5879103296441],[35.730970474712514,35.5879103296441],[35.730970474712514,35.587764700869684],[35.730970474712514,35.58763987620589],[35.73082269253669,35.58763987620589],[35.73070446679603,35.58763987620589],[35.73070446679603,35.5875150515421],[35.73070446679603,35.58736942276767],[35.73052712818503,35.58736942276767],[35.73040890244437,35.58736942276767],[35.73040890244437,35.58724459810388],[35.73040890244437,35.58707816521882],[35.7302906767037,35.587057361108194],[35.730172450963046,35.58703655699756],[35.73014289452788,35.58680771178061],[35.72978821730589,35.58680771178061],[35.729581322259726,35.58680771178061],[35.72955176582456,35.586578866563656],[35.72931531434324,35.58653725834239],[35.72931531434324,35.58630841312544],[35.72931531434324,35.585975547355325],[35.72901974999158,35.585975547355325],[35.72901974999158,35.58568428980648],[35.72887196781575,35.58568428980648],[35.72878329851026,35.58564268158521],[35.72875374207509,35.58541383636826],[35.728428621288266,35.58541383636826],[35.72819216980694,35.58541383636826],[35.72819216980694,35.5853098158151],[35.72819216980694,35.58514338293004],[35.72766015397396,35.58514338293004],[35.72748281536297,35.58514338293004],[35.72724636388164,35.58514338293004],[35.72653700943766,35.58514338293004],[35.72653700943766,35.585330619925735],[35.72653700943766,35.58541383636826],[35.726241445086,35.585434640478894],[35.726241445086,35.58568428980648],[35.72567987281786,35.58568428980648],[35.72567987281786,35.58541383636826],[35.725384308466204,35.58541383636826],[35.725147856984876,35.58541383636826],[35.725147856984876,35.58528901170447],[35.725147856984876,35.58514338293004],[35.72458628471673,35.58514338293004],[35.72458628471673,35.5848521253812],[35.72429072036507,35.5848521253812],[35.72423160749474,35.58514338293004],[35.72346314018043,35.58514338293004],[35.72346314018043,35.5853098158151],[35.72322668869911,35.585476248700154],[35.72319713226394,35.58568428980648],[35.72281289860678,35.58568428980648],[35.7223695520793,35.58568428980648],[35.72231043920897,35.585975547355325],[35.72151241545949,35.585975547355325],[35.72151241545949,35.586246000793544],[35.72068483527485,35.586246000793544],[35.72068483527485,35.58649565012112],[35.72050749666386,35.58653725834239],[35.72015281944187,35.58653725834239],[35.72015281944187,35.586412433678596],[35.72015281944187,35.586246000793544],[35.719739029349554,35.586246000793544],[35.719591247173724,35.586246000793544],[35.719591247173724,35.58616278435101],[35.719591247173724,35.585975547355325],[35.719266126386906,35.585975547355325],[35.71902967490558,35.585975547355325],[35.71902967490558,35.585871526802165],[35.71902967490558,35.58568428980648],[35.717906530369284,35.58568428980648],[35.717906530369284,35.585871526802165],[35.717906530369284,35.585975547355325],[35.71772919175829,35.585975547355325],[35.717374514536296,35.585975547355325],[35.717374514536296,35.58616278435101],[35.717374514536296,35.586246000793544],[35.71719717592531,35.586246000793544],[35.71710850661981,35.586246000793544],[35.71681294226815,35.586246000793544],[35.71681294226815,35.585975547355325],[35.716517377916496,35.585975547355325],[35.716517377916496,35.58572589802774],[35.71625137,35.58568428980648],[35.71625137,35.58541383636826],[35.716517377916496,35.58541383636826],[35.716517377916496,35.58514338293004],[35.71681294226815,35.58514338293004],[35.71681294226815,35.5848521253812],[35.71707895018464,35.5848521253812],[35.71707895018464,35.58458167194298],[35.717374514536296,35.58458167194298],[35.717374514536296,35.58431121850476],[35.717522296712126,35.58431121850476],[35.717610966017624,35.58431121850476],[35.71764052245279,35.584019960955914],[35.71846810263743,35.584019960955914],[35.71846810263743,35.58431121850476],[35.718763666989084,35.58431121850476],[35.718763666989084,35.58447765138982],[35.718763666989084,35.58458167194298],[35.71914790064624,35.58458167194298],[35.719591247173724,35.58458167194298],[35.719591247173724,35.58399915684528],[35.719591247173724,35.58347905407948],[35.71947302143306,35.58349985819011],[35.71932523925723,35.583437445858216],[35.71929568282207,35.58318779653063],[35.718674997683586,35.58318779653063],[35.71846810263743,35.58318779653063],[35.71846810263743,35.58291734309241],[35.718142981850605,35.58291734309241],[35.717906530369284,35.58291734309241],[35.717906530369284,35.582730106096726],[35.717906530369284,35.5826468896542],[35.71764052245279,35.5826468896542],[35.71764052245279,35.58235563210535],[35.717906530369284,35.58235563210535],[35.717906530369284,35.582085178667135],[35.717906530369284,35.58181472522892],[35.71902967490558,35.58181472522892],[35.71902967490558,35.582085178667135],[35.719118344211076,35.582085178667135],[35.71929568282207,35.582085178667135],[35.71929568282207,35.58270930198609],[35.719591247173724,35.5826468896542],[35.719591247173724,35.58277171431799],[35.719591247173724,35.58291734309241],[35.71985725509022,35.58291734309241],[35.71985725509022,35.582834126649885],[35.71985725509022,35.5826468896542],[35.72015281944187,35.5826468896542],[35.72015281944187,35.58235563210535],[35.7203892709232,35.58235563210535],[35.7203892709232,35.58183552933955],[35.72015281944187,35.58181472522892],[35.72015281944187,35.581377838905645],[35.72009370657154,35.58129462246312],[35.71985725509022,35.58125301424185],[35.71985725509022,35.58042084981657],[35.720123263006705,35.58042084981657],[35.72015281944187,35.57929742784244],[35.720418827358365,35.57929742784244],[35.720418827358365,35.57875652096601],[35.72050749666386,35.57875652096601],[35.72100995606168,35.57875652096601],[35.72180797981115,35.57875652096601],[35.72180797981115,35.578881345629796],[35.72180797981115,35.57902697440422],[35.72207398772764,35.57902697440422],[35.72207398772764,35.57929742784244],[35.7224582213848,35.57929742784244],[35.722635559995794,35.57929742784244],[35.72272422930129,35.579588685391286],[35.72284245504195,35.579588685391286],[35.72319713226394,35.579588685391286],[35.72319713226394,35.579755118276346],[35.72319713226394,35.579859138829505],[35.72352225305076,35.57990074705077],[35.72346314018043,35.579588685391286],[35.72402471244858,35.579588685391286],[35.72402471244858,35.579859138829505],[35.72411338175407,35.579859138829505],[35.72458628471673,35.579859138829505],[35.72458628471673,35.580129592267724],[35.72470451045739,35.580129592267724],[35.724852292633216,35.580129592267724],[35.724852292633216,35.58042084981657],[35.725147856984876,35.58042084981657],[35.725088744114544,35.58069130325479],[35.72597543716952,35.58069130325479],[35.72597543716952,35.58085773613984],[35.72597543716952,35.580961756693],[35.72638922726183,35.580961756693],[35.727364589622304,35.580961756693],[35.727364589622304,35.58125301424185],[35.72748281536297,35.58129462246312],[35.72819216980694,35.58125301424185],[35.72819216980694,35.58152346768007],[35.728280839112436,35.58152346768007],[35.7283990648531,35.58152346768007],[35.72875374207509,35.58152346768007],[35.72875374207509,35.58166909645449],[35.72875374207509,35.58181472522892],[35.72896063712125,35.58181472522892],[35.73014289452788,35.58181472522892],[35.73014289452788,35.582085178667135],[35.7302906767037,35.582085178667135],[35.730970474712514,35.582085178667135],[35.730970474712514,35.58225161155219],[35.730970474712514,35.58235563210535],[35.73129559549934,35.58235563210535],[35.73153204698067,35.58235563210535],[35.73153204698067,35.58245965265851],[35.73153204698067,35.5826468896542],[35.73182761133232,35.5826468896542],[35.732093619248815,35.5826468896542],[35.73212317568398,35.58287573487115],[35.73318720734994,35.58291734309241],[35.73318720734994,35.58318779653063],[35.73327587665544,35.58318779653063],[35.73336454596094,35.58318779653063],[35.73374877961809,35.58318779653063],[35.73374877961809,35.58347905407948],[35.73389656179392,35.58347905407948],[35.73457635980273,35.58347905407948],[35.73457635980273,35.58366629107517],[35.73457635980273,35.583749507517695],[35.73487192415439,35.583749507517695],[35.73513793207088,35.583749507517695],[35.73513793207088,35.583853528070854],[35.73513793207088,35.584019960955914],[35.73791623697645,35.584019960955914],[35.73791623697645,35.583915940402754],[35.73791623697645,35.583749507517695],[35.73833002706878,35.583749507517695],[35.738448252809434,35.58366629107517],[35.7384778092446,35.58347905407948],[35.73906893794792,35.58349985819011],[35.739571397345735,35.58349985819011],[35.739571397345735,35.58318779653063],[35.74016252604905,35.583208600641264],[35.74013296961388,35.58291734309241],[35.74042853396554,35.58291734309241],[35.74042853396554,35.5826468896542],[35.74099010623369,35.58268849787546],[35.74096054979852,35.58235563210535],[35.7414925656315,35.58235563210535],[35.74152212206667,35.582085178667135],[35.741876799288654,35.582085178667135],[35.74181768641832,35.58152346768007],[35.74211325076998,35.581481859458805],[35.742083694334816,35.58125301424185],[35.74234970225131,35.58125301424185],[35.74234970225131,35.580961756693],[35.74264526660296,35.580961756693],[35.74264526660296,35.58069130325479],[35.74291127451946,35.58069130325479],[35.74291127451946,35.58042084981657],[35.743472846787604,35.58042084981657],[35.743472846787604,35.579859138829505],[35.74370929826893,35.57990074705077],[35.7437388547041,35.57902697440422],[35.74403441905575,35.57902697440422],[35.74403441905575,35.57892295385106],[35.74403441905575,35.57875652096601],[35.74435953984258,35.57875652096601],[35.7445959913239,35.57875652096601],[35.7445959913239,35.57863169630222],[35.7445959913239,35.57846526341716],[35.74486199924039,35.57848606752779],[35.74486199924039,35.57819480997894],[35.745068894286554,35.57819480997894],[35.745128007156886,35.57792435654073],[35.74527578933271,35.57792435654073],[35.74542357150854,35.57792435654073],[35.74542357150854,35.57765390310251],[35.74542357150854,35.577092192115444],[35.7457191358602,35.577092192115444],[35.7457191358602,35.57567751259246],[35.74542357150854,35.5756983167031],[35.74542357150854,35.57409640018443],[35.74542357150854,35.573472276865466],[35.745305345767875,35.57345147275483],[35.74518712002722,35.57340986453357],[35.745128007156886,35.573201823427254],[35.74480288637006,35.573201823427254],[35.7445959913239,35.573201823427254],[35.7445959913239,35.57309780287409],[35.7445959913239,35.5729105658784],[35.743472846787604,35.5729105658784],[35.742083694334816,35.5729105658784],[35.742083694334816,35.57270252477208],[35.742083694334816,35.57236965900197],[35.74199502502932,35.57236965900197],[35.74181768641832,35.57236965900197],[35.74181768641832,35.57180794801491],[35.74181768641832,35.57153749457669],[35.74172901711283,35.57153749457669],[35.74152212206667,35.57153749457669],[35.7414925656315,35.571308649359736],[35.741256114150175,35.57124623702784],[35.741256114150175,35.57110060825342],[35.741256114150175,35.570975783589624],[35.74096054979852,35.570975783589624],[35.74096054979852,35.57014361916434],[35.74128567058534,35.57012281505371],[35.74128567058534,35.56902019719021],[35.74096054979852,35.56902019719021],[35.74096054979852,35.56883296019453],[35.74096054979852,35.568749743751994],[35.740576316141365,35.568749743751994],[35.74042853396554,35.568749743751994],[35.74042853396554,35.56847929031378],[35.73974873595673,35.56847929031378],[35.73930538942924,35.56847929031378],[35.73930538942924,35.56829205331809],[35.739275832994075,35.56820883687556],[35.739039381512754,35.56818803276493],[35.739039381512754,35.567730342331025],[35.739039381512754,35.567085414901435],[35.73871426072593,35.567085414901435],[35.738743817161094,35.566814961463216],[35.738448252809434,35.56683576557385],[35.7384778092446,35.56652370391437],[35.73809357558745,35.56652370391437],[35.73818224489295,35.56625325047615],[35.73785712410612,35.56629485869741],[35.73791623697645,35.5659619929273],[35.737502446884136,35.5659619929273],[35.73738422114347,35.565941188816666],[35.737354664708306,35.56569153948909],[35.736527084523665,35.56569153948909],[35.736527084523665,35.56542108605087],[35.73608373799618,35.56542108605087],[35.735995068690684,35.565358673718976],[35.73596551225552,35.56512982850202],[35.73581773007969,35.56512982850202],[35.735699504339024,35.56512982850202],[35.735699504339024,35.5649217873957],[35.73540393998737,35.564859375063804],[35.73540393998737,35.564588921625585],[35.73513793207088,35.564588921625585],[35.73513793207088,35.5644016846299],[35.73513793207088,35.56429766407674],[35.73478325484889,35.56429766407674],[35.734694585543394,35.56429766407674],[35.734605916237896,35.56427685996611],[35.73457635980273,35.56402721063852],[35.73389656179392,35.56402721063852],[35.73374877961809,35.56400640652789],[35.73374877961809,35.5637567572003],[35.732921199433456,35.5637567572003],[35.732921199433456,35.562924592775026],[35.732625635081796,35.562924592775026],[35.732625635081796,35.560969006375615],[35.732921199433456,35.560969006375615],[35.732921199433456,35.560698552937396],[35.73318720734994,35.560698552937396],[35.73318720734994,35.56040729538854],[35.73374877961809,35.56040729538854],[35.73374877961809,35.56013684195033],[35.73487192415439,35.56013684195033],[35.73487192415439,35.560303274835384],[35.73487192415439,35.56040729538854],[35.734990149895054,35.56040729538854],[35.73513793207088,35.56040729538854],[35.73513793207088,35.560532120052336],[35.73513793207088,35.560698552937396],[35.73528571424671,35.560698552937396],[35.73540393998737,35.560698552937396],[35.7354630528577,35.56128106803509],[35.73626107660718,35.56128106803509],[35.73626107660718,35.560969006375615],[35.73818224489295,35.560969006375615],[35.73818224489295,35.56040729538854],[35.7384778092446,35.56042809949918],[35.7384778092446,35.560303274835384],[35.7384778092446,35.56013684195033],[35.73862559142043,35.56013684195033],[35.738743817161094,35.56013684195033],[35.738743817161094,35.56003282139717],[35.738743817161094,35.55986638851211],[35.738891599336924,35.55986638851211],[35.739039381512754,35.55986638851211],[35.739039381512754,35.55903422408683],[35.73871426072593,35.559075832308096],[35.738743817161094,35.558742966537984],[35.738596034985264,35.558742966537984],[35.7384778092446,35.558742966537984],[35.7384778092446,35.55828527610408],[35.7384778092446,35.558202059661554],[35.73818224489295,35.558202059661554],[35.73818224489295,35.55736989523627],[35.73853692211493,35.55730748290437],[35.7384778092446,35.55707863768742],[35.74042853396554,35.55707863768742],[35.74048764683587,35.55736989523627],[35.74181768641832,35.55730748290437],[35.74181768641832,35.55707863768742],[35.74220192007548,35.55707863768742],[35.74234970225131,35.55707863768742],[35.74234970225131,35.55697461713426],[35.74234970225131,35.556808184249206],[35.7425270408623,35.556808184249206],[35.74264526660296,35.556808184249206],[35.74264526660296,35.55639210203656],[35.74267482303813,35.55626727737277],[35.74320683887111,35.556246473262135],[35.74320683887111,35.55605923626645],[35.74320683887111,35.55597601982392],[35.743384177482106,35.55597601982392],[35.743472846787604,35.55591360749202],[35.743472846787604,35.55568476227507],[35.74370929826893,35.555663958164445],[35.7437388547041,35.55541430883686],[35.74388663687992,35.55541430883686],[35.74397530618542,35.55541430883686],[35.74403441905575,35.55514385539864],[35.744300426972245,35.55514385539864],[35.744300426972245,35.554852597849795],[35.744536878453566,35.554852597849795],[35.7445959913239,35.554582144411576],[35.74480288637006,35.554582144411576],[35.744832442805226,35.55449892796905],[35.74486199924039,35.55431169097336],[35.74548268437887,35.55431169097336],[35.74542357150854,35.55402043342451],[35.74707873187782,35.554082845756405],[35.74707873187782,35.55374997998629],[35.74764030414597,35.55374997998629],[35.74764030414597,35.553479526548074],[35.74793586849763,35.553479526548074],[35.74793586849763,35.55291781556101],[35.74846788433061,35.55291781556101],[35.74846788433061,35.5526473621228],[35.74876344868226,35.5526473621228],[35.74876344868226,35.552356104573946],[35.74929546451525,35.552356104573946],[35.74929546451525,35.552085651135734],[35.7495910288669,35.552085651135734],[35.7495910288669,35.551815197697515],[35.75015260113505,35.551815197697515],[35.75012304469988,35.55152394014866],[35.75035949618121,35.55152394014866],[35.75041860905154,35.5509622291616],[35.750861955579026,35.5509622291616],[35.750950624884524,35.550941425050965],[35.75098018131969,35.55069177572339],[35.752103325855984,35.55075418805528],[35.75207376942082,35.55042132228517],[35.75236933377248,35.55042132228517],[35.75236933377248,35.55013006473632],[35.752694454559304,35.55010926062569],[35.75263534168897,35.5498596112981],[35.75319691395712,35.5498596112981],[35.75319691395712,35.55013006473632],[35.75334469613295,35.55013006473632],[35.753462921873606,35.55013006473632],[35.753462921873606,35.55025488940011],[35.753462921873606,35.55042132228517],[35.753758486225266,35.55048373461706],[35.753758486225266,35.55069177572339],[35.75458606640991,35.55069177572339],[35.75458606640991,35.5509622291616],[35.75488163076156,35.5509622291616],[35.754852074326394,35.55125348671045],[35.75508852580772,35.551274290821084],[35.755147638678054,35.55152394014866],[35.7557092109462,35.55146152781677],[35.7557092109462,35.55125348671045],[35.755975218862694,35.55125348671045],[35.755975218862694,35.5509622291616],[35.75644812182534,35.5509622291616],[35.75647767826051,35.550899816829705],[35.756507234695675,35.55069177572339],[35.75680279904733,35.55069177572339],[35.75680279904733,35.55042132228517],[35.75653679113084,35.55042132228517],[35.75653679113084,35.54929790031104],[35.75668457330667,35.54929790031104],[35.75680279904733,35.54929790031104],[35.75680279904733,35.5487569934346],[35.75659590400117,35.5487569934346],[35.75653679113084,35.5487569934346],[35.75653679113084,35.54852814821765],[35.7557092109462,35.548465735885756],[35.755679654511034,35.54871538521334],[35.7556205416407,35.5487569934346],[35.75541364659455,35.5487569934346],[35.75541364659455,35.54890262220903],[35.75541364659455,35.54902744687282],[35.75526586441872,35.54902744687282],[35.754852074326394,35.54902744687282],[35.75488163076156,35.549318704421665],[35.75432005849341,35.54929790031104],[35.75432005849341,35.54908985920471],[35.75402449414176,35.54902744687282],[35.75402449414176,35.548465735885756],[35.75426094562308,35.54852814821765],[35.75432005849341,35.547924829009325],[35.754526953539575,35.547924829009325],[35.754526953539575,35.547363118022254],[35.75432005849341,35.547363118022254],[35.75432005849341,35.54709266458404],[35.75458606640991,35.54709266458404],[35.75458606640991,35.54680140703519],[35.75502941293739,35.54680140703519],[35.755147638678054,35.54680140703519],[35.755147638678054,35.54669738648203],[35.755147638678054,35.54653095359698],[35.7556205416407,35.54653095359698],[35.7557092109462,35.54653095359698],[35.7557092109462,35.54540753162284],[35.75541364659455,35.54540753162284],[35.75541364659455,35.54457536719757],[35.755679654511034,35.54457536719757],[35.755679654511034,35.54449215075503],[35.7557092109462,35.54430491375935],[35.755975218862694,35.54432571786998],[35.755975218862694,35.54403446032113],[35.75624122677918,35.54403446032113],[35.75624122677918,35.54374320277228],[35.75680279904733,35.54374320277228],[35.75680279904733,35.543472749334065],[35.75709836339899,35.543472749334065],[35.75709836339899,35.54320229589585],[35.75763037923197,35.54320229589585],[35.7576894921023,35.54351435755533],[35.75792594358363,35.543472749334065],[35.75792594358363,35.54374320277228],[35.758191951500116,35.54374320277228],[35.758191951500116,35.54320229589585],[35.75845795941661,35.54320229589585],[35.75845795941661,35.542911038347],[35.75875352376827,35.542911038347],[35.75875352376827,35.54320229589585],[35.7598471118694,35.54320229589585],[35.7598471118694,35.543472749334065],[35.76014267622106,35.543472749334065],[35.76014267622106,35.54374320277228],[35.76005400691556,35.54374320277228],[35.759876668304564,35.54370159455102],[35.759935781174896,35.54432571786998],[35.759581103952904,35.54430491375935],[35.759581103952904,35.54455456308693],[35.75934465247158,35.54457536719757],[35.75875352376827,35.54457536719757],[35.758723967333104,35.544679387750726],[35.758723967333104,35.545969242609914],[35.75901953168476,35.545969242609914],[35.75904908811992,35.54621889193749],[35.75928553960125,35.54632291249065],[35.75931509603642,35.54653095359698],[35.7598471118694,35.54653095359698],[35.7598471118694,35.54632291249065],[35.760083563350726,35.546302108380026],[35.76014267622106,35.546302108380026],[35.76014267622106,35.545969242609914],[35.761236264322186,35.545969242609914],[35.761236264322186,35.545698789171695],[35.761531828673846,35.545698789171695],[35.761531828673846,35.54540753162284],[35.76209340094199,35.54546994395474],[35.76209340094199,35.54513707818463],[35.76265497321014,35.545199490516524],[35.76262541677497,35.54486662474641],[35.76289142469147,35.54486662474641],[35.76289142469147,35.54430491375935],[35.76348255339478,35.54430491375935],[35.76348255339478,35.544180089095555],[35.76348255339478,35.54403446032113],[35.7636303355706,35.54403446032113],[35.76374856131127,35.54403446032113],[35.76374856131127,35.54374320277228],[35.76357122270028,35.54374320277228],[35.76348255339478,35.54374320277228],[35.76348255339478,35.54351435755533],[35.76318698904312,35.543472749334065],[35.76318698904312,35.54253656435562],[35.763157432607954,35.54237013147057],[35.76292098112663,35.54237013147057],[35.76292098112663,35.54207887392172],[35.76262541677497,35.54207887392172],[35.762684529645306,35.54149635882402],[35.76235940885848,35.54151716293465],[35.76235940885848,35.54068499850937],[35.76209340094199,35.54068499850937],[35.76209340094199,35.54041454507116],[35.76235940885848,35.54041454507116],[35.76235940885848,35.54014409163294],[35.762684529645306,35.54014409163294],[35.76265497321014,35.539686401199035],[35.76262541677497,35.539582380645875],[35.763068763302456,35.539582380645875],[35.76318698904312,35.53956157653524],[35.76318698904312,35.539311927207656],[35.76374856131127,35.53933273131829],[35.76374856131127,35.53902066965881],[35.76401456922776,35.53902066965881],[35.76401456922776,35.53875021622059],[35.765137713764055,35.53875021622059],[35.765137713764055,35.53902066965881],[35.76540372168055,35.53902066965881],[35.76540372168055,35.539311927207656],[35.76679287413334,35.539311927207656],[35.76679287413334,35.539478360092716],[35.76679287413334,35.539582380645875],[35.767650010753144,35.539582380645875],[35.767650010753144,35.53949916420335],[35.767650010753144,35.539311927207656],[35.768507147372944,35.539311927207656],[35.76847759093778,35.53902066965881],[35.7688913810301,35.53902066965881],[35.76903916320593,35.53902066965881],[35.76903916320593,35.53893745321628],[35.76903916320593,35.53875021622059],[35.76915738894659,35.53875021622059],[35.76930517112242,35.53875021622059],[35.76930517112242,35.538334134007954],[35.76930517112242,35.53818850523353],[35.77042831565872,35.53818850523353],[35.77042831565872,35.53791805179531],[35.770635210704874,35.53791805179531],[35.77066476714004,35.53771001068899],[35.770694323575206,35.537356340808245],[35.77128545227852,35.53739794902951],[35.77125589584335,35.537085887370026],[35.77152190375985,35.537085887370026],[35.77152190375985,35.53679462982118],[35.7718174681115,35.536815433931814],[35.7718174681115,35.53652417638296],[35.771935693852164,35.53652417638296],[35.772083476027994,35.53652417638296],[35.772083476027994,35.53585844484274],[35.772083476027994,35.5348598475324],[35.772290371074156,35.534922259864295],[35.77234948394449,35.5348598475324],[35.77234948394449,35.53429813654534],[35.772290371074156,35.53429813654534],[35.772083476027994,35.53429813654534],[35.772083476027994,35.53402768310712],[35.772083476027994,35.533465972120055],[35.7718174681115,35.533465972120055],[35.7718174681115,35.533195518681836],[35.771610573065345,35.533195518681836],[35.77152190375985,35.533195518681836],[35.77152190375985,35.532925065243624],[35.77152190375985,35.53236335425655],[35.771315008713685,35.53234255014593],[35.77125589584335,35.53207209670771],[35.770930775056534,35.53207209670771],[35.770694323575206,35.53207209670771],[35.770694323575206,35.53192646793328],[35.770694323575206,35.53180164326949],[35.77039875922355,35.53180164326949],[35.77042831565872,35.53153118983128],[35.77013275130706,35.53153118983128],[35.77013275130706,35.53096947884421],[35.7699258562609,35.53096947884421],[35.76989629982573,35.53088626240168],[35.769866743390565,35.530699025405994],[35.76957117903891,35.53074063362725],[35.76957117903891,35.530428571967775],[35.769009606770766,35.53044937607841],[35.76903916320593,35.53013731441893],[35.768566260243276,35.53013731441893],[35.768507147372944,35.53009570619766],[35.76847759093778,35.52986686098071],[35.768182026586125,35.52986686098071],[35.768182026586125,35.529575603431866],[35.76782734936413,35.529575603431866],[35.767650010753144,35.529575603431866],[35.767650010753144,35.5294715828787],[35.767650010753144,35.52930514999365],[35.76738400283665,35.52930514999365],[35.76708843848499,35.52930514999365],[35.76702932561466,35.52905550066606],[35.76679287413334,35.52903469655543],[35.76679287413334,35.52878504722784],[35.76652686621684,35.52874343900658],[35.76652686621684,35.52851459378963],[35.766260858300356,35.528472985568364],[35.766260858300356,35.52832735679394],[35.766260858300356,35.528202532130145],[35.76614263255969,35.528202532130145],[35.765965293948696,35.528202532130145],[35.765965293948696,35.527952882802566],[35.7656992860322,35.5279112745813],[35.7656992860322,35.526808656717805],[35.765965293948696,35.526808656717805],[35.765965293948696,35.52541478130546],[35.766260858300356,35.52541478130546],[35.766260858300356,35.525331564862924],[35.766260858300356,35.52514432786724],[35.76708843848499,35.52514432786724],[35.76708843848499,35.525331564862924],[35.76708843848499,35.52541478130546],[35.767354446401484,35.52545638952672],[35.767354446401484,35.5257060388543],[35.76753178501248,35.5257060388543],[35.767650010753144,35.5257060388543],[35.767650010753144,35.52587247173936],[35.767650010753144,35.52597649229252],[35.76930517112242,35.52597649229252],[35.76930517112242,35.52587247173936],[35.76930517112242,35.5257060388543],[35.769482509733415,35.5257060388543],[35.76957117903891,35.5257060388543],[35.76957117903891,35.524853070318386],[35.769482509733415,35.524853070318386],[35.76930517112242,35.524853070318386],[35.76930517112242,35.524582616880174],[35.769482509733415,35.524582616880174],[35.76957117903891,35.524582616880174],[35.76957117903891,35.524312163441955],[35.769482509733415,35.524312163441955],[35.76930517112242,35.524312163441955],[35.76930517112242,35.52406251411437],[35.76903916320593,35.52402090589311],[35.76903916320593,35.52364643190173],[35.76903916320593,35.52347999901667],[35.76892093746527,35.523500803127305],[35.76874359885427,35.52347999901667],[35.76874359885427,35.52281426747645],[35.768714042419106,35.522647834591396],[35.76847759093778,35.522647834591396],[35.76847759093778,35.522356577042544],[35.768182026586125,35.522356577042544],[35.768182026586125,35.52092109340893],[35.76812291371579,35.52069224819198],[35.76791601866963,35.52069224819198],[35.76791601866963,35.519319176890264],[35.767886462234465,35.51904872345205],[35.767650010753144,35.51902791934142],[35.767650010753144,35.51842460013309],[35.767650010753144,35.518195754916135],[35.76753178501248,35.518195754916135],[35.767354446401484,35.518195754916135],[35.767413559271816,35.51790449736729],[35.76708843848499,35.517925301477916],[35.76708843848499,35.51690590005695],[35.76708843848499,35.51680187950379],[35.76679287413334,35.51680187950379],[35.76679287413334,35.51540800409144],[35.7669997691795,35.51540800409144],[35.76708843848499,35.51513755065323],[35.76679287413334,35.515158354763855],[35.76679287413334,35.51507513832133],[35.76679287413334,35.51486709721501],[35.76652686621684,35.51486709721501],[35.76652686621684,35.51503353010007],[35.76652686621684,35.51513755065323],[35.7656992860322,35.51513755065323],[35.7656992860322,35.51488790132564],[35.765433278115715,35.51482548899374],[35.76540372168055,35.514575839666165],[35.76507860089372,35.514575839666165],[35.76507860089372,35.51409734512163],[35.765137713764055,35.51403493278973],[35.76501948802339,35.51403493278973],[35.76487170584757,35.51403493278973],[35.76487170584757,35.513868499904675],[35.76487170584757,35.51347322180266],[35.764517028625576,35.513494025913296],[35.76457614149591,35.513202768364444],[35.76442835932008,35.513202768364444],[35.764310133579414,35.513202768364444],[35.764310133579414,35.51276588204117],[35.764280577144255,35.51270346970928],[35.76401456922776,35.51264105737738],[35.76401456922776,35.512141758722215],[35.76401456922776,35.5118088929521],[35.76377811774643,35.51176728473084],[35.76374856131127,35.51151763540325],[35.76348255339478,35.511476027181985],[35.76348255339478,35.51124718196503],[35.76318698904312,35.51124718196503],[35.76318698904312,35.51097672852682],[35.76292098112663,35.51097672852682],[35.76292098112663,35.51068547097797],[35.76274364251564,35.51068547097797],[35.76262541677497,35.51068547097797],[35.76262541677497,35.51053984220354],[35.76256630390464,35.510456625761016],[35.76235940885848,35.510415017539756],[35.76232985242331,35.510123759990904],[35.76209340094199,35.51014456410154],[35.76209340094199,35.50995732710585],[35.76209340094199,35.509853306552685],[35.76194561876616,35.509853306552685],[35.76179783659033,35.509853306552685],[35.76179783659033,35.509749285999526],[35.76179783659033,35.50958285311447],[35.761531828673846,35.50952044078257],[35.761531828673846,35.509312399676254],[35.761236264322186,35.509312399676254],[35.761236264322186,35.50902114212741],[35.76097025640569,35.50902114212741],[35.76097025640569,35.50891712157424],[35.76097025640569,35.50875068868919],[35.760704248489205,35.50875068868919],[35.76067469205404,35.50897953390614],[35.76014267622106,35.509104358569935],[35.760083563350726,35.50958285311447],[35.7598471118694,35.50958285311447],[35.7598471118694,35.51124718196503],[35.76014267622106,35.5112887901863],[35.76014267622106,35.51145522307135],[35.76014267622106,35.5118088929521],[35.76029045839688,35.5118088929521],[35.760408684137545,35.5118088929521],[35.760408684137545,35.512037738169056],[35.760408684137545,35.512349799828534],[35.760704248489205,35.512391408049794],[35.760704248489205,35.5129115108156],[35.76099981284086,35.5129115108156],[35.76097025640569,35.51374367524088],[35.761236264322186,35.51374367524088],[35.761236264322186,35.51403493278973],[35.761531828673846,35.51405573690036],[35.761531828673846,35.514305386227946],[35.761709167284835,35.51434699444921],[35.76179783659033,35.51436779855984],[35.76179783659033,35.514575839666165],[35.76209340094199,35.51463825199806],[35.76209340094199,35.51513755065323],[35.76235940885848,35.51513755065323],[35.76235940885848,35.51569926164029],[35.762684529645306,35.51567845752966],[35.76262541677497,35.515969715078505],[35.76292098112663,35.51601132329977],[35.76292098112663,35.516531426065576],[35.76318698904312,35.516573034286836],[35.76318698904312,35.51736359049085],[35.76342344052445,35.517384394601486],[35.763452996959614,35.51750921926528],[35.76342344052445,35.51763404392907],[35.76318698904312,35.51763404392907],[35.76318698904312,35.518195754916135],[35.76292098112663,35.518195754916135],[35.76292098112663,35.51848701246499],[35.76292098112663,35.5187574659032],[35.762684529645306,35.5187574659032],[35.762684529645306,35.519277568669004],[35.76235940885848,35.51929837277964],[35.76235940885848,35.51990169198796],[35.76209340094199,35.51990169198796],[35.76209340094199,35.520421794753766],[35.76179783659033,35.520421794753766],[35.76179783659033,35.52098350574083],[35.761531828673846,35.52098350574083],[35.761531828673846,35.521274763289675],[35.761531828673846,35.52152441261726],[35.76129537719252,35.521482804396],[35.76129537719252,35.522086123604325],[35.76097025640569,35.522086123604325],[35.76097025640569,35.52262703048076],[35.76091114353536,35.52271024692329],[35.760704248489205,35.522647834591396],[35.76073380492437,35.52320954557846],[35.760408684137545,35.52318874146783],[35.760408684137545,35.523604823680465],[35.760408684137545,35.52375045245489],[35.76029045839688,35.52375045245489],[35.76014267622106,35.52375045245489],[35.76011311978589,35.524312163441955],[35.7598471118694,35.524312163441955],[35.7598471118694,35.524582616880174],[35.759581103952904,35.524582616880174],[35.759581103952904,35.52508191553534],[35.75928553960125,35.52508191553534],[35.75928553960125,35.5257060388543],[35.75901953168476,35.5257060388543],[35.759108200990255,35.52630935806263],[35.758723967333104,35.52630935806263],[35.758723967333104,35.526808656717805],[35.75845795941661,35.526808656717805],[35.75845795941661,35.52737036770487],[35.758191951500116,35.52737036770487],[35.758191951500116,35.52764082114308],[35.758191951500116,35.5279112745813],[35.75792594358363,35.5279112745813],[35.75792594358363,35.528472985568364],[35.7576894921023,35.528493789679],[35.7576894921023,35.52903469655543],[35.75736437131548,35.52903469655543],[35.75739392775065,35.52959640754249],[35.75709836339899,35.529575603431866],[35.757127919834154,35.530158118529556],[35.75680279904733,35.53013731441893],[35.756743686177,35.53065741718473],[35.75653679113084,35.530699025405994],[35.75659590400117,35.53126073639306],[35.75624122677918,35.531239932282425],[35.75624122677918,35.53153118983128],[35.755975218862694,35.53153118983128],[35.755975218862694,35.532259333703394],[35.755975218862694,35.53236335425655],[35.755147638678054,35.53236335425655],[35.755147638678054,35.53180164326949],[35.75544320302971,35.53182244738012],[35.75541364659455,35.531239932282425],[35.755679654511034,35.531302344614325],[35.7557092109462,35.530699025405994],[35.75591610599236,35.530699025405994],[35.755975218862694,35.53013731441893],[35.75624122677918,35.53013731441893],[35.75624122677918,35.529575603431866],[35.75656634756601,35.52959640754249],[35.75653679113084,35.52903469655543],[35.75677324261217,35.52903469655543],[35.75680279904733,35.528472985568364],[35.75706880696382,35.528493789679],[35.75709836339899,35.528202532130145],[35.75736437131548,35.528202532130145],[35.75736437131548,35.52764082114308],[35.75763037923197,35.52764082114308],[35.75763037923197,35.527079110156016],[35.7578668307133,35.52709991426665],[35.75792594358363,35.52651739916895],[35.758103282194625,35.52651739916895],[35.758191951500116,35.52651739916895],[35.758191951500116,35.52597649229252],[35.75845795941661,35.52597649229252],[35.75845795941661,35.52541478130546],[35.758723967333104,35.52541478130546],[35.758723967333104,35.52489467853965],[35.75901953168476,35.524853070318386],[35.75901953168476,35.524312163441955],[35.75928553960125,35.524312163441955],[35.75931509603642,35.52375045245489],[35.75952199108258,35.52375045245489],[35.759581103952904,35.52318874146783],[35.7598471118694,35.52318874146783],[35.7598471118694,35.52291828802961],[35.76011311978589,35.52291828802961],[35.76014267622106,35.522356577042544],[35.76029045839688,35.522356577042544],[35.760408684137545,35.522356577042544],[35.760408684137545,35.52216934004686],[35.760408684137545,35.52179486605548],[35.76067469205404,35.52179486605548],[35.76067469205404,35.52129556740031],[35.76097025640569,35.52125395917905],[35.76097025640569,35.52069224819198],[35.76129537719252,35.52069224819198],[35.761236264322186,35.52013053720491],[35.76141360293318,35.52013053720491],[35.761531828673846,35.52013053720491],[35.761531828673846,35.51990169198796],[35.761531828673846,35.51958963032848],[35.76179783659033,35.51958963032848],[35.76179783659033,35.51902791934142],[35.76209340094199,35.51902791934142],[35.76209340094199,35.51848701246499],[35.76235940885848,35.518466208354354],[35.76235940885848,35.51721796171643],[35.76232985242331,35.51709313705264],[35.76209340094199,35.51707233294201],[35.76209340094199,35.51648981784431],[35.76179783659033,35.516531426065576],[35.76179783659033,35.51567845752966],[35.761236264322186,35.51569926164029],[35.76129537719252,35.51513755065323],[35.76097025640569,35.51513755065323],[35.76097025640569,35.51459664377679],[35.760704248489205,35.514575839666165],[35.76073380492437,35.51426377800668],[35.760408684137545,35.514305386227946],[35.760408684137545,35.51382689168341],[35.76014267622106,35.51374367524088],[35.76014267622106,35.51334839713887],[35.76014267622106,35.5129115108156],[35.7598471118694,35.5129115108156],[35.7598471118694,35.51264105737738],[35.7597584425639,35.51264105737738],[35.759581103952904,35.51264105737738],[35.759581103952904,35.51222497516474],[35.75952199108258,35.512079346390315],[35.75931509603642,35.512079346390315],[35.75928553960125,35.511538439513885],[35.75901953168476,35.51151763540325],[35.75901953168476,35.509312399676254],[35.75928553960125,35.509312399676254],[35.75931509603642,35.50875068868919],[35.75952199108258,35.50875068868919],[35.759581103952904,35.50848023525097],[35.759728886128734,35.50848023525097],[35.7598471118694,35.50848023525097],[35.7598471118694,35.50833460647655],[35.7598471118694,35.508188977702126],[35.75999489404523,35.508188977702126],[35.76014267622106,35.508188977702126],[35.76014267622106,35.5080433489277],[35.76014267622106,35.50791852426391],[35.760260901961715,35.50791852426391],[35.760408684137545,35.50791852426391],[35.760408684137545,35.50762726671506],[35.761472715803514,35.507689679046955],[35.761531828673846,35.50735681327684],[35.7618273930255,35.50739842149811],[35.76179783659033,35.507086359838624],[35.762388965293646,35.50712796805989],[35.76235940885848,35.50569248442628],[35.762684529645306,35.50569248442628],[35.76292098112663,35.50569248442628],[35.76292098112663,35.50560926798375],[35.76292098112663,35.505422030988065],[35.76339388408928,35.505422030988065],[35.76374856131127,35.505422030988065],[35.76374856131127,35.50529720632427],[35.76374856131127,35.50513077343921],[35.76425102070909,35.50513077343921],[35.764310133579414,35.504860320001],[35.765965293948696,35.504860320001],[35.765965293948696,35.50513077343921],[35.766113076124526,35.50513077343921],[35.76679287413334,35.50513077343921],[35.76679287413334,35.50496434055416],[35.76679287413334,35.504860320001],[35.76708843848499,35.504881124111634],[35.76708843848499,35.50458986656278],[35.76729533353115,35.50458986656278],[35.767354446401484,35.50429860901393],[35.767502228577314,35.50429860901393],[35.767650010753144,35.50429860901393],[35.767650010753144,35.50402815557572],[35.76821158302129,35.50404895968635],[35.768182026586125,35.5037577021375],[35.76874359885427,35.5037577021375],[35.76874359885427,35.50346644458865],[35.76930517112242,35.50346644458865],[35.76927561468725,35.50371609391624],[35.77013275130706,35.5037577021375],[35.77013275130706,35.50346644458865],[35.77036920278839,35.50346644458865],[35.77042831565872,35.503195991150434],[35.77066476714004,35.50315438292917],[35.770694323575206,35.502925537712215],[35.7708716621862,35.502925537712215],[35.770930775056534,35.502883929490956],[35.7709603314917,35.50263428016337],[35.77119678297302,35.502592671942104],[35.77125589584335,35.50236382672515],[35.77134456514885,35.50236382672515],[35.77152190375985,35.50236382672515],[35.77152190375985,35.50188533218061],[35.77152190375985,35.50180211573809],[35.77187658098183,35.50180211573809],[35.772083476027994,35.50176050751682],[35.772083476027994,35.50153166229987],[35.772379040379654,35.5015524664105],[35.77234948394449,35.501261208861656],[35.77258593542581,35.501261208861656],[35.77264504829614,35.500969951312804],[35.77282238690714,35.500969951312804],[35.772911056212635,35.500969951312804],[35.772911056212635,35.50084512664901],[35.772911056212635,35.50069949787459],[35.773058838388465,35.50069949787459],[35.77320662056429,35.50069949787459],[35.77320662056429,35.50040824032574],[35.77370907996211,35.50040824032574],[35.773738636397276,35.50013778688753],[35.774063757184095,35.50020019921942],[35.77403420074893,35.49986733344931],[35.774536660146744,35.49982572522804],[35.774595773017076,35.49957607590046],[35.77486178093357,35.49959688001109],[35.77486178093357,35.499305622462245],[35.775127788850064,35.499305622462245],[35.775127788850064,35.499035169024026],[35.77542335320172,35.499035169024026],[35.77542335320172,35.49874391147518],[35.775984925469864,35.49874391147518],[35.775984925469864,35.49847345803696],[35.77625093338636,35.49847345803696],[35.77625093338636,35.4979117470499],[35.776487384867686,35.49793255116053],[35.77651694130285,35.497079582624615],[35.776664723478675,35.497079582624615],[35.776812505654505,35.497079582624615],[35.776812505654505,35.49699636618209],[35.776812505654505,35.496809129186396],[35.777078513571,35.496809129186396],[35.777078513571,35.496538675748184],[35.77737407792265,35.496538675748184],[35.77737407792265,35.49624741819933],[35.777640085839145,35.49624741819933],[35.777640085839145,35.49597696476112],[35.778408553153454,35.49597696476112],[35.778467666023786,35.49568570721227],[35.77902923829193,35.49568570721227],[35.77902923829193,35.49591455242922],[35.77929524620842,35.49591455242922],[35.77929524620842,35.49624741819933],[35.77973859273591,35.49624741819933],[35.779856818476574,35.49624741819933],[35.779856818476574,35.49635143875249],[35.779856818476574,35.496538675748184],[35.78015238282823,35.49655947985882],[35.78015238282823,35.496809129186396],[35.78041839074472,35.49682993329703],[35.78041839074472,35.497079582624615],[35.780713955096374,35.497079582624615],[35.78097996301287,35.497079582624615],[35.78097996301287,35.49764129361168],[35.78124597092936,35.49764129361168],[35.78124597092936,35.49782853060737],[35.78124597092936,35.4979117470499],[35.781541535281015,35.497953355271164],[35.781541535281015,35.49820300459874],[35.78180754319751,35.49820300459874],[35.78180754319751,35.49874391147518],[35.78204399467883,35.49876471558581],[35.782073551113996,35.49891034436023],[35.782073551113996,35.50040824032574],[35.78180754319751,35.50040824032574],[35.78180754319751,35.50069949787459],[35.782073551113996,35.50069949787459],[35.782073551113996,35.50153166229987],[35.782310002595324,35.5015524664105],[35.782369115465656,35.501739703406194],[35.782369115465656,35.502072569176306],[35.78248734120632,35.502072569176306],[35.78263512338215,35.502072569176306],[35.78263512338215,35.502488651388944],[35.78263512338215,35.503195991150434],[35.78290113129864,35.503195991150434],[35.7829306877338,35.503300011703594],[35.7829306877338,35.50338322814612],[35.7829306877338,35.50402815557572],[35.78307846990963,35.50409056790761],[35.7831966956503,35.50402815557572],[35.7831966956503,35.504506650120256],[35.7831966956503,35.505422030988065],[35.783462703566784,35.505422030988065],[35.783462703566784,35.50548444331996],[35.783462703566784,35.50569248442628],[35.783758267918444,35.50569248442628],[35.78402427583494,35.50569248442628],[35.784053832270104,35.50592132964323],[35.78411294514043,35.50598374197513],[35.78423117088109,35.50598374197513],[35.78485185601957,35.50598374197513],[35.7849109688899,35.50629580363461],[35.78597500055587,35.50625419541335],[35.78597500055587,35.50652464885156],[35.78606366986137,35.50652464885156],[35.78624100847236,35.50652464885156],[35.78624100847236,35.50625419541335],[35.787068588657,35.50625419541335],[35.787098145092166,35.50652464885156],[35.788191733193294,35.50652464885156],[35.788191733193294,35.50625419541335],[35.789314877729595,35.50625419541335],[35.789314877729595,35.50598374197513],[35.78958088564608,35.50598374197513],[35.78958088564608,35.50629580363461],[35.790142457914236,35.50629580363461],[35.790142457914236,35.50598374197513],[35.79067447374722,35.50592132964323],[35.79070403018238,35.50569248442628],[35.790940481663704,35.50565087620502],[35.79097003809887,35.505422030988065],[35.7912064895802,35.505422030988065],[35.791236046015364,35.50513077343921],[35.79235919055166,35.50517238166048],[35.79235919055166,35.505422030988065],[35.79292076281981,35.505422030988065],[35.79292076281981,35.505151577549846],[35.794043907356105,35.50513077343921],[35.794043907356105,35.50527640221364],[35.794043907356105,35.505422030988065],[35.79430991527259,35.505422030988065],[35.79430991527259,35.50569248442628],[35.794871487540746,35.50569248442628],[35.794871487540746,35.5054428350987],[35.79510793902207,35.505422030988065],[35.795344390503395,35.505422030988065],[35.79569906772538,35.505422030988065],[35.79569906772538,35.505318010434905],[35.79569906772538,35.50513077343921],[35.79735422809466,35.50513077343921],[35.79735422809466,35.504860320001],[35.799304952815596,35.504881124111634],[35.799304952815596,35.50458986656278],[35.799600517167256,35.504610670673415],[35.79957096073209,35.50429860901393],[35.8001620894354,35.50431941312456],[35.80013253300024,35.50402815557572],[35.80057587952772,35.50402815557572],[35.800694105268384,35.50402815557572],[35.800694105268384,35.50392413502256],[35.800694105268384,35.5037577021375],[35.80125567753653,35.5037577021375],[35.80125567753653,35.50346644458865],[35.80211281415634,35.50348724869929],[35.80208325772117,35.503195991150434],[35.80273349929482,35.503195991150434],[35.80291083790581,35.503195991150434],[35.80291083790581,35.50311277470791],[35.80291083790581,35.502925537712215],[35.80512757054324,35.502925537712215],[35.80512757054324,35.50263428016337],[35.805718699246555,35.50267588838464],[35.80568914281139,35.50236382672515],[35.806250715079535,35.50236382672515],[35.806250715079535,35.502072569176306],[35.80651672299603,35.502072569176306],[35.80651672299603,35.50180211573809],[35.807019182393844,35.50180211573809],[35.807078295264176,35.50153166229987],[35.80766942396749,35.50153166229987],[35.80763986753232,35.501261208861656],[35.80820143980047,35.501302817082916],[35.80820143980047,35.500969951312804],[35.80905857642028,35.50101155953407],[35.80902901998511,35.50069949787459],[35.8092950279016,35.50069949787459],[35.8092950279016,35.50040824032574],[35.809620148688424,35.50042904443637],[35.80959059225326,35.50013778688753],[35.81065462391922,35.50013778688753],[35.810684180354386,35.49986733344931],[35.81124575262254,35.49986733344931],[35.81124575262254,35.50013778688753],[35.81154131697419,35.50013778688753],[35.81154131697419,35.49986733344931],[35.81177776845552,35.49986733344931],[35.81180732489069,35.499305622462245],[35.811895994196185,35.499305622462245],[35.81269401794565,35.49932642657288],[35.81263490507533,35.499035169024026],[35.81307825160281,35.499035169024026],[35.813196477343475,35.499035169024026],[35.813196477343475,35.49893114847087],[35.813196477343475,35.49874391147518],[35.813432928824795,35.49874391147518],[35.81346248525996,35.49847345803696],[35.814260509009436,35.49847345803696],[35.8142900654446,35.49820300459874],[35.81458562979626,35.49820300459874],[35.81458562979626,35.4979117470499],[35.81485163771275,35.4979117470499],[35.81485163771275,35.49764129361168],[35.81535409711057,35.49764129361168],[35.8154132099809,35.497350036062834],[35.81562010502706,35.497350036062834],[35.81567921789739,35.497079582624615],[35.8162703466007,35.497079582624615],[35.81624079016554,35.496809129186396],[35.81671369312819,35.496809129186396],[35.816772805998525,35.496767520965136],[35.816802362433684,35.496538675748184],[35.81736393470184,35.49660108808008],[35.81736393470184,35.49624741819933],[35.817925506969985,35.49624741819933],[35.817925506969985,35.49597696476112],[35.818398409932634,35.49597696476112],[35.81848707923813,35.49591455242922],[35.81848707923813,35.49568570721227],[35.819078207941445,35.495727315433534],[35.81901909507111,35.495415253774055],[35.819610223774426,35.495456861995315],[35.81958066733926,35.49514480033584],[35.81987623169092,35.49514480033584],[35.81987623169092,35.494853542786984],[35.8204969168294,35.49487434689762],[35.8204082475239,35.49458308934877],[35.82099937622721,35.494645501680665],[35.82096981979205,35.49431263591055],[35.82156094849536,35.49435424413182],[35.8215313920602,35.49402137836171],[35.82209296432835,35.4940837906936],[35.82209296432835,35.49375092492349],[35.82262498016133,35.49370931670222],[35.82262498016133,35.49348047148527],[35.823186552429476,35.49348047148527],[35.823186552429476,35.493189213936425],[35.82362989895696,35.493189213936425],[35.82368901182729,35.49314760571516],[35.82374812469762,35.492918760498206],[35.824280140530604,35.492918760498206],[35.82430969696577,35.49262750294936],[35.82490082566909,35.49266911117062],[35.824871269233924,35.49235704951114],[35.82543284150207,35.492419461843035],[35.825403285066905,35.49208659607292],[35.82569884941856,35.49208659607292],[35.82569884941856,35.49181614263471],[35.82620130881638,35.49181614263471],[35.82626042168671,35.49152488508586],[35.8266150989087,35.49152488508586],[35.82679243751969,35.49152488508586],[35.82679243751969,35.4914208645327],[35.82679243751969,35.49125443164765],[35.827088001871346,35.49127523575827],[35.827088001871346,35.490963174098795],[35.8276495741395,35.49100478232006],[35.8276495741395,35.490692720660576],[35.82791558205599,35.490692720660576],[35.82791558205599,35.490422267222364],[35.82835892858348,35.490422267222364],[35.82847715432413,35.490422267222364],[35.82847715432413,35.490318246669204],[35.82847715432413,35.49013100967351],[35.828831831546125,35.49013100967351],[35.82903872659229,35.49013100967351],[35.82903872659229,35.490047793230985],[35.82903872659229,35.4898605562353],[35.82927517807361,35.48992296856719],[35.829304734508774,35.48959010279708],[35.829836750341755,35.48948608224392],[35.82986630677692,35.48929884524823],[35.83022098399891,35.48929884524823],[35.83042787904507,35.48929884524823],[35.83042787904507,35.4892156288057],[35.83042787904507,35.48902839181002],[35.83069388696156,35.489070000031276],[35.83069388696156,35.4887579383718],[35.831285015664875,35.488799546593064],[35.83125545922971,35.48846668082295],[35.8315214671462,35.48846668082295],[35.8315214671462,35.488196227384734],[35.832053482979184,35.488092206831574],[35.83208303941435,35.48790496983588],[35.832408160201176,35.48790496983588],[35.8326446116825,35.48790496983588],[35.8326446116825,35.48780094928272],[35.8326446116825,35.48763451639767],[35.832881063163825,35.48767612461893],[35.83291061959899,35.48736406295945],[35.833413078996806,35.48736406295945],[35.833501748302304,35.48730165062756],[35.83347219186714,35.48709360952124],[35.8337677562188,35.48709360952124],[35.834033764135285,35.48709360952124],[35.834033764135285,35.486906372525546],[35.834033764135285,35.486802351972386],[35.83415198987595,35.486802351972386],[35.83429977205178,35.486802351972386],[35.83429977205178,35.48669833141923],[35.83429977205178,35.48653189853417],[35.83465444927376,35.48653189853417],[35.834861344319926,35.48653189853417],[35.834861344319926,35.48642787798101],[35.834861344319926,35.486261445095955],[35.83506823936609,35.48632385742785],[35.83512735223642,35.4859701875471],[35.83560025519907,35.4859701875471],[35.8356593680694,35.485928579325844],[35.835688924504566,35.48569973410889],[35.83607315816172,35.48569973410889],[35.83625049677271,35.48569973410889],[35.83625049677271,35.48559571355573],[35.83625049677271,35.48540847656004],[35.83648694825404,35.48547088889194],[35.83651650468921,35.48513802312182],[35.83710763339252,35.48517963134309],[35.837078076957354,35.48486756968361],[35.83737364130901,35.48486756968361],[35.83737364130901,35.484576312134756],[35.837935213577154,35.48459711624539],[35.83790565714199,35.484305858696544],[35.83820122149365,35.484305858696544],[35.83820122149365,35.484035405258325],[35.838762793761795,35.484035405258325],[35.838762793761795,35.48374414770948],[35.83902880167829,35.48374414770948],[35.83902880167829,35.48347369427126],[35.839294809594776,35.48351530249253],[35.839294809594776,35.48320324083304],[35.83985638186293,35.48320324083304],[35.83985638186293,35.4829119832842],[35.84015194621458,35.4829119832842],[35.84015194621458,35.48264152984598],[35.840683962047564,35.48264152984598],[35.840683962047564,35.48237107640776],[35.840979526399224,35.48237107640776],[35.840979526399224,35.482079818858914],[35.84130464718605,35.48212142708018],[35.84124553431572,35.481809365420695],[35.84183666301903,35.48183016953133],[35.841807106583865,35.48153891198248],[35.84207311450035,35.48153891198248],[35.84207311450035,35.48124765443363],[35.84257557389817,35.48120604621237],[35.842634686768506,35.48097720099542],[35.842871138249826,35.48091478866352],[35.84293025112016,35.48068594344657],[35.84307803329599,35.4807067475572],[35.84319625903665,35.48068594344657],[35.84319625903665,35.48041549000835],[35.843787387739965,35.48043629411898],[35.8437578313048,35.480145036570136],[35.84405339565645,35.48010342834887],[35.84402383922129,35.47985377902128],[35.84443762931361,35.47985377902128],[35.84458541148944,35.47985377902128],[35.84458541148944,35.47977056257876],[35.84458541148944,35.47958332558307],[35.84482186297076,35.47958332558307],[35.84485141940593,35.47931287214485],[35.845087870887255,35.47931287214485],[35.84514698375759,35.47902161459601],[35.845472104544406,35.47902161459601],[35.845708556025734,35.47902161459601],[35.845708556025734,35.478834377600315],[35.845708556025734,35.47875116115779],[35.84588589463673,35.47875116115779],[35.84594500750706,35.47870955293652],[35.84597456394223,35.47848070771957],[35.84632924116421,35.47848070771957],[35.846536136210375,35.47848070771957],[35.846536136210375,35.47835588305578],[35.846536136210375,35.478189450170724],[35.846772587691696,35.478189450170724],[35.84680214412686,35.477918996732505],[35.84709770847852,35.47789819262187],[35.84709770847852,35.477648543294286],[35.84745238570051,35.477648543294286],[35.8476297243115,35.477648543294286],[35.8476297243115,35.47750291451987],[35.8476297243115,35.47735728574544],[35.8478070629225,35.47735728574544],[35.847895732228,35.47729487341354],[35.84792528866316,35.47708683230722],[35.848516417366476,35.477107636417855],[35.84848686093131,35.47681637886901],[35.848752868847804,35.47681637886901],[35.848752868847804,35.47652512132016],[35.84931444111595,35.47654592543079],[35.84931444111595,35.47625466788194],[35.84958044903244,35.47625466788194],[35.84958044903244,35.475963410333094],[35.85014202130059,35.475963410333094],[35.85014202130059,35.475692956894875],[35.85040802921708,35.475692956894875],[35.85040802921708,35.47542250345666],[35.85094004505006,35.47542250345666],[35.850969601485225,35.47513124590781],[35.85123560940172,35.47513124590781],[35.85123560940172,35.4748607924696],[35.85150161731821,35.47492320480149],[35.85153117375338,35.47459033903138],[35.852092746021526,35.47459033903138],[35.852092746021526,35.47429908148253],[35.85235875393801,35.47429908148253],[35.85235875393801,35.474028628044316],[35.852890769771,35.47411184448684],[35.85292032620616,35.4737581746061],[35.85321589055782,35.473695762274204],[35.853186334122654,35.47346691705725],[35.853541011344646,35.47346691705725],[35.8537479063908,35.47346691705725],[35.8537479063908,35.47334209239346],[35.8537479063908,35.47319646361903],[35.85389568856663,35.47319646361903],[35.854013914307295,35.472926010180814],[35.854486817269944,35.472926010180814],[35.85457548657544,35.472884401959554],[35.85457548657544,35.47263475263197],[35.8548710509271,35.47263475263197],[35.8548710509271,35.47236429919375],[35.85540306676008,35.47236429919375],[35.85540306676008,35.47209384575554],[35.855698631111736,35.47209384575554],[35.855698631111736,35.471802588206685],[35.85596463902823,35.471802588206685],[35.85596463902823,35.47153213476847],[35.856467098426045,35.47153213476847],[35.85652621129638,35.47124087721962],[35.856762662777705,35.47124087721962],[35.85679221921287,35.4709704237814],[35.85717645287002,35.4709704237814],[35.85735379148102,35.4709704237814],[35.85735379148102,35.470887207338876],[35.85735379148102,35.47069997034319],[35.85773802513817,35.47069997034319],[35.85764935583268,35.47040871279434],[35.85809270236016,35.47040871279434],[35.85815181523049,35.47036710457307],[35.858210928100824,35.47013825935612],[35.85847693601731,35.47009665113486],[35.85847693601731,35.46986780591791],[35.85880205680414,35.46986780591791],[35.85903850828546,35.46986780591791],[35.85903850828546,35.469680568922215],[35.85903850828546,35.469576548369055],[35.85918629046129,35.469576548369055],[35.85930451620195,35.469576548369055],[35.85930451620195,35.46949333192653],[35.85930451620195,35.46930609493084],[35.85992520134043,35.46930609493084],[35.8598660884701,35.469035641492624],[35.86013209638659,35.469035641492624],[35.86013209638659,35.46874438394377],[35.860664112219574,35.46870277572251],[35.86069366865474,35.46847393050556],[35.8609005637009,35.46847393050556],[35.860959676571234,35.46818267295671],[35.861196128052555,35.46818267295671],[35.86125524092289,35.467912219518496],[35.86155080527455,35.467912219518496],[35.861816813191034,35.467912219518496],[35.861816813191034,35.46774578663344],[35.861816813191034,35.46764176608028],[35.861964595366864,35.46764176608028],[35.86205326467236,35.467516941416484],[35.86208282110753,35.46737131264206],[35.86237838545919,35.46737131264206],[35.862644393375675,35.46737131264206],[35.862644393375675,35.46722568386764],[35.862644393375675,35.46708005509321],[35.86291040129217,35.467100859203846],[35.86291040129217,35.466809601654994],[35.863471973560316,35.466809601654994],[35.863471973560316,35.46651834410615],[35.86373798147681,35.46651834410615],[35.86373798147681,35.46624789066793],[35.86432911018012,35.46631030299983],[35.86429955374496,35.46597743722971],[35.86459511809661,35.46597743722971],[35.86459511809661,35.465686179680866],[35.86515669036476,35.4657069837915],[35.8651271339296,35.46541572624265],[35.865452254716416,35.46547813857455],[35.86542269828125,35.465145272804435],[35.865688706197744,35.465145272804435],[35.865688706197744,35.46485401525558],[35.86613205272523,35.46485401525558],[35.86625027846589,35.46485401525558],[35.86625027846589,35.46474999470242],[35.86625027846589,35.46458356181737],[35.86639806064172,35.46458356181737],[35.866516286382385,35.46458356181737],[35.866516286382385,35.464479541264204],[35.866516286382385,35.46431310837915],[35.867136971520864,35.46429230426852],[35.86707785865053,35.4640218508303],[35.867373423002185,35.46404265494093],[35.867373423002185,35.46375139739209],[35.867905438835166,35.46375139739209],[35.867905438835166,35.463460139843235],[35.868201003186826,35.463460139843235],[35.868201003186826,35.46318968640502],[35.86879213189014,35.463252098736916],[35.86876257545497,35.462919232966804],[35.86902858337147,35.462919232966804],[35.86902858337147,35.462648779528585],[35.869590155639614,35.462648779528585],[35.869590155639614,35.46235752197974],[35.86985616355611,35.46235752197974],[35.86985616355611,35.46208706854152],[35.87015172790776,35.46208706854152],[35.87015172790776,35.4618166151033],[35.870654187305576,35.4618166151033],[35.870654187305576,35.46171259455014],[35.87068374374074,35.46152535755446],[35.870949751657236,35.46152535755446],[35.8709793080924,35.46125490411624],[35.87127487244406,35.461296512337505],[35.871245316008896,35.46096364656739],[35.87183644471221,35.46100525478866],[35.87180688827704,35.460693193129174],[35.87207289619353,35.460693193129174],[35.87207289619353,35.46042273969096],[35.87236846054519,35.46042273969096],[35.87236846054519,35.46013148214211],[35.872930032813336,35.46015228625274],[35.872930032813336,35.45986102870389],[35.87319604072983,35.45986102870389],[35.87319604072983,35.45959057526568],[35.87378716943314,35.45963218348694],[35.87375761299798,35.45929931771683],[35.87402362091447,35.45929931771683],[35.87402362091447,35.459028864278615],[35.87458519318262,35.459028864278615],[35.87458519318262,35.458758410840396],[35.874851201099105,35.458758410840396],[35.874851201099105,35.45846715329155],[35.875146765450765,35.45846715329155],[35.875146765450765,35.45819669985333],[35.87544232980242,35.458217503963965],[35.87544232980242,35.45813428752143],[35.87541277336725,35.45792624641511],[35.875974345635406,35.45792624641511],[35.875974345635406,35.45736453542805],[35.87609257137606,35.45736453542805],[35.87680192582004,35.45736453542805],[35.87680192582004,35.457135690211096],[35.877067933736534,35.45709408198983],[35.8770974901717,35.456802824440985],[35.87765906243985,35.45684443266225],[35.87762950600468,35.456532371002766],[35.87792507035634,35.456532371002766],[35.87792507035634,35.45624111345392],[35.87822063470799,35.456261917564554],[35.87819107827283,35.4559706600157],[35.878427529754156,35.4559706600157],[35.878427529754156,35.45586663946254],[35.87845708618932,35.45570020657749],[35.87875265054098,35.45570020657749],[35.87901865845747,35.45570020657749],[35.87901865845747,35.45553377369243],[35.87901865845747,35.45540894902864],[35.8791664406333,35.45540894902864],[35.87931422280913,35.45540894902864],[35.87931422280913,35.455284124364844],[35.87931422280913,35.45513849559042],[35.87952111785528,35.45513849559042],[35.879580230725615,35.454868042152206],[35.87978712577178,35.454868042152206],[35.87984623864211,35.454576784603354],[35.88008269012344,35.45451437227146],[35.88014180299377,35.45430633116514],[35.88028958516959,35.45430633116514],[35.880407810910256,35.45430633116514],[35.880407810910256,35.45418150650135],[35.880407810910256,35.45403587772692],[35.880555593086086,35.45403587772692],[35.880703375261916,35.45403587772692],[35.880703375261916,35.4538902489525],[35.880703375261916,35.45374462017807],[35.88085115743774,35.45374462017807],[35.88093982674324,35.45370301195681],[35.8809693831784,35.45347416673986],[35.88120583465973,35.45343255851859],[35.8812353910949,35.45320371330164],[35.881471842576225,35.45320371330164],[35.881471842576225,35.453120496859114],[35.88153095544655,35.452912455752795],[35.882003858409206,35.452912455752795],[35.882092527714704,35.45287084753153],[35.882092527714704,35.452642002314576],[35.88235853563119,35.452642002314576],[35.88235853563119,35.45237154887636],[35.88265409998285,35.452413157097624],[35.882624543547685,35.45208029132751],[35.88292010789934,35.45208029132751],[35.88292010789934,35.45180983788929],[35.88318611581583,35.45180983788929],[35.88318611581583,35.45151858034045],[35.88348168016749,35.45151858034045],[35.88348168016749,35.45124812690223],[35.88374768808398,35.45124812690223],[35.88374768808398,35.45097767346401],[35.88404325243564,35.45097767346401],[35.88404325243564,35.450686415915165],[35.884309260352126,35.450686415915165],[35.884309260352126,35.450415962476946],[35.884900389055446,35.45045757069821],[35.88487083262028,35.450145509038734],[35.88516639697193,35.45016631314936],[35.88513684053677,35.44985425148988],[35.88540284845326,35.44985425148988],[35.88543240488843,35.44958379805166],[35.88566885636975,35.4495421898304],[35.88569841280491,35.44931334461345],[35.885905307851075,35.44931334461345],[35.88596442072141,35.4490220870646],[35.886200872202735,35.44898047884334],[35.88625998507307,35.44875163362639],[35.88646688011922,35.44875163362639],[35.886525992989554,35.44848118018817],[35.88676244447088,35.4484395719669],[35.88679200090605,35.44818992263932],[35.887058008822535,35.448148314418056],[35.8870875652577,35.4479194692011],[35.88759002465552,35.4479194692011],[35.887649137525855,35.447649015762885],[35.88791514544234,35.447649015762885],[35.88791514544234,35.44735775821404],[35.888181153358836,35.44735775821404],[35.888181153358836,35.44708730477582],[35.88847671771049,35.44708730477582],[35.88847671771049,35.446796047226975],[35.88856538701599,35.446796047226975],[35.88874272562698,35.446796047226975],[35.88874272562698,35.446525593788756],[35.889038289978636,35.446525593788756],[35.889038289978636,35.44640076912496],[35.889038289978636,35.44625514035054],[35.88930429789513,35.44625514035054],[35.88930429789513,35.44596388280169],[35.889570305811624,35.44596388280169],[35.889570305811624,35.44569342936347],[35.88989542659844,35.44567262525284],[35.88986587016328,35.44542297592526],[35.88998409590394,35.44542297592526],[35.89013187807977,35.44542297592526],[35.89007276520944,35.44513171837641],[35.89069345034792,35.44513171837641],[35.89069345034792,35.44486126493819],[35.89095945826441,35.44486126493819],[35.89095945826441,35.44459081149998],[35.891255022616065,35.44459081149998],[35.891255022616065,35.444299553951126],[35.89152103053256,35.444299553951126],[35.89152103053256,35.444029100512914],[35.89181659488421,35.444029100512914],[35.89181659488421,35.443758647074695],[35.892082602800706,35.443758647074695],[35.892082602800706,35.44346738952585],[35.8923486107172,35.44346738952585],[35.8923486107172,35.44319693608763],[35.89264417506885,35.44319693608763],[35.89264417506885,35.44292648264941],[35.89291018298535,35.44292648264941],[35.89291018298535,35.44263522510057],[35.89335352951283,35.44263522510057],[35.89347175525349,35.44263522510057],[35.89347175525349,35.44253120454741],[35.89347175525349,35.44236477166235],[35.89364909386449,35.44236477166235],[35.89373776316999,35.44236477166235],[35.89373776316999,35.442239946998555],[35.89373776316999,35.44209431822413],[35.893915101780976,35.4420735141135],[35.89403332752164,35.4420735141135],[35.89403332752164,35.441969493560336],[35.89403332752164,35.441803060675284],[35.89418110969747,35.441803060675284],[35.894299335438134,35.441803060675284],[35.894299335438134,35.441699040122124],[35.894299335438134,35.441532607237065],[35.89447667404912,35.441532607237065],[35.89459489978979,35.441532607237065],[35.89459489978979,35.44136617435201],[35.89459489978979,35.44097089625],[35.89489046414145,35.44090848391811],[35.89486090770628,35.44070044281178],[35.895215584928266,35.44070044281178],[35.89542247997443,35.44070044281178],[35.89542247997443,35.44055481403736],[35.89542247997443,35.440409185262936],[35.89557026215026,35.440409185262936],[35.89568848789092,35.440409185262936],[35.89568848789092,35.44030516470978],[35.89568848789092,35.44013873182472],[35.89586582650191,35.44013873182472],[35.895984052242575,35.44013873182472],[35.895984052242575,35.44003471127156],[35.895984052242575,35.43957702083765],[35.8964865116404,35.43957702083765],[35.896516068075556,35.43930656739944],[35.897107196778876,35.4393481756207],[35.89707764034371,35.43903611396122],[35.89737320469536,35.43903611396122],[35.89737320469536,35.43874485641237],[35.89763921261186,35.43874485641237],[35.89763921261186,35.43847440297416],[35.897905220528344,35.43847440297416],[35.897905220528344,35.43820394953594],[35.898496349231664,35.438245557757206],[35.8984667927965,35.437912691987094],[35.89879191358332,35.437954300208354],[35.89876235714815,35.437642238548875],[35.899028365064645,35.437642238548875],[35.899028365064645,35.437371785110656],[35.899264816545966,35.437371785110656],[35.89929437298113,35.43708052756181],[35.89953082446246,35.43708052756181],[35.89958993733279,35.43681007412359],[35.899796832378954,35.43681007412359],[35.899855945249286,35.43651881657475],[35.90009239673061,35.43651881657475],[35.90015150960094,35.43624836313653],[35.90068352543392,35.43624836313653],[35.90068352543392,35.43597790969831],[35.90097908978558,35.43597790969831],[35.90097908978558,35.435686652149464],[35.9013042105724,35.43572826037072],[35.9013042105724,35.4351249411624],[35.90180666997022,35.43514574527303],[35.90180666997022,35.43491690005608],[35.901924895710884,35.43489609594545],[35.90207267788671,35.43485448772418],[35.90207267788671,35.43464644661786],[35.90207267788671,35.43431358084775],[35.9023386858032,35.43427197262648],[35.90236824223837,35.4340223232989],[35.90257513728453,35.4340223232989],[35.90263425015486,35.433751869860686],[35.90287070163618,35.433751869860686],[35.902929814506514,35.43348141642247],[35.90325493529334,35.43348141642247],[35.903461830339495,35.43348141642247],[35.903461830339495,35.43331498353741],[35.90352094320983,35.43323176709488],[35.903757394691155,35.433190158873614],[35.903757394691155,35.4329197054354],[35.903757394691155,35.432649251997184],[35.90393473330215,35.43267005610782],[35.90399384617248,35.432607643775924],[35.90402340260764,35.43235799444834],[35.90425985408897,35.43235799444834],[35.9043189669593,35.43208754101012],[35.90446674913513,35.432129149231386],[35.904525862005464,35.43204593278885],[35.904584974875796,35.431796283461274],[35.904673644181294,35.431796283461274],[35.90485098279228,35.431796283461274],[35.90485098279228,35.43148422180179],[35.90485098279228,35.43096411903599],[35.90514654714394,35.43096411903599],[35.90514654714394,35.43013195461071],[35.90550122436593,35.43013195461071],[35.905678562976924,35.43013195461071],[35.905678562976924,35.42986150117249],[35.905974127328584,35.42986150117249],[35.905974127328584,35.42934139840669],[35.905974127328584,35.42902933674721],[35.90612190950441,35.42907094496847],[35.90624013524507,35.42902933674721],[35.90624013524507,35.42888370797279],[35.90624013524507,35.42846762576014],[35.906506143161565,35.42853003809204],[35.90653569959673,35.42819717232193],[35.90662436890223,35.42819717232193],[35.90680170751322,35.42819717232193],[35.90680170751322,35.42780189421992],[35.90680170751322,35.4270737503478],[35.90709727186488,35.42711535856906],[35.90706771542971,35.42680329690958],[35.907185941170376,35.42680329690958],[35.90736327978137,35.42680329690958],[35.90736327978137,35.426532843471364],[35.908190859966005,35.426532843471364],[35.908190859966005,35.42570067904608],[35.90851598075283,35.425721483156714],[35.908486424317665,35.425409421497235],[35.90898888371548,35.42536781327597],[35.909018440150646,35.42513896805902],[35.90919577876164,35.42513896805902],[35.909314004502306,35.42513896805902],[35.909314004502306,35.424972535173964],[35.909314004502306,35.42457725707195],[35.90955045598363,35.42457725707195],[35.90958001241879,35.42403635019552],[35.90990513320562,35.42407795841678],[35.90987557677045,35.42374509264667],[35.91020069755727,35.42380750497857],[35.91014158468695,35.42347463920846],[35.91049626190893,35.42347463920846],[35.910703156955094,35.42347463920846],[35.91073271339026,35.423245793991505],[35.91096916487158,35.42320418577024],[35.911087390612245,35.42295453644265],[35.91126472922324,35.42291292822139],[35.91126472922324,35.42282971177886],[35.91126472922324,35.422642474783174],[35.91150118070457,35.422642474783174],[35.91153073713973,35.42235121723432],[35.91182630149139,35.42239282545559],[35.91179674505622,35.42208076379611],[35.91209230940788,35.42208076379611],[35.91209230940788,35.42181031035789],[35.9124174301947,35.421831114468525],[35.91235831732437,35.42068688838376],[35.91265388167603,35.42068688838376],[35.91265388167603,35.42014598150733],[35.912919889592516,35.42014598150733],[35.912919889592516,35.41985472395848],[35.91309722820351,35.41985472395848],[35.91318589750901,35.41983391984785],[35.91318589750901,35.41958427052026],[35.91377702621232,35.41962587874153],[35.91374746977716,35.41931381708205],[35.91401347769365,35.41931381708205],[35.91401347769365,35.418752106094985],[35.91433859848047,35.418752106094985],[35.9143090420453,35.41764948823148],[35.9145750499618,35.41764948823148],[35.9145750499618,35.41735823068264],[35.91484105787829,35.41735823068264],[35.91487061431346,35.41708777724442],[35.91510706579478,35.41710858135505],[35.915136622229944,35.41613078815534],[35.91510706579478,35.415985159380924],[35.91487061431346,35.41596435527029],[35.91487061431346,35.41552746894702],[35.914811501443126,35.41542344839385],[35.9145750499618,35.41542344839385],[35.9145750499618,35.41475771685363],[35.91454549352663,35.4146120880792],[35.9143090420453,35.414591283968576],[35.9143090420453,35.414404046972884],[35.9143090420453,35.414300026419724],[35.91401347769365,35.414300026419724],[35.91401347769365,35.414029572981505],[35.91374746977716,35.414029572981505],[35.91374746977716,35.41375911954329],[35.91348146186067,35.41375911954329],[35.91348146186067,35.41400876887088],[35.91318589750901,35.414029572981505],[35.91318589750901,35.41384233598582],[35.91318589750901,35.41375911954329],[35.91289033315735,35.41369670721139],[35.912919889592516,35.41346786199444],[35.91265388167603,35.41346786199444],[35.91265388167603,35.41375911954329],[35.91209230940788,35.41375911954329],[35.91209230940788,35.414029572981505],[35.91126472922324,35.414029572981505],[35.91126472922324,35.41346786199444],[35.91105783417708,35.41350947021571],[35.91096916487158,35.41346786199444],[35.91096916487158,35.412073986582094],[35.91105783417708,35.41211559480336],[35.91126472922324,35.412073986582094],[35.91126472922324,35.41151227559503],[35.91126472922324,35.41070091528038],[35.91150118070457,35.41070091528038],[35.91153073713973,35.410139204293316],[35.91179674505622,35.410139204293316],[35.91179674505622,35.40957749330625],[35.91235831732437,35.409598297416885],[35.91235831732437,35.40930703986803],[35.91265388167603,35.40930703986803],[35.91265388167603,35.40903658642982],[35.91280166385186,35.40903658642982],[35.912919889592516,35.40903658642982],[35.912919889592516,35.408287638447064],[35.912919889592516,35.40735145346862],[35.913067671768346,35.40735145346862],[35.91318589750901,35.40735145346862],[35.91318589750901,35.40722662880483],[35.91318589750901,35.40681054659219],[35.91348146186067,35.40681054659219],[35.91348146186067,35.406519289043345],[35.91374746977716,35.406519289043345],[35.91374746977716,35.40597838216691],[35.91407259056398,35.40599918627754],[35.91407259056398,35.40589516572438],[35.91401347769365,35.405146217741624],[35.91433859848047,35.405146217741624],[35.9143090420453,35.40458450675456],[35.91454549352663,35.40458450675456],[35.9145750499618,35.40319063134221],[35.91487061431346,35.40319063134221],[35.91487061431346,35.40262892035515],[35.91510706579478,35.40264972446578],[35.915136622229944,35.40208801347872],[35.91540263014644,35.40208801347872],[35.91540263014644,35.40194238470429],[35.91540263014644,35.401796755929865],[35.91531396084094,35.401796755929865],[35.915136622229944,35.401796755929865],[35.915136622229944,35.40154710660229],[35.91487061431346,35.401526302491654],[35.91487061431346,35.40042368462815],[35.915136622229944,35.40042368462815],[35.915136622229944,35.399591520202875],[35.91540263014644,35.399591520202875],[35.91540263014644,35.399029809215804],[35.91569819449809,35.39911302565834],[35.91569819449809,35.39846809822874],[35.91590508954425,35.39848890233937],[35.915964202414585,35.39846809822874],[35.915964202414585,35.398072820126735],[35.915964202414585,35.395409893965834],[35.916259766766245,35.395409893965834],[35.916259766766245,35.395139440527615],[35.91652577468273,35.395139440527615],[35.91652577468273,35.39430727610233],[35.91667355685856,35.39430727610233],[35.916791782599226,35.39430727610233],[35.916791782599226,35.39374556511527],[35.91667355685856,35.39374556511527],[35.91652577468273,35.39374556511527],[35.91652577468273,35.393475111677056],[35.916259766766245,35.393475111677056],[35.916259766766245,35.39320465823884],[35.915964202414585,35.39320465823884],[35.915964202414585,35.39264294725177],[35.916259766766245,35.39264294725177],[35.916259766766245,35.391249071839425],[35.916496218247566,35.39129068006069],[35.916496218247566,35.39008404164403],[35.916791782599226,35.39014645397592],[35.916791782599226,35.390000825201504],[35.916791782599226,35.38985519642708],[35.91708734695088,35.38985519642708],[35.91708734695088,35.38958474298886],[35.91735335486737,35.38958474298886],[35.91735335486737,35.388752578563576],[35.91747158060804,35.388752578563576],[35.918180935052014,35.388752578563576],[35.918180935052014,35.38819086757651],[35.91806270931135,35.38819086757651],[35.91791492713552,35.38819086757651],[35.91791492713552,35.386963425049224],[35.91791492713552,35.386796992164165],[35.91874250732016,35.386796992164165],[35.91874250732016,35.386256085287734],[35.91889028949599,35.386256085287734],[35.9195700875048,35.386256085287734],[35.9195700875048,35.38613126062394],[35.9195700875048,35.38596482773889],[35.919717869680625,35.38596482773889],[35.919865651856455,35.38596482773889],[35.919865651856455,35.385507137304984],[35.91989520829162,35.38542392086245],[35.9195700875048,35.38542392086245],[35.9195700875048,35.3851950756455],[35.919038071671814,35.385132663313605],[35.919038071671814,35.38504944687108],[35.919038071671814,35.384862209875386],[35.91850605583883,35.38488301398602],[35.91850605583883,35.3840300454501],[35.918180935052014,35.3840300454501],[35.918180935052014,35.38375959201189],[35.91847649940367,35.38375959201189],[35.91847649940367,35.38346833446304],[35.91874250732016,35.38346833446304],[35.91874250732016,35.38319788102483],[35.91983609542129,35.38319788102483],[35.919865651856455,35.382906623475975],[35.92013165977295,35.382906623475975],[35.92013165977295,35.382636170037756],[35.920397667689436,35.382636170037756],[35.920397667689436,35.38251134537397],[35.92045678055977,35.382365716599544],[35.920693232041096,35.382365716599544],[35.920693232041096,35.38157516039553],[35.920693232041096,35.3809718411872],[35.92087057065209,35.3809718411872],[35.92095923995759,35.3809718411872],[35.92095923995759,35.38070138774898],[35.920781901346594,35.38070138774898],[35.920693232041096,35.38070138774898],[35.920693232041096,35.380472542532026],[35.920693232041096,35.379869223323695],[35.92045678055977,35.37989002743433],[35.9204272241246,35.37957796577485],[35.91951097463447,35.37957796577485],[35.91930407958831,35.37957796577485],[35.91930407958831,35.37930751233663],[35.91874250732016,35.37930751233663],[35.91874250732016,35.37903705889842],[35.91847649940367,35.37903705889842],[35.91847649940367,35.37920349178347],[35.91847649940367,35.37930751233663],[35.918180935052014,35.37930751233663],[35.918180935052014,35.37909947123031],[35.917944483570686,35.37899545067715],[35.91791492713552,35.37874580134957],[35.917648919219026,35.37874580134957],[35.91735335486737,35.37874580134957],[35.91735335486737,35.37808006980934],[35.91729424199704,35.37793444103492],[35.91708734695088,35.37791363692428],[35.91708734695088,35.375978854635505],[35.91738291130254,35.375978854635505],[35.91735335486737,35.37541714364844],[35.917648919219026,35.37541714364844],[35.917648919219026,35.37458497922316],[35.917885370700354,35.37458497922316],[35.91791492713552,35.37348236135966],[35.917737588524524,35.37348236135966],[35.917648919219026,35.37346155724903],[35.91767847565419,35.37319110381081],[35.91735335486737,35.37319110381081],[35.91735335486737,35.37144355851772],[35.91735335486737,35.37108988863697],[35.91735335486737,35.37096506397319],[35.91708734695088,35.37096506397319],[35.91708734695088,35.369862446109686],[35.91729424199704,35.36988325022032],[35.91735335486737,35.36930073512262],[35.917648919219026,35.36930073512262],[35.917648919219026,35.3690302816844],[35.91791492713552,35.3690302816844],[35.91791492713552,35.36875982824619],[35.918180935052014,35.36875982824619],[35.918180935052014,35.36846857069734],[35.91847649940367,35.36846857069734],[35.91847649940367,35.36736595283384],[35.91874250732016,35.36736595283384],[35.91874250732016,35.36624253085971],[35.919038071671814,35.36624253085971],[35.91906762810698,35.36328834714996],[35.91906762810698,35.36316352248617],[35.91874250732016,35.3631843265968],[35.91874250732016,35.36241457450342],[35.91847649940367,35.36235216217152],[35.91847649940367,35.3620817087333],[35.918712950884995,35.3620817087333],[35.91874250732016,35.36133276075055],[35.91874250732016,35.36124954430802],[35.91847649940367,35.36124954430802],[35.91847649940367,35.360979090869805],[35.918180935052014,35.360979090869805],[35.918180935052014,35.36116632786549],[35.918180935052014,35.36124954430802],[35.91791492713552,35.36124954430802],[35.91791492713552,35.361083111422964],[35.917944483570686,35.360979090869805],[35.917648919219026,35.360979090869805],[35.917648919219026,35.359855668895676],[35.91791492713552,35.359855668895676],[35.91791492713552,35.35958521545746],[35.91826960435751,35.359626823678724],[35.918180935052014,35.35902350447039],[35.91847649940367,35.35902350447039],[35.91847649940367,35.358753051032174],[35.919038071671814,35.358753051032174],[35.919038071671814,35.35652701119455],[35.91874250732016,35.35652701119455],[35.91874250732016,35.355133135782204],[35.919038071671814,35.355133135782204],[35.91906762810698,35.35317754938279],[35.91874250732016,35.35319835349342],[35.91874250732016,35.35271985894889],[35.91874250732016,35.352636642506354],[35.91847649940367,35.352636642506354],[35.91850605583883,35.35132598353654],[35.919038071671814,35.35124276709401],[35.919038071671814,35.35111794243022],[35.919038071671814,35.350972313655795],[35.91915629741248,35.350972313655795],[35.91930407958831,35.350972313655795],[35.91930407958831,35.35055623144315],[35.91930407958831,35.35041060266873],[35.919038071671814,35.35041060266873],[35.919038071671814,35.34930798480523],[35.91930407958831,35.34930798480523],[35.91930407958831,35.3481845628311],[35.91959964393997,35.348205366941734],[35.9195700875048,35.34764365595467],[35.919865651856455,35.34764365595467],[35.919865651856455,35.3470819449676],[35.92010210333778,35.34710274907823],[35.92013165977295,35.346520233980534],[35.92045678055977,35.346520233980534],[35.92045678055977,35.34508475034693],[35.92013165977295,35.34514716267882],[35.92013165977295,35.344855905129975],[35.919865651856455,35.344855905129975],[35.919865651856455,35.344585451691756],[35.9195700875048,35.344585451691756],[35.9195700875048,35.34431499825354],[35.91930407958831,35.34431499825354],[35.91930407958831,35.34402374070469],[35.919038071671814,35.34402374070469],[35.919038071671814,35.34375328726647],[35.91874250732016,35.34375328726647],[35.91874250732016,35.342088958415914],[35.919038071671814,35.342088958415914],[35.919038071671814,35.34069508300357],[35.91874250732016,35.34069508300357],[35.91874250732016,35.3401333720165],[35.919038071671814,35.3401333720165],[35.919038071671814,35.339862918578284],[35.91874250732016,35.339862918578284],[35.91874250732016,35.339030754153],[35.919038071671814,35.339030754153],[35.919038071671814,35.33707516775359],[35.91874250732016,35.33707516775359],[35.91874250732016,35.336243003328306],[35.919038071671814,35.336243003328306],[35.919038071671814,35.33541083890303],[35.91930407958831,35.33541083890303],[35.91930407958831,35.33235263464012],[35.919481418199304,35.33235263464012],[35.9195700875048,35.33235263464012],[35.9195700875048,35.3320821812019],[35.919481418199304,35.3320821812019],[35.91930407958831,35.3320821812019],[35.91930407958831,35.33068830578955],[35.919481418199304,35.33068830578955],[35.9195700875048,35.33068830578955],[35.9195700875048,35.330563481125765],[35.9195700875048,35.33041785235134],[35.91968831324546,35.33041785235134],[35.919865651856455,35.33041785235134],[35.919865651856455,35.33016820302375],[35.92095923995759,35.33008498658123],[35.92095923995759,35.329856141364274],[35.9215503686609,35.329856141364274],[35.92181637657739,35.329856141364274],[35.92181637657739,35.32971051258985],[35.92181637657739,35.329585687926055],[35.92196415875322,35.329585687926055],[35.92208238449388,35.329585687926055],[35.92208238449388,35.329481667372896],[35.92208238449388,35.3292944303772],[35.922289279540045,35.3292944303772],[35.92234839241038,35.3292944303772],[35.92234839241038,35.32902397693899],[35.92220061023455,35.32902397693899],[35.92208238449388,35.32902397693899],[35.92208238449388,35.32852467828382],[35.92208238449388,35.32765090563728],[35.92187548944772,35.32769251385854],[35.92181637657739,35.327359648088425],[35.92125480430924,35.327359648088425],[35.92125480430924,35.32769251385854],[35.92095923995759,35.32769251385854],[35.92095923995759,35.32792135907549],[35.919865651856455,35.32792135907549],[35.919865651856455,35.32765090563728],[35.9195700875048,35.32765090563728],[35.9195700875048,35.327359648088425],[35.91930407958831,35.327359648088425],[35.91930407958831,35.32319882596202],[35.91959964393997,35.32319882596202],[35.9195700875048,35.32290756841317],[35.919865651856455,35.322865960191905],[35.919865651856455,35.321243239562605],[35.92010210333778,35.32128484778387],[35.92007254690262,35.32097278612439],[35.919865651856455,35.32097278612439],[35.919865651856455,35.31970373537584],[35.919865651856455,35.319578910712046],[35.9195700875048,35.319578910712046],[35.9195700875048,35.31901719972498],[35.91992476472679,35.31903800383561],[35.91989520829162,35.318913179171815],[35.919865651856455,35.31874674628676],[35.92007254690262,35.318705138065496],[35.92013165977295,35.318476292848544],[35.92027944194878,35.318476292848544],[35.9204272241246,35.318476292848544],[35.9204272241246,35.31778975719769],[35.9204272241246,35.31749849964884],[35.920397667689436,35.31737367498505],[35.92013165977295,35.317352870874416],[35.92013165977295,35.31641668589597],[35.92010210333778,35.31629186123218],[35.919865651856455,35.31625025301092],[35.919865651856455,35.3159797995727],[35.92010210333778,35.3159797995727],[35.92010210333778,35.31543889269627],[35.919865651856455,35.31541808858564],[35.919865651856455,35.31498120226236],[35.919865651856455,35.3142946666115],[35.919481418199304,35.314273862500876],[35.9195700875048,35.31402421317329],[35.919481418199304,35.31402421317329],[35.91930407958831,35.31402421317329],[35.91930407958831,35.31152771989744],[35.919038071671814,35.31152771989744],[35.919038071671814,35.310133844485094],[35.91930407958831,35.310133844485094],[35.91930407958831,35.30986339104688],[35.919629200375134,35.309884195157515],[35.9195700875048,35.30930168005982],[35.91992476472679,35.30932248417045],[35.919865651856455,35.3090312266216],[35.920161216208115,35.30905203073223],[35.92013165977295,35.308739969072754],[35.92045678055977,35.30871916496212],[35.9204272241246,35.308469515634535],[35.92211194092905,35.308469515634535],[35.92208238449388,35.308199062196316],[35.9225848438917,35.308199062196316],[35.92264395676203,35.307928608758104],[35.922969077548856,35.307928608758104],[35.92320552903018,35.307928608758104],[35.92320552903018,35.30774137176241],[35.92320552903018,35.30761654709862],[35.92320552903018,35.30736689777103],[35.92279173893786,35.30736689777103],[35.92273262606753,35.30736689777103],[35.92264395676203,35.30736689777103],[35.92264395676203,35.30707564022219],[35.92090012708726,35.30713805255408],[35.92095923995759,35.3068259908946],[35.920693232041096,35.30680518678397],[35.920693232041096,35.30570256892047],[35.92090012708726,35.30566096069921],[35.92095923995759,35.30514085793341],[35.92119569143891,35.30514085793341],[35.92125480430924,35.304579146946345],[35.92264395676203,35.304579146946345],[35.92264395676203,35.304308693508126],[35.922909964678524,35.304308693508126],[35.922909964678524,35.30351813730411],[35.92181637657739,35.30347652908284],[35.92181637657739,35.303705374299795],[35.92152081222574,35.30374698252106],[35.92152081222574,35.304079848291174],[35.92072278847626,35.304079848291174],[35.92072278847626,35.30351813730411],[35.9204272241246,35.30347652908284],[35.9204272241246,35.303206075644624],[35.92013165977295,35.303206075644624],[35.92013165977295,35.30220747833429],[35.92010210333778,35.30212426189176],[35.919865651856455,35.302082653670496],[35.919865651856455,35.300980035807],[35.920161216208115,35.300980035807],[35.92013165977295,35.30041832481994],[35.9204272241246,35.30041832481994],[35.9204272241246,35.30014787138172],[35.92072278847626,35.30016867549235],[35.920693232041096,35.29985661383287],[35.920929683522424,35.29983580972224],[35.92095923995759,35.2992949028458],[35.921313917179575,35.299315706956435],[35.92125480430924,35.29848354253115],[35.92152081222574,35.29852515075242],[35.92152081222574,35.29792183154409],[35.92169815083673,35.29792183154409],[35.92181637657739,35.29792183154409],[35.92181637657739,35.297547357552716],[35.92181637657739,35.29652795613174],[35.92211194092905,35.296507152021114],[35.92208238449388,35.295425338268245],[35.922289279540045,35.29546694648951],[35.92234839241038,35.29457236973233],[35.92264395676203,35.29457236973233],[35.92264395676203,35.2940314628559],[35.922909964678524,35.2940314628559],[35.92288040824336,35.29324090665188],[35.92264395676203,35.293199298430615],[35.92264395676203,35.29311608198809],[35.92264395676203,35.29290804088177],[35.922289279540045,35.29290804088177],[35.922289279540045,35.29263758744355],[35.92208238449388,35.29263758744355],[35.92208238449388,35.29207587645649],[35.922289279540045,35.29211748467775],[35.92234839241038,35.29070280515477],[35.92187548944772,35.29070280515477],[35.92181637657739,35.29041154760592],[35.921313917179575,35.29041154760592],[35.92095923995759,35.29041154760592],[35.92095923995759,35.29014109416771],[35.92125480430924,35.29014109416771],[35.92125480430924,35.289579383180644],[35.92095923995759,35.289579383180644],[35.92095923995759,35.28874721875536],[35.92125480430924,35.28874721875536],[35.92125480430924,35.2881855077683],[35.92095923995759,35.2881855077683],[35.92095923995759,35.287082889904795],[35.92125480430924,35.287082889904795],[35.92125480430924,35.28625072547951],[35.92152081222574,35.28631313781141],[35.92152081222574,35.28485685006717],[35.921313917179575,35.28485685006717],[35.92125480430924,35.28485685006717],[35.92125480430924,35.28458639662895],[35.92113657856858,35.28458639662895],[35.92095923995759,35.28458639662895],[35.92095923995759,35.28406629386315],[35.92095923995759,35.28375423220367],[35.92087057065209,35.28375423220367],[35.920693232041096,35.28375423220367],[35.92072278847626,35.28290126366775],[35.9204272241246,35.28292206777839],[35.9204272241246,35.28236035679132],[35.92013165977295,35.28236035679132],[35.92013165977295,35.28152819236604],[35.920486336994934,35.28152819236604],[35.9204272241246,35.27680565925257],[35.92075234491143,35.2768264633632],[35.920693232041096,35.276535205814355],[35.920841014216926,35.276535205814355],[35.92095923995759,35.276535205814355],[35.92095923995759,35.275973494827284],[35.92090012708726,35.275973494827284],[35.920693232041096,35.275973494827284],[35.920693232041096,35.27541178384022],[35.92095923995759,35.27541178384022],[35.92095923995759,35.274850072853155],[35.92125480430924,35.274850072853155],[35.92125480430924,35.273185744002596],[35.92152081222574,35.273185744002596],[35.92152081222574,35.27291529056438],[35.92178682014222,35.27291529056438],[35.92181637657739,35.27235357957731],[35.92211194092905,35.272374383687946],[35.92208238449388,35.271812672700875],[35.92240750528071,35.27183347681151],[35.92234839241038,35.2709805082756],[35.92264395676203,35.2709805082756],[35.92264395676203,35.270418797288535],[35.922909964678524,35.270418797288535],[35.922909964678524,35.267922304012686],[35.92308730328952,35.267922304012686],[35.92320552903018,35.267922304012686],[35.92320552903018,35.267818283459526],[35.92320552903018,35.26763104646384],[35.92335331120601,35.26763104646384],[35.92347153694667,35.26763104646384],[35.92347153694667,35.26752702591068],[35.92347153694667,35.26736059302562],[35.9236193191225,35.26736059302562],[35.923737544863165,35.26736059302562],[35.923737544863165,35.267277376583095],[35.923737544863165,35.26679888203856],[35.92403310921482,35.26679888203856],[35.92403310921482,35.26671566559603],[35.92403310921482,35.26652842860034],[35.923737544863165,35.26652842860034],[35.923737544863165,35.26625797516213],[35.924062665649984,35.26625797516213],[35.924062665649984,35.265925109392015],[35.923737544863165,35.265966717613274],[35.923737544863165,35.265696264175055],[35.92409222208515,35.265696264175055],[35.92403310921482,35.263740677775644],[35.92429911713131,35.263740677775644],[35.92429911713131,35.263491028448065],[35.92429911713131,35.26319977089921],[35.92403310921482,35.26319977089921],[35.92403310921482,35.26236760647393],[35.92432867356648,35.26232599825267],[35.92429911713131,35.262076348925085],[35.92453556861263,35.262076348925085],[35.924594681482965,35.261805895486866],[35.92483113296429,35.261764287265606],[35.92486068939946,35.261535442048654],[35.92506758444562,35.261535442048654],[35.92509714088079,35.261473029716754],[35.92512669731595,35.2612441844998],[35.92598383393575,35.2612441844998],[35.92598383393575,35.26151463793802],[35.92607250324125,35.261535442048654],[35.92624984185225,35.261535442048654],[35.92624984185225,35.26163946260181],[35.92624984185225,35.261805895486866],[35.92642718046324,35.261805895486866],[35.926515849768734,35.261805895486866],[35.926515849768734,35.261909916040025],[35.926515849768734,35.262076348925085],[35.92678185768523,35.262076348925085],[35.92707742203689,35.262076348925085],[35.927106978472054,35.26232599825267],[35.927166091342386,35.26236760647393],[35.92737298638854,35.26236760647393],[35.92737298638854,35.26247162702709],[35.92737298638854,35.26263805991215],[35.927638994305035,35.26263805991215],[35.927638994305035,35.26290851335037],[35.92876213884133,35.26284610101847],[35.92876213884133,35.26263805991215],[35.92944193685014,35.26263805991215],[35.92985572694246,35.26263805991215],[35.92985572694246,35.26245082291646],[35.92985572694246,35.26236760647393],[35.93003306555345,35.26236760647393],[35.93012173485895,35.26232599825267],[35.930151291294116,35.262076348925085],[35.93035818634028,35.26203474070382],[35.93041729921061,35.261805895486866],[35.930535524951274,35.261805895486866],[35.9306833071271,35.261805895486866],[35.9306833071271,35.26159785438055],[35.9306833071271,35.2612441844998],[35.930919758608425,35.26128579272107],[35.93097887147876,35.2612441844998],[35.93097887147876,35.26097373106158],[35.93080153286776,35.26097373106158],[35.9306833071271,35.26097373106158],[35.93071286356226,35.26068247351274],[35.93124487939525,35.26068247351274],[35.931303992265576,35.260453628295785],[35.931540443746904,35.26041202007452],[35.93157000018207,35.260183174857566],[35.9318064516634,35.26014156663631],[35.9318064516634,35.25987111319809],[35.9318064516634,35.259309402211024],[35.93213157245022,35.25926779398976],[35.932072459579885,35.25874769122396],[35.93263403184804,35.25874769122396],[35.93263403184804,35.2585812583389],[35.93263403184804,35.25818598023689],[35.93292959619969,35.25818598023689],[35.93292959619969,35.25749944458603],[35.93292959619969,35.25610556917369],[35.93287048332936,35.256001548620524],[35.93263403184804,35.2559807445099],[35.9326635882832,35.25566868285041],[35.932368023931545,35.255689486961046],[35.932368023931545,35.255148580084615],[35.932072459579885,35.255148580084615],[35.932072459579885,35.25485732253576],[35.932368023931545,35.25485732253576],[35.932368023931545,35.25458686909755],[35.933136491245854,35.25458686909755],[35.933195604116186,35.25431641565933],[35.93357983777334,35.25431641565933],[35.93375717638433,35.25431641565933],[35.93375717638433,35.25419159099554],[35.93375717638433,35.25402515811049],[35.93390495856016,35.25402515811049],[35.933964071430495,35.25402515811049],[35.93402318430082,35.25375470467227],[35.934289192217314,35.25375470467227],[35.93431874865248,35.2520903758217],[35.934584756568974,35.2520903758217],[35.934584756568974,35.25194474704728],[35.934584756568974,35.25179911827286],[35.93479165161513,35.25179911827286],[35.93485076448546,35.25152866483464],[35.935116772401955,35.25152866483464],[35.93514632883712,35.251258211396426],[35.93547144962394,35.25127901550705],[35.93547144962394,35.250696500409354],[35.93597390902176,35.250696500409354],[35.93597390902176,35.2505300675243],[35.93597390902176,35.25042604697114],[35.936121691197584,35.25042604697114],[35.93623991693825,35.25042604697114],[35.93623991693825,35.25013478942229],[35.93623991693825,35.24959388254586],[35.93650592485474,35.24959388254586],[35.93650592485474,35.24951066610333],[35.93653548128991,35.249302624997014],[35.93706749712289,35.24932342910764],[35.937097053558055,35.249032171558795],[35.93736306147455,35.249032171558795],[35.93736306147455,35.24847046057173],[35.93768818226137,35.24847046057173],[35.937629069391036,35.24820000713351],[35.93819064165918,35.24820000713351],[35.93819064165918,35.24763829614645],[35.93848620601084,35.247679904367715],[35.93848620601084,35.247076585159384],[35.93875221392734,35.247076585159384],[35.93875221392734,35.24695176049559],[35.93875221392734,35.246806131721165],[35.938929552538326,35.246806131721165],[35.939018221843824,35.246806131721165],[35.939018221843824,35.24641085361915],[35.939018221843824,35.24541225630882],[35.93928422976032,35.24547466864072],[35.939313786195484,35.24541225630882],[35.939313786195484,35.245141802870606],[35.93949112480647,35.245141802870606],[35.93957979411197,35.24503778231744],[35.93957979411197,35.244580091883535],[35.9399049148988,35.24460089599417],[35.93987535846363,35.24401838089647],[35.94011180994496,35.24408079322837],[35.94014136638012,35.24347747402004],[35.940318704991114,35.24347747402004],[35.94040737429661,35.24347747402004],[35.94040737429661,35.24331104113498],[35.94040737429661,35.242915763032975],[35.940673382213106,35.242915763032975],[35.94070293864827,35.24264530959476],[35.94096894656476,35.24264530959476],[35.94096894656476,35.24125143418241],[35.941294067351585,35.24127223829304],[35.94126451091642,35.240689723195345],[35.941530518832906,35.24073133141661],[35.941530518832906,35.23958710533185],[35.94173741387907,35.23958710533185],[35.9417965267494,35.23958710533185],[35.9417965267494,35.23908780667668],[35.9417965267494,35.238463683357715],[35.9418851960549,35.238526095689615],[35.94235809901755,35.238526095689615],[35.94235809901755,35.237922776481284],[35.94268321980437,35.237922776481284],[35.94262410693404,35.23763151893244],[35.94277188910987,35.23763151893244],[35.94291967128569,35.23763151893244],[35.94291967128569,35.237173828498534],[35.94291967128569,35.23652890106894],[35.94309700989669,35.23652890106894],[35.94318567920219,35.23642488051578],[35.94318567920219,35.23596719008187],[35.94354035642418,35.23596719008187],[35.943747251470334,35.23596719008187],[35.94371769503517,35.2354678914267],[35.94401325938683,35.23540547909481],[35.94401325938683,35.23532226265228],[35.94401325938683,35.23513502565659],[35.94424971086815,35.23513502565659],[35.94430882373848,35.23486457221838],[35.94451571878464,35.23492698455027],[35.94454527521981,35.234843768107744],[35.944574831654975,35.23374115024424],[35.944870396006635,35.23374115024424],[35.944870396006635,35.23320024336781],[35.94513640392312,35.23320024336781],[35.94513640392312,35.23236807894253],[35.94537285540445,35.23236807894253],[35.945402411839616,35.231806367955464],[35.9456684197561,35.23186878028736],[35.94569797619127,35.2312446569684],[35.94596398410776,35.2312446569684],[35.94596398410776,35.23041249254312],[35.94631866132975,35.23043329665375],[35.94625954845942,35.229580328117834],[35.94652555637591,35.229580328117834],[35.94652555637591,35.22901861713077],[35.94676200785724,35.22901861713077],[35.946791564292404,35.228186452705486],[35.94705757220889,35.228186452705486],[35.94705757220889,35.22808243215233],[35.94708712864406,35.227915999267275],[35.9478260395232,35.227915999267275],[35.9479147088287,35.227915999267275],[35.9479147088287,35.227645545829056],[35.94818071674519,35.227645545829056],[35.94818071674519,35.22625167041671],[35.948476281096845,35.22631408274861],[35.948476281096845,35.2259812169785],[35.94818071674519,35.2259812169785],[35.94818071674519,35.22458734156615],[35.94850583753201,35.22458734156615],[35.948476281096845,35.223755177140866],[35.948771845448505,35.223755177140866],[35.94874228901334,35.2231934661538],[35.94897874049467,35.2231934661538],[35.94903785336499,35.22236130172852],[35.94933341771665,35.22236130172852],[35.949303861281486,35.221799590741455],[35.94951075632765,35.221799590741455],[35.949599425633146,35.21472619312656],[35.94956986919798,35.214601368462766],[35.949303861281486,35.21458056435213],[35.949303861281486,35.21343633826737],[35.949303861281486,35.21331151360358],[35.949303861281486,35.213186688939786],[35.949924546419965,35.21320749305042],[35.94986543354963,35.212645782063355],[35.950072328595795,35.21270819439525],[35.95010188503096,35.21262497795272],[35.95013144146613,35.21208407107629],[35.95030878007712,35.212104875186924],[35.95042700581778,35.21208407107629],[35.95042700581778,35.211938442301864],[35.95042700581778,35.211522360089226],[35.95066345729911,35.211522360089226],[35.95069301373427,35.210419742225724],[35.95095902165077,35.210419742225724],[35.95095902165077,35.20958757780045],[35.95131369887275,35.20958757780045],[35.95125458600242,35.20846415582631],[35.95149103748375,35.20850576404758],[35.951520593918914,35.20763199140103],[35.95172748896507,35.20769440373293],[35.951757045400235,35.207611187290404],[35.95181615827057,35.206529373537535],[35.95208216618706,35.206529373537535],[35.95208216618706,35.20542675567404],[35.95228906123322,35.20542675567404],[35.952348174103555,35.20403288026169],[35.95270285132554,35.204095292593585],[35.95264373845521,35.20290945828756],[35.952880189936536,35.20290945828756],[35.9529097463717,35.201245129437],[35.95311664141786,35.20128673765826],[35.95311664141786,35.194296556485895],[35.9529097463717,35.194296556485895],[35.952880189936536,35.193797257830724],[35.95264373845521,35.193755649609464],[35.95264373845521,35.19329795917556],[35.95261418202004,35.193214742733026],[35.952348174103555,35.1931939386224],[35.952348174103555,35.19269463996723],[35.952348174103555,35.19236177419712],[35.95225950479806,35.19236177419712],[35.95208216618706,35.19236177419712],[35.95208216618706,35.19127996044425],[35.95181615827057,35.191259156333615],[35.95181615827057,35.19063503301466],[35.951520593918914,35.19069744534655],[35.951520593918914,35.190510208350865],[35.95149103748375,35.190447796018965],[35.95125458600242,35.19042699190834],[35.95125458600242,35.19009412613822],[35.95125458600242,35.18986528092127],[35.95110680382659,35.1898860850319],[35.95095902165077,35.18986528092127],[35.95095902165077,35.18976126036811],[35.95095902165077,35.18957402337242],[35.95069301373427,35.18957402337242],[35.95069301373427,35.189303569934204],[35.95013144146613,35.189261961712944],[35.95013144146613,35.18903311649599],[35.94927430484632,35.189095528827885],[35.949303861281486,35.18874185894714],[35.94838761179135,35.18874185894714],[35.948298942485856,35.18874185894714],[35.94818071674519,35.18874185894714],[35.94818071674519,35.18847140550892],[35.94652555637591,35.18847140550892],[35.94646644350558,35.188721054836506],[35.946348217764914,35.18874185894714],[35.9456684197561,35.18874185894714],[35.94569797619127,35.188284168513235],[35.94563886332094,35.18822175618134],[35.945402411839616,35.18820095207071],[35.94543196827478,35.18788889041123],[35.944870396006635,35.187909694521856],[35.9448999524418,35.187680849304904],[35.944574831654975,35.187639241083644],[35.944574831654975,35.18749361230922],[35.944574831654975,35.187368787645426],[35.94430882373848,35.187368787645426],[35.94430882373848,35.18707753009657],[35.94371769503517,35.18707753009657],[35.943747251470334,35.18547561357791],[35.94348124355385,35.185413201246014],[35.94348124355385,35.18468505737389],[35.943422130683516,35.184601840931364],[35.94318567920219,35.18458103682073],[35.94318567920219,35.184331387493145],[35.94250588119338,35.184331387493145],[35.94235809901755,35.184331387493145],[35.94235809901755,35.18401932583367],[35.94126451091642,35.18401932583367],[35.941294067351585,35.184331387493145],[35.94049604360211,35.18431058338251],[35.94040737429661,35.18431058338251],[35.94040737429661,35.18401932583367],[35.94002314063946,35.18401932583367],[35.93987535846363,35.18401932583367],[35.93987535846363,35.183894501169874],[35.9398162455933,35.18376967650608],[35.93957979411197,35.18374887239545],[35.93957979411197,35.183478418957236],[35.93928422976032,35.183478418957236],[35.939313786195484,35.183187161408384],[35.93898866540866,35.183187161408384],[35.93875221392734,35.183187161408384],[35.93875221392734,35.18306233674459],[35.93875221392734,35.18291670797017],[35.93827931096468,35.18291670797017],[35.93822019809435,35.182875099748905],[35.93819064165918,35.18264625453195],[35.93768818226137,35.18268786275322],[35.937629069391036,35.1823549969831],[35.93653548128991,35.1823549969831],[35.93653548128991,35.18208454354489],[35.936269473373414,35.18212615176615],[35.93623991693825,35.18181409010667],[35.9356783446701,35.18181409010667],[35.93541233675361,35.18181409010667],[35.93541233675361,35.18171006955351],[35.93541233675361,35.181522832557825],[35.93408229717115,35.181522832557825],[35.93402318430082,35.181252379119606],[35.93346161203267,35.18127318323024],[35.93346161203267,35.18098192568139],[35.931540443746904,35.18098192568139],[35.931540443746904,35.18069066813254],[35.93127443583042,35.18073227635381],[35.93124487939525,35.18042021469432],[35.93071286356226,35.18048262702622],[35.9306833071271,35.18012895714548],[35.93047641208094,35.180108153034844],[35.93041729921061,35.17985850370726],[35.93026951703478,35.17985850370726],[35.930151291294116,35.17985850370726],[35.930151291294116,35.17971287493283],[35.930151291294116,35.17958805026904],[35.930003509118286,35.17958805026904],[35.92985572694246,35.17958805026904],[35.92985572694246,35.17948402971588],[35.92985572694246,35.179296792720194],[35.92967838833147,35.179296792720194],[35.92958971902597,35.179296792720194],[35.92958971902597,35.179026339281975],[35.92920548536882,35.179026339281975],[35.92902814675782,35.179026339281975],[35.92902814675782,35.17890151461818],[35.92896903388749,35.17875588584376],[35.92876213884133,35.17875588584376],[35.92876213884133,35.17844382418428],[35.928466574489676,35.17846462829491],[35.928466574489676,35.178277391299225],[35.92843701805451,35.178214978967326],[35.92820056657318,35.1781941748567],[35.92820056657318,35.17792372141848],[35.92790500222152,35.17792372141848],[35.92790500222152,35.17763246386963],[35.927638994305035,35.17763246386963],[35.927638994305035,35.17748683509521],[35.9275798814347,35.17738281454204],[35.92737298638854,35.177362010431416],[35.92737298638854,35.17704994877193],[35.92707742203689,35.1770915569932],[35.92704786560172,35.17684190766561],[35.926811414120394,35.17680029944435],[35.92675230125006,35.1765714542274],[35.92669318837973,35.176550650116766],[35.926515849768734,35.17652984600613],[35.926515849768734,35.17613456790412],[35.926486293333575,35.1759889391297],[35.92624984185225,35.17596813501907],[35.92627939828741,35.1754688363639],[35.92630895472258,35.17538561992137],[35.92598383393575,35.175406424032005],[35.92598383393575,35.17451184727482],[35.925895164630255,35.174324610279136],[35.9256882695841,35.1743038061685],[35.9256882695841,35.173887723955865],[35.92562915671377,35.173783703402705],[35.925422261667606,35.17374209518144],[35.92548137453794,35.173513249964486],[35.92403310921482,35.17347164174322],[35.92403310921482,35.173284404747534],[35.923973996344486,35.17322199241564],[35.923737544863165,35.17320118830501],[35.923737544863165,35.172805910202996],[35.923737544863165,35.17272269376047],[35.923737544863165,35.172639477317944],[35.92347153694667,35.172639477317944],[35.92347153694667,35.17180731289266],[35.923707988428,35.17186972522455],[35.923737544863165,35.17153685945444],[35.924062665649984,35.17151605534381],[35.92403310921482,35.171245601905596],[35.924210447825814,35.171245601905596],[35.92429911713131,35.171245601905596],[35.92429911713131,35.17107916902054],[35.92429911713131,35.17070469502916],[35.92450601217747,35.17072549913979],[35.9245651250478,35.1706630868079],[35.924594681482965,35.170142984042094],[35.92486068939946,35.170142984042094],[35.92486068939946,35.16958127305503],[35.92515625375111,35.16958127305503],[35.92512669731595,35.16874910862975],[35.925422261667606,35.16874910862975],[35.925422261667606,35.166523068792124],[35.925717826019266,35.16650226468149],[35.9256882695841,35.16569090436684],[35.925895164630255,35.165711708477474],[35.92598383393575,35.16512919337978],[35.92624984185225,35.16512919337978],[35.92624984185225,35.16458828650334],[35.9265454062039,35.16458828650334],[35.926515849768734,35.16375612207806],[35.92675230125006,35.16375612207806],[35.926811414120394,35.16292395765278],[35.92713653490722,35.162903153542146],[35.92707742203689,35.16096837125337],[35.92731387351821,35.16096837125337],[35.92731387351821,35.160885154810835],[35.927343429953375,35.15668272446317],[35.92737298638854,35.15653709568874],[35.92725476064788,35.15653709568874],[35.92707742203689,35.15653709568874],[35.92713653490722,35.15630825047179],[35.926515849768734,35.15630825047179],[35.926515849768734,35.15597538470168],[35.92636806759291,35.15597538470168],[35.92624984185225,35.15597538470168],[35.92624984185225,35.155850560037884],[35.92624984185225,35.155684127152824],[35.925717826019266,35.15570493126346],[35.9256882695841,35.15541367371461],[35.925274479491776,35.15541367371461],[35.92512669731595,35.15541367371461],[35.92512669731595,35.15485196272755],[35.92512669731595,35.154727138063755],[35.92512669731595,35.15458150928933],[35.92497891514012,35.15458150928933],[35.92486068939946,35.15458150928933],[35.92486068939946,35.154456684625536],[35.92486068939946,35.15431105585111],[35.92468335078846,35.15431105585111],[35.924594681482965,35.15431105585111],[35.924594681482965,35.154019798302265],[35.924062665649984,35.154019798302265],[35.924062665649984,35.153312458540775],[35.92403310921482,35.15318763387698],[35.923737544863165,35.15318763387698],[35.923737544863165,35.1524178817836],[35.92347153694667,35.1523554694517],[35.92347153694667,35.151752150243375],[35.92347153694667,35.151252851588204],[35.92326464190051,35.151252851588204],[35.92317597259501,35.151252851588204],[35.92320552903018,35.15096159403935],[35.92285085180819,35.15100320226062],[35.922909964678524,35.15069114060114],[35.92273262606753,35.15069114060114],[35.92264395676203,35.15069114060114],[35.92264395676203,35.15042068716292],[35.92225972310488,35.15042068716292],[35.92208238449388,35.15042068716292],[35.92208238449388,35.150337470720395],[35.92208238449388,35.150129429614076],[35.9204272241246,35.150129429614076],[35.920397667689436,35.15031666660976],[35.92019077264328,35.15042068716292],[35.91930407958831,35.15042068716292],[35.91930407958831,35.15069114060114],[35.919038071671814,35.15069114060114],[35.919038071671814,35.15058712004798],[35.919038071671814,35.15042068716292],[35.918535612274,35.15042068716292],[35.918180935052014,35.15042068716292],[35.918180935052014,35.15029586249913],[35.918180935052014,35.150129429614076],[35.91785581426519,35.150129429614076],[35.917737588524524,35.150129429614076],[35.917648919219026,35.15010862550344],[35.917648919219026,35.14985897617586],[35.916880451904724,35.14990058439712],[35.916791782599226,35.14958852273764],[35.916496218247566,35.14958852273764],[35.916496218247566,35.14929726518879],[35.916259766766245,35.14929726518879],[35.916259766766245,35.14792419388708],[35.916496218247566,35.14792419388708],[35.91652577468273,35.147632936338226],[35.916791782599226,35.147632936338226],[35.916791782599226,35.147362482900014],[35.91705779051571,35.147362482900014],[35.91705779051571,35.14727926645748],[35.91708734695088,35.14625986503651],[35.916791782599226,35.14625986503651],[35.916791782599226,35.14571895816008],[35.916791782599226,35.1454068965006],[35.916584887553064,35.145365288279336],[35.91652577468273,35.145136443062384],[35.91631887963657,35.145136443062384],[35.916259766766245,35.145136443062384],[35.916259766766245,35.144865989624165],[35.91569819449809,35.14490759784543],[35.91569819449809,35.14428347452647],[35.91540263014644,35.1443042786371],[35.91546174301677,35.14318085666297],[35.915136622229944,35.143201660773606],[35.915136622229944,35.142910403224754],[35.914131703434315,35.142910403224754],[35.91401347769365,35.142910403224754],[35.91401347769365,35.14263994978654],[35.913511018295836,35.142702362118435],[35.91348146186067,35.14236949634832],[35.913363236120006,35.14236949634832],[35.91318589750901,35.14236949634832],[35.91318589750901,35.1422238675739],[35.91318589750901,35.14207823879947],[35.91289033315735,35.142099042910104],[35.91265388167603,35.14207823879947],[35.91265388167603,35.14180778536126],[35.91289033315735,35.14180778536126],[35.91289033315735,35.14093401271471],[35.91265388167603,35.140975620935976],[35.91265388167603,35.14068436338712],[35.91286077672219,35.14068436338712],[35.912919889592516,35.14014345651069],[35.91274255098153,35.14014345651069],[35.91265388167603,35.14014345651069],[35.91265388167603,35.13985219896185],[35.91235831732437,35.13985219896185],[35.91235831732437,35.13889520987277],[35.9123287608892,35.138749581098345],[35.91209230940788,35.138749581098345],[35.91209230940788,35.13791741667306],[35.91179674505622,35.13791741667306],[35.91179674505622,35.137355705686],[35.91153073713973,35.137355705686],[35.91153073713973,35.136211479601236],[35.91153073713973,35.13610745904808],[35.9114716242694,35.13600343849492],[35.91126472922324,35.13596183027365],[35.91132384209357,35.13569137683544],[35.91096916487158,35.13569137683544],[35.91096916487158,35.13552494395038],[35.91096916487158,35.13542092339722],[35.91088049556608,35.13542092339722],[35.910703156955094,35.13542092339722],[35.910703156955094,35.13488001652079],[35.910407592603434,35.134859212410156],[35.910466705473766,35.13408946031677],[35.910466705473766,35.13400624387424],[35.91014158468695,35.13402704798487],[35.91014158468695,35.13338212055528],[35.91014158468695,35.13329890411275],[35.910082471816615,35.13321568767022],[35.90987557677045,35.13319488355959],[35.90990513320562,35.13288282190011],[35.90875243223416,35.13292443012138],[35.90875243223416,35.132633172572525],[35.90875243223416,35.132362719134306],[35.908486424317665,35.132362719134306],[35.90851598075283,35.13207146158546],[35.908190859966005,35.132092265696095],[35.908190859966005,35.130968843721966],[35.908486424317665,35.130968843721966],[35.908486424317665,35.13013667929668],[35.908338642141835,35.13013667929668],[35.908190859966005,35.13013667929668],[35.908190859966005,35.129866225858464],[35.90792485204952,35.129866225858464],[35.90792485204952,35.13013667929668],[35.90762928769786,35.13013667929668],[35.90759973126269,35.12990783407973],[35.90736327978137,35.129866225858464],[35.90736327978137,35.12974140119467],[35.90736327978137,35.12957496830962],[35.90727461047587,35.12957496830962],[35.90706771542971,35.12957496830962],[35.90712682830004,35.129013257322555],[35.90680170751322,35.12903406143318],[35.90680170751322,35.128742803884336],[35.90715638473521,35.12876360799497],[35.90706771542971,35.128201897007905],[35.90727461047587,35.128201897007905],[35.90736327978137,35.128201897007905],[35.90736327978137,35.12707847503377],[35.90709727186488,35.12707847503377],[35.90706771542971,35.12680802159556],[35.90694948968905,35.12680802159556],[35.90680170751322,35.12680802159556],[35.90680170751322,35.126516764046706],[35.90680170751322,35.126246310608494],[35.90668348177256,35.126246310608494],[35.90653569959673,35.126246310608494],[35.90653569959673,35.125975857170275],[35.9062992481154,35.125975857170275],[35.9062992481154,35.12433233243034],[35.905974127328584,35.12431152831971],[35.905974127328584,35.12412429132402],[35.905974127328584,35.12402027077086],[35.905885458023086,35.124082683102756],[35.905678562976924,35.12402027077086],[35.905678562976924,35.12329212689874],[35.905678562976924,35.12318810634558],[35.90541255506043,35.12318810634558],[35.905442111495596,35.12048357196341],[35.905442111495596,35.120400355520886],[35.90514654714394,35.12042115963152],[35.90514654714394,35.12012990208267],[35.90485098279228,35.12012990208267],[35.90485098279228,35.119859448644455],[35.904584974875796,35.119859448644455],[35.904584974875796,35.119693015759395],[35.904584974875796,35.119588995206236],[35.9044076362648,35.119588995206236],[35.90434852339447,35.11952658287434],[35.9043189669593,35.11929773765739],[35.901481549183394,35.119318541768024],[35.901540662053726,35.11902728421917],[35.90136332344273,35.11902728421917],[35.90124509770207,35.11902728421917],[35.90124509770207,35.11890245955538],[35.90121554126691,35.11875683078095],[35.90097908978558,35.11875683078095],[35.90097908978558,35.118527985564],[35.90068352543392,35.118527985564],[35.90068352543392,35.11819511979389],[35.89929437298113,35.11819511979389],[35.89929437298113,35.118527985564],[35.89876235714815,35.11846557323211],[35.89867368784265,35.11875683078095],[35.898585018537155,35.11875683078095],[35.897905220528344,35.11875683078095],[35.897875664093185,35.11908969655107],[35.89737320469536,35.11902728421917],[35.8973436482602,35.119256129436124],[35.897107196778876,35.119318541768024],[35.896811632427216,35.11929773765739],[35.896811632427216,35.11902728421917],[35.89604316511291,35.11902728421917],[35.89568848789092,35.11902728421917],[35.89568848789092,35.11890245955538],[35.89562937502059,35.118777634891586],[35.89542247997443,35.11875683078095],[35.89542247997443,35.11848637734274],[35.895126915622775,35.11846557323211],[35.895126915622775,35.11831994445768],[35.895126915622775,35.11819511979389],[35.89486090770628,35.11819511979389],[35.89489046414145,35.11511611142035],[35.89459489978979,35.11513691553098],[35.89459489978979,35.11480404976087],[35.89459489978979,35.11457520454392],[35.894299335438134,35.11457520454392],[35.894299335438134,35.1143047511057],[35.89409244039197,35.1143047511057],[35.89403332752164,35.1143047511057],[35.89403332752164,35.11403429766748],[35.89373776316999,35.11403429766748],[35.89373776316999,35.113743040118635],[35.89347175525349,35.113743040118635],[35.89347175525349,35.113472586680416],[35.89332397307766,35.113472586680416],[35.893205747337,35.113472586680416],[35.893205747337,35.1132021332422],[35.89291018298535,35.11318132913157],[35.89291018298535,35.11236996881692],[35.8931170780315,35.11236996881692],[35.893205747337,35.11132976328532],[35.89317619090183,35.111246546842786],[35.89291018298535,35.111246546842786],[35.89291018298535,35.11068483585572],[35.8931170780315,35.11072644407699],[35.893205747337,35.11041438241751],[35.89305796516118,35.11041438241751],[35.89291018298535,35.11041438241751],[35.89291018298535,35.10983186731981],[35.89291018298535,35.109686238545386],[35.89288062655018,35.10960302210286],[35.89264417506885,35.10958221799223],[35.892703287939185,35.10931176455401],[35.892082602800706,35.10931176455401],[35.892082602800706,35.10912452755832],[35.892082602800706,35.10902050700516],[35.89181659488421,35.10902050700516],[35.89181659488421,35.10875005356694],[35.8912254661809,35.10875005356694],[35.891107240440235,35.10875005356694],[35.89098901469958,35.10868764123505],[35.89095945826441,35.108479600128724],[35.89069345034792,35.10852120834999],[35.89069345034792,35.10818834257988],[35.89013187807977,35.10818834257988],[35.89013187807977,35.10791788914166],[35.88989542659844,35.10791788914166],[35.88986587016328,35.10764743570345],[35.889038289978636,35.10764743570345],[35.889038289978636,35.107356178154596],[35.88770825039618,35.107356178154596],[35.88770825039618,35.10710652882701],[35.887353573174195,35.10708572471638],[35.887353573174195,35.10617034384857],[35.887353573174195,35.10608712740604],[35.887353573174195,35.10596230274225],[35.8870875652577,35.10596230274225],[35.8870875652577,35.10542139586582],[35.88732401673903,35.10542139586582],[35.88732401673903,35.10492209721065],[35.8870875652577,35.104859684878754],[35.8870875652577,35.104318778002316],[35.88679200090605,35.10429797389169],[35.88679200090605,35.098202369476496],[35.88711712169287,35.09822317358713],[35.8870875652577,35.09764065848943],[35.887353573174195,35.09764065848943],[35.887353573174195,35.096246783077085],[35.887649137525855,35.096246783077085],[35.887649137525855,35.095705876200654],[35.887885589007176,35.095705876200654],[35.88791514544234,35.09514416521359],[35.88815159692367,35.09514416521359],[35.888181153358836,35.09402074323946],[35.888506274145655,35.09404154735009],[35.88847671771049,35.093479836363024],[35.88868361275665,35.0934590322524],[35.88874272562698,35.09291812537596],[35.88892006423798,35.09291812537596],[35.889038289978636,35.09291812537596],[35.889038289978636,35.09271008426964],[35.889038289978636,35.092356414388895],[35.8892451850248,35.092356414388895],[35.8892451850248,35.09227319794637],[35.88930429789513,35.092085960950676],[35.88959986224679,35.092148373282576],[35.889570305811624,35.09152424996361],[35.88986587016328,35.09152424996361],[35.88986587016328,35.0912537965254],[35.89007276520944,35.09131620885729],[35.89016143451494,35.09127460063603],[35.89013187807977,35.09096253897655],[35.890427442431424,35.09096253897655],[35.890427442431424,35.090692085538336],[35.89069345034792,35.090692085538336],[35.89069345034792,35.090130374551265],[35.89090034539408,35.090130374551265],[35.89095945826441,35.08875730324955],[35.89128457905123,35.08875730324955],[35.89128457905123,35.088674086807025],[35.891255022616065,35.08596955242486],[35.89149147409739,35.08596955242486],[35.89152103053256,35.08403477013608],[35.89175748201388,35.08403477013608],[35.89181659488421,35.08264089472373],[35.892082602800706,35.08270330705563],[35.892082602800706,35.08008198911599],[35.89181659488421,35.08014440144789],[35.89181659488421,35.079790731567144],[35.89181659488421,35.079582690460825],[35.891698369143555,35.079582690460825],[35.89152103053256,35.079582690460825],[35.89152103053256,35.07825122738037],[35.89149147409739,35.07787675338899],[35.891255022616065,35.07791836161026],[35.891255022616065,35.077086197184975],[35.89095945826441,35.077086197184975],[35.89095945826441,35.074652116241026],[35.890929901829246,35.074277642249655],[35.89069345034792,35.07429844636029],[35.89069345034792,35.07375753948385],[35.890427442431424,35.07375753948385],[35.890427442431424,35.07342467371374],[35.890427442431424,35.073195828496786],[35.89013187807977,35.073195828496786],[35.89013187807977,35.07292537505857],[35.88986587016328,35.07292537505857],[35.88986587016328,35.07263411750972],[35.88977720085778,35.07263411750972],[35.889570305811624,35.07263411750972],[35.889570305811624,35.07207240652266],[35.88954074937646,35.07186436541634],[35.88930429789513,35.07180195308444],[35.88930429789513,35.07165632431001],[35.88930429789513,35.07153149964622],[35.88909740284897,35.07153149964622],[35.889038289978636,35.07153149964622],[35.889038289978636,35.07126104620801],[35.88874272562698,35.07126104620801],[35.88874272562698,35.070699335220944],[35.88868361275665,35.070699335220944],[35.88847671771049,35.070699335220944],[35.88847671771049,35.07038727356146],[35.88847671771049,35.07013762423388],[35.8882993790995,35.07013762423388],[35.888181153358836,35.07013762423388],[35.888181153358836,35.07001279957009],[35.888181153358836,35.06986717079566],[35.888033371183006,35.06986717079566],[35.88791514544234,35.06986717079566],[35.88791514544234,35.06974234613187],[35.88791514544234,35.06957591324681],[35.88776736326651,35.06957591324681],[35.887649137525855,35.06957591324681],[35.887649137525855,35.069409480361756],[35.887649137525855,35.0693054598086],[35.88753091178519,35.0693054598086],[35.887353573174195,35.0693054598086],[35.887353573174195,35.06922224336607],[35.887353573174195,35.06903500637038],[35.8870875652577,35.06909741870228],[35.8870875652577,35.06786997617498],[35.88679200090605,35.06791158439625],[35.88679200090605,35.06759952273677],[35.88679200090605,35.067349873409185],[35.88664421873022,35.067349873409185],[35.886525992989554,35.067349873409185],[35.886525992989554,35.06716263641349],[35.88646688011922,35.067079419970966],[35.88625998507307,35.067079419970966],[35.88625998507307,35.06610162677126],[35.886200872202735,35.0659976062181],[35.88596442072141,35.06597680210747],[35.88596442072141,35.06558152400546],[35.88593486428624,35.06543589523103],[35.88569841280491,35.0654150911204],[35.88566885636975,35.065123833571555],[35.88543240488843,35.06514463768219],[35.88543240488843,35.06425006092501],[35.88543240488843,35.06375076226984],[35.88531417914776,35.06375076226984],[35.88513684053677,35.06375076226984],[35.88513684053677,35.06318905128278],[35.88531417914776,35.06318905128278],[35.88543240488843,35.06318905128278],[35.88543240488843,35.06235688685749],[35.88525506627743,35.06235688685749],[35.88513684053677,35.06235688685749],[35.88513684053677,35.06206562930864],[35.88513684053677,35.06189919642359],[35.88513684053677,35.06181597998106],[35.88487083262028,35.06181597998106],[35.88487083262028,35.06098381555578],[35.885077727666435,35.06098381555578],[35.88513684053677,35.058466518169304],[35.88531417914776,35.058466518169304],[35.88543240488843,35.058466518169304],[35.88543240488843,35.057925611292866],[35.88543240488843,35.05653173588052],[35.88566885636975,35.05653173588052],[35.88569841280491,35.05540831390639],[35.88543240488843,35.05540831390639],[35.88543240488843,35.05291182063055],[35.88566885636975,35.05291182063055],[35.88569841280491,35.05264136719233],[35.88596442072141,35.05264136719233],[35.88596442072141,35.052079656205265],[35.88628954150823,35.05212126442653],[35.88625998507307,35.051538749328834],[35.88646688011922,35.051538749328834],[35.886525992989554,35.05124749177998],[35.8870875652577,35.05133070822251],[35.8870875652577,35.05097703834177],[35.88741268604453,35.05101864656303],[35.887353573174195,35.05068578079292],[35.887885589007176,35.050727389014185],[35.88791514544234,35.0504153273547],[35.888181153358836,35.0504153273547],[35.888181153358836,35.05014487391649],[35.888358491969825,35.05014487391649],[35.88847671771049,35.05014487391649],[35.88847671771049,35.049645575261316],[35.88847671771049,35.04875099850414],[35.88877228206215,35.04875099850414],[35.88874272562698,35.04848054506592],[35.88892006423798,35.04852215328719],[35.889038289978636,35.04848054506592],[35.889038289978636,35.0482725039596],[35.889038289978636,35.04762757653001],[35.88930429789513,35.04764838064064],[35.88930429789513,35.047086669653574],[35.88954074937646,35.04712827787484],[35.889570305811624,35.04652495866651],[35.88989542659844,35.046504154555876],[35.88986587016328,35.045963247679445],[35.890102321644605,35.045963247679445],[35.89013187807977,35.04521429969669],[35.89013187807977,35.04486062981594],[35.89030921669077,35.04492304214784],[35.8903683295611,35.04483982570532],[35.890427442431424,35.04429891882888],[35.89069345034792,35.04431972293951],[35.89069345034792,35.04350836262486],[35.89095945826441,35.0434667544036],[35.89095945826441,35.043362733850444],[35.89095945826441,35.043196300965384],[35.89119590974573,35.043196300965384],[35.891255022616065,35.04290504341653],[35.89146191766223,35.04290504341653],[35.89152103053256,35.0423641365401],[35.891787038449046,35.0423641365401],[35.89181659488421,35.04180242555304],[35.892082602800706,35.04186483788493],[35.892082602800706,35.04153197211482],[35.8922599414117,35.04153197211482],[35.8923486107172,35.04153197211482],[35.8923486107172,35.04134473511913],[35.8923486107172,35.040970261127754],[35.892555505763355,35.040970261127754],[35.89264417506885,35.040970261127754],[35.89264417506885,35.04069980768954],[35.89264417506885,35.03986764326426],[35.89288062655018,35.03990925148552],[35.89291018298535,35.03874422129013],[35.89317619090183,35.03874422129013],[35.893205747337,35.03791205686485],[35.89350131168866,35.03791205686485],[35.89347175525349,35.036809439001345],[35.89370820673482,35.036809439001345],[35.89373776316999,35.03568601702722],[35.893915101780976,35.03570682113785],[35.89403332752164,35.03568601702722],[35.89403332752164,35.0354779759209],[35.89403332752164,35.034853852601934],[35.894299335438134,35.034916264933834],[35.894299335438134,35.03375123473844],[35.89450623048429,35.03375123473844],[35.89459489978979,35.03375123473844],[35.89459489978979,35.03345997718959],[35.89459489978979,35.03235735932609],[35.89489046414145,35.03235735932609],[35.89489046414145,35.03229494699419],[35.89486090770628,35.030693030475526],[35.89506780275244,35.030693030475526],[35.895126915622775,35.029028701624966],[35.89533381066893,35.02900789751433],[35.89542247997443,35.0273643727744],[35.89568848789092,35.0273643727744],[35.89568848789092,35.027281156331874],[35.89568848789092,35.025700043923834],[35.89586582650191,35.025700043923834],[35.895984052242575,35.025700043923834],[35.895984052242575,35.025554415149415],[35.895984052242575,35.02513833293677],[35.89625006015907,35.02507592060488],[35.89625006015907,35.024035715073275],[35.8964865116404,35.024035715073275],[35.896516068075556,35.02264183966093],[35.89672296312172,35.02264183966093],[35.896811632427216,35.02264183966093],[35.896811632427216,35.02239219033334],[35.896811632427216,35.0215184176868],[35.89707764034371,35.0215184176868],[35.89707764034371,35.0204157998233],[35.897284535389865,35.0204157998233],[35.89737320469536,35.0204157998233],[35.89737320469536,35.019542027176755],[35.89737320469536,35.017648853109236],[35.89752098687119,35.0176904613305],[35.89760965617669,35.01760724488798],[35.89763921261186,35.01735759556039],[35.89781655122285,35.01735759556039],[35.897875664093185,35.017315987339124],[35.897905220528344,35.01513155572276],[35.898053002704174,35.01513155572276],[35.898200784880004,35.01513155572276],[35.898200784880004,35.01440341185064],[35.898200784880004,35.01292631999576],[35.8984667927965,35.01292631999576],[35.8984667927965,35.01269747477881],[35.89843723636133,35.0123646090087],[35.898200784880004,35.0123646090087],[35.898200784880004,35.009368817077686],[35.898200784880004,35.007912529333446],[35.89808255913934,35.007912529333446],[35.897905220528344,35.007912529333446],[35.897905220528344,35.0075588594527],[35.89784610765802,35.00739242656764],[35.89763921261186,35.00737162245701],[35.89763921261186,35.00685151969121],[35.89763921261186,35.0065186539211],[35.89752098687119,35.0065186539211],[35.89737320469536,35.0065186539211],[35.89737320469536,35.00597774704466],[35.89737320469536,35.005686489495815],[35.897284535389865,35.005686489495815],[35.89707764034371,35.005686489495815],[35.89707764034371,35.00527040728317],[35.89707764034371,35.00485432507053],[35.896900301732714,35.00485432507053],[35.896811632427216,35.00485432507053],[35.896811632427216,35.00458387163231],[35.896516068075556,35.00458387163231],[35.896516068075556,35.0043134181941],[35.8963091730294,35.004271809972835],[35.8962205037239,35.00404296475588],[35.895984052242575,35.00402216064525],[35.895984052242575,35.00368929487514],[35.89486090770628,35.00375170720704],[35.89486090770628,35.00348125376882],[35.89459489978979,35.00348125376882],[35.89459489978979,35.00337723321566],[35.89459489978979,35.00318999621997],[35.89426977900297,35.00318999621997],[35.894299335438134,35.00125521393119],[35.89409244039197,35.00125521393119],[35.89403332752164,35.00125521393119],[35.89403332752164,35.00096395638234],[35.89373776316999,35.00096395638234],[35.89373776316999,35.000693502944124],[35.89350131168866,35.00067269883349],[35.89344219881833,35.000423049505905],[35.893205747337,35.000423049505905],[35.893205747337,35.00013179195706],[35.89291018298535,35.00013179195706],[35.89291018298535,35.00000696729327],[35.89288062655018,34.999882142629474],[35.893205747337,34.999882142629474],[35.893205747337,34.99959088508063],[35.89146191766223,34.99959088508063],[35.89095945826441,34.99959088508063],[35.89095945826441,34.999466060416836],[35.89095945826441,34.99929962753178],[35.89051611173692,34.99929962753178],[35.890427442431424,34.99929962753178],[35.890427442431424,34.999029174093565],[35.89013187807977,34.999029174093565],[35.89013187807977,34.99890434942977],[35.89013187807977,34.998758720655346],[35.88998409590394,34.998758720655346],[35.88986587016328,34.998758720655346],[35.88986587016328,34.99863389599155],[35.88986587016328,34.99846746310649],[35.88971808798745,34.99846746310649],[35.889629418681956,34.998425854885234],[35.889570305811624,34.99819700966828],[35.8892451850248,34.99819700966828],[35.889038289978636,34.99819700966828],[35.889038289978636,34.99807218500449],[35.889038289978636,34.99792655623006],[35.88868361275665,34.99792655623006],[35.88874272562698,34.99763529868122],[35.88853583058082,34.997614494570584],[35.88847671771049,34.99748966990679],[35.88844716127532,34.99738564935363],[35.888181153358836,34.997364845243],[35.888210709794,34.99703197947289],[35.887649137525855,34.997073587694146],[35.887649137525855,34.99688635069846],[35.88761958109069,34.99682393836657],[35.887353573174195,34.996803134255934],[35.887353573174195,34.996532680817715],[35.88691022664671,34.996532680817715],[35.88679200090605,34.996532680817715],[35.88679200090605,34.99624142326887],[35.88646688011922,34.99624142326887],[35.88625998507307,34.99624142326887],[35.88625998507307,34.996095794494444],[35.886200872202735,34.995991773941284],[35.88596442072141,34.99597096983065],[35.88596442072141,34.995721320503065],[35.88549151775876,34.995721320503065],[35.88543240488843,34.995679712281806],[35.88543240488843,34.99540925884359],[35.88513684053677,34.99540925884359],[35.88513684053677,34.99530523829043],[35.88513684053677,34.99513880540537],[35.884752606879616,34.99513880540537],[35.884604824703786,34.995076393073475],[35.88457526826862,34.994868351967156],[35.88410236530597,34.994868351967156],[35.88404325243564,34.994577094418304],[35.88374768808398,34.994577094418304],[35.88374768808398,34.99451468208641],[35.88374768808398,34.994306640980085],[35.883304341556496,34.99432744509072],[35.88318611581583,34.99403618754187],[35.882949664334504,34.99397377520997],[35.882949664334504,34.99389055876745],[35.88292010789934,34.99374492999302],[35.882772325723515,34.99374492999302],[35.882624543547685,34.99374492999302],[35.882624543547685,34.99364090943986],[35.882624543547685,34.99347447655481],[35.88250631780702,34.99347447655481],[35.88235853563119,34.99347447655481],[35.88235853563119,34.99320402311659],[35.88203341484437,34.99320402311659],[35.882092527714704,34.99291276556774],[35.88188563266854,34.99291276556774],[35.88182651979821,34.99287115734648],[35.881796963363044,34.992642312129526],[35.88153095544655,34.992683920350785],[35.88153095544655,34.99237185869131],[35.88111716535423,34.99237185869131],[35.8809693831784,34.99237185869131],[35.8809693831784,34.99222622991688],[35.8809693831784,34.99208060114246],[35.88085115743774,34.99208060114246],[35.880703375261916,34.99208060114246],[35.880703375261916,34.9919141682574],[35.88067381882675,34.99181014770424],[35.880407810910256,34.99181014770424],[35.880407810910256,34.9915188901554],[35.88014180299377,34.9915188901554],[35.88014180299377,34.99124843671718],[35.87996446438277,34.99124843671718],[35.87984623864211,34.99124843671718],[35.87984623864211,34.99108200383212],[35.87984623864211,34.99097798327896],[35.88043736734542,34.99097798327896],[35.880407810910256,34.990416272291895],[35.88031914160476,34.990478684623795],[35.88014180299377,34.990416272291895],[35.8801122465586,34.99010421063242],[35.87931422280913,34.99014581885368],[35.87931422280913,34.98985456130483],[35.87875265054098,34.98985456130483],[35.87875265054098,34.98958410786661],[35.87792507035634,34.98958410786661],[35.87792507035634,34.9893136544284],[35.87762950600468,34.9893136544284],[35.87762950600468,34.988897572215755],[35.87765906243985,34.988751943441336],[35.877363498088194,34.988751943441336],[35.877363498088194,34.988190232454265],[35.87768861887501,34.988190232454265],[35.87762950600468,34.98631786249739],[35.87762950600468,34.98625545016549],[35.877363498088194,34.98625545016549],[35.877363498088194,34.984029410327864],[35.87768861887501,34.984029410327864],[35.87768861887501,34.983758956889645],[35.87792507035634,34.983758956889645],[35.87792507035634,34.98097120606495],[35.87765906243985,34.98097120606495],[35.877363498088194,34.98097120606495],[35.877363498088194,34.98070075262673],[35.8770974901717,34.98070075262673],[35.8770974901717,34.98013904163967],[35.877363498088194,34.98013904163967],[35.877363498088194,34.9795773306526],[35.87733394165303,34.979306877214384],[35.8770974901717,34.979306877214384],[35.8770974901717,34.978890795001746],[35.877067933736534,34.97874516622732],[35.87680192582004,34.97874516622732],[35.87680192582004,34.97847471278911],[35.877067933736534,34.97851632101037],[35.87703837730137,34.97820425935089],[35.87680192582004,34.97820425935089],[35.87680192582004,34.97670636338538],[35.87680192582004,34.97597821951326],[35.87668370007938,34.97597821951326],[35.87653591790355,34.97597821951326],[35.87653591790355,34.974667560543445],[35.87647680503322,34.974605148211545],[35.87624035355189,34.97458434410091],[35.87624035355189,34.9743138906627],[35.875974345635406,34.9743138906627],[35.875974345635406,34.97375217967563],[35.87624035355189,34.97375217967563],[35.87624035355189,34.97348172623742],[35.87653591790355,34.97350253034805],[35.87653591790355,34.97289921113972],[35.87624035355189,34.97292001525035],[35.87624035355189,34.972379108373914],[35.87624035355189,34.97208785082507],[35.87609257137606,34.97208785082507],[35.875974345635406,34.97208785082507],[35.875974345635406,34.97198383027191],[35.875974345635406,34.97179659327622],[35.87579700702441,34.97179659327622],[35.87570833771891,34.97179659327622],[35.87570833771891,34.97169257272306],[35.87570833771891,34.971526139838005],[35.87541277336725,34.971526139838005],[35.87541277336725,34.969300100000375],[35.875678781283746,34.969300100000375],[35.875678781283746,34.9673653177116],[35.87541277336725,34.9673653177116],[35.87541277336725,34.96570098886103],[35.874319185266124,34.96570098886103],[35.874319185266124,34.96630430806936],[35.87402362091447,34.96624189573747],[35.874082733784796,34.96709486427338],[35.87375761299798,34.967074060162744],[35.87375761299798,34.967635771149816],[35.87319604072983,34.967635771149816],[35.8731369278595,34.96738612182223],[35.872930032813336,34.9673653177116],[35.872930032813336,34.966928431388325],[35.872930032813336,34.96680360672453],[35.87207289619353,34.96680360672453],[35.87207289619353,34.96694923549895],[35.87207289619353,34.96792702869866],[35.87236846054519,34.96792702869866],[35.87236846054519,34.96809346158372],[35.87236846054519,34.968696780792044],[35.871866001147374,34.968759193123944],[35.87174777540671,34.969029646562156],[35.871629549666046,34.969029646562156],[35.87154088036055,34.969029646562156],[35.87154088036055,34.9688632136771],[35.87154088036055,34.96846793557509],[35.87127487244406,34.96850954379636],[35.8709793080924,34.96846793557509],[35.8709793080924,34.9673653177116],[35.87127487244406,34.9673653177116],[35.87127487244406,34.96728210126907],[35.871245316008896,34.967074060162744],[35.871333985314386,34.967074060162744],[35.87154088036055,34.967074060162744],[35.87154088036055,34.966595565618206],[35.87154088036055,34.96597144229925],[35.871777331841876,34.96597144229925],[35.87180688827704,34.96570098886103],[35.87189555758254,34.96570098886103],[35.87236846054519,34.96570098886103],[35.87236846054519,34.96555536008661],[35.87236846054519,34.965409731312185],[35.872545799156185,34.965409731312185],[35.87263446846168,34.965409731312185],[35.87263446846168,34.96518088609523],[35.87319604072983,34.965139277873966],[35.87319604072983,34.96486882443575],[35.874319185266124,34.964910432657014],[35.874319185266124,34.9645775668869],[35.87458519318262,34.9645775668869],[35.87458519318262,34.96403666001047],[35.87488075753427,34.96403666001047],[35.874851201099105,34.96181062017284],[35.87517632188593,34.96181062017284],[35.875146765450765,34.96151936262399],[35.875294547626595,34.96151936262399],[35.87541277336725,34.96151936262399],[35.87541277336725,34.96124890918578],[35.87541277336725,34.96068719819871],[35.875678781283746,34.96068719819871],[35.87570833771891,34.960146291322275],[35.87588567632991,34.960146291322275],[35.875974345635406,34.960146291322275],[35.875974345635406,34.95995905432659],[35.875974345635406,34.959314126897],[35.87626990998706,34.959293322786365],[35.87624035355189,34.959022869348146],[35.87635857929256,34.959022869348146],[35.87653591790355,34.959022869348146],[35.87653591790355,34.95850276658235],[35.87680192582004,34.958481962471716],[35.87680192582004,34.95835713780792],[35.87680192582004,34.95819070492286],[35.87694970799587,34.95819070492286],[35.8770974901717,34.95819070492286],[35.8770974901717,34.95785783915275],[35.8770974901717,34.95735854049758],[35.87730438521786,34.957337736386954],[35.877363498088194,34.956255922634085],[35.87768861887501,34.95629753085535],[35.87762950600468,34.95513250065996],[35.87792507035634,34.95513250065996],[35.87792507035634,34.954029882796455],[35.878131965402495,34.954029882796455],[35.87819107827283,34.95153338952061],[35.87848664262449,34.95147097718872],[35.87845708618932,34.950139514108265],[35.878723094105816,34.950139514108265],[35.87875265054098,34.94751819616863],[35.87875265054098,34.94735176328357],[35.87845708618932,34.94735176328357],[35.87845708618932,34.94681085640714],[35.878723094105816,34.94681085640714],[35.878723094105816,34.94512572344594],[35.87845708618932,34.945146527556574],[35.87845708618932,34.943482198706015],[35.87819107827283,34.943482198706015],[35.87819107827283,34.942712446612624],[35.87819107827283,34.94235877673188],[35.87810240896734,34.94235877673188],[35.87792507035634,34.94235877673188],[35.87792507035634,34.94127696297902],[35.87762950600468,34.941256158868384],[35.87762950600468,34.94096490131953],[35.87792507035634,34.94096490131953],[35.87792507035634,34.94067364377069],[35.87762950600468,34.94069444788132],[35.87762950600468,34.9404239944431],[35.87792507035634,34.9404239944431],[35.87792507035634,34.940132736894256],[35.87810240896734,34.940132736894256],[35.87819107827283,34.940132736894256],[35.87819107827283,34.93994549989856],[35.87819107827283,34.93959183001782],[35.879580230725615,34.93959183001782],[35.879580230725615,34.93875966559254],[35.87990535151244,34.93875966559254],[35.87984623864211,34.93763624361841],[35.8801122465586,34.93767785183967],[35.88014180299377,34.93680407919313],[35.879875795077275,34.93680407919313],[35.879580230725615,34.93680407919313],[35.879580230725615,34.923406231946096],[35.879580230725615,34.920472852346975],[35.87931422280913,34.92041044001508],[35.87931422280913,34.919765512585485],[35.87931422280913,34.91968229614296],[35.879255109938796,34.91959907970043],[35.87901865845747,34.9195782755898],[35.8790777713278,34.91930782215158],[35.87875265054098,34.91930782215158],[35.87875265054098,34.91914138926653],[35.87869353767065,34.919058172823995],[35.87845708618932,34.91903736871336],[35.87845708618932,34.91876691527515],[35.87845708618932,34.9184756577263],[35.87830930401349,34.9184756577263],[35.87819107827283,34.9184756577263],[35.87819107827283,34.91818440017745],[35.87768861887501,34.91818440017745],[35.877363498088194,34.91818440017745],[35.877363498088194,34.91805957551366],[35.877363498088194,34.91791394673923],[35.87653591790355,34.91791394673923],[35.87653591790355,34.91764349330102],[35.87570833771891,34.91764349330102],[35.87570833771891,34.91735223575217],[35.87488075753427,34.917289823420276],[35.874851201099105,34.91708178231395],[35.874466967441954,34.91708178231395],[35.87402362091447,34.91708178231395],[35.874082733784796,34.91687374120763],[35.87375761299798,34.91681132887574],[35.87375761299798,34.916520071326886],[35.87328471003533,34.916520071326886],[35.87319604072983,34.916520071326886],[35.87319604072983,34.916249617888674],[35.872930032813336,34.91631203022057],[35.872930032813336,34.915979164450455],[35.87257535559135,34.915979164450455],[35.87236846054519,34.915979164450455],[35.87236846054519,34.91568790690161],[35.872723137767174,34.91568790690161],[35.872930032813336,34.91568790690161],[35.872930032813336,34.915542278127184],[35.872930032813336,34.91514700002517],[35.87198422688803,34.91514700002517],[35.87189555758254,34.91514700002517],[35.87180688827704,34.91512619591454],[35.87180688827704,34.91485574247633],[35.8690876962418,34.91491815480822],[35.86902858337147,34.91458528903811],[35.86707785865053,34.91458528903811],[35.867136971520864,34.91431483559989],[35.86681185073404,34.91431483559989],[35.86681185073404,34.91356588761714],[35.86681185073404,34.91346186706398],[35.866516286382385,34.91346186706398],[35.866516286382385,34.913753124612825],[35.864920238883435,34.913753124612825],[35.8648611260131,34.91346186706398],[35.86429955374496,34.91346186706398],[35.86429955374496,34.91356588761714],[35.86429955374496,34.913753124612825],[35.86373798147681,34.913753124612825],[35.86373798147681,34.91350347528524],[35.86353108643065,34.91350347528524],[35.863471973560316,34.91319141362576],[35.86320596564382,34.91319141362576],[35.86320596564382,34.91350347528524],[35.86267394981084,34.91350347528524],[35.86267394981084,34.912900156076915],[35.86208282110753,34.91292096018754],[35.86208282110753,34.91271291908122],[35.86205326467236,34.91265050674933],[35.861816813191034,34.9126297026387],[35.861816813191034,34.91210959987289],[35.86152124883938,34.91210959987289],[35.86152124883938,34.91179753821341],[35.86137346666355,34.91179753821341],[35.86125524092289,34.91179753821341],[35.86125524092289,34.91156869299646],[35.860959676571234,34.9115270847752],[35.860959676571234,34.911319043668875],[35.86048677360858,34.91125663133698],[35.860427660738246,34.91096537378813],[35.860338991432755,34.91096537378813],[35.86013209638659,34.91096537378813],[35.86013209638659,34.91073652857118],[35.8598660884701,34.91069492034992],[35.8598660884701,34.91052848746486],[35.8598660884701,34.9104244669117],[35.859570524118446,34.9104244669117],[35.859570524118446,34.910133209362854],[35.85930451620195,34.910133209362854],[35.85930451620195,34.9099043641459],[35.85903850828546,34.909862755924635],[35.85903850828546,34.90930104493757],[35.859127177590956,34.90930104493757],[35.8598660884701,34.90930104493757],[35.8598660884701,34.90948828193326],[35.8598660884701,34.909592302486416],[35.86001387064593,34.909592302486416],[35.86013209638659,34.909592302486416],[35.86013209638659,34.90973793126084],[35.86013209638659,34.909862755924635],[35.86027987856242,34.9099043641459],[35.860427660738246,34.909862755924635],[35.860427660738246,34.91002918880969],[35.860427660738246,34.910133209362854],[35.86054588647891,34.910133209362854],[35.86069366865474,34.910133209362854],[35.86069366865474,34.91027883813727],[35.860723225089906,34.91071572446055],[35.860959676571234,34.91069492034992],[35.860959676571234,34.910840549124345],[35.860959676571234,34.91096537378813],[35.86152124883938,34.91096537378813],[35.86152124883938,34.910882157345604],[35.86152124883938,34.91069492034992],[35.86175770032071,34.91065331212865],[35.861816813191034,34.9104244669117],[35.86208282110753,34.9104244669117],[35.862112377542694,34.910882157345604],[35.86208282110753,34.91096537378813],[35.86234882902402,34.91096537378813],[35.86234882902402,34.91125663133698],[35.86267394981084,34.911319043668875],[35.862644393375675,34.9115270847752],[35.86282173198667,34.9115270847752],[35.86291040129217,34.9115270847752],[35.86291040129217,34.91167271354962],[35.86291040129217,34.91179753821341],[35.86323552207899,34.91179753821341],[35.86403354582846,34.91179753821341],[35.86406310226363,34.91210959987289],[35.86548181115158,34.91210959987289],[35.86542269828125,34.91235924920048],[35.86565914976258,34.912400857421744],[35.865688706197744,34.91248407386427],[35.865688706197744,34.9126297026387],[35.865836488373574,34.9126297026387],[35.8659842705494,34.9126297026387],[35.8659842705494,34.91277533141312],[35.8659842705494,34.91292096018754],[35.86610249629006,34.91292096018754],[35.86625027846589,34.91292096018754],[35.867905438835166,34.91292096018754],[35.867905438835166,34.9130873930726],[35.867905438835166,34.91319141362576],[35.868348785362656,34.91319141362576],[35.86876257545497,34.91319141362576],[35.86876257545497,34.91329543417892],[35.86876257545497,34.913753124612825],[35.8689103576308,34.913753124612825],[35.869590155639614,34.913753124612825],[35.869885719991274,34.91369071228093],[35.86985616355611,34.91346186706398],[35.870417735824255,34.91346186706398],[35.870417735824255,34.913753124612825],[35.87071330017591,34.913753124612825],[35.87127487244406,34.913753124612825],[35.87127487244406,34.912900156076915],[35.870417735824255,34.91292096018754],[35.870417735824255,34.9126297026387],[35.8690876962418,34.91271291908122],[35.86902858337147,34.91235924920048],[35.867905438835166,34.912296836868585],[35.867905438835166,34.912088795762266],[35.867136971520864,34.91210959987289],[35.86707785865053,34.91179753821341],[35.8659842705494,34.91179753821341],[35.8659842705494,34.9115270847752],[35.864920238883435,34.91150628066457],[35.8648611260131,34.91125663133698],[35.86432911018012,34.91125663133698],[35.86373798147681,34.91125663133698],[35.86373798147681,34.91102778612003],[35.86320596564382,34.91096537378813],[35.86320596564382,34.91079894090308],[35.86320596564382,34.91069492034992],[35.863087739903165,34.91069492034992],[35.86291040129217,34.91069492034992],[35.86291040129217,34.91052848746486],[35.86291040129217,34.9104244669117],[35.862644393375675,34.9104244669117],[35.862644393375675,34.909862755924635],[35.86291040129217,34.9099043641459],[35.86291040129217,34.90903059149935],[35.86320596564382,34.90903059149935],[35.86320596564382,34.90873933395051],[35.86373798147681,34.90873933395051],[35.86373798147681,34.90903059149935],[35.86459511809661,34.90903059149935],[35.86459511809661,34.90930104493757],[35.86468378740211,34.90930104493757],[35.86625027846589,34.90930104493757],[35.86625027846589,34.909155416163145],[35.86625027846589,34.90903059149935],[35.866516286382385,34.90911380794188],[35.866516286382385,34.90873933395051],[35.867048302215366,34.90867692161861],[35.86707785865053,34.90846888051229],[35.86627983490106,34.908510488733555],[35.86625027846589,34.90819842707407],[35.86542269828125,34.90819842707407],[35.8651271339296,34.90819842707407],[35.8651271339296,34.90809440652091],[35.8651271339296,34.907907169525224],[35.86432911018012,34.907907169525224],[35.86429955374496,34.907636716087005],[35.863471973560316,34.907636716087005],[35.863471973560316,34.90707500509994],[35.86329463494932,34.907095809210574],[35.86320596564382,34.90680455166172],[35.86302862703283,34.90680455166172],[35.86291040129217,34.90680455166172],[35.86291040129217,34.906679726997936],[35.862880844857,34.90653409822351],[35.862644393375675,34.90653409822351],[35.86267394981084,34.90570193379823],[35.86406310226363,34.90570193379823],[35.86403354582846,34.905410676249375],[35.8651271339296,34.905410676249375],[35.86509757749443,34.90570193379823],[35.8659842705494,34.90570193379823],[35.8659842705494,34.905868366683286],[35.8659842705494,34.905972387236446],[35.86707785865053,34.905972387236446],[35.86707785865053,34.90588917079391],[35.86707785865053,34.90570193379823],[35.867373423002185,34.90566032557696],[35.867373423002185,34.905410676249375],[35.86681185073404,34.90543148036001],[35.86681185073404,34.90514022281116],[35.866516286382385,34.90514022281116],[35.866516286382385,34.904869769372944],[35.86610249629006,34.904869769372944],[35.8659842705494,34.904869769372944],[35.8659842705494,34.90474494470915],[35.8659842705494,34.9045785118241],[35.865836488373574,34.9045785118241],[35.865688706197744,34.9045785118241],[35.865688706197744,34.90447449127094],[35.865688706197744,34.90430805838588],[35.86542269828125,34.90430805838588],[35.8651271339296,34.90430805838588],[35.8651271339296,34.904120821390194],[35.86509757749443,34.90403760494766],[35.8648611260131,34.904016800837034],[35.8648611260131,34.90368393506692],[35.86429955374496,34.903746347398815],[35.86432911018012,34.90235247198647],[35.8651271339296,34.90235247198647],[35.8651271339296,34.902290059654575],[35.8651271339296,34.90208201854825],[35.86625027846589,34.90208201854825],[35.86625027846589,34.902290059654575],[35.86625027846589,34.90235247198647],[35.86681185073404,34.90235247198647],[35.86681185073404,34.90264372953531],[35.867373423002185,34.90264372953531],[35.867373423002185,34.90291418297353],[35.86876257545497,34.90291418297353],[35.86876257545497,34.90318463641175],[35.86985616355611,34.90318463641175],[35.86985616355611,34.90291418297353],[35.87015172790776,34.90291418297353],[35.87015172790776,34.90264372953531],[35.869294591287954,34.90264372953531],[35.869294591287954,34.90235247198647],[35.867905438835166,34.90235247198647],[35.867905438835166,34.90208201854825],[35.867136971520864,34.90208201854825],[35.867136971520864,34.90149950345055],[35.868201003186826,34.901520307561185],[35.868201003186826,34.90124985412297],[35.8690876962418,34.901312266454866],[35.86902858337147,34.900979400684754],[35.869885719991274,34.900979400684754],[35.87015172790776,34.900979400684754],[35.87015172790776,34.900875380131595],[35.87015172790776,34.9006881431359],[35.87127487244406,34.9006881431359],[35.871245316008896,34.8997103499362],[35.87121575957373,34.89960632938304],[35.8709793080924,34.89958552527241],[35.8709793080924,34.89929426772356],[35.866516286382385,34.89931507183419],[35.866516286382385,34.89948150471925],[35.866516286382385,34.89958552527241],[35.86639806064172,34.89958552527241],[35.8659842705494,34.89958552527241],[35.8659842705494,34.899855978710626],[35.86542269828125,34.899855978710626],[35.86542269828125,34.90008482392758],[35.86500890818893,34.90014723625947],[35.86320596564382,34.90014723625947],[35.863176409208656,34.90037608147642],[35.863087739903165,34.90041768969769],[35.86234882902402,34.90041768969769],[35.86237838545919,34.90072975135717],[35.861816813191034,34.9006881431359],[35.861816813191034,34.900875380131595],[35.861816813191034,34.900979400684754],[35.860959676571234,34.900979400684754],[35.860959676571234,34.900875380131595],[35.860959676571234,34.9006881431359],[35.8598660884701,34.9006881431359],[35.85980697559977,34.900979400684754],[35.85930451620195,34.900979400684754],[35.85930451620195,34.901312266454866],[35.85903850828546,34.90124985412297],[35.859068064720624,34.90149950345055],[35.858742943933805,34.901520307561185],[35.858742943933805,34.90181156511004],[35.85847693601731,34.90181156511004],[35.85850649245248,34.90210282265888],[35.857915363749164,34.90208201854825],[35.857885807314,34.9023108637652],[35.85764935583268,34.90235247198647],[35.857590242962345,34.902602121314054],[35.85735379148102,34.90264372953531],[35.85735379148102,34.902768554199106],[35.85735379148102,34.90291418297353],[35.85711733999969,34.9028933788629],[35.85711733999969,34.90349669807123],[35.85679221921287,34.9034758939606],[35.856762662777705,34.904016800837034],[35.85652621129638,34.904016800837034],[35.85655576773154,34.9045785118241],[35.85626020337989,34.9045785118241],[35.85626020337989,34.905410676249375],[35.85596463902823,34.905410676249375],[35.855935082593064,34.90622203656403],[35.8559055261579,34.90630525300656],[35.855698631111736,34.90624284067466],[35.855698631111736,34.90728304620626],[35.855698631111736,34.90736626264879],[35.85540306676008,34.90736626264879],[35.85540306676008,34.90819842707407],[35.85513705884359,34.90819842707407],[35.85513705884359,34.90873933395051],[35.85534395388975,34.90873933395051],[35.85596463902823,34.90873933395051],[35.85596463902823,34.9088641586143],[35.85596463902823,34.90913461205251],[35.8559055261579,34.90928024082694],[35.855698631111736,34.90930104493757],[35.855698631111736,34.909592302486416],[35.85540306676008,34.909592302486416],[35.85540306676008,34.910133209362854],[35.85513705884359,34.910133209362854],[35.85513705884359,34.91032044635854],[35.85513705884359,34.9104244669117],[35.85472326875127,34.9104244669117],[35.85430947865895,34.9104244669117],[35.85430947865895,34.9099043641459],[35.854013914307295,34.909862755924635],[35.854013914307295,34.90930104493757],[35.85430947865895,34.90930104493757],[35.85430947865895,34.907636716087005],[35.854545930140276,34.907636716087005],[35.85457548657544,34.90680455166172],[35.854930163797434,34.90680455166172],[35.854930163797434,34.90570193379823],[35.85513705884359,34.90570193379823],[35.85513705884359,34.90559791324507],[35.85513705884359,34.905410676249375],[35.85534395388975,34.90538987213875],[35.85540306676008,34.9045785118241],[35.85575774398207,34.90459931593473],[35.855698631111736,34.904016800837034],[35.855935082593064,34.904016800837034],[35.85596463902823,34.90318463641175],[35.85626020337989,34.90318463641175],[35.85626020337989,34.90264372953531],[35.85649665486121,34.90264372953531],[35.85649665486121,34.90210282265888],[35.85679221921287,34.90208201854825],[35.85679221921287,34.9019155856632],[35.8568513320832,34.90183236922067],[35.85708778356452,34.90181156511004],[35.85708778356452,34.901374678786766],[35.85711733999969,34.901312266454866],[35.85732423504585,34.90118744179107],[35.85735379148102,34.900979400684754],[35.85764935583268,34.900979400684754],[35.85764935583268,34.9006881431359],[35.857915363749164,34.9006881431359],[35.857915363749164,34.90041768969769],[35.85818137166566,34.90041768969769],[35.858210928100824,34.90014723625947],[35.860191209256925,34.90014723625947],[35.860723225089906,34.90008482392758],[35.86069366865474,34.899855978710626],[35.860959676571234,34.899855978710626],[35.860959676571234,34.89958552527241],[35.86273306268117,34.89958552527241],[35.86320596564382,34.89958552527241],[35.86320596564382,34.89948150471925],[35.86320596564382,34.89931507183419],[35.865304472540586,34.89931507183419],[35.86548181115158,34.89929426772356],[35.86548181115158,34.898753360847124],[35.866516286382385,34.898753360847124],[35.866516286382385,34.89846210329828],[35.867373423002185,34.89852451563017],[35.867373423002185,34.89819164986006],[35.868053221010996,34.89819164986006],[35.86817144675166,34.89812923752817],[35.868201003186826,34.89792119642184],[35.869649268509946,34.89792119642184],[35.869885719991274,34.89787958820058],[35.86985616355611,34.897629938872996],[35.870417735824255,34.897629938872996],[35.870417735824255,34.89787958820058],[35.87068374374074,34.89792119642184],[35.87068374374074,34.897629938872996],[35.871097533833066,34.897629938872996],[35.871245316008896,34.897629938872996],[35.871245316008896,34.89754672243047],[35.871245316008896,34.89735948543478],[35.87180688827704,34.89735948543478],[35.87207289619353,34.89735948543478],[35.87207289619353,34.89727626899225],[35.87207289619353,34.897089031996565],[35.87269358133201,34.897089031996565],[35.87263446846168,34.89679777444771],[35.87319604072983,34.89679777444771],[35.87319604072983,34.89596561002243],[35.87346204864632,34.89596561002243],[35.87346204864632,34.89569515658422],[35.87319604072983,34.89569515658422],[35.87319604072983,34.895424703146],[35.87346204864632,34.895424703146],[35.87346204864632,34.89513344559715],[35.873698500127645,34.89513344559715],[35.87375761299798,34.894592538720715],[35.874082733784796,34.894592538720715],[35.87402362091447,34.89411404417618],[35.87405317734963,34.89403082773365],[35.87375761299798,34.89403082773365],[35.87375761299798,34.893739570184806],[35.874082733784796,34.893739570184806],[35.874319185266124,34.893739570184806],[35.874319185266124,34.89348992085722],[35.874319185266124,34.89319866330837],[35.87458519318262,34.89319866330837],[35.87458519318262,34.892636952321304],[35.87488075753427,34.892699364653204],[35.874851201099105,34.890702170032526],[35.87470341892328,34.890702170032526],[35.87458519318262,34.890702170032526],[35.87458519318262,34.890410912483674],[35.874319185266124,34.890410912483674],[35.874319185266124,34.8895787480584],[35.874614749617784,34.88959955216903],[35.87458519318262,34.88930829462018],[35.874851201099105,34.88930829462018],[35.874851201099105,34.88901703707133],[35.87496942683977,34.88901703707133],[35.875146765450765,34.88901703707133],[35.8751172090156,34.88866336719059],[35.87653591790355,34.888746583633115],[35.87653591790355,34.88866336719059],[35.87653591790355,34.888476130194896],[35.876772369384874,34.888434521973636],[35.87680192582004,34.88818487264605],[35.87703837730137,34.888143264424784],[35.8770974901717,34.88791441920783],[35.877274828782696,34.88791441920783],[35.877363498088194,34.88735270822077],[35.87762950600468,34.88735270822077],[35.87762950600468,34.88681180134434],[35.87795462679151,34.88683260545496],[35.87792507035634,34.886520543795484],[35.87810240896734,34.886520543795484],[35.87819107827283,34.886520543795484],[35.87819107827283,34.886416523242325],[35.87819107827283,34.88597963691905],[35.87851619905965,34.88600044102969],[35.87845708618932,34.88541792593199],[35.87875265054098,34.88541792593199],[35.87875265054098,34.88514747249377],[35.878900432716804,34.88514747249377],[35.87901865845747,34.88514747249377],[35.87901865845747,34.885001843719344],[35.87901865845747,34.884585761506706],[35.87931422280913,34.884585761506706],[35.87931422280913,34.88402405051964],[35.87952111785528,34.884086462851535],[35.879580230725615,34.88402405051964],[35.879580230725615,34.88375359708142],[35.879875795077275,34.88373279297079],[35.87984623864211,34.88346233953258],[35.8801122465586,34.883483143643204],[35.88014180299377,34.88319188609436],[35.880407810910256,34.88319188609436],[35.880407810910256,34.88292143265614],[35.880644262391584,34.88292143265614],[35.880703375261916,34.882630175107295],[35.8809693831784,34.882630175107295],[35.8809693831784,34.88179801068201],[35.88129450396523,34.881818814792645],[35.8812353910949,34.8804249393803],[35.88153095544655,34.8804249393803],[35.88153095544655,34.87930151740617],[35.881708294057546,34.87930151740617],[35.881796963363044,34.87930151740617],[35.881796963363044,34.878947847525424],[35.881796963363044,34.877928446104455],[35.882092527714704,34.877928446104455],[35.882092527714704,34.87707547756854],[35.882328979196025,34.87707547756854],[35.88235853563119,34.87653457069211],[35.88268365641802,34.87653457069211],[35.882624543547685,34.875972859705044],[35.88292010789934,34.875972859705044],[35.88292010789934,34.87541114871797],[35.8831270029455,34.87541114871797],[35.88318611581583,34.87430853085448],[35.88348168016749,34.87432933496511],[35.88348168016749,34.872352944455066],[35.88374768808398,34.872352944455066],[35.88374768808398,34.87041816216629],[35.883925026694975,34.87041816216629],[35.88404325243564,34.87041816216629],[35.88404325243564,34.86935715252405],[35.88404325243564,34.867089504465156],[35.88427970391696,34.86713111268642],[35.88427970391696,34.866506989367466],[35.88457526826862,34.86652779347809],[35.88457526826862,34.866340556482406],[35.88457526826862,34.86625734003988],[35.884693494009284,34.86625734003988],[35.884841276185114,34.86619492770798],[35.88487083262028,34.86596608249103],[35.8851072841016,34.86596608249103],[35.88513684053677,34.8654251756146],[35.88531417914776,34.86548758794649],[35.885373292018095,34.86538356739333],[35.88543240488843,34.86486346462753],[35.88566885636975,34.864925876959425],[35.88569841280491,34.86457220707868],[35.88596442072141,34.86457220707868],[35.88596442072141,34.86403130020225],[35.88628954150823,34.864072908423516],[35.88625998507307,34.863469589215185],[35.88646688011922,34.86353200154708],[35.886525992989554,34.863469589215185],[35.886525992989554,34.863199135776966],[35.88679200090605,34.863199135776966],[35.88679200090605,34.86290787822812],[35.8871762345632,34.86290787822812],[35.887353573174195,34.86290787822812],[35.887353573174195,34.86278305356433],[35.887353573174195,34.8626374247899],[35.887501355350025,34.8626374247899],[35.887649137525855,34.8626374247899],[35.887649137525855,34.86247099190484],[35.887649137525855,34.86207571380284],[35.887885589007176,34.862117322024105],[35.88791514544234,34.86153480692641],[35.88815159692367,34.86149319870514],[35.888181153358836,34.86143078637325],[35.888181153358836,34.86097309593934],[35.888506274145655,34.86099390004997],[35.88847671771049,34.86041138495227],[35.88868361275665,34.86047379728417],[35.88874272562698,34.86041138495227],[35.88874272562698,34.859891282186474],[35.889038289978636,34.85984967396521],[35.889038289978636,34.859724849301415],[35.889038289978636,34.859579220526996],[35.889126959284134,34.859579220526996],[35.88930429789513,34.859579220526996],[35.88930429789513,34.85912153009309],[35.88930429789513,34.859017509539925],[35.889481636506126,34.859017509539925],[35.88954074937646,34.858975901318665],[35.889570305811624,34.85874705610171],[35.889806757292945,34.85874705610171],[35.88986587016328,34.858206149225275],[35.89007276520944,34.858206149225275],[35.89013187807977,34.857727654680744],[35.89013187807977,34.85764443823821],[35.8902796602556,34.85764443823821],[35.890427442431424,34.85764443823821],[35.890427442431424,34.85754041768505],[35.890427442431424,34.857353180689366],[35.890634337477586,34.857353180689366],[35.89069345034792,34.85708272725115],[35.890929901829246,34.85712433547241],[35.89095945826441,34.85625056282586],[35.89128457905123,34.85631297515776],[35.891255022616065,34.8556888518388],[35.89149147409739,34.85570965594943],[35.89152103053256,34.85514794496237],[35.89181659488421,34.85514794496237],[35.89181659488421,34.854586233975304],[35.89211215923587,34.854586233975304],[35.892082602800706,34.85402452298824],[35.892319054282034,34.85402452298824],[35.8923486107172,34.8534836161118],[35.89252594932819,34.85352522433307],[35.89264417506885,34.8534836161118],[35.89264417506885,34.85331718322675],[35.89264417506885,34.85292190512474],[35.89288062655018,34.85292190512474],[35.89291018298535,34.852360194137674],[35.893205747337,34.852360194137674],[35.893205747337,34.85179848315061],[35.893530868123825,34.85181928726124],[35.89347175525349,34.85096631872533],[35.89370820673482,34.85096631872533],[35.89373776316999,34.850134154300044],[35.894003771086474,34.850134154300044],[35.89403332752164,34.84957244331298],[35.894299335438134,34.84959324742361],[35.894299335438134,34.84903153643655],[35.894535786919455,34.84903153643655],[35.89459489978979,34.848469825449484],[35.89489046414145,34.848511433670744],[35.89486090770628,34.84790811446242],[35.89506780275244,34.84790811446242],[35.895126915622775,34.84736720758598],[35.895363367104096,34.84736720758598],[35.89542247997443,34.846535043160706],[35.89568848789092,34.846535043160706],[35.89568848789092,34.845973332173635],[35.895984052242575,34.845973332173635],[35.895984052242575,34.845765291067316],[35.896131834418405,34.84572368284606],[35.89625006015907,34.84570287873542],[35.89625006015907,34.845432425297204],[35.89625006015907,34.84484991019951],[35.8964865116404,34.84491232253141],[35.896516068075556,34.844309003323076],[35.896752519556884,34.84426739510181],[35.896811632427216,34.84416337454865],[35.896811632427216,34.84374729233601],[35.897048083908544,34.84368488000411],[35.89707764034371,34.84291512791073],[35.897284535389865,34.84291512791073],[35.89737320469536,34.84291512791073],[35.89737320469536,34.842686282693776],[35.89737320469536,34.842353416923665],[35.89749143043603,34.842353416923665],[35.89763921261186,34.842353416923665],[35.89763921261186,34.84216617992797],[35.89763921261186,34.84181251004723],[35.897905220528344,34.84181251004723],[35.897905220528344,34.8406890880731],[35.89808255913934,34.8406890880731],[35.898200784880004,34.8406890880731],[35.898200784880004,34.84041863463489],[35.898200784880004,34.8395864702096],[35.898496349231664,34.8395864702096],[35.8984667927965,34.839107975665065],[35.8984667927965,34.83902475922254],[35.89876235714815,34.83902475922254],[35.899028365064645,34.83902475922254],[35.899028365064645,34.838941542780006],[35.899028365064645,34.83875430578432],[35.899353485851464,34.83875430578432],[35.89958993733279,34.83875430578432],[35.89958993733279,34.83858787289926],[35.89958993733279,34.83846304823547],[35.899708163073456,34.83846304823547],[35.899855945249286,34.83846304823547],[35.899855945249286,34.83794294546967],[35.899855945249286,34.837089976933754],[35.90009239673061,34.837089976933754],[35.90009239673061,34.83648665772543],[35.899855945249286,34.83652826594669],[35.89991505811962,34.83594575084899],[35.89958993733279,34.835966554959626],[35.89958993733279,34.83569610152141],[35.899855945249286,34.83569610152141],[35.899855945249286,34.83513439053434],[35.90006284029544,34.83513439053434],[35.90015150960094,34.83459348365791],[35.90041751751743,34.83459348365791],[35.90041751751743,34.83403177267085],[35.900713081869085,34.83403177267085],[35.90068352543392,34.833470061683784],[35.90091997691525,34.83344925757315],[35.90097908978558,34.83290835069672],[35.9013042105724,34.832887546586086],[35.90124509770207,34.83236744382028],[35.90145199274823,34.83236744382028],[35.901481549183394,34.83226342326712],[35.901540662053726,34.83180573283322],[35.90174755709989,34.83180573283322],[35.90180666997022,34.83124402184615],[35.90210223432187,34.831306434178046],[35.90207267788671,34.83070311496972],[35.90227957293287,34.83070311496972],[35.90236824223837,34.83070311496972],[35.90236824223837,34.83014140398266],[35.90263425015486,34.83014140398266],[35.90263425015486,34.82993336287633],[35.90272291946035,34.829912558765706],[35.902929814506514,34.82987095054444],[35.902929814506514,34.82955888888496],[35.902929814506514,34.829309239557375],[35.903077596682344,34.829309239557375],[35.90319582242301,34.829309239557375],[35.90319582242301,34.82912200256168],[35.90319582242301,34.82874752857031],[35.903461830339495,34.82874752857031],[35.903461830339495,34.82866431212778],[35.903461830339495,34.82818581758325],[35.90372783825599,34.82818581758325],[35.903757394691155,34.82764491070681],[35.90393473330215,34.82764491070681],[35.90402340260764,34.82764491070681],[35.90402340260764,34.82749928193238],[35.90402340260764,34.827083199719745],[35.904289410524136,34.827083199719745],[35.9043189669593,34.82652148873268],[35.90446674913513,34.82652148873268],[35.904584974875796,34.82652148873268],[35.904584974875796,34.82641746817952],[35.904584974875796,34.82598058185625],[35.90485098279228,34.82598058185625],[35.90485098279228,34.825418870869186],[35.90514654714394,34.825418870869186],[35.90514654714394,34.824857159882114],[35.90541255506043,34.824857159882114],[35.90541255506043,34.824316253005684],[35.905678562976924,34.824316253005684],[35.905678562976924,34.82375454201862],[35.905885458023086,34.82375454201862],[35.905974127328584,34.82375454201862],[35.905974127328584,34.82358810913356],[35.905974127328584,34.823192831031555],[35.90618102237474,34.823192831031555],[35.90624013524507,34.82263112004449],[35.906506143161565,34.822693532376384],[35.90653569959673,34.82209021316805],[35.90680170751322,34.82209021316805],[35.90680170751322,34.82152850218099],[35.90709727186488,34.821466089849096],[35.90706771542971,34.82125804874278],[35.90748150552203,34.82125804874278],[35.90762928769786,34.82125804874278],[35.90762928769786,34.82115402818961],[35.90762928769786,34.820966791193925],[35.907806626308854,34.820966791193925],[35.90792485204952,34.820966791193925],[35.90792485204952,34.82077955419824],[35.90792485204952,34.820425884317494],[35.90813174709567,34.82038427609623],[35.908190859966005,34.81959371989221],[35.908545537188,34.81959371989221],[35.908486424317665,34.81903200890515],[35.90869331936383,34.81909442123704],[35.90875243223416,34.81903200890515],[35.90875243223416,34.818740751356295],[35.90907755302098,34.818740751356295],[35.909314004502306,34.818740751356295],[35.909314004502306,34.81851190613934],[35.909314004502306,34.818199844479864],[35.90952089954846,34.818199844479864],[35.90958001241879,34.817076422505735],[35.90990513320562,34.817076422505735],[35.90987557677045,34.8165355156293],[35.910082471816615,34.8165355156293],[35.91014158468695,34.81597380464223],[35.910407592603434,34.81597380464223],[35.910407592603434,34.814309475791674],[35.910703156955094,34.81426786757041],[35.910703156955094,34.814039022353455],[35.91088049556608,34.81408063057472],[35.91096916487158,34.814039022353455],[35.91096916487158,34.81374776480461],[35.91126472922324,34.81374776480461],[35.91126472922324,34.81291560037933],[35.91150118070457,34.81293640448996],[35.91153073713973,34.81235388939226],[35.91179674505622,34.81235388939226],[35.91179674505622,34.811812982515825],[35.91212186584305,34.811812982515825],[35.91212186584305,34.811272075639394],[35.91179674505622,34.81125127152876],[35.91179674505622,34.8106895605417],[35.91212186584305,34.81073116876296],[35.91212186584305,34.80987820022705],[35.91235831732437,34.80985739611641],[35.91235831732437,34.809753375563254],[35.91235831732437,34.8095869426782],[35.9125947688057,34.8095869426782],[35.91265388167603,34.80931648923998],[35.91289033315735,34.80931648923998],[35.912919889592516,34.80902523169114],[35.91318589750901,34.80902523169114],[35.91318589750901,34.808463520704066],[35.913511018295836,34.808463520704066],[35.91348146186067,34.808193067265854],[35.91377702621232,34.80821387137648],[35.91374746977716,34.807922613827635],[35.9143090420453,34.807922613827635],[35.9143090420453,34.80763135627879],[35.9145750499618,34.80763135627879],[35.9145750499618,34.80679919185351],[35.91487061431346,34.80679919185351],[35.91487061431346,34.80625828497707],[35.91510706579478,34.8062790890877],[35.915136622229944,34.805696573990005],[35.91540263014644,34.805696573990005],[35.91540263014644,34.80513486300294],[35.91569819449809,34.80511405889231],[35.91569819449809,34.80486440956473],[35.91593464597942,34.80486440956473],[35.915964202414585,34.80459395612651],[35.91620065389591,34.80459395612651],[35.916259766766245,34.80430269857766],[35.916496218247566,34.80432350268829],[35.91652577468273,34.804032245139446],[35.916880451904724,34.804073853360705],[35.916880451904724,34.80290882316531],[35.91652577468273,34.80290882316531],[35.91652577468273,34.80267997794836],[35.916259766766245,34.8026383697271],[35.916259766766245,34.80236791628888],[35.91652577468273,34.80236791628888],[35.91652577468273,34.802076658740035],[35.91667355685856,34.802118266961294],[35.916791782599226,34.802076658740035],[35.916791782599226,34.80195183407624],[35.916791782599226,34.8015357518636],[35.917116903386045,34.80151494775297],[35.91708734695088,34.80124449431475],[35.91791492713552,34.80124449431475],[35.91791492713552,34.80072439154895],[35.917648919219026,34.80070358743832],[35.917648919219026,34.80014187645125],[35.91797404000585,34.80016268056188],[35.91791492713552,34.79987142301304],[35.918092265746516,34.79987142301304],[35.918180935052014,34.79987142301304],[35.918180935052014,34.79972579423861],[35.918180935052014,34.79930971202597],[35.91850605583883,34.79930971202597],[35.91847649940367,34.79901845447712],[35.91874250732016,34.79901845447712],[35.91874250732016,34.79847754760069],[35.919038071671814,34.79847754760069],[35.919038071671814,34.797915836613626],[35.91930407958831,34.797915836613626],[35.91930407958831,34.79735412562656],[35.9195700875048,34.79735412562656],[35.9195700875048,34.796813218750124],[35.91992476472679,34.796875631082024],[35.919865651856455,34.796334724205586],[35.919865651856455,34.79625150776306],[35.920013434032285,34.79625150776306],[35.92010210333778,34.79618909543117],[35.92013165977295,34.79598105432484],[35.92036811125428,34.79598105432484],[35.9204272241246,34.79541934333778],[35.92072278847626,34.79546095155904],[35.920693232041096,34.795148889899565],[35.92095923995759,34.795148889899565],[35.92095923995759,34.79485763235071],[35.92125480430924,34.79485763235071],[35.92125480430924,34.7945871789125],[35.92143214292024,34.7945871789125],[35.92152081222574,34.7945871789125],[35.92152081222574,34.794337529584915],[35.92152081222574,34.79375501448722],[35.92169815083673,34.79375501448722],[35.92181637657739,34.79375501448722],[35.92181637657739,34.793463756938365],[35.92169815083673,34.793526169270265],[35.92152081222574,34.793463756938365],[35.92152081222574,34.79319330350015],[35.921845933012555,34.79321410761078],[35.92181637657739,34.79263159251309],[35.92211194092905,34.792714808955616],[35.92208238449388,34.79209068563665],[35.922289279540045,34.792111489747285],[35.92234839241038,34.79152897464959],[35.92273262606753,34.791508170538954],[35.92264395676203,34.79096726366252],[35.92293952111369,34.790988067773156],[35.922909964678524,34.79042635678609],[35.92317597259501,34.79042635678609],[35.92320552903018,34.78986464579903],[35.923530649817,34.78992705813092],[35.92347153694667,34.78930293481196],[35.923707988428,34.78930293481196],[35.923737544863165,34.78874122382489],[35.92403310921482,34.78874122382489],[35.92403310921482,34.78847077038668],[35.92432867356648,34.78851237860794],[35.92429911713131,34.7876386059614],[35.9245651250478,34.7876386059614],[35.924594681482965,34.787076894974334],[35.92491980226979,34.78711850319559],[35.92486068939946,34.78624473054905],[35.92509714088079,34.78630714288094],[35.92512669731595,34.78570382367262],[35.92548137453794,34.78570382367262],[35.925422261667606,34.78514211268555],[35.925717826019266,34.78510050446429],[35.9256882695841,34.78487165924734],[35.92595427750059,34.78487165924734],[35.92598383393575,34.784580401698484],[35.92622028541708,34.784580401698484],[35.92624984185225,34.78430994826027],[35.926515849768734,34.78430994826027],[35.926515849768734,34.78318652628614],[35.92669318837973,34.78318652628614],[35.926811414120394,34.78318652628614],[35.926811414120394,34.782916072847925],[35.92669318837973,34.782916072847925],[35.926515849768734,34.782916072847925],[35.926515849768734,34.782354361860854],[35.92669318837973,34.782354361860854],[35.926811414120394,34.782354361860854],[35.926811414120394,34.782042300201375],[35.926811414120394,34.78125174399736],[35.92713653490722,34.78131415632926],[35.92707742203689,34.780419579572076],[35.92737298638854,34.780419579572076],[35.92737298638854,34.77985786858501],[35.9276685507402,34.77989947680628],[35.927638994305035,34.77902570415973],[35.92793455865669,34.77902570415973],[35.92790500222152,34.77819353973445],[35.92820056657318,34.77819353973445],[35.92820056657318,34.77763182874738],[35.92852568736001,34.777715045189915],[35.928466574489676,34.77625875744567],[35.928703025971,34.776300365666934],[35.92876213884133,34.774573624484475],[35.929087259628155,34.774573624484475],[35.92902814675782,34.77270125452759],[35.92958971902597,34.77270125452759],[35.92958971902597,34.77236838875748],[35.9298261705073,34.77236838875748],[35.9298261705073,34.77228517231495],[35.92985572694246,34.771806677770414],[35.93006262198862,34.771806677770414],[35.930151291294116,34.77124496678335],[35.92988528337763,34.77130737911524],[35.92985572694246,34.77097451334513],[35.92970794476663,34.77097451334513],[35.92958971902597,34.77097451334513],[35.92958971902597,34.770683255796285],[35.92958971902597,34.77041280235807],[35.92950104972047,34.77041280235807],[35.92929415467431,34.77041280235807],[35.92929415467431,34.77014234891985],[35.92950104972047,34.77014234891985],[35.92958971902597,34.77014234891985],[35.92958971902597,34.76974707081784],[35.92958971902597,34.768186762520436],[35.92988528337763,34.76820756663107],[35.92985572694246,34.76708414465694],[35.93012173485895,34.76708414465694],[35.930151291294116,34.76681369121872],[35.93041729921061,34.76681369121872],[35.93041729921061,34.76625198023166],[35.93071286356226,34.766293588452925],[35.9306833071271,34.76458765138109],[35.930919758608425,34.76458765138109],[35.93097887147876,34.76331860063254],[35.93097887147876,34.763193775968745],[35.9306833071271,34.763193775968745],[35.9306833071271,34.761529447118185],[35.930919758608425,34.761529447118185],[35.93097887147876,34.76051004569722],[35.93094931504359,34.76042682925468],[35.9306833071271,34.76042682925468],[35.9306833071271,34.75986511826762],[35.930919758608425,34.75988592237825],[35.93097887147876,34.759573860718774],[35.93083108930293,34.759573860718774],[35.9306833071271,34.759573860718774],[35.93071286356226,34.759095366174236],[35.93041729921061,34.75903295384234],[35.93047641208094,34.75872089218286],[35.92985572694246,34.75874169629349],[35.92985572694246,34.75847124285527],[35.92958971902597,34.75847124285527],[35.92958971902597,34.75801355242137],[35.92950104972047,34.75793033597884],[35.92929415467431,34.75790953186821],[35.92929415467431,34.7575142537662],[35.92926459823914,34.75738942910241],[35.92902814675782,34.75736862499178],[35.92902814675782,34.75689013044724],[35.92902814675782,34.75680691400471],[35.92876213884133,34.75680691400471],[35.92876213884133,34.75597474957943],[35.92902814675782,34.75597474957943],[35.92902814675782,34.75570429614121],[35.929323711109475,34.755683492030585],[35.92929415467431,34.75458087416708],[35.92958971902597,34.754601678277716],[35.92958971902597,34.754310420728864],[35.9298261705073,34.754310420728864],[35.92985572694246,34.75401916318002],[35.930003509118286,34.75401916318002],[35.930151291294116,34.75401916318002],[35.930151291294116,34.75376951385243],[35.930151291294116,34.75347825630359],[35.930299073469946,34.75347825630359],[35.93041729921061,34.75347825630359],[35.93041729921061,34.75235483432945],[35.930299073469946,34.75235483432945],[35.930151291294116,34.75235483432945],[35.930151291294116,34.75125221646596],[35.930299073469946,34.75125221646596],[35.93041729921061,34.75125221646596],[35.93041729921061,34.75094015480648],[35.93041729921061,34.75012879449183],[35.93071286356226,34.75012879449183],[35.9306833071271,34.74985834105361],[35.93094931504359,34.74985834105361],[35.93097887147876,34.74958788761539],[35.93112665365459,34.74958788761539],[35.93124487939525,34.74958788761539],[35.93124487939525,34.74900537251769],[35.93124487939525,34.748901351964534],[35.93124487939525,34.748755723190115],[35.93112665365459,34.748755723190115],[35.93097887147876,34.748755723190115],[35.93097887147876,34.74854768208379],[35.930919758608425,34.74846446564126],[35.9306833071271,34.74846446564126],[35.9306833071271,34.7468001367907],[35.930919758608425,34.7468001367907],[35.93097887147876,34.74457409695307],[35.93127443583042,34.74459490106371],[35.93124487939525,34.742368861226076],[35.931540443746904,34.742368861226076],[35.931540443746904,34.740142821388446],[35.931688225922734,34.740142821388446],[35.9318064516634,34.740142821388446],[35.9318064516634,34.73958111040138],[35.9318064516634,34.73791678155082],[35.93213157245022,34.73791678155082],[35.932072459579885,34.736522906138475],[35.93230891106121,34.736522906138475],[35.932368023931545,34.73569074171319],[35.9326635882832,34.735711545823825],[35.93263403184804,34.73485857728791],[35.93292959619969,34.7349209896198],[35.93292959619969,34.734026412862626],[35.933136491245854,34.734026412862626],[35.933195604116186,34.73319424843734],[35.93346161203267,34.733277464879876],[35.93346161203267,34.73263253745028],[35.93375717638433,34.73263253745028],[35.93375717638433,34.731800373024996],[35.93408229717115,34.731862785356896],[35.93402318430082,34.731321878480465],[35.93402318430082,34.731259466148565],[35.934584756568974,34.731259466148565],[35.934584756568974,34.72930387974915],[35.93488032092063,34.72930387974915],[35.93485076448546,34.72847171532387],[35.935116772401955,34.72851332354514],[35.93514632883712,34.727910004336806],[35.93529411101295,34.727910004336806],[35.93541233675361,34.727910004336806],[35.93541233675361,34.72778517967301],[35.93541233675361,34.727369097460375],[35.935737457540434,34.727369097460375],[35.93570790110527,34.72653693303509],[35.93591479615143,34.72653693303509],[35.93597390902176,34.72597522204803],[35.93629902980858,34.72599602615866],[35.93623991693825,34.725413511060964],[35.93653548128991,34.725413511060964],[35.93653548128991,34.72458134663568],[35.93677193277123,34.72458134663568],[35.936801489206395,34.72401963564862],[35.937097053558055,34.72404043975925],[35.937097053558055,34.72318747122333],[35.937392617909715,34.72320827533397],[35.93736306147455,34.7226465643469],[35.937629069391036,34.7226465643469],[35.937629069391036,34.72208485335984],[35.937924633742696,34.722105657470465],[35.937924633742696,34.721252688934555],[35.938101972353685,34.72131510126645],[35.93816108522402,34.72123188482392],[35.93819064165918,34.72069097794749],[35.93848620601084,34.72071178205812],[35.93848620601084,34.72042052450927],[35.93875221392734,34.72042052450927],[35.93875221392734,34.72012926696043],[35.93928422976032,34.72012926696043],[35.939313786195484,34.718756195658706],[35.93952068124164,34.718756195658706],[35.93957979411197,34.71819448467164],[35.93987535846363,34.71819448467164],[35.93987535846363,34.71792403123343],[35.94011180994496,34.71792403123343],[35.94014136638012,34.71763277368458],[35.94049604360211,34.71763277368458],[35.94040737429661,34.71596844483402],[35.940230035685616,34.71596844483402],[35.94014136638012,34.71596844483402],[35.94014136638012,34.715739599617066],[35.94040737429661,34.7156979913958],[35.94040737429661,34.715552362621374],[35.94040737429661,34.71540673384695],[35.940525600037276,34.71540673384695],[35.94070293864827,34.71540673384695],[35.940673382213106,34.71490743519178],[35.94096894656476,34.71486582697052],[35.94096894656476,34.71478261052799],[35.94096894656476,34.71457456942167],[35.94120539804609,34.71457456942167],[35.94126451091642,34.71403366254523],[35.94156007526807,34.71403366254523],[35.941530518832906,34.71374240499639],[35.941678301008736,34.71374240499639],[35.9417965267494,34.71374240499639],[35.9417965267494,34.713617580332595],[35.9417965267494,34.71320149811996],[35.942121647536226,34.713222302230584],[35.94209209110106,34.712910240571105],[35.942298986147215,34.712910240571105],[35.94235809901755,34.712369333694674],[35.94262410693404,34.712369333694674],[35.94262410693404,34.71228611725215],[35.94262410693404,34.71207807614582],[35.942742332674705,34.71207807614582],[35.94291967128569,34.71207807614582],[35.94291967128569,34.71180762270761],[35.94291967128569,34.71153716926939],[35.94309700989669,34.71153716926939],[35.94318567920219,34.71153716926939],[35.94318567920219,34.7114123446056],[35.94318567920219,34.71097545828233],[35.94351079998901,34.71097545828233],[35.94348124355385,34.7098520363082],[35.94371769503517,34.70989364452946],[35.943747251470334,34.709019871882916],[35.94392459008133,34.709019871882916],[35.94401325938683,34.709019871882916],[35.94401325938683,34.70870781022343],[35.94401325938683,34.707917254019414],[35.944279267303315,34.707917254019414],[35.94430882373848,34.70708508959414],[35.94451571878464,34.70708508959414],[35.944574831654975,34.706523378607066],[35.944870396006635,34.706523378607066],[35.9448999524418,34.706252925168855],[35.94513640392312,34.706252925168855],[35.94513640392312,34.70504628675219],[35.94513640392312,34.704026885331224],[35.945343298969284,34.704026885331224],[35.945402411839616,34.70319472090594],[35.945727532626435,34.70319472090594],[35.94569797619127,34.702362556480665],[35.94596398410776,34.702362556480665],[35.94596398410776,34.70123913450653],[35.94628910489458,34.70130154683843],[35.94625954845942,34.70040697008125],[35.94646644350558,34.70040697008125],[35.94646644350558,34.69988686731545],[35.946791564292404,34.699866063204816],[35.946791564292404,34.69974123854102],[35.946791564292404,34.69957480565597],[35.947028015773725,34.69957480565597],[35.94708712864406,34.69930435221775],[35.94729402369022,34.69930435221775],[35.94735313656055,34.69874264123069],[35.94767825734737,34.698721837120054],[35.947648700912204,34.69847218779247],[35.94788515239353,34.6984929919031],[35.9479147088287,34.69820173435426],[35.94853539396718,34.69822253846488],[35.948476281096845,34.697910476805404],[35.94871273257817,34.697910476805404],[35.94874228901334,34.697640023367185],[35.949096966235324,34.697702435699085],[35.949096966235324,34.69707831238012],[35.949599425633146,34.69707831238012],[35.949599425633146,34.696932683605695],[35.949599425633146,34.69680785894191],[35.949776764244135,34.69680785894191],[35.94986543354963,34.69680785894191],[35.94986543354963,34.69664142605685],[35.94986543354963,34.69624614795484],[35.950072328595795,34.69624614795484],[35.950072328595795,34.695684436967774],[35.94986543354963,34.695684436967774],[35.94986543354963,34.69458181910428],[35.95013144146613,34.69458181910428],[35.95013144146613,34.694020108117215],[35.95030878007712,34.69408252044911],[35.95036789294745,34.69399930400658],[35.95042700581778,34.69318794369193],[35.95072257016944,34.693208747802565],[35.95069301373427,34.69235577926665],[35.9510181345211,34.69237658337728],[35.95095902165077,34.69181487239022],[35.951284142437586,34.691898088832744],[35.95125458600242,34.691253161403154],[35.95149103748375,34.69127396551379],[35.951520593918914,34.69069145041609],[35.95172748896507,34.69069145041609],[35.95181615827057,34.69069145041609],[35.95181615827057,34.69054582164166],[35.95181615827057,34.69012973942902],[35.95208216618706,34.69012973942902],[35.95208216618706,34.68958883255259],[35.952348174103555,34.68958883255259],[35.952348174103555,34.68902712156552],[35.95264373845521,34.68902712156552],[35.95264373845521,34.68846541057846],[35.952880189936536,34.68848621468909],[35.9529097463717,34.68792450370203],[35.95311664141786,34.68792450370203],[35.953205310723355,34.68736279271496],[35.953500875075015,34.68736279271496],[35.95347131863985,34.68653062828968],[35.95370777012118,34.686489020068414],[35.95373732655634,34.686384999515255],[35.95373732655634,34.68596891730262],[35.95400333447283,34.68596891730262],[35.954032890907996,34.685407206315546],[35.95429889882449,34.68549042275808],[35.95429889882449,34.68457504189027],[35.95459446317614,34.684595846000896],[35.95459446317614,34.68403413501383],[35.9548900275278,34.6840757432351],[35.95486047109264,34.68320197058855],[35.955126479009124,34.68320197058855],[35.955126479009124,34.682640259601484],[35.955333374055286,34.68268186782275],[35.95536293049045,34.68261945549085],[35.955422043360784,34.68180809517621],[35.955717607712444,34.68180809517621],[35.95568805127728,34.68124638418914],[35.95586538988827,34.68124638418914],[35.95598361562893,34.68124638418914],[35.95598361562893,34.681079951304085],[35.95598361562893,34.68041421976386],[35.95630873641576,34.680476632095754],[35.956249623545425,34.67987331288742],[35.95648607502675,34.67987331288742],[35.95651563146191,34.67931160190036],[35.95675208294324,34.6792699936791],[35.95681119581357,34.678479437475076],[35.95710676016523,34.67852104569634],[35.957077203730066,34.67791772648801],[35.95728409877622,34.67791772648801],[35.95737276808172,34.67791772648801],[35.95737276808172,34.6776472730498],[35.95737276808172,34.67708556206273],[35.95752055025755,34.67708556206273],[35.95763877599821,34.67708556206273],[35.95763877599821,34.67689832506704],[35.95763877599821,34.676523851075665],[35.95787522747953,34.676523851075665],[35.9579047839147,34.67569168665038],[35.95814123539603,34.675712490761015],[35.95820034826636,34.67515077977395],[35.95849591261802,34.67510917155269],[35.95846635618285,34.67429781123804],[35.958702807664174,34.67427700712741],[35.958761920534506,34.6737569043616],[35.958998372015834,34.6737569043616],[35.959027928451,34.67319519337454],[35.95929393636749,34.67319519337454],[35.95929393636749,34.672363028949256],[35.95955994428398,34.672363028949256],[35.95958950071915,34.67180131796219],[35.959914621505966,34.671884534404725],[35.95985550863564,34.67123960697513],[35.96012151655213,34.67123960697513],[35.960151072987294,34.6706987000987],[35.96038752446862,34.67065709187743],[35.96041708090379,34.67013698911163],[35.96074220169061,34.67015779322226],[35.960683088820275,34.66957527812457],[35.96094909673677,34.66957527812457],[35.960978653171935,34.66903437124813],[35.96124466108843,34.66903437124813],[35.96124466108843,34.66847266026107],[35.96148111256975,34.66851426848233],[35.96154022544008,34.667910949274],[35.96171756405108,34.667910949274],[35.961806233356576,34.667910949274],[35.961806233356576,34.66774451638894],[35.961806233356576,34.66707878484872],[35.96210179770823,34.667120393069986],[35.96207224127306,34.666246620423436],[35.962279136319225,34.666246620423436],[35.96236780562472,34.666246620423436],[35.96233824918956,34.66568490943637],[35.96263381354121,34.66568490943637],[35.96263381354121,34.66551847655132],[35.962663369976376,34.66543526010879],[35.96292937789287,34.66541445599816],[35.96292937789287,34.66474872445793],[35.96292937789287,34.66431183813466],[35.9630771600687,34.66431183813466],[35.963195385809364,34.66431183813466],[35.963195385809364,34.664082992917706],[35.963195385809364,34.663479673709375],[35.96349095016102,34.66352128193064],[35.96346139372585,34.66291796272231],[35.96366828877201,34.66291796272231],[35.96375695807751,34.66208579829703],[35.96393429668851,34.66210660240766],[35.964022965994,34.66208579829703],[35.964022965994,34.66189856130134],[35.964022965994,34.66125363387175],[35.96428897391049,34.661316046203645],[35.96431853034566,34.66069192288468],[35.96446631252149,34.66069192288468],[35.96458453826215,34.66069192288468],[35.96458453826215,34.660504685888995],[35.96458453826215,34.659859758459405],[35.96490965904897,34.6599221707913],[35.96485054617864,34.65929804747234],[35.96508699765997,34.65929804747234],[35.9651461105303,34.65846588304706],[35.96526433627096,34.65850749126832],[35.965412118446785,34.65846588304706],[35.965412118446785,34.658299450162],[35.965412118446785,34.65792497617062],[35.96567812636328,34.65792497617062],[35.965707682798445,34.65707200763471],[35.96591457784461,34.65705120352408],[35.96597369071494,34.65623984320943],[35.966239698631426,34.65623984320943],[35.966239698631426,34.655698936332996],[35.96650570654792,34.655698936332996],[35.966535262983086,34.65486677190771],[35.96680127089957,34.65486677190771],[35.96680127089957,34.65430506092065],[35.96709683525123,34.65430506092065],[35.96709683525123,34.653472896495366],[35.967303730297395,34.65345209238473],[35.96736284316773,34.6529111855083],[35.96751062534355,34.6529111855083],[35.967628851084214,34.6529111855083],[35.967628851084214,34.65251590740629],[35.967687963954546,34.65237027863187],[35.96819042335236,34.65237027863187],[35.96819042335236,34.65228706218934],[35.96819042335236,34.65207902108302],[35.96869288275018,34.65209982519365],[35.96869288275018,34.651517310095954],[35.96848598770402,34.651517310095954],[35.96848598770402,34.64985298124539],[35.96869288275018,34.64985298124539],[35.968751995620515,34.64931207436896],[35.96887022136117,34.64931207436896],[35.969018003537,34.64931207436896],[35.969018003537,34.64900001270948],[35.969018003537,34.64875036338189],[35.96916578571283,34.64875036338189],[35.96931356788866,34.64875036338189],[35.96931356788866,34.64850071405431],[35.96931356788866,34.64818865239483],[35.969018003537,34.64818865239483],[35.969018003537,34.64764774551839],[35.96931356788866,34.64771015785029],[35.96931356788866,34.64679477698248],[35.96955001936998,34.64679477698248],[35.96957957580515,34.64625387010605],[35.969904696591975,34.64629547832731],[35.96984558372164,34.64542170568077],[35.970141148073296,34.64542170568077],[35.970141148073296,34.644859994693704],[35.97040715598979,34.644859994693704],[35.97040715598979,34.64429828370663],[35.97070272034145,34.644277479596006],[35.97096872825794,34.64429828370663],[35.97096872825794,34.64402783026842],[35.97259433219205,34.64488079880433],[35.97534308066246,34.63984620403138],[35.97528396779213,34.640636760235395],[35.975254411356964,34.64119847122246],[35.9750475163108,34.64180179043079],[35.97472239552398,34.64261315074544],[35.97466328265365,34.642800387741126],[35.97466328265365,34.64298762473682],[35.97466328265365,34.643174861732504],[35.97472239552398,34.6433620987282],[35.97481106482948,34.64354933572388],[35.97492929057014,34.64369496449831],[35.9750475163108,34.64384059327273],[35.9752248549218,34.643986222047154],[35.975402193532794,34.64409024260031],[35.97560908857895,34.64419426315347],[35.97581598362511,34.64425667548537],[35.97628888658776,34.644319087817266],[35.97705735390207,34.64429828370663],[35.97809182913287,34.64423587137474],[35.978830740012015,34.64425667548537],[35.97930364297466,34.644423108370425],[35.979510538020826,34.644589541255485],[35.979658320196656,34.64473517002991],[35.97980610237248,34.6449224070256],[35.97989477167798,34.64506803580002],[35.979983440983474,34.645234468685075],[35.98004255385381,34.64542170568077],[35.98007211028897,34.64560894267645],[35.98010166672414,34.645796179672146],[35.98010166672414,34.64598341666783],[35.98004255385381,34.64617065366352],[35.979983440983474,34.64635789065921],[35.97959920732632,34.64754372496523],[35.9792740865395,34.64839669350115],[35.97912630436367,34.649083229152005],[35.97912630436367,34.64927046614769],[35.979185417234,34.64945770314338],[35.97930364297466,34.64964494013907],[35.97942186871533,34.64976976480286],[35.97959920732632,34.649894589466655],[35.97980610237248,34.64995700179855],[35.98004255385381,34.649998610019814],[35.980279005335134,34.649998610019814],[35.98048590038129,34.64995700179855],[35.981579488482424,34.64956172369654],[35.981963722139575,34.64954091958591],[35.98290952806488,34.64941609492212],[35.983411987462695,34.64902081682011],[35.98364843894402,34.648812775713786],[35.98391444686051,34.64860473460747],[35.9842691240825,34.64850071405431],[35.984357793388,34.648479909943674],[35.98483069635065,34.648334281169255],[35.9853035993133,34.64839669350115],[35.985540050794626,34.648542322275574],[35.98565827653529,34.64889599215632],[35.98571738940562,34.64906242504137],[35.98571738940562,34.649249662037064],[35.985776502275954,34.64943689903275],[35.98592428445178,34.649582527807176],[35.98610162306277,34.649686548360336],[35.986308518108935,34.649790568913495],[35.98651541315509,34.64983217713476],[35.98675186463642,34.64983217713476],[35.98695875968258,34.649790568913495],[35.98704742898808,34.64981137302413],[35.98734299333973,34.64985298124539],[35.987609001256224,34.65008182646234],[35.988141017089205,34.65035227990056],[35.9884956943112,34.650435496343086],[35.98893904083868,34.650435496343086],[35.989352830931,34.65035227990056],[35.98961883884749,34.65018584701551],[35.98976662102332,34.649998610019814],[35.98985529032882,34.64983217713476],[35.98985529032882,34.6496033319178],[35.98982573389365,34.64943689903275],[35.98979617745849,34.64939529081148],[35.989884846763985,34.64922885792643],[35.989914403199144,34.64904162093074],[35.98994395963431,34.64885438393505],[35.989914403199144,34.64866714693937],[35.98985529032882,34.648479909943674],[35.98976662102332,34.64831347705862],[35.98964839528266,34.64814704417356],[35.98950061310683,34.648001415399136],[35.988909484403514,34.64743970441207],[35.98855480718152,34.647023622199434],[35.98834791213537,34.64652432354426],[35.98834791213537,34.646108241331625],[35.9884070250057,34.645296881016975],[35.98846613787603,34.64481838647244],[35.9884070250057,34.64415265493221],[35.9884956943112,34.64386139738336],[35.98858436361669,34.64373657271957],[35.98870258935735,34.64359094394515],[35.989293718060665,34.64321646995377],[35.99018041111564,34.642758779519866],[35.990269080421136,34.642758779519866],[35.9903873061618,34.6427795836305],[35.99053508833763,34.6427171712986],[35.99062375764312,34.642696367187966],[35.99086020912445,34.64273797540923],[35.99106710417061,34.64284199596239],[35.99121488634644,34.642966820626185],[35.9913331120871,34.643133253511245],[35.99139222495743,34.6432996863963],[35.99139222495743,34.643507727502616],[35.991421781392596,34.643611748055775],[35.991510450698094,34.64429828370663],[35.99154000713326,34.644589541255485],[35.991569563568426,34.64463114947675],[35.99174690217942,34.64475597414054],[35.99198335366074,34.64475597414054],[35.99213113583657,34.64465195358738],[35.992190248706905,34.64461034536612],[35.9923675873179,34.64450632481296],[35.992485813058565,34.64436069603853],[35.99284049028055,34.64373657271957],[35.993165611067376,34.643174861732504],[35.993638514030025,34.64288360418366],[35.99414097342784,34.642696367187966],[35.99437742490917,34.642696367187966],[35.99458431995533,34.64267556307734],[35.99482077143665,34.64267556307734],[35.99505722291798,34.642696367187966],[35.99526411796414,34.6427171712986],[35.99550056944546,34.642758779519866],[35.99573702092679,34.642800387741126],[35.99594391597295,34.64284199596239],[35.99618036745427,34.64290440829429],[35.996387262500434,34.64298762473682],[35.996594157546596,34.64305003706871],[35.99680105259275,34.64315405762187],[35.99751040703673,34.64338290283882],[35.99895867235985,34.64373657271957],[36.00022959907197,34.644048634379054],[36.000643389164296,34.644319087817266],[36.00102762282145,34.64461034536612],[36.001411856478605,34.64490160291496],[36.00182564657092,34.645026427578756],[36.00220988022807,34.64506803580002],[36.002623670320396,34.64510964402128],[36.00315568615338,34.64500562346812],[36.00398326633802,34.64506803580002],[36.004929072263316,34.645338489238235],[36.00563842670729,34.64558813856582],[36.00622955541061,34.64558813856582],[36.00643645045677,34.645504922123294],[36.006613789067764,34.64535929334887],[36.00670245837326,34.64517205635318],[36.00673201480843,34.64496401524686],[36.00664334550293,34.644797582361804],[36.0064955633271,34.64463114947675],[36.00557931383696,34.64386139738336],[36.00525419305014,34.64363255216641],[36.005165523744644,34.643611748055775],[36.00478129008749,34.64359094394515],[36.00448572573583,34.64332049050693],[36.00436749999517,34.64309164528998],[36.00433794356,34.643070841179345],[36.00430838712484,34.642862800073026],[36.00433794356,34.64267556307734],[36.0044266128655,34.64248832608165],[36.00466306434683,34.64221787264343],[36.005017741568814,34.641989027426476],[36.00540197522597,34.64196822331585],[36.00557931383696,34.641947419205216],[36.006140886105115,34.641989027426476],[36.00655467619743,34.641989027426476],[36.00687979698426,34.64200983153711],[36.00741181281724,34.64180179043079],[36.00755959499307,34.641760182209524],[36.00823939300188,34.64136490410752],[36.00841673161287,34.64126088355436],[36.00891919101069,34.640907213673614],[36.009126086056845,34.64061595612476],[36.009421650408505,34.64024148213339],[36.00986499693599,34.639783791699486],[36.01060390781513,34.63947173004],[36.01107681077778,34.63926368893368],[36.01178616522176,34.63878519438914],[36.01219995531408,34.63853554506156],[36.012702414711896,34.638265091623346],[36.013323099850375,34.638036246406394],[36.01344132559104,34.63801544229576],[36.01388467211852,34.63789061763197],[36.014298462210846,34.63762016419375],[36.01441668795151,34.63751614364059],[36.01488959091416,34.63728729842364],[36.015687614663634,34.637162473759844],[36.01630829980211,34.636954432653525],[36.01645608197794,34.636871216211],[36.01681075919993,34.636683979215306],[36.017047210681255,34.63643432988773],[36.01716543642191,34.636351113445194],[36.017904347301055,34.63599744356445],[36.01843636313404,34.6358310106794],[36.01893882253186,34.63568538190497],[36.019204830448345,34.635602165462444],[36.01947083836484,34.63562296957308],[36.01970728984617,34.6357685983475],[36.01970728984617,34.63578940245813],[36.019855072022,34.636039051785716],[36.02000285419782,34.63626789700267],[36.020416644290144,34.63626789700267],[36.021332893780276,34.63581020656876],[36.02245603831658,34.63541492846675],[36.02272204623306,34.63514447502854],[36.022781159103396,34.634728392815894],[36.02281071553856,34.63464517637337],[36.02281071553856,34.634624372262735],[36.02298805414956,34.63437472293515],[36.022928941279226,34.63402105305441],[36.022928941279226,34.633979444833145],[36.02310627989022,34.63352175439924],[36.02325406206605,34.63312647629723],[36.0237269650287,34.63277280641648],[36.0237269650287,34.63260637353143],[36.023608739288036,34.63233592009321],[36.023549626417704,34.632086270765626],[36.023756521463866,34.631857425548674],[36.02402252938035,34.63177420910615],[36.02479099669466,34.631711796774255],[36.02523434322215,34.63162858033172],[36.02573680261997,34.631337322782876],[36.025973254101295,34.631046065234024],[36.02603236697162,34.63071319946391],[36.02609147984195,34.6303803336938],[36.026298374888114,34.63004746792369],[36.02656438280461,34.62983942681737],[36.02685994715626,34.62969379804294],[36.02709639863759,34.62965218982168],[36.02733285011892,34.62961058160042],[36.027598858035404,34.62961058160042],[36.02783530951673,34.62961058160042],[36.028958454053026,34.62983942681737],[36.02954958275634,34.63000585970242],[36.02960869562667,34.63004746792369],[36.03005204215416,34.63054676657886],[36.03064317085747,34.63077561179581],[36.03141163817178,34.630942044680864],[36.0316480896531,34.631004457012764],[36.032387000532246,34.63112928167656],[36.033007685670725,34.63115008578718],[36.03324413715205,34.631004457012764],[36.033303250022385,34.630942044680864],[36.03339191932788,34.63079641590644],[36.03324413715205,34.63010988025558],[36.033007685670725,34.62961058160042],[36.03265300844874,34.62946495282599],[36.032002766875095,34.629277715830305],[36.031854984699265,34.629111282945246],[36.03179587182893,34.62890324183893],[36.0318254282641,34.628716004843234],[36.0319140975696,34.62852876784755],[36.03194365400476,34.62832072674123],[36.03194365400476,34.628071077413644],[36.03206187974543,34.627800623975425],[36.03250522627291,34.6277174075329],[36.033155467846555,34.627759015754165],[36.03356925793887,34.627592582869106],[36.033628370809204,34.627592582869106],[36.03395349159603,34.627654995201006],[36.03418994307735,34.6277798198648],[36.03433772525318,34.62802946919238],[36.03466284604001,34.62844555140502],[36.034840184651,34.6287576130645],[36.03510619256749,34.62892404594956],[36.035372200483984,34.629007262392086],[36.03563820840047,34.62904887061335],[36.035904216316965,34.62898645828145],[36.03614066779829,34.62886163361766],[36.036288449974116,34.62863278840071],[36.03640667571478,34.62854957195818],[36.03646578858511,34.628507963736915],[36.03670224006644,34.628507963736915],[36.03693869154776,34.62852876784755],[36.03717514302909,34.62859118017945],[36.03738203807525,34.628716004843234],[36.03752982025108,34.62886163361766],[36.03797316677856,34.62906967472398],[36.038564295481876,34.62923610760904],[36.04072191524897,34.6297978185961],[36.04149038256328,34.62996425148116],[36.0418155033501,34.62994344737053],[36.0419041726556,34.629922643259896],[36.04211106770176,34.62988103503863],[36.04243618848858,34.62961058160042],[36.04258397066441,34.62923610760904],[36.042613527099576,34.629173695277146],[36.04279086571057,34.62902806650272],[36.0430273171919,34.62892404594956],[36.04329332510839,34.62902806650272],[36.04341155084905,34.629215303498405],[36.04361844589521,34.62944414871536],[36.04450513895018,34.6297978185961],[36.04512582408866,34.629922643259896],[36.04571695279198,34.629818622706736],[36.04672187158761,34.6294025404941],[36.049263725011855,34.62844555140502],[36.050091305196496,34.628071077413644],[36.05068243389981,34.62800866508175],[36.05109622399213,34.627967056860484],[36.05145090121412,34.62809188152428],[36.051628239825114,34.62827911851996],[36.05174646556578,34.62848715962628],[36.05195336061193,34.62884082950703],[36.05218981209326,34.62929851994093],[36.05204202991743,34.62969379804294],[36.052012473482264,34.6297978185961],[36.051835134871276,34.630089076144955],[36.05189424774161,34.630567570689486],[36.05204202991743,34.63079641590644],[36.05263315862074,34.63158697211046],[36.05286961010207,34.63194064199121],[36.0531947308889,34.63241913653574],[36.05363807741638,34.63254396119953],[36.05411098037903,34.63248154886764],[36.05419964968453,34.63250235297827],[36.05461343977685,34.63260637353143],[36.054968116998836,34.63281441463775],[36.05538190709115,34.633064063965335],[36.05576614074831,34.63323049685039],[36.0560321486648,34.63323049685039],[36.05609126153513,34.63323049685039],[36.05632771301646,34.633272105071654],[36.05659372093295,34.63325130096102],[36.05683017241427,34.63318888862913],[36.057037067460435,34.633105672186595],[36.057332631812095,34.6329808475228],[36.057569083293416,34.63293923930154],[36.057805534774744,34.632960043412176],[36.058041986256065,34.633001651633435],[36.05824888130223,34.633105672186595],[36.05943113870885,34.63445793937768],[36.059697146625346,34.634832413369054],[36.05975625949568,34.63514447502854],[36.05996315454184,34.63545653668802],[36.06067250898582,34.6358310106794],[36.0612045248188,34.635935031232556],[36.06185476639244,34.63597663945382],[36.06194343569794,34.63597663945382],[36.06200254856827,34.63597663945382],[36.06232766935509,34.63595583534319],[36.06285968518807,34.635935031232556],[36.0631848059749,34.63578940245813],[36.06345081389139,34.63562296957308],[36.06356903963205,34.63541492846675],[36.06362815250238,34.6352484955817],[36.063598596067216,34.63499884625411],[36.063598596067216,34.63497804214348],[36.06330303171556,34.634312310603256],[36.063362144585895,34.63402105305441],[36.06339170102106,34.63314728040786],[36.06339170102106,34.63271039408459],[36.063362144585895,34.63254396119953],[36.06339170102106,34.6320030543231],[36.06365770893755,34.63183662143804],[36.063894160418876,34.631753404995514],[36.064130611900204,34.631649384442355],[36.06416016833537,34.63162858033172],[36.064367063381525,34.631753404995514],[36.06448528912219,34.63194064199121],[36.064514845557355,34.63212787898689],[36.06457395842769,34.63264798175269],[36.06463307129802,34.633168084518495],[36.06463307129802,34.63318888862913],[36.06475129703868,34.63345934206734],[36.06495819208484,34.633667383173666],[36.065194643566166,34.63379220783746],[36.065431095047494,34.633875424279985],[36.06569710296398,34.63395864072251],[36.06590399801014,34.63404185716504],[36.0661995623618,34.63412507360757],[36.06646557027829,34.63412507360757],[36.06667246532445,34.63393783661188],[36.06682024750028,34.633813011948085],[36.06687936037061,34.633771403726826],[36.067115811851934,34.633708991394926],[36.06720448115743,34.633708991394926],[36.06738181976843,34.633708991394926],[36.06761827124975,34.633604970841766],[36.06782516629591,34.63352175439924],[36.06806161777724,34.633438537956714],[36.06829806925856,34.63335532151418],[36.06850496430472,34.63331371329292],[36.068711859350884,34.63329290918229],[36.068918754397046,34.633272105071654],[36.06918476231353,34.63329290918229],[36.06965766527618,34.63335532151418],[36.07033746328499,34.63312647629723],[36.071076374164136,34.63273119819522],[36.071519720691626,34.632190291318786],[36.07187439791361,34.63198225021247],[36.07219951870044,34.63189903376994],[36.07240641374659,34.63177420910615],[36.072465526616924,34.63156616799983],[36.07249508305209,34.63106686934466],[36.07234730087627,34.630026663813055],[36.0723177444411,34.62996425148116],[36.07219951870044,34.62973540626421],[36.07190395434878,34.62961058160042],[36.07205173652461,34.62898645828145],[36.07219951870044,34.628507963736915],[36.072376857311426,34.62834153085186],[36.07243597018176,34.62832072674123],[36.07258375235759,34.62825831440933],[36.072820203838916,34.62825831440933],[36.07302709888508,34.62832072674123],[36.07332266323673,34.62842474729439],[36.07347044541256,34.62848715962628],[36.07367734045872,34.628611984290075],[36.07376600976421,34.628611984290075],[36.07391379194004,34.62863278840071],[36.074268469162035,34.628466355515656],[36.07468225925435,34.62865359251134],[36.07491871073568,34.6288200253964],[36.075036936476344,34.628882437728294],[36.07506649291151,34.629485756936624],[36.075155162217,34.63004746792369],[36.075421170133495,34.63069239535328],[36.07592362953131,34.63156616799983],[36.07683987902145,34.63333451740355],[36.07704677406761,34.63389622839062],[36.077490120595094,34.63422909416073],[36.077874354252245,34.63435391882452],[36.07822903147424,34.63435391882452],[36.07837681365007,34.63437472293515],[36.07861326513139,34.63439552704578],[36.078849716612716,34.63437472293515],[36.07902705522371,34.634249898271364],[36.079145280964376,34.633979444833145],[36.079322619575365,34.633917032501245],[36.07958862749186,34.63389622839062],[36.07997286114901,34.63383381605872],[36.08012064332484,34.63364657906303],[36.08017975619517,34.63345934206734],[36.080002417584176,34.63329290918229],[36.07982507897319,34.633168084518495],[36.07952951462153,34.63291843519091],[36.079618183927025,34.63260637353143],[36.07988419184351,34.63233592009321],[36.079943304713844,34.631753404995514],[36.07982507897319,34.63152455977856],[36.07958862749186,34.63119169400845],[36.07952951462153,34.63087963234897],[36.079854635408346,34.630671591242645],[36.080091086889674,34.630734003574545],[36.08020931263034,34.63077561179581],[36.08074132846332,34.63098365290213],[36.08097777994465,34.63098365290213],[36.08150979577763,34.631004457012764],[36.08183491656445,34.63119169400845],[36.08180536012929,34.6314205392254],[36.08171669082379,34.63169099266362],[36.082071368045774,34.63183662143804],[36.082898948230415,34.631919837880574],[36.08375608485022,34.632086270765626],[36.0843767699887,34.63223189954005],[36.08464277790519,34.632148683097526],[36.084879229386516,34.63206546665499],[36.085027011562346,34.631711796774255],[36.085322575914,34.631274910450976],[36.08582503531182,34.631004457012764],[36.08650483332063,34.63071319946391],[36.087243744199775,34.63010988025558],[36.087775760032756,34.62956897337915],[36.0883373323009,34.62919449938777],[36.088544227347064,34.629111282945246],[36.0886033402174,34.62913208705588],[36.08875112239322,34.62915289116651],[36.08875112239322,34.62936093227283],[36.088544227347064,34.629756210374836],[36.088544227347064,34.630234704919374],[36.08886934813388,34.63046355013633],[36.089401363966864,34.630671591242645],[36.08987426692952,34.6303803336938],[36.09025850058667,34.6303803336938],[36.09070184711416,34.63035952958317],[36.090908742160316,34.63000585970242],[36.09087918572515,34.62971460215358],[36.09079051641965,34.629381736383465],[36.090760959984486,34.6293401281622],[36.09073140354933,34.62915289116651],[36.090997411465814,34.62904887061335],[36.091145193641644,34.62909047883461],[36.09123386294714,34.62909047883461],[36.09209099956695,34.629818622706736],[36.09277079757576,34.63027631314064],[36.092977692621915,34.63044274602569],[36.09321414410324,34.63065078713202],[36.09353926489006,34.631004457012764],[36.09336192627907,34.631274910450976],[36.093125474797745,34.631441343336036],[36.09309591836258,34.63146214744667],[36.09288902331642,34.63162858033172],[36.09285946688125,34.63187822965931],[36.09339148271424,34.632252703650686],[36.094100837158216,34.63250235297827],[36.09469196586153,34.63266878586332],[36.09492841734285,34.632627177642064],[36.09522398169451,34.632564765310164],[36.095933336138486,34.63275200230585],[36.096258456925305,34.63312647629723],[36.09628801336047,34.63314728040786],[36.096406239101135,34.63333451740355],[36.0964357955363,34.63348014617797],[36.09649490840663,34.63364657906303],[36.09646535197147,34.63385462016935],[36.09646535197147,34.63406266127567],[36.0963471262308,34.63422909416073],[36.09596289257365,34.63454115582021],[36.09560821535166,34.63491562981159],[36.095637771786826,34.63541492846675],[36.09584466683299,34.63574779423687],[36.096022005443984,34.636205484670775],[36.0966131341473,34.636413525777094],[36.09720426285061,34.63649674221962],[36.097854504424255,34.63653835044089],[36.0984160766924,34.63639272166646],[36.098770753914394,34.6358310106794],[36.09880031034956,34.63535251613486],[36.09894809252538,34.63520688736043],[36.09933232618254,34.634832413369054],[36.100071237061684,34.6346035681521],[36.100219019237514,34.63470758870527],[36.10033724497817,34.63481160925843],[36.10051458358917,34.63499884625411],[36.10078059150566,34.63526929969233],[36.101076155857314,34.63545653668802],[36.10146038951447,34.63551894901991],[36.10193329247712,34.63558136135181],[36.102199300393615,34.63556055724118],[36.1023766390046,34.63545653668802],[36.1026426469211,34.63529010380296],[36.10296776770792,34.635331712024225],[36.10338155780024,34.63545653668802],[36.10376579145739,34.63551894901991],[36.104327363725545,34.63529010380296],[36.104711597382696,34.63487402159032],[36.10512538747501,34.63474919692653],[36.105627846872835,34.634665980484],[36.10592341122449,34.63433311471389],[36.10654409636297,34.634083465386304],[36.10734212011244,34.63379220783746],[36.10784457951026,34.63354255850987],[36.10790369238059,34.63350095028861],[36.10790369238059,34.63318888862913],[36.10796280525092,34.6329808475228],[36.10802191812125,34.63277280641648],[36.10843570821358,34.632793610527116],[36.10881994187073,34.632793610527116],[36.10926328839821,34.63277280641648],[36.10964752205537,34.63308486807597],[36.109913529971855,34.633438537956714],[36.110504658675175,34.63368818728429],[36.11062288441583,34.63372979550556],[36.111125343813654,34.633813011948085],[36.111982480433454,34.63383381605872],[36.11269183487743,34.633813011948085],[36.11313518140492,34.63372979550556],[36.11354897149724,34.63364657906303],[36.11408098733022,34.63354255850987],[36.11431743881155,34.63354255850987],[36.11446522098738,34.6336257749524],[36.11446522098738,34.63364657906303],[36.11437655168188,34.63406266127567],[36.11443566455221,34.634686784594635],[36.11449477742254,34.635123670917906],[36.11458344672804,34.635539753130544],[36.1147016724687,34.63612226822824],[36.11514501899619,34.63682960798973],[36.11532235760718,34.63741212308743],[36.115854373440165,34.63762016419375],[36.11629771996765,34.637973834074494],[36.11727308232812,34.63859795739346],[36.11801199320726,34.63909725604863],[36.11824844468858,34.63940931770811],[36.11848489616991,34.639721379367586],[36.118987355567725,34.64026228624402],[36.11937158922488,34.640595152014136],[36.119814935752366,34.640907213673614],[36.12046517732601,34.64119847122246],[36.120908523853494,34.641614553435105],[36.12132231394582,34.64192661509458],[36.1216769911678,34.641947419205216],[36.1217656604733,34.641947419205216],[36.12179521690847,34.641947419205216],[36.12229767630628,34.64186420276269],[36.12342082084258,34.641676965767],[36.12398239311073,34.64159374932447],[36.124632634684374,34.641760182209524],[36.12528287625802,34.64190581098395],[36.125460214869015,34.64192661509458],[36.125785335655834,34.641947419205216],[36.126140012877826,34.641656161656364],[36.12640602079431,34.64113605889057],[36.1268493673218,34.640428719129076],[36.127440496025116,34.639825399920745],[36.12835674551525,34.63926368893368],[36.12862275343174,34.63920127660179],[36.128829648477904,34.63909725604863],[36.129066099959225,34.639014039606096],[36.12909565639439,34.639014039606096],[36.12927299500539,34.638972431384836],[36.129509446486715,34.63899323549546],[36.129745897968036,34.639014039606096],[36.129982349449364,34.63905564782736],[36.13021880093069,34.63913886426989],[36.13042569597685,34.639222080712415],[36.13063259102301,34.63934690537621],[36.13078037319884,34.63940931770811],[36.131046381115326,34.63951333826127],[36.13137150190215,34.639554946482534],[36.13160795338348,34.6395341423719],[36.1318444048648,34.639492534150634],[36.13199218704063,34.63936770948684],[36.132021743475796,34.63932610126558],[36.132258194957124,34.63924288482305],[36.13246509000328,34.63915966838052],[36.13267198504944,34.63903484371673],[36.13284932366044,34.638910019052936],[36.133026662271426,34.63878519438914],[36.133174444447256,34.63861876150409],[36.133322226623086,34.63845232861903],[36.13367690384508,34.63814026695955],[36.13417936324289,34.6378490094107],[36.135538959260515,34.63710006142795],[36.136011862223164,34.63672558743657],[36.13610053152866,34.63599744356445],[36.136366539445156,34.635706186015604],[36.1379625869441,34.63516527913917],[36.139144844350724,34.63474919692653],[36.1398541987947,34.6346035681521],[36.140888674025504,34.634416331156416],[36.14136157698815,34.63477000103716],[36.141568472034315,34.63497804214348],[36.14174581064531,34.63510286680727],[36.14198226212663,34.63520688736043],[36.142189157172794,34.63529010380296],[36.14242560865412,34.63535251613486],[36.14251427795962,34.63541492846675],[36.14266206013544,34.63547734079865],[36.14292806805194,34.63556055724118],[36.143164519533265,34.63558136135181],[36.143400971014586,34.63556055724118],[36.143637422495914,34.63556055724118],[36.14375564823658,34.63551894901991],[36.14387387397724,34.635498144909285],[36.14411032545856,34.63547734079865],[36.14434677693989,34.63541492846675],[36.14458322842122,34.63535251613486],[36.144790123467374,34.63529010380296],[36.144997018513536,34.635227691471066],[36.14526302643003,34.63514447502854],[36.1471841947158,34.63445793937768],[36.14895758082574,34.63368818728429],[36.14984427388071,34.63335532151418],[36.150494515454355,34.63325130096102],[36.15090830554667,34.633168084518495],[36.15167677286098,34.63325130096102],[36.1531250381841,34.63339692973545],[36.15543044012703,34.6335633626205],[36.15631713318199,34.6336257749524],[36.157144713366634,34.63341773384608],[36.157676729199615,34.633376125624814],[36.15809051929194,34.63333451740355],[36.15871120443042,34.63339692973545],[36.16033680836453,34.6335633626205],[36.16089838063268,34.633667383173666],[36.1612235014195,34.633604970841766],[36.16128261428983,34.63358416673113],[36.16137128359533,34.63350095028861],[36.16181463012281,34.633105672186595],[36.16231708952063,34.6325855694208],[36.16276043604812,34.631919837880574],[36.16506583799104,34.630734003574545],[36.16722345775813,34.62977701448547],[36.16822837655377,34.629215303498405],[36.16846482803509,34.62906967472398],[36.16938107752523,34.62873680895387],[36.17009043196921,34.628570376068815],[36.171095350764844,34.62848715962628],[36.17289829330995,34.628716004843234],[36.1732825269671,34.628778417175134],[36.17348942201326,34.62886163361766],[36.17381454280009,34.62890324183893],[36.17405099428141,34.62898645828145],[36.1743170021979,34.629173695277146],[36.17467167941989,34.629423344604724],[36.17481946159572,34.62963138571105],[36.17487857446605,34.6297978185961],[36.175203695252875,34.63052596246823],[36.1753514774287,34.63115008578718],[36.17532192099353,34.63198225021247],[36.17532192099353,34.63206546665499],[36.17532192099353,34.63231511598258],[36.175381033863864,34.63250235297827],[36.17549925960453,34.63273119819522],[36.17564704178036,34.632897631080276],[36.175824380391354,34.633064063965335],[36.17600171900234,34.63312647629723],[36.17617905761334,34.63325130096102],[36.176356396224335,34.633376125624814],[36.1765632912705,34.63350095028861],[36.177272645714474,34.63368818728429],[36.17786377441779,34.63395864072251],[36.17798200015845,34.63400024894378],[36.17875046747275,34.634312310603256],[36.18076030506402,34.634665980484],[36.18111498228601,34.634728392815894],[36.18229723969264,34.63510286680727],[36.18333171492344,34.63562296957308],[36.18347949709926,34.63566457779434],[36.183981956497085,34.63581020656876],[36.18634647131034,34.636309505223934],[36.18652380992133,34.636351113445194],[36.18770606732796,34.636871216211],[36.18814941385545,34.637224886091744],[36.18838586533677,34.637266494313],[36.1886223168181,34.63730810253427],[36.188858768299426,34.6373289066449],[36.18912477621591,34.6373289066449],[36.18936122769724,34.63730810253427],[36.18974546135439,34.63718327787048],[36.19027747718737,34.637120865538584],[36.19148929102917,34.637058453206684],[36.19157796033467,34.637058453206684],[36.191932637556654,34.63710006142795],[36.192287314778646,34.63697523676416],[36.19429715236991,34.636247092892035],[36.19512473255455,34.63601824767508],[36.19553852264687,34.63601824767508],[36.195893199868856,34.63601824767508],[36.19636610283151,34.636101464117615],[36.196809449358994,34.636247092892035],[36.19698678796999,34.63637191755583],[36.19784392458979,34.63676719565784],[36.19819860181178,34.63691282443226],[36.19920352060741,34.63734971075554],[36.199705980005234,34.63753694775122],[36.19991287505139,34.637599360083115],[36.19997198792172,34.63753694775122],[36.20035622157888,34.637224886091744],[36.20041533444921,34.637016844985425],[36.20047444731954,34.63678799976847],[36.201006463152524,34.63649674221962],[36.20177493046683,34.63618468056014],[36.20292763143829,34.63597663945382],[36.20408033240975,34.63545653668802],[36.20455323537241,34.63520688736043],[36.205114807640555,34.63487402159032],[36.205646823473536,34.63439552704578],[36.20600150069552,34.63406266127567],[36.207567991759305,34.63260637353143],[36.208188676897784,34.63206546665499],[36.21111476397919,34.63077561179581],[36.211971900598996,34.63058837480012],[36.21409996393093,34.63075480768518],[36.21625758369802,34.630942044680864],[36.21652359161451,34.63092124057023],[36.21676004309584,34.630900436459605],[36.21699649457716,34.63087963234897],[36.21723294605849,34.630838024127705],[36.217469397539816,34.63079641590644],[36.21770584902114,34.63075480768518],[36.217942300502465,34.630671591242645],[36.21817875198379,34.63060917891075],[36.21838564702995,34.63052596246823],[36.218622098511275,34.63044274602569],[36.21882899355744,34.630338725472534],[36.21903588860359,34.630234704919374],[36.219242783649754,34.630130684366215],[36.219449678695916,34.63000585970242],[36.219627017306905,34.62988103503863],[36.2198043559179,34.62973540626421],[36.2199816945289,34.62961058160042],[36.22015903313989,34.62944414871536],[36.220306815315716,34.62929851994093],[36.220838831148704,34.62886163361766],[36.222198427166326,34.62736373765215],[36.22270088656414,34.626781222554456],[36.223203345961956,34.62646916089498],[36.22373536179494,34.62628192389929],[36.224799393460906,34.625969862239806],[36.22515407068289,34.62594905812917],[36.22536096572905,34.62601147046107],[36.225567860775215,34.62611549101423],[36.2257451993862,34.62628192389929],[36.2258338686917,34.62646916089498],[36.22586342512687,34.62665639789066],[36.225804312256535,34.62686443899699],[36.22565653008071,34.62800866508175],[36.22577475582137,34.629277715830305],[36.22589298156203,34.629485756936624],[36.22607032017303,34.62963138571105],[36.226247658784025,34.629756210374836],[36.226484110265346,34.62983942681737],[36.226720561746674,34.62988103503863],[36.226957013228,34.62988103503863],[36.22719346470932,34.62983942681737],[36.227400359755485,34.629756210374836],[36.22843483498628,34.629319324051565],[36.23011955179073,34.62865359251134],[36.230828906234706,34.62842474729439],[36.23233628442816,34.62825831440933],[36.23322297748312,34.62815429385617],[36.234198339843594,34.627800623975425],[36.235646605166714,34.62736373765215],[36.2360012823887,34.62736373765215],[36.23629684674036,34.62750936642658],[36.23635595961069,34.627654995201006],[36.23653329822169,34.62782142808606],[36.236651523962344,34.627967056860484],[36.23676974970301,34.62815429385617],[36.23676974970301,34.62836233496249],[36.23676974970301,34.62854957195818],[36.23676974970301,34.6287576130645],[36.236710636832676,34.62913208705588],[36.23659241109202,34.629818622706736],[36.23623773387003,34.63079641590644],[36.23576483090738,34.631919837880574],[36.235705718037046,34.63206546665499],[36.235646605166714,34.632252703650686],[36.235705718037046,34.632460744757005],[36.23582394377771,34.632627177642064],[36.2360012823887,34.63275200230585],[36.23623773387003,34.632793610527116],[36.236474185351355,34.63277280641648],[36.23668108039751,34.63266878586332],[36.23750866058215,34.632148683097526],[36.23759732988765,34.63210707487626],[36.23863180511845,34.63221109542942],[36.241055432802035,34.63339692973545],[36.2410849892372,34.63345934206734],[36.242651480300985,34.636247092892035],[36.242828818911974,34.636247092892035],[36.24291748821747,34.6362262887814],[36.242976601087804,34.6362262887814],[36.24362684266145,34.63562296957308],[36.24407018918894,34.63520688736043],[36.244336197105426,34.63499884625411],[36.246020913909874,34.633604970841766],[36.24649381687252,34.63335532151418],[36.24699627627034,34.63325130096102],[36.247764743584646,34.63318888862913],[36.249508573259426,34.63314728040786],[36.25267111182215,34.63273119819522],[36.25329179696063,34.63273119819522],[36.254178490015605,34.63273119819522],[36.25453316723759,34.6325855694208],[36.25500607020024,34.63239833242511],[36.25589276325521,34.63152455977856],[36.25604054543104,34.63135812689351],[36.25618832760687,34.63119169400845],[36.25636566621786,34.631046065234024],[36.256543004828856,34.63092124057023],[36.25674989987502,34.63079641590644],[36.25695679492118,34.63069239535328],[36.257163689967335,34.63060917891075],[36.25740014144866,34.63052596246823],[36.25763659292999,34.63048435424696],[36.25787304441131,34.63044274602569],[36.25810949589264,34.630401137804434],[36.25834594737397,34.630401137804434],[36.258611955290455,34.630401137804434],[36.25884840677178,34.63042194191507],[36.259084858253104,34.63046355013633],[36.25932130973443,34.63052596246823],[36.25961687408609,34.63060917891075],[36.25988288200258,34.630629983021386],[36.26011933348391,34.63060917891075],[36.260355784965235,34.63058837480012],[36.260592236446556,34.63054676657886],[36.260828687927884,34.63048435424696],[36.261035582974046,34.630401137804434],[36.26127203445537,34.630297117251274],[36.26144937306636,34.630193096698115],[36.261656268112525,34.63006827203432],[36.261804050288355,34.62990183914926],[36.26195183246418,34.62973540626421],[36.262720299778486,34.628299922630596],[36.26292719482465,34.627904644528584],[36.263104533435644,34.627759015754165],[36.26328187204663,34.62763419109037],[36.26345921065763,34.62750936642658],[36.26366610570379,34.62740534587342],[36.26390255718511,34.62730132532026],[36.26413900866644,34.62723891298836],[36.2643459037126,34.62717650065647],[36.26461191162909,34.627155696545834],[36.26484836311042,34.6271348924352],[36.265084814591745,34.6271348924352],[36.265321266073066,34.627155696545834],[36.265557717554394,34.6271973047671],[36.26579416903572,34.627259717098994],[36.26626707199837,34.627488562315946],[36.26795178880282,34.62863278840071],[36.268986264033614,34.62915289116651],[36.26919315907978,34.62925691171967],[36.27010940856991,34.62963138571105],[36.27093698875455,34.629860230928],[36.27238525407767,34.62994344737053],[36.27398130157662,34.62988103503863],[36.27445420453927,34.62973540626421],[36.27489755106675,34.6293401281622],[36.27495666393708,34.62915289116651],[36.27504533324258,34.62896565417082],[36.275163558983245,34.628778417175134],[36.275311341159075,34.62863278840071],[36.27548867977006,34.628507963736915],[36.275695574816226,34.628403943183756],[36.27593202629755,34.62832072674123],[36.276168477778874,34.62827911851996],[36.2764049292602,34.62825831440933],[36.276670937176696,34.62827911851996],[36.27690738865802,34.62834153085186],[36.27711428370418,34.62842474729439],[36.27732117875034,34.62854957195818],[36.27862166189763,34.6293401281622],[36.27947879851744,34.63000585970242],[36.28095662027572,34.631815817327414],[36.281488636108705,34.63221109542942],[36.282434442034,34.63254396119953],[36.28388270735712,34.63266878586332],[36.28444427962527,34.63248154886764],[36.28512407763408,34.631649384442355],[36.28518319050441,34.631441343336036],[36.28527185980991,34.63125410634035],[36.285390085550574,34.63108767345529],[36.285537867726404,34.63092124057023],[36.28571520633739,34.63077561179581],[36.28589254494839,34.63065078713202],[36.28609943999455,34.63052596246823],[36.28633589147588,34.63044274602569],[36.286542786522034,34.6303803336938],[36.28677923800336,34.63035952958317],[36.28704524591985,34.630338725472534],[36.28728169740118,34.63035952958317],[36.287518148882505,34.630401137804434],[36.287754600363826,34.63046355013633],[36.287991051845154,34.630567570689486],[36.28816839045615,34.630671591242645],[36.28843439837264,34.63087963234897],[36.28938020429794,34.63189903376994],[36.28946887360344,34.632086270765626],[36.28955754290894,34.63227350776132],[36.2896757686496,34.632460744757005],[36.28979399439026,34.632627177642064],[36.28991222013092,34.632793610527116],[36.29006000230675,34.632960043412176],[36.29023734091775,34.63312647629723],[36.29038512309358,34.633272105071654],[36.29056246170457,34.63341773384608],[36.29076935675073,34.63354255850987],[36.290946695361725,34.633667383173666],[36.29115359040788,34.633771403726826],[36.29136048545404,34.633875424279985],[36.291567380500204,34.63395864072251],[36.291803831981525,34.63404185716504],[36.29204028346285,34.63410426949694],[36.29342943591564,34.63439552704578],[36.2947594754981,34.63443713526705],[36.294995926979425,34.63443713526705],[36.295232378460746,34.634478743488316],[36.29558705568274,34.63456195993084],[36.2957939507289,34.63464517637337],[36.296000845775055,34.63474919692653],[36.29620774082122,34.63487402159032],[36.29638507943221,34.63501965036475],[36.29653286160804,34.6351860832498],[36.2966510873487,34.63535251613486],[36.296769313089364,34.635539753130544],[36.296828425959696,34.63572699012624],[36.2967397566542,34.63595583534319],[36.29671020021903,34.6362262887814],[36.29671020021903,34.63647593810899],[36.300256972438916,34.63838991628714],[36.302621487252175,34.640803193120455],[36.302473705076345,34.64082399723109],[36.30197124567853,34.64078238900982],[36.301409673410376,34.64061595612476],[36.30093677044773,34.6405119355716],[36.2998431823466,34.640595152014136],[36.30016830313342,34.64107364655867],[36.30058209322574,34.64265475896671],[36.301173221929055,34.64348692339199],[36.30229636646535,34.64477677825117],[36.30235547933568,34.64483919058307],[36.30235547933568,34.644859994693704],[36.302857938733496,34.64587939611467],[36.303005720909326,34.646815581093115],[36.30341951100164,34.647460508522705],[36.3038037446588,34.64829267294799],[36.303921970399465,34.64970735247097],[36.30404019614013,34.65168374298101],[36.304099309010454,34.65251590740629],[36.30451309910278,34.65316083483589],[36.30457221197311,34.65322324716778],[36.30563624363907,34.653847370486744],[36.30616825947205,34.65434666914191],[36.30670027530504,34.654658730801394],[36.30693672678636,34.65472114313329],[36.30723229113802,34.65472114313329],[36.30743918618418,34.65486677190771],[36.30749829905451,34.655095617124665],[36.30755741192484,34.65528285412035],[36.30755741192484,34.65544928700541],[36.30761652479517,34.65567813222236],[36.30746874261935,34.65588617332868],[36.30717317826769,34.656759945975224],[36.306729831740206,34.65740487340482],[36.3059613644259,34.658237037830105],[36.305222453546754,34.659194026919174],[36.304542655537944,34.66031744889331],[36.30404019614013,34.661482479088704],[36.303774188223635,34.66235625173525],[36.30350818030714,34.6636253024838],[36.30318305952032,34.66427022991339],[36.302710156557666,34.6646655080154],[36.30250326151151,34.66483194090046],[36.30229636646535,34.66501917789615],[36.30211902785435,34.66535204366626],[36.30211902785435,34.66556008477258],[36.30203035854886,34.66574732176827],[36.30197124567853,34.66595536287459],[36.301941689243364,34.66614259987028],[36.301793907067534,34.667057980738086],[36.301853019937866,34.66789014516337],[36.301853019937866,34.668035773937795],[36.3019121328082,34.66836863970791],[36.30318305952032,34.669450453460776],[36.30374463178847,34.67003296855847],[36.30442442979728,34.67080272065186],[36.30480866345443,34.67136443163892],[36.30525200998192,34.672841523493794],[36.30566580007424,34.67348645092339],[36.30593180799073,34.6743394194593],[36.305902251555565,34.67488032633574],[36.30593180799073,34.67552525376533],[36.30640471095338,34.67629500585871],[36.306670718869874,34.676919129177676],[36.307054952527025,34.677397623722214],[36.30738007331385,34.6775848607179],[36.307586968360006,34.67781370593485],[36.30755741192484,34.67835461281128],[36.30761652479517,34.678853911466454],[36.307764306971,34.67916597312593],[36.30838499210948,34.67974848822363],[36.30885789507213,34.68022698276817],[36.30924212872929,34.68066386909144],[36.30936035446995,34.68095512664029],[36.30944902377545,34.68153764173799],[36.309478580210616,34.68164166229115],[36.30959680595127,34.6824530226058],[36.309803700997435,34.6829107130397],[36.30986281386777,34.68295232126097],[36.31036527326558,34.68320197058855],[36.311251966320555,34.683347599362975],[36.31326180391182,34.68365966102246],[36.31332091678215,34.68365966102246],[36.3138824890503,34.68370126924372],[36.314532730623945,34.68359724869056],[36.31473962567011,34.683514032248034],[36.31494652071627,34.6834932281374],[36.31518297219759,34.68353483635867],[36.315360310808586,34.68363885691183],[36.31538986724375,34.68370126924372],[36.31571498803057,34.68413815556699],[36.31580365733607,34.684533433669],[36.3157741009009,34.68494951588164],[36.3157741009009,34.6850535364348],[36.31553764941958,34.68544881453681],[36.31553764941958,34.68559444331124],[36.31553764941958,34.68571926797503],[36.3159514395119,34.68596891730262],[36.31615833455806,34.686114546077036],[36.31722236622402,34.68646821595778],[36.317754382057004,34.68661384473221],[36.317961277103166,34.6866762570641],[36.31816817214933,34.68678027761726],[36.31831595432516,34.68690510228105],[36.318434180065815,34.68707153516611],[36.31852284937131,34.6872587721618],[36.318581962241645,34.68786209137013],[36.31864107511198,34.68840299824656],[36.31890708302847,34.68890229690173],[36.31935042955595,34.68929757500374],[36.3199120018241,34.689672048995114],[36.32011889687026,34.68973446132701],[36.32035534835159,34.68977606954827],[36.32059179983291,34.68977606954827],[36.32079869487907,34.68973446132701],[36.321005589925235,34.689672048995114],[36.321774057239544,34.689359987335635],[36.32221740376703,34.68923516267184],[36.323074540386834,34.68929757500374],[36.32390212057147,34.689359987335635],[36.324375023534124,34.68929757500374],[36.32502526510777,34.689151946229316],[36.32540949876492,34.68919355445058],[36.32623707894956,34.6894015955569],[36.32700554626387,34.68929757500374],[36.32789223931884,34.68927677089311],[36.32830602941116,34.68950561611006],[36.32839469871666,34.6899841106546],[36.32869026306831,34.69042099697787],[36.32889715811447,34.690608233973556],[36.33081832640024,34.69081627507988],[36.331557237279384,34.69139879017757],[36.33344884912999,34.69129476962441],[36.33873945102465,34.69100351207557],[36.34042416782909,34.69092029563304],[36.34577388259408,34.68919355445058],[36.351389605275564,34.684325392562684],[36.354049684440476,34.68201613628253],[36.35422702305147,34.68176648695494],[36.35410879731081,34.681620858180516],[36.35422702305147,34.680913518419025],[36.354138353745974,34.68062226087018],[36.353665450783325,34.680476632095754],[36.35339944286683,34.680268590989435],[36.35360633791299,34.67987331288742],[36.35348811217233,34.67970688000237],[36.353428999302,34.67970688000237],[36.353133434950344,34.67981090055553],[36.352896983469016,34.67981090055553],[36.35271964485802,34.6797900964449],[36.352749201293186,34.67968607589174],[36.352749201293186,34.67958205533858],[36.353133434950344,34.67916597312593],[36.35301520920968,34.67872908680266],[36.3531629913855,34.67843782925382],[36.3531629913855,34.67841702514318],[36.353517668607495,34.6782297881475],[36.35407924087564,34.67698154150957],[36.35422702305147,34.67644063463314],[36.35407924087564,34.67614937708429],[36.35375412008882,34.67592053186734],[36.353517668607495,34.67569168665038],[36.353665450783325,34.67519238799522],[36.353665450783325,34.675005150999525],[36.353665450783325,34.67481791400384],[36.35360633791299,34.67463067700815],[36.35354722504266,34.67444344001246],[36.35345855573716,34.67427700712741],[36.353369886431665,34.67411057424235],[36.353251660691,34.673944141357296],[36.35295609633935,34.67392333724666],[36.35245363694153,34.673881729025396],[36.35209895971954,34.67367368791908],[36.351685169627224,34.6732992139277],[36.35109404092391,34.67292473993632],[36.350384686479934,34.67265428649811],[36.349941339952444,34.6722590083961],[36.34967533203596,34.67190533851535],[36.34964577560079,34.67186373029409],[36.34935021124913,34.671281215196394],[36.34914331620297,34.671114782311335],[36.3491137597678,34.670906741205016],[36.34914331620297,34.67074030831996],[36.349320654813965,34.67053226721364],[36.3493797676843,34.670365834328585],[36.34958666273046,34.67022020555416],[36.34982311421178,34.67003296855847],[36.349941339952444,34.669866535673414],[36.350000452822776,34.669700102788354],[36.35003000925794,34.669450453460776],[36.349852670646946,34.66909678358003],[36.34952754986013,34.66830622737601],[36.34970488847112,34.6678485369421],[36.34982311421178,34.667494867061365],[36.34967533203596,34.667162001291246],[36.34958666273046,34.66691235196367],[36.349616219165625,34.66660029030418],[36.34982311421178,34.66645466152976],[36.350148234998606,34.66649626975102],[36.35017779143377,34.6662882286447],[36.349793557776614,34.66568490943637],[36.34976400134145,34.66564330121511],[36.3493797676843,34.665206414891834],[36.348640856805154,34.6646655080154],[36.348315736018336,34.66431183813466],[36.34846351819416,34.663438065488116],[36.348552187499656,34.663271632603056],[36.348788638980984,34.6626475092841],[36.348936421156814,34.661815344858816],[36.34908420333264,34.66150328319933],[36.3493797676843,34.66079594343785],[36.34973444490629,34.660296644782676],[36.3503255736096,34.659651717353086],[36.35109404092391,34.65913161458728],[36.35171472606239,34.65854909948958],[36.35215807258987,34.65854909948958],[36.352749201293186,34.65848668715769],[36.353044765644846,34.65842427482579],[36.3531629913855,34.65825784194074],[36.35328121712617,34.65811221316631],[36.35345855573716,34.65788336794936],[36.35363589434816,34.65765452273241],[36.35396101513498,34.657321656962296],[36.35402012800531,34.65707200763471],[36.35393145869981,34.656822358307124],[36.353842789394314,34.656551904868905],[36.35375412008882,34.656094214435],[36.35363589434816,34.65555330755857],[36.353901902264646,34.65501240068214],[36.354286135921804,34.6545339061376],[36.35514327254161,34.65409701981433],[36.35573440124492,34.65361852526979],[36.355793514115256,34.65289038139767],[36.355970852726244,34.652432690963764],[36.35724177943837,34.651101227883316],[36.358630931891156,34.64931207436896],[36.358424036845,34.648375889390515],[36.35836492397467,34.64791819895661],[36.35857181902083,34.64754372496523],[36.359074278418646,34.6475853331865],[36.35934028633513,34.647626941407765],[36.359547181381295,34.64771015785029],[36.35981318929779,34.64775176607156],[36.36004964077911,34.64775176607156],[36.36025653582527,34.647626941407765],[36.3604929873066,34.64748131263334],[36.36075899522309,34.64723166330575],[36.36090677739892,34.6470028180888],[36.36123189818574,34.646649148208056],[36.36185258332422,34.646316282437944],[36.36223681698137,34.6460250248891],[36.362443712027535,34.64569215911898],[36.36285750211985,34.64500562346812],[36.363419074388,34.644423108370425],[36.36392153378582,34.64379898505147],[36.36430576744297,34.64294601651555],[36.36469000110013,34.64248832608165],[36.365340242673774,34.64248832608165],[36.36604959711775,34.642529934302914],[36.36637471790457,34.64244671786038],[36.366404274339736,34.64244671786038],[36.36708407234855,34.64223867675406],[36.36791165253319,34.64230108908596],[36.36888701489365,34.64230108908596],[36.369773707948625,34.64203063564774],[36.37012838517062,34.64169776987763],[36.3703943930871,34.641011234226774],[36.37080818317943,34.640636760235395],[36.371281086142076,34.64030389446528],[36.37163576336406,34.639783791699486],[36.37199044058605,34.639180472491155],[36.37240423067837,34.638972431384836],[36.37311358512235,34.639014039606096],[36.373734270260826,34.63878519438914],[36.37414806035315,34.6384939368403],[36.37521209201911,34.63772418474691],[36.37583277715759,34.63751614364059],[36.37618745437958,34.63737051486616],[36.3766899137774,34.637162473759844],[36.37736971178621,34.636101464117615],[36.37781305831369,34.63551894901991],[36.378404187017004,34.635061258586006],[36.37893620284999,34.63474919692653],[36.37920221076648,34.634312310603256],[36.37964555729397,34.63383381605872],[36.38050269391377,34.63339692973545],[36.38221696715338,34.63264798175269],[36.38322188594901,34.63243994064637],[36.384404143355646,34.632627177642064],[36.38543861858644,34.632460744757005],[36.38620708590075,34.63223189954005],[36.38709377895572,34.63206546665499],[36.38786224627003,34.63194064199121],[36.38871938288983,34.63125410634035],[36.38936962446348,34.630671591242645],[36.389606075944805,34.63050515835759],[36.38981297099097,34.63046355013633],[36.38984252742613,34.63044274602569],[36.39004942247229,34.63054676657886],[36.39019720464812,34.63071319946391],[36.390581438305276,34.63129571456161],[36.39069966404593,34.63150375566793],[36.3908178897866,34.631649384442355],[36.39102478483276,34.631753404995514],[36.39111345413826,34.63179501321678],[36.39126123631409,34.631857425548674],[36.39149768779541,34.63194064199121],[36.39179325214707,34.63196144610183],[36.392650388766874,34.632086270765626],[36.392739058072365,34.632086270765626],[36.39344841251634,34.632356724203845],[36.39427599270098,34.63275200230585],[36.39554691941311,34.63393783661188],[36.39619716098675,34.634478743488316],[36.396699620384574,34.63481160925843],[36.39782276492087,34.635394124356125],[36.39832522431868,34.635706186015604],[36.39873901441101,34.63618468056014],[36.398916353021995,34.63678799976847],[36.39888679658683,34.637016844985425],[36.39903457876266,34.63718327787048],[36.39918236093849,34.6373289066449],[36.39938925598465,34.637453731308696],[36.399596151030806,34.63757855597249],[36.408817758802506,34.632190291318786],[36.41824626162036,34.6266772020013],[36.41848271310169,34.626448356784344],[36.41854182597202,34.626448356784344],[36.42028565564679,34.62638594445245],[36.4212314615721,34.62642755267371],[36.42276839620071,34.62701006777141],[36.4251033545788,34.6277798198648],[36.425398918930455,34.62788384041796],[36.42557625754145,34.62794625274985],[36.42628561198543,34.6282375102987],[36.426994966429405,34.6287576130645],[36.42770432087338,34.62909047883461],[36.428650126798686,34.6294025404941],[36.43030528716796,34.629922643259896],[36.43060085151962,34.63000585970242],[36.43098508517677,34.630130684366215],[36.43334959999003,34.630942044680864],[36.433792946517514,34.63106686934466],[36.433792946517514,34.63108767345529],[36.43648258211759,34.63212787898689],[36.437369275172564,34.63237752831448],[36.438669758319854,34.63268958997396],[36.43958600780999,34.63293923930154],[36.440324918689136,34.633272105071654],[36.44047270086496,34.63333451740355],[36.4413889503551,34.63402105305441],[36.44189140975291,34.63433311471389],[36.443310118640866,34.63485321747969],[36.443398787946364,34.63487402159032],[36.44390124734418,34.63510286680727],[36.443930803779345,34.63510286680727],[36.44452193248266,34.63545653668802],[36.44520173049147,34.63578940245813],[36.445526851278295,34.63589342301129],[36.446206649287106,34.635935031232556],[36.44688644729592,34.636101464117615],[36.4485416076652,34.63691282443226],[36.448955397757516,34.637016844985425],[36.449044067063014,34.637058453206684],[36.44916229280368,34.63707925731732],[36.44981253437732,34.637266494313],[36.450876566043284,34.63734971075554],[36.45134946900593,34.63751614364059],[36.4514676947466,34.637557751861856],[36.45158592048726,34.637599360083115],[36.45205882344991,34.63774498885754],[36.45327063729171,34.63772418474691],[36.45341841946753,34.63770338063628],[36.45371398381919,34.63768257652565],[36.45412777391151,34.63772418474691],[36.45519180557748,34.637869813521334],[36.45729031247424,34.63774498885754],[36.460009504509486,34.63720408198111],[36.460866641129286,34.63703764909605],[36.46331982524804,34.63643432988773],[36.463763171775526,34.63616387644951],[36.46320159950738,34.635602165462444],[36.46133954409194,34.63404185716504],[36.46039373816664,34.63389622839062],[36.459654827287494,34.63152455977856],[36.459566157981996,34.63125410634035],[36.45906369858418,34.62990183914926],[36.45838390057537,34.62977701448547],[36.45944793224134,34.62794625274985],[36.460186843120475,34.62663559378004],[36.46027551242597,34.62648996500561],[36.46024595599081,34.62628192389929],[36.46015728668531,34.6260946869036],[36.460009504509486,34.62594905812917],[36.459802609463324,34.62584503757601],[36.459566157981996,34.62582423346538],[36.45829523126987,34.625699408801594],[36.458206561964374,34.625699408801594],[36.45791099761272,34.62567860469096],[36.45752676395556,34.6255745841378],[36.45729031247424,34.62540815125274],[36.45717208673358,34.62507528548263],[36.45717208673358,34.62490885259757],[36.45711297386325,34.62486724437631],[36.4566400709006,34.62459679093809],[36.45631495011377,34.62440955394241],[36.456137611502776,34.62420151283609],[36.45607849863244,34.62399347172976],[36.45593071645662,34.62361899773839],[36.45596027289179,34.62339015252144],[36.45601938576212,34.623202915525745],[36.456048942197285,34.622994874419426],[36.456048942197285,34.62280763742374],[36.45601938576212,34.62262040042805],[36.45596027289179,34.62241235932173],[36.455901160021455,34.62222512232604],[36.45566470854013,34.622017081219724],[36.455605595669795,34.6218090401134],[36.45557603923463,34.62162180311771],[36.45566470854013,34.621434566122026],[36.45569426497529,34.6212265250157],[36.45578293428079,34.621039288020015],[36.45607849863244,34.62037355647979],[36.45619672437311,34.61989506193525],[36.45625583724344,34.61929174272692],[36.45631495011377,34.61927093861629],[36.45640361941927,34.61922933039503],[36.45669918377093,34.619208526284396],[36.45729031247424,34.61918772217376],[36.45731986890941,34.619146113952496],[36.45767454613139,34.61864681529733],[36.45794055404789,34.61827234130595],[36.45873857779736,34.61692007411487],[36.45909325501935,34.616441579570335],[36.45962527085233,34.61581745625137],[36.45876813423253,34.61423634384334],[36.458265674834706,34.613945086294486],[36.458206561964374,34.61392428218386],[36.45817700552921,34.613903478073226],[36.45794055404789,34.61382026163069],[36.45794055404789,34.61377865340943],[36.45797011048305,34.61363302463501],[36.45797011048305,34.613570612303114],[36.45805877978855,34.61342498352869],[36.45832478770504,34.613092117758576],[36.45859079562153,34.61253040677151],[36.45894547284352,34.61182306701002],[36.45953660154683,34.6110949231379],[36.459566157981996,34.61088688203158],[36.45959571441716,34.61069964503589],[36.459566157981996,34.61049160392957],[36.45935926293584,34.61028356282325],[36.45882724710285,34.6094722025086],[36.4585316827512,34.60886888330027],[36.458265674834706,34.60803671887499],[36.45799966691822,34.60759983255171],[36.45779277187206,34.60730857500287],[36.45776321543689,34.6072669667816],[36.45696519168742,34.606372390024426],[36.45666962733576,34.60595630781179],[36.45666962733576,34.6056442461523],[36.45714253029841,34.60529057627156],[36.457349425344574,34.60510333927587],[36.45746765108523,34.604916102280185],[36.45755632039073,34.60472886528449],[36.457585876825895,34.604520824178174],[36.457585876825895,34.60433358718249],[36.45752676395556,34.60412554607616],[36.457438094650065,34.60395911319111],[36.45717208673358,34.60381348441668],[36.45693563525225,34.603709463863524],[36.45681740951159,34.603397402204045],[36.45684696594675,34.602190763787384],[36.45661051446543,34.60185789801727],[36.456433175854436,34.60156664046843],[36.45640361941927,34.60119216647705],[36.45634450654894,34.599548641737115],[36.45631495011377,34.59925738418827],[36.45622628080827,34.599007734860685],[36.455753377845625,34.59929899240953],[36.45533958775331,34.59942381707332],[36.45501446696648,34.59946542529459],[36.4546597897445,34.598903714307525],[36.454305112522505,34.59832119920983],[36.453832209559856,34.59767627178023],[36.4534479759027,34.59719777723569],[36.45327063729171,34.59703134435064],[36.45303418581038,34.59686491146558],[36.45291596006972,34.596677674469895],[36.452856847199385,34.59649043747421],[36.452856847199385,34.59628239636788],[36.45282729076422,34.595866314155245],[36.45279773432905,34.59465967573858],[36.452472613542234,34.594514046964164],[36.45220660562574,34.594555655185424],[36.45194059770925,34.5944724387429],[36.45161547692243,34.59422278941531],[36.45152680761693,34.5939523359771],[36.45143813831143,34.593640274317615],[36.45131991257077,34.59341142910066],[36.451172130394944,34.592516852343486],[36.45105390465428,34.59230881123717],[36.45084700960812,34.59224639890527],[36.450640114561956,34.59220479068401],[36.45028543733997,34.59216318246274],[36.4493100749795,34.59193433724579],[36.44886672845202,34.59183031669263],[36.44857116410036,34.591809512581996],[36.4483642690542,34.5917471002501],[36.44815737400804,34.59172629613947],[36.44795047896188,34.5916846879182],[36.44792092252671,34.5916846879182],[36.44768447104539,34.59172629613947],[36.447654914610226,34.5917471002501],[36.447448019564064,34.591913533135155],[36.4472411245179,34.59195514135642],[36.446975116601415,34.59214237835211],[36.445526851278295,34.59274569756044],[36.445231286926635,34.592891326334865],[36.44502439188048,34.5929121304455],[36.44472882752882,34.59297454277739],[36.44452193248266,34.59301615099866],[36.44425592456617,34.59305775921992],[36.44398991664968,34.59305775921992],[36.44381257803868,34.59305775921992],[36.443546570122194,34.592995346888024],[36.4432805622057,34.592995346888024],[36.443073667159545,34.59295373866676],[36.44280765924305,34.592891326334865],[36.44257120776172,34.59287052222423],[36.44236431271557,34.592828914002965],[36.442098304799075,34.592724893449805],[36.44186185331775,34.59270408933917],[36.440265805818804,34.59237122356906],[36.43893576623635,34.592079966020215],[36.43665992072859,34.591913533135155],[36.4351820989703,34.5916846879182],[36.43441363165599,34.5917471002501],[36.43388161582301,34.59216318246274],[36.43358605147135,34.59230881123717],[36.433320043554865,34.59243363590096],[36.43308359207354,34.59253765645412],[36.43281758415705,34.592516852343486],[36.43246290693506,34.59245444001159],[36.43199000397241,34.59239202767969],[36.431339762398764,34.592620872896646],[36.430896415871274,34.593099367441184],[36.43065996438995,34.59357786198572],[36.43048262577896,34.59465967573858],[36.43024617429763,34.59594953059777],[36.43021661786246,34.59611596348283],[36.42971415846465,34.59963185817964],[36.42971415846465,34.599652662290275],[36.429655045594316,34.600089548613546],[36.429418594112995,34.60048482671556],[36.42885702184484,34.600526434936825],[36.428502344622856,34.60088010481757],[36.428354562447026,34.60140020758337],[36.42740875652173,34.60179548568538],[36.42705407929974,34.60223237200865],[36.42687674068874,34.602898103548874],[36.42669940207775,34.603439010425305],[36.42575359615245,34.603605443310364],[36.4252806931898,34.603771876195424],[36.425221580319466,34.603771876195424],[36.425221580319466,34.60383428852732],[36.425221580319466,34.60443760773565],[36.42513291101397,34.60477047350576],[36.42480779022714,34.604916102280185],[36.42448266944032,34.60493690639081],[36.42427577439416,34.60487449405892],[36.424009766477674,34.604853689948285],[36.42368464569085,34.60479127761639],[36.42365508925568,34.60479127761639],[36.423418637774354,34.60468725706323],[36.42335952490402,34.6046664529526],[36.42332996846886,34.604749669395126],[36.4232117427282,34.605020122833345],[36.42297529124687,34.6052489680503],[36.42244327541389,34.60531138038219],[36.422029485321566,34.605457009156616],[36.421793033840245,34.60551942148851],[36.4210541229611,34.60551942148851],[36.42061077643362,34.60595630781179],[36.42025609921163,34.60608113247558],[36.41987186555448,34.60612274069684],[36.41922162398083,34.60649721468822],[36.41839404379619,34.60645560646695],[36.41694577847307,34.606476410577585],[36.41558618245545,34.60614354480747],[36.41428569930816,34.605977111922414],[36.414019691391665,34.60599791603305],[36.41384235278067,34.60601872014368],[36.41360590129935,34.605977111922414],[36.41342856268835,34.60610193658621],[36.41331033694769,34.606268369471266],[36.41322166764219,34.606476410577585],[36.41325122407736,34.60670525579454],[36.413339893382854,34.60780787365804],[36.413339893382854,34.60899370796406],[36.41345811912352,34.60984667649998],[36.41372412704001,34.611344572465484],[36.41384235278067,34.61230156155456],[36.41322166764219,34.61232236566519],[36.41239408745756,34.612093520448234],[36.41153695083775,34.61163583001433],[36.41144828153225,34.61159422179307],[36.411418725097086,34.611573417682436],[36.41076848352344,34.61121974780169],[36.41000001620913,34.61059562448273],[36.40955666968165,34.61049160392957],[36.40911332315416,34.61049160392957],[36.40772417070137,34.611032510806005],[36.406985259822235,34.61119894369106],[36.40660102616508,34.61111572724853],[36.406541913294745,34.6110949231379],[36.40633501824858,34.611032510806005],[36.406157679637595,34.61090768614221],[36.40603945389693,34.61074125325715],[36.40565522023977,34.61007552171693],[36.405241430147456,34.6095346148405],[36.40521187371229,34.609513810729865],[36.404561632138645,34.60920174907038],[36.403645382648506,34.60855682164079],[36.40293602820453,34.60776626543677],[36.40290647176936,34.60774546132614],[36.402640463852876,34.607495811998554],[36.402640463852876,34.607454203777294],[36.40261090741771,34.60660123524138],[36.402788246028706,34.60630997769253],[36.403261148991355,34.60589389547989],[36.40343848760235,34.605623442041676],[36.40352715690785,34.60543620504598],[36.40352715690785,34.605228163939664],[36.40352715690785,34.60504092694398],[36.40332026186169,34.604853689948285],[36.40314292325069,34.6046664529526],[36.40299514107486,34.60450002006754],[36.402788246028706,34.60433358718249],[36.40269957672321,34.604146350186795],[36.40261090741771,34.60395911319111],[36.40261090741771,34.60375107208479],[36.40281780246387,34.60364705153163],[36.40302469751003,34.603501422757205],[36.403645382648506,34.60327257754025],[36.40420695491666,34.60266925833192],[36.40550743806395,34.601816289796005],[36.40609856676726,34.60119216647705],[36.4060690103321,34.600568043158084],[36.40568477667494,34.59969427051154],[36.40565522023977,34.59967346640091],[36.404236511351826,34.598196374546035],[36.403734051954004,34.59761385944834],[36.40346804403752,34.59698973612937],[36.40323159255619,34.59619917992536],[36.40281780246387,34.59561666482766],[36.40222667376055,34.59517977850439],[36.401665101492405,34.5944724387429],[36.401133085659424,34.59297454277739],[36.40092619061326,34.592183986573374],[36.40095574704843,34.591164585152406],[36.40110352922426,34.590394833059015],[36.401280867835254,34.589250606974254],[36.40122175496492,34.58827281377455],[36.40154687575174,34.58791914389381],[36.401960665844065,34.58760708223433],[36.40199022227923,34.58727421646421],[36.40169465792757,34.58662928903462],[36.401665101492405,34.58658768081335],[36.401428650011084,34.58604677393692],[36.401428650011084,34.58565149583491],[36.40163554505724,34.58506898073722],[36.40154687575174,34.58469450674584],[36.40151731931658,34.584444857418255],[36.40151731931658,34.58438244508636],[36.40125131140009,34.583903950541824],[36.40095574704843,34.58365430121424],[36.40095574704843,34.58327982722286],[36.40145820644625,34.582822136788955],[36.40151731931658,34.58234364224442],[36.40136953714075,34.582010776474306],[36.40068973913194,34.58171951892546],[36.40042373121545,34.58159469426167],[36.40009861042863,34.581469869597875],[36.399743933206636,34.58122022027029],[36.39944836885498,34.58090815861081],[36.39912324806816,34.58061690106196],[36.3988276837165,34.58032564351311],[36.39847300649451,34.579992777743],[36.39820699857802,34.57961830375162],[36.39811832927252,34.57899418043266],[36.39811832927252,34.57855729410939],[36.397083854041725,34.577787542016004],[36.39534002436695,34.5767473364844],[36.395162685755956,34.57649768715682],[36.39507401645046,34.57633125427176],[36.395014903580126,34.57614401727607],[36.39504446001529,34.57591517205912],[36.395251355061454,34.575727935063426],[36.39554691941311,34.57543667751458],[36.39664050751424,34.57445888431488],[36.39732030552305,34.573730740442755],[36.39752720056921,34.573335462340744],[36.397763652050536,34.57254490613673],[36.3979705470967,34.57233686503041],[36.39870945797584,34.57223284447725],[36.40086707774293,34.572045607481556],[36.40110352922426,34.57202480337093],[36.401339980705586,34.57198319514966],[36.40157643218691,34.57192078281776],[36.401812883668235,34.57185837048587],[36.4020197787144,34.571775154043344],[36.40225623019572,34.57169193760081],[36.40246312524188,34.57158791704765],[36.40267002028804,34.57148389649449],[36.40284735889904,34.5713590718307],[36.40305425394519,34.571234247166906],[36.40317247968586,34.571005401949954],[36.403881834129834,34.57023564985657],[36.40459118857381,34.56967393886951],[36.4059803410266,34.5686961456698],[36.40810840435853,34.56730227025746],[36.410354693431124,34.56601241539827],[36.41147783796742,34.56534668385804],[36.41227586171689,34.564888993424134],[36.41366501416968,34.56391120022443],[36.41396057852133,34.56372396322874],[36.41396057852133,34.56351592212242],[36.41393102208617,34.5633078810161],[36.413871909215835,34.563120644020415],[36.413783239910344,34.56293340702472],[36.41351723199385,34.5627877782503],[36.41328078051252,34.562621345365244],[36.41316255477186,34.56255893303335],[36.41263053893888,34.5622676754845],[36.412660095374044,34.56199722204628],[36.41298521616087,34.56156033572301],[36.41316255477186,34.56085299596152],[36.41322166764219,34.5606449548552],[36.41325122407736,34.560457717859514],[36.41328078051252,34.560249676753195],[36.41331033694769,34.56004163564687],[36.41331033694769,34.55985439865118],[36.41331033694769,34.559646357544864],[36.41331033694769,34.559438316438545],[36.41328078051252,34.55925107944285],[36.41328078051252,34.55904303833653],[36.41325122407736,34.558834997230214],[36.413192111207024,34.55864776023452],[36.41316255477186,34.5584397191282],[36.413103441901534,34.55825248213252],[36.4130443290312,34.5580444410262],[36.41298521616087,34.557857204030505],[36.41289654685537,34.557649162924186],[36.4119211844949,34.55644252450753],[36.411891628059735,34.556130462848046],[36.411359612226754,34.55463256688254],[36.410886709264105,34.55365477368284],[36.40864042019151,34.55269778459376],[36.408285742969525,34.55238572293428],[36.40819707366403,34.55203205305354],[36.40825618653436,34.55136632151331],[36.4080492914882,34.55107506396446],[36.40742860634972,34.5509710434113],[36.407369493479386,34.5509710434113],[36.40719215486839,34.550991847521935],[36.4058916717211,34.55117908451762],[36.405034535101294,34.55117908451762],[36.40435473709248,34.551033455743195],[36.402433568806714,34.55040933242424],[36.40092619061326,34.549972446100966],[36.399832602512134,34.549473147445795],[36.39903457876266,34.54924430222884],[36.397911434226366,34.54922349811821],[36.397704539180204,34.54922349811821],[36.397615869874706,34.54922349811821],[36.39637449959775,34.54938993100327],[36.395487806542775,34.54938993100327],[36.3938326461735,34.54932751867137],[36.39238438085038,34.54911947756505],[36.39117256700859,34.548765807684305],[36.3898720838613,34.54847455013546],[36.38786224627003,34.547788014484595],[36.38759623835354,34.5477256021527],[36.387389343307376,34.54766318982081],[36.38718244826122,34.54755916926764],[36.38694599677989,34.547455148714484],[36.3867686581689,34.54733032405069],[36.3865913195579,34.54718469527627],[36.38644353738208,34.54701826239121],[36.386325311641414,34.54685182950616],[36.38620708590075,34.5466853966211],[36.38611841659525,34.546498159625415],[36.385941077984256,34.546290118519096],[36.38552728789194,34.54581162397456],[36.385172610669954,34.54543714998318],[36.384404143355646,34.54495865543864],[36.384256361179816,34.54483383077485],[36.384108579003986,34.54468820200042],[36.38393124039299,34.544542573226],[36.38378345821717,34.54439694445158],[36.38354700673584,34.54425131567715],[36.38345833743034,34.5440848827921],[36.38336966812484,34.543897645796406],[36.383280998819345,34.54371040880072],[36.38319232951385,34.54352317180503],[36.383133216643515,34.54331513069871],[36.383103660208356,34.54312789370302],[36.38307410377319,34.542919852596704],[36.38307410377319,34.54271181149038],[36.383103660208356,34.54252457449469],[36.38316277307868,34.54231653338837],[36.38345833743034,34.541838038843835],[36.383576563171005,34.54165080184815],[36.3836652324765,34.54146356485246],[36.383753901782,34.54127632785677],[36.38381301465233,34.541089090861085],[36.38384257108749,34.54088104975476],[36.383753901782,34.54067300864844],[36.38354700673584,34.53982004011253],[36.38336966812484,34.53905028801914],[36.38336966812484,34.5386342058065],[36.383280998819345,34.53844696881081],[36.38319232951385,34.538259731815124],[36.383103660208356,34.53807249481944],[36.382955878032526,34.53790606193438],[36.38283765229186,34.53773962904933],[36.382660313680866,34.5375940002749],[36.38248297506987,34.537448371500474],[36.38230563645888,34.53732354683668],[36.38209874141272,34.53719872217289],[36.381359830533576,34.53682424818152],[36.38026624243245,34.53640816596887],[36.37940910581264,34.53622092897319],[36.37816773553568,34.53580484676054],[36.37695592169389,34.53549278510106],[36.37618745437958,34.535326352216],[36.37592144646309,34.53526393988411],[36.37515297914878,34.53540956865854],[36.37391160887182,34.53565921798612],[36.37311358512235,34.535721630318015],[36.37302491581685,34.535721630318015],[36.372729351465196,34.535617609764856],[36.3724633435487,34.53549278510106],[36.372286004937706,34.5353887645479],[36.37210866632672,34.53520152755222],[36.37184265841022,34.5348686617821],[36.37154709405856,34.53463981656515],[36.37095596535525,34.534265342573775],[36.37051261882777,34.533994889135556],[36.37015794160578,34.533558002812285],[36.369241692115644,34.53235136439562],[36.368591450542,34.53118633420023],[36.368325442625505,34.530728643766324],[36.36735008026504,34.52962602590283],[36.366404274339736,34.529001902583865],[36.36637471790457,34.528960294362605],[36.366345161469404,34.52893949025197],[36.36584270207159,34.52858582037123],[36.36516290406278,34.52823215049048],[36.36430576744297,34.52794089294163],[36.363655525869326,34.52760802717152],[36.36324173577701,34.52719194495888],[36.36300528429568,34.52660942986118],[36.36279838924952,34.526193347648544],[36.362591494203365,34.525818873657165],[36.36241415559237,34.52544439966579],[36.36211859124071,34.52509072978504],[36.36194125262972,34.5247370599043],[36.36164568827806,34.52436258591292],[36.361291011056075,34.52405052425344],[36.36096589026925,34.52371765848333],[36.3605816566121,34.523384792713216],[36.360167866519774,34.522781473504885],[36.35999052790878,34.52240699951351],[36.35975407642746,34.52211574196466],[36.3592811734648,34.521866092637076],[36.35898560911315,34.52178287619455],[36.35869004476149,34.52169965975202],[36.35848314971533,34.52161644330949],[36.358246698234005,34.5215540309776],[36.356946215086715,34.521325185760645],[36.355970852726244,34.52107553643306],[36.355113716106445,34.52070106244168],[36.3543748052273,34.5203890007822],[36.353251660691,34.52009774323335],[36.35266053198769,34.51972326924198],[36.352542306247024,34.519598444578186],[36.35224674189537,34.519099145923015],[36.35147827458106,34.51862065137848],[36.351448718145896,34.51859984726784],[36.350473355785425,34.51791331161699],[36.349468436989795,34.51716436363424],[36.3493797676843,34.51712275541297],[36.34902509046231,34.51678988964286],[36.34858174393482,34.516228178655794],[36.3483452924535,34.51572888000062],[36.34810884097217,34.514938323796606],[36.34781327662051,34.513960530596904],[36.34754726870403,34.51337801549921],[36.347488155833695,34.51327399494605],[36.347488155833695,34.51323238672478],[36.34728126078753,34.51269147984835],[36.34707436574137,34.51210896475065],[36.34692658356555,34.51165127431675],[36.346867470695216,34.51150564554232],[36.34692658356555,34.510756697559565],[36.34698569643588,34.51029900712566],[36.34701525287104,34.510215790683134],[36.3473108172227,34.50986212080239],[36.34736993009303,34.50977890435986],[36.34793150236118,34.5096124714748],[36.34861130036999,34.509633275585436],[36.348640856805154,34.50965407969607],[36.3492910983788,34.50992453313428],[36.34964577560079,34.50977890435986],[36.34976400134145,34.50957086325354],[36.34982311421178,34.50944603858975],[36.35005956569311,34.509300409815324],[36.35050291222059,34.50907156459837],[36.35085758944258,34.50882191527079],[36.35109404092391,34.50823940017309],[36.35112359735907,34.50774010151792],[36.35112359735907,34.50744884396907],[36.3513600488404,34.507074369977694],[36.351921621108545,34.50709517408833],[36.35295609633935,34.507365627526546],[36.35372456365366,34.507511256300965],[36.35416791018114,34.507407235747806],[36.35487726462512,34.506970349424535],[36.35573440124492,34.50634622610558],[36.35659153786472,34.50576371100788],[36.35700532795705,34.50547245345903],[36.357478230919696,34.50497315480386],[36.35783290814169,34.50457787670185],[36.35815802892851,34.504494660259326],[36.35904472198348,34.50451546436995],[36.359547181381295,34.50439063970616],[36.36028609226044,34.503891341050995],[36.360611213047264,34.50366249583404],[36.36155701897256,34.503392042395824],[36.3623845991572,34.50322560951077],[36.36279838924952,34.503121588957605],[36.36321217934184,34.503121588957605],[36.363744195174824,34.503392042395824],[36.364128428831975,34.50345445472772],[36.364749113970454,34.50337123828519],[36.36616782285841,34.50337123828519],[36.36782298322769,34.503579279391516],[36.36820721688484,34.503620887612776],[36.369153022810146,34.503620887612776],[36.369773707948625,34.50353767117025],[36.370069272300285,34.503392042395824],[36.37027616734644,34.5032464136214],[36.3704830623926,34.50316319717887],[36.37054217526293,34.50314239306824],[36.37077862674426,34.503121588957605],[36.37104463466075,34.50310078484698],[36.371281086142076,34.50310078484698],[36.371517537623404,34.50310078484698],[36.37178354553989,34.50314239306824],[36.37201999702122,34.50322560951077],[36.37225644850254,34.5033088259533],[36.37284757720586,34.50341284650646],[36.37343870590917,34.50337123828519],[36.373497818779505,34.50337123828519],[36.374798301926795,34.50345445472772],[36.37482785836196,34.50343365061709],[36.37476874549163,34.503079980736345],[36.37476874549163,34.502580682081174],[36.374650519750965,34.50151967243894],[36.37441406826964,34.50033383813292],[36.37456185044547,34.499293632601315],[36.37482785836196,34.49873192161425],[36.375034753408116,34.49846146817603],[36.37538943063011,34.49833664351224],[36.37559632567627,34.49829503529097],[36.375803220722425,34.49833664351224],[36.37630568012025,34.4984406640654],[36.376630800907066,34.49877352983551],[36.37674902664773,34.49921041615878],[36.37683769595323,34.49987614769901],[36.37713326030488,34.50060429157113],[36.377399268221374,34.50099956967314],[36.377783501878525,34.501457260107045],[36.378404187017004,34.50189414643032],[36.37911354146098,34.502268620421695],[36.379675113729135,34.50253907385991],[36.380148016691784,34.5027263108556],[36.38059136321927,34.50278872318749],[36.381212048357746,34.50295515607255],[36.38171450775557,34.503121588957605],[36.38224652358855,34.503121588957605],[36.3827194265512,34.50314239306824],[36.38339922456001,34.502913547851286],[36.38428591761498,34.502102187536636],[36.3846997077073,34.501457260107045],[36.384788377012796,34.50124921900073],[36.38523172354028,34.50022981757975],[36.38534994928094,34.499439261375734],[36.38532039284578,34.49914800382689],[36.385409062151275,34.498378251733506],[36.38549773145677,34.497982973631494],[36.38552728789194,34.4978581489677],[36.385556844327105,34.49769171608264],[36.385556844327105,34.49748367497632],[36.38558640076227,34.49710920098495],[36.38579329580843,34.49658909821915],[36.38605930372492,34.49640186122346],[36.38614797303042,34.496360253002194],[36.386325311641414,34.4962978406703],[36.38679821460406,34.49640186122346],[36.38721200469638,34.496464273555354],[36.38759623835354,34.49660990232978],[36.388010028445855,34.49671392288294],[36.38851248784368,34.496859551657366],[36.39001986603712,34.49737965442316],[36.39439421844165,34.49881513805678],[36.39560603228344,34.49916880793752],[36.3957242580241,34.499501673707634],[36.40027594903962,34.4978581489677],[36.40733993704422,34.49746287086569],[36.41665021412141,34.49355169806687],[36.42335952490402,34.497670911972016],[36.428295449576694,34.50070831212429],[36.43453185739666,34.50151967243894],[36.43810818605171,34.501998166983476],[36.43861064544952,34.501561280660205],[36.43967467711549,34.5005210751286],[36.440265805818804,34.49968891070332],[36.44053181373529,34.49914800382689],[36.441477619660596,34.49789975718897],[36.44212786123424,34.49667231466167],[36.442630320632055,34.49579854201513],[36.443251005770534,34.494945573479214],[36.44363523942769,34.494363058381516],[36.44398991664968,34.493822151505086],[36.44416725526067,34.49307320352233],[36.44434459387167,34.49234505965021],[36.44464015822332,34.491492091114296],[36.44502439188048,34.48966132937868],[36.44531995623213,34.488454690962016],[36.445674633454125,34.48793458819622],[36.44641354433327,34.486665537447664],[36.446502213638766,34.486561516894504],[36.44747757599923,34.48520924970342],[36.44818693044321,34.48414824006119],[36.44839382548937,34.48350331263159],[36.44871894627619,34.482671148206315],[36.44883717201685,34.48231747832557],[36.44901451062785,34.48213024132988],[36.44913273636851,34.48208863310862],[36.44960563933116,34.48188059200229],[36.45007854229381,34.481693355006605],[36.4504332195158,34.48146450978965],[36.45046277595097,34.48138129334713],[36.450551445256465,34.48111083990891],[36.450728783867454,34.48061154125374],[36.450876566043284,34.48036189192616],[36.450935678913616,34.480278675483625],[36.451231243265276,34.47990420149225],[36.45131991257077,34.47982098504972],[36.4513790254411,34.479737768607194],[36.45176325909826,34.47919686173076],[36.45188148483892,34.47873917129686],[36.45214749275541,34.478219068531054],[36.4524135006719,34.47778218220778],[36.452709065023555,34.47738690410577],[36.45318196798621,34.47684599722934],[36.45350708877303,34.47626348213164],[36.45359575807853,34.47566016292331],[36.453625314513694,34.47516086426815],[36.453625314513694,34.474827998498036],[36.45374354025436,34.47447432861729],[36.453920878865354,34.47420387517907],[36.45418688678184,34.47397502996212],[36.454393781828,34.47366296830264],[36.454452894698335,34.47337171075379],[36.454600676874165,34.47283080387736],[36.45480757192032,34.47235230933282],[36.45501446696648,34.47212346411587],[36.45548736992913,34.47181140245639],[36.456285393678606,34.47127049557995],[36.45699474812258,34.47077119692479],[36.457201643168744,34.47060476403973],[36.457438094650065,34.470375918822775],[36.458029223353385,34.46968938317192],[36.45879769066769,34.46904445574233],[36.459329706500675,34.46862837352968],[36.459654827287494,34.46825389953831],[36.46003906094465,34.46765058032998],[36.460777971823795,34.46677680768343],[36.461398656962274,34.46602785970068],[36.46172377774909,34.46563258159867],[36.461782890619425,34.46540373638172],[36.46187155992492,34.465133282943505],[36.462078454971085,34.46465478839897],[36.462314906452406,34.464425943182015],[36.462758252979896,34.46400986096937],[36.463231155942545,34.46353136642483],[36.46355627672936,34.4630528718803],[36.46379272821069,34.46286563488461],[36.463910953951356,34.46276161433145],[36.46402917969202,34.462740810220815],[36.46408829256235,34.46272000611018],[36.46476809057116,34.46259518144639],[36.465832122237124,34.462740810220815],[36.46674837172726,34.46292804721651],[36.46707349251408,34.46286563488461],[36.46710304894925,34.462844830773975],[36.467280387560244,34.46255357322513],[36.46736905686574,34.462137491012484],[36.46739861330091,34.4619502540168],[36.467575951911904,34.46134693480847],[36.46784195982839,34.461076481370256],[36.46822619348555,34.46099326492772],[36.46846264496687,34.46109728548089],[36.468639983577866,34.461388543029734],[36.46881732218886,34.461492563582894],[36.46902421723502,34.46124291425531],[36.46937889445701,34.460785223821404],[36.469733571678994,34.46034833749813],[36.470236031076816,34.460202708723706],[36.47097494195596,34.4603275333875],[36.47233453797358,34.46076441971077],[36.47307344885272,34.46099326492772],[36.473989698342855,34.46051477038319],[36.474462601305504,34.46063959504698],[36.47534929436048,34.46016110050245],[36.47608820523962,34.459973863506754],[36.476738446813265,34.459869842953594],[36.47697489829459,34.459869842953594],[36.477211349775914,34.45989064706423],[36.47744780125724,34.45991145117486],[36.47768425273857,34.45995305939612],[36.47792070421989,34.46001547172802],[36.47865961509903,34.460202708723706],[36.47895517945069,34.460265121055606],[36.47919163093202,34.46024431694497],[36.47942808241334,34.460202708723706],[36.479634977459504,34.46011949228118],[36.479841872505666,34.459973863506754],[36.47998965468149,34.4598074306217],[36.48022610616282,34.45937054429842],[36.48061033981997,34.45899607030705],[36.480787678430964,34.45897526619642],[36.48158570218044,34.45878802920073],[36.48182215366177,34.45862159631567],[36.48185171009693,34.45857998809441],[36.48247239523541,34.45805988532861],[36.48297485463323,34.45801827710734],[36.48332953185521,34.45810149354987],[36.48362509620687,34.45822631821366],[36.483891104123366,34.45826792643493],[36.48412755560469,34.45828873054556],[36.48448223282668,34.45828873054556],[36.484836910048664,34.4581847099924],[36.485280256576154,34.457976668886076],[36.48545759518714,34.45789345244355],[36.48560537736297,34.45776862777976],[36.485664490233304,34.4577270195585],[36.48587138527947,34.457602194894704],[36.48613739319595,34.45745656612028],[36.486492070417945,34.457435762009645],[36.48776299713007,34.45789345244355],[36.494886098005004,34.45529293861455],[36.49636391976328,34.45475203173811],[36.495743234624804,34.45460640296369],[36.495595452448974,34.454564794742424],[36.494886098005004,34.45439836185737],[36.49453142078301,34.45431514541484],[36.49358561485771,34.45406549608725],[36.49287626041373,34.453711826206515],[36.49225557527525,34.453046094666284],[36.49207823666426,34.4527964453387],[36.4919600109236,34.45260920834301],[36.4920486802291,34.45244277545795],[36.492373801015916,34.45231795079417],[36.49287626041373,34.45173543569647],[36.493290050506054,34.4512361370413],[36.49364472772804,34.450820054828654],[36.4940289613852,34.450299952062856],[36.494294969301684,34.44992547807148],[36.49456097721818,34.449759045186426],[36.49470875939401,34.44967582874389],[36.494886098005004,34.44957180819073],[36.49639347619845,34.4490933136462],[36.497191499947924,34.448885272539876],[36.498846660317206,34.44869803554419],[36.499999361288666,34.44859401499103],[36.500294925640326,34.448552406769764],[36.50070871573264,34.44846919032724],[36.50118161869529,34.44842758210597],[36.50127028800079,34.44840677799534],[36.50254121471291,34.448614819101664],[36.503900810730535,34.44892688076114],[36.50440327012836,34.448989293093035],[36.504876173091006,34.449051705424935],[36.50517173744266,34.44911411775683],[36.50543774535915,34.44907250953557],[36.50573330971081,34.44907250953557],[36.506176656238296,34.44892688076114],[36.50659044633061,34.44880205609735],[36.50691556711744,34.448614819101664],[36.50724068790426,34.44846919032724],[36.50741802651525,34.44838597388471],[36.50756580869108,34.44832356155281],[36.50768403443175,34.448240345110285],[36.50818649382956,34.447803458787014],[36.50860028392188,34.447366572463736],[36.50898451757904,34.447096119025524],[36.50933919480102,34.44686727380857],[36.50981209776368,34.446326366932134],[36.51072834725381,34.44543179017496],[36.51134903239229,34.444994903851686],[36.51223572544726,34.44432917231146],[36.512501733363756,34.44407952298388],[36.512501733363756,34.44389228598819],[36.51247217692859,34.44382987365629],[36.51232439475276,34.44345539966491],[36.511999273965934,34.442976905120375],[36.51194016109561,34.442872884567215],[36.511674153179115,34.442602431129],[36.51049189577249,34.44235278180142],[36.509752984893346,34.442123936584466],[36.50922096906036,34.441728658482454],[36.50880717896804,34.441520617376135],[36.50851161461639,34.44137498860171],[36.508304719570226,34.4411045351635],[36.508245606699894,34.440709257061485],[36.50780226017241,34.43973146386178],[36.507624921561415,34.43931538164914],[36.50783181660758,34.43912814465345],[36.50803871165373,34.439190556985345],[36.50851161461639,34.43944020631293],[36.508629840357045,34.43956503097672],[36.50886629183837,34.43964824741925],[36.50916185619003,34.440105937853154],[36.509457420541686,34.44056362828706],[36.50957564628235,34.44073006117212],[36.509752984893346,34.44089649405717],[36.510078105680165,34.44106292694223],[36.51034411359666,34.44112533927412],[36.51063967794831,34.441146143384756],[36.510905685864806,34.44112533927412],[36.51123080665163,34.44108373105286],[36.51149681456812,34.44100051461034],[36.511674153179115,34.440875689946544],[36.511821935354945,34.44075086528275],[36.51188104822528,34.440605236508326],[36.51179237891978,34.4404596077339],[36.51179237891978,34.440438803623266],[36.51128991952196,34.44031397895948],[36.511142137346134,34.440105937853154],[36.5110830244758,34.4399395049681],[36.511142137346134,34.43977307208304],[36.511201250216466,34.43958583508736],[36.51131947595712,34.43944020631293],[36.51143770169779,34.43927377342788],[36.511526371003285,34.439148948764085],[36.51196971753077,34.438982515879026],[36.51223572544726,34.438753670662074],[36.51261995910441,34.438275176117536],[36.51321108780773,34.43760944457731],[36.5132406442429,34.43706853770088],[36.51303374919674,34.436714867820136],[36.512826854150575,34.436382002050024],[36.512294838317594,34.436215569164965],[36.51188104822528,34.43606994039054],[36.51208794327143,34.4356538581779],[36.51232439475276,34.435570641735374],[36.51291552345607,34.43571627050979],[36.51321108780773,34.43573707462043],[36.51347709572422,34.43563305406727],[36.51362487790005,34.43538340473968],[36.513743103640714,34.43446802387187],[36.513802216511046,34.43401033343797],[36.51403866799237,34.433885508774175],[36.51424556303853,34.43392711699544],[36.51465935313085,34.433885508774175],[36.51498447391767,34.4339687252167],[36.5151322560935,34.43413515810176],[36.51519136896383,34.43436400331871],[36.5151322560935,34.43453043620377],[36.515102699658335,34.434592848535665],[36.51498447391767,34.434759281420725],[36.51486624817701,34.43484249786325],[36.51483669174184,34.43488410608452],[36.51477757887151,34.435092147190836],[36.51477757887151,34.43527938418652],[36.514807135306675,34.43548742529284],[36.51489580461217,34.435674662288534],[36.515427820445154,34.43644441438192],[36.51575294123198,34.43673567193077],[36.5160780620188,34.436818888373296],[36.51634406993529,34.43677728015203],[36.516876085768274,34.436652455488236],[36.51746721447159,34.43634039382876],[36.51805834317491,34.436049136279905],[36.51829479465623,34.43579948695233],[36.518531246137556,34.43538340473968],[36.518619915443054,34.43525858007589],[36.51888592335954,34.43517536363336],[36.51891547979471,34.43517536363336],[36.51941793919253,34.43521697185463],[36.51986128572001,34.43525858007589],[36.52009773720134,34.43515455952273],[36.520452414423325,34.43488410608452],[36.52051152729366,34.43473847731009],[36.52057064016399,34.43457204442503],[36.520600196599155,34.43436400331871],[36.52048197085849,34.43419757043365],[36.520452414423325,34.433989529327334],[36.520304632247495,34.43382309644228],[36.520836648080476,34.43315736490206],[36.52101398669147,34.43267887035752],[36.52104354312664,34.43190911826413],[36.52095487382114,34.43120177850264],[36.520925317385974,34.4308481086219],[36.52104354312664,34.43061926340495],[36.52119132530247,34.43041122229862],[36.52139822034863,34.430265593524204],[36.52157555895962,34.430161572971045],[36.52178245400578,34.43007835652851],[36.52195979261678,34.429995140085985],[36.52216668766293,34.429891119532826],[36.52234402627393,34.429662274315874],[36.52237358270909,34.429454233209555],[36.52231446983876,34.42924619210323],[36.5221962440981,34.42905895510754],[36.52207801835744,34.42887171811186],[36.522048461922274,34.42866367700553],[36.52201890548711,34.428476440009845],[36.522048461922274,34.428268398903526],[36.52210757479261,34.42806035779721],[36.52246225201459,34.4275402550314],[36.52284648567174,34.426749698827386],[36.52287604210691,34.426749698827386],[36.523112493588236,34.42672889471675],[36.5233193886344,34.42677050293802],[36.52355584011572,34.426853719380546],[36.52379229159705,34.42689532760181],[36.524412976735526,34.4271449769294],[36.52568390344765,34.42795633724405],[36.52583168562348,34.42808116190784],[36.5262454757158,34.42843483178858],[36.52639325789163,34.428684481116164],[36.52642281432679,34.42887171811186],[36.52636370145646,34.429017346886276],[36.52636370145646,34.429079759218176],[36.526334145021295,34.42926699621386],[36.52627503215096,34.42947503732018],[36.52618636284547,34.429662274315874],[36.526097693539974,34.42987031542219],[36.52603858066964,34.43007835652851],[36.526009024234476,34.430265593524204],[36.526009024234476,34.43047363463052],[36.52603858066964,34.43068167573684],[36.52606813710481,34.43086891273253],[36.52612724997514,34.43105614972822],[36.5262454757158,34.43124338672391],[36.526629709372955,34.43170107715781],[36.5323636577951,34.42947503732018],[36.532334101359936,34.42932940854576],[36.53224543205444,34.42914217155007],[36.53209764987861,34.42897573866502],[36.531654303351125,34.428185182461],[36.531506521175295,34.427831512580255],[36.53129962612913,34.42710336870813],[36.530590271685156,34.42541823574694],[36.53061982812032,34.42525180286188],[36.53064938455549,34.42516858641935],[36.530826723166484,34.425064565866194],[36.53103361821264,34.42504376175556],[36.53129962612913,34.42512697819809],[36.53156563404563,34.42531421519378],[36.531742972656616,34.42558466863199],[36.532186319184106,34.425771905627684],[36.53254099640609,34.426146379619055],[36.53277744788742,34.42627120428285],[36.53307301223907,34.42627120428285],[36.533427689461064,34.426208791950955],[36.53366414094239,34.42616718372969],[36.53398926172921,34.42618798784032],[36.534639503302856,34.426146379619055],[36.53523063200617,34.426000750844636],[36.535555752792995,34.425813513848944],[36.53591043001498,34.425501452189465],[36.53626510723697,34.425002153534294],[36.53664934089412,34.424731700096075],[36.53697446168095,34.42433642199407],[36.53715180029194,34.42402436033459],[36.53729958246777,34.42379551511764],[36.53803849334691,34.42340023701563],[36.538540952744725,34.42319219590931],[36.53886607353155,34.423067371245516],[36.53892518640188,34.42302576302425],[36.538984299272215,34.42302576302425],[36.539457202234864,34.42302576302425],[36.539752766586524,34.42298415480299],[36.539989218067845,34.42288013424983],[36.54010744380851,34.42248485614782],[36.540137000243675,34.42233922737339],[36.540137000243675,34.4222768150415],[36.540284782419505,34.42215199037771],[36.54049167746567,34.42204796982455],[36.54072812894699,34.42198555749265],[36.541053249733814,34.42200636160328],[36.54146703982613,34.42206877393518],[36.54208772496461,34.4222768150415],[36.54276752297342,34.422568072590344],[36.54309264376025,34.42269289725414],[36.54315175663058,34.42271370136477],[36.54634385162847,34.42356666990069],[36.54717143181311,34.4238371233389],[36.54903348722855,34.42444044254723],[36.54909260009888,34.4243572261047],[36.55024530107034,34.4227969178073],[36.551191106995645,34.42156947528001],[36.55175267926379,34.420841331407885],[36.553023605975916,34.41930182722112],[36.55396941190122,34.41830322991078],[36.554412758428704,34.41774151892371],[36.55391029903089,34.4173462408217],[36.553644291114395,34.41711739560475],[36.55361473467923,34.41686774627717],[36.5535556218089,34.41649327228579],[36.553644291114395,34.41572352019241],[36.55414675051222,34.41426723244816],[36.55473787921553,34.41295657347834],[36.555535902965005,34.411562698066],[36.555624572270496,34.41137546107031],[36.55612703166832,34.41031445142807],[36.556245257408975,34.408670926688146],[36.556688603936465,34.40771393759907],[36.557072837593616,34.40713142250137],[36.557368401945276,34.40588317586345],[36.55754574055627,34.40540468131891],[36.55772307916726,34.40515503199133],[36.55831420787057,34.40475975388932],[36.558521102916735,34.40459332100426],[36.55875755439806,34.40282497160054],[36.55875755439806,34.40236728116663],[36.55875755439806,34.402055219507155],[36.55875755439806,34.40091099342239],[36.55875755439806,34.400536519431014],[36.558994005879384,34.399745963227],[36.559348683101376,34.39914264401867],[36.559496465277206,34.39876817002729],[36.559644247453036,34.398414500146544],[36.559673803888195,34.39835208781465],[36.55985114249919,34.39785278915948],[36.56014670685085,34.39733268639368],[36.56017626328602,34.39731188228305],[36.55993981180469,34.39670856307472],[36.560501384072836,34.396687758964084],[36.55999892467502,34.39625087264081],[36.55970336032336,34.39606363564513],[36.55878711083323,34.39541870821553],[36.55795953064859,34.39477378078594],[36.55719106333428,34.39408724513508],[36.55526989504851,34.392194071067564],[36.55479699208586,34.391777988854926],[36.55444231486387,34.39140351486355],[36.55435364555837,34.39132029842102],[36.55429453268804,34.39119547375723],[36.55396941190122,34.39048813399574],[36.553407839633074,34.389822402455515],[36.55299404954075,34.38940632024288],[36.552491590142935,34.388907021587706],[36.551959574309954,34.38861576403885],[36.55154578421763,34.38834531060064],[36.55125021986598,34.388033248941156],[36.55086598620882,34.387596362617884],[36.55033397037584,34.386847414635135],[36.54977239810769,34.386077662541744],[36.549447277320866,34.38580720910353],[36.54900393079338,34.38534951866963],[36.54802856843292,34.38482941590382],[36.547289657553776,34.384517354244345],[36.546698528850456,34.384246900806126],[36.546018730841645,34.38389323092538],[36.54572316648999,34.383643581597795],[36.54498425561085,34.38285302539378],[36.54489558630535,34.38258257195557],[36.544540909083366,34.38231211851735],[36.54421578829654,34.38200005685787],[36.54321086950091,34.38141754176017],[36.5404621210305,34.37998205812656],[36.538068049782076,34.37873381148864],[36.537861154735914,34.37858818271421],[36.537683816124925,34.37846335805042],[36.537536033949095,34.37835933749726],[36.53750647751393,34.378338533386625],[36.5373586953381,34.37817210050157],[36.5373586953381,34.37800566761651],[36.53732913890293,34.37781843062083],[36.5372700260326,34.377589585403875],[36.5371813567271,34.37740234840818],[36.537063130986446,34.37717350319123],[36.53653111515346,34.37600847299584],[36.53617643793147,34.375425957898145],[36.53573309140399,34.375051483906766],[36.534728172608354,34.374614597583495],[36.53401881816438,34.374240123592116],[36.53336857659073,34.37399047426453],[36.53268877858192,34.373636804383786],[36.53262966571159,34.37361600027315],[36.53200898057311,34.37307509339672],[36.53109273108297,34.372180516639546],[36.53103361821264,34.37209730019701],[36.53047204594449,34.37155639332058],[36.52928978853787,34.370932270001624],[36.52920111923237,34.370869857669724],[36.52795974895541,34.37018332201887],[36.52798930539058,34.369746435695596],[36.52813708756641,34.369247137040425],[36.528314426177396,34.36866462194273],[36.52878732914005,34.36820693150882],[36.52994003011151,34.36722913830912],[36.53056071524999,34.366480190326364],[36.53100406177748,34.36585606700741],[36.53138829543463,34.36541918068413],[36.531890754832446,34.36483666558643],[36.53254099640609,34.36385887238673],[36.53289567362808,34.363297161399665],[36.53390059242371,34.36144559555341],[36.53416660034021,34.36094629689824],[36.534728172608354,34.35936518449021],[36.53514196270067,34.358741061171244],[36.53564442209849,34.35849141184366],[36.53576264783916,34.358428999511766],[36.53629466367214,34.358096133741654],[36.53688579237545,34.35745120631206],[36.537388251773265,34.35672306243994],[36.537683816124925,34.35603652678908],[36.53789071117108,34.3551419500319],[36.537920267606246,34.35480908426179],[36.538008936911744,34.35439300204915],[36.53827494482824,34.35374807461955],[36.539132081448045,34.35256224031353],[36.53957542797553,34.351813292330775],[36.54022566954917,34.351064344348025],[36.54072812894699,34.35021137581211],[36.54078724181732,34.350148963480216],[36.5414079269558,34.34950403605062],[36.54170349130746,34.34919197439114],[36.54193994278878,34.348734283957235],[36.542205950705274,34.348130964748904],[36.54238328931627,34.34740282087678],[36.542737966538255,34.34636261534518],[36.54312220019541,34.345155976928524],[36.54400889325038,34.34328360697164],[36.54400889325038,34.34249305076762],[36.54421578829654,34.341910535669925],[36.54477736056469,34.34051666025758],[36.54504336848118,34.33983012460672],[36.545486715008664,34.33933082595155],[36.54681675459112,34.33847785741564],[36.54717143181311,34.33797855876047],[36.54755566547026,34.337312827220245],[36.54785122982192,34.336875940896974],[36.548146794173576,34.33645985868433],[36.54994973671869,34.33398416951912],[36.550511308986835,34.33331843797889],[36.55139800204181,34.332715118770565],[36.5525211465781,34.331945366677175],[36.5545900970397,34.33071792414989],[36.55550634652984,34.330385058379775],[36.557161506899114,34.32990656383524],[36.5585506593519,34.32932404873754],[36.55908267518488,34.328970378856795],[36.559496465277206,34.328699925418576],[36.559821586064025,34.32851268842289],[36.56008759398052,34.32834625553784],[36.560353601897006,34.32813821443151],[36.56067872268383,34.32790936921456],[36.56082650485966,34.32774293632951],[36.56103339990582,34.327514091112555],[36.561122069211315,34.32732685411686],[36.56132896425748,34.32709800889991],[36.56144718999814,34.32686916368296],[36.56162452860914,34.32668192668727],[36.56183142365529,34.326432277359686],[36.56212698800695,34.32591217459389],[36.562186100877284,34.32543368004935],[36.56221565731245,34.32495518550481],[36.562186100877284,34.324476690960275],[36.56200876226629,34.32395658819448],[36.56183142365529,34.323561310092465],[36.56168364147946,34.32337407309678],[36.56150630286847,34.32318683610109],[36.56138807712781,34.3229995991054],[36.56121073851681,34.32283316622034],[36.56103339990582,34.322687537445915],[36.560885617729994,34.32250030045023],[36.56067872268383,34.322313063454544],[36.560117150415685,34.32181376479937],[36.55979202962886,34.321397682586735],[36.559053118749716,34.32019104417007],[36.55849154648157,34.31910923041721],[36.558284651435415,34.31838108654509],[36.55822553856508,34.31779857144739],[36.55825509500025,34.316841582358315],[36.55834376430574,34.31655032480947],[36.558373320740905,34.316238263149984],[36.55834376430574,34.31596780971177],[36.55822553856508,34.31573896449482],[36.55810731282442,34.31555172749913],[36.557989087083754,34.315385294614074],[36.55790041777826,34.31526046995028],[36.55778219203759,34.31507323295459],[36.55733884551011,34.31434508908247],[36.5566590475013,34.31351292465719],[36.555772354446326,34.312514327346854],[36.55518122574301,34.31172377114284],[36.55503344356718,34.31147412181525],[36.55491521782652,34.3112452765983],[36.55482654852103,34.31109964782387],[36.554767435650696,34.310933214938814],[36.554708322780364,34.310725173832495],[36.55464920991003,34.31055874094744],[36.554619653474866,34.31039230806238],[36.55464920991003,34.3102050710667],[36.5546787663452,34.31005944229227],[36.55473787921553,34.30985140118595],[36.55503344356718,34.30945612308394],[36.55541767722434,34.309060844981936],[36.556008805927654,34.30870717510119],[36.557072837593616,34.308291092888545],[36.55810731282442,34.30787501067591],[36.55869844152773,34.30760455723769],[36.55931912666621,34.30712606269315],[36.55985114249919,34.306668372259246],[36.559969368239855,34.30658515581672],[36.56067872268383,34.30618987771471],[36.561949649395956,34.30577379550207],[36.56313190680258,34.30535771328943],[36.563693479070736,34.30502484751932],[36.564550615690536,34.30419268309404],[36.564846180042196,34.303797404992025],[36.56514174439385,34.30350614744318],[36.56552597805101,34.30327730222623],[36.56582154240266,34.303194085783694],[36.56620577605982,34.30311086934117],[36.566471783976304,34.303090065230535],[36.566678679022466,34.303090065230535],[36.56694468693896,34.303152477562435],[36.56703335624446,34.3031316734518],[36.56724025129061,34.3031316734518],[36.56753581564227,34.30311086934117],[36.56794960573459,34.303090065230535],[36.5686294037434,34.302986044677375],[36.569043193835725,34.30292363234548],[36.569427427492876,34.30275719946042],[36.56969343540937,34.30256996246474],[36.56987077402036,34.30232031313715],[36.57001855619619,34.302133076141466],[36.57010722550169,34.30196664325641],[36.57022545124235,34.30180021037135],[36.57025500767752,34.30167538570756],[36.57025500767752,34.301633777486295],[36.57037323341818,34.3014465404906],[36.57063924133467,34.30100965416733],[36.57205795022262,34.29897085132539],[36.57261952249077,34.29845074855959],[36.57282641753693,34.297847429351265],[36.572944643277594,34.29753536769178],[36.57297419971276,34.297472955359886],[36.573151538323756,34.29711928547914],[36.57329932049958,34.296973656704715],[36.57350621554574,34.296765615598396],[36.5738017798974,34.29659918271334],[36.57403823137872,34.29651596627081],[36.574245126424884,34.29647435804955],[36.574452021471046,34.29639114160702],[36.5746589165172,34.29641194571765],[36.57486581156336,34.29634953338576],[36.57510226304469,34.296266316943225],[36.57533871452601,34.29620390461133],[36.57557516600734,34.296162296390065],[36.57581161748867,34.296120688168806],[36.57604806896999,34.29609988405817],[36.57631407688648,34.29603747172627],[36.576520971932645,34.29599586350501],[36.576905205589796,34.29593345117311],[36.577525890728275,34.29576701828806],[36.57838302734808,34.295600585403],[36.58003818771736,34.29533013196479],[36.581722904521804,34.29493485386278],[36.5818115738273,34.29493485386278],[36.58275737975261,34.29493485386278],[36.583703185677905,34.29466440042456],[36.58402830646473,34.29447716342887],[36.58429431438122,34.29435233876508],[36.58524012030652,34.29418590588002],[36.586038144056,34.29393625655244],[36.58657015988898,34.29364499900359],[36.58716128859229,34.293187308569685],[36.58772286086044,34.292646401693254],[36.58831398956375,34.29223031948061],[36.58866866678574,34.29204308248492],[36.589052900442894,34.29202227837429],[36.58914156974839,34.29202227837429],[36.58970314201654,34.2919598660424],[36.59044205289568,34.29171021671481],[36.59126963308032,34.291460567387226],[36.59242233405178,34.290961268732055],[36.59342725284742,34.290649207072576],[36.5939592686804,34.29062840296194],[36.59670801715081,34.29023312485994],[36.59753559733545,34.289900259089826],[36.597653823076115,34.28985865086856],[36.597831161687104,34.2896922179835],[36.5979198309926,34.28952578509845],[36.597831161687104,34.28931774399213],[36.59777204881678,34.28915131110707],[36.597653823076115,34.28894327000075],[36.597506040900285,34.288797641226324],[36.59715136367829,34.288381559013686],[36.595762211225505,34.286904467158806],[36.59517108252219,34.28623873561858],[36.59449128451338,34.285760241074044],[36.593781930069404,34.28507370542319],[36.59307257562543,34.2844287779936],[36.59239277761662,34.2838462628959],[36.59150608456165,34.28334696424073],[36.59144697169132,34.283326160130095],[36.590560278636346,34.282743645032404],[36.590028262803365,34.282514799815445],[36.58881644896157,34.28184906827522],[36.58633370840765,34.28062162574793],[36.585299233176855,34.28016393531403],[36.58435342725155,34.27978946132265],[36.5839691935944,34.2796230284376],[36.582402702530615,34.278894884565474],[36.57563427887767,34.27589909263446],[36.57486581156336,34.275545422753716],[36.574392908600714,34.27517094876234],[36.57374266702707,34.2747548665497],[36.57353577198091,34.27460923777527],[36.57368355415674,34.274297176115795],[36.57406778781389,34.274401196668954],[36.574777142257865,34.27446360900085],[36.57525004522052,34.27446360900085],[36.575604722442506,34.274338784337054],[36.5759593996645,34.274026722677576],[36.57640274619198,34.273423403469245],[36.576846092719464,34.272820084260914],[36.57725988281179,34.27184229106121],[36.57758500359861,34.27001152932559],[36.57773278577444,34.26809755114744],[36.57770322933927,34.26597553186298],[36.577821455079935,34.26537221265465],[36.578146575866754,34.26458165645063],[36.57915149466239,34.2618355138472],[36.5800086312822,34.25987992744779],[36.58068842929101,34.258486052035444],[36.58101355007783,34.25707137251246],[36.581634235216306,34.25561508476822],[36.58266871044711,34.253181003824274],[36.583230282715256,34.251558283194974],[36.583703185677905,34.24991475845504],[36.58376229854824,34.24954028446366],[36.58373274211307,34.249061789919125],[36.58349629063174,34.248624903595854],[36.58325983915042,34.248208821383216],[36.58311205697459,34.24748067751109],[36.58296427479876,34.24641966786886],[36.58281649262294,34.245816348660526],[36.5828460490581,34.24444327735881],[36.58299383123393,34.24263331973383],[36.58305294410426,34.240407279896196],[36.58260959757678,34.23843088938615],[36.582254920354785,34.23655851942927],[36.5818115738273,34.23420765492785],[36.58175246095697,34.23327146994941],[36.58160467878114,34.23270975896234],[36.58154556591081,34.23196081097959],[36.58175246095697,34.23135749177126],[36.582077581743796,34.23083738900546],[36.58272782331744,34.229963616358916],[36.58352584706691,34.22873617383162],[36.584382983686716,34.22727988608738],[36.58524012030652,34.22603163944946],[36.58609725692633,34.22492902158596],[36.58704306285163,34.22401364071815],[36.58813665095276,34.22316067218224],[36.58866866678574,34.22293182696529],[36.58970314201654,34.222536548863275],[36.59097406872867,34.22234931186759],[36.59203810039463,34.22230770364632],[36.59348636571775,34.22220368309316],[36.594905074605705,34.22209966254],[36.59588043696617,34.22207885842937],[36.59685579932664,34.22191242554432],[36.59786071812227,34.22160036388483],[36.59898386265857,34.22116347756156],[36.59954543492672,34.220809807680816],[36.59987055571354,34.22072659123829],[36.600254789370695,34.22068498301702],[36.600727692333344,34.22051855013197],[36.60199861904547,34.21964477748542],[36.60312176358177,34.21881261306014],[36.60424490811806,34.21789723219233],[36.605604504135684,34.21694024310326],[36.606757205107144,34.21596244990355],[36.60802813181927,34.215005460814474],[36.6092103892259,34.21400686350414],[36.60959462288305,34.21367399773403],[36.61030397732703,34.2130082661938],[36.610688210984186,34.21269620453432],[36.611840911955646,34.211718411334616],[36.61240248422379,34.21130232912197],[36.612993612927106,34.21088624690933],[36.61497389408321,34.20942995916509],[36.61591970000851,34.208847444067395],[36.616658610887654,34.20816090841654],[36.6171315138503,34.20780723853579],[36.61754530394263,34.207370352212514],[36.618254658386604,34.20653818778724],[36.618786674219585,34.205539590476896],[36.61958469796906,34.20424973561771],[36.62029405241303,34.20306390131169],[36.620766955375686,34.20214852044388],[36.62112163259767,34.20129555190796],[36.62141719694933,34.200941882027216],[36.62168320486582,34.20025534637636],[36.62183098704165,34.199527202504235],[36.621771874171316,34.19873664630022],[36.621771874171316,34.19854940930453],[36.62174231773615,34.197634028436724],[36.621771874171316,34.19680186401144],[36.62183098704165,34.19603211191806],[36.621771874171316,34.19551200915225],[36.621535422689995,34.19515833927151],[36.62141719694933,34.19507512282898],[36.621239858338335,34.194991906386456],[36.62100340685701,34.19490868994392],[36.62044183458886,34.1947006488376],[36.61949602866356,34.194596628284444],[36.61769308611845,34.19445099951002],[36.615742361397515,34.19415974196117],[36.61331873371393,34.19409732962927],[36.61252070996446,34.19413893785054],[36.61228425848313,34.19415974196117],[36.612077363436974,34.194180546071806],[36.61181135552048,34.1942429584037],[36.61157490403915,34.19420135018244],[36.61133845255783,34.194180546071806],[36.6111020010765,34.194118133739906],[36.610865549595175,34.19405572140801],[36.61065865454902,34.19399330907611],[36.610481315938024,34.19393089674422],[36.61042220306769,34.19391009263359],[36.60983107436438,34.193577226863475],[36.60915127635557,34.19328596931462],[36.60876704269841,34.193140340540204],[36.608707929828086,34.19311953642957],[36.60814635755993,34.192932299433885],[36.607348333810464,34.19291149532325],[36.606579866496155,34.19282827888072],[36.60584095561701,34.19257862955314],[36.60501337543237,34.19239139255745],[36.60409712594223,34.19220415556176],[36.60374244872025,34.192120939119235],[36.603535553674085,34.192058526787335],[36.60329910219276,34.19199611445544],[36.6030922071466,34.191850485681016],[36.602914868535606,34.19170485690659],[36.60273752992461,34.191517619910904],[36.602530634878455,34.19133038291521],[36.60241240913779,34.19116395003016],[36.60232373983229,34.1909975171451],[36.602235070526795,34.190810280149414],[36.60211684478613,34.190643847264354],[36.60202817548063,34.19045661026867],[36.60182128043448,34.18997811572413],[36.601200595296,34.18835539509483],[36.60075724876851,34.18754403478018],[36.60019567650036,34.186649458023005],[36.59969321710255,34.186004530593415],[36.59862918543658,34.185130757946865],[36.59715136367829,34.18413216063653],[36.595909993401335,34.18334160443251],[36.59484596173537,34.182800697556075],[36.59348636571775,34.182051749573326],[36.592481446922115,34.18153164680752],[36.59097406872867,34.18101154404172],[36.590412496460516,34.18067867827161],[36.58961447271105,34.18017937961644],[36.588727779656075,34.17943043163369],[36.58733862720329,34.17834861788082],[36.58624503910215,34.17732921645985],[36.58571302326917,34.176642680808996],[36.58503322526036,34.175498454724234],[36.58497411239003,34.17529041361791],[36.5849149995197,34.17514478484349],[36.58488544308453,34.17491593962654],[36.58488544308453,34.174687094409585],[36.5849149995197,34.174520661524525],[36.58497411239003,34.17429181630757],[36.58512189456586,34.17410457931189],[36.58521056387136,34.173917342316194],[36.585831249009836,34.17287713678459],[36.58639282127798,34.172232209355],[36.586747498499975,34.17173291069983],[36.58724995789779,34.17069270516823],[36.58748640937912,34.169818932521686],[36.58751596581428,34.16963169552599],[36.58748640937912,34.16946526264094],[36.58745685294395,34.16925722153462],[36.58736818363845,34.16906998453893],[36.58722040146262,34.168945159875136],[36.58707261928679,34.16875792287945],[36.586895280675805,34.16865390232629],[36.585919918315334,34.167967366675434],[36.58444209655705,34.16680233648004],[36.58417608864056,34.16651107893119],[36.58311205697459,34.16545006928896],[36.58299383123393,34.165325244625166],[36.582934718363596,34.165262832293266],[36.583023387669094,34.16407699798724],[36.583023387669094,34.16349448288955],[36.58296427479876,34.16301598834501],[36.58290516192843,34.16272473079616],[36.58278693618777,34.162183823919726],[36.58252092827128,34.16170532937519],[36.58237314609545,34.1614556800476],[36.581722904521804,34.15999939230336],[36.581722904521804,34.159957784082096],[36.58166379165147,34.15966652653325],[36.58133867086465,34.15945848542693],[36.58036330850418,34.15947928953756],[36.57956528475471,34.159624918311984],[36.57891504318106,34.15954170186946],[36.578057906561256,34.1594376813163],[36.577348552117286,34.15916722787808],[36.57501359373919,34.15804380590395],[36.573240207629254,34.15712842503614],[36.572796861101764,34.156878775708556],[36.57161460369514,34.15696199215108],[36.57123037003798,34.15696199215108],[36.570727910640166,34.156816363376656],[36.570580128464336,34.15669153871286],[36.57040278985335,34.15650430171718],[36.57028456411268,34.156171435947066],[36.57028456411268,34.15569294140253],[36.57031412054785,34.15513123041546],[36.57013678193685,34.154652735870926],[36.56998899976102,34.154319870100814],[36.56992988689069,34.154215849547654],[36.56960476610387,34.153799767335016],[36.568747629484065,34.15290519057783],[36.56809738791042,34.15240589192267],[36.56794960573459,34.152281067258876],[36.56948654036321,34.149514120544815],[36.56998899976102,34.1486611520089],[36.57120081360282,34.147724967030456],[36.57152593438964,34.14735049303908],[36.57205795022262,34.14649752450317],[36.57238307100945,34.14568616418852],[36.572471740314946,34.14499962853766],[36.572471740314946,34.144958020316395],[36.57140770864898,34.144042639448585],[36.57052101559401,34.143293691465836],[36.57040278985335,34.14318967091267],[36.570195894807185,34.14302323802762],[36.56948654036321,34.14266956814687],[36.568067831475254,34.14219107360233],[36.567979162169756,34.14214946538107],[36.56732892059611,34.139652972105225],[36.56635355823565,34.13592903630209],[36.56573287309717,34.13389023346015],[36.565703316662,34.133807017017624],[36.562245213747616,34.13334932658372],[36.56132896425748,34.13320369780929],[36.5606196098135,34.132995656702974],[36.560590053378334,34.13297485259234],[36.56029448902668,34.13280841970728],[36.55976247319369,34.13226751283085],[36.55937823953654,34.13178901828631],[36.55878711083323,34.13104007030356],[36.55544723365951,34.130291122320806],[36.55281671092976,34.12966699900185],[36.55122066343081,34.13118569907798],[36.54817635060874,34.13006227710385],[36.54811723773841,34.13004147299322],[36.54785122982192,34.1298958442188],[36.54527981996251,34.128730814023406],[36.544334014037204,34.12860598935961],[36.54380199820422,34.12837714414266],[36.54365421602839,34.12831473181076],[36.54087591112282,34.12673361940273],[36.53972321015136,34.124549187786364],[36.53987099232719,34.12169902462978],[36.537004018116114,34.12090846842575],[36.53407793103471,34.12011791222174],[36.53401881816438,34.12009710811111],[36.53310256867424,34.11920253135393],[36.53209764987861,34.11870323269876],[36.52905333705654,34.11720533673326],[36.52899422418621,34.11618593531228],[36.52618636284547,34.11506251333815],[36.52438342030036,34.11435517357666],[36.522580477755255,34.112045917296506],[36.52154600252445,34.11071445421606],[36.519477052062854,34.10798911572326],[36.51906326197054,34.10757303351062],[36.51891547979471,34.107281775961766],[36.51873814118372,34.10601272521322],[36.51864947187822,34.105388601894255],[36.51844257683206,34.10505573612414],[36.5181470124804,34.10474367446466],[36.517555883777085,34.10439000458392],[36.516550964981455,34.103599448379896],[36.51569382836165,34.10270487162272],[36.51501403035284,34.101976727750596],[36.51465935313085,34.101498233206065],[36.51392044225171,34.100291594789404],[36.50936875123619,34.09968827558107],[36.509309638365856,34.09968827558107],[36.50898451757904,34.09800314261988],[36.50871850966254,34.097004545309545],[36.50848205818122,34.09625559732679],[36.50756580869108,34.093967145157265],[36.506028874062466,34.09026401346476],[36.50697467998777,34.0897023024777],[36.50738847008009,34.08943184903948],[36.507861373042736,34.08895335449494],[36.508245606699894,34.088454055839776],[36.508393388875724,34.088162798290924],[36.50865939679221,34.08722661331248],[36.50874806609771,34.086914551653],[36.509073186884535,34.08608238722772],[36.50942786410652,34.08549987213002],[36.51019633142083,34.08404358438578],[36.51025544429116,34.08364830628377],[36.510225887855995,34.083357048734925],[36.51123080665163,34.08108940067603],[36.51403866799237,34.074806559265156],[36.51288596702091,34.07341268385281],[36.51217661257693,34.07251810709563],[36.51126036308679,34.071165839904545],[36.50978254132851,34.068898191845655],[36.50857072748671,34.0670466259994],[36.508156937394396,34.06642250268044],[36.5079795987834,34.0660688327997],[36.50735891364492,34.06313545320058],[36.50437371369319,34.06109665035864],[36.50381214142504,34.0607429804779],[36.50339835133272,34.06047252703968],[36.50280722262941,34.059952424273874],[36.50141807017662,34.05887061052101],[36.498344200919384,34.056124467917584],[36.499171781104025,34.05502185005408],[36.49949690189085,34.05452255139892],[36.49994024841833,34.053794407526794],[36.50041315138098,34.051526759467905],[36.49515210592149,34.048759812753836],[36.489713721851004,34.045888845486616],[36.48628517537178,34.04407888786163],[36.483684209077204,34.043184311104454],[36.483388644725544,34.04276822889181],[36.48022610616282,34.038628210876034],[36.47712268047042,34.04000128217775],[36.46689615390309,34.042164909683486],[36.461635108443595,34.044807031733754],[36.46119176191611,34.04734513323086],[36.44922140567401,34.051568367689164],[36.44508350475081,34.051859625238016],[36.44529039979697,34.051672388242324],[36.450108098728975,34.04732432912023],[36.454009548170845,34.04397486730847],[36.453152411551045,34.04424532074669],[36.45182237196859,34.04491105228691],[36.44907362349818,34.046159298924835],[36.44295544141888,34.04927991551964],[36.44189140975291,34.04971680184291],[36.44103427313311,34.0499664511705],[36.44044314442979,34.05007047172366],[36.43624613063627,34.05088183203831],[36.43231512475923,34.05192203756991],[36.431576213880085,34.052109274565595],[36.430423512908625,34.05242133622508],[36.4291525861965,34.052775006105826],[36.426315168420594,34.05406486096501],[36.424926015967806,34.05468898428397],[36.42433488726449,34.05385681985869],[36.42265017046005,34.05094424437021],[36.421349687312755,34.04867659631131],[36.42075855860944,34.04786523599666],[36.418985172499504,34.04572241260156],[36.416443319075256,34.04272662067055],[36.41582263393678,34.04187365213463],[36.41496549731697,34.04235214667917],[36.40970445185748,34.04538954683145],[36.40559610736945,34.04364200153836],[36.40107397278909,34.04164480691768],[36.40284735889904,34.035382769617435],[36.40361582621334,34.03269903934591],[36.40512320440679,34.027602032241056],[36.401339980705586,34.027914093900534],[36.39377353330317,34.02864223777266],[36.39078833335143,34.02887108298961],[36.39034498682395,34.02891269121087],[36.38954696307447,34.027539619909156],[36.38744845617771,34.02389890054855],[36.38561595719744,34.020674263400586],[36.385261279975445,34.02002933597099],[36.3846110384018,34.01878108933307],[36.38416769187432,34.0167214823805],[36.38325144238418,34.0123110109265],[36.38319232951385,34.01197814515639],[36.38283765229186,34.01018899164204],[36.382128297847885,34.009668888876234],[36.379231767201645,34.008108580578835],[36.37521209201911,34.00586173663057],[36.36974415151346,34.004530273550124],[36.368325442625505,34.00039025553434],[36.36823677332001,33.99984934865791],[36.36826632975517,33.99935005000275],[36.3664338307749,33.99437786756169],[36.36403975952648,33.98799100559765],[36.363891977350654,33.98761653160627],[36.36371463873966,33.987158841172366],[36.36330084864734,33.98572335753876],[36.36291661499018,33.984495915011465],[36.3623845991572,33.98310203959912],[36.359842745732955,33.98405902868819],[36.35676887647572,33.98524486299422],[36.355645731939426,33.98484958489221],[36.34828617958317,33.97819226948996],[36.347192591482035,33.97810905304743],[36.34630589842707,33.9780882489368],[36.345566987547926,33.97804664071553],[36.345360092501764,33.97804664071553],[36.343911827178644,33.978067444826166],[36.34320247273467,33.97810905304743],[36.342759126207184,33.97815066126869],[36.34228622324453,33.97821307360059],[36.341842876717045,33.97819226948996],[36.34122219157857,33.97792181605174],[36.34051283713459,33.977630558502895],[36.33995126486644,33.97719367217962],[36.338887233200474,33.97629909542244],[36.33746852431253,33.975238085780205],[36.33670005699822,33.97473878712504],[36.33522223523993,33.97376099392533],[36.33386263922231,33.972804004836256],[36.33265082538052,33.971992644521606],[36.33143901153872,33.97132691298138],[36.3312912293629,33.971243696538856],[36.3312025600574,33.97118128420696],[36.33019764126176,33.97061957321989],[36.32653264330122,33.96785262650583],[36.324611475015445,33.966209101765905],[36.32339966117365,33.9651688962343],[36.32286764534067,33.96481522635356],[36.3218922829802,33.96414949481333],[36.32068046913841,33.963109289281725],[36.31935042955595,33.961923454975704],[36.31822728501966,33.961049682329154],[36.31642434247455,33.959426961699855],[36.31450317418878,33.957554591742976],[36.31317313460632,33.95620232455189],[36.31249333659751,33.95551578890103],[36.312079546505196,33.9549124696927],[36.31054261187658,33.952457584638125],[36.30921257229412,33.95025234891113],[36.307675637665504,33.94781826796718],[36.306434267388546,33.94598750623156],[36.30448354266761,33.943199755406866],[36.30273971299283,33.94051602513533],[36.301941689243364,33.939350994939936],[36.300345641744414,33.93689610988536],[36.2986313685048,33.934316400166985],[36.29659197447837,33.93100854657649],[36.29540971707174,33.92913617661961],[36.29440479827611,33.92753426010094],[36.293252097304645,33.92572430247595],[36.29218806563868,33.923747911965904],[36.29082846962106,33.92118900635817],[36.28932109142761,33.91890055418864],[36.28822750332648,33.91727783355934],[36.286069883559385,33.91473973206223],[36.28358714300547,33.911681527799324],[36.282434442034,33.91024604416571],[36.279892588609755,33.90716703579217],[36.27817831537014,33.90516984117149],[36.27673005004703,33.90365114109535],[36.27670049361186,33.903401491767774],[36.27693694509318,33.90319345066145],[36.27705517083385,33.90308943010829],[36.27794186388882,33.902590131453124],[36.281193071757045,33.90088419438129],[36.29020778448258,33.89607844482529],[36.29091713892656,33.89580799138707],[36.29351810522114,33.89460135297042],[36.294375241840946,33.89422687897904],[36.30321261595549,33.89002444863137],[36.30808942775783,33.88773599646184],[36.30859188715564,33.88750715124489],[36.31252289303268,33.885759605951804],[36.31332091678215,33.885489152513586],[36.31760659988118,33.88351276200354],[36.31917309094496,33.88278461813142],[36.32204006515603,33.88166119615729],[36.32487748293194,33.880496165961894],[36.326591756171545,33.879788826200404],[36.32753756209685,33.879372743987766],[36.328187803670495,33.879039878217654],[36.32919272246613,33.878457363119956],[36.3321483659827,33.87681383838002],[36.33430598574979,33.87560719996336],[36.33602025898941,33.87462940676366],[36.33835521736749,33.87564880818463],[36.33974436982028,33.87625212739296],[36.34006949060711,33.876293735614226],[36.34204977176321,33.87618971506106],[36.34400049648414,33.87537835474641],[36.34902509046231,33.87340196423637],[36.35360633791299,33.87152959427949],[36.35715311013288,33.87019813119903],[36.36802987827385,33.868325761242154],[36.38091648400609,33.85908873612153],[36.3836652324765,33.85777807715171],[36.3846997077073,33.8572579743859],[36.38842381853818,33.85534399620776],[36.38966518881514,33.85476148111006],[36.39025631751845,33.85434539889742],[36.39102478483276,33.85340921391898],[36.39137946205474,33.852743482378756],[36.3919410343229,33.851058349417556],[36.39214792936905,33.84968527811584],[36.39229571154488,33.848790701358666],[36.39238438085038,33.84729280539316],[36.392561719461376,33.84529561077248],[36.392561719461376,33.845149981998055],[36.392886840248195,33.84229981884147],[36.39321196103502,33.839033573472236],[36.393655307562504,33.834810339013934],[36.39368486399767,33.83358289648665],[36.39309373529436,33.832646711508204],[36.3918523650174,33.831564897755335],[36.391586357100906,33.83133605253838],[36.39004942247229,33.83017102234299],[36.388926277935994,33.82931805380707],[36.38848293140851,33.829026796258226],[36.384788377012796,33.82871473459875],[36.3836652324765,33.82890197159443],[36.379379549377475,33.83017102234299],[36.37775394544336,33.83062871277689],[36.37379338313116,33.83162731008723],[36.36968503864313,33.83275073206136],[36.36593137137709,33.83370772115043],[36.365340242673774,33.83366611292917],[36.36430576744297,33.83358289648665],[36.360226979390106,33.83266751561883],[36.358630931891156,33.83223062929556],[36.35407924087564,33.83100318676827],[36.35248319337669,33.83073273333005],[36.34793150236118,33.83046227989184],[36.346424124167726,33.83046227989184],[36.34595122120508,33.83046227989184],[36.34172465097638,33.83100318676827],[36.338089209451006,33.8321890210743],[36.334512880795955,33.833083597831475],[36.32960651255845,33.83510159656278],[36.32721244131003,33.83576732810301],[36.32452280570995,33.836266626758174],[36.32372478196048,33.83578813221364],[36.32266075029451,33.83395737047802],[36.32115337210106,33.83243867040188],[36.319261760250455,33.83262590739757],[36.31861151867681,33.8327091238401],[36.31541942367892,33.83349968004411],[36.31494652071627,33.83358289648665],[36.31101551483923,33.83429023624813],[36.310867732663404,33.83431104035876],[36.30061164966091,33.833894958146125],[36.29886781998613,33.833832545814225],[36.298572255634475,33.83416541158434],[36.29833580415315,33.83476873079267],[36.297981126931155,33.835351245890365],[36.29750822396851,33.835850544545536],[36.29688753883003,33.83657868841766],[36.296621530913534,33.83674512130271],[36.29594173290472,33.83678672952398],[36.29549838637724,33.83678672952398],[36.29502548341459,33.83695316240903],[36.29481858836843,33.83728602817914],[36.29461169332227,33.83786854327684],[36.29434568540578,33.838326233710745],[36.29396145174862,33.83878392414465],[36.29342943591564,33.839137594025395],[36.29283830721233,33.83961608856993],[36.29215850920352,33.84007377900384],[36.29183338841669,33.84038584066332],[36.291419598324374,33.840552273548376],[36.2906215745749,33.84084353109723],[36.29003044587159,33.8412180050886],[36.28985310726059,33.84144685030555],[36.28938020429794,33.84198775718199],[36.28875951915946,33.842549468169054],[36.28793193897482,33.84327761204118],[36.28734081027151,33.84367289014318],[36.286690568697864,33.84392253947077],[36.28624722217038,33.84402656002393],[36.28574476277256,33.84410977646645],[36.285301416245076,33.84408897235582],[36.28444427962527,33.84425540524088],[36.28376448161646,33.84442183812594],[36.283468917264805,33.84465068334289],[36.28320290934831,33.84485872444921],[36.28281867569116,33.84496274500237],[36.282434442034,33.84502515733426],[36.282109321247184,33.845212394329955],[36.28160686184936,33.84569088887449],[36.28116351532188,33.84637742452535],[36.28077928166473,33.84695993962305],[36.280424604442736,33.84752165061011],[36.28033593513724,33.847750495827064],[36.280276822266906,33.84787532049086],[36.28021770939658,33.848457835588555],[36.28030637870207,33.84914437123941],[36.2804541608779,33.84966447400521],[36.28039504800757,33.850122164439114],[36.28033593513724,33.85053824665176],[36.28015859652625,33.85097513297503],[36.279744806433925,33.85149523574083],[36.279271903471276,33.851869709732206],[36.278917226249284,33.85205694672789],[36.27835565398114,33.852181771391685],[36.27794186388882,33.85220257550232],[36.27746896092617,33.85226498783422],[36.276996057963515,33.852452224829904],[36.27628670351954,33.852577049493696],[36.27510444611291,33.852577049493696],[36.27436553523377,33.8525146371618],[36.27362662435463,33.85261865771496],[36.27291726991065,33.852785090600015],[36.27220791546667,33.852785090600015],[36.27152811745786,33.852743482378756],[36.27070053727322,33.85286830704254],[36.270050295699576,33.85311795637013],[36.269666062042425,33.85311795637013],[36.26922271551494,33.853055544038234],[36.26889759472812,33.85311795637013],[36.26863158681162,33.85326358514455],[36.26812912741381,33.85343001802961],[36.26765622445116,33.853388409808346],[36.267271990794,33.85336760569771],[36.266710418525854,33.85347162625087],[36.26606017695221,33.853804492020984],[36.2653803789434,33.85417896601236],[36.26496658885108,33.85438700711868],[36.264641468064255,33.85442861533995],[36.26405033936094,33.85438700711868],[36.263636549268625,33.85428298656552],[36.2632227591763,33.854303790676155],[36.26269074334332,33.85453263589311],[36.26212917107517,33.85478228522069],[36.26168582454769,33.85482389344196],[36.2603853414004,33.85488630577385],[36.25979421269708,33.85496952221638],[36.25899618894761,33.855115150990805],[36.25816860876297,33.85519836743333],[36.25754792362449,33.85530238798649],[36.25701590779151,33.85544801676092],[36.25645433552336,33.855822490752296],[36.25583365038488,33.856425809960626],[36.2552129652464,33.856800283952],[36.254562723672755,33.85711234561148],[36.253557804877126,33.85742440727096],[36.25275978112765,33.85759084015602],[36.252109539554006,33.85761164426665],[36.25145929798036,33.85750762371349],[36.250513492055056,33.85719556205401],[36.25001103265724,33.8568626962839],[36.24962679900008,33.85640500584999],[36.24941990395393,33.855926511305455],[36.2491834524726,33.855323192097124],[36.248917444556106,33.854678264667534],[36.24874010594512,33.85405414134857],[36.24847409802862,33.85345082214024],[36.248385428723125,33.85328438925519],[36.24817853367697,33.85286830704254],[36.24773518714948,33.85238981249801],[36.24746917923299,33.85216096728106],[36.24681893765934,33.85157845218336],[36.24569579312305,33.85053824665176],[36.2453115594659,33.85024698910291],[36.24368595553178,33.84947723700952],[36.24279926247681,33.84904035068625],[36.241883012986676,33.84847863969918],[36.24185345655151,33.84843703147792],[36.2409963199317,33.84772969171643],[36.24093720706137,33.847688083495164],[36.24046430409872,33.84729280539316],[36.240080070441564,33.84695993962305],[36.239902731830576,33.846772702627355],[36.23942982886792,33.84625259986156],[36.2390160387756,33.84569088887449],[36.238602248683286,33.8449211367811],[36.23821801502613,33.843964147692034],[36.23774511206348,33.84267429283285],[36.23756777345248,33.84215419006704],[36.23756777345248,33.84192534485009],[36.23753821701732,33.84134282975239],[36.23744954771182,33.83986573789752],[36.237124426925,33.83780613094495],[36.2370357576195,33.83657868841766],[36.23697664474917,33.835143204784046],[36.237006201184336,33.834643906128875],[36.23481902498207,33.834539885575715],[36.21318371444079,33.83418621569497],[36.21279948078363,33.83418621569497],[36.20795222541646,33.83397817458865],[36.20591283139003,33.83266751561883],[36.20458279180757,33.83235545395935],[36.202543397781135,33.832584299176304],[36.19988331861622,33.833166814274],[36.199262633477744,33.833291638937794],[36.199085294866755,33.83335405126969],[36.198641948339265,33.83352048415475],[36.198494166163435,33.83385334992486],[36.19808037607112,33.833998978699285],[36.19775525528429,33.834102999252444],[36.1967207800535,33.8338117417036],[36.192464653389635,33.831398464870276],[36.19181441181599,33.830961578547004],[36.18838586533677,33.8310864032108],[36.18714449505981,33.831128011432064],[36.181558328813495,33.83175213475102],[36.17502635664188,33.832646711508204],[36.17023821414504,33.83327083482716],[36.166898336971315,33.83772291450242],[36.1652727330372,33.84026101599953],[36.16465204789872,33.84130122153113],[36.16426781424157,33.84529561077248],[36.16406091919541,33.84708476428684],[36.16344023405693,33.84702235195494],[36.16228753308547,33.84691833140178],[36.159420558874395,33.84664787796356],[36.15336148966543,33.84600295053397],[36.15129253920383,33.84579490942765],[36.150494515454355,33.84560767243196],[36.14650439670699,33.84485872444921],[36.14538125217069,33.84465068334289],[36.14526302643003,33.84462987923226],[36.144790123467374,33.844005755913294],[36.14085911759034,33.838492666595805],[36.139588190878214,33.836703513081446],[36.13837637703642,33.83501838012025],[36.137992143379265,33.834435865022556],[36.13713500675946,33.83327083482716],[36.13695766814847,33.833083597831475],[36.13397246819673,33.83310440194211],[36.132790210790105,33.833125206052735],[36.12492819903603,33.83431104035876],[36.123952836675564,33.83445666913319],[36.12274102283377,33.834331844469396],[36.122120337695286,33.83412380336308],[36.12161787829747,33.83408219514181],[36.121056306029324,33.83416541158434],[36.120731185242505,33.83422782391624],[36.12016961297435,33.8342070198056],[36.11931247635455,33.83406139103118],[36.11839622686441,33.83360370059727],[36.11795288033693,33.83347887593348],[36.11727308232812,33.83354128826538],[36.11620905066215,33.83377013348233],[36.115411026912675,33.8338117417036],[36.11393320515439,33.83364530881854],[36.113430745756574,33.833624504707906],[36.11331252001591,33.83360370059727],[36.11275094774776,33.833686917039806],[36.11269183487743,33.83354128826538],[36.11301695566426,33.832979577278316],[36.113430745756574,33.83260510328694],[36.11393320515439,33.832105804631766],[36.11402187445989,33.83185615530418],[36.114110543765385,33.83158570186597],[36.11437655168188,33.83119042376396],[36.115026793255524,33.83052469222373],[36.11511546256102,33.830108610011095],[36.11520413186652,33.8295260949134],[36.11547013978301,33.82917242503265],[36.11588392987533,33.82871473459875],[36.116179494226984,33.8282986523861],[36.11612038135665,33.8278409619522],[36.116031712051154,33.82752890029272],[36.1159134863105,33.827279250965134],[36.115558809088505,33.82705040574818],[36.11511546256102,33.82688397286313],[36.11452433385771,33.826800756420596],[36.113637640802736,33.82661351942491],[36.11316473784009,33.826467890650484],[36.1126327220071,33.826259849544165],[36.11215981904445,33.82596859199531],[36.111982480433454,33.82573974677836],[36.1117755853873,33.82526125223383],[36.11171647251697,33.824803561799925],[36.111805141822465,33.82426265492349],[36.111982480433454,33.823721748047056],[36.11221893191478,33.82324325350252],[36.112337157655446,33.82284797540051],[36.112278044785114,33.82243189318787],[36.112041593303786,33.822203047970916],[36.111805141822465,33.82201581097523],[36.111657359646635,33.821599728762585],[36.111361795294975,33.82107962599679],[36.11080022302683,33.82026826568214],[36.110593327980666,33.820081028686445],[36.10873127256523,33.81947770947812],[36.104652484512364,33.8181670505083],[36.1024653083101,33.81745971074681],[36.09034716989217,33.81702282442354],[36.08818955012507,33.816960412091646],[36.08733241350527,33.81671076276406],[36.08591370461732,33.81631548466205],[36.08292850466558,33.815483320236766],[36.08266249674909,33.815587340789925],[36.08224870665677,33.8160242271132],[36.081746247258955,33.81658593810027],[36.08118467499081,33.817376494304284],[36.08068221559299,33.81820865872957],[36.080297981935836,33.818749565606],[36.07970685323252,33.81935288481433],[36.079086168094044,33.81985218346949],[36.07837681365007,33.820455502677824],[36.07775612851159,33.821162842439314],[36.07728322554893,33.821558120541326],[36.07613052457747,33.82232787263471],[36.075332500828,33.82263993429419],[36.07491871073568,33.82272315073672],[36.07379556619938,33.82272315073672],[36.07225863157077,33.82266073840482],[36.071460607821294,33.82249430551977],[36.07066258407182,33.82222385208155],[36.07013056823884,33.82201581097523],[36.06959855240586,33.821558120541326],[36.06927343161903,33.82114203832868],[36.06918476231353,33.82099640955426],[36.068711859350884,33.82033067801403],[36.06797294847174,33.81914484370801],[36.067322706898096,33.81822946284019],[36.06682024750028,33.81704362853417],[36.06631778810246,33.816149051776996],[36.065815328704645,33.815483320236766],[36.06554932078815,33.815108846245394],[36.06495819208484,33.81438070237327],[36.06478085347385,33.81427668182011],[36.06380549111338,33.813631754390514],[36.062534564401254,33.812674765301445],[36.061913879262775,33.81211305431437],[36.06067250898582,33.81061515834887],[36.06011093671766,33.80969977748106],[36.05907646148687,33.80847233495377],[36.058485332783555,33.80770258286039],[36.05768730903408,33.80668318143942],[36.05671194667361,33.80535171835896],[36.056120817970296,33.80458196626558],[36.054909004128504,33.801794215440886],[36.05411098037903,33.79954737149262],[36.05372674672188,33.798319928965334],[36.05325384375923,33.797196506991206],[36.05242626357459,33.79565700280443],[36.05239670713942,33.7956361986938],[36.051776022000944,33.79434634383461],[36.05156912695478,33.79393026162197],[36.0509484418163,33.792848447869105],[36.050002635891,33.79162100534182],[36.04950017649318,33.790851253248434],[36.049027273530534,33.7897278312743],[36.04876126561404,33.78897888329155],[36.04867259630854,33.7881675229769],[36.04822924978106,33.78612872013496],[36.04814058047556,33.785816658475476],[36.04814058047556,33.785775050254216],[36.046958323068935,33.78406911318238],[36.04645586367111,33.78340338164216],[36.04559872705131,33.7822591555574],[36.044978041912834,33.78140618702149],[36.04447558251501,33.7806364349281],[36.044150461728194,33.78022035271546],[36.04358888946005,33.779596229396496],[36.04305687362706,33.77911773485196],[36.0419928419611,33.7780359210991],[36.041253931081954,33.777432601890766],[36.040485463767645,33.776787674461175],[36.0397465528885,33.77610113881031],[36.03906675487969,33.77539379904883],[36.03868252122254,33.775102541499976],[36.03832784400055,33.7747904798405],[36.03738203807525,33.77427037707469],[36.03732292520492,33.77422876885343],[36.03649534502028,33.77377107841953],[36.03572687770597,33.77323017154309],[36.03525397474332,33.77264765644539],[36.034603733169675,33.771628255024424],[36.03416038664219,33.7709001111523],[36.0338057094202,33.76983910151007],[36.03339191932788,33.76886130831036],[36.03312591141139,33.76821638088077],[36.03259389557841,33.76736341234486],[36.032239218356416,33.76694733013222],[36.03150030747727,33.76592792871125],[36.031234299560786,33.76565747527303],[36.03043627581131,33.76488772317965],[36.02999292928383,33.76455485740953],[36.029667808497,33.76430520808195],[36.02878111544203,33.76393073409057],[36.02818998673872,33.76386832175867],[36.02753974516507,33.76386832175867],[36.02688950359143,33.763951538201205],[36.02618014914745,33.76420118752879],[36.02555946400897,33.76451324918827],[36.024997891740824,33.764866919069014],[36.02461365808367,33.76524139306039],[36.024524988778175,33.765303805392286],[36.02425898086168,33.7656366711624],[36.02411119868585,33.76582390815808],[36.023904303639696,33.7660943615963],[36.023756521463866,33.76628159859199],[36.023401844241874,33.76657285614084],[36.02295849771439,33.76688491780032],[36.0216580145671,33.76738421645549],[36.02056442646597,33.76798753566382],[36.01961862054067,33.76850763842962],[36.01846591956921,33.769090153527316],[36.01740188790324,33.76956864807185],[36.01669253345926,33.76975588506754],[36.01580584040429,33.76975588506754],[36.01509648596032,33.76961025629312],[36.014387131516344,33.76961025629312],[36.01352999489654,33.76981829739944],[36.012554632536066,33.77002633850576],[36.01237729392507,33.770067946727025],[36.0116679394811,33.77002633850576],[36.01081080286129,33.76981829739944],[36.010042335546984,33.76931899874427],[36.00921475536234,33.768757287757204],[36.00918519892718,33.76871567953594],[36.0085645137887,33.76813316443824],[36.008446288048034,33.767675474004335],[36.0085645137887,33.76707215479601],[36.008594070223864,33.76698893835348],[36.008978303881015,33.76619838214946],[36.009658101889826,33.76499174373281],[36.01007189198215,33.76428440397132],[36.01060390781513,33.76338982721414],[36.01081080286129,33.76309856966529],[36.01075168999096,33.762703291563284],[36.01027878702831,33.76197514769116],[36.00921475536234,33.76085172571703],[36.007973385085386,33.7597283037429],[36.006909353419424,33.7585632735475],[36.00495862869848,33.756316429599245],[36.00365814555119,33.754693708969945],[36.00297834754238,33.75346626644266],[36.00191431587642,33.75146907182198],[36.00138230004344,33.75055369095417],[36.00132318717311,33.750241629294685],[36.001411856478605,33.74995037174584],[36.001264074302775,33.74934705253751],[36.00099806638628,33.747433074359364],[35.99990447828515,33.74568552906627],[35.99949068819283,33.744936581083515],[35.99922468027634,33.74437487009645],[35.99863355157303,33.7436259221137],[35.99819020504554,33.74312662345853],[35.99792419712905,33.742356871365146],[35.997599076342226,33.7420032014844],[35.997067060509245,33.74119184116975],[35.99680105259275,33.741108624727225],[35.99600302884328,33.74085897539964],[35.99582569023229,33.74067173840395],[35.99550056944546,33.73965233698298],[35.99496855361248,33.73921545065971],[35.994347868474,33.738820172557695],[35.99414097342784,33.73798800813242],[35.99304738532671,33.73811283279621],[35.992810933845384,33.73802961635368],[35.992722264539886,33.737863183468626],[35.992722264539886,33.73721825603903],[35.992870046715716,33.73657332860944],[35.99275182097505,33.736115638175534],[35.992485813058565,33.73576196829479],[35.99207202296624,33.73526266963962],[35.991510450698094,33.73468015454192],[35.99106710417061,33.734284876439915],[35.990357749726634,33.73409763944422],[35.98950061310683,33.73399361889106],[35.98923460519033,33.7338895983379],[35.98902771014418,33.733577536678425],[35.98887992796835,33.73311984624452],[35.98893904083868,33.732807784585034],[35.98908682301451,33.73247491881492],[35.98899815370901,33.73224607359797],[35.98879125866285,33.73191320782786],[35.98870258935735,33.73130988861953],[35.98870258935735,33.73029048719856],[35.98864347648702,33.7296663638796],[35.98846613787603,33.72910465289254],[35.987136098293576,33.72671218016985],[35.98687009037708,33.72623368562531],[35.98660408246059,33.72606725274026],[35.9862494052386,33.7259632321871],[35.986012953757275,33.72602564451899],[35.98565827653529,33.726212881514684],[35.9853035993133,33.726420922621],[35.984860252785815,33.72660815961669],[35.98415089834184,33.72660815961669],[35.98364843894402,33.726587355506055],[35.98308686667587,33.726483334952896],[35.98270263301872,33.72619207740405],[35.98252529440772,33.72610886096152],[35.98222973005607,33.72629609795721],[35.98187505283408,33.726649767837955],[35.981579488482424,33.72687861305491],[35.981343037001096,33.72698263360807],[35.98092924690878,33.72689941716554],[35.98045634394612,33.726649767837955],[35.98001299741864,33.726545747284796],[35.97962876376149,33.726649767837955],[35.97915586079883,33.72687861305491],[35.97859428853069,33.72704504593996],[35.978003159827374,33.72737791171008],[35.97761892617022,33.72777318981208],[35.976850458855914,33.72868857067989],[35.976318443022926,33.7292086734457],[35.97599332223611,33.72949993099454],[35.97560908857895,33.729624755658335],[35.975106629181134,33.72974958032213],[35.97469283908882,33.7296663638796],[35.97407215395034,33.729416714552016],[35.973806146033844,33.72910465289254],[35.973569694552516,33.72866776656926],[35.97342191237669,33.72825168435662],[35.97312634802503,33.7280436432503],[35.9730672351547,33.72781479803335],[35.973037678719535,33.727565148705764],[35.973185460895365,33.727294695267545],[35.973658363858014,33.72667057194859],[35.97413126682067,33.72592162396583],[35.97436771830199,33.72527669653624],[35.97445638760749,33.724590160885384],[35.974338161866825,33.72417407867274],[35.97392437177451,33.723820408791994],[35.97354013811735,33.72352915124315],[35.97286034010854,33.72255135804344],[35.972357880710724,33.72182321417132],[35.97223965497006,33.721282307294885],[35.97179630844258,33.72094944152477],[35.97111651043377,33.72061657575466],[35.97070272034145,33.72034612231644],[35.97076183321178,33.720096472988864],[35.97088005895244,33.719326720895474],[35.97093917182277,33.71882742224031],[35.97040715598979,33.716081279636875],[35.970288930249126,33.71579002208803],[35.969904696591975,33.71547796042855],[35.96952046293482,33.7151867028797],[35.969224898583164,33.7146666001139],[35.968988447101836,33.714312930233156],[35.9691066728425,33.713917652131144],[35.96931356788866,33.71318950825902],[35.96934312432383,33.712794230157016],[35.96931356788866,33.71196206573173],[35.969372680758994,33.711691612293514],[35.96969780154581,33.71079703553634],[35.970052478767805,33.709860850557895],[35.97076183321178,33.7086958203625],[35.9710869539986,33.70825893403923],[35.97102784112827,33.70784285182659],[35.9709982846931,33.70719792439699],[35.97111651043377,33.70680264629499],[35.97111651043377,33.70646978052488],[35.97079138964695,33.705970481869706],[35.97061405103595,33.70540877088264],[35.97031848668429,33.70430615301914],[35.97020026094363,33.70407730780219],[35.96963868867548,33.70355720503639],[35.96895889066667,33.7028498652749],[35.968604213444685,33.702329762509095],[35.96836776196336,33.70176805152203],[35.967924415435874,33.701310361088126],[35.96751062534355,33.70106071176055],[35.967303730297395,33.70081106243296],[35.96724461742706,33.70058221721601],[35.96745151247322,33.69947959935251],[35.96780618969521,33.69808572394016],[35.968072197611704,33.69754481706373],[35.96854510057435,33.69710793074046],[35.969224898583164,33.696816673191606],[35.97002292233264,33.69633817864707],[35.97040715598979,33.6958388799919],[35.970909615387605,33.69498591145599],[35.9712642926096,33.694486612800816],[35.971737195572246,33.69432017991576],[35.97259433219205,33.694112138809444],[35.9730672351547,33.69388329359249],[35.97321501733053,33.6937584689287],[35.97336279950636,33.693342386716054],[35.973333243071195,33.69230218118445],[35.97342191237669,33.691719666086755],[35.97377658959868,33.69092910988274],[35.97404259751517,33.69024257423188],[35.974190379691,33.68922317281091],[35.97413126682067,33.68903593581523],[35.97368792029318,33.68905673992585],[35.9731559044602,33.68911915225775],[35.97271255793272,33.689139956368386],[35.97223965497006,33.689139956368386],[35.97200320348874,33.689077544036486],[35.971825864877744,33.68899432759396],[35.97164852626675,33.688807090598274],[35.97164852626675,33.68855744127069],[35.97176675200741,33.688037338504884],[35.97185542131291,33.68741321518593],[35.971678082701914,33.68678909186696],[35.97141207478543,33.68599853566295],[35.9711756233041,33.685499237007775],[35.97079138964695,33.68487511368882],[35.97025937381396,33.68447983558681],[35.96955001936998,33.684250990369854],[35.96887022136117,33.6840845574848],[35.96842687483369,33.683834908157216],[35.96819042335236,33.68358525882963],[35.96804264117654,33.68327319717015],[35.96813131048203,33.68229540397044],[35.96810175404686,33.681816909425905],[35.96795397187104,33.68162967243022],[35.96759929464905,33.681504847766426],[35.96733328673256,33.68140082721327],[35.967155948121565,33.68115117788568],[35.96724461742706,33.6807767038943],[35.96724461742706,33.680048560022186],[35.967155948121565,33.679382828481955],[35.96683082733474,33.67871709694173],[35.96656481941825,33.67800975718024],[35.966476150112754,33.67755206674634],[35.96629881150176,33.67634542832968],[35.96381607094784,33.67572130501072],[35.9631658293742,33.67555487212566],[35.962811152152206,33.67513878991302],[35.96263381354121,33.674889140585435],[35.96239736205989,33.67490994469607],[35.962131354143395,33.67490994469607],[35.96077175812577,33.67503476935986],[35.96041708090379,33.675055573470495],[35.95979639576531,33.6749307488067],[35.959205267061996,33.67480592414291],[35.9579934532202,33.674348233709004],[35.95743188095205,33.674036172049526],[35.95654518789708,33.67355767750499],[35.9560131720641,33.673266419956136],[35.95574716414761,33.67320400762424],[35.95521514831462,33.673328832288036],[35.95453535030581,33.67368250216878],[35.954180673083826,33.67405697616015],[35.953885108732166,33.674285821377104],[35.95355998794535,33.67443145015153],[35.95317575428819,33.67461868714722],[35.952673294890374,33.674889140585435],[35.95246639984421,33.67503476935986],[35.95181615827057,33.674785120032276],[35.951431924613416,33.67451466659406],[35.95119547313209,33.67449386248343],[35.95081123947494,33.67459788303659],[35.95057478799361,33.674681099479116],[35.95033833651229,33.6744106460409],[35.9489491840595,33.672891945964764],[35.94883095831884,33.67276712130097],[35.94871273257817,33.67274631719034],[35.94826938605069,33.67264229663718],[35.947855595958366,33.672455059641486],[35.94646644350558,33.67183093632253],[35.94631866132975,33.671310833556724],[35.945875314802265,33.6700625869188],[35.94531374253412,33.66854388684266],[35.945047734617624,33.66756609364296],[35.94492950887696,33.667150011430316],[35.94492950887696,33.66685875388147],[35.945047734617624,33.666546692221985],[35.94501817818246,33.66598498123492],[35.944722613830805,33.66475753870763],[35.94445660591431,33.66371733317603],[35.94410192869233,33.661844963219146],[35.94416104156266,33.661574509780934],[35.94460438809014,33.66020143847921],[35.944279267303315,33.65991018093037],[35.94321523563735,33.65922364527951],[35.9428310019802,33.658973995951925],[35.94265366336921,33.65866193429245],[35.94241721188788,33.6578505739778],[35.94200342179556,33.657663336982104],[35.94126451091642,33.657080821884406],[35.94102805943509,33.65683117255683],[35.94073249508344,33.65597820402091],[35.94058471290761,33.655395688923214],[35.94040737429661,33.65462593682983],[35.94020047925045,33.65452191627667],[35.9396389069823,33.6545427203873],[35.93875221392734,33.65441789572351],[35.93857487531634,33.65435548339161],[35.93780640800203,33.65408502995339],[35.93733350503938,33.653835380625814],[35.937244835733885,33.65368975185139],[35.93727439216905,33.652961607979265],[35.93727439216905,33.652587133987886],[35.93712660999322,33.65244150521347],[35.93665370703057,33.65229587643904],[35.93570790110527,33.65202542300082],[35.93508721596679,33.65179657778387],[35.93390495856016,33.65108923802238],[35.933520724903005,33.6508395886948],[35.93343205559751,33.65067315580974],[35.93346161203267,33.65040270237152],[35.9337867328195,33.64990340371636],[35.933816289254665,33.64986179549509],[35.934141410041484,33.64959134205687],[35.93452564369864,33.64932088861866],[35.93508721596679,33.64894641462728],[35.935501006059106,33.64867596118906],[35.9358556832811,33.64830148719769],[35.93609213476242,33.64784379676378],[35.93615124763275,33.64757334332557],[35.9357670139756,33.64717806522356],[35.93508721596679,33.646200272023854],[35.934584756568974,33.64561775692616],[35.93446653082831,33.645430519930464],[35.934496087263476,33.64505604593909],[35.93455520013381,33.64409905685002],[35.934584756568974,33.643558149973586],[35.93479165161513,33.64303804720778],[35.93505765953162,33.64255955266324],[35.93547144962394,33.64199784167618],[35.9358556832811,33.641644171795434],[35.93623991693825,33.641228089582796],[35.93635814267891,33.64054155393194],[35.93647636841958,33.63935571962591],[35.93668326346574,33.639272503183385],[35.93703794068772,33.639168482630225],[35.9378359644372,33.6389604415239],[35.937924633742696,33.63908526618769],[35.938072415918526,33.639376523736544],[35.93827931096468,33.63952215251097],[35.93848620601084,33.639480544289704],[35.93913644758449,33.639314111404644],[35.94096894656476,33.63891883330264],[35.94223987327688,33.63862757575379],[35.94247632475821,33.6383779264262],[35.94291967128569,33.63789943188167],[35.943865477211,33.637483349669026],[35.94463394452531,33.63725450445207],[35.94522507322862,33.63723370034144],[35.9457570890616,33.63725450445207],[35.9468802335979,33.63727530856271],[35.947175797949555,33.636235103031105],[35.94986543354963,33.63413388785727],[35.97451550047782,33.63307287821503],[35.974633726218485,33.63332252754262],[35.97472239552398,33.6335721768702],[35.97481106482948,33.633801022087155],[35.97487017769981,33.63405067141474],[35.97472239552398,33.63494524817192],[35.97492929057014,33.635527763269614],[35.97528396779213,33.63696324690323],[35.97637755589326,33.63698405101386],[35.97788493408671,33.63725450445207],[35.97832828061419,33.637150483898914],[35.97812138556804,33.63638073180553],[35.978003159827374,33.635923041371626],[35.977914490521876,33.635319722163295],[35.978062272697706,33.635049268725076],[35.978387393484525,33.63457077418054],[35.97894896575268,33.63409227963601],[35.979510538020826,33.63375941386589],[35.979983440983474,33.63338493987452],[35.98048590038129,33.63290644532998],[35.98098835977911,33.632282322011015],[35.981283924130764,33.63199106446217],[35.98190460926924,33.631637394581425],[35.982436625102224,33.631470961696365],[35.983264205286865,33.631262920590046],[35.98397355973084,33.631034075373094],[35.984328236952834,33.63084683837741],[35.98459424486932,33.63047236438603],[35.98468291417482,33.630389147943504],[35.98790456560788,33.629473767075694],[35.995471013010295,33.62479284218348],[36.00489951582815,33.61894688709588],[36.03150030747727,33.60885689343934],[36.03152986391244,33.60875287288618],[36.03161853321794,33.60796231668216],[36.03152986391244,33.60690130703993],[36.03135252530145,33.605861101508324],[36.03135252530145,33.60523697818937],[36.03158897678277,33.604737679534196],[36.03188454113443,33.60457124664914],[36.03244611340258,33.60452963842788],[36.034130830207026,33.6046128548704],[36.03495841039166,33.60469607131293],[36.03546086978948,33.60465446309167],[36.035519982659814,33.60463365898104],[36.036051998492795,33.604508834317244],[36.03685002224227,33.604030339772706],[36.03696824798293,33.60396792744081],[36.03758893312141,33.60336460823248],[36.038859859833536,33.60244922736467],[36.0409583667303,33.60101374373106],[36.04249530135891,33.6003896204121],[36.0437957845062,33.60009836286325],[36.0449189290425,33.5998695176463],[36.04610118644913,33.599141373774174],[36.04684009732827,33.598246797017],[36.04740166959642,33.59780991069373],[36.047963241864565,33.597373024370455],[36.04808146760523,33.59712337504287],[36.048258806216225,33.59685292160465],[36.04867259630854,33.59620799417506],[36.049263725011855,33.595687891409256],[36.04976618440968,33.5954590461923],[36.05015041806683,33.59529261330725],[36.05062332102948,33.59508457220093],[36.051155336862465,33.59427321188628],[36.05210114278776,33.59346185157163],[36.05272182792624,33.593024965248354],[36.053312956629554,33.592712903588875],[36.05378585959221,33.592442450150656],[36.05461343977685,33.5923384295975],[36.05547057639665,33.592276017265604],[36.05567747144281,33.59223440904434],[36.05576614074831,33.59213038849118],[36.05632771301646,33.59102777062768],[36.056505051627454,33.5907157089682],[36.05691884171977,33.59021641031303],[36.05739174468242,33.58975871987913],[36.05759863972858,33.58965469932597],[36.058041986256065,33.58944665821964],[36.05881045357037,33.589134596560164],[36.05957892088468,33.58861449379437],[36.05987448523634,33.58826082391362],[36.059992710977006,33.58796956636477],[36.05996315454184,33.58732463893518],[36.06005182384734,33.586430062177996],[36.06040650106932,33.58476573332744],[36.06058383968032,33.58389196068089],[36.06067250898582,33.58360070313204],[36.06082029116164,33.5832470332513],[36.061086299078134,33.582747734596126],[36.06185476639244,33.58204039483464],[36.062150330744096,33.58179074550706],[36.06235722579026,33.581603508511364],[36.06271190301225,33.58131225096252],[36.06333258815073,33.580958581081774],[36.063894160418876,33.580854560528614],[36.06439661981669,33.58070893175419],[36.06469218416835,33.58062571531166],[36.06472174060352,33.58060491120103],[36.06510597426067,33.58035526187344],[36.06531286930683,33.57995998377144],[36.065342425741996,33.579564705669426],[36.065342425741996,33.57952309744816],[36.065342425741996,33.57894058235046],[36.0652537564365,33.57856610835909],[36.06522420000133,33.5783788713634],[36.06495819208484,33.57792118092949],[36.064810409909015,33.57735946994243],[36.06448528912219,33.57683936717663],[36.06392371685404,33.576194439747034],[36.06330303171556,33.57557031642808],[36.06197299213311,33.57450930678584],[36.06090896046714,33.573656338249926],[36.06037694463416,33.57340668892234],[36.06034738819899,33.573385884811714],[36.058633114959385,33.57222085461632],[36.05727351894176,33.57151351485483],[36.055736584313145,33.57066054631891],[36.05461343977685,33.56964114489794],[36.05254448931525,33.56789359960485],[36.052455820009754,33.56783118727296],[36.05210114278776,33.56758153794537],[36.05186469130644,33.56739430094968],[36.05151001408445,33.566999022847675],[36.04890904778987,33.5644193131293],[36.04701743593927,33.56242211850862],[36.045007598348,33.56036251155605],[36.04217018057209,33.55751234839946],[36.04196328552593,33.557345915514404],[36.04060368950831,33.55593123599143],[36.036879578677436,33.5521448878564],[36.03519486187299,33.5504597548952],[36.032475669837744,33.54735994241103],[36.02946091345084,33.54384404771421],[36.02703728576726,33.54184685309354],[36.026830390721095,33.54174283254038],[36.026593939239774,33.54159720376595],[36.02632793132328,33.54145157499153],[36.026061923406786,33.541389162659634],[36.02576635905513,33.541285142106474],[36.02547079470347,33.541222729774574],[36.02511611748149,33.54118112155331],[36.024850109564994,33.54113951333205],[36.02455454521334,33.541118709221415],[36.024229424426515,33.541118709221415],[36.02393386007486,33.54116031744268],[36.0236382957232,33.541222729774574],[36.02334273137154,33.54126433799584],[36.02304716701989,33.5413059462171],[36.02275160266823,33.541368358549],[36.02248559475174,33.54145157499153],[36.02216047396492,33.541555595544686],[36.02189446604843,33.54163881198722],[36.02159890169677,33.54168042020848],[36.02130333734511,33.541763636651005],[36.02100777299346,33.54184685309354],[36.0207122086418,33.54190926542543],[36.02044620072531,33.54197167775733],[36.020121079938484,33.542034090089224],[36.019855072022,33.542096502421124],[36.01955950767034,33.54217971886365],[36.01929349975384,33.54228373941681],[36.01899793540219,33.5423461517487],[36.01870237105053,33.5424085640806],[36.01840680669888,33.54245017230187],[36.01811124234722,33.54251258463376],[36.017815677995564,33.54255419285503],[36.017520113643904,33.54259580107629],[36.017224549292244,33.542637409297555],[36.01692898494059,33.54265821340819],[36.016603864153765,33.54269982162945],[36.01630829980211,33.542741429850714],[36.01595362258012,33.542741429850714],[36.01565805822847,33.54272062574008],[36.01536249387681,33.54272062574008],[36.015066929525155,33.54267901751882],[36.014771365173495,33.54265821340819],[36.014475800821835,33.54261660518692],[36.014150680035016,33.542574996965655],[36.013855115683356,33.54251258463376],[36.0135595513317,33.542470976412496],[36.01329354341521,33.54238775996997],[36.012997979063556,33.54232534763808],[36.012702414711896,33.54224213119554],[36.012406850360236,33.54215891475302],[36.01214084244375,33.54207569831049],[36.01184527809209,33.54197167775733],[36.0115792701756,33.54186765720417],[36.01131326225911,33.541763636651005],[36.006998022724915,33.53997448313665],[36.00433794356,33.53887186527315],[36.00413104851385,33.53880945294126],[36.00132318717311,33.53774844329902],[36.00040693768297,33.537602814524604],[35.99963847036866,33.53747798986081],[35.998988228795014,33.53724914464386],[35.996682826852094,33.5365001966611],[35.9953823437048,33.53610491855909],[35.99242670018823,33.53514792947002],[35.9882296863947,33.5338372705002],[35.985776502275954,33.53379566227893],[35.97971743306698,33.5338996828321],[35.97658445093942,33.53396209516399],[35.975638645014115,33.53387887872147],[35.97407215395034,33.533754054057674],[35.972210098534894,33.53356681706198],[35.9709982846931,33.533483600619455],[35.970909615387605,33.533441992398195],[35.96925445501833,33.533275559513136],[35.96813131048203,33.533046714296184],[35.96629881150176,33.53244339508785],[35.9609195403016,33.5306542415735],[35.95873236409934,33.529905293590744],[35.95468313248164,33.5285738305103],[35.9519639404464,33.527471212646795],[35.950220110771625,33.52678467699594],[35.94590487123743,33.525037131702845],[35.943747251470334,33.5241633590563],[35.94120539804609,33.52102193835086],[35.9417078574439,33.518275795747435],[35.94173741387907,33.51819257930491],[35.942298986147215,33.515446436701474],[35.94280144554504,33.513074768089425],[35.94348124355385,33.509829326830825],[35.94356991285934,33.509392440507554],[35.94362902572967,33.509226007622495],[35.944574831654975,33.508581080192904],[35.945875314802265,33.50774891576762],[35.950752126604606,33.50464910328345],[35.9550673661388,33.50184054834812],[35.95781611460921,33.500030590723135],[35.95787522747953,33.49994737428061],[35.957845671044375,33.499822549616816],[35.95749099382238,33.49973933317429],[35.956929421554236,33.49973933317429],[35.95622006711026,33.49967692084239],[35.95554026910145,33.49957290028923],[35.95530381762012,33.499323250961645],[35.9548900275278,33.49842867420447],[35.95447623743548,33.49747168511539],[35.954121560213494,33.49651469602632],[35.953855552297,33.49570333571167],[35.95355998794535,33.49495438772892],[35.953353092899185,33.49395579041858],[35.95323486715852,33.49301960544014],[35.953027972112366,33.491084823151354],[35.953027972112366,33.49025265872608],[35.95305752854753,33.4882554641054],[35.95317575428819,33.48684078458242],[35.95329398002885,33.48353293099193],[35.95332353646402,33.481951818583894],[35.95329398002885,33.48153573637125],[35.95317575428819,33.481182066490504],[35.95317575428819,33.480433118507754],[35.95311664141786,33.479725778746264],[35.95279152063104,33.47903924309541],[35.95264373845521,33.478539944440236],[35.952525512714544,33.47795742934254],[35.95228906123322,33.47727089369168],[35.95184571470573,33.476688378593984],[35.95160926322441,33.476272296381346],[35.950220110771625,33.474358318203194],[35.94844672466168,33.4722154948081],[35.946495999940744,33.47040553718311],[35.9448112831363,33.46886603299634],[35.94407237225716,33.46815869323485],[35.94507729105279,33.46851236311559],[35.945402411839616,33.46882442477507],[35.94546152470995,33.46886603299634],[35.946407330635246,33.469656589200355],[35.94643688707041,33.46967739331099],[35.948151160310026,33.47048875362564],[35.94818071674519,33.47048875362564],[35.94821027318036,33.47048875362564],[35.94912652267049,33.47017669196616],[35.949156079105656,33.470155887855526],[35.94918563554082,33.470155887855526],[35.94933341771665,33.47005186730237],[35.950072328595795,33.4700102590811],[35.95010188503096,33.4700102590811],[35.95036789294745,33.47032232074058],[35.950752126604606,33.47142493860408],[35.950752126604606,33.471716196152926],[35.95051567512328,33.47236112358252],[35.95051567512328,33.47240273180378],[35.95051567512328,33.472423535914416],[35.95072257016944,33.47308926745464],[35.950752126604606,33.47311007156527],[35.950752126604606,33.473130875675906],[35.951431924613416,33.47342213322475],[35.95172748896507,33.47369258666297],[35.95199349688156,33.4742334935394],[35.952052609751895,33.47433751409257],[35.95214127905739,33.47479520452647],[35.95217083549256,33.47483681274773],[35.95249595627938,33.4753361114029],[35.952525512714544,33.47537771962417],[35.953027972112366,33.47581460594744],[35.953027972112366,33.475835410058075],[35.95305752854753,33.475835410058075],[35.96009196011696,33.47535691551354],[35.960151072987294,33.47535691551354],[35.96254514423572,33.47489922507963],[35.96260425710605,33.47489922507963],[35.96839731839852,33.47296444279085],[35.96842687483369,33.47294363868022],[35.968456431268855,33.47292283456959],[35.968781552055674,33.472423535914416],[35.96925445501833,33.4721530824762],[35.975638645014115,33.47142493860408],[35.97566820144928,33.47142493860408],[35.977530256864725,33.470863227617016],[35.977855377651544,33.47082161939575],[35.98231839936157,33.47150815504661],[35.982732189453884,33.471716196152926],[35.98468291417482,33.47400464832245],[35.98468291417482,33.47402545243308],[35.984712470609985,33.47402545243308],[35.988436581440865,33.47398384421182],[35.98846613787603,33.47398384421182],[35.9884956943112,33.47398384421182],[35.993165611067376,33.47231951536126],[35.99319516750254,33.47229871125062],[35.99319516750254,33.47227790713999],[35.992958716021214,33.46961498097909],[35.992958716021214,33.46959417686846],[35.992958716021214,33.46957337275783],[35.981283924130764,33.45035037453382],[35.9812543676956,33.45032957042319],[35.9812543676956,33.45030876631256],[35.97102784112827,33.445024522212016],[35.97082094608211,33.44483728521633],[35.96612147289076,33.43813836159281],[35.966032803585264,33.4378054958227],[35.966683045158916,33.433228591483655],[35.96688994020507,33.43291652982417],[35.97088005895244,33.42950465568052],[35.971352961915095,33.42933822279546],[35.9823775122319,33.429483851569884],[35.98267307658355,33.429546263901784],[35.992870046715716,33.433977539466404],[35.99289960315088,33.433977539466404],[35.99292915958605,33.433977539466404],[36.00147096934893,33.43379030247072],[36.00176653370059,33.43385271480261],[36.00773693360406,33.43628679574656],[36.00773693360406,33.436307599857194],[36.007766490039224,33.436307599857194],[36.01480092160866,33.4367652902911],[36.01483047804383,33.4367652902911],[36.01486003447899,33.4367652902911],[36.01787479086589,33.43526739432559],[36.017904347301055,33.43524659021496],[36.019795959151665,33.43025360366327],[36.019795959151665,33.43021199544201],[36.01302753549872,33.42238964984436],[36.012938866193224,33.4222232169593],[36.01078124642613,33.41608600432285],[36.01075168999096,33.416065200212216],[36.00203254161708,33.41094738899674],[36.00200298518192,33.410926584886106],[35.98953016954199,33.408388483389],[35.98950061310683,33.408388483389],[35.980131223159304,33.407348277857395],[35.979835658807644,33.40726506141487],[35.961747120486244,33.396634160881895],[35.96156978187525,33.396467727996836],[35.95222994836289,33.38375641640066],[35.95214127905739,33.383527571183706],[35.9508407959101,33.37283425831884],[35.95087035234527,33.372584608991254],[35.959057484886166,33.35438101218822],[35.9591165977565,33.35431859985632],[35.96836776196336,33.34033823751159],[35.96839731839852,33.34031743340096],[35.96839731839852,33.34029662929033],[35.9711756233041,33.326732349158235],[35.9711756233041,33.3267115450476],[35.9711756233041,33.326690740936975],[35.969461350064485,33.31934688988386],[35.969461350064485,33.31932608577323],[35.969431793629326,33.3193052816626],[35.960357968033456,33.316018232182735],[35.96032841159829,33.316018232182735],[35.94942208702215,33.315414912974404],[35.949303861281486,33.31539410886377],[35.94253543762854,33.31383380056637],[35.94221031684172,33.31366736768131],[35.939313786195484,33.310983637409784],[35.939166004019654,33.310609163418405],[35.939225116889986,33.30613627963252],[35.939225116889986,33.306115475521885],[35.93349116846784,33.30118490130209],[35.93349116846784,33.30116409719146],[35.93346161203267,33.30116409719146],[35.92332375477084,33.29916690257078],[35.92323508546534,33.29914609846015],[35.91454549352663,33.29623352297166],[35.914515937091466,33.296212718861035],[35.9144863806563,33.29623352297166],[35.89246683645786,33.299936654664165],[35.892378167152366,33.2999574587748],[35.87946200498496,33.30076881908945],[35.87892998915197,33.30058158209376],[35.87573789415408,33.29752337783085],[35.87573789415408,33.297502573720216],[35.87570833771891,33.29748176960959],[35.85466415588094,33.29157340219009],[35.85430947865895,33.29130294875187],[35.85238831037318,33.28803670338264],[35.85232919750285,33.28768303350189],[35.86350152999548,33.241477103788135],[35.86350152999548,33.241414691456235],[35.86941281702862,33.22660216468623],[35.86961971207478,33.22635251535864],[35.87866398123548,33.22023610683282],[35.878959545587136,33.22011128216903],[35.889806757292945,33.21828052043341],[35.89004320877427,33.21828052043341],[35.899649050203124,33.21967439584576],[35.89967860663829,33.21967439584576],[35.899708163073456,33.21967439584576],[35.907422392651696,33.21821810810151],[35.907511061957194,33.21819730399088],[35.92491980226979,33.21692825324232],[35.92494935870496,33.21692825324232],[35.92497891514012,33.21692825324232],[35.930771976432595,33.213370750324245],[35.930771976432595,33.21334994621361],[35.930771976432595,33.213329142102985],[35.93219068532055,33.1990575222094],[35.93219068532055,33.19901591398814],[35.931451774441406,33.19165125882439],[35.93142221800624,33.191609650603134],[35.92882125171166,33.186034148953745],[35.92882125171166,33.18601334484311],[35.928791695276495,33.18601334484311],[35.92190504588289,33.18399534611181],[35.92187548944772,33.18399534611181],[35.921845933012555,33.18399534611181],[35.916259766766245,33.186575055830176],[35.91623021033108,33.18659585994081],[35.906506143161565,33.19510474118931],[35.90624013524507,33.19525036996374],[35.89403332752164,33.19864143999676],[35.89317619090183,33.19810053312033],[35.89326486020733,33.195999317946495],[35.89326486020733,33.19597851383586],[35.891934820624876,33.1932115671218],[35.891934820624876,33.19316995890053],[35.89190526418971,33.19316995890053],[35.8850186147961,33.18605495306438],[35.88498905836094,33.18601334484311],[35.88292010789934,33.18324639812905],[35.88283143859385,33.182996748801465],[35.88271321285318,33.18206056382302],[35.88274276928835,33.18183171860607],[35.883452123732326,33.18006336920235],[35.88359990590815,33.17985532809603],[35.885905307851075,33.177858133475354],[35.88599397715657,33.177795721143454],[35.887501355350025,33.17690114438628],[35.887737806831346,33.17681792794375],[35.891018571134744,33.17615219640353],[35.89137324835673,33.176173000514154],[35.89347175525349,33.176734711501226],[35.893678650299655,33.17681792794375],[35.89746187400086,33.179314421219594],[35.89749143043603,33.17933522533023],[35.9003584046471,33.18070829663194],[35.90038796108227,33.180729100742575],[35.90041751751743,33.180729100742575],[35.90281158876585,33.18079151307447],[35.90304804024718,33.180833121295734],[35.904525862005464,33.1813948322828],[35.90455541844063,33.1813948322828],[35.90830908570667,33.175964959407835],[35.908338642141835,33.175923351186576],[35.911914970796886,33.16706080005732],[35.912062752972716,33.166852758951],[35.91826960435751,33.1615893189611],[35.91829916079268,33.161568514850465],[35.91218097871338,33.13306688328457],[35.91218097871338,33.13304607917394],[35.91218097871338,33.133025275063304],[35.90493965209778,33.13040395712367],[35.90479186992195,33.129467772145226],[35.913156341073844,33.12428754859785],[35.91318589750901,33.124266744487215],[35.91927452315314,33.11839998528898],[35.919540531069636,33.118254356514555],[35.92491980226979,33.116631635885255],[35.92494935870496,33.11661083177462],[35.931451774441406,33.113490215179816],[35.93148133087657,33.11346941106919],[35.93148133087657,33.113448606958556],[35.93281137045903,33.106562446339346],[35.93281137045903,33.10654164222872],[35.93281137045903,33.10652083811809],[35.93050596851611,33.09965548160951],[35.93047641208094,33.099634677498884],[35.93047641208094,33.09961387338825],[35.922525731021366,33.095785917031954],[35.92237794884554,33.09570270058943],[35.91951097463447,33.093289423756104],[35.919333636023474,33.09299816620726],[35.91850605583883,33.08829643720442],[35.91850605583883,33.08810920020873],[35.91968831324546,33.08351149175905],[35.92004299046745,33.08311621365704],[35.92347153694667,33.081826358797855],[35.92350109338184,33.081826358797855],[35.92350109338184,33.08180555468722],[35.92500847157529,33.07741588734386],[35.92500847157529,33.07739508323323],[35.92500847157529,33.077374279122594],[35.9246537943533,33.07254772545596],[35.9246537943533,33.07252692134533],[35.92223016666971,33.069801582852534],[35.92220061023455,33.0697807787419],[35.92217105379938,33.0697807787419],[35.91661444398823,33.06886539787409],[35.916584887553064,33.06886539787409],[35.90860465005833,33.06892781020599],[35.90857509362316,33.06892781020599],[35.908545537188,33.06892781020599],[35.898259897750336,33.07512743517434],[35.897964333398676,33.0752314557275],[35.88685111377638,33.07647970236542],[35.886821557341214,33.07650050647605],[35.88679200090605,33.07650050647605],[35.88197430197404,33.07930906141138],[35.881649181187214,33.07941308196454],[35.877895513921175,33.07957951484959],[35.87762950600468,33.07953790662833],[35.874082733784796,33.07837287643294],[35.87360983082215,33.06886539787409],[35.87378716943314,33.06813725400197],[35.87378716943314,33.06811644989134],[35.87464430605295,33.06353954555229],[35.874673862488116,33.063477133220395],[35.87579700702441,33.06002365085548],[35.875826563459576,33.060002846744844],[35.87594478920024,33.055405138295164],[35.87594478920024,33.055342725963264],[35.8752058783211,33.05132753261128],[35.8752058783211,33.05130672850065],[35.87517632188593,33.05130672850065],[35.874851201099105,33.051181903836856],[35.87810240896734,33.017250399396],[35.87839797331899,33.01537802943911],[35.880880713872905,33.01818658437444],[35.88091027030807,33.018207388485074],[35.88091027030807,33.01822819259571],[35.889186072154466,33.021723283181885],[35.88921562858963,33.02174408729252],[35.8892451850248,33.02174408729252],[35.89288062655018,33.021681674960625],[35.893530868123825,33.02209775717326],[35.894831351271115,33.02690350672927],[35.89486090770628,33.026924310839895],[35.89489046414145,33.026924310839895],[35.90012195316577,33.02756923826949],[35.90015150960094,33.02756923826949],[35.9124174301947,33.02642501218473],[35.91244698662987,33.0264042080741],[35.91785581426519,33.02488550799796],[35.91821049148718,33.024864703887324],[35.926486293333575,33.02636259985283],[35.926515849768734,33.02636259985283],[35.9265454062039,33.02636259985283],[35.93310693481069,33.02409495179394],[35.933136491245854,33.02407414768331],[35.933136491245854,33.024053343572675],[35.937569956520704,33.004039789144656],[35.937629069391036,33.00389416037023],[35.94079160795377,32.998734740933486],[35.94082116438893,32.99871393682285],[35.94082116438893,32.99869313271222],[35.94043693073178,32.99318004339473],[35.94043693073178,32.993138435173464],[35.940170922815284,32.992119033752495],[35.940170922815284,32.99209822964186],[35.940170922815284,32.99207742553123],[35.94014136638012,32.99207742553123],[35.93975713272297,32.99172375565048],[35.93960935054714,32.99134928165911],[35.9396389069823,32.990433900791295],[35.9396389069823,32.990329880238136],[35.939845802028465,32.98960173636602],[35.939845802028465,32.989580932255386],[35.939845802028465,32.98956012814475],[35.939550237676805,32.987666954077234],[35.939550237676805,32.987625345855975],[35.93768818226137,32.9807599893474],[35.93768818226137,32.980739185236764],[35.9376586258262,32.98071838112614],[35.925570043843436,32.975995848012666],[35.92518581018628,32.97545494113623],[35.92607250324125,32.968402347631965],[35.92607250324125,32.96838154352133],[35.926042946806085,32.968360739410706],[35.91419081630465,32.94726537122981],[35.91419081630465,32.947244567119185],[35.91416125986948,32.947244567119185],[35.89152103053256,32.9260243742745],[35.89158014340289,32.925254622181114],[35.8963978423349,32.921905160369356],[35.8963978423349,32.92188435625872],[35.89923526011081,32.916870565596405],[35.89923526011081,32.91684976148577],[35.89923526011081,32.91682895737514],[35.897875664093185,32.90908982822002],[35.897875664093185,32.909069024109385],[35.89784610765802,32.90904821999875],[35.895806713631586,32.905990015735846],[35.895806713631586,32.90596921162521],[35.89577715719642,32.90596921162521],[35.88968853155229,32.90576117051889],[35.889126959284134,32.905449108859415],[35.886821557341214,32.90118426617985],[35.88679200090605,32.900788988077835],[35.88968853155229,32.893153879475875],[35.88971808798745,32.89313307536524],[35.88900873354348,32.88751596549459],[35.88900873354348,32.88749516138396],[35.88900873354348,32.88747435727333],[35.88303833364,32.883625596806404],[35.883008777204836,32.88360479269577],[35.87733394165303,32.880713021317916],[35.877274828782696,32.88069221720728],[35.865452254716416,32.87690586907225],[35.865393141846084,32.87688506496162],[35.85971830629427,32.87626094164266],[35.85918629046129,32.875886467651284],[35.8568513320832,32.8697284509042],[35.85945229837778,32.85589371733389],[35.85292032620616,32.840040985032275],[35.84629968472905,32.830741547579755],[35.84544254810924,32.82056833748069],[35.84544254810924,32.82054753337005],[35.845412991674074,32.82052672925942],[35.82439836627127,32.79735095001533],[35.824280140530604,32.79716371301964],[35.823038770253646,32.79314851966766],[35.823038770253646,32.79312771555703],[35.82300921381848,32.793106911446394],[35.803974869571775,32.78199751636888],[35.79696999443751,32.774757685868934],[35.77967947986558,32.75210200939064],[35.77967947986558,32.75197718472685]]]]}}],"properties":{"source":"The owner's IDF control map (data/idf-control.kml, 100 areas merged, gaps under 120 m closed)","fetched":"2026-10-07T13:47:04.198Z","cleaned":"5 slivers and walled-in pockets of the rest (0.66 km² in all) given to the held part"}}