{"type":"FeatureCollection","features":[{"type":"Feature","properties":null,"geometry":{"type":"MultiPolygon","coordinates":[[[[35.3075769,50.9766773],[35.3001345,50.9597022],[35.308139,50.9532124],[35.3153105,50.9495308],[35.3131757,50.9447507],[35.3201388,50.9432157],[35.3257181,50.9467691],[35.3295584,50.9476793],[35.3299342,50.9518113],[35.3319765,50.9529496],[35.3344483,50.955818],[35.3357421,50.9561431],[35.3360061,50.9585226],[35.3346457,50.9589026],[35.3362165,50.9630684],[35.3423631,50.9635614],[35.3431193,50.9673483],[35.3485107,50.9718378],[35.3499525,50.9718001],[35.3519609,50.973781],[35.3503902,50.9762306],[35.3488194,50.9768428],[35.3432907,50.987576],[35.3406795,50.9878804],[35.3353214,50.990562],[35.3221395,50.9852403],[35.3075769,50.9766773]]],[[[35.887754,50.437506],[35.890093,50.436741],[35.894492,50.435634],[35.897539,50.43629],[35.904019,50.435005],[35.903332,50.433939],[35.912946,50.431588],[35.924747,50.431643],[35.92758,50.430276],[35.935219,50.428745],[35.941312,50.431151],[35.94363,50.433393],[35.939338,50.433775],[35.937536,50.433393],[35.937622,50.431807],[35.935219,50.430112],[35.9323,50.430932],[35.932214,50.431971],[35.92818,50.433721],[35.927666,50.434869],[35.923889,50.435853],[35.920799,50.437384],[35.919254,50.435798],[35.911701,50.434705],[35.909212,50.435634],[35.907409,50.437876],[35.904749,50.438969],[35.903633,50.438094],[35.901144,50.438149],[35.9002,50.439024],[35.895908,50.438696],[35.894192,50.437821],[35.89196,50.438149],[35.889213,50.438969],[35.887754,50.437506]]],[[[34.950054011543116,51.22674901130052],[34.94864858383966,51.226290978163505],[34.93323517,51.2212677],[34.91880798,51.21656799],[34.88993454,51.21081543],[34.87039566,51.20504379],[34.86436844,51.20505905],[34.86104202,51.20506668],[34.85771942,51.20507431],[34.852108,51.20508575],[34.8516922,51.20508575],[34.84148788,51.19932175],[34.83213043,51.19934082],[34.830513,51.18783951],[34.82038498,51.18210602],[34.81983566,51.17728806],[34.81972122,51.17628479],[34.81064224,51.17663574],[34.81002832397298,51.1766705198075],[34.80490575180143,51.17696072574155],[34.801754,51.17713928],[34.79883732642134,51.17730967015886],[34.79606484969145,51.17747163643233],[34.790317,51.180117],[34.789684,51.182124],[34.784296,51.184414],[34.780716,51.180951],[34.779197,51.177273],[34.772528,51.17467],[34.762156,51.17649],[34.753156,51.180891],[34.737125,51.179299],[34.7450879,51.1667922],[34.7519197,51.1678886],[34.7573821,51.1509764],[34.7717686,51.1526934],[34.7881348,51.1523125],[34.7986608,51.1424027],[34.8049502,51.1429358],[34.8148296,51.1347544],[34.8118991,51.1292953],[34.8261364,51.1213054],[34.8285989,51.122294],[34.8350961,51.1177885],[34.8442892,51.1168483],[34.8517645,51.119302],[34.867746,51.122594],[34.878312,51.129412],[34.884882,51.138744],[34.9020607,51.12934],[34.9156219,51.142912],[34.9274656,51.1404348],[34.9362658,51.1307955],[34.9545258,51.1270248],[34.9552015,51.1220153],[34.9653145,51.1156433],[34.9728323,51.108586],[34.9731012,51.1053617],[34.9796357,51.1088197],[35.0054075,51.1094306],[34.9964969,51.102557],[34.999603,51.1009643],[35.0193974,51.1068814],[35.028294,51.106061],[35.030193,51.108784],[35.030561,51.112242],[35.033296,51.113528],[35.037414,51.110403],[35.03986,51.1103768],[35.04148,51.112248],[35.042838,51.116499],[35.047672,51.115792],[35.047623,51.112815],[35.05505,51.112478],[35.097239,51.127832],[35.115952,51.12453],[35.142092,51.13361],[35.143906,51.13667],[35.144003,51.140592],[35.136644,51.144128],[35.135315,51.1484],[35.140812,51.151182],[35.137498,51.153758],[35.130579,51.156549],[35.1289566583671,51.15761922536819],[35.12892101783433,51.15894545071208],[35.12877274,51.16446304],[35.128707161000186,51.16693055803984],[35.12867715654744,51.16805952506622],[35.134408,51.170895],[35.13078,51.173706],[35.13024,51.19395],[35.143973,51.20234],[35.142943,51.207073],[35.13642,51.210084],[35.137106,51.215891],[35.149123,51.221052],[35.149981,51.223417],[35.119738,51.231485],[35.11761,51.229647],[35.105143,51.232776],[35.084905,51.230338],[35.074708,51.231963],[35.069043,51.230243],[35.0634701740574,51.22496955564525],[35.06047036253726,51.22375649562579],[35.04997635,51.21951294],[35.04763794,51.21891403],[35.04004669,51.21564102],[35.039507771033925,51.2161278593017],[35.037934292565666,51.217549281086704],[35.037886,51.218041],[35.037443806527726,51.218164141580225],[35.03794098,51.21842194],[35.03705597,51.21862793],[35.0359438581785,51.21956510293586],[35.03230286,51.22263336],[35.03000641,51.22470474],[35.02949524,51.22499466],[35.01909637,51.23093033],[35.01190186,51.23503494],[35.00294876,51.23553848],[34.99397278,51.23600769],[34.98026034456242,51.236651954489325],[34.97896833129236,51.236712658386416],[34.97594833,51.23685455],[34.96660614,51.2321434],[34.9647786709402,51.23154782230916],[34.95405720659168,51.228053664668096],[34.950014,51.227427],[34.950054011543116,51.22674901130052]]],[[[38.03032497083992,49.94487588441797],[38.03153695047329,49.94532823422205],[38.03513336,49.94667053],[38.0373497,49.94749451],[38.04711533,49.95113754],[38.04784775,49.95610428],[38.03208542,49.9736824],[38.01480103,49.98129654],[38.00655365,49.98757553],[37.99834061,49.9937706],[37.98047638,49.99557877],[37.9723053,50.00159073],[37.96413422,50.00759888],[37.94779587,50.01959991],[37.94854355,50.02492905],[37.94116211,50.0362854],[37.93384171,50.04768372],[37.92486954,50.04837036],[37.92552567,50.05252075],[37.92572021,50.0537529],[37.91761398,50.0598259],[37.90861893,50.06046677],[37.89963913,50.0610733],[37.89729309,50.06122208],[37.89067078,50.06164932],[37.8909111,50.06319046],[37.89152145,50.06711578],[37.88254166,50.06767654],[37.8735733,50.06821823],[37.87304688,50.06824875],[37.86461639,50.06873703],[37.84751511,50.0752449],[37.83041763,50.08173752],[37.82788467,50.08365631],[37.81438828,50.09387589],[37.80647659,50.09992981],[37.80103302,50.09712601],[37.79637909,50.09473038],[37.77841187,50.09555054],[37.76943588,50.09594727],[37.76042175,50.09633636],[37.74465942,50.11325073],[37.72806549,50.12495422],[37.72395325,50.12118912],[37.71868515,50.12529755],[37.7098867834321,50.13214381220813],[37.70866038529569,50.133098107888884],[37.708826,50.133963],[37.700758,50.134183],[37.694407,50.140345],[37.684794,50.145955],[37.668829,50.152665],[37.657328,50.164323],[37.647028,50.174548],[37.643423,50.174328],[37.639132,50.178726],[37.626257,50.176417],[37.62763,50.167402],[37.615614,50.165312],[37.604885,50.159264],[37.6035117,50.1484849],[37.617846,50.137814],[37.626944,50.137374],[37.6364713,50.1403441],[37.647028,50.1424351],[37.6528645,50.1448553],[37.663164,50.1401243],[37.6617049,50.1316527],[37.6565558,50.1285712],[37.6509762,50.1189414],[37.656813,50.116574],[37.6621347,50.1079881],[37.6653963,50.1009414],[37.6635078,50.0995096],[37.6720905,50.0826595],[37.6762369,50.0879259],[37.6809715,50.0909977],[37.6855701,50.09044],[37.6891233,50.0919803],[37.6990433,50.0933948],[37.7088078,50.0905767],[37.7069926,50.0866344],[37.7169277,50.0858695],[37.7232675,50.0824024],[37.7331311,50.0801181],[37.7322256,50.0728064],[37.7416187,50.0692409],[37.751458,50.0702956],[37.7628568,50.0689224],[37.7623754,50.0667488],[37.7581438,50.0658],[37.7580371,50.0636944],[37.7631645,50.0615758],[37.7682598,50.0580093],[37.7699218,50.0547732],[37.7624942,50.0504253],[37.7631735,50.0400768],[37.764934,50.0389538],[37.7756265,50.0226981],[37.7784475,50.0057746],[37.7804197,49.993807],[37.775992,49.982118],[37.768273,49.979852],[37.761756,49.969747],[37.75069,49.972173],[37.734732,49.966041],[37.727291,49.961004],[37.734898,49.95601],[37.748912,49.953199],[37.752736,49.93996],[37.773713,49.929327],[37.775018,49.921524],[37.771121,49.913478],[37.76859,49.912578],[37.753528,49.913556],[37.747178,49.91257],[37.749238,49.908269],[37.744348,49.900549],[37.738516,49.897712],[37.732928,49.900517],[37.708232,49.892617],[37.70199,49.890135],[37.696636,49.89027],[37.694024,49.891022],[37.682886,49.888812],[37.677931,49.882439],[37.663524,49.882537],[37.655369,49.889578],[37.649624,49.890778],[37.65001,49.871535],[37.640691,49.868973],[37.6381766,49.8645928],[37.6553743,49.8616562],[37.6674784,49.8537266],[37.6629811,49.8496757],[37.666276,49.8461194],[37.666866,49.8387678],[37.6688816,49.8265484],[37.6759601,49.8189248],[37.6699497,49.812021],[37.6605075,49.8092152],[37.6434263,49.8152691],[37.6369861,49.8098734],[37.6313259,49.8018063],[37.6284671,49.8081743],[37.6246324,49.8069492],[37.6267415,49.8006185],[37.6150307,49.8028178],[37.6152731,49.8001702],[37.621704,49.797654],[37.6293824,49.7969774],[37.6361161,49.7946936],[37.6293631,49.7897152],[37.6271247,49.783345],[37.6232738,49.7767237],[37.6381151,49.7738941],[37.6466529,49.7588812],[37.6557653,49.7530816],[37.6620531,49.7516757],[37.6691991,49.7517112],[37.6746149,49.7547544],[37.6853659,49.7477409],[37.700727,49.7369691],[37.7192914,49.7369807],[37.733444,49.740142],[37.7494416,49.7414791],[37.7768543,49.7327184],[37.7695729,49.7040325],[37.7756004,49.6953775],[37.7708693,49.6892205],[37.7778114,49.6731791],[37.7674143,49.6671528],[37.7398549,49.6683544],[37.7122966,49.6654426],[37.7137469,49.6586836],[37.7172566,49.6563693],[37.716739,49.6539988],[37.7079824,49.6487386],[37.7083228,49.6420886],[37.725057,49.6421537],[37.7285764,49.6514436],[37.7517409,49.654404],[37.7784403,49.6513703],[37.7782176,49.6426777],[37.8012187,49.6408989],[37.7989986,49.6273681],[37.810056,49.6241761],[37.8166923,49.6149658],[37.808735,49.607885],[37.787941,49.607704],[37.789024,49.603152],[37.803024,49.603214],[37.804075,49.594326],[37.790894,49.594665],[37.790625,49.592201],[37.796328,49.590543],[37.79249,49.580292],[37.772164,49.574912],[37.77057,49.572138],[37.761252,49.569586],[37.753832,49.563496],[37.753838,49.56178],[37.760668,49.559201],[37.759603,49.556177],[37.731829,49.557172],[37.715368,49.556361],[37.701752,49.552933],[37.70085,49.544334],[37.696021,49.541136],[37.695323,49.530318],[37.692828,49.526886],[37.696968,49.525332],[37.700764,49.514862],[37.696716,49.508826],[37.695034,49.502686],[37.697626,49.502403],[37.706303,49.507389],[37.713266,49.513489],[37.723574,49.514624],[37.733753,49.510818],[37.728931,49.501997],[37.7435195,49.4910765],[37.7783498,49.4823508],[37.7717094,49.4682359],[37.7579254,49.4579104],[37.7432773,49.4599297],[37.7125011,49.4417663],[37.7084009,49.4307764],[37.6767368,49.4212577],[37.684216,49.4121845],[37.7115087,49.4170643],[37.7645106,49.3973763],[37.768932,49.405279],[37.815689,49.390963],[37.82396,49.394644],[37.829959,49.401199],[37.846639,49.386656],[37.847139,49.381273],[37.86223,49.380416],[37.875647,49.377602],[37.890612,49.382054],[37.916373,49.382798],[37.916074,49.378557],[37.93251,49.38069],[37.938519,49.379198],[37.949072,49.362706],[37.954308,49.361588],[37.949573,49.353118],[37.947628,49.351399],[37.941921,49.349687],[37.943867,49.346904],[37.941177,49.344568],[37.942329,49.341848],[37.941789,49.338838],[37.950047,49.337701],[37.953435,49.336622],[37.957295,49.334845],[37.962823,49.334169],[37.964944,49.332475],[37.965519,49.330277],[37.966392,49.322245],[37.961857,49.317318],[37.961584,49.311489],[37.969378,49.311145],[37.969614,49.303038],[37.962008,49.303265],[37.967716,49.286555],[37.979567,49.282252],[37.983734,49.28089],[37.98938,49.283586],[37.997847,49.283115],[37.999277,49.28581],[38.002595,49.288282],[38.008788,49.28801],[38.012922,49.285051],[38.006727,49.273896],[38.014016,49.268431],[38.009803,49.261509],[37.997876,49.252128],[37.9670076,49.2438865],[37.9526579,49.2499294],[37.9318376,49.2430453],[37.9233108,49.2386012],[37.928858,49.2264767],[37.9494611,49.2097692],[37.9069916,49.1910365],[37.8784341,49.1876094],[37.8777202,49.1727211],[37.8542943,49.1692796],[37.8507244,49.1563094],[37.8465197,49.1485348],[37.8433233,49.1482471],[37.8408133,49.1523383],[37.816587,49.1570611],[37.7854519,49.1582887],[37.7810188,49.1603021],[37.7615628,49.1601481],[37.74892,49.14743],[37.745681,49.142893],[37.747495,49.137986],[37.7536,49.136166],[37.7472985,49.1297186],[37.7309482,49.1194472],[37.7288239,49.1084948],[37.7366552,49.1038342],[37.7416999,49.1079595],[37.7529256,49.1111852],[37.7734799,49.1077827],[37.7900682,49.099387],[37.7727184,49.0923135],[37.7748113,49.091164],[37.7825688,49.0909136],[37.7884724,49.0841782],[37.7839829,49.0775584],[37.7943997,49.0685878],[37.8203985,49.0698701],[37.8399829,49.0784861],[37.8608946,49.0814076],[37.86619,49.074126],[37.866655,49.072194],[37.869523,49.071161],[37.883844,49.077528],[37.900901,49.081013],[37.917712,49.081798],[37.935568,49.073383],[37.955772,49.067824],[37.968105,49.060994],[37.966102,49.048272],[37.95489,49.038881],[37.961283,49.033357],[37.951235,49.024341],[37.940268,49.023416],[37.94156,49.019807],[37.938389,49.019295],[37.940453,49.013688],[37.945692,49.009082],[37.956422,49.009206],[37.967442,49.002176],[37.98064,48.989903],[37.975829,48.986475],[37.965441,48.98459],[37.96838,48.976538],[37.9669839,48.9697606],[37.9247142,48.9659619],[37.8829035,48.9599471],[37.8789452,48.9514532],[37.8816009,48.9299537],[37.9192613,48.9123972],[37.930705,48.9150088],[37.935628,48.9273212],[37.933803,48.9368311],[37.9357549,48.941323],[37.9502394,48.9407359],[37.9537381,48.9459549],[37.9653286,48.9419142],[37.9661973,48.9378116],[37.9548639,48.9296861],[37.9404422,48.9187692],[37.9370505,48.9087543],[37.9299934,48.9005092],[37.9322546,48.898336],[37.9315117,48.8909146],[37.9269365,48.8854383],[37.9163466,48.8796124],[37.9103734,48.8796941],[37.9064603,48.8777434],[37.9012092,48.8780189],[37.8987082,48.8753699],[37.9077942,48.8700678],[37.9024089,48.865726],[37.8920472,48.8648272],[37.888576,48.858569],[37.8925465,48.8517133],[37.8751016,48.8465428],[37.8797819,48.8390256],[37.8705493,48.8381221],[37.8674959,48.8277263],[37.8577853,48.8285177],[37.8562219,48.8197018],[37.8598025,48.8198169],[37.8903458,48.8267685],[37.896995,48.8191096],[37.8924854,48.8158586],[37.8903826,48.8079466],[37.8813305,48.803018],[37.8793705,48.7968427],[37.889942,48.7949633],[37.8933943,48.7845583],[37.8910919,48.7782862],[37.8812829,48.7812549],[37.8726938,48.7826475],[37.8706277,48.7820605],[37.8713942,48.77989],[37.8705296,48.7756264],[37.8478847,48.7754503],[37.8420493,48.7835308],[37.8260048,48.7822338],[37.8122509,48.7696167],[37.8185829,48.762317],[37.8250056,48.7565451],[37.8383361,48.7576668],[37.8347017,48.7520603],[37.8318114,48.7457201],[37.8270652,48.7468709],[37.8203288,48.7405471],[37.8109527,48.7437282],[37.8081413,48.7403174],[37.8171535,48.7370909],[37.8097489,48.7328603],[37.8158917,48.7219293],[37.798461,48.7218894],[37.7986725,48.7198877],[37.8074665,48.7151677],[37.8086549,48.7104448],[37.8046691,48.7010383],[37.8033456,48.6927169],[37.7865928,48.6907628],[37.7931667,48.6788366],[37.7818184,48.6733697],[37.7539354,48.6644796],[37.7517348,48.6608867],[37.7548328,48.6560765],[37.759733,48.6543277],[37.7704773,48.6527574],[37.7786929,48.6443225],[37.7817485,48.6278971],[37.7880016,48.623531],[37.7764591,48.619809],[37.7631059,48.6192294],[37.7583948,48.6156084],[37.761837,48.6024541],[37.782024,48.599128],[37.7834153,48.5973231],[37.7868576,48.5973856],[37.7862183,48.5962532],[37.7834333,48.5956317],[37.7844991,48.5890699],[37.8000948,48.5909906],[37.817543,48.593017],[37.818144,48.590592],[37.8144112,48.58816],[37.819626,48.5824618],[37.8158294,48.575496],[37.8033531,48.5722772],[37.8033654,48.5646357],[37.7956517,48.5642361],[37.7919758,48.5639528],[37.7921549,48.5628455],[37.7904849,48.5606162],[37.7872896,48.5603536],[37.7879235,48.5586318],[37.7937931,48.5594093],[37.7980996,48.556982],[37.7968267,48.5491009],[37.7702587,48.543597],[37.7412742,48.5408882],[37.7446283,48.5319419],[37.7423786,48.5299407],[37.7451322,48.5236069],[37.7568106,48.519319],[37.7708795,48.5223588],[37.7689367,48.5183957],[37.7738057,48.5114247],[37.7686469,48.5001788],[37.7799668,48.4917466],[37.7619519,48.4831088],[37.7465416,48.4863836],[37.740678,48.4954071],[37.728603,48.4952574],[37.7161531,48.4844196],[37.7002034,48.4915001],[37.6894875,48.4919232],[37.6863436,48.4964505],[37.6798524,48.4956879],[37.6646924,48.5036842],[37.6494889,48.508159],[37.6397744,48.5262641],[37.6239531,48.5255118],[37.620349,48.4975604],[37.6135678,48.494402],[37.6118098,48.4923675],[37.6153731,48.4882284],[37.622156,48.4856385],[37.6283905,48.4654078],[37.6199406,48.4596229],[37.6075652,48.4579687],[37.6045168,48.4422839],[37.5870054,48.4441194],[37.5244232,48.4452194],[37.5088781,48.4448318],[37.4913501,48.4511124],[37.4813328,48.4567067],[37.4740549,48.4590094],[37.4614422,48.4736672],[37.4660369,48.4792162],[37.4519195,48.4847651],[37.4461712,48.4906845],[37.437079,48.4881286],[37.416742,48.4948994],[37.3924248,48.4967827],[37.3867892,48.4933742],[37.3806387,48.4933927],[37.3751165,48.4889811],[37.3755561,48.484284],[37.3674132,48.4824313],[37.3648609,48.4778166],[37.3393465,48.4737259],[37.3183827,48.4739269],[37.3078376,48.4747168],[37.2988671,48.4760212],[37.2812055,48.4730304],[37.2744441,48.4683888],[37.2466742,48.4597869],[37.2496422,48.4557022],[37.2339858,48.4532091],[37.2300219,48.4485642],[37.2241701,48.4474485],[37.2166847,48.4445012],[37.2160938,48.4325342],[37.219023,48.4298485],[37.2231631,48.4194642],[37.2012641,48.4147722],[37.1927559,48.4158884],[37.1909722,48.4224116],[37.1716782,48.4213011],[37.1711991,48.4193079],[37.1777947,48.4170306],[37.1796566,48.4123619],[37.1893882,48.4099749],[37.1936166,48.4024208],[37.1721237,48.4008297],[37.1743223,48.3910317],[37.1678981,48.3862107],[37.1573648,48.3814954],[37.152067,48.3775782],[37.1472414,48.3722211],[37.1353773,48.3757581],[37.1240058,48.3831023],[37.1125248,48.3880624],[37.1057634,48.3949418],[37.1000092,48.3977855],[37.0974293,48.3963501],[37.1002216,48.3902851],[37.0500113,48.3686834],[37.0420468,48.3610516],[37.0443145,48.3565087],[37.0408354,48.3492325],[37.0370108,48.3488568],[37.0500964,48.3379842],[37.046701,48.3320179],[37.04744,48.3286739],[37.0517849,48.3290114],[37.0530131,48.3243291],[37.0552574,48.3210748],[37.0628164,48.3220158],[37.0610194,48.3062881],[37.0650569,48.2831631],[37.0543796,48.2806922],[37.0440688,48.2801549],[37.0322672,48.2753963],[37.0321532,48.2672961],[37.012002,48.2678744],[36.9990398,48.2690758],[36.9908998,48.2686514],[36.9883384,48.262913],[36.9874519,48.2591455],[36.9806418,48.2580633],[36.9816539,48.2488557],[36.972917,48.2456616],[36.9709934,48.2384455],[36.9419454,48.239804],[36.9420816,48.2376173],[36.9518286,48.2361167],[36.9515909,48.2205983],[36.9272081,48.2200985],[36.9307287,48.1962499],[36.93585,48.18601],[36.915983,48.166689],[36.907008,48.164655],[36.906103,48.143382],[36.90663,48.139399],[36.904532,48.134801],[36.912218,48.129688],[36.915912,48.113831],[36.903059,48.113533],[36.90497,48.103836],[36.9015266,48.0977944],[36.8926943,48.0951177],[36.893159,48.0873839],[36.8762401,48.0833377],[36.863429,48.0819825],[36.842088,48.0781331],[36.8377426,48.077782],[36.8379785,48.0715742],[36.8262628,48.0699393],[36.8058453,48.0595327],[36.7761892,48.0667787],[36.764731,48.0549766],[36.7636035,48.0339218],[36.7485742,48.0267032],[36.7355395,48.0092377],[36.7424423,47.9746135],[36.7321654,47.960699],[36.6609715,47.9436736],[36.6361531,47.9393284],[36.6079429,47.9374246],[36.6057084,47.9303877],[36.6093881,47.9247941],[36.6210183,47.9237896],[36.6293006,47.9210586],[36.6367544,47.9125702],[36.6289303,47.9037367],[36.5740216,47.8965362],[36.5890094,47.8739661],[36.5823649,47.8601465],[36.5721861,47.8490898],[36.5256519,47.8411388],[36.4909772,47.8303869],[36.4551076,47.8245888],[36.4517406,47.8072767],[36.4256221,47.8097503],[36.3809902,47.7951069],[36.3681581,47.7959081],[36.348113,47.8057013],[36.3029098,47.8029842],[36.3058253,47.7914323],[36.2714438,47.7862815],[36.2350828,47.7875784],[36.2105582,47.778573],[36.2022769,47.7651024],[36.190595,47.7631479],[36.1919642,47.7577277],[36.17493,47.7545998],[36.1634598,47.7459418],[36.1589451,47.7317982],[36.1494675,47.7280326],[36.1317514,47.7273824],[36.1297996,47.7249741],[36.1343708,47.7239509],[36.1301243,47.7209805],[36.1196662,47.7095668],[36.1248328,47.6948673],[36.1392896,47.6900118],[36.1460615,47.6686292],[36.1487762,47.6612712],[36.1593756,47.6530362],[36.1541812,47.6508709],[36.1420769,47.6406417],[36.1050837,47.6313628],[36.0973842,47.626219],[36.1058128,47.6022407],[36.1084888,47.5847812],[36.0732894,47.5949569],[36.068093,47.5903196],[36.0896737,47.5819769],[36.0816972,47.5705533],[36.0641989,47.5622572],[36.0638173,47.5528682],[36.0561496,47.5335581],[36.031684,47.526124],[36.03001,47.522289],[36.020784,47.515904],[35.9987761,47.5257009],[35.9944477,47.5256521],[35.9921425,47.5232359],[35.9896768,47.5145181],[35.967959,47.517566],[35.9497032,47.5235996],[35.9432371,47.5301327],[35.9367705,47.5271607],[35.9361973,47.523303],[35.940888,47.511993],[35.941642,47.493887],[35.932591,47.493496],[35.924055,47.494728],[35.921493,47.475232],[35.911615,47.468917],[35.896111,47.46596],[35.8421098,47.4709894],[35.8180819,47.4695855],[35.799375,47.473519],[35.790682,47.480885],[35.782257,47.485668],[35.745142,47.486822],[35.746391,47.489885],[35.731603,47.490714],[35.71853,47.494788],[35.711504,47.505541],[35.699524,47.506848],[35.687063,47.509761],[35.670484,47.502209],[35.654663,47.500962],[35.634628,47.500488],[35.632903,47.502978],[35.640841,47.507493],[35.636935,47.510964],[35.623629,47.505846],[35.621182,47.507665],[35.616503,47.506237],[35.616157,47.504308],[35.613134,47.504301],[35.592551,47.519323],[35.590302,47.528366],[35.5969881,47.5408243],[35.583073,47.5537461],[35.5633485,47.5581776],[35.5351946,47.5498226],[35.5361804,47.5462177],[35.509647,47.544231],[35.50827,47.546912],[35.504748,47.546631],[35.504532,47.544173],[35.494554,47.544102],[35.493777,47.545417],[35.488364,47.547775],[35.486299,47.547351],[35.48561,47.544909],[35.47711,47.543683],[35.460844,47.540686],[35.449143,47.542409],[35.431521,47.537583],[35.419282,47.535041],[35.402973,47.537641],[35.397308,47.540278],[35.397757,47.546647],[35.4032206,47.55864],[35.4025112,47.5671823],[35.3912449,47.5670367],[35.3909219,47.5653014],[35.3779304,47.5656904],[35.3764828,47.5791657],[35.359966,47.5784031],[35.346688,47.5778414],[35.3490717,47.5715656],[35.3430822,47.5695712],[35.3264064,47.5675318],[35.3279538,47.5639106],[35.331903,47.547142],[35.337152,47.530162],[35.334722,47.525284],[35.326426,47.516816],[35.313504,47.512683],[35.299381,47.510983],[35.280896,47.503398],[35.273654,47.493721],[35.280796,47.472193],[35.264423,47.473907],[35.202642,47.445003],[35.148662,47.445686],[35.102228,47.451038],[35.062432,47.448694],[35.046158,47.437757],[35.02882,47.418144],[34.968692,47.389233],[34.935443,47.391632],[34.883713,47.406118],[34.863371,47.420884],[34.874741,47.437558],[34.874183,47.449528],[34.859923,47.451254],[34.825201,47.464803],[34.792304,47.467747],[34.749153,47.492601],[34.708981,47.490582],[34.689413,47.494893],[34.680198,47.510731],[34.642071,47.544419],[34.628377,47.54583],[34.618034,47.544491],[34.599039,47.53467],[34.586248,47.521809],[34.544529,47.532707],[34.533137,47.530459],[34.500622,47.499673],[34.435839,47.496913],[34.405218,47.500758],[34.386948,47.513875],[34.374131,47.507196],[34.338371,47.467761],[34.334911,47.447001],[34.296102,47.428688],[34.269679,47.439549],[34.199289,47.412104],[34.145724,47.424467],[34.118345,47.420566],[34.064873,47.424317],[34.046677,47.417654],[34.042234,47.410429],[33.982732,47.230662],[33.96786,47.211277],[33.944844,47.197252],[33.929814,47.177216],[33.903126,47.159977],[33.849951,47.137794],[33.840787,47.098524],[33.802317,47.059017],[33.697668,46.995131],[33.69561,46.95542],[33.688159,46.920449],[33.678446,46.900926],[33.656816,46.904678],[33.633822,46.899514],[33.634028,46.866257],[33.63746,46.847176],[33.620298,46.829034],[33.563472,46.818209],[33.470266,46.820961],[33.402938,46.773597],[33.38953,46.782727],[33.377184,46.776306],[33.373373,46.776487],[33.37247,46.776123],[33.371408,46.777142],[33.37056,46.776837],[33.371611,46.775729],[33.357445,46.767035],[33.358896,46.764016],[33.340157,46.757042],[33.313396,46.751477],[33.286306,46.749398],[33.254381,46.752574],[33.239884,46.76354],[33.19787,46.767502],[33.153349,46.762795],[33.141455,46.759367],[33.140191,46.756687],[33.137166,46.755756],[33.132062,46.755128],[33.104047,46.747501],[33.090411,46.743645],[33.081979,46.73801],[33.073312,46.7384],[33.06219,46.732265],[33.054173,46.731432],[33.048438,46.737604],[33.044173,46.738481],[33.043353,46.737227],[33.04052,46.729226],[33.024894,46.724573],[33.01958,46.717745],[32.991091,46.714538],[32.979847,46.710469],[32.954231,46.711542],[32.942776,46.713303],[32.933393,46.717207],[32.928559,46.718374],[32.923355,46.718326],[32.905306,46.711285],[32.891767,46.698237],[32.891023,46.693202],[32.885731,46.68905],[32.879959,46.686474],[32.875045,46.686842],[32.87011,46.682514],[32.845933,46.663276],[32.833632,46.65495],[32.817026,46.645891],[32.803575,46.64089],[32.79871,46.632116],[32.784392,46.628019],[32.767524,46.635578],[32.751121,46.630308],[32.719988,46.631762],[32.684459,46.621245],[32.678738,46.614152],[32.689077,46.606416],[32.691777,46.601258],[32.666501,46.582534],[32.582333,46.555126],[32.553804,46.541271],[32.537546,46.538063],[32.531855,46.536868],[32.520688,46.540356],[32.514585,46.54101],[32.50899,46.540014],[32.505695,46.537963],[32.500265,46.533445],[32.489129,46.527383],[32.464782,46.50806],[32.457067,46.503811],[32.448322,46.502869],[32.437721,46.503362],[32.432689,46.494759],[32.431676,46.489187],[32.428259,46.485388],[32.417841,46.485038],[32.417814363167146,46.48430634],[32.41764069,46.48430634],[32.41764069,46.48374939],[32.41708374,46.48374939],[32.41708374,46.48347092],[32.41652679,46.48347092],[32.41652679,46.48319626],[32.416471261408,46.48319626],[32.41624832,46.48319626],[32.41624832,46.48263931],[32.416450998356396,46.48263931],[32.41652679,46.48263931],[32.41652679,46.48236084],[32.41680527,46.48236084],[32.41680527,46.48208237],[32.41708374,46.48208237],[32.41708374,46.48180389],[32.41764069,46.48180389],[32.41764069,46.48152924],[32.41771325999282,46.48152924],[32.417638,46.479462],[32.4081955,46.475145626736854],[32.4081955,46.47541809],[32.40736008,46.47541809],[32.40736008,46.47569275],[32.40703265529588,46.47569275],[32.40680695,46.47569275],[32.40680695,46.475589574566015],[32.40680695,46.47541809],[32.40652847,46.47541809],[32.40652847,46.475462274518655],[32.40652847,46.47569275],[32.40625,46.47569275],[32.40625,46.47541809],[32.40597153,46.47541809],[32.40597153,46.47569275],[32.40569305,46.47569275],[32.40569305,46.47597122],[32.40458298,46.47597122],[32.40458298,46.47569275],[32.40513992,46.47569275],[32.40513992,46.47513962],[32.40486145,46.47513962],[32.40486145,46.47470023873554],[32.40486145,46.47458267],[32.40513992,46.47458267],[32.40513992,46.4743042],[32.4054184,46.4743042],[32.4054184,46.47458267],[32.40625,46.47458267],[32.40625,46.47486115],[32.40652847,46.47486115],[32.40652847,46.47438359086491],[32.401301,46.471994],[32.34513855,46.462687913061814],[32.34513855,46.4631958],[32.34430695,46.4631958],[32.34430695,46.46347046],[32.34427820785754,46.46347046],[32.34347153,46.46347046],[32.34347153,46.46374893],[32.34319305,46.46374893],[32.34319305,46.463493025164105],[32.34319305,46.46347046],[32.3429184,46.46347046],[32.3429184,46.4631958],[32.34236145,46.4631958],[32.34236145,46.46347046],[32.3409729,46.46347046],[32.3409729,46.4631958],[32.34069443,46.4631958],[32.34069443,46.46291733],[32.34052456504419,46.46291733],[32.302096,46.467799],[32.27513885,46.473347612138035],[32.27513885,46.47375107],[32.27430725,46.47375107],[32.27430725,46.47402954],[32.27402878,46.47402954],[32.27402878,46.4743042],[32.27375031,46.4743042],[32.27375031,46.47457209253806],[32.27375031,46.47458267],[32.27369892095625,46.47458267],[32.27291489,46.47458267],[32.27291489,46.47474404793172],[32.27291489,46.47486115],[32.272345966817056,46.47486115],[32.27152634,46.47486115],[32.27152634,46.47502985466589],[32.27152634,46.47513962],[32.27099306126144,46.47513962],[32.27097321,46.47513962],[32.27097321,46.47486115],[32.27069473,46.47486115],[32.27069473,46.47520102584317],[32.27069473,46.47541809],[32.26964015570582,46.47541809],[32.26874924,46.47541809],[32.26874924,46.47560146813424],[32.26874924,46.47569275],[32.26830576047505,46.47569275],[32.26736069,46.47569275],[32.26736069,46.47588727486842],[32.26736069,46.47624969],[32.26708221,46.47624969],[32.26708221,46.47597122],[32.26695285491943,46.47597122],[32.26652908,46.47597122],[32.26652908,46.47605844604569],[32.26652908,46.47624969],[32.265599949363775,46.47624969],[32.26541519,46.47624969],[32.26541519,46.4762877192178],[32.26541519,46.47652817],[32.264246995224624,46.47652817],[32.26402664,46.47652817],[32.26402664,46.47657352595197],[32.26402664,46.47680664],[32.26319504,46.47680664],[32.26319504,46.47708511],[32.26263809,46.47708511],[32.26263809,46.47735977],[32.26208496,46.47735977],[32.26208496,46.47708511],[32.26154118411339,46.47708511],[32.2579155,46.47708511],[32.2579155,46.476892708295],[32.25763702,46.476950028060195],[32.25763702,46.47735977],[32.2579155,46.47735977],[32.2579155,46.47763824],[32.25763702,46.47763824],[32.25763702,46.477888708282336],[32.25763702,46.47819519],[32.25736237,46.47819519],[32.25736237,46.47847366],[32.25680542,46.47847366],[32.25680542,46.47819519],[32.25652695,46.47819519],[32.25652695,46.47810540304461],[32.25652695,46.47791672],[32.25624847,46.47791672],[32.25624847,46.47763824],[32.25541687,46.47763824],[32.25541687,46.47791672],[32.25402832,46.47791672],[32.25402832,46.47819519],[32.2531929,46.47819519],[32.2531929,46.47791672],[32.25291824,46.47791672],[32.25291824,46.477752677857396],[32.25208282,46.477884656146394],[32.25208282,46.47819519],[32.25125122,46.47819519],[32.25125122,46.47847366],[32.25097275,46.47847366],[32.25097275,46.47874832],[32.25069427,46.47874832],[32.25069427,46.47847366],[32.2504158,46.47847366],[32.2504158,46.47874832],[32.2495842,46.47874832],[32.2495842,46.47902679],[32.24819565,46.47902679],[32.24819565,46.47874832],[32.246615844620365,46.47874832],[32.245415949686006,46.47893787744465],[32.24541473,46.47902679],[32.24514008,46.47902679],[32.24514008,46.47930527],[32.2448616,46.47930527],[32.2448616,46.47958374],[32.24458313,46.47958374],[32.24458313,46.47986221],[32.24375153,46.47986221],[32.24375153,46.48012364444003],[32.24375153,46.48014069],[32.24364363201105,46.48014069],[32.24236298,46.48014069],[32.24236298,46.48034300545437],[32.24236298,46.48041534],[32.2420845,46.48041534],[32.2420845,46.48038699930067],[32.2420845,46.48014069],[32.24180603,46.48014069],[32.24180603,46.47986221],[32.24041748,46.47986221],[32.24041748,46.480650352581534],[32.24041748,46.48069382],[32.24014233227567,46.48069382],[32.2393074,46.48069382],[32.2393074,46.480825721329374],[32.2393074,46.48097229],[32.238379623803326,46.48097229],[32.23625183,46.48097229],[32.23625183,46.48069382],[32.23541641,46.48069382],[32.23541641,46.48041534],[32.23513794,46.48041534],[32.23513794,46.48014398282529],[32.22624969,46.479480396007524],[32.22624969,46.47958374],[32.22569275,46.47958374],[32.22569275,46.48014069],[32.22486115,46.48014069],[32.22486115,46.48028157041055],[32.22486115,46.48041534],[32.22458267,46.48041534],[32.22458267,46.48069382],[32.22263718,46.48069382],[32.22263718,46.48041534],[32.22124863,46.48041534],[32.22124863,46.48014069],[32.22097397,46.48014069],[32.22097397,46.48041534],[32.22013855,46.48041534],[32.22013855,46.48014069],[32.21902847,46.48014069],[32.21902847,46.48041534],[32.21875,46.48041534],[32.21875,46.47986221],[32.21819305,46.47986221],[32.21819305,46.47978373749592],[32.21819305,46.47958374],[32.2179184,46.47958374],[32.2179184,46.47930527],[32.21763992,46.47930527],[32.21763992,46.47902679],[32.21708298,46.47902679],[32.21708298,46.47879601967717],[32.212765212793215,46.47847366],[32.21263885,46.47847366],[32.21263885,46.47874832],[32.21014023,46.47874832],[32.21014023,46.47902679],[32.20597076,46.47902679],[32.20597076,46.47930527],[32.204069097404656,46.47930527],[32.164698,46.489533],[32.16332312026181,46.48986053],[32.16347122,46.48986053],[32.16347122,46.49041748],[32.16374969,46.49041748],[32.16374969,46.49071051549446],[32.16374969,46.49124908],[32.16402817,46.49124908],[32.16402817,46.49152756],[32.16680527,46.49152756],[32.16680527,46.49124908],[32.16764069,46.49124908],[32.16764069,46.49152756],[32.16791534,46.49152756],[32.16791534,46.49124908],[32.16847229,46.49124908],[32.16847229,46.49097061],[32.16875076,46.49097061],[32.16875076,46.49041748],[32.16958237,46.49041748],[32.16958237,46.49069595],[32.17013931,46.49069595],[32.17013931,46.49152756],[32.16986084,46.49152756],[32.16986084,46.49180603],[32.17013931,46.49180603],[32.17013931,46.49263763],[32.17069626,46.49263763],[32.17069626,46.49236298],[32.17097092,46.49236298],[32.17097092,46.4920845],[32.17347336,46.4920845],[32.17347336,46.49180603],[32.17430496,46.49180603],[32.17430496,46.49097061],[32.17458344,46.49097061],[32.17458344,46.49069595],[32.17569351,46.49069595],[32.17569351,46.49041748],[32.17625046,46.49041748],[32.17625046,46.49124908],[32.1768074,46.49124908],[32.1768074,46.49097061],[32.17736053,46.49097061],[32.17736053,46.49041748],[32.17791748,46.49041748],[32.17791748,46.49013901],[32.17902756,46.49013901],[32.17902756,46.48986053],[32.17930603,46.48986053],[32.17930603,46.49013901],[32.18069458,46.49013901],[32.18069458,46.48986053],[32.18208313,46.48986053],[32.18208313,46.4893074],[32.18319321,46.4893074],[32.18319321,46.48902893],[32.18375015,46.48902893],[32.18375015,46.48875046],[32.18480682,46.48875046],[32.18541718,46.48875046],[32.18541718,46.48847198],[32.18624878,46.48847198],[32.18624878,46.48819351],[32.1870842,46.48819351],[32.1870842,46.48791504],[32.18875122,46.48791504],[32.18875122,46.48764038],[32.1906929,46.48764038],[32.1906929,46.48736191],[32.19180679,46.48736191],[32.19180679,46.48708344],[32.1926384,46.48708344],[32.1926384,46.48764038],[32.19208145,46.48764038],[32.19208145,46.48791504],[32.1906929,46.48791504],[32.1906929,46.48819351],[32.18930435,46.48819351],[32.18930435,46.48875046],[32.18875122,46.48875046],[32.18875122,46.48902893],[32.18736267,46.48902893],[32.18736267,46.4893074],[32.1870842,46.4893074],[32.1870842,46.48958206],[32.18652725,46.48958206],[32.18652725,46.4893074],[32.18624878,46.4893074],[32.18624878,46.48958206],[32.18569565,46.48958206],[32.18569565,46.48986053],[32.1848793,46.48986053],[32.1843071,46.48986053],[32.1843071,46.49013901],[32.18402863,46.49013901],[32.18402863,46.49041748],[32.18291855,46.49041748],[32.18291473,46.49069595],[32.18125153,46.49069595],[32.18125153,46.49124908],[32.18097305,46.49124908],[32.18097305,46.49097061],[32.18069458,46.49097061],[32.18069458,46.49124908],[32.1795845,46.49124908],[32.1795845,46.49152756],[32.17902756,46.49152756],[32.17902756,46.49180603],[32.17847061,46.49180603],[32.17847061,46.49236298],[32.1768074,46.49236298],[32.1768074,46.49263763],[32.17652893,46.49263763],[32.17652893,46.49291611],[32.1768074,46.49291611],[32.1768074,46.49319458],[32.17625046,46.49319458],[32.17625046,46.49291611],[32.17541504,46.49291611],[32.17541504,46.49263763],[32.17514038,46.49263763],[32.17514038,46.49291611],[32.17347336,46.49291611],[32.17347336,46.49347305],[32.17319489,46.49347305],[32.17319489,46.49375153],[32.17208481,46.49375153],[32.17208481,46.49430466],[32.17152786,46.49430466],[32.17152786,46.49458313],[32.17124939,46.49458313],[32.17124939,46.4948616],[32.17097092,46.4948616],[32.17097092,46.49514008],[32.17041779,46.49514008],[32.17041779,46.49541473],[32.16986084,46.49541855],[32.16986084,46.49569321],[32.16930389,46.49569321],[32.16930389,46.49541855],[32.16902924,46.49541855],[32.16902924,46.49597168],[32.16819382,46.49597168],[32.16819382,46.49625015],[32.16791534,46.49625015],[32.16791534,46.4968071],[32.16680527,46.4968071],[32.16680527,46.49708176],[32.16652679,46.49708176],[32.16652679,46.49791718],[32.16569519,46.49791718],[32.16569519,46.49819565],[32.16485977,46.49819565],[32.16485977,46.49874878],[32.16402817,46.49874878],[32.16402817,46.49902725],[32.16374969,46.49902725],[32.16374969,46.49930573],[32.16347122,46.49930573],[32.16347122,46.4995842],[32.16291809,46.4995842],[32.16291809,46.49986267],[32.16236115,46.49986267],[32.16236115,46.5004158],[32.1618042,46.5004158],[32.1618042,46.50069427],[32.16152954,46.50069427],[32.16152954,46.50097275],[32.16125107,46.50097275],[32.16125107,46.50152588],[32.16013718,46.50152588],[32.16013718,46.50180435],[32.16004944,46.50180435],[32.15958405,46.50180435],[32.15958405,46.5023613],[32.1590271,46.5023613],[32.1590271,46.50263977],[32.15847397,46.50263977],[32.15847397,46.5031929],[32.15791702,46.5031929],[32.15791702,46.50347137],[32.15763855,46.50347137],[32.15763855,46.50374985],[32.1570816,46.50374985],[32.1570816,46.50458145],[32.15625,46.50458145],[32.15625,46.50485992],[32.15597153,46.50485992],[32.15597153,46.50541687],[32.1554184,46.50541687],[32.1554184,46.50569534],[32.15513992,46.50569534],[32.15513992,46.50597382],[32.15458298,46.50597382],[32.15458298,46.50624847],[32.1543045,46.50624847],[32.1543045,46.50680542],[32.15402603,46.50680542],[32.15402603,46.50708389],[32.15375137,46.50708389],[32.15375137,46.50736237],[32.15319443,46.50736237],[32.15319443,46.5079155],[32.15208435,46.5079155],[32.15208435,46.50875092],[32.15180588,46.50875092],[32.15180588,46.50902939],[32.15124893,46.50902939],[32.15124893,46.50930405],[32.1506958,46.50930405],[32.1506958,46.50958252],[32.14902878,46.50958252],[32.14902878,46.50930405],[32.14875031,46.50930405],[32.14875031,46.50875092],[32.14902878,46.50875092],[32.14902878,46.50819397],[32.14875031,46.50819397],[32.14875031,46.5079155],[32.14791489,46.5079155],[32.14791489,46.50819397],[32.14736176,46.50819397],[32.14736176,46.50847244],[32.14513779,46.50847244],[32.14513779,46.50875092],[32.14430618,46.50875092],[32.14430618,46.50847244],[32.14374924,46.50847244],[32.14374924,46.50819397],[32.14347076,46.50819397],[32.14347076,46.50763702],[32.14402771,46.50763702],[32.14402771,46.50708389],[32.14430618,46.50708389],[32.14430618,46.50680542],[32.14569473,46.50680542],[32.14569473,46.50652695],[32.14708328,46.50652695],[32.14708328,46.50624847],[32.14736176,46.50624847],[32.14736176,46.50597382],[32.14875031,46.50597382],[32.14875031,46.50569534],[32.14958191,46.50569534],[32.14958191,46.50541687],[32.14930725,46.50541687],[32.14930725,46.50458527],[32.14958191,46.50458145],[32.14958191,46.50430679],[32.14986038,46.50430679],[32.14986038,46.50402832],[32.1506958,46.50402832],[32.1506958,46.50374985],[32.1515274,46.50374985],[32.1515274,46.50347137],[32.15180588,46.50347137],[32.15180588,46.5031929],[32.15263748,46.5031929],[32.15263748,46.5023613],[32.15291595,46.5023613],[32.15291595,46.50180435],[32.15375137,46.50180435],[32.15375137,46.50208282],[32.15402603,46.50208282],[32.15402603,46.50152969],[32.15486145,46.50152969],[32.15486145,46.5023613],[32.15513992,46.5023613],[32.15513992,46.50180435],[32.15569305,46.50180435],[32.15569305,46.50152588],[32.15513992,46.50152588],[32.15513992,46.50125122],[32.15458298,46.50125122],[32.15458298,46.50069427],[32.15486145,46.50069427],[32.15486145,46.4995842],[32.15513992,46.4995842],[32.15513992,46.49930573],[32.15569305,46.49930573],[32.15569305,46.49902725],[32.15625,46.49902725],[32.15625,46.49736023],[32.15680695,46.49736023],[32.15680695,46.49708176],[32.1570816,46.49708176],[32.1570816,46.4968071],[32.15763855,46.4968071],[32.15763855,46.49652863],[32.15791702,46.49652863],[32.15791702,46.49625015],[32.15874863,46.49625015],[32.15874863,46.49541855],[32.1590271,46.49541855],[32.1590271,46.4948616],[32.15930557,46.4948616],[32.15930557,46.49347305],[32.1590271,46.49347305],[32.1590271,46.49375153],[32.1581955,46.49375153],[32.1581955,46.49402618],[32.15874863,46.49402618],[32.15874863,46.49458313],[32.15680695,46.49458313],[32.15680695,46.49375153],[32.15597153,46.49375153],[32.15597153,46.49347305],[32.15569305,46.49347305],[32.15569305,46.49263763],[32.15566021369531,46.49263763],[32.15486145,46.49263763],[32.15486145,46.49282791538384],[32.15486145,46.49291611],[32.15458298,46.49291611],[32.15458298,46.49289425386561],[32.15458298,46.49263763],[32.1534729,46.49263763],[32.1534729,46.49291611],[32.15263748,46.49291611],[32.15263748,46.49263763],[32.15166562775443,46.49263763],[32.15041733,46.49293500507372],[32.15041733,46.49319458],[32.15013885,46.49319458],[32.15013885,46.49347305],[32.14930725,46.49347305],[32.14930725,46.49361801],[32.14930725,46.49375153],[32.14791489,46.49375153],[32.14791489,46.49402618],[32.14708328,46.49402618],[32.14708328,46.49375153],[32.14698978572354,46.49375153],[32.126377,46.498662],[32.08874893,46.49911513071938],[32.08874893,46.49930573],[32.08847046,46.49930573],[32.08847046,46.50001822101453],[32.08847046,46.5004158],[32.0890274,46.5004158],[32.0890274,46.50069427],[32.09013748,46.50069427],[32.09013748,46.50097275],[32.0909729,46.50097275],[32.0909729,46.50069427],[32.0918045,46.50069427],[32.0918045,46.50097275],[32.09236145,46.50097275],[32.09236145,46.5004158],[32.0929184,46.5004158],[32.0929184,46.50013733],[32.09402847,46.50013733],[32.09402847,46.5004158],[32.09430695,46.5004158],[32.09430695,46.50013733],[32.09736252,46.50013733],[32.09736252,46.49991113965422],[32.09736252,46.49986267],[32.09763718,46.49986267],[32.09763718,46.4995842],[32.09791565,46.4995842],[32.09791565,46.49986267],[32.0984726,46.49986267],[32.0984726,46.499897771674654],[32.0984726,46.5004158],[32.09875107,46.5004158],[32.09875107,46.50069427],[32.0984726,46.50069427],[32.0984726,46.50097275],[32.09819412,46.50097275],[32.09819412,46.50125122],[32.09791565,46.50125122],[32.09791565,46.50152588],[32.09819412,46.50152588],[32.09819412,46.50180435],[32.09875107,46.50180435],[32.09875107,46.50152588],[32.09902954,46.50152588],[32.09902954,46.50125122],[32.0993042,46.50125122],[32.0993042,46.50097275],[32.09958267,46.50097275],[32.09958267,46.50125122],[32.10013962,46.50125122],[32.10013962,46.50152588],[32.10069275,46.50152588],[32.10069275,46.50180435],[32.10097122,46.50180435],[32.10097122,46.50152588],[32.10235977,46.50152588],[32.10235977,46.5023613],[32.10319519,46.5023613],[32.10319519,46.50263977],[32.10291672,46.50263977],[32.10291672,46.50291824],[32.10319519,46.50291824],[32.10319519,46.50347137],[32.10402679,46.50347137],[32.10402679,46.50402832],[32.10319519,46.50402832],[32.10319519,46.50430679],[32.10291672,46.50430679],[32.10291672,46.50458145],[32.10319519,46.50458145],[32.10319519,46.50485992],[32.10347366,46.50485992],[32.10347366,46.50458145],[32.10430527,46.50458145],[32.10430527,46.50485992],[32.10486221,46.50485992],[32.10486221,46.5051384],[32.10541534,46.5051384],[32.10541534,46.50485992],[32.10652924,46.50485992],[32.10652924,46.5051384],[32.10680389,46.5051384],[32.10680389,46.50541687],[32.10791779,46.50541687],[32.10791779,46.50597382],[32.10763931,46.50597382],[32.10763931,46.50624847],[32.10708237,46.50624847],[32.10708237,46.50652695],[32.10902786,46.50652695],[32.10902786,46.50680542],[32.10985947,46.50680542],[32.10985947,46.50708389],[32.11013794,46.50708389],[32.11013794,46.50680542],[32.11097336,46.50680542],[32.11097336,46.5079155],[32.11125183,46.5079155],[32.11125183,46.50763702],[32.11208344,46.50763702],[32.11208344,46.50680542],[32.11264038,46.50680542],[32.11264038,46.50763702],[32.11319351,46.50763702],[32.11319351,46.50819397],[32.11347198,46.50819397],[32.11347198,46.50875092],[32.11375046,46.50875092],[32.11375046,46.50847244],[32.1143074,46.50847244],[32.1143074,46.50819397],[32.11458206,46.50819397],[32.11458206,46.50847244],[32.11569595,46.50847244],[32.11569595,46.50875092],[32.11624908,46.50875092],[32.11624908,46.50902939],[32.1170845,46.50902939],[32.1170845,46.50930405],[32.11791611,46.50930405],[32.11791611,46.50986099],[32.11819458,46.50986099],[32.11819458,46.51013947],[32.11875153,46.51013947],[32.11875153,46.51041794],[32.11902618,46.51041794],[32.11902618,46.51097107],[32.11875153,46.51097107],[32.11875153,46.51291656],[32.11819458,46.51291656],[32.11819458,46.51347351],[32.11763763,46.51347351],[32.11763763,46.51374817],[32.11791611,46.51374817],[32.11791611,46.51402664],[32.11847305,46.51402664],[32.11847305,46.51430511],[32.11791611,46.51430511],[32.11791611,46.51458359],[32.11819458,46.51458359],[32.11819458,46.51486206],[32.11791611,46.51486206],[32.11791611,46.51514053],[32.11930466,46.51514053],[32.11930466,46.51486206],[32.11902618,46.51486206],[32.11902618,46.51430511],[32.11958313,46.51430511],[32.11958313,46.51402664],[32.1198616,46.51402664],[32.1198616,46.51430511],[32.12014008,46.51430511],[32.12014008,46.51458359],[32.12041855,46.51458359],[32.12041855,46.51486206],[32.12014008,46.51486206],[32.12014008,46.51514053],[32.11958313,46.51514053],[32.11958313,46.51597214],[32.12014008,46.51597214],[32.12014008,46.51625061],[32.11958313,46.51625061],[32.11958313,46.51652908],[32.11736298,46.51652908],[32.11736298,46.51597214],[32.1170845,46.51597214],[32.1170845,46.51569366],[32.11569595,46.51569366],[32.11569595,46.51514053],[32.11486053,46.51514053],[32.11486053,46.51486206],[32.11458206,46.51486206],[32.11458206,46.51374817],[32.11180496,46.51374817],[32.11180496,46.51319504],[32.11125183,46.51319504],[32.11125183,46.51263809],[32.11097336,46.51263809],[32.11097336,46.51235962],[32.10985947,46.51235962],[32.10985947,46.51208496],[32.10930634,46.51208496],[32.10930634,46.51097107],[32.10902786,46.51097107],[32.10902786,46.51013947],[32.10874939,46.51013947],[32.10874939,46.51041794],[32.10680389,46.51041794],[32.10680389,46.51013947],[32.10708237,46.51013947],[32.10708237,46.50986099],[32.10680389,46.50986099],[32.10680389,46.50958252],[32.10569382,46.50958252],[32.10569382,46.50902939],[32.10486221,46.50902939],[32.10486221,46.50875092],[32.10374832,46.50875092],[32.10374832,46.50819397],[32.10347366,46.50819397],[32.10347366,46.50763702],[32.10263824,46.50763702],[32.10263824,46.50736237],[32.10208511,46.50736237],[32.10208511,46.50708389],[32.10152817,46.50708389],[32.10152817,46.50680542],[32.09986115,46.50680542],[32.09986115,46.50652695],[32.09902954,46.50652695],[32.09902954,46.50680542],[32.09875107,46.50680542],[32.09875107,46.50652695],[32.09819412,46.50652695],[32.09819412,46.50624847],[32.09791565,46.50624847],[32.09791565,46.50597382],[32.09708405,46.50597382],[32.09708405,46.50569534],[32.09680557,46.50569534],[32.09680557,46.50597382],[32.0965271,46.50597382],[32.0965271,46.50569534],[32.09541702,46.50569534],[32.09541702,46.50541687],[32.09513855,46.50541687],[32.09513855,46.5051384],[32.09486008,46.5051384],[32.09486008,46.50541687],[32.0945816,46.50541687],[32.0945816,46.5051384],[32.09319305,46.5051384],[32.09319305,46.50485992],[32.09263992,46.50485992],[32.09263992,46.5051384],[32.09125137,46.5051384],[32.09125137,46.50541687],[32.09041595,46.50541687],[32.09041595,46.5051384],[32.09013748,46.5051384],[32.09013748,46.50485992],[32.08763885,46.50485992],[32.08763885,46.5051384],[32.08652878,46.5051384],[32.08652878,46.50430679],[32.08708191,46.50430679],[32.08708191,46.50402832],[32.08763885,46.50402832],[32.08763885,46.50347137],[32.08736038,46.50347137],[32.08736038,46.5031929],[32.08708191,46.5031929],[32.08708191,46.50263977],[32.08680725,46.50263977],[32.08680725,46.50208282],[32.08652878,46.50208282],[32.08652878,46.5023613],[32.08597183,46.5023613],[32.08597183,46.50263977],[32.08486176,46.50263977],[32.08486176,46.5023613],[32.08458328,46.5023613],[32.08458328,46.50208282],[32.08430481,46.50208282],[32.08430481,46.5023613],[32.08347321,46.5023613],[32.08347321,46.50208282],[32.08319473,46.50208282],[32.08319473,46.50180435],[32.08263779,46.50180435],[32.08263779,46.50208282],[32.08235931,46.50208282],[32.08235931,46.5023613],[32.08208466,46.5023613],[32.08208466,46.50263977],[32.08152771,46.50263977],[32.08152771,46.50291824],[32.08124924,46.50291824],[32.08124924,46.5031929],[32.08097076,46.5031929],[32.08097076,46.50291824],[32.08041763,46.50291824],[32.08041763,46.50208282],[32.08097076,46.50208282],[32.08097076,46.50125122],[32.08124924,46.50125122],[32.08124924,46.50097275],[32.08152771,46.50097275],[32.08152771,46.50125122],[32.08208466,46.50125122],[32.08208466,46.50097275],[32.08235931,46.50097275],[32.08235931,46.50069427],[32.08208466,46.50069427],[32.08208466,46.5004158],[32.08180618,46.5004158],[32.08180618,46.50009847465293],[32.08180618,46.4995842],[32.08208466,46.4995842],[32.08208466,46.499195384249774],[32.078878,46.499234],[32.05680466,46.49223818571868],[32.05680466,46.49236298],[32.05708313,46.49236298],[32.05708313,46.49263763],[32.05680466,46.49263763],[32.05680466,46.49291611],[32.05652618,46.49291611],[32.05652618,46.49313971918611],[32.05652618,46.49347305],[32.05625153,46.49347305],[32.05625153,46.49375153],[32.05569458,46.49375153],[32.05569458,46.49402618],[32.05430603,46.49402618],[32.05430603,46.49430466],[32.05347061,46.49430466],[32.05347061,46.49458313],[32.05291748,46.49458313],[32.05291748,46.4948616],[32.05208206,46.4948616],[32.05208206,46.49458313],[32.0518074,46.49458313],[32.0518074,46.49430466],[32.05208206,46.49430466],[32.05208206,46.49402618],[32.05319595,46.49402618],[32.05319595,46.49375153],[32.05347061,46.49375153],[32.05347061,46.49347305],[32.05430603,46.49347305],[32.05430603,46.49291611],[32.05402756,46.49291611],[32.05402756,46.49236298],[32.05407540360053,46.49236298],[32.05430603,46.49236298],[32.05430603,46.4920845],[32.05486298,46.4920845],[32.05486298,46.49180603],[32.0545845,46.49180603],[32.0545845,46.491534539282085],[32.046395,46.488939],[32.04430389,46.48889847409514],[32.04430389,46.48902893],[32.04402924,46.48902893],[32.04402924,46.4893074],[32.04375076,46.4893074],[32.04375076,46.48958206],[32.04180527,46.48958206],[32.04180527,46.4893074],[32.04013824,46.4893074],[32.04013824,46.48958206],[32.03958511,46.48958206],[32.03958511,46.4893074],[32.03874969,46.4893074],[32.03874969,46.48958206],[32.03763962,46.48958206],[32.03763962,46.4893074],[32.0368042,46.4893074],[32.0368042,46.48958206],[32.03430557,46.48958206],[32.03430557,46.4893074],[32.0340271,46.4893074],[32.0340271,46.48902893],[32.0331955,46.48902893],[32.0331955,46.4893074],[32.03180695,46.4893074],[32.03180695,46.48902893],[32.03125,46.48902893],[32.03125,46.4893074],[32.03013992,46.4893074],[32.03013992,46.48902893],[32.02902603,46.48902893],[32.02902603,46.48875046],[32.02763748,46.48875046],[32.02763748,46.48857547753058],[32.02125168,46.488451720137],[32.02125168,46.48902893],[32.02097321,46.48902893],[32.02097321,46.4893074],[32.02069473,46.4893074],[32.02069473,46.48934088222292],[32.02069473,46.48958206],[32.01874924,46.48958206],[32.01874924,46.48986053],[32.01902771,46.48986053],[32.01902771,46.49013901],[32.01569366,46.49013901],[32.01569366,46.49069595],[32.01597214,46.49069595],[32.01597214,46.49091721],[32.01597214,46.49097061],[32.01652908,46.49097061],[32.01652908,46.49124908],[32.01597214,46.49124908],[32.01597214,46.49152756],[32.01625061,46.49152756],[32.01625061,46.4920845],[32.01652908,46.4920845],[32.01652908,46.49291611],[32.01680374,46.49291611],[32.01680374,46.49319458],[32.01708221,46.49319458],[32.01708221,46.49375153],[32.01736069,46.49375153],[32.01736069,46.49402618],[32.01763916,46.49402618],[32.01763916,46.49430466],[32.01791763,46.49430466],[32.01791763,46.49458313],[32.01819611,46.49458313],[32.01819611,46.4948616],[32.01847076,46.4948616],[32.01847076,46.49514008],[32.01958466,46.49514008],[32.01958466,46.49541855],[32.01985931,46.49541855],[32.01985931,46.49569321],[32.02013779,46.49569321],[32.02013779,46.49597168],[32.01985931,46.49597168],[32.01985931,46.49625015],[32.01958466,46.49625015],[32.01958466,46.49597168],[32.01847076,46.49597168],[32.01847076,46.49569321],[32.01819611,46.49569321],[32.01819611,46.49541855],[32.01791763,46.49541473],[32.01791763,46.49514008],[32.01763916,46.49514008],[32.01763916,46.4948616],[32.01736069,46.4948616],[32.01736069,46.49458313],[32.01708221,46.49458313],[32.01708221,46.49430466],[32.01652908,46.49430466],[32.01652908,46.49402618],[32.01625061,46.49402618],[32.01625061,46.49319458],[32.01597214,46.49319458],[32.01597214,46.49291611],[32.01569366,46.49291611],[32.01569366,46.4920845],[32.01541519,46.4920845],[32.01541519,46.49152756],[32.01458359,46.49152756],[32.01458359,46.49124908],[32.01430511,46.49124908],[32.01430511,46.49097061],[32.01514053,46.49097061],[32.01514053,46.49093628],[32.01514053,46.49069595],[32.01486206,46.49069595],[32.01486206,46.48958206],[32.01514053,46.48958206],[32.01514053,46.4893074],[32.01569366,46.4893074],[32.01569366,46.48924396103882],[32.01569366,46.48902893],[32.01625061,46.48902893],[32.01625061,46.48925475477965],[32.01625061,46.4893074],[32.01874924,46.4893074],[32.01874924,46.48930317845264],[32.01874924,46.48875046],[32.01847076,46.48875046],[32.01847076,46.48847198],[32.01736069,46.48847198],[32.01736069,46.48837631239156],[32.00958252,46.48822557073883],[32.00958252,46.48875046],[32.00847244,46.48875046],[32.00847244,46.48902893],[32.00680542,46.48902893],[32.00680542,46.48875046],[32.00597382,46.48875046],[32.00597382,46.48902893],[32.00485992,46.48902893],[32.00485992,46.48875046],[32.00458145,46.48875046],[32.00458145,46.48902860541465],[32.00458145,46.48902893],[32.00430679,46.48902893],[32.00430679,46.4893074],[32.00347137,46.4893074],[32.00347137,46.48902893],[32.00263977,46.48902893],[32.00263977,46.48958206],[32.00152969,46.48958206],[32.00152588,46.4893074],[32.0004158,46.4893074],[32.0004158,46.49013901],[32.00013733,46.49013901],[31.99986076,46.49013901],[31.9995842,46.49013901],[31.9995842,46.49069595],[31.9976387,46.49069595],[31.9976387,46.49097061],[31.99708366,46.49097061],[31.99708366,46.49069595],[31.99680519,46.49069595],[31.99680519,46.49041748],[31.99652863,46.49041748],[31.99652863,46.49013901],[31.99569511,46.49013901],[31.99569511,46.49041748],[31.99541664,46.49041748],[31.99541664,46.49069595],[31.99513817,46.49069595],[31.99513817,46.49097061],[31.99458313,46.49097061],[31.99458313,46.49124908],[31.99430466,46.49124908],[31.99430466,46.49152756],[31.99291611,46.49152756],[31.99291611,46.49124908],[31.99263954,46.49124908],[31.99263954,46.49078642762592],[31.99263954,46.49069595],[31.99236107,46.49069595],[31.99236107,46.49041748],[31.990401857133634,46.49041748],[31.99013901,46.490487372942745],[31.99013901,46.49097061],[31.99124908,46.49097061],[31.99124908,46.49115616172553],[31.99124908,46.49124908],[31.99152756,46.49124908],[31.99152756,46.49152756],[31.9920826,46.49152756],[31.9920826,46.49180603],[31.99180603,46.49180603],[31.99180603,46.4920845],[31.99124908,46.4920845],[31.99124908,46.49236298],[31.99097252,46.49236298],[31.99097252,46.49263763],[31.99041748,46.49263763],[31.99041748,46.49291611],[31.98902702,46.49291611],[31.98902702,46.49263763],[31.98847198,46.49263763],[31.98847198,46.49236298],[31.98819542,46.49236298],[31.98819351,46.4920845],[31.98791695,46.4920845],[31.98791695,46.49204220093917],[31.98791695,46.49152756],[31.98763847,46.49152756],[31.98763847,46.49124908],[31.98736191,46.49124908],[31.98736191,46.49122582380055],[31.97624969,46.49418064299722],[31.97624969,46.49458313],[31.97597313,46.49458313],[31.97597313,46.49514008],[31.97569466,46.49514008],[31.97569466,46.49529220265839],[31.97569466,46.49541473],[31.97541618,46.49541855],[31.97541618,46.49569321],[31.97486115,46.49569321],[31.97486115,46.49597168],[31.97458267,46.49597168],[31.97458267,46.49625015],[31.97291756,46.49625015],[31.97291756,46.49652863],[31.97263908,46.49652863],[31.97263908,46.4968071],[31.97236061,46.4968071],[31.97236061,46.49708176],[31.97097206,46.49708176],[31.97097206,46.4968071],[31.97069359,46.4968071],[31.97069359,46.49662202596453],[31.97069359,46.49652863],[31.97041702,46.49652863],[31.97041702,46.49625015],[31.97013855,46.49625015],[31.97013855,46.49597168],[31.96986198,46.49597168],[31.96986198,46.49587918101489],[31.95013809,46.50112390518388],[31.95013809,46.50125122],[31.95152855,46.50125122],[31.95152855,46.50097275],[31.95319366,46.50097275],[31.95319366,46.501275393103064],[31.95319366,46.50152588],[31.95263863,46.50152969],[31.95263863,46.50180435],[31.95208359,46.50180435],[31.95208359,46.50208282],[31.95125008,46.50208282],[31.95125008,46.5023613],[31.9509716,46.5023613],[31.9509716,46.50337601],[31.9509716,46.50458145],[31.95125008,46.50458145],[31.95125008,46.5051384],[31.95208359,46.5051384],[31.95208359,46.50541687],[31.95236206,46.50541687],[31.95236206,46.50569534],[31.95263863,46.50569534],[31.95263863,46.50597382],[31.9529171,46.50597382],[31.9529171,46.50569534],[31.95375061,46.50569534],[31.95375061,46.50541687],[31.95486069,46.50541687],[31.95486069,46.50569534],[31.95624924,46.50569534],[31.95624924,46.50597382],[31.95708275,46.50597382],[31.95708275,46.50652695],[31.95736122,46.50652695],[31.95736122,46.50736237],[31.95791626,46.50736237],[31.95791626,46.50763702],[31.95874977,46.50763702],[31.95874977,46.5079155],[31.95958328,46.5079155],[31.95958328,46.50847244],[31.9584713,46.50847244],[31.9584713,46.50819397],[31.95708275,46.50819397],[31.95708275,46.5079155],[31.95652771,46.5079155],[31.95652771,46.50680542],[31.95597267,46.50680542],[31.95597267,46.50652695],[31.95486069,46.50652695],[31.95486069,46.50624847],[31.95458412,46.50624847],[31.95458412,46.50597382],[31.95402718,46.50597382],[31.95402718,46.50624847],[31.95347214,46.50624847],[31.95347214,46.50652695],[31.95319366,46.50652695],[31.95319366,46.50708389],[31.9529171,46.50708389],[31.9529171,46.50736237],[31.95152855,46.50736237],[31.95152855,46.50708389],[31.95125008,46.50708389],[31.95125008,46.50652695],[31.9509716,46.50652695],[31.9509716,46.50624847],[31.95069504,46.50624847],[31.95069504,46.50597382],[31.95041656,46.50597382],[31.95041656,46.50541687],[31.95013809,46.50541687],[31.95013809,46.5051384],[31.94986153,46.5051384],[31.94986153,46.50485992],[31.94958305,46.50485992],[31.94958305,46.50430679],[31.94930649,46.50430679],[31.94930649,46.50370789],[31.94930649,46.5031929],[31.94958305,46.5031929],[31.94958305,46.50291824],[31.94986153,46.50291824],[31.94986153,46.50216143231814],[31.94986153,46.50208282],[31.94958305,46.50208282],[31.94958305,46.50152969],[31.94902802,46.50152588],[31.94902802,46.50141908077846],[31.93847275,46.50422580296557],[31.93847275,46.50430679],[31.93819427,46.50430679],[31.93819427,46.50485992],[31.9379158,46.50485992],[31.9379158,46.5051384],[31.93763924,46.5051384],[31.93763924,46.50541143404256],[31.93763924,46.50541687],[31.937618796980612,46.50541687],[31.93736076,46.50541687],[31.93736076,46.50548548403488],[31.93736076,46.50569534],[31.936571554122505,46.50569534],[31.93541718,46.50569534],[31.93541718,46.50597382],[31.93347168,46.50597382],[31.93347168,46.50624847],[31.93180466,46.50624847],[31.93180466,46.50652695],[31.929818801857355,46.50652695],[31.92652702,46.50740225846432],[31.92652702,46.50763702],[31.92597198,46.50763702],[31.92597198,46.5079155],[31.92569351,46.5079155],[31.92569351,46.50858789631916],[31.92569351,46.50902939],[31.924033183559278,46.50902939],[31.92180634,46.50902939],[31.92180634,46.50930405],[31.92152786,46.50930405],[31.92152786,46.50958252],[31.92124939,46.50958252],[31.92124939,46.509769622303146],[31.92124939,46.50986099],[31.92097282,46.50986099],[31.92097282,46.51013947],[31.919858502798736,46.51013947],[31.9193058,46.51013947],[31.9193058,46.50958252],[31.91875076,46.50958252],[31.91875076,46.50947002191089],[31.91513824,46.510430616953506],[31.91513824,46.5106926],[31.91541672,46.5106926],[31.91541672,46.51124954],[31.915683859645764,46.51124954],[31.91569519,46.51124954],[31.91569519,46.51180649],[31.91513824,46.51180649],[31.91513824,46.51208496],[31.91458321,46.51208496],[31.91458321,46.51235962],[31.91402817,46.51235962],[31.91402817,46.51263809],[31.91291618,46.51263809],[31.91291618,46.51235962],[31.91180611,46.51235962],[31.91180611,46.51228066371353],[31.91180611,46.51208496],[31.91069412,46.51208496],[31.91069412,46.51180649],[31.91067154198564,46.51180649],[31.90513802,46.517718388238826],[31.90513802,46.51791763],[31.90541649,46.51791763],[31.90541649,46.51878721161602],[31.90541649,46.51958466],[31.90458298,46.51958466],[31.90458298,46.51985931],[31.90430641,46.51985931],[31.90430641,46.52013779],[31.90402794,46.52013779],[31.90402794,46.52097321],[31.90374947,46.52097321],[31.90374947,46.52125168],[31.90597153,46.52125168],[31.90597153,46.52097321],[31.90680504,46.52097321],[31.90680504,46.52125168],[31.90708351,46.52125168],[31.90708351,46.52180481],[31.90736198,46.52180481],[31.90736198,46.52236176],[31.90763855,46.52236176],[31.90763855,46.52291489],[31.90791702,46.52291489],[31.90791702,46.52319336],[31.90875053,46.52319336],[31.90875053,46.52291489],[31.91041756,46.52291489],[31.91041756,46.52319336],[31.91124916,46.52319336],[31.91124916,46.52291489],[31.91180611,46.52291489],[31.91180611,46.52375031],[31.91069412,46.52375031],[31.91069412,46.52402878],[31.91041756,46.52402878],[31.91041756,46.52430725],[31.90847206,46.52430725],[31.90847206,46.52402878],[31.90763855,46.52402878],[31.90763855,46.52430725],[31.90736198,46.52430725],[31.90736198,46.52402878],[31.90708351,46.52402878],[31.90708351,46.52347183],[31.90736198,46.52347183],[31.90736198,46.52319336],[31.90597153,46.52319336],[31.90597153,46.52291489],[31.90541649,46.52291489],[31.90541649,46.52264023],[31.90513802,46.52264023],[31.90513802,46.52291489],[31.90319443,46.52291489],[31.90319443,46.52319336],[31.90291595,46.52319336],[31.90291595,46.52347183],[31.90208244,46.52347183],[31.90208244,46.52375031],[31.90125084,46.52375031],[31.90125084,46.52347183],[31.89986038,46.52347183],[31.89986038,46.52375031],[31.89902687,46.52375031],[31.89902687,46.52402878],[31.89847183,46.52402878],[31.89847183,46.52458191],[31.89819527,46.52458191],[31.89819527,46.52541733],[31.89791679,46.52541733],[31.89791679,46.52597046],[31.89763832,46.52597046],[31.89763832,46.52624893],[31.89624977,46.52624893],[31.89624977,46.5265274],[31.89569473,46.5265274],[31.89569473,46.52680588],[31.89541626,46.52680588],[31.89541626,46.52708435],[31.89513969,46.52708435],[31.89513969,46.52736282],[31.89458275,46.52736282],[31.89458275,46.52763748],[31.89374924,46.52763748],[31.89374924,46.52791595],[31.8931942,46.52791595],[31.8931942,46.52763748],[31.89152718,46.52763748],[31.89152718,46.52791595],[31.89097214,46.52791595],[31.89097214,46.52819443],[31.89069366,46.52819443],[31.89069366,46.5284729],[31.89013863,46.5284729],[31.89013863,46.52875137],[31.88958359,46.52875137],[31.88958359,46.52902603],[31.88902855,46.52902603],[31.88902855,46.5293045],[31.8884716,46.5293045],[31.8884716,46.52958298],[31.88791656,46.52958298],[31.88791656,46.52986145],[31.88708305,46.52986145],[31.88708305,46.53013992],[31.88680649,46.53013992],[31.88680458,46.5304184],[31.88624954,46.5304184],[31.88624954,46.53069305],[31.88597298,46.53069305],[31.88597298,46.53097153],[31.88263893,46.53097153],[31.88263893,46.53125],[31.88208389,46.53125],[31.88208389,46.53152847],[31.88152695,46.53152847],[31.88152695,46.53069305],[31.88208389,46.53069305],[31.88208389,46.5304184],[31.88458252,46.5304184],[31.88458252,46.53013992],[31.88486099,46.53013992],[31.88486099,46.52986145],[31.88541603,46.52986145],[31.88541603,46.52958298],[31.88597298,46.52958298],[31.88597298,46.5293045],[31.88624954,46.5293045],[31.88624954,46.52875137],[31.88652802,46.52875137],[31.88652802,46.52791595],[31.88680649,46.52791595],[31.88680649,46.52763748],[31.88708305,46.52763748],[31.88708305,46.52736282],[31.8884716,46.52736282],[31.8884716,46.52708435],[31.88902855,46.52708435],[31.88902855,46.52680588],[31.88958359,46.52680588],[31.88958359,46.5265274],[31.88986206,46.5265274],[31.88986206,46.52624893],[31.8904171,46.52624893],[31.8904171,46.52597046],[31.89125061,46.52597046],[31.89125061,46.52624893],[31.89180565,46.52624893],[31.89180565,46.5265274],[31.89236069,46.5265274],[31.89236069,46.52624893],[31.89291573,46.52624893],[31.89291763,46.5256958],[31.8931942,46.5256958],[31.8931942,46.52541733],[31.89541626,46.52541733],[31.89541626,46.52513885],[31.89569473,46.52513885],[31.89569473,46.52458191],[31.8959713,46.52458191],[31.8959713,46.52402878],[31.89624977,46.52402878],[31.89624977,46.52375031],[31.89680481,46.52375031],[31.89680481,46.52347183],[31.89708328,46.52347183],[31.89708328,46.52319336],[31.89736176,46.52319336],[31.89736176,46.52236176],[31.89763832,46.52236176],[31.89763832,46.52208328],[31.89847183,46.52208328],[31.89847183,46.52152634],[31.89736176,46.52152634],[31.89736176,46.52125168],[31.89708328,46.52125168],[31.89708328,46.52097321],[31.89680481,46.52097321],[31.89680481,46.52069473],[31.89652824,46.52069473],[31.89652824,46.52041626],[31.89680481,46.52041626],[31.89680481,46.52013779],[31.89708328,46.52013779],[31.89708328,46.519475968399476],[31.89708328,46.51930618],[31.89763832,46.51930618],[31.89763832,46.51874924],[31.89791679,46.51874924],[31.89791679,46.518591001123774],[31.881562,46.518298],[31.864914,46.517622],[31.807071,46.529464],[31.756921,46.547955],[31.697651,46.545034],[31.662856,46.536405],[31.631498,46.540518],[31.581672,46.537248],[31.554083,46.545465],[31.530518,46.557632],[31.513416,46.580829],[31.511296,46.57669],[31.52162,46.561607],[31.54695,46.538732],[31.574866412226122,46.52347183],[31.57458305,46.52347183],[31.57458305,46.52319336],[31.57430649,46.52319336],[31.57430649,46.52263039247275],[31.57430649,46.52208328],[31.57530736610623,46.52208328],[31.57541656,46.52208328],[31.57541656,46.52236176],[31.5759716,46.52236176],[31.5759716,46.52264023],[31.57625008,46.52264023],[31.57625008,46.52271546470198],[31.60902786,46.50479788664893],[31.60902786,46.50458527],[31.60930634,46.50458145],[31.60930634,46.50430679],[31.60986137,46.50430679],[31.60986137,46.50402832],[31.61013794,46.50402832],[31.61013985,46.50374985],[31.61069489,46.50374985],[31.61069489,46.50347137],[31.61097145,46.50347137],[31.61097145,46.5031929],[31.6115284,46.5031929],[31.6115284,46.50291824],[31.61180496,46.50291824],[31.61180496,46.50263977],[31.61297584183792,46.50263977],[31.614245,46.501946],[31.65675,46.468916],[31.6943,46.440337],[31.724946,46.414472],[31.74521,46.386432],[31.75597191,46.380690535300054],[31.75597191,46.38041687],[31.75625038,46.38041687],[31.75625038,46.3801384],[31.75652695,46.3801384],[31.75652695,46.37985992],[31.75680542,46.37985992],[31.75680542,46.37958145],[31.75708389,46.37958145],[31.75708389,46.37930679],[31.75736046,46.37930679],[31.75736046,46.37881388328757],[31.75736046,46.37874985],[31.75748048611741,46.37874985],[31.75763893,46.37874985],[31.75763893,46.378665321041495],[31.75763893,46.37847137],[31.7579174,46.37847137],[31.7579174,46.3781929],[31.75819397,46.3781929],[31.75819397,46.37791824],[31.75847244,46.37791824],[31.75847244,46.37763977],[31.75902748,46.37763977],[31.75902748,46.3773613],[31.75930595,46.3773613],[31.75930595,46.37726974],[31.75930595,46.37708282],[31.75986099,46.37708282],[31.75986099,46.37680435],[31.76013947,46.37680435],[31.76013947,46.37652588],[31.7606945,46.37652588],[31.7606945,46.37625122],[31.76097298,46.37625122],[31.76097298,46.37597275],[31.76152802,46.37597275],[31.76152802,46.37569427],[31.76180458,46.37569427],[31.76180649,46.3754158],[31.76208305,46.3754158],[31.76208305,46.37513733],[31.76263809,46.37513733],[31.76263809,46.37486267],[31.76291656,46.37486267],[31.76291656,46.3745842],[31.7634716,46.3745842],[31.7634716,46.37430573],[31.76375008,46.37430573],[31.76375008,46.37402725],[31.76430511,46.37402725],[31.76430511,46.37374878],[31.76458359,46.37374878],[31.76458359,46.37347412],[31.76513863,46.37347031],[31.76513863,46.37319565],[31.7654171,46.37319565],[31.7654171,46.37291718],[31.76597214,46.37291718],[31.76597214,46.3726387],[31.76625061,46.3726387],[31.76625061,46.37236023],[31.76847267,46.37236023],[31.76847267,46.3726387],[31.768935428293194,46.3726387],[31.76902771,46.3726387],[31.76902771,46.37291718],[31.76847267,46.37291718],[31.76847267,46.37319565],[31.76789146274871,46.37319565],[31.76736069,46.37319565],[31.76736069,46.37347412],[31.76652718,46.37347412],[31.76652718,46.37374878],[31.76625061,46.37374878],[31.76625061,46.37402725],[31.76569366,46.37402725],[31.76569366,46.37430573],[31.7654171,46.37430573],[31.7654171,46.374515709210925],[31.7654171,46.3745842],[31.76528871859429,46.3745842],[31.76513863,46.3745842],[31.76513863,46.37466427145737],[31.76513863,46.37486267],[31.76486206,46.37486267],[31.76486206,46.37513733],[31.76430511,46.37513733],[31.76430511,46.3754158],[31.76402855,46.3754158],[31.76402855,46.37625122],[31.76375008,46.37625122],[31.76375008,46.37654089192958],[31.773838,46.371159],[31.776887,46.37412],[31.737666,46.426222],[31.720264,46.433355],[31.706976,46.445455],[31.697124,46.447264],[31.696917,46.457512],[31.704264,46.466577],[31.716453,46.478678],[31.742039,46.485338],[31.770904,46.484579],[31.797018,46.478139],[31.892118,46.456829],[31.952823,46.437483],[31.974844,46.439231],[32.002243,46.453458],[32.029038,46.437569],[32.035568,46.416592],[32.009049,46.364143],[31.969769,46.348389],[31.868275,46.334384],[31.823448,46.337131],[31.772538,46.327173],[31.745589,46.30605],[31.747738,46.298168],[31.758091,46.294869],[31.768016,46.296545],[31.774506,46.293952],[31.771212,46.288867],[31.775544,46.28549],[31.77511,46.282294],[31.782128,46.276867],[31.783287,46.272539],[31.777196,46.268157],[31.779602,46.264496],[31.784407,46.265113],[31.784514,46.268892],[31.791702,46.273917],[31.809724,46.272123],[31.814358,46.269477],[31.813241,46.264773],[31.818304,46.26434],[31.834694,46.266167],[31.833142,46.269821],[31.835191,46.272857],[31.847697,46.267951],[31.850738,46.268283],[31.86122,46.272172],[31.870831,46.265803],[31.87208366,46.26559870182334],[31.87208366,46.26541519],[31.87236023,46.26541519],[31.87236023,46.26514053],[31.8726387,46.26514053],[31.8726387,46.26486206],[31.87291718,46.26486206],[31.87291718,46.26458359],[31.87375069,46.26458359],[31.87375069,46.26486206],[31.87402725,46.26486206],[31.87402725,46.26514053],[31.8745842,46.26514053],[31.8745842,46.26541519],[31.87486076,46.26541519],[31.87486076,46.26569366],[31.87513924,46.26569366],[31.87513924,46.26597214],[31.8754158,46.26597214],[31.8754158,46.26652895824271],[31.883288,46.273445],[31.895066,46.280773],[31.904488,46.297468],[31.936819,46.292171],[31.943742,46.285588],[31.95041656,46.27451647365615],[31.95041656,46.27402878],[31.95069504,46.27402878],[31.95069504,46.27347183],[31.9509716,46.27347183],[31.9509716,46.27291489],[31.95125008,46.27291489],[31.95125008,46.27236176],[31.95152855,46.27236176],[31.95152855,46.27208328],[31.95180511,46.27208328],[31.95180511,46.27152634],[31.95208359,46.27152634],[31.95208359,46.27097321],[31.95236206,46.27097321],[31.95236206,46.27041626],[31.95263863,46.27041626],[31.95263863,46.27019119],[31.95263863,46.27013779],[31.9529171,46.27013779],[31.9529171,46.26985931],[31.95319366,46.26985931],[31.95319366,46.26958466],[31.95338974410619,46.26958466],[31.955596,46.265925],[31.969511,46.257237],[32.028542,46.245625],[32.051416,46.249814],[32.077751,46.238949],[32.087826,46.22149],[32.12115,46.204421],[32.165963,46.196922],[32.187022,46.175695],[32.20613,46.172209],[32.208103,46.186828],[32.221809,46.187739],[32.239877,46.178544],[32.227939,46.168376],[32.238387,46.149805],[32.226750314526484,46.1329155],[32.22541809,46.1329155],[32.22541809,46.13306436927503],[32.22541809,46.13319397],[32.22458267,46.13319397],[32.22458267,46.13347244],[32.2243042,46.13347244],[32.2243042,46.13375092],[32.22291565,46.13375092],[32.22291565,46.13347244],[32.22236252,46.13347244],[32.22236252,46.13375092],[32.21986008,46.13375092],[32.21986008,46.13402939],[32.2195816,46.13402939],[32.2195816,46.13430405],[32.21902847,46.13430405],[32.21902847,46.13458252],[32.21869659,46.13458252],[32.21847153,46.13458252],[32.21847153,46.13430405],[32.21763992,46.13430405],[32.21763992,46.13486099],[32.21652603,46.13486099],[32.21652603,46.13513947],[32.21625137,46.13513947],[32.21625137,46.13486099],[32.21569443,46.13486099],[32.21569443,46.13513947],[32.21430588,46.13513947],[32.21430588,46.13541794],[32.21263885,46.13541794],[32.21263885,46.1356926],[32.21236038,46.1356926],[32.21236038,46.13597107],[32.21180725,46.13597107],[32.21180725,46.13624954],[32.21152878,46.13624954],[32.21152878,46.13652802],[32.21125031,46.13652802],[32.21125031,46.13680649],[32.21069336,46.13680649],[32.21069336,46.13652802],[32.20958328,46.13652802],[32.20958328,46.13680649],[32.20902634,46.13680649],[32.20902634,46.13708496],[32.20847321,46.13708496],[32.20847321,46.13735962],[32.20791626,46.13735962],[32.20791626,46.13763809],[32.20735931,46.13763809],[32.20735931,46.13735962],[32.20680618,46.13735962],[32.20680618,46.13763809],[32.20541763,46.13763809],[32.20541763,46.13708496],[32.20513916,46.13708496],[32.20513916,46.13763809],[32.20458221,46.13763809],[32.20458221,46.13791656],[32.20402908,46.13791656],[32.20402908,46.13819504],[32.20347214,46.13819504],[32.20347214,46.13847351],[32.20264053,46.13847351],[32.20264053,46.13819504],[32.20124817,46.13819504],[32.20124817,46.13847351],[32.20041656,46.13847351],[32.20041656,46.13874817],[32.19958496,46.13874817],[32.19958496,46.13902664],[32.19847107,46.13902664],[32.19847107,46.13930511],[32.1981926,46.13930511],[32.1981926,46.13958359],[32.19791794,46.13958359],[32.19791794,46.13930511],[32.19763947,46.13930511],[32.19763947,46.13958359],[32.19680405,46.13958359],[32.19680405,46.13986206],[32.19597244,46.13986206],[32.19597244,46.14014053],[32.1954155,46.14014053],[32.1954155,46.14041519],[32.19513702,46.14041519],[32.19513702,46.14069366],[32.19458389,46.14069366],[32.19458389,46.14152908],[32.19430542,46.14152908],[32.19430542,46.14180374],[32.18624878,46.14180374],[32.18624878,46.14208221],[32.18597412,46.14208221],[32.18597031,46.14236069],[32.18569565,46.14236069],[32.18569565,46.14291763],[32.1851387,46.14291763],[32.1851387,46.14319611],[32.1843071,46.14319611],[32.1843071,46.14347076],[32.18319321,46.14347076],[32.18319321,46.14374924],[32.1823616,46.14374924],[32.1823616,46.14402771],[32.18125153,46.14402771],[32.18125153,46.14430618],[32.17930603,46.14430618],[32.17930603,46.14458466],[32.17763901,46.14458466],[32.17763901,46.14485931],[32.17736053,46.14485931],[32.17736053,46.14513779],[32.17597198,46.14513779],[32.17597198,46.14485931],[32.17569351,46.14485931],[32.17569351,46.14513779],[32.17458344,46.14513779],[32.17458344,46.14541626],[32.17291641,46.14541626],[32.17291641,46.14569473],[32.17097092,46.14569473],[32.17097092,46.14597321],[32.16930389,46.14597321],[32.16930389,46.14625168],[32.16875076,46.14625168],[32.16875076,46.14652634],[32.16819382,46.14652634],[32.16819382,46.14680481],[32.16764069,46.14680481],[32.16764069,46.14708328],[32.16736221,46.14708328],[32.16736221,46.14736176],[32.16680527,46.14736176],[32.16680527,46.14764023],[32.16513824,46.14764023],[32.16513824,46.14736176],[32.16374969,46.14736176],[32.16374969,46.14764023],[32.16319275,46.14764023],[32.16319275,46.14791489],[32.16291809,46.14791489],[32.16291809,46.14819336],[32.1609726,46.14819336],[32.1609726,46.14847183],[32.16069412,46.14847183],[32.16069412,46.14819336],[32.1590271,46.14819336],[32.1590271,46.14847183],[32.15847397,46.14847183],[32.15847397,46.14875031],[32.1581955,46.14875031],[32.1581955,46.14902878],[32.1570816,46.14902878],[32.1570816,46.14875031],[32.15402603,46.14875031],[32.15402603,46.14902878],[32.15319443,46.14902878],[32.15319443,46.14930725],[32.15263748,46.14930725],[32.15263748,46.14958191],[32.15236282,46.14958191],[32.15236282,46.14986038],[32.15180588,46.14986038],[32.15180588,46.15013885],[32.1506958,46.15013885],[32.1506958,46.15041733],[32.14986038,46.15041733],[32.14986038,46.1506958],[32.14930725,46.1506958],[32.14930725,46.15041733],[32.14902878,46.15041733],[32.14902878,46.15013885],[32.14847183,46.15013885],[32.14847183,46.15041733],[32.14819336,46.15041733],[32.14819336,46.15097046],[32.14764023,46.15097046],[32.14764023,46.15124893],[32.14736176,46.15124893],[32.14736176,46.1515274],[32.14708328,46.1515274],[32.14708328,46.15180588],[32.14430618,46.15180588],[32.14430618,46.15208435],[32.14236069,46.15208435],[32.14236069,46.15236282],[32.14014053,46.15236282],[32.14014053,46.15263748],[32.13819504,46.15263748],[32.13819504,46.15291595],[32.13624954,46.15291595],[32.13624954,46.15319443],[32.13513947,46.15319443],[32.13513947,46.1534729],[32.13402939,46.1534729],[32.13402939,46.15375137],[32.13263702,46.15375137],[32.13263702,46.15402603],[32.13152695,46.15402603],[32.13152695,46.1543045],[32.13041687,46.1543045],[32.13041687,46.15458298],[32.12930679,46.15458298],[32.12930679,46.15486145],[32.12791824,46.15486145],[32.12791824,46.15513992],[32.12625122,46.15513992],[32.12625122,46.1554184],[32.12486267,46.1554184],[32.12486267,46.15569305],[32.12347412,46.15569305],[32.12347031,46.15597153],[32.12319565,46.15597153],[32.12319565,46.15680695],[32.12291718,46.15680695],[32.12291718,46.1570816],[32.1226387,46.1570816],[32.1226387,46.15736008],[32.1218071,46.15736008],[32.1218071,46.15680695],[32.12152863,46.15680695],[32.12152863,46.15652847],[32.11958313,46.15652847],[32.11958313,46.15680695],[32.11930466,46.15680695],[32.11930466,46.15763855],[32.11958313,46.15763855],[32.11958313,46.15791702],[32.1198616,46.15791702],[32.1198616,46.1581955],[32.12014008,46.1581955],[32.12014008,46.15847397],[32.1198616,46.15847397],[32.1198616,46.15874863],[32.11930466,46.15874863],[32.11930466,46.1590271],[32.11763763,46.1590271],[32.11763763,46.15874863],[32.11624908,46.15874863],[32.11624908,46.15847397],[32.11513901,46.15847397],[32.11513901,46.1581955],[32.11270905,46.1581955],[32.11180496,46.1581955],[32.11180496,46.15847397],[32.10958481,46.15847397],[32.10958481,46.15874863],[32.10902786,46.15874863],[32.10902786,46.1590271],[32.10847092,46.1590271],[32.10847092,46.15930557],[32.10791779,46.15930557],[32.10791779,46.15958405],[32.10736084,46.15958405],[32.10736084,46.15986252],[32.10625076,46.15986252],[32.10625076,46.16013718],[32.10514069,46.16013718],[32.10514069,46.16041565],[32.10347366,46.16041565],[32.10347366,46.16013718],[32.10319519,46.16013718],[32.10319519,46.16041565],[32.10291672,46.16041565],[32.10291672,46.16013718],[32.10235977,46.16013718],[32.10235977,46.16041565],[32.10013962,46.16041565],[32.10013962,46.16069412],[32.09791565,46.16069412],[32.09791565,46.1609726],[32.0965271,46.1609726],[32.0965271,46.16125107],[32.09513855,46.16125107],[32.09513855,46.16152954],[32.09375,46.16152954],[32.09375,46.1618042],[32.09236145,46.1618042],[32.09236145,46.16208267],[32.08958435,46.16208267],[32.08958435,46.16236115],[32.0890274,46.16236115],[32.0890274,46.16208267],[32.08791733,46.16208267],[32.08791733,46.16236115],[32.08680725,46.16236115],[32.08680725,46.16263962],[32.08597183,46.16263962],[32.08597183,46.16291809],[32.08514023,46.16291809],[32.08514023,46.16319275],[32.08402634,46.16319275],[32.08402634,46.16347122],[32.08375168,46.16347122],[32.08375168,46.16374969],[32.08347321,46.16374969],[32.08347321,46.16394043],[32.08347321,46.16430664],[32.08091736,46.16430664],[32.07819366,46.16430664],[32.07819366,46.16458511],[32.07736206,46.16458511],[32.07736206,46.16481781],[32.07736206,46.16485977],[32.07708359,46.16485977],[32.07708359,46.1649839677213],[32.07708359,46.16513824],[32.07680511,46.16513824],[32.07680511,46.16541672],[32.07652664,46.16541672],[32.07652664,46.16569519],[32.07624817,46.16569519],[32.07624817,46.16597366],[32.07569504,46.16597366],[32.07569504,46.1661098557006],[32.07982,46.165498],[32.08271,46.166345],[32.082855,46.16737],[32.077824,46.166905],[32.067755,46.168159],[32.059059,46.170244],[32.053882,46.17053],[32.05347061,46.17076446511564],[32.05347061,46.17124939],[32.05374908,46.17124939],[32.05374908,46.17176938024057],[32.05374908,46.17180634],[32.05368423134101,46.17180634],[32.05291748,46.17180634],[32.05291748,46.17208481],[32.05236053,46.17208481],[32.05236053,46.17235947],[32.05097198,46.17235947],[32.05097198,46.17263794],[32.04970727609589,46.17263794],[32.046073,46.172892],[32.040981,46.172443],[32.040351,46.173599],[32.03569412,46.17477331663776],[32.03569412,46.17569351],[32.03513718,46.17569351],[32.03513718,46.17587084368485],[32.03513718,46.17597198],[32.03486252,46.17597198],[32.03486252,46.17625046],[32.0340271,46.17625046],[32.0340271,46.17615077098597],[32.0340271,46.17597198],[32.0331955,46.17597198],[32.0331955,46.17569351],[32.03291702,46.17569351],[32.03291702,46.17597198],[32.03236008,46.17597198],[32.03236008,46.17641775303611],[32.03236008,46.17652893],[32.0320816,46.17652893],[32.0320816,46.1768074],[32.03180695,46.1768074],[32.03180695,46.17652893],[32.03097153,46.17652893],[32.03097153,46.17649182054822],[32.03097153,46.17569351],[32.03125,46.17569351],[32.03125,46.17557466665371],[32.02986145,46.17564873417052],[32.02986145,46.17569351],[32.03013992,46.17569351],[32.03013992,46.17625046],[32.02986145,46.17625046],[32.02986145,46.17652893],[32.02958298,46.17652893],[32.02958298,46.17625046],[32.02902603,46.17625046],[32.02902603,46.17652893],[32.02875137,46.17652893],[32.02875137,46.17625046],[32.0284729,46.17625046],[32.0284729,46.17652893],[32.02791595,46.17652893],[32.02791595,46.17597198],[32.02736282,46.17597198],[32.02736282,46.17625046],[32.0265274,46.17625046],[32.0265274,46.17597198],[32.02624893,46.17597198],[32.02624893,46.17625046],[32.0256958,46.17625046],[32.0256958,46.17652893],[32.02430725,46.17652893],[32.02430725,46.17625046],[32.02402878,46.17625046],[32.02402878,46.17652893],[32.02319336,46.17652893],[32.02319336,46.1768074],[32.02236176,46.1768074],[32.02236176,46.17695107966294],[32.02236176,46.17708206],[32.02291489,46.17708206],[32.02291489,46.17736053],[32.02180481,46.17736053],[32.02180481,46.17708206],[32.02097321,46.17708206],[32.02097321,46.17702514717505],[32.02097321,46.1768074],[32.02069473,46.1768074],[32.02069473,46.17704000175053],[32.02069473,46.17708206],[32.01990626039112,46.17708206],[32.01958466,46.17708206],[32.01958466,46.17683411],[32.01874924,46.1768074],[32.01874924,46.17708206],[32.01763916,46.17708206],[32.01763916,46.1768074],[32.01736069,46.1768074],[32.01736069,46.17708206],[32.01680374,46.17708206],[32.01680374,46.17724755347639],[32.01680374,46.17736053],[32.01652908,46.17736053],[32.01652908,46.177262204286855],[32.01652908,46.17708206],[32.01541519,46.17708206],[32.01541519,46.1768074],[32.01347351,46.1768074],[32.01347351,46.17652893],[32.01336034436589,46.17652893],[32.007135,46.176861],[31.99902725,46.177801867099795],[31.99902725,46.17819595],[31.99791718,46.17819595],[31.99791718,46.17847061],[31.99680519,46.17847061],[31.99680519,46.17874908],[31.99086481622659,46.17874908],[31.98541641,46.17938134248527],[31.98541641,46.1795845],[31.98486137,46.1795845],[31.98486137,46.17986298],[31.9845829,46.17986298],[31.9845829,46.18013763],[31.98402786,46.18013763],[31.98402786,46.18041611],[31.98347282,46.18041611],[31.98347282,46.18051900509787],[31.98347282,46.18069458],[31.98208427,46.18069458],[31.98208237,46.18097305],[31.98069382,46.18097305],[31.98069382,46.18125153],[31.97930527,46.18125153],[31.97930527,46.18152618],[31.97597313,46.18152618],[31.97597313,46.18264008],[31.97569466,46.18264008],[31.97569466,46.18291473],[31.97486115,46.18291855],[31.97486115,46.18319321],[31.9734726,46.18319321],[31.9734726,46.18264008],[31.97319412,46.18264008],[31.97319412,46.1823616],[31.97225761,46.1823616],[31.97180557,46.1823616],[31.97180557,46.18208313],[31.97069359,46.18208313],[31.97069359,46.1823616],[31.97013855,46.1823616],[31.97013855,46.18264008],[31.96986198,46.18264008],[31.96986198,46.18291473],[31.96930504,46.18291855],[31.96930504,46.18319321],[31.96174743872265,46.18319321],[31.96013832,46.18319321],[31.96013832,46.1833983703841],[31.96013832,46.18347168],[31.959563336306104,46.18347168],[31.95680618,46.18347168],[31.95680618,46.18319321],[31.954573396564488,46.18319321],[31.95402718,46.18326285182049],[31.95402718,46.18347168],[31.9529171,46.18347168],[31.9529171,46.18375015],[31.95069504,46.18375015],[31.95069504,46.18402863],[31.94874954,46.18402863],[31.94874954,46.1843071],[31.9481945,46.1843071],[31.9481945,46.18458176],[31.94791603,46.18458176],[31.94791603,46.18486023],[31.94652748,46.18486023],[31.94652748,46.18458176],[31.94597244,46.18458176],[31.94597244,46.18486023],[31.94569397,46.18486023],[31.94569397,46.1851387],[31.94458389,46.1851387],[31.94458389,46.18486023],[31.94402695,46.18486023],[31.94402695,46.1851387],[31.94347191,46.1851387],[31.94347191,46.18541718],[31.94291687,46.18541718],[31.94291687,46.18559408114619],[31.94291687,46.18569565],[31.94236183,46.18569565],[31.94236183,46.18597031],[31.94180489,46.18597412],[31.94180489,46.18624878],[31.94124985,46.18624878],[31.94124985,46.18652725],[31.94041634,46.18652725],[31.94041634,46.18680573],[31.93958282,46.18680573],[31.93958282,46.1870842],[31.931229534958348,46.1870842],[31.92541695,46.1870842],[31.92541695,46.18736267],[31.92374992,46.18736267],[31.92374992,46.18763733],[31.9220829,46.18763733],[31.9220829,46.1879158],[31.92041588,46.1879158],[31.92041588,46.18819427],[31.91534895077935,46.18819427],[31.914504,46.188302],[31.88319397,46.19383042963506],[31.88319397,46.19402695],[31.88236046,46.19402695],[31.88236046,46.19430542],[31.88152695,46.19430542],[31.88152695,46.19458389],[31.88069534,46.19458389],[31.88069534,46.19486237],[31.87958336,46.19486237],[31.87958336,46.19513702],[31.87874985,46.19513702],[31.87874985,46.1954155],[31.87791634,46.1954155],[31.87791634,46.1956905757637],[31.87791634,46.19569397],[31.877897116901366,46.19569397],[31.87708282,46.19569397],[31.87708282,46.195837750987316],[31.87708282,46.19597244],[31.876320015072043,46.19597244],[31.87624931,46.19597244],[31.87624931,46.19598492444523],[31.87624931,46.19625092],[31.87569427,46.19625092],[31.87569427,46.19652939],[31.87486076,46.19652939],[31.87486076,46.19680405],[31.87402725,46.19680405],[31.87402725,46.19708252],[31.87347221,46.19708252],[31.87347221,46.19736099],[31.87180519,46.19736099],[31.87180519,46.19708252],[31.87208366,46.19708252],[31.87208366,46.19680405],[31.871610230706427,46.19680405],[31.87152863,46.19680405],[31.87152863,46.19652939],[31.87097168,46.19652939],[31.87097168,46.19625092],[31.87069511,46.19625092],[31.87069511,46.19603736038627],[31.86930466,46.196282872926055],[31.86930466,46.19652939],[31.8698616,46.19652939],[31.8698616,46.19680405],[31.87013817,46.19680405],[31.87013817,46.197063972813666],[31.87013817,46.19708252],[31.870033128877104,46.19708252],[31.8698616,46.19708252],[31.8698616,46.19711280697673],[31.8698616,46.19736099],[31.86958313,46.19736099],[31.86958313,46.19763947],[31.86687886858356,46.19763947],[31.86624908,46.19763947],[31.86624908,46.19736099],[31.86486053,46.19736099],[31.86486053,46.19708252],[31.86477589224361,46.19708252],[31.849782,46.19973],[31.79097176,46.208807403555134],[31.79097176,46.20902634],[31.79013824,46.20902634],[31.79013824,46.20930481],[31.78930473,46.20930481],[31.78930473,46.20958328],[31.78819466,46.20958328],[31.78819466,46.20986176],[31.78414084682182,46.20986176],[31.768221,46.212319],[31.75430489,46.214680924200934],[31.75430489,46.21486282],[31.75402832,46.21486282],[31.75402832,46.21513748],[31.75291634,46.21513748],[31.75291634,46.21541595],[31.75180626,46.21541595],[31.75180626,46.21569443],[31.75152779,46.21569443],[31.75152779,46.21607841310277],[31.75152779,46.21625137],[31.750508754207992,46.21625137],[31.75013924,46.21625137],[31.75013924,46.2159729],[31.7495842,46.2159729],[31.7495842,46.21569443],[31.74875069,46.21569443],[31.74875069,46.215623615757465],[31.74597168,46.216095285712186],[31.74597168,46.2168045],[31.74569511,46.2168045],[31.74569511,46.21706837071097],[31.74569511,46.21708298],[31.74560903428601,46.21708298],[31.74513817,46.21708298],[31.74513817,46.217162897924915],[31.74513817,46.21736145],[31.74402809,46.21736145],[31.74402809,46.2173513073939],[31.74402809,46.21708298],[31.74347305,46.21708298],[31.74347305,46.2168045],[31.741793093727463,46.2168045],[31.711017,46.222028],[31.697744,46.223741],[31.677116,46.229168],[31.664569,46.230217],[31.655626,46.232572],[31.651727,46.235745],[31.65264930296099,46.23652649],[31.6534729,46.23652649],[31.6534729,46.23680496],[31.65458298,46.23680496],[31.65458298,46.23708344],[31.65498234568506,46.23708344],[31.65541649,46.23708344],[31.65541649,46.23736191],[31.65597153,46.23736191],[31.65597153,46.23764038],[31.65652847,46.23764038],[31.65652847,46.23791504],[31.65708351,46.23791504],[31.65708351,46.23819351],[31.65763855,46.23819351],[31.65763855,46.23847198],[31.65819359,46.23847198],[31.65819359,46.23875046],[31.65875053,46.23875046],[31.65875053,46.23902893],[31.65880966,46.23902893],[31.65930557,46.23902893],[31.65930557,46.2393074],[31.65958405,46.2393074],[31.65958405,46.239553646367185],[31.65958405,46.23958206],[31.659667160729494,46.23958206],[31.66013908,46.23958206],[31.66013908,46.23974339826462],[31.66013908,46.23986053],[31.660481693844517,46.23986053],[31.66069412,46.23986053],[31.66069412,46.239933153580836],[31.66069412,46.24013901],[31.66124916,46.24013901],[31.66124916,46.24041748],[31.66180611,46.24041748],[31.66180611,46.24069595],[31.66236115,46.24069595],[31.66236115,46.24097061],[31.66291618,46.24097061],[31.66291618,46.24124908],[31.66347313,46.24124908],[31.66347313,46.24152756],[31.66430473,46.24152756],[31.66430473,46.24180603],[31.66486168,46.24180603],[31.66486168,46.2420845],[31.66569519,46.2420845],[31.66569519,46.24236298],[31.66625023,46.24236298],[31.66625023,46.24263763],[31.66708374,46.24263763],[31.66708374,46.24291611],[31.66763878,46.24291611],[31.66763878,46.24309250977471],[31.674235,46.245022],[31.67847252,46.244577118027195],[31.67847252,46.24430466],[31.67874908,46.24430466],[31.67874908,46.24402618],[31.67986107,46.24402618],[31.67986107,46.24458313],[31.68013954,46.24458313],[31.68013954,46.24541855],[31.68041611,46.24541855],[31.68041611,46.2468071],[31.680324314272788,46.2468071],[31.680824,46.248864],[31.671382,46.249933],[31.669658819844972,46.2495842],[31.665029017986026,46.2495842],[31.66458321,46.2495842],[31.66458321,46.249493961025905],[31.66458321,46.24930573],[31.66374969,46.24930573],[31.66374969,46.24902725],[31.66263962,46.24902725],[31.66263962,46.24874878],[31.66180611,46.24874878],[31.66180611,46.24847412],[31.66069412,46.24847031],[31.66069412,46.24819565],[31.65986061,46.24819565],[31.65986061,46.24791718],[31.65875053,46.24791718],[31.65875053,46.2476387],[31.65736198,46.2476387],[31.65736198,46.24736023],[31.65597153,46.24736023],[31.65597153,46.24708176],[31.65430641,46.24708176],[31.65430641,46.2468071],[31.65291595,46.2468071],[31.65291595,46.24652863],[31.6515274,46.24652863],[31.6515274,46.24625015],[31.65013885,46.24625015],[31.65013885,46.24597168],[31.64847183,46.24597168],[31.64847183,46.24569321],[31.64708328,46.24569321],[31.64708328,46.24541855],[31.64466858,46.24541855],[31.64180565,46.24541473],[31.64180565,46.24514008],[31.63624954,46.24514008],[31.63624954,46.24499391611817],[31.62778,46.245188],[31.61402702,46.24632270901996],[31.61402702,46.24652863],[31.61236191,46.24652863],[31.61236191,46.2468071],[31.61097145,46.2468071],[31.61097145,46.24708176],[31.60986137,46.24708176],[31.60986137,46.24736023],[31.60902786,46.24736023],[31.60902786,46.2476387],[31.60791588,46.2476387],[31.60791588,46.24791718],[31.60708427,46.24791718],[31.60708237,46.24819565],[31.60597229,46.24819565],[31.60597229,46.24847031],[31.60513878,46.24847412],[31.60513878,46.24874878],[31.604248593435138,46.24874878],[31.592767,46.25302],[31.576891,46.260557],[31.56367,46.268092],[31.552335,46.278237],[31.5518055,46.27883689098462],[31.5518055,46.2793045],[31.55152702,46.2793045],[31.55152702,46.27958298],[31.55125046,46.27958298],[31.55125046,46.27986145],[31.55097198,46.27986145],[31.55097198,46.28013992],[31.55069351,46.28013992],[31.55069351,46.28069305],[31.55041695,46.28069305],[31.55041695,46.28097153],[31.55013847,46.28097153],[31.55013847,46.28125],[31.54986191,46.28125],[31.54986191,46.28180695],[31.54958344,46.28180695],[31.54958344,46.2820816],[31.54930496,46.2820816],[31.54930496,46.28236008],[31.5490284,46.28236008],[31.5490284,46.28291702],[31.54874992,46.28291702],[31.54874992,46.2831955],[31.54847145,46.2831955],[31.54847145,46.28347397],[31.54819489,46.28347397],[31.54819489,46.28374863],[31.54791641,46.28374863],[31.54791641,46.2840271],[31.54763794,46.2840271],[31.54763794,46.28430557],[31.54736137,46.28430557],[31.54736137,46.28486252],[31.5470829,46.28486252],[31.5470829,46.28513718],[31.54680634,46.28513718],[31.54680634,46.28541565],[31.54652786,46.28541565],[31.54650116,46.28569412],[31.54624939,46.28569412],[31.54624939,46.2858696],[31.54624939,46.2859726],[31.54610252,46.2859726],[31.54597282,46.2859726],[31.54597282,46.28606415],[31.54597282,46.28625107],[31.54569435,46.2862587],[31.54569435,46.28652954],[31.54541588,46.28652954],[31.54541588,46.28708267],[31.54513931,46.28708267],[31.54513931,46.28736115],[31.54486084,46.28736115],[31.54486084,46.28763962],[31.54458427,46.28763962],[31.54458237,46.28791809],[31.5443058,46.28791809],[31.5443058,46.28819275],[31.54402733,46.28819275],[31.54402733,46.28874969],[31.54375076,46.28874969],[31.54375076,46.28902817],[31.54347229,46.28902817],[31.54347229,46.28958511],[31.54319382,46.28958511],[31.54319382,46.28985977],[31.54291725,46.28985977],[31.54291725,46.29041672],[31.54263878,46.29041672],[31.54263878,46.29097366],[31.54236031,46.29097366],[31.54236031,46.29124832],[31.54208374,46.29124832],[31.54208374,46.29180527],[31.54180527,46.29180527],[31.54180527,46.29208374],[31.5415287,46.29208374],[31.5415287,46.29264069],[31.54125023,46.29264069],[31.54125023,46.29291534],[31.54097176,46.29291534],[31.54097176,46.29347229],[31.54069519,46.29347229],[31.54069519,46.29402924],[31.54041672,46.29402924],[31.54041672,46.29430389],[31.540238459785645,46.29430389],[31.535857,46.305635],[31.53375053,46.315236437467554],[31.53375053,46.31791687],[31.5340271,46.31791687],[31.5340271,46.32125092],[31.53430557,46.32125092],[31.53430557,46.32347107],[31.53458405,46.32347107],[31.53458405,46.32513809],[31.53486061,46.32513809],[31.53486061,46.32624817],[31.53513908,46.32624817],[31.53513908,46.32736206],[31.53541756,46.32736206],[31.53541756,46.32819366],[31.53569412,46.32819366],[31.53569412,46.32930374],[31.5359726,46.32930374],[31.5359726,46.33041763],[31.53624916,46.33041763],[31.53624916,46.33152771],[31.53652763,46.33152771],[31.53652763,46.33291626],[31.53680611,46.33291626],[31.53680611,46.33402634],[31.537042106888258,46.33402634],[31.53708267,46.33402634],[31.53708267,46.334233315055414],[31.53708267,46.33541489],[31.537314235859053,46.33541489],[31.53736115,46.33541489],[31.53736115,46.335654271460264],[31.53736115,46.33986282],[31.53708267,46.33986282],[31.53708267,46.34720976499671],[31.53708267,46.34763718],[31.537075574368572,46.34763718],[31.53680611,46.34763718],[31.53680611,46.35235977],[31.53652763,46.35235977],[31.53652763,46.35402679],[31.53624916,46.35402679],[31.53624916,46.35569382],[31.536009510438184,46.35569382],[31.536029,46.356367],[31.53569412,46.357535575178936],[31.53569412,46.35902786],[31.53541756,46.35902786],[31.53541756,46.36264038],[31.53513908,46.36264038],[31.53513908,46.36624908],[31.5349744139738,46.36624908],[31.535128,46.367947],[31.532692,46.369628],[31.527681,46.369473],[31.524534513045566,46.36819458],[31.52375031,46.36819458],[31.52375031,46.36791611],[31.52263832,46.36791611],[31.52263832,46.36763763],[31.52180481,46.36763763],[31.52180481,46.36736298],[31.52152824,46.36736298],[31.52152824,46.3670845],[31.52124977,46.3670845],[31.52124977,46.36680603],[31.5209713,46.36680603],[31.5209713,46.36652756],[31.52069473,46.36652756],[31.52069473,46.36624908],[31.52041626,46.36624908],[31.52041626,46.36597061],[31.52013969,46.36597061],[31.52013969,46.36569595],[31.51986122,46.36569595],[31.51986122,46.36541748],[31.51958275,46.36541748],[31.51958275,46.36513901],[31.51930618,46.36513901],[31.51930618,46.36486053],[31.51902771,46.36486053],[31.51902771,46.3643074],[31.51874924,46.3643074],[31.51874924,46.36402893],[31.51847267,46.36402893],[31.51847267,46.36375046],[31.5181942,46.36375046],[31.5181942,46.36347198],[31.51791763,46.36347198],[31.51791573,46.36319351],[31.51763916,46.36319351],[31.51763916,46.36291504],[31.51736069,46.36291504],[31.51736069,46.36264038],[31.51708412,46.36264038],[31.51708412,46.36236191],[31.51680565,46.36236191],[31.51680565,46.36208344],[31.51652718,46.36208344],[31.51652718,46.36180496],[31.51625061,46.36180496],[31.51625061,46.36152649],[31.51597214,46.36152649],[31.51597214,46.36097336],[31.51569366,46.36097336],[31.51569366,46.36013794],[31.5154171,46.36013794],[31.5154171,46.35930634],[31.51513863,46.35930634],[31.51513863,46.35847092],[31.51486206,46.35847092],[31.51486206,46.35764713477885],[31.511479,46.349257],[31.51179838027047,46.3465271],[31.51152802,46.3465271],[31.51152802,46.34541702],[31.51124954,46.34541702],[31.51124954,46.340079780229274],[31.51124954,46.33319473],[31.51152802,46.33319473],[31.51152802,46.33180618],[31.51180649,46.33180618],[31.51180649,46.33013916],[31.51208305,46.33013916],[31.51208305,46.32875061],[31.51236153,46.32875061],[31.51236153,46.32736206],[31.51263809,46.32736206],[31.51263809,46.32597351],[31.51289588791401,46.32597351],[31.51291656,46.32597351],[31.51291656,46.32579525703332],[31.51291656,46.32430649],[31.5130892130599,46.32430649],[31.51319504,46.32430649],[31.51319504,46.32339395673967],[31.51319504,46.32291794],[31.51325024390016,46.32291794],[31.5134716,46.32291794],[31.5134716,46.32180405],[31.51375008,46.32180405],[31.51375008,46.32125092],[31.51402855,46.32125092],[31.51402855,46.32069397],[31.51430511,46.32069397],[31.51430511,46.31986237],[31.51458359,46.31986237],[31.51458359,46.31930542],[31.51486206,46.31930542],[31.51486206,46.31847382],[31.51513863,46.31847382],[31.51513863,46.31791687],[31.5154171,46.31791687],[31.5154171,46.31735992],[31.51569366,46.31735992],[31.51569366,46.31652832],[31.51597214,46.31652832],[31.51597214,46.31597137],[31.51625061,46.31597137],[31.51625061,46.31541824],[31.51652718,46.31541824],[31.51652718,46.31458282],[31.51680565,46.31458282],[31.51680565,46.31402969],[31.51708412,46.31402588],[31.51708412,46.31319427],[31.51736069,46.31319427],[31.51736069,46.31263733],[31.51763916,46.31263733],[31.51763916,46.3120842],[31.51791573,46.3120842],[31.51791763,46.31152725],[31.5181942,46.31152725],[31.5181942,46.31097412],[31.51847267,46.31097412],[31.51847267,46.31041718],[31.51874924,46.31041718],[31.51874924,46.30986023],[31.51902771,46.30986023],[31.51902771,46.30958176],[31.51930618,46.30958176],[31.51930618,46.30902863],[31.51958275,46.30902863],[31.51958275,46.30847168],[31.51986122,46.30847168],[31.51986122,46.30791855],[31.52013969,46.30791855],[31.52013969,46.30764008],[31.52041626,46.30764008],[31.52041626,46.30708313],[31.52069473,46.30708313],[31.52069473,46.30652618],[31.5209713,46.30652618],[31.5209713,46.30597305],[31.52124977,46.30597305],[31.52124977,46.30541611],[31.52152824,46.30541611],[31.52152824,46.30513763],[31.52180481,46.30513763],[31.52180481,46.3045845],[31.52208328,46.3045845],[31.52208328,46.30402756],[31.52235220616997,46.30402756],[31.523327,46.3019],[31.52625084,46.29863680852998],[31.52625084,46.29819489],[31.5265274,46.29819489],[31.5265274,46.29791641],[31.52680588,46.29791641],[31.52680588,46.29763794],[31.52708244,46.29763794],[31.52708244,46.2973671],[31.52736092,46.29735947],[31.52736092,46.29710388],[31.5273838,46.29708481],[31.52763939,46.29708481],[31.52763939,46.29684448],[31.52763939,46.29652786],[31.52736092,46.29652786],[31.52736092,46.29624939],[31.52763939,46.29624939],[31.52763939,46.29597092],[31.52791595,46.29597092],[31.52791595,46.29569626],[31.52819443,46.29569626],[31.52819443,46.29541779],[31.5284729,46.29541779],[31.5284729,46.29513931],[31.52874947,46.29513931],[31.52874947,46.29486084],[31.52902794,46.29486084],[31.52902794,46.29458237],[31.52930641,46.29458237],[31.52930641,46.29430389],[31.52958298,46.29430389],[31.52958298,46.29402924],[31.52986145,46.29402924],[31.52986145,46.29375076],[31.53013802,46.29375076],[31.53013802,46.29347229],[31.53041649,46.29347229],[31.53041649,46.29319382],[31.53069496,46.29319382],[31.53069496,46.29291534],[31.53097153,46.29291534],[31.53097153,46.29264069],[31.53125,46.29264069],[31.53125,46.29236221],[31.53152847,46.29236221],[31.53152847,46.29208374],[31.53180504,46.29208374],[31.53180504,46.29180527],[31.53208351,46.29180527],[31.53208351,46.29152679],[31.53236198,46.29152679],[31.53236198,46.29124832],[31.53263855,46.29124832],[31.53263855,46.29097366],[31.53291702,46.29097366],[31.53291702,46.29069519],[31.53319359,46.29069519],[31.53319359,46.29041672],[31.53347206,46.29041672],[31.53347206,46.29013824],[31.53375053,46.29013824],[31.53375053,46.28985977],[31.5340271,46.28985977],[31.5340271,46.28958511],[31.53430557,46.28958511],[31.53430557,46.28930664],[31.53458405,46.28930664],[31.53458405,46.28902817],[31.53486024031793,46.28902817],[31.54049,46.282745],[31.54069519,46.28259478464667],[31.54069519,46.28236008],[31.54097176,46.28236008],[31.54097176,46.2820816],[31.54125023,46.2820816],[31.54125023,46.28180695],[31.5415287,46.28180695],[31.5415287,46.28152847],[31.54180527,46.28152847],[31.54180527,46.28125],[31.54208374,46.28125],[31.54208374,46.28097153],[31.54236031,46.28097153],[31.54236031,46.28069305],[31.54263878,46.28069305],[31.54263878,46.2804184],[31.54291725,46.2804184],[31.54291725,46.28013992],[31.54319382,46.28013992],[31.54319382,46.27986145],[31.54347229,46.27986145],[31.54347229,46.27958298],[31.54375076,46.27958298],[31.54375076,46.2793045],[31.5443058,46.2793045],[31.5443058,46.27902603],[31.54458427,46.27902603],[31.54458427,46.27875137],[31.54486084,46.27875137],[31.54486084,46.2784729],[31.54541588,46.2784729],[31.54541588,46.27819443],[31.54569435,46.27819443],[31.54569435,46.27791595],[31.54597282,46.27791595],[31.54597282,46.27763748],[31.54652786,46.27763748],[31.54652786,46.27736282],[31.54680634,46.27736282],[31.54680634,46.27708435],[31.5470829,46.27708435],[31.5470829,46.27680588],[31.54763794,46.27680588],[31.54763985,46.2765274],[31.54791641,46.2765274],[31.54791641,46.27624893],[31.54847145,46.27624893],[31.54847145,46.27597046],[31.54874992,46.27597046],[31.54874992,46.2756958],[31.5490284,46.2756958],[31.5490284,46.27541733],[31.54958344,46.27541733],[31.54958344,46.27513885],[31.54986191,46.27513885],[31.54986191,46.27486038],[31.55013847,46.27486038],[31.55013847,46.27458191],[31.55069351,46.27458191],[31.55069542,46.27430725],[31.55097198,46.27430725],[31.55097198,46.27402878],[31.55125046,46.27402878],[31.55125046,46.27375031],[31.5518055,46.27375031],[31.5518055,46.27347183],[31.55208397,46.27347183],[31.55208397,46.27319336],[31.55236053,46.27319336],[31.55236053,46.27291489],[31.55291748,46.27291489],[31.55291748,46.27264023],[31.55319405,46.27264023],[31.55319405,46.27236176],[31.55347252,46.27236176],[31.55347252,46.27208328],[31.55402756,46.27208328],[31.55402756,46.27180481],[31.55430603,46.27180481],[31.55430603,46.27152634],[31.5545826,46.27152634],[31.5545826,46.27125168],[31.55513954,46.27125168],[31.55513954,46.27097321],[31.55541611,46.27097321],[31.55541611,46.27069473],[31.55569458,46.27069473],[31.55569458,46.27041626],[31.55624962,46.27041626],[31.55624962,46.27013779],[31.55652809,46.27013779],[31.55652809,46.26985931],[31.55708313,46.26985931],[31.55708313,46.26958466],[31.5573616,46.26958466],[31.5573616,46.26930618],[31.55763817,46.26930618],[31.55763817,46.26902771],[31.55819511,46.26902771],[31.55819511,46.26874924],[31.55847168,46.26874924],[31.55847168,46.26847076],[31.55875015,46.26847076],[31.55875015,46.26819611],[31.55930519,46.26819611],[31.55930519,46.26791763],[31.55958366,46.26791763],[31.55958366,46.26763916],[31.55986023,46.26763916],[31.55986023,46.26736069],[31.56041718,46.26736069],[31.56041718,46.26708221],[31.56069374,46.26708221],[31.56069374,46.26680374],[31.56125069,46.26680374],[31.56125069,46.26652908],[31.56152725,46.26652908],[31.56152725,46.26625061],[31.5620842,46.26625061],[31.5620842,46.26597214],[31.56263924,46.26597214],[31.56263924,46.26569366],[31.56319427,46.26569366],[31.56319427,46.26541519],[31.56347275,46.26541519],[31.56347275,46.26514053],[31.56402779,46.26514053],[31.56402779,46.26486206],[31.56458282,46.26486206],[31.56458282,46.26458359],[31.56513977,46.26458359],[31.56513977,46.26430511],[31.56541634,46.26430511],[31.56541634,46.26402664],[31.56597137,46.26402664],[31.56597137,46.26374817],[31.56652832,46.26374817],[31.56652832,46.26347351],[31.56708336,46.26347351],[31.56708336,46.26319504],[31.56736183,46.26319504],[31.56736183,46.26291759792738],[31.56736183,46.26291656],[31.567363740113915,46.26291656],[31.56791687,46.26291656],[31.56791687,46.26263809],[31.56847191,46.26263809],[31.56847191,46.26235962],[31.56902695,46.26235962],[31.56902695,46.26208496],[31.56930542,46.26208496],[31.56930542,46.26186148014833],[31.56930542,46.26180649],[31.569406619226566,46.26180649],[31.56986046,46.26180649],[31.56986046,46.26155987970169],[31.56986046,46.26152802],[31.569919091905312,46.26152802],[31.5704174,46.26152802],[31.5704174,46.26125724682343],[31.5704174,46.26124954],[31.57043158298721,46.26124954],[31.57097244,46.26124954],[31.57097244,46.26097107],[31.57125092,46.26097107],[31.57125092,46.260804324503816],[31.57125092,46.2606926],[31.571456528344715,46.2606926],[31.57180595,46.2606926],[31.57180595,46.26050272949103],[31.57180595,46.26041794],[31.571961989421105,46.26041794],[31.57236099,46.26041794],[31.57236099,46.26020112904439],[31.57236099,46.26013947],[31.572474462099866,46.26013947],[31.57291603,46.26013947],[31.57291603,46.25989952859776],[31.57291603,46.25986099],[31.572986953181765,46.25986099],[31.5731945,46.25986099],[31.5731945,46.25974821215863],[31.5731945,46.25958252],[31.57349942586051,46.25958252],[31.57374954,46.25958252],[31.57374954,46.25944661171199],[31.57374954,46.25930405],[31.57401189853927,46.25930405],[31.57430649,46.25930405],[31.57430649,46.25914397339987],[31.57430649,46.25902939],[31.57451735961566,46.25902939],[31.57486153,46.25902939],[31.57486153,46.25884237295324],[31.57486153,46.25875092],[31.57502983229442,46.25875092],[31.57513809,46.25875092],[31.57513809,46.25869209437958],[31.57513809,46.25847244],[31.575542323376318,46.25847244],[31.57569504,46.25847244],[31.57569504,46.25838945606747],[31.57569504,46.25819397],[31.576054796055065,46.25819397],[31.57625008,46.25819397],[31.57625008,46.25808785562083],[31.57625008,46.2579155],[31.576567268733807,46.2579155],[31.57680511,46.2579155],[31.57680511,46.25778626060804],[31.57680511,46.25763702],[31.577079759815724,46.25763702],[31.57736206,46.25763702],[31.57736206,46.257483622295936],[31.57736206,46.25736237],[31.577585202488958,46.25736237],[31.5779171,46.25736237],[31.5779171,46.257182021849296],[31.5779171,46.25708389],[31.57809769357087,46.25708389],[31.57847214,46.25708389],[31.57847214,46.25688042140266],[31.57847214,46.25680542],[31.578610166249618,46.25680542],[31.57902718,46.25680542],[31.57902718,46.25657882095602],[31.57902718,46.25652695],[31.57912263892836,46.25652695],[31.57958412,46.25652695],[31.57958412,46.25627618807776],[31.57958412,46.25624847],[31.579635130010264,46.25624847],[31.58013916,46.25624847],[31.58013916,46.25597458763112],[31.58013916,46.25597382],[31.58014057268351,46.25597382],[31.5806942,46.25597382],[31.5806942,46.25569534],[31.58124924,46.25569534],[31.58124924,46.25541687],[31.58180618,46.25541687],[31.58180618,46.2551384],[31.58236122,46.2551384],[31.58236122,46.25485992],[31.58291626,46.25485992],[31.58291626,46.25458527],[31.5834713,46.25458145],[31.5834713,46.25430679],[31.58402824,46.25430679],[31.58402824,46.25402832],[31.58458328,46.25402832],[31.58458328,46.25374985],[31.58513832,46.25374985],[31.58513832,46.25347137],[31.58569527,46.25347137],[31.58569527,46.2531929],[31.58625031,46.2531929],[31.58625031,46.25291824],[31.58680534,46.25291824],[31.58680534,46.25263977],[31.58736038,46.25263977],[31.58736038,46.2523613],[31.58791733,46.2523613],[31.58791733,46.25208282],[31.58847237,46.25208282],[31.58847237,46.25180435],[31.5890274,46.25180435],[31.5890274,46.25152969],[31.58958244,46.25152588],[31.58958244,46.25125122],[31.59013939,46.25125122],[31.59013939,46.25097275],[31.59069443,46.25097275],[31.59069443,46.25069427],[31.59124947,46.25069427],[31.59124947,46.2504158],[31.59180641,46.2504158],[31.59180641,46.25013733],[31.59236145,46.25013733],[31.59236145,46.24986267],[31.59319496,46.24986267],[31.59319496,46.2495842],[31.59375,46.2495842],[31.59375,46.24930573],[31.59458351,46.24930573],[31.59458351,46.24902725],[31.59513855,46.24902725],[31.59513855,46.24874878],[31.59597206,46.24874878],[31.59597206,46.24847412],[31.5965271,46.24847412],[31.5965271,46.24819565],[31.59736061,46.24819565],[31.59736061,46.24791718],[31.59791756,46.24791718],[31.59791756,46.2476646940631],[31.59791756,46.2476387],[31.59798834394535,46.2476387],[31.59874916,46.2476387],[31.59874916,46.24736023],[31.59930611,46.24736023],[31.59930611,46.24715477537845],[31.59930611,46.24708176],[31.5995049368067,46.24708176],[31.60013962,46.24708176],[31.60013962,46.24684868461986],[31.60013962,46.2468071],[31.600252858297885,46.2468071],[31.60069466,46.2468071],[31.60069466,46.246644856693806],[31.60069466,46.24652863],[31.601011154728553,46.24652863],[31.60124969,46.24652863],[31.60124969,46.24644103244006],[31.60124969,46.24625015],[31.601769478390032,46.24625015],[31.60208321,46.24625015],[31.60208321,46.246134938009156],[31.60208321,46.24597168],[31.60252777482072,46.24597168],[31.60263824,46.24597168],[31.60263824,46.24593111375541],[31.60263824,46.24569321],[31.603286071251386,46.24569321],[31.60347176,46.24569321],[31.60347176,46.245625019324514],[31.60347176,46.24541855],[31.6040287,46.24541855],[31.6040287,46.24514008],[31.60479228917324,46.24514008],[31.60486031,46.24514008],[31.60486031,46.245115100639865],[31.60486031,46.2448616],[31.60541725,46.2448616],[31.60541725,46.24458313],[31.60597229,46.24458313],[31.60597229,46.24402618],[31.60569382,46.24402618],[31.60569382,46.24375153],[31.60652733,46.24375153],[31.60652733,46.24347305],[31.60736084,46.24347305],[31.60736084,46.24319458],[31.60819435,46.24319458],[31.60819435,46.24291611],[31.60902786,46.24291611],[31.60902786,46.24263763],[31.60986137,46.24263763],[31.60986137,46.24236298],[31.61069489,46.24236298],[31.61069489,46.2420845],[31.61124992,46.2420845],[31.61124992,46.24180603],[31.61208344,46.24180603],[31.61208344,46.24152756],[31.61291695,46.24152756],[31.61291695,46.24124908],[31.61375046,46.24124908],[31.61375046,46.24097061],[31.61458397,46.24097061],[31.61458397,46.24069595],[31.61541748,46.24069595],[31.61541748,46.24041748],[31.61624908,46.24041748],[31.61624908,46.24013901],[31.6170826,46.24013901],[31.6170826,46.23986053],[31.61819458,46.23986053],[31.61819458,46.23958206],[31.61902809,46.23958206],[31.61902809,46.2393074],[31.62013817,46.2393074],[31.62013817,46.23902893],[31.62125015,46.23902893],[31.62125015,46.23875046],[31.62208366,46.23875046],[31.62208366,46.23847198],[31.622950067136276,46.23847198],[31.62319374,46.23847198],[31.62319374,46.23838249575661],[31.62319374,46.23819351],[31.623708363566944,46.23819351],[31.62402725,46.23819351],[31.62402725,46.238076404998026],[31.62402725,46.23791504],[31.62446665999763,46.23791504],[31.62513924,46.23791504],[31.62513924,46.237668047734594],[31.62513924,46.23764038],[31.625214581488795,46.23764038],[31.62624931,46.23764038],[31.62624931,46.23736191],[31.62708282,46.23736191],[31.62708282,46.23708344],[31.62819481,46.23708344],[31.62819481,46.23680496],[31.62930489,46.23680496],[31.62930489,46.23652649],[31.6301384,46.23652649],[31.6301384,46.23625183],[31.63125038,46.23625183],[31.63125038,46.23597336],[31.63236046,46.23597336],[31.63236046,46.23569489],[31.63319397,46.23569489],[31.63319397,46.23541641],[31.634042306541176,46.23541641],[31.637322,46.234212],[31.64152718,46.233420390534434],[31.64152718,46.23319626],[31.64263916,46.23319626],[31.64263916,46.23291779],[31.64374924,46.23291779],[31.64374924,46.23263931],[31.64486122,46.23263931],[31.64486122,46.23236084],[31.6459713,46.23236084],[31.6459713,46.23208237],[31.64680481,46.23208237],[31.64680481,46.23180389],[31.64763832,46.23180389],[31.64763832,46.23152924],[31.64847183,46.23152924],[31.64847183,46.23125076],[31.65013885,46.23125076],[31.65013885,46.23097229],[31.65180588,46.23097229],[31.65180588,46.23069382],[31.6534729,46.23069382],[31.6534729,46.23041534],[31.65513802,46.23041534],[31.65513802,46.23014069],[31.65680504,46.23014069],[31.65680504,46.22986221],[31.65791702,46.22986221],[31.65791702,46.22958374],[31.65930557,46.22958374],[31.65930557,46.22930527],[31.66041756,46.22930527],[31.66041756,46.22902679],[31.66152763,46.22902679],[31.66152763,46.22874832],[31.66291618,46.22874832],[31.66291618,46.22847366],[31.66402817,46.22847366],[31.66402817,46.22825251419569],[31.66402817,46.22819519],[31.664332687333573,46.22819519],[31.66541672,46.22819519],[31.66541672,46.227991125095144],[31.66541672,46.22791672],[31.665811974410527,46.22791672],[31.6665287,46.22791672],[31.6665287,46.22778179921417],[31.6665287,46.22763824],[31.667291314609482,46.22763824],[31.66791725,46.22763824],[31.66791725,46.22752041011362],[31.66791725,46.22735977],[31.668770601686436,46.22735977],[31.6693058,46.22735977],[31.6693058,46.227259021013076],[31.6693058,46.22708511],[31.670229649298616,46.22708511],[31.6720829,46.22708511],[31.6720829,46.22680664],[31.67319489,46.22680664],[31.67319489,46.22652817],[31.67430496,46.22652817],[31.67430496,46.226304127317874],[31.67430496,46.22624969],[31.67457241961208,46.22624969],[31.67541695,46.22624969],[31.67541695,46.22607779874202],[31.67541695,46.22597122],[31.675940589115775,46.22597122],[31.67652702,46.22597122],[31.67652702,46.22585186095282],[31.67652702,46.22569275],[31.677308758619432,46.22569275],[31.67763901,46.22569275],[31.67763901,46.22562553237697],[31.67763901,46.22541809],[31.678658208958357,46.22541809],[31.67930603,46.22541809],[31.67930603,46.22528623592418],[31.67930603,46.22513962],[31.680026378462017,46.22513962],[31.68097305,46.22513962],[31.68097305,46.2249469394714],[31.68097305,46.22486115],[31.681394547965674,46.22486115],[31.6823616,46.22486115],[31.6823616,46.22466432133274],[31.6823616,46.22458267],[31.682762766601037,46.22458267],[31.68402863,46.22458267],[31.68402863,46.22432502284461],[31.68402863,46.2243042],[31.684130936104694,46.2243042],[31.68569374,46.2243042],[31.68569374,46.22402954],[31.68763924,46.22402954],[31.68763924,46.22375107],[31.68930626,46.22375107],[31.68930626,46.2234726],[31.69124985,46.2234726],[31.69124985,46.22319412],[31.69291687,46.22319412],[31.69291687,46.22291565],[31.69402695,46.22291565],[31.69402695,46.22263718],[31.6954174,46.22263718],[31.6954174,46.22236252],[31.69652748,46.22236252],[31.69652748,46.22208405],[31.69791603,46.22208405],[31.69791603,46.22180557],[31.69986153,46.22180557],[31.69986153,46.2215271],[31.70152855,46.2215271],[31.70152855,46.22124863],[31.70347214,46.22124863],[31.70347214,46.22097397],[31.70513916,46.22097397],[31.70513916,46.2206955],[31.70708275,46.2206955],[31.70708275,46.22041702],[31.70902824,46.22041702],[31.70902824,46.22013855],[31.71069527,46.22013855],[31.71069527,46.21986008],[31.712628005021426,46.21986008],[31.71263885,46.219858265692594],[31.71263885,46.2195816],[31.7140274,46.2195816],[31.7140274,46.21930695],[31.71513939,46.21930695],[31.71513939,46.21902847],[31.71652794,46.21902847],[31.71652794,46.21875],[31.71763802,46.21875],[31.71763802,46.21847153],[31.71875,46.21847153],[31.71875,46.21819305],[31.71986198,46.21819305],[31.71986198,46.2179184],[31.72097206,46.2179184],[31.72097206,46.21763992],[31.72291756,46.21763992],[31.72291756,46.21736145],[31.72513962,46.21736145],[31.72513962,46.21708298],[31.72708321,46.21708298],[31.72708321,46.2168045],[31.72930527,46.2168045],[31.72930527,46.21652603],[31.73069382,46.21652603],[31.73069382,46.21625137],[31.73236084,46.21625137],[31.73236084,46.2159729],[31.73374939,46.2159729],[31.73374939,46.21569443],[31.73513794,46.21569443],[31.73513985,46.21541595],[31.7365284,46.21541595],[31.7365284,46.21513748],[31.73819351,46.21513748],[31.73819542,46.21486282],[31.73958397,46.21486282],[31.73958397,46.21458435],[31.74097252,46.21458435],[31.74097252,46.21430588],[31.74263954,46.21430588],[31.74263954,46.2140274],[31.74402809,46.2140274],[31.74402809,46.21374893],[31.74569511,46.21374893],[31.74569511,46.21347046],[31.74708366,46.21347046],[31.74708366,46.2131958],[31.74875069,46.2131958],[31.74875069,46.21291733],[31.7504158,46.21291733],[31.7504158,46.21263885],[31.75180626,46.21263885],[31.75180626,46.212380367275415],[31.75180626,46.21236038],[31.751925733546308,46.21236038],[31.75347137,46.21236038],[31.75347137,46.212101803415976],[31.75347137,46.21208191],[31.753590282503346,46.21208191],[31.75486183,46.21208191],[31.75486183,46.21186918700985],[31.75486183,46.21180725],[31.755232057260226,46.21180725],[31.75652695,46.21180725],[31.75652695,46.21159062147747],[31.75652695,46.21152878],[31.756896606217264,46.21152878],[31.75819397,46.21152878],[31.75819397,46.211311738085406],[31.75819397,46.21125031],[31.758561155174345,46.21125031],[31.75958252,46.21125031],[31.75958252,46.211079441211915],[31.75958252,46.21097183],[31.760225763906192,46.21097183],[31.76124954,46.21097183],[31.76124954,46.210800557819844],[31.76124954,46.21069336],[31.761890312863233,46.21069336],[31.76291656,46.21069336],[31.76291656,46.21052167442778],[31.76291656,46.21041489],[31.76355486182027,46.21041489],[31.76486206,46.21041489],[31.76486206,46.2101962028442],[31.76486206,46.21014023],[31.765196636577148,46.21014023],[31.76652718,46.21014023],[31.76652718,46.20991763731182],[31.76652718,46.20986176],[31.76686118553419,46.20986176],[31.7681942,46.20986176],[31.7681942,46.209638753919755],[31.7681942,46.20958328],[31.76852579426608,46.20958328],[31.76986122,46.20958328],[31.76986122,46.20935987052769],[31.76986122,46.20930481],[31.770190343223117,46.20930481],[31.77180481,46.20930481],[31.77180481,46.20903471847674],[31.77180481,46.20902634],[31.771854892180155,46.20902634],[31.77347183,46.20902634],[31.77347183,46.20875583508467],[31.77347183,46.20875168],[31.77349666693703,46.20875168],[31.77513885,46.20875168],[31.77513885,46.2084769516926],[31.77513885,46.20847321],[31.775161215894073,46.20847321],[31.77708244,46.20847321],[31.77708244,46.20819473],[31.77874947,46.20819473],[31.77874947,46.20791626],[31.78041649,46.20791626],[31.78041649,46.20763779],[31.78208351,46.20763779],[31.78208351,46.20735931],[31.7840271,46.20735931],[31.7840271,46.20708466],[31.78569412,46.20708466],[31.78569412,46.20680618],[31.78736115,46.20680618],[31.78736115,46.20652771],[31.78902817,46.20652771],[31.78902817,46.20624924],[31.79097176,46.20624924],[31.79097176,46.20597076],[31.79263878,46.20597076],[31.79263878,46.20569611],[31.7943058,46.20569611],[31.7943058,46.20541763],[31.79597282,46.20541763],[31.79597282,46.20513916],[31.79791641,46.20513916],[31.79791641,46.20486069],[31.79958344,46.20486069],[31.79958344,46.20458221],[31.80097198,46.20458221],[31.80097198,46.20430374],[31.80263901,46.20430374],[31.80263901,46.20402908],[31.80402756,46.20402908],[31.80402756,46.20375061],[31.80569458,46.20375061],[31.80569458,46.20347214],[31.80708313,46.20347214],[31.80708313,46.20319366],[31.80875015,46.20319366],[31.80875015,46.20291519],[31.8101387,46.20291519],[31.8101387,46.20264053],[31.81180573,46.20264053],[31.81180573,46.20236206],[31.81319427,46.20236206],[31.81319427,46.20211048661358],[31.81319427,46.20208359],[31.813355043979534,46.20208359],[31.81458282,46.20208359],[31.81458282,46.201878189740086],[31.81458282,46.20180511],[31.815019652711385,46.20180511],[31.81624985,46.20180511],[31.81624985,46.20159930467508],[31.81624985,46.20152664],[31.816684201668465,46.20152664],[31.8176384,46.20152664],[31.8176384,46.201367007801586],[31.8176384,46.20124817],[31.818348750625503,46.20124817],[31.81930542,46.20124817],[31.81930542,46.201088124409516],[31.81930542,46.20097351],[31.81999052538238,46.20097351],[31.8231945,46.20097351],[31.8231945,46.20069504],[31.82486153,46.20069504],[31.82486153,46.20041656],[31.82652855,46.20041656],[31.82652855,46.20013809],[31.82708359,46.20013809],[31.82708359,46.19985962],[31.82763863,46.19985962],[31.82763863,46.19969402363593],[31.82763863,46.19958496],[31.82819366,46.19958496],[31.82819366,46.19930649],[31.82875061,46.19930649],[31.82875061,46.19902802],[31.831619653656343,46.19902802],[31.83180618,46.19902802],[31.83180618,46.19899681515577],[31.83180618,46.19874954],[31.83328426238819,46.19874954],[31.83458328,46.19874954],[31.83458328,46.19853222140878],[31.83458328,46.19847107],[31.834948811345274,46.19847107],[31.83763885,46.19847107],[31.83763885,46.1981926],[31.8390274,46.1981926],[31.8390274,46.19791794],[31.84041595,46.19791794],[31.84041595,46.19763947],[31.84180641,46.19763947],[31.84180641,46.19736099],[31.84319496,46.19736099],[31.84319496,46.19709153411662],[31.84319496,46.19708252],[31.843248841705115,46.19708252],[31.84458351,46.19708252],[31.84458351,46.19685923724313],[31.84458351,46.19680405],[31.844913390662196,46.19680405],[31.84597206,46.19680405],[31.84597206,46.19662694036964],[31.84597206,46.19652939],[31.84655516541903,46.19652939],[31.84819412,46.19652939],[31.84819412,46.19625520180011],[31.84819412,46.19625092],[31.848219714376114,46.19625092],[31.85041618,46.19625092],[31.85041618,46.19597244],[31.85263824,46.19597244],[31.85263824,46.19569397],[31.85486031,46.19569397],[31.85486031,46.1954155],[31.85708427,46.1954155],[31.85708427,46.19513702],[31.85847282,46.19513702],[31.85847282,46.19486237],[31.85986137,46.19486237],[31.85986137,46.19458389],[31.86097145,46.19458389],[31.86097145,46.19430542],[31.86236191,46.19430542],[31.86236191,46.19402695],[31.86375046,46.19402695],[31.86375046,46.19374847],[31.86569405,46.19374847],[31.86569405,46.19347382],[31.86763954,46.19347382],[31.86763954,46.19319534],[31.86958313,46.19319534],[31.86958313,46.19291687],[31.87125015,46.19291687],[31.87125015,46.1926384],[31.87319374,46.1926384],[31.87319374,46.19235992],[31.87513924,46.19235992],[31.87513924,46.19208527],[31.87708282,46.19208145],[31.87708282,46.19180679],[31.87902832,46.19180679],[31.87902832,46.19152832],[31.88125038,46.19152832],[31.88125038,46.19124985],[31.88347244,46.19124985],[31.88347244,46.19097137],[31.88541603,46.19097137],[31.88541603,46.1906929],[31.88763809,46.1906929],[31.88763809,46.19041824],[31.88986206,46.19041824],[31.88986206,46.19013977],[31.892098752935574,46.19013977],[31.904302,46.188215],[31.966135,46.180063],[31.97263908,46.17950221000343],[31.97263908,46.17930603],[31.97458267,46.17930603],[31.97458267,46.17902756],[31.97624969,46.17902756],[31.97624969,46.17874908],[31.97819519,46.17874908],[31.97819519,46.17847061],[31.98013878,46.17847061],[31.98013878,46.17819595],[31.9818058,46.17819595],[31.9818058,46.17791748],[31.98533249,46.17791748],[31.98569489,46.17791748],[31.98569489,46.17782593],[31.98569489,46.17763901],[31.98644829,46.17763901],[31.98708344,46.17763901],[31.98708344,46.17747879],[31.98708344,46.17736053],[31.98756218,46.17736053],[31.98875046,46.17736053],[31.98875046,46.17712666244971],[31.98875046,46.17708206],[31.98912390226734,46.17708206],[31.99041748,46.17708206],[31.99041748,46.17692756025314],[31.99041748,46.1768074],[31.991423543964356,46.1768074],[31.99513817,46.1768074],[31.99513817,46.17652893],[31.99875069,46.17652893],[31.99875069,46.17625046],[31.99986076,46.17625046],[32.00013733,46.17625046],[32.0004158,46.17625046],[32.0004158,46.17597198],[32.00097275,46.17597198],[32.00097275,46.17625046],[32.00208282,46.17625046],[32.00208282,46.17597198],[32.0051384,46.17597198],[32.0051384,46.17569351],[32.00680542,46.17569351],[32.00680542,46.17541504],[32.00875092,46.17541504],[32.00875092,46.17514038],[32.01041794,46.17514038],[32.01041794,46.17541504],[32.0106926,46.17541504],[32.0106926,46.17514038],[32.01291656,46.17514038],[32.01291656,46.17486191],[32.01514053,46.17486191],[32.01514053,46.17488758834146],[32.022212,46.174043],[32.0545845,46.169241184062976],[32.0545845,46.16902924],[32.05513763,46.16902924],[32.05513763,46.16875076],[32.05569458,46.16875076],[32.05569458,46.16847229],[32.05597305,46.16847229],[32.05597305,46.16819382],[32.05708313,46.16819382],[32.05708313,46.167950636122235],[32.05708313,46.16791534],[32.05732108671966,46.16791534],[32.05764008,46.16791534],[32.05764008,46.16786802372403],[32.05764008,46.16764832],[32.05768204,46.16764069],[32.05917270125719,46.16764069],[32.05986023,46.16764069],[32.05986023,46.167538708855766],[32.05986023,46.16736221],[32.06105013659819,46.16736221],[32.06124878,46.16736221],[32.06124878,46.16733274522253],[32.06124878,46.16712952],[32.06124878,46.16708374],[32.06155777,46.16708374],[32.06263733,46.16708374],[32.06263733,46.16692734],[32.06263733,46.16680527],[32.06319427,46.16680527],[32.06319427,46.16652679],[32.06513977,46.16652679],[32.06513977,46.16624832],[32.06652832,46.16624832],[32.06652832,46.16597366],[32.06735992,46.16597366],[32.06735992,46.16569519],[32.06791687,46.16569519],[32.06791687,46.16541672],[32.07013702,46.16541672],[32.07013702,46.16513824],[32.07152939,46.16513824],[32.07152939,46.16485977],[32.0724411,46.16485977],[32.07347107,46.16485977],[32.07347107,46.16458511],[32.07541656,46.16458511],[32.07541656,46.16430664],[32.07624817,46.16430664],[32.07624817,46.16402817],[32.07652664,46.16402817],[32.07652664,46.16374969],[32.07875061,46.16374969],[32.07875061,46.16347122],[32.07930374,46.16347122],[32.07930374,46.16319275],[32.07958221,46.16319275],[32.07958221,46.16291809],[32.08013916,46.16291809],[32.08013916,46.16263962],[32.08152771,46.16263962],[32.08152771,46.16236115],[32.08180618,46.16236115],[32.08180618,46.16263962],[32.08291626,46.16263962],[32.08291626,46.16236115],[32.08569336,46.16236115],[32.08569336,46.16208267],[32.08680725,46.16208267],[32.08680725,46.1618042],[32.08736038,46.1618042],[32.08736038,46.16152954],[32.08791733,46.16152954],[32.08791733,46.16125107],[32.0881958,46.16125107],[32.0881958,46.16152954],[32.08874893,46.16152954],[32.08874893,46.16125107],[32.09125137,46.16125107],[32.09125137,46.1609726],[32.09208298,46.1609726],[32.09208298,46.16069412],[32.09375,46.16069412],[32.09375,46.16041565],[32.09430695,46.16041565],[32.09430695,46.16013718],[32.09763718,46.16013718],[32.09763718,46.15986252],[32.09986115,46.15986252],[32.09986115,46.15958405],[32.10041809,46.15958405],[32.10041809,46.15930557],[32.10069275,46.15930557],[32.10069275,46.1590271],[32.10097122,46.1590271],[32.10097122,46.15930557],[32.10291672,46.15930557],[32.10291672,46.1590271],[32.10347366,46.1590271],[32.10347366,46.15874863],[32.10402679,46.15874863],[32.10402679,46.15847397],[32.10680389,46.15847397],[32.10680389,46.1581955],[32.10763931,46.1581955],[32.10763931,46.15791702],[32.10958481,46.15791702],[32.10958481,46.15763855],[32.11069489,46.15763855],[32.11069489,46.15736008],[32.11208344,46.15736008],[32.11208344,46.1570816],[32.11291504,46.1570816],[32.11291504,46.15680695],[32.11402893,46.15680695],[32.11402893,46.15652847],[32.11486053,46.15652847],[32.11486053,46.15625],[32.11597061,46.15625],[32.11597061,46.15597153],[32.1170845,46.15597153],[32.1170845,46.15569305],[32.11828613,46.15569305],[32.11847305,46.15569305],[32.11847305,46.15560913],[32.11847305,46.1554184],[32.11889648,46.1554184],[32.11930466,46.1554184],[32.11930466,46.15523529],[32.11930466,46.15513992],[32.11951828,46.15513992],[32.12097168,46.15513992],[32.12097168,46.15486145],[32.12374878,46.15486145],[32.12374878,46.15458298],[32.12402725,46.15458298],[32.12402725,46.1543045],[32.12486267,46.1543045],[32.12486267,46.15402603],[32.1254158,46.15402603],[32.1254158,46.15375137],[32.12708282,46.15375137],[32.12708282,46.1534729],[32.12874985,46.1534729],[32.12874985,46.15319443],[32.13041687,46.15319443],[32.13041687,46.15291595],[32.13180542,46.15291595],[32.13180542,46.15263748],[32.13375092,46.15263748],[32.13375092,46.15236282],[32.13430405,46.15236282],[32.13430405,46.15208435],[32.13458252,46.15208435],[32.13458252,46.15236282],[32.13541794,46.15236282],[32.13541794,46.15208435],[32.13597107,46.15208435],[32.13597107,46.15180588],[32.13874817,46.15180588],[32.13874817,46.1515274],[32.13902664,46.1515274],[32.13902664,46.15124893],[32.14097214,46.15124893],[32.14097214,46.15097046],[32.14236069,46.15097046],[32.14236069,46.1506958],[32.14319611,46.1506958],[32.14319611,46.15041733],[32.14374924,46.15041733],[32.14374924,46.15013885],[32.14458466,46.15013885],[32.14458466,46.14986038],[32.14625168,46.14986038],[32.14625168,46.14958191],[32.14930725,46.14958191],[32.14930725,46.14930725],[32.15041733,46.14930725],[32.15041733,46.14902878],[32.1515274,46.14902878],[32.1515274,46.14875031],[32.15236282,46.14875031],[32.15236282,46.14847183],[32.15291595,46.14847183],[32.15291595,46.14819336],[32.15402603,46.14819336],[32.15402603,46.14791489],[32.15625,46.14791489],[32.15625,46.14764023],[32.1570816,46.14764023],[32.1570816,46.14736176],[32.15958405,46.14736176],[32.15958405,46.14708328],[32.16041565,46.14708328],[32.16041565,46.14736176],[32.1609726,46.14736176],[32.1609726,46.14708328],[32.16125107,46.14708328],[32.16125107,46.14652634],[32.16152954,46.14652634],[32.16152954,46.14625168],[32.16291809,46.14625168],[32.16291809,46.14597321],[32.16430664,46.14597321],[32.16430664,46.14569473],[32.16569519,46.14569473],[32.16569519,46.14541626],[32.16764069,46.14541626],[32.16764069,46.14513779],[32.16930389,46.14513779],[32.16930389,46.14485931],[32.17180634,46.14485931],[32.17180634,46.14458466],[32.17208481,46.14458466],[32.17208481,46.14402771],[32.17402649,46.14402771],[32.17402649,46.14374924],[32.17541504,46.14374924],[32.17541504,46.14347076],[32.17625046,46.14347076],[32.17625046,46.14319611],[32.17736053,46.14319611],[32.17736053,46.14291763],[32.17874908,46.14291763],[32.17874908,46.14263916],[32.17986298,46.14263916],[32.17986298,46.14236069],[32.18013763,46.14236069],[32.18013763,46.14208221],[32.18264008,46.14208221],[32.18264008,46.14180374],[32.18347168,46.14180374],[32.18347168,46.14152908],[32.1851387,46.14152908],[32.1851387,46.14125061],[32.18624878,46.14125061],[32.18624878,46.14097214],[32.18652725,46.14097214],[32.18652725,46.14069366],[32.18847275,46.14069366],[32.18847275,46.14014053],[32.1898613,46.14014053],[32.1898613,46.13986206],[32.1906929,46.13986206],[32.1906929,46.13958359],[32.19291687,46.13958359],[32.19291687,46.13930511],[32.19319534,46.13930511],[32.19319534,46.13902664],[32.19458389,46.13902664],[32.19458389,46.13874817],[32.1954155,46.13874817],[32.1954155,46.13847351],[32.19625092,46.13847351],[32.19625092,46.13819504],[32.19763947,46.13819504],[32.19763947,46.13791656],[32.19874954,46.13791656],[32.19874954,46.13763809],[32.20041656,46.13763809],[32.20041656,46.13735962],[32.20124817,46.13735962],[32.20124817,46.13708496],[32.20208359,46.13708496],[32.20208359,46.13680649],[32.20375061,46.13680649],[32.20375061,46.13652802],[32.20541763,46.13652802],[32.20541763,46.13624954],[32.20735931,46.13624954],[32.20735931,46.13597107],[32.20763779,46.13597107],[32.20763779,46.1356926],[32.20847321,46.1356926],[32.20847321,46.13541794],[32.20902634,46.13541794],[32.20902634,46.13513947],[32.21014023,46.13513947],[32.21014023,46.13486099],[32.21069336,46.13486099],[32.21069336,46.13458252],[32.21152878,46.13458252],[32.21152878,46.13486099],[32.21208191,46.13486099],[32.21208191,46.13458252],[32.2140274,46.13458252],[32.2140274,46.13430405],[32.21458435,46.13430405],[32.21458435,46.13458252],[32.21569443,46.13458252],[32.21569443,46.13375092],[32.21736145,46.13375092],[32.21736145,46.13347244],[32.21784592,46.13347244],[32.22041702,46.13347244],[32.22041702,46.13319397],[32.2206955,46.13319397],[32.2206955,46.1329155],[32.22041702,46.1329155],[32.22041702,46.13263702],[32.2215271,46.13263702],[32.2215271,46.1329155],[32.22263718,46.1329155],[32.22263718,46.13263702],[32.22291565,46.13263702],[32.22291565,46.13236237],[32.22402954,46.13236237],[32.22402954,46.13208389],[32.22478372411294,46.13208389],[32.22513962,46.13208389],[32.22513962,46.13180542],[32.22541809,46.13180542],[32.22541809,46.13152695],[32.22569275,46.13152695],[32.22569275,46.13180542],[32.22639320025715,46.13180542],[32.25986099,46.12414831458108],[32.25986099,46.12402725],[32.26013947,46.12402725],[32.26013947,46.12374878],[32.2606926,46.12374878],[32.2606926,46.12347412],[32.26124954,46.12347412],[32.26124954,46.12319565],[32.26263809,46.12319565],[32.26263809,46.12291718],[32.26402664,46.12291718],[32.26402664,46.1226387],[32.26514053,46.1226387],[32.26514053,46.12236023],[32.26541519,46.12236023],[32.26541519,46.12208176],[32.26680374,46.12208176],[32.26680374,46.12236023],[32.26767637656293,46.12236023],[32.26791763,46.12230503355546],[32.26791763,46.1218071],[32.26847076,46.1218071],[32.26847076,46.12125015],[32.26985931,46.12125015],[32.26985931,46.12097168],[32.27125168,46.12097168],[32.27125168,46.12069321],[32.27236176,46.12069321],[32.27236176,46.12041855],[32.27319336,46.12041855],[32.27319336,46.12015089733217],[32.27319336,46.1198616],[32.27347183,46.1198616],[32.27347183,46.12008718619624],[32.27347183,46.12014008],[32.27458191,46.12014008],[32.27458191,46.12041855],[32.27513885,46.12041855],[32.27513885,46.12014008],[32.27736282,46.12014008],[32.27736282,46.11958313],[32.27763748,46.11958313],[32.27763748,46.1198616],[32.27791595,46.1198616],[32.27791595,46.11958313],[32.27981456636309,46.11958313],[32.27986145,46.11957240347898],[32.27986145,46.11930466],[32.28069305,46.11930466],[32.28069305,46.11902618],[32.28125,46.11902618],[32.28125,46.11875153],[32.2831955,46.11875153],[32.2831955,46.11847305],[32.2840271,46.11847305],[32.2840271,46.11819458],[32.28588366126319,46.11819458],[32.389221,46.094552],[32.40597153,46.09143669700005],[32.40597153,46.09125137],[32.40625,46.09125137],[32.40625,46.0909729],[32.40652847,46.0909729],[32.40652847,46.09069443],[32.40847397,46.09069443],[32.40847397,46.09041595],[32.40874863,46.09041595],[32.40874863,46.09013748],[32.40958405,46.09013748],[32.40958405,46.09041595],[32.40986252,46.09041595],[32.40986252,46.09013748],[32.4118042,46.09013748],[32.4118042,46.08986282],[32.41402817,46.08986282],[32.41402817,46.08958435],[32.41541672,46.08958435],[32.41541672,46.08930588],[32.41624832,46.08930588],[32.41624832,46.0890274],[32.41736221,46.0890274],[32.41736221,46.08874893],[32.42013931,46.08874893],[32.42013931,46.08847046],[32.42152786,46.08847046],[32.42152786,46.0881958],[32.42291641,46.0881958],[32.42291641,46.08791733],[32.42402649,46.08791733],[32.42402649,46.08763885],[32.42597198,46.08763885],[32.42597198,46.08736038],[32.42652893,46.08736038],[32.42652893,46.08708191],[32.42736053,46.08708191],[32.42736053,46.08680725],[32.42819595,46.08680725],[32.42819595,46.08652878],[32.43013763,46.08652878],[32.43013763,46.08625031],[32.43319321,46.08625031],[32.43319321,46.08597183],[32.43375015,46.08597183],[32.43375015,46.08569336],[32.4343071,46.08569336],[32.4343071,46.08541489],[32.43486023,46.08541489],[32.43486023,46.08569336],[32.43569565,46.08569336],[32.43569565,46.08541489],[32.43819427,46.08541489],[32.43819427,46.08514023],[32.43930435,46.08514023],[32.43930435,46.08486176],[32.4406929,46.08486176],[32.4406929,46.08458328],[32.44097137,46.08458328],[32.44097137,46.08430481],[32.44208145,46.08430481],[32.44208527,46.08402634],[32.44235992,46.08402634],[32.44235992,46.08430481],[32.4426384,46.08430481],[32.4426384,46.08402634],[32.44402695,46.08402634],[32.44402695,46.08375168],[32.44430542,46.08375168],[32.44430542,46.08347321],[32.44569397,46.08347321],[32.44569397,46.08375168],[32.447292745885576,46.08375168],[32.45264053,46.08275708652178],[32.45264053,46.08263779],[32.45291519,46.08263779],[32.45291519,46.08235931],[32.45430374,46.08235931],[32.45430374,46.08180618],[32.45624924,46.08180618],[32.45624924,46.08152771],[32.45735931,46.08152771],[32.45735931,46.08124924],[32.45791626,46.08124924],[32.45791626,46.08097076],[32.45814514,46.08097076],[32.45817947,46.08099365],[32.45819473,46.08124924],[32.45857239,46.08124924],[32.45875168,46.08124924],[32.45875168,46.08097076],[32.46097183,46.08097076],[32.46097183,46.08069611],[32.46236038,46.08069611],[32.46236038,46.08041763],[32.46430588,46.08041763],[32.46430588,46.08013916],[32.46513748,46.08013916],[32.46513748,46.07986069],[32.4668045,46.07986069],[32.4668045,46.07958221],[32.46736145,46.07958221],[32.46736145,46.07930374],[32.46819305,46.07930374],[32.46819305,46.07902908],[32.47041702,46.07902908],[32.47041702,46.07875061],[32.47124863,46.07875061],[32.47124863,46.07847214],[32.47319412,46.07847214],[32.47319412,46.07819366],[32.47375107,46.07819366],[32.47375107,46.07791519],[32.47486115,46.07791519],[32.47486115,46.07819366],[32.47513962,46.07819366],[32.47513962,46.07791519],[32.47652817,46.07791519],[32.47652817,46.07764053],[32.47763824,46.07764053],[32.47763824,46.07736206],[32.48069382,46.07736206],[32.48069382,46.07708359],[32.48125076,46.07708359],[32.48125076,46.07680511],[32.48208237,46.07680511],[32.48208237,46.07652664],[32.48402786,46.07652664],[32.48402786,46.07624817],[32.48485947,46.07624817],[32.48485947,46.07597351],[32.48652649,46.07597351],[32.48652649,46.07624817],[32.48680496,46.07624817],[32.48680496,46.07597351],[32.48708344,46.07597351],[32.48708344,46.07569504],[32.48875046,46.07569504],[32.48875046,46.07541656],[32.49097061,46.07541656],[32.49097061,46.07513809],[32.4920845,46.07513809],[32.4920845,46.07485962],[32.49236298,46.07485962],[32.49236298,46.07513809],[32.49291611,46.07513809],[32.49291611,46.07485962],[32.49402618,46.07485962],[32.49402618,46.07458496],[32.49430466,46.07458496],[32.49430466,46.07430649],[32.49541855,46.07430649],[32.49541855,46.07402802],[32.49708176,46.07402802],[32.49708176,46.07374954],[32.49819565,46.07374954],[32.49819565,46.07347107],[32.4995842,46.07347107],[32.4995842,46.0731926],[32.50069427,46.0731926],[32.50069427,46.07291794],[32.50180435,46.07291794],[32.50180435,46.07268224994632],[32.50180435,46.07263947],[32.50203437175608,46.07263947],[32.50291824,46.07263947],[32.50291824,46.072475086262266],[32.50291824,46.07236099],[32.503531719559206,46.07236099],[32.50624847,46.07236099],[32.50624847,46.07208252],[32.50819397,46.07208252],[32.50819397,46.07180405],[32.5079155,46.07180405],[32.5079155,46.07154568498228],[32.5079155,46.07152939],[32.50800311582852,46.07152939],[32.50902939,46.07152939],[32.50902939,46.07180405],[32.50930405,46.07180405],[32.50930405,46.07152939],[32.51041794,46.07152939],[32.51041794,46.07125092],[32.51124954,46.07125092],[32.51124954,46.07097244],[32.51291656,46.07097244],[32.51291656,46.07069397],[32.51486206,46.07069397],[32.51486206,46.0704155],[32.51514053,46.0704155],[32.51514053,46.07020195819403],[32.51514053,46.07013702],[32.515489693538406,46.07013702],[32.51569366,46.07013702],[32.51569366,46.0704155],[32.51597214,46.0704155],[32.51597214,46.07013702],[32.51625061,46.07013702],[32.51625061,46.069995503102064],[32.51625061,46.06986237],[32.516966447970034,46.06986237],[32.52013779,46.06986237],[32.52013779,46.06958389],[32.52041626,46.06958389],[32.52041626,46.06930542],[32.52069473,46.06930542],[32.52069473,46.06958389],[32.52097321,46.06958389],[32.52097321,46.06986237],[32.52152634,46.06986237],[32.52152634,46.069945541421596],[32.52402878,46.06948013173968],[32.52402878,46.06930542],[32.52458191,46.06930542],[32.52458191,46.06902695],[32.52513885,46.06902695],[32.52513885,46.06874847],[32.5256958,46.06874847],[32.5256958,46.06847382],[32.52624893,46.06847382],[32.52624893,46.06819534],[32.52680588,46.06819534],[32.52680588,46.06847382],[32.52736282,46.06847382],[32.52736282,46.06819534],[32.52986145,46.06819534],[32.52986145,46.06791687],[32.5304184,46.06791687],[32.5304184,46.0676384],[32.53069305,46.0676384],[32.53069305,46.06735992],[32.53263855,46.06735992],[32.53263855,46.06708527],[32.53282547,46.06708527],[32.53430557,46.06708145],[32.53430557,46.06680679],[32.5359726,46.06680679],[32.5359726,46.06652832],[32.53708267,46.06652832],[32.53708267,46.06624985],[32.53763962,46.06624985],[32.53763962,46.06601752851593],[32.53763962,46.06597137],[32.537887807849664,46.06597137],[32.53958511,46.06597137],[32.53958511,46.0656929],[32.54152679,46.0656929],[32.54152679,46.06597137],[32.54208374,46.06597137],[32.54208374,46.0656929],[32.54264069,46.0656929],[32.54264069,46.06541824],[32.54347229,46.06541824],[32.54347229,46.0656929],[32.54439217286212,46.0656929],[32.546537,46.065294],[32.574897,46.063727],[32.637881,46.053703],[32.6981926,46.04179292034129],[32.6981926,46.04152679],[32.69930649,46.04152679],[32.69930649,46.04124832],[32.70041656,46.04124832],[32.70041656,46.04097366],[32.70152664,46.04097366],[32.70152664,46.04069519],[32.70291519,46.04069519],[32.70291519,46.04041672],[32.70402908,46.04041672],[32.70402908,46.04013824],[32.70541763,46.04013824],[32.70541763,46.03985977],[32.70680618,46.03985977],[32.70680618,46.03958511],[32.70819473,46.03958511],[32.70819473,46.03930664],[32.70958328,46.03930664],[32.70958328,46.03902817],[32.71097183,46.03902817],[32.71097183,46.03874969],[32.71236038,46.03874969],[32.71236038,46.03847122],[32.71374893,46.03847122],[32.71374893,46.03819275],[32.71513748,46.03819275],[32.71513748,46.03791809],[32.71652603,46.03791809],[32.71652603,46.03763962],[32.7179184,46.03763962],[32.7179184,46.03736115],[32.71930695,46.03736115],[32.71930695,46.03708267],[32.7206955,46.03708267],[32.7206955,46.0368042],[32.72236252,46.0368042],[32.72236252,46.03652954],[32.72402954,46.03652954],[32.72402954,46.03625107],[32.72541809,46.03625107],[32.72541809,46.0359726],[32.72708511,46.0359726],[32.72708511,46.03569412],[32.72874832,46.03569412],[32.72874832,46.03541565],[32.73041534,46.03541565],[32.73041534,46.03513718],[32.73189668600698,46.03513718],[32.739615,46.033613],[32.912066,46.010401],[32.96263885,46.01236240660182],[32.96263885,46.01235962],[32.96486282,46.01235962],[32.96486282,46.01208496],[32.9679184,46.01208496],[32.9679184,46.01180649],[32.96902847,46.01180649],[32.96902847,46.01160280102233],[32.96902847,46.01152802],[32.970154535737194,46.01152802],[32.97375107,46.01152802],[32.97375107,46.011289177363984],[32.97375107,46.01124954],[32.974347936372034,46.01124954],[32.97847366,46.01124954],[32.97847366,46.01097555436973],[32.97847366,46.01097107],[32.978541186425126,46.01097107],[32.97930527,46.01097107],[32.97930527,46.01124954],[32.97986221,46.01124954],[32.97986221,46.01097107],[32.98152924,46.01097107],[32.98152924,46.01124954],[32.98208237,46.01124954],[32.98208237,46.01097107],[32.98236084,46.01097107],[32.98236084,46.01071741020926],[32.98236084,46.0106926],[32.98273443647822,46.0106926],[32.98736191,46.0106926],[32.98736191,46.01041794],[32.98875046,46.01041794],[32.98875046,46.01029308123796],[32.98875046,46.01013947],[32.991063564936816,46.01013947],[32.99397659,46.01013947],[32.99402618,46.01013947],[32.99402618,46.01010513],[32.99402618,46.00994272537323],[32.99402618,46.00986099],[32.99437714,46.00986099],[32.995256965571656,46.00986099],[32.99569321,46.00986099],[32.99569321,46.00983201939619],[32.99569321,46.00958252],[32.99625015,46.00958252],[32.99625015,46.009795033507004],[32.99625015,46.00986099],[32.99902725,46.00986099],[32.99902725,46.009610608770295],[32.99902725,46.00958252],[32.99945021562475,46.00958252],[32.99986267,46.00958252],[33.00013733,46.00958252],[33.00125122,46.00958252],[33.00125122,46.00946291690406],[33.00125122,46.00930405],[33.00152588,46.00930405],[33.00152969,46.00902939],[33.00458145,46.00902939],[33.00458527,46.00875092],[33.00624847,46.00875092],[33.00624847,46.00847244],[33.0079155,46.00847244],[33.0079155,46.00819397],[33.00958252,46.00819397],[33.00958252,46.0079155],[33.01152802,46.0079155],[33.01152802,46.00763702],[33.01319504,46.00763702],[33.01319504,46.00737],[33.01403809,46.00736237],[33.01514053,46.00736237],[33.01514053,46.00708389],[33.01708221,46.00708389],[33.01708221,46.00680542],[33.03180695,46.00680542],[33.03180695,46.00708389],[33.03211975,46.00708389],[33.03430557,46.00708389],[33.03430557,46.007267806970724],[33.03430557,46.00736237],[33.03652954,46.00736237],[33.03652954,46.00763702],[33.03902817,46.00763702],[33.03902817,46.0079155],[33.040812490190866,46.0079155],[33.04180527,46.0079155],[33.04180527,46.008097176355264],[33.04180527,46.00819397],[33.04233420386161,46.00819397],[33.04430389,46.00819397],[33.04430389,46.00847244],[33.04541779,46.00847244],[33.04541779,46.00875092],[33.04624939,46.00875092],[33.04624939,46.00891043979646],[33.04624939,46.00902939],[33.0468993995194,46.00902939],[33.04735947,46.00902939],[33.04735947,46.00911358180901],[33.04735947,46.00930405],[33.04819489,46.00930405],[33.04819489,46.00958252],[33.04930496,46.00958252],[33.04930496,46.00986099],[33.05014038,46.00986099],[33.05014038,46.01013947],[33.05125046,46.01013947],[33.05125046,46.01041794],[33.05208206,46.01041794],[33.05208206,46.0106926],[33.05319595,46.0106926],[33.05319595,46.01097107],[33.05402756,46.01097107],[33.05402756,46.01124954],[33.05513763,46.01124954],[33.05513763,46.011467154067645],[33.06305797609605,46.01291656],[33.06402588,46.01291656],[33.06402969,46.01263809],[33.0648613,46.01263809],[33.0648613,46.01291656],[33.0656929,46.01291656],[33.0656929,46.01319504],[33.06652832,46.01319504],[33.06652832,46.01291656],[33.068141040378634,46.01291656],[33.06847382,46.01291656],[33.06847382,46.01263809],[33.07069397,46.01263809],[33.07069397,46.01235962],[33.07263947,46.01235962],[33.07263947,46.01208496],[33.07624817,46.01208496],[33.07624817,46.01235962],[33.07764053,46.01235962],[33.07764053,46.01263809],[33.07875061,46.01263809],[33.07875061,46.01291656],[33.08013916,46.01291656],[33.08013916,46.01319504],[33.08124924,46.01319504],[33.08124924,46.01569366],[33.07791519,46.01569366],[33.07791519,46.01541519],[33.07708359,46.01541519],[33.07708359,46.01514053],[33.07597351,46.01514053],[33.07597351,46.01486206],[33.07569504,46.01486206],[33.07569504,46.01458359],[33.07430649,46.01458359],[33.07430649,46.01430511],[33.0731926,46.01430511],[33.0731926,46.01402664],[33.07180405,46.01402664],[33.07180405,46.01374817],[33.07116883240177,46.01374817],[33.06986237,46.01374817],[33.06986237,46.01402664],[33.06930542,46.01402664],[33.06930542,46.01405982850704],[33.070055,46.014197],[33.049658,46.027752],[33.03708267,46.02694102845934],[33.03708267,46.02708435],[33.03652954,46.02708435],[33.03652954,46.02736282],[33.03569412,46.02736282],[33.03569412,46.02763748],[33.03541565,46.02763748],[33.03541565,46.02773704651576],[33.03541565,46.02791595],[33.03430557,46.02791595],[33.03430557,46.02819443],[33.0331955,46.02819443],[33.0331955,46.0284729],[33.0320816,46.0284729],[33.0320816,46.02819443],[33.0304184,46.02819443],[33.0304184,46.02791595],[33.02902603,46.02791595],[33.02902603,46.02763748],[33.0265274,46.02763748],[33.0265274,46.02736282],[33.02513885,46.02736282],[33.02513885,46.02708435],[33.02319336,46.02708435],[33.02319336,46.026948842218474],[33.02319336,46.02680588],[33.02208328,46.02680588],[33.02208328,46.0265274],[33.02152634,46.0265274],[33.02152634,46.02624893],[33.02319336,46.02624893],[33.02319336,46.02604531954917],[33.017451,46.025675],[33.01347351,46.02612666095021],[33.01347351,46.02624893],[33.01263809,46.02624893],[33.01263809,46.0265274],[33.01208496,46.0265274],[33.01208496,46.02680588],[33.01124954,46.02680588],[33.01124954,46.02708435],[33.01041794,46.02708435],[33.01041794,46.02736282],[33.00986099,46.02736282],[33.00986099,46.02744842857021],[33.00986099,46.02763748],[33.00902939,46.02763748],[33.00902939,46.02791595],[33.00624847,46.02791595],[33.00624847,46.02819443],[33.00541687,46.02819443],[33.00541687,46.0284729],[33.0051384,46.0284729],[33.0051384,46.02902603],[33.00374985,46.02902603],[33.00374985,46.0293045],[33.00263977,46.0293045],[33.00263977,46.02958298],[33.00125122,46.02958298],[33.00125122,46.02986145],[33.00097275,46.02986145],[33.00097275,46.0304184],[33.00013733,46.0304184],[32.99986267,46.0304184],[32.99319458,46.0304184],[32.99319458,46.03069305],[32.99291611,46.03069305],[32.99291611,46.03097153],[32.99263763,46.03097153],[32.99263763,46.03125],[32.99236298,46.03125],[32.99236298,46.03152847],[32.99097061,46.03152847],[32.99097061,46.03125],[32.99041748,46.03125],[32.99041748,46.03097153],[32.98986053,46.03097153],[32.98986053,46.03069305],[32.98875046,46.03069305],[32.98875046,46.03013992],[32.98847198,46.03013992],[32.98847198,46.029877242512384],[32.98847198,46.02986145],[32.98764038,46.02986145],[32.98764038,46.02958298],[32.98680496,46.02958298],[32.98680496,46.0293045],[32.98548830774547,46.0293045],[32.972882,46.030736],[32.94486237,46.04440352595361],[32.94486237,46.04458237],[32.94458389,46.04458237],[32.94458389,46.04486084],[32.94430542,46.04486084],[32.94430542,46.04541779],[32.94374847,46.04541779],[32.94374847,46.04569626],[32.94319534,46.04569626],[32.94319534,46.04597092],[32.94291687,46.04597092],[32.94291687,46.0464509444178],[32.94291687,46.04652786],[32.94275918730127,46.04652786],[32.9426384,46.04652786],[32.9426384,46.04658677848423],[32.9426384,46.04680634],[32.94218828246397,46.04680634],[32.94180679,46.04680634],[32.94180679,46.04652786],[32.94152832,46.04652786],[32.94152832,46.04624939],[32.94041824,46.04624939],[32.94041824,46.04597092],[32.94013977,46.04597092],[32.94013977,46.04541779],[32.9398613,46.04541779],[32.9398613,46.04513931],[32.93958282,46.04513931],[32.93958282,46.04402924],[32.93930435,46.04402924],[32.93930435,46.04375076],[32.93902969,46.04375076],[32.93902588,46.04347229],[32.93875122,46.04347229],[32.93875122,46.04319382],[32.93760908855882,46.04319382],[32.93736267,46.04319382],[32.93736267,46.04347229],[32.93680573,46.04347229],[32.93680573,46.04319382],[32.93652725,46.04319382],[32.93652725,46.04291534],[32.93624878,46.04291534],[32.93624878,46.04236221],[32.93652725,46.04236221],[32.93652725,46.04208374],[32.93672007622084,46.04208374],[32.93680573,46.04208374],[32.93680573,46.04152679],[32.93652725,46.04152679],[32.93652725,46.04097366],[32.93624878,46.04097366],[32.93624878,46.04069519],[32.93569565,46.04069519],[32.93569565,46.03917872094346],[32.93424597639061,46.03791809],[32.93347168,46.03791809],[32.93347168,46.03763962],[32.9323616,46.03763962],[32.9323616,46.03736115],[32.93195052766245,46.03736115],[32.93152618,46.03736115],[32.93152618,46.03708267],[32.93069458,46.03708267],[32.93069458,46.0368042],[32.92791748,46.0368042],[32.92791748,46.03652954],[32.92486191,46.03652954],[32.92486191,46.03625107],[32.91347122,46.03625107],[32.91347122,46.03652954],[32.91236115,46.03652954],[32.91236115,46.0368042],[32.9109726,46.0368042],[32.9109726,46.03708267],[32.90986252,46.03708267],[32.90986252,46.03736115],[32.9090271,46.03736115],[32.9090271,46.03763962],[32.9081955,46.03763962],[32.9081955,46.03791809],[32.90763855,46.03791809],[32.90763855,46.03819275],[32.90680695,46.03819275],[32.90680695,46.03847122],[32.90597153,46.03847122],[32.90597153,46.03874969],[32.90513992,46.03874969],[32.90513992,46.03902817],[32.90458298,46.03902817],[32.90458298,46.03930664],[32.90375137,46.03930664],[32.90375137,46.03958511],[32.90291595,46.03958511],[32.90291595,46.03985977],[32.90208435,46.03985977],[32.90208435,46.04013824],[32.90124893,46.04013824],[32.90124893,46.04041672],[32.9006958,46.04041672],[32.9006958,46.04069519],[32.89986038,46.04069519],[32.89986038,46.04097366],[32.89902878,46.04097366],[32.89902878,46.04124832],[32.89819336,46.04124832],[32.89819336,46.04152679],[32.89764023,46.04152679],[32.89764023,46.04180527],[32.89680481,46.04180527],[32.89680481,46.04208374],[32.89597321,46.04208374],[32.89597321,46.04236221],[32.89541626,46.04236221],[32.89541626,46.04264069],[32.89485931,46.04264069],[32.89485931,46.04291534],[32.89430618,46.04291534],[32.89430618,46.04319382],[32.89374924,46.04319382],[32.89374924,46.04347229],[32.89319611,46.04347229],[32.89319611,46.04375076],[32.89263916,46.04375076],[32.89263916,46.04402924],[32.89208221,46.04402924],[32.89208221,46.04430389],[32.89152908,46.04430389],[32.89152908,46.04458237],[32.89097214,46.04458237],[32.89097214,46.04486084],[32.89041519,46.04486084],[32.89041519,46.04513931],[32.88986206,46.04513931],[32.88986206,46.04541779],[32.88930511,46.04541779],[32.88930511,46.04569626],[32.88902664,46.04569626],[32.88902664,46.04597092],[32.88847351,46.04597092],[32.88847351,46.04624939],[32.88791656,46.04624939],[32.88791656,46.04652786],[32.88735962,46.04652786],[32.88735962,46.04680634],[32.88680649,46.04680634],[32.88680649,46.04708481],[32.88624954,46.04708481],[32.88624954,46.04735947],[32.8856926,46.04735947],[32.8856926,46.04763794],[32.88513947,46.04763794],[32.88513947,46.04791641],[32.88458252,46.04791641],[32.88458252,46.04819489],[32.88402939,46.04819489],[32.88402939,46.04847336],[32.88347244,46.04847336],[32.88347244,46.04875183],[32.8829155,46.04875183],[32.8829155,46.04902649],[32.88236237,46.04902649],[32.88236237,46.04930496],[32.88180542,46.04930496],[32.88180542,46.04958344],[32.88124847,46.04958344],[32.88124847,46.04930496],[32.88097382,46.04930496],[32.88097382,46.04875183],[32.88124847,46.04875183],[32.88124847,46.04847336],[32.88152695,46.04847336],[32.88152695,46.04819489],[32.88208389,46.04819489],[32.88208389,46.04791641],[32.88236237,46.04791641],[32.88236237,46.04763794],[32.88319397,46.04763794],[32.88319397,46.04735947],[32.88375092,46.04735947],[32.88375092,46.04708481],[32.88402939,46.04708481],[32.88402939,46.04680634],[32.88458252,46.04680634],[32.88458252,46.04652786],[32.88513947,46.04652786],[32.88513947,46.04624939],[32.88624954,46.04624939],[32.88624954,46.04597092],[32.88652802,46.04597092],[32.88652802,46.04569626],[32.88680649,46.04569626],[32.88680649,46.04541779],[32.88735962,46.04541779],[32.88735962,46.04513931],[32.88763809,46.04513931],[32.88763809,46.04486084],[32.88791656,46.04486084],[32.88791656,46.04236221],[32.88763809,46.04236221],[32.88763809,46.04208374],[32.88708496,46.04208374],[32.88708496,46.04180527],[32.88680649,46.04180527],[32.88680649,46.04152679],[32.88624954,46.04152679],[32.88624954,46.04124832],[32.88597107,46.04124832],[32.88597107,46.04097366],[32.88458252,46.04097366],[32.88458252,46.04152679],[32.88430405,46.04152679],[32.88430405,46.04180527],[32.88402939,46.04180527],[32.88402939,46.04208374],[32.88375092,46.04208374],[32.88375092,46.04236221],[32.88347244,46.04236221],[32.88347244,46.04264069],[32.88319397,46.04264069],[32.88319397,46.04291534],[32.8829155,46.04291534],[32.8829155,46.04347229],[32.88236237,46.04347229],[32.88236237,46.04319382],[32.88208389,46.04319382],[32.88208389,46.04264069],[32.88236237,46.04264069],[32.88236237,46.04236221],[32.88263702,46.04236221],[32.88263702,46.04208374],[32.8829155,46.04208374],[32.8829155,46.04180527],[32.88319397,46.04180527],[32.88319397,46.04124832],[32.88347244,46.04124832],[32.88347244,46.04069519],[32.88208389,46.04069519],[32.88208389,46.04041672],[32.88180542,46.04041672],[32.88180542,46.04013824],[32.88124847,46.04013824],[32.88124847,46.03985977],[32.88097382,46.03985977],[32.88097382,46.03958511],[32.8801384,46.03958511],[32.8801384,46.03930664],[32.87930679,46.03930664],[32.87930679,46.03902817],[32.87847137,46.03902817],[32.87847137,46.03874969],[32.87763977,46.03874969],[32.87763977,46.03847122],[32.87652969,46.03847122],[32.87652588,46.03819275],[32.87569427,46.03819275],[32.87569427,46.03791809],[32.87486267,46.03791809],[32.87486267,46.03763962],[32.87402725,46.03763962],[32.87402725,46.03736115],[32.87347412,46.03736115],[32.87347031,46.03763962],[32.87319565,46.03763962],[32.87319565,46.03791809],[32.87291718,46.03791809],[32.87291718,46.03819275],[32.8726387,46.03819275],[32.8726387,46.03847122],[32.87236023,46.03847122],[32.87236023,46.04041672],[32.8718071,46.04041672],[32.8718071,46.04069519],[32.87152863,46.04069519],[32.87152863,46.04097366],[32.87125015,46.04097366],[32.87125015,46.04124832],[32.87097168,46.04124832],[32.87097168,46.04180527],[32.86736298,46.04180527],[32.86736298,46.04208374],[32.8670845,46.04208374],[32.8670845,46.04347229],[32.86736298,46.04347229],[32.86736298,46.04430389],[32.86902618,46.04430389],[32.86902618,46.04402924],[32.86930466,46.04402924],[32.86930466,46.04375076],[32.87014008,46.04375076],[32.87014008,46.04402924],[32.87041473,46.04402924],[32.87041855,46.04458237],[32.87069321,46.04458237],[32.87069321,46.04513931],[32.87097168,46.04513931],[32.87097168,46.04541779],[32.87125015,46.04541779],[32.87125015,46.04569626],[32.8718071,46.04569626],[32.8718071,46.04597092],[32.87291718,46.04597092],[32.87291718,46.04986191],[32.87319565,46.04986191],[32.87319565,46.05014038],[32.87652588,46.05014038],[32.87652969,46.04986191],[32.87680435,46.04986191],[32.87680435,46.04930496],[32.87708282,46.04930496],[32.87708282,46.04875183],[32.8781929,46.04875183],[32.8781929,46.0518074],[32.87874985,46.0518074],[32.87874985,46.05208206],[32.87902832,46.05208206],[32.87902832,46.05263901],[32.87874985,46.05263901],[32.87874985,46.05291748],[32.87847137,46.05291748],[32.87847137,46.05319595],[32.87791824,46.05319595],[32.87791824,46.05347061],[32.8773613,46.05347061],[32.8773613,46.05374908],[32.87597275,46.05374908],[32.87597275,46.05402756],[32.8754158,46.05402756],[32.8754158,46.05430603],[32.87513733,46.05430603],[32.87513733,46.05569458],[32.87347412,46.05569458],[32.87347031,46.05625153],[32.87291718,46.05625153],[32.87291718,46.05652618],[32.8718071,46.05652618],[32.8718071,46.05680466],[32.87125015,46.05680466],[32.87125015,46.0573616],[32.87097168,46.0573616],[32.87097168,46.05764008],[32.87069321,46.05764008],[32.87069321,46.05791473],[32.87041855,46.05791855],[32.87041473,46.05819321],[32.87014008,46.05819321],[32.87014008,46.05847168],[32.86958313,46.05847168],[32.86958313,46.05875015],[32.86930466,46.05875015],[32.86930466,46.05902863],[32.86902618,46.05902863],[32.86902618,46.0593071],[32.86875153,46.0593071],[32.86875153,46.05958176],[32.86791611,46.05958176],[32.86791611,46.05986023],[32.8670845,46.05986023],[32.8670845,46.0601387],[32.86597061,46.0601387],[32.86597061,46.06041718],[32.86541748,46.06041718],[32.86541748,46.06069565],[32.86208344,46.06069565],[32.86208344,46.05986023],[32.86180496,46.05986023],[32.86180496,46.05847168],[32.86152649,46.05847168],[32.86152649,46.05819321],[32.86125183,46.05819321],[32.86125183,46.05791855],[32.86069489,46.05791473],[32.86069489,46.05764008],[32.86041641,46.05764008],[32.86041641,46.05708313],[32.86013794,46.05708313],[32.86013794,46.05680466],[32.85819626,46.05680466],[32.85819626,46.05513763],[32.85791779,46.05513763],[32.85791779,46.05541611],[32.85708237,46.05541611],[32.85708237,46.05569458],[32.85680389,46.05569458],[32.85680389,46.05652618],[32.85569382,46.05652618],[32.85569382,46.05680466],[32.85458374,46.05680466],[32.85458374,46.05652618],[32.85430527,46.05652618],[32.85430527,46.05625153],[32.85402679,46.05625153],[32.85402679,46.05597305],[32.85319519,46.05597305],[32.85319519,46.05513763],[32.85347366,46.05513763],[32.85347366,46.05402756],[32.85319519,46.05402756],[32.85319519,46.05374908],[32.85180664,46.05374908],[32.85180664,46.05347061],[32.85041809,46.05347061],[32.85041809,46.05319595],[32.84958267,46.05319595],[32.84958267,46.05291748],[32.84902954,46.05291748],[32.84902954,46.05263901],[32.84819412,46.05263901],[32.84819412,46.05236053],[32.84736252,46.05236053],[32.84736252,46.05208206],[32.8465271,46.05208206],[32.8465271,46.0518074],[32.84597397,46.0518074],[32.84597397,46.05152893],[32.8445816,46.05152893],[32.8445816,46.05097198],[32.84430695,46.05097198],[32.84430695,46.05041504],[32.84402847,46.05041504],[32.84402847,46.05069351],[32.84375,46.05069351],[32.84375,46.05097198],[32.8409729,46.05097198],[32.8409729,46.04958344],[32.84069443,46.04958344],[32.84069443,46.04902649],[32.83874893,46.04902649],[32.83874893,46.04958344],[32.83847046,46.04958344],[32.83847046,46.04986191],[32.8381958,46.04986191],[32.8381958,46.05014038],[32.83791733,46.05014038],[32.83791733,46.05041504],[32.83569336,46.05041504],[32.83569336,46.05014038],[32.83514023,46.05014038],[32.83514023,46.04958344],[32.83541489,46.04958344],[32.83541489,46.04819489],[32.83569336,46.04819489],[32.83569336,46.04791641],[32.83541489,46.04791641],[32.83541489,46.04763794],[32.83486176,46.04763794],[32.83486176,46.04708481],[32.83458328,46.04708481],[32.83458328,46.04680634],[32.83402634,46.04680634],[32.83402634,46.04652786],[32.83375168,46.04652786],[32.83375168,46.04597092],[32.83347321,46.04597092],[32.83347321,46.04569626],[32.83124924,46.04569626],[32.83124924,46.04541779],[32.82986069,46.04541779],[32.82986069,46.04513931],[32.82930374,46.04513931],[32.82930374,46.04458237],[32.82791519,46.04458237],[32.82791519,46.04430389],[32.82708359,46.04430389],[32.82708359,46.04402924],[32.82680511,46.04402924],[32.82680511,46.04375076],[32.82652664,46.04375076],[32.82652664,46.04486084],[32.82430649,46.04486084],[32.82430649,46.04458237],[32.82208252,46.04458237],[32.82208252,46.04430389],[32.8204155,46.04430389],[32.8204155,46.04402924],[32.82013702,46.04402924],[32.82013702,46.04375076],[32.81958389,46.04375076],[32.81958389,46.04319382],[32.81930542,46.04319382],[32.81930542,46.04236221],[32.81874847,46.04236221],[32.81874847,46.04208374],[32.81847382,46.04208374],[32.81847382,46.04180527],[32.81819534,46.04180527],[32.81819534,46.04124832],[32.8176384,46.04124832],[32.8176384,46.04097366],[32.81708527,46.04097366],[32.81708145,46.04069519],[32.81652832,46.04069519],[32.81652832,46.04041672],[32.81597137,46.04041672],[32.81597137,46.04013824],[32.81541824,46.04013824],[32.81541824,46.03985977],[32.8148613,46.03985977],[32.8148613,46.03958511],[32.81430435,46.03958511],[32.81430435,46.03930664],[32.81375122,46.03930664],[32.81375122,46.03902817],[32.81347275,46.03902817],[32.81347275,46.03874969],[32.8129158,46.03874969],[32.8129158,46.03847122],[32.81236267,46.03847122],[32.81236267,46.03819275],[32.81180573,46.03819275],[32.81180573,46.03791809],[32.81124878,46.03791809],[32.81124878,46.03763962],[32.81069565,46.03763962],[32.81069565,46.03736115],[32.8101387,46.03736115],[32.8101387,46.03708267],[32.80958176,46.03708267],[32.80958176,46.0368042],[32.80902863,46.0368042],[32.80902863,46.03652954],[32.80875015,46.03652954],[32.80875015,46.03625107],[32.80847168,46.03625107],[32.80847168,46.03486252],[32.80875015,46.03486252],[32.80875015,46.03458405],[32.80902863,46.03458405],[32.80902863,46.0340271],[32.80958176,46.0340271],[32.80958176,46.03374863],[32.80986023,46.03374863],[32.80986023,46.03347397],[32.8101387,46.03347397],[32.8101387,46.0340271],[32.81069565,46.0340271],[32.81069565,46.03430557],[32.81124878,46.03430557],[32.81124878,46.03458405],[32.81152725,46.03458405],[32.81152725,46.03486252],[32.81180573,46.03486252],[32.81180573,46.03513718],[32.81263733,46.03513718],[32.81263733,46.03486252],[32.8129158,46.03486252],[32.8129158,46.03430557],[32.81263733,46.03430557],[32.81263733,46.03395844],[32.81263733,46.03374863],[32.81236267,46.03374863],[32.81236267,46.03263855],[32.8120842,46.03263855],[32.8120842,46.03069305],[32.81236267,46.03069305],[32.81236267,46.0304184],[32.8129158,46.0304184],[32.8129158,46.03180695],[32.81402588,46.03180695],[32.81402588,46.03097153],[32.81375122,46.03097153],[32.81375122,46.0304184],[32.81347275,46.0304184],[32.81347275,46.03025248987418],[32.81347275,46.02986145],[32.81097412,46.02986145],[32.81097031,46.03013992],[32.81075287,46.03013992],[32.81069565,46.03013992],[32.81069565,46.03039898818244],[32.81069565,46.0304184],[32.81032766924193,46.0304184],[32.80986023,46.0304184],[32.80986023,46.0304430584776],[32.80986023,46.03069305],[32.80847168,46.03069305],[32.80847168,46.03097153],[32.80676651,46.03097153],[32.80541611,46.03097153],[32.80541611,46.03125],[32.80430603,46.03125],[32.80430603,46.03073605509413],[32.80430603,46.03069305],[32.80291748,46.03069305],[32.80291748,46.030809304248265],[32.80291748,46.03097153],[32.80263901,46.03097153],[32.80263901,46.03082399417081],[32.80263901,46.03069305],[32.80097198,46.03069305],[32.80097198,46.03091193377501],[32.80097198,46.03125],[32.80014038,46.03125],[32.80014038,46.03152847],[32.79986191,46.03152847],[32.79986191,46.03236008],[32.80097198,46.03236008],[32.80097198,46.03263855],[32.80152893,46.03263855],[32.80152893,46.03347397],[32.80125046,46.03348541],[32.80125046,46.03374863],[32.79902649,46.03374863],[32.79902649,46.03347397],[32.79875183,46.03347397],[32.79875183,46.0331955],[32.79847336,46.0331955],[32.79847336,46.03291702],[32.79819489,46.03291702],[32.79819489,46.03263855],[32.79735947,46.03263855],[32.79735947,46.03236008],[32.79458237,46.03236008],[32.79458237,46.0320816],[32.79430389,46.0320816],[32.79430389,46.03180695],[32.79097366,46.03180695],[32.79097366,46.03171891788528],[32.79097366,46.03152847],[32.79013824,46.03152847],[32.79013824,46.03125],[32.78958511,46.03125],[32.78958511,46.03097153],[32.78954808022936,46.03097153],[32.719364,46.039073],[32.69763947,46.0437384286249],[32.69763947,46.04430389],[32.69680405,46.04430389],[32.69680405,46.04458237],[32.69597244,46.04458237],[32.69597244,46.04486084],[32.6954155,46.04486084],[32.6954155,46.04513931],[32.69458389,46.04513931],[32.69458389,46.04533610830545],[32.69458389,46.04541779],[32.69420354036446,46.04541779],[32.69374847,46.04541779],[32.69374847,46.04551551828745],[32.69374847,46.04569626],[32.69291687,46.04569626],[32.69291687,46.04597092],[32.69235992,46.04597092],[32.69235992,46.04624939],[32.69152832,46.04624939],[32.69152832,46.04652786],[32.68930435,46.04652786],[32.68930435,46.04680634],[32.687737777266776,46.04680634],[32.6870842,46.04680634],[32.6870842,46.046946698485165],[32.6870842,46.04708481],[32.68644108571819,46.04708481],[32.68486023,46.04708481],[32.68486023,46.04735947],[32.68319321,46.04735947],[32.68319321,46.04684082001964],[32.66764069,46.050180785118876],[32.66764069,46.05041504],[32.66680527,46.05041504],[32.66680527,46.05069351],[32.66569519,46.05069351],[32.66569519,46.05097198],[32.66485977,46.05097198],[32.66485977,46.05125046],[32.66374969,46.05125046],[32.66374969,46.05152893],[32.66291809,46.05152893],[32.66291809,46.0518074],[32.6618042,46.0518074],[32.6618042,46.05208206],[32.6609726,46.05208206],[32.6609726,46.05236053],[32.65986252,46.05236053],[32.65986252,46.05263901],[32.65874863,46.05263901],[32.65874863,46.05291748],[32.65763855,46.05291748],[32.65763855,46.05319595],[32.65652847,46.05319595],[32.65652847,46.05347061],[32.6554184,46.05347061],[32.6554184,46.053747063104666],[32.6554184,46.05374908],[32.655409008355875,46.05374908],[32.6543045,46.05374908],[32.6543045,46.05398627784585],[32.6543045,46.05402756],[32.654112270243246,46.05402756],[32.65319443,46.05402756],[32.65319443,46.054224670078355],[32.65319443,46.05430603],[32.65281557869581,46.05430603],[32.65208435,46.05430603],[32.65208435,46.05446306445847],[32.65208435,46.0545845],[32.651518887148605,46.0545845],[32.65097046,46.0545845],[32.65097046,46.05470227705222],[32.65097046,46.05486298],[32.650222149036516,46.05486298],[32.64958191,46.05486298],[32.64958191,46.0545845],[32.64986038,46.0545845],[32.64986038,46.05402756],[32.65124893,46.05402756],[32.65124893,46.05374908],[32.65291595,46.05374908],[32.65291595,46.05347061],[32.65319443,46.05347061],[32.65319443,46.05328317651361],[32.620055,46.0604],[32.59375,46.063451976300875],[32.59375,46.06375122],[32.5918045,46.06375122],[32.5918045,46.06402588],[32.5909729,46.06402588],[32.5909729,46.06430435],[32.58930588,46.06430435],[32.58930588,46.06402588],[32.5890274,46.06402588],[32.5890274,46.06399990495621],[32.55212,46.068282],[32.54986191,46.06826111821766],[32.54986191,46.06847382],[32.54958344,46.06847382],[32.54958344,46.06874847],[32.54902649,46.06874847],[32.54902649,46.06902695],[32.54875183,46.06902695],[32.54875183,46.06915060105239],[32.54875183,46.06930542],[32.54847336,46.06930542],[32.54847336,46.06914802588975],[32.54847336,46.06902695],[32.54763794,46.06902695],[32.54763794,46.06914030030934],[32.54763794,46.06930542],[32.54735947,46.06930542],[32.54735947,46.069137725146696],[32.54735947,46.06902695],[32.54708481,46.06902695],[32.54708481,46.06847382],[32.54680634,46.06847382],[32.54680634,46.06823286170545],[32.541847,46.068187],[32.539628,46.073498],[32.54256983967904,46.07791519],[32.54291534,46.07791519],[32.54291534,46.07819366],[32.54375076,46.07819366],[32.54375076,46.07875061],[32.54430389,46.07875061],[32.54430389,46.07902908],[32.54458237,46.07902908],[32.54458237,46.07930374],[32.54491946896647,46.07930374],[32.54513931,46.07930374],[32.54513931,46.07958221],[32.54541779,46.07958221],[32.54541779,46.079837548649984],[32.54541779,46.08041763],[32.54569626,46.08041763],[32.54569626,46.08069611],[32.54597092,46.08069611],[32.54597092,46.08097934860195],[32.549700231453286,46.08208466],[32.54986191,46.08208466],[32.54986191,46.08180618],[32.55014038,46.08180618],[32.55014038,46.08208466],[32.55069351,46.08208466],[32.55069351,46.08235931],[32.55374908,46.08235931],[32.55374908,46.08263779],[32.55430603,46.08263779],[32.55430603,46.082471881529656],[32.55430603,46.08235931],[32.5545845,46.08235931],[32.5545845,46.08255441560571],[32.5545845,46.08263779],[32.55486298,46.08263779],[32.55486298,46.08291626],[32.55513763,46.08291626],[32.55513763,46.08319473],[32.55674492097866,46.08319473],[32.55680466,46.08319473],[32.55680466,46.08321243569516],[32.55680466,46.08347321],[32.557684512591,46.08347321],[32.55791473,46.08347321],[32.557915669825704,46.083541721325425],[32.55791855,46.08375168],[32.55819321,46.08375168],[32.55819321,46.08402634],[32.55847168,46.08402634],[32.55847168,46.08375168],[32.55862407046334,46.08375168],[32.55875015,46.08375168],[32.55875015,46.08378904796807],[32.55875015,46.08402634],[32.559550773394434,46.08402634],[32.5601387,46.08402634],[32.5601387,46.084200592088855],[32.5601387,46.08430481],[32.56049033126677,46.08430481],[32.56097031,46.08430481],[32.56097226428601,46.08444764727678],[32.56097412,46.08458328],[32.561429889139106,46.08458328],[32.56152725,46.08458328],[32.56152725,46.084612136209635],[32.56152725,46.08486176],[32.56236267,46.08486176],[32.56236267,46.08514023],[32.563309038623814,46.08514023],[32.56375122,46.08514023],[32.56375122,46.085271285522445],[32.56375122,46.08541489],[32.5642357415549,46.08541489],[32.56458282,46.08541489],[32.56458282,46.08551775852727],[32.56458282,46.08569336],[32.56513977,46.08569336],[32.56513977,46.085682829643225],[32.56513977,46.08541489],[32.5656929,46.08541489],[32.5656929,46.08569336],[32.56680679,46.08569336],[32.56680679,46.08597183],[32.56791687,46.08597183],[32.56791687,46.08625031],[32.56847382,46.08625031],[32.56847382,46.08652878],[32.56902695,46.08652878],[32.56902695,46.08680725],[32.5704155,46.08680725],[32.5704155,46.08708191],[32.57069397,46.08708191],[32.57069397,46.08732900612636],[32.57069397,46.08763885],[32.57152939,46.08763885],[32.57152939,46.08791733],[32.57180405,46.08791733],[32.57180405,46.0881958],[32.57208252,46.0881958],[32.57208252,46.08871843112774],[32.596141,46.095849],[32.60717121178429,46.0984726],[32.60763931,46.0984726],[32.60763931,46.09819412],[32.60819626,46.09819412],[32.60819626,46.0984726],[32.60902786,46.0984726],[32.60902786,46.09819412],[32.60999777629709,46.09819412],[32.61736298,46.09819412],[32.61736298,46.0984726],[32.61819458,46.0984726],[32.61819458,46.09875107],[32.61847305,46.09875107],[32.61847305,46.09902954],[32.61902618,46.09902954],[32.61902618,46.0993042],[32.61930466,46.0993042],[32.61930466,46.09958267],[32.6198616,46.09958267],[32.6198616,46.09986115],[32.62014008,46.09986115],[32.62014008,46.10013962],[32.62041473,46.10013962],[32.62041841170174,46.10067272462981],[32.62041855,46.10069275],[32.620502603056444,46.10069275],[32.62069321,46.10069275],[32.62069321,46.100738086894964],[32.62069321,46.10124969],[32.62125015,46.10124969],[32.62125015,46.10180664],[32.6218071,46.10180664],[32.6218071,46.10195383110178],[32.62935153992678,46.10374832],[32.63069534,46.10374832],[32.63069534,46.10402679],[32.63124847,46.10402679],[32.63124847,46.10374832],[32.63152695,46.10374832],[32.63152695,46.10402679],[32.6329155,46.10402679],[32.6329155,46.10430527],[32.63319397,46.10430527],[32.63319397,46.10402679],[32.63375092,46.10402679],[32.63375092,46.10430527],[32.63486099,46.10430527],[32.63486099,46.10458374],[32.636861237942085,46.10458374],[32.63763809,46.10458374],[32.63763809,46.1047685184738],[32.63763809,46.10486221],[32.638031991158755,46.10486221],[32.63847351,46.10486221],[32.63847351,46.10496722765015],[32.63847351,46.10514069],[32.63874817,46.10514069],[32.63874817,46.10503255702026],[32.63874817,46.10486221],[32.63930511,46.10486221],[32.63930511,46.10514069],[32.63958359,46.10514069],[32.63958359,46.10486221],[32.63986206,46.10486221],[32.63986206,46.10514069],[32.64069366,46.10514069],[32.64069366,46.10541534],[32.64208221,46.10541534],[32.64208221,46.10569382],[32.64458466,46.10569382],[32.64458466,46.10597229],[32.64541626,46.10597229],[32.64541626,46.10625076],[32.64911952383928,46.10625076],[32.6506958,46.10625076],[32.6506958,46.10652924],[32.65097046,46.10652924],[32.65097046,46.10625076],[32.65263748,46.10625076],[32.65263748,46.10597229],[32.65319443,46.10597229],[32.65319443,46.1061343185272],[32.66069412,46.10414828630976],[32.66069412,46.10402679],[32.6609726,46.10402679],[32.6609726,46.10374832],[32.6618042,46.10374832],[32.6618042,46.10347366],[32.66236115,46.10347366],[32.66236115,46.10319519],[32.66291809,46.10319519],[32.66291809,46.10291672],[32.66374969,46.10291672],[32.66374969,46.10263824],[32.66402817,46.10263824],[32.66402817,46.10235977],[32.66458511,46.10235977],[32.66458511,46.10215524547967],[32.66458511,46.10208511],[32.6648499573832,46.10208511],[32.66513824,46.10208511],[32.66513824,46.10200876852602],[32.66513824,46.10180664],[32.66569519,46.10180664],[32.66569519,46.10186127998022],[32.66569519,46.10208511],[32.66541672,46.10208511],[32.66541672,46.10263824],[32.66513824,46.10263824],[32.66513824,46.10291672],[32.665344782490045,46.10291672],[32.66764069,46.10230872869863],[32.66764069,46.10152817],[32.66736221,46.10152817],[32.66736221,46.10141982858304],[32.66736221,46.10097122],[32.66847229,46.10097122],[32.66847229,46.10069275],[32.66875076,46.10069275],[32.66875076,46.10041809],[32.67069626,46.10041809],[32.67069626,46.10053692314051],[32.67069626,46.10069275],[32.67097092,46.10069275],[32.67097092,46.101426833037415],[32.67375183,46.10069040568458],[32.67375183,46.10041809],[32.67319489,46.10041809],[32.67319489,46.10013962],[32.67263794,46.10013962],[32.67263794,46.100022737738435],[32.67263794,46.09986115],[32.67291641,46.09986115],[32.67291641,46.09958267],[32.67402649,46.09958267],[32.67402649,46.0993042],[32.67514038,46.0993042],[32.67514038,46.099360054846414],[32.67514038,46.09958267],[32.67708206,46.09958267],[32.67708206,46.09982470664993],[32.69124985,46.10323038967784],[32.69124985,46.10319519],[32.69152832,46.10319519],[32.69152832,46.10291672],[32.6926384,46.10291672],[32.6926384,46.10319519],[32.69374847,46.10319519],[32.69374847,46.10347366],[32.69402695,46.10347366],[32.69402695,46.10389795479116],[32.703745,46.106234],[32.719818079870535,46.10819626],[32.72097397,46.10819626],[32.72097397,46.10791779],[32.7215271,46.10791779],[32.7215271,46.10819626],[32.72208405,46.10819626],[32.72208405,46.10847092],[32.72291565,46.10847092],[32.72291565,46.10819626],[32.72375107,46.10819626],[32.72375107,46.10847092],[32.72513962,46.10847092],[32.72513962,46.10819626],[32.72680664,46.10819626],[32.72680664,46.108136033634416],[32.72680664,46.10791779],[32.72708511,46.10791779],[32.72708511,46.108170030252545],[32.72708511,46.10819626],[32.7272999607168,46.10819626],[32.72986221,46.10819626],[32.72986221,46.10791779],[32.73069382,46.10791779],[32.73069382,46.10763931],[32.73125076,46.10763931],[32.73125076,46.10791779],[32.73291779,46.10791779],[32.73291779,46.10763931],[32.73319626,46.10763931],[32.73319626,46.10791779],[32.73458481,46.10791779],[32.73458481,46.10819626],[32.73541641,46.10819626],[32.73541641,46.10847092],[32.73569489,46.10847092],[32.73569489,46.10874939],[32.73625183,46.10874939],[32.73625183,46.10847092],[32.73680496,46.10847092],[32.73680496,46.10874939],[32.73764038,46.10874939],[32.73764038,46.10902786],[32.73791504,46.10902786],[32.73791504,46.10958481],[32.73847198,46.10958481],[32.73847198,46.10985947],[32.73875046,46.10985947],[32.73875046,46.11013794],[32.73902893,46.11013794],[32.73902893,46.11097336],[32.73958206,46.11097336],[32.73958206,46.11120431137413],[32.73958206,46.11125183],[32.73971369444032,46.11125183],[32.73986053,46.11125183],[32.73986053,46.11130483606746],[32.73986053,46.11180496],[32.73958206,46.11180496],[32.73958206,46.11208344],[32.73986053,46.11208344],[32.73986053,46.1123184578589],[32.758447,46.119028],[32.79069519,46.11552706578909],[32.79069519,46.114616509590476],[32.79069519,46.11458206],[32.79097366,46.11458206],[32.79097366,46.11402893],[32.79208374,46.11402893],[32.79208374,46.11375046],[32.79264069,46.11375046],[32.79264069,46.11347198],[32.79375076,46.11347198],[32.79375076,46.11402893],[32.79402924,46.11402893],[32.79402924,46.114254557897155],[32.79402924,46.1143074],[32.79430389,46.1143074],[32.79430389,46.11486053],[32.79458237,46.11486053],[32.79458237,46.1151050650056],[32.82069397,46.11227033245962],[32.82069397,46.11180496],[32.82180405,46.11180496],[32.82180405,46.11152649],[32.82291794,46.11152649],[32.82291794,46.11125183],[32.82402802,46.11125183],[32.82402802,46.11099782532897],[32.82402802,46.11097336],[32.824253377779925,46.11097336],[32.82541656,46.11097336],[32.82541656,46.110847082417415],[32.82541656,46.11069489],[32.82681845185082,46.11069489],[32.82736206,46.11069489],[32.82736206,46.11063587472125],[32.82736206,46.11041641],[32.83041763,46.11041641],[32.83041763,46.11063721341669],[32.83041763,46.11069489],[32.83087802236051,46.11069489],[32.83097076,46.11069489],[32.83097076,46.11070650789519],[32.83097076,46.11097336],[32.83208466,46.11097336],[32.83208466,46.11125183],[32.83263779,46.11125183],[32.83263779,46.11152649],[32.83319473,46.11152649],[32.83319473,46.11180496],[32.83430481,46.11180496],[32.83430481,46.11203832712859],[32.85597229,46.11475276545324],[32.85597229,46.11458206],[32.85708237,46.11458206],[32.85708237,46.1143074],[32.85819626,46.1143074],[32.85819626,46.114117237423415],[32.85819626,46.11402893],[32.85902786,46.11402893],[32.85902786,46.11375046],[32.86125183,46.11375046],[32.86125183,46.11402893],[32.86152649,46.11402893],[32.86152649,46.1143074],[32.86180496,46.1143074],[32.86180496,46.114569324608134],[32.86180496,46.11458206],[32.86190661784428,46.11458206],[32.86236191,46.11458206],[32.86236191,46.114639097644826],[32.86236191,46.11486053],[32.86264038,46.11486053],[32.86264038,46.11513901],[32.86236191,46.11513901],[32.86236191,46.11541748],[32.86127824556982,46.11541748],[32.863717,46.115723],[32.87791824,46.11316408894046],[32.87791824,46.11291504],[32.87874985,46.11291504],[32.87874985,46.11264038],[32.8801384,46.11264038],[32.8801384,46.11236191],[32.88208389,46.11236191],[32.88208389,46.11208344],[32.88263702,46.11208344],[32.88263702,46.11180496],[32.88375092,46.11180496],[32.88375092,46.11152649],[32.88486099,46.11152649],[32.88486099,46.11125183],[32.88513947,46.11125183],[32.88513947,46.11097336],[32.88708496,46.11097336],[32.88708496,46.11069489],[32.88735962,46.11069489],[32.88735962,46.11053349082774],[32.88735962,46.11041641],[32.88763809,46.11041641],[32.88763809,46.11048331356718],[32.88763809,46.11069489],[32.88791656,46.11069489],[32.88791656,46.11043313630662],[32.88791656,46.11041641],[32.88800938640288,46.11041641],[32.88930511,46.11041641],[32.88930511,46.11018293472241],[32.88930511,46.11013794],[32.8895548183382,46.11013794],[32.89069366,46.11013794],[32.89069366,46.10993273313821],[32.89069366,46.10985947],[32.89110025027351,46.10985947],[32.89374924,46.10985947],[32.89374924,46.10958481],[32.89541626,46.10958481],[32.89541626,46.10930634],[32.89847183,46.10930634],[32.89847183,46.10902786],[32.9006958,46.10902786],[32.9006958,46.10874939],[32.90124893,46.10874939],[32.90124893,46.108960148955795],[32.90763855,46.107808807996534],[32.90763855,46.10763931],[32.90847397,46.10763931],[32.90847397,46.10680389],[32.90874863,46.10680389],[32.90874863,46.10667942422084],[32.90874863,46.10597229],[32.9081955,46.10597229],[32.9081955,46.10569382],[32.90763855,46.10569382],[32.90763855,46.10486221],[32.90791702,46.10486221],[32.90791702,46.10458374],[32.90847397,46.10458374],[32.90847397,46.10430527],[32.91069412,46.10430527],[32.91069412,46.10458374],[32.9109726,46.10458374],[32.9109726,46.10597229],[32.9118042,46.10597229],[32.9118042,46.10569382],[32.91291809,46.10569382],[32.91291809,46.10541534],[32.91319275,46.10541534],[32.91319275,46.10569382],[32.91402817,46.10569382],[32.91402817,46.105932188515936],[32.91402817,46.10597229],[32.91458511,46.10597229],[32.91458511,46.10625076],[32.91485977,46.10625076],[32.91485977,46.105978297571305],[32.91485977,46.10514069],[32.91597366,46.10514069],[32.91597366,46.106040058532926],[32.91597366,46.10625076],[32.91624832,46.10625076],[32.91624832,46.10695780382364],[32.92097092,46.107219654007174],[32.92097092,46.10708237],[32.92319489,46.10708237],[32.92319489,46.10680389],[32.92430496,46.10680389],[32.92430496,46.10652924],[32.924796293748365,46.10652924],[32.92597198,46.10652924],[32.92597198,46.10625076],[32.93097305,46.10625076],[32.93097305,46.10597229],[32.93264008,46.10597229],[32.93264008,46.10569382],[32.93347168,46.10569382],[32.93347168,46.10597229],[32.93375015,46.10597229],[32.93375015,46.10569382],[32.9343071,46.10569382],[32.9343071,46.10597229],[32.9370842,46.10597229],[32.9370842,46.10625076],[32.9379158,46.10625076],[32.9379158,46.10652924],[32.93875122,46.10652924],[32.93875122,46.10625076],[32.9398613,46.10625076],[32.9398613,46.10652924],[32.94013977,46.10652924],[32.94013977,46.10625076],[32.94041824,46.10625076],[32.94041824,46.10652924],[32.94124985,46.10652924],[32.94124985,46.10680389],[32.94291687,46.10680389],[32.94291687,46.10708237],[32.9454155,46.10708237],[32.9454155,46.10736084],[32.94680405,46.10736084],[32.94680405,46.10763931],[32.94736099,46.10763931],[32.94736099,46.10778036653782],[32.94736099,46.10791779],[32.94847107,46.10791779],[32.94847107,46.10819626],[32.94930649,46.10819626],[32.94930649,46.10847092],[32.95069504,46.10847092],[32.95069504,46.10874939],[32.95152664,46.10874939],[32.95152664,46.10891385230682],[32.978626025099224,46.11041641],[32.97930527,46.11041641],[32.97930527,46.11013794],[32.98152924,46.11013794],[32.98152924,46.10985947],[32.98291779,46.10985947],[32.98291779,46.10975185578737],[32.98291779,46.10958481],[32.98319626,46.10958481],[32.98319626,46.109767295889164],[32.98319626,46.10985947],[32.98485866643971,46.10985947],[32.98485947,46.10985947],[32.98485947,46.10958481],[32.98569489,46.10958481],[32.98569489,46.10985947],[32.98652649,46.10985947],[32.98652649,46.10958481],[32.98736191,46.10958481],[32.98736191,46.10985947],[32.98847198,46.10985947],[32.98847198,46.10958481],[32.98902893,46.10958481],[32.98902893,46.10985947],[32.98986053,46.10985947],[32.98986053,46.10958481],[32.99180603,46.10958481],[32.99180603,46.10985947],[32.9920845,46.10985947],[32.9920845,46.10958481],[32.99319458,46.10958481],[32.99319458,46.10985947],[32.99347305,46.10985947],[32.99347305,46.10958481],[32.99458313,46.10958481],[32.99458313,46.10985947],[32.99541855,46.10985947],[32.99541855,46.10958481],[32.99652863,46.10958481],[32.99652863,46.10985947],[32.99736023,46.10985947],[32.99736023,46.10958481],[32.99874878,46.10958481],[32.99874878,46.10985947],[32.99986267,46.10985947],[33.00013733,46.10985947],[33.00291824,46.10985947],[33.00291824,46.11013794],[33.0031929,46.11013794],[33.0031929,46.11041641],[33.00458145,46.11041641],[33.00458527,46.11013794],[33.00541687,46.11013794],[33.00541687,46.10985947],[33.00652695,46.10985947],[33.00652695,46.11013794],[33.00958252,46.11013794],[33.00958252,46.10985947],[33.01402664,46.10985947],[33.01402664,46.11013794],[33.01458359,46.11013794],[33.01458359,46.11041641],[33.01763916,46.11041641],[33.01763916,46.11069489],[33.01930618,46.11069489],[33.01930618,46.11097336],[33.02125168,46.11097336],[33.02125168,46.11125183],[33.02208328,46.11125183],[33.02208328,46.11152649],[33.02236176,46.11152649],[33.02236176,46.11125183],[33.02347183,46.11125183],[33.02347183,46.11097336],[33.0256958,46.11097336],[33.0256958,46.11125183],[33.0265274,46.11125183],[33.0265274,46.11097336],[33.02708435,46.11097336],[33.02708435,46.11125183],[33.02819443,46.11125183],[33.02819443,46.11152649],[33.02986145,46.11152649],[33.02986145,46.11180496],[33.0304184,46.11180496],[33.0304184,46.11208344],[33.03097153,46.11208344],[33.03097153,46.11236191],[33.03125,46.11236191],[33.03125,46.11208344],[33.0320816,46.11208344],[33.0320816,46.11236191],[33.03374863,46.11236191],[33.03374863,46.11264038],[33.0340271,46.11264038],[33.0340271,46.11347198],[33.03263855,46.11347198],[33.03263855,46.11319351],[33.03125,46.11319351],[33.03125,46.11347198],[33.03091110081206,46.11347198],[33.03069305,46.11347198],[33.03069305,46.11375046],[33.0304184,46.11375046],[33.0304184,46.11347198],[33.02961673677055,46.11347198],[33.031475,46.149726],[33.05708313,46.154544469119344],[33.05708313,46.1543045],[33.060761226818876,46.1543045],[33.06124878,46.1543045],[33.06124878,46.15402603],[33.06319427,46.15402603],[33.06319427,46.15375137],[33.06370077205373,46.15375137],[33.06402588,46.15375137],[33.06402588,46.15402603],[33.06521369390759,46.15402603],[33.07097244,46.15051752910558],[33.07097244,46.15013885],[33.07125092,46.15013885],[33.07125092,46.14930725],[33.07152939,46.14930725],[33.07152939,46.148981849466026],[33.07152939,46.14847183],[33.07180405,46.14847183],[33.07180405,46.14736176],[33.07208252,46.14736176],[33.07208252,46.14680481],[33.07236099,46.14680481],[33.07236099,46.14569473],[33.07263947,46.14569473],[33.07263947,46.14513779],[33.07291794,46.14513779],[33.07291794,46.14485931],[33.0731926,46.14485931],[33.0731926,46.14458466],[33.07347107,46.14458466],[33.07347107,46.14402771],[33.07402802,46.14402771],[33.07402802,46.14347076],[33.07430649,46.14347076],[33.07430649,46.14319611],[33.07485962,46.14319611],[33.07485962,46.14291763],[33.07513809,46.14291763],[33.07513809,46.14236069],[33.07541656,46.14236069],[33.07541656,46.14180374],[33.07569504,46.14180374],[33.07569504,46.14125061],[33.07597351,46.14125061],[33.07597351,46.14097214],[33.07624817,46.14097214],[33.07624817,46.14069366],[33.07652664,46.14069366],[33.07652664,46.14014053],[33.07680511,46.14014053],[33.07680511,46.13958359],[33.07736206,46.13958359],[33.07736206,46.13902664],[33.07764053,46.13902664],[33.07764053,46.13874817],[33.07791519,46.13874817],[33.07791519,46.13847351],[33.07847214,46.13847351],[33.07847214,46.13819504],[33.07875061,46.13819504],[33.07875061,46.13791656],[33.07930374,46.13791656],[33.07930374,46.13763809],[33.07958221,46.13763809],[33.07958221,46.13735962],[33.07986069,46.13735962],[33.07986069,46.13708496],[33.08041763,46.13708496],[33.08041763,46.13680649],[33.08069611,46.13680649],[33.08069611,46.13652802],[33.08124924,46.13652802],[33.08124924,46.13624954],[33.08152771,46.13624954],[33.08152771,46.13597107],[33.08208466,46.13597107],[33.08208466,46.1356926],[33.08263779,46.1356926],[33.08263779,46.13541794],[33.08319473,46.13541794],[33.08319473,46.13513947],[33.08347321,46.13513947],[33.08347321,46.13486099],[33.08375168,46.13486099],[33.08375168,46.13513947],[33.08402634,46.13513947],[33.08402634,46.13486099],[33.08486176,46.13486099],[33.08486176,46.13458252],[33.08597183,46.13458252],[33.08597183,46.13430405],[33.0881958,46.13430405],[33.0881958,46.13402939],[33.09069443,46.13402939],[33.09069443,46.13375092],[33.0918045,46.13375092],[33.0918045,46.13347244],[33.09263992,46.13347244],[33.09263992,46.13319397],[33.09319305,46.13319397],[33.09319305,46.1329155],[33.09347153,46.1329155],[33.09347153,46.13263702],[33.09375,46.13263702],[33.09375,46.13236237],[33.09402847,46.13236237],[33.09402847,46.13180542],[33.09430695,46.13180542],[33.09430695,46.13152695],[33.0945816,46.13152695],[33.0945816,46.13124847],[33.0956955,46.13124847],[33.0956955,46.13152695],[33.09624863,46.13152695],[33.09624863,46.13180542],[33.0965271,46.13180542],[33.0965271,46.13208389],[33.09680557,46.13208389],[33.09680557,46.13236237],[33.09708405,46.13236237],[33.09708405,46.13263702],[33.09763718,46.13263702],[33.09763718,46.13236237],[33.098808348795494,46.13236237],[33.0993042,46.13236237],[33.0993042,46.13263702],[33.10032096093263,46.13263702],[33.101575,46.131873],[33.11069489,46.130880937920296],[33.11069489,46.13069534],[33.11097336,46.13069534],[33.11097336,46.13041687],[33.11375046,46.13041687],[33.11375046,46.1301384],[33.1143074,46.1301384],[33.1143074,46.12985992],[33.11458206,46.12985992],[33.11458206,46.12958527],[33.11513901,46.12958145],[33.11513901,46.129486903120686],[33.11513901,46.12930679],[33.11597061,46.12930679],[33.11597061,46.12902832],[33.11680603,46.12902832],[33.11680603,46.12874985],[33.11763763,46.12874985],[33.11763763,46.12847137],[33.11958313,46.12847137],[33.11958313,46.1281929],[33.1198616,46.1281929],[33.1198616,46.12791824],[33.12014008,46.12791824],[33.12014008,46.12763977],[33.12041855,46.12763977],[33.12041855,46.1273613],[33.12069321,46.1273613],[33.12069321,46.12708282],[33.12125015,46.12708282],[33.12125015,46.12680435],[33.12208176,46.12680435],[33.12208176,46.12652969],[33.12291718,46.12652588],[33.12291718,46.12625122],[33.12402725,46.12625122],[33.12402725,46.12597275],[33.12486267,46.12597275],[33.12486267,46.12569427],[33.12569427,46.12569427],[33.12569427,46.1254158],[33.12652588,46.1254158],[33.12652969,46.12513733],[33.12708282,46.12513733],[33.12708282,46.1245842],[33.1273613,46.1245842],[33.1273613,46.12430573],[33.12902832,46.12430573],[33.12902832,46.1245842],[33.12958145,46.1245842],[33.12958145,46.12486267],[33.13236237,46.12486267],[33.13236237,46.1245842],[33.13486099,46.1245842],[33.13486099,46.12486267],[33.1356926,46.12486267],[33.1356926,46.1245842],[33.13597107,46.1245842],[33.13597107,46.12486267],[33.13652802,46.12486267],[33.13652802,46.12513733],[33.13680649,46.12513733],[33.13680649,46.1254158],[33.13708496,46.1254158],[33.13708496,46.12569427],[33.13735962,46.12569427],[33.13735962,46.12597275],[33.13763809,46.12597275],[33.13763809,46.12703945267625],[33.13763809,46.12708282],[33.13791656,46.12708282],[33.13791656,46.12763977],[33.13819504,46.12763977],[33.13819504,46.12788947025993],[33.14047,46.127642],[33.181455,46.147562],[33.195306,46.170137],[33.222893,46.157038],[33.21906175890566,46.14930725],[33.21875,46.14930725],[33.21875,46.14902878],[33.21847153,46.14902878],[33.21847153,46.14875031],[33.2179184,46.14875031],[33.2179184,46.14847183],[33.21736145,46.14847183],[33.21736145,46.14819336],[33.21714074576595,46.14819336],[33.21708298,46.14819336],[33.21708298,46.14807679395284],[33.21708298,46.14791489],[33.217002746466534,46.14791489],[33.21652603,46.14791489],[33.21652603,46.14764023],[33.21569443,46.14764023],[33.21569443,46.14736176],[33.21541595,46.14736176],[33.21541595,46.14708328],[33.21513748,46.14708328],[33.21513748,46.14680481],[33.21458435,46.14680481],[33.21458435,46.14597321],[33.21430588,46.14597321],[33.21430588,46.14569473],[33.2140274,46.14569473],[33.2140274,46.14541626],[33.21374893,46.14541626],[33.21374893,46.14513779],[33.21347046,46.14513779],[33.21347046,46.14485931],[33.21152878,46.14485931],[33.21152878,46.14513779],[33.21041489,46.14513779],[33.21041489,46.14485931],[33.20986176,46.14485931],[33.20986176,46.14458466],[33.20958328,46.14458466],[33.20958328,46.14402771],[33.20930481,46.14402771],[33.20930481,46.14374924],[33.20902634,46.14374924],[33.20902634,46.14291763],[33.20930481,46.14291763],[33.20930481,46.14263916],[33.20902634,46.14263916],[33.20902634,46.14180374],[33.20875168,46.14180374],[33.20875168,46.14152908],[33.20847321,46.14152908],[33.20847321,46.14097214],[33.20819473,46.14097214],[33.20819473,46.14014053],[33.20791626,46.14014053],[33.20791626,46.1399765],[33.20791626,46.13986206],[33.20763779,46.13986206],[33.20763779,46.13930511],[33.20735931,46.13930511],[33.20735931,46.13902664],[33.20708466,46.13902664],[33.20708466,46.13847351],[33.20680618,46.13847351],[33.20680618,46.13819504],[33.20652771,46.13819504],[33.20652771,46.13791656],[33.20624924,46.13791656],[33.20624924,46.1356926],[33.20597076,46.1356926],[33.20597076,46.13415146],[33.20597076,46.13402939],[33.20588303,46.13402939],[33.20569611,46.13402939],[33.20569611,46.1337738],[33.20569611,46.13319397],[33.20541763,46.13319397],[33.20541763,46.13263702],[33.20569611,46.13263702],[33.20569611,46.13236237],[33.20541763,46.13236237],[33.20541763,46.1301384],[33.20569611,46.1301384],[33.20569611,46.12791824],[33.20597076,46.12791824],[33.20597076,46.1273613],[33.20624924,46.1273613],[33.20624924,46.12569427],[33.20597076,46.12569427],[33.20597076,46.12374878],[33.20569611,46.12374878],[33.20569611,46.12208176],[33.20541763,46.12208176],[33.20541763,46.12125015],[33.20513916,46.12125015],[33.20513916,46.12097168],[33.20486069,46.12097168],[33.20486069,46.12069321],[33.20430374,46.12069321],[33.20430374,46.12041855],[33.20375061,46.12041473],[33.20375061,46.12014008],[33.20347214,46.12014008],[33.20347214,46.1198616],[33.20291519,46.1198616],[33.20291519,46.11958313],[33.20264053,46.11958313],[33.20264053,46.11930466],[33.20236206,46.11930466],[33.20236206,46.11902618],[33.20208359,46.11902618],[33.20208359,46.11875153],[33.20152664,46.11875153],[33.20152664,46.11847305],[33.20097351,46.11847305],[33.20097351,46.11819458],[33.19985962,46.11819458],[33.19985962,46.11791611],[33.19958496,46.11791611],[33.19958496,46.11763763],[33.19930649,46.11763763],[33.19930649,46.11736298],[33.19902802,46.11736298],[33.19902802,46.1170845],[33.19874954,46.1170845],[33.19874954,46.11680603],[33.19847107,46.11680603],[33.19847107,46.11597061],[33.1981926,46.11597061],[33.1981926,46.11513901],[33.19847107,46.11513901],[33.19847107,46.11458206],[33.19874954,46.11458206],[33.19874954,46.11319351],[33.1981926,46.11319351],[33.1981926,46.11291504],[33.19847107,46.11291504],[33.19847107,46.11236191],[33.19874954,46.11236191],[33.19874954,46.11208344],[33.19902802,46.11208344],[33.19902802,46.11152649],[33.19930649,46.11152649],[33.19930649,46.11097336],[33.19958496,46.11097336],[33.19958496,46.11069489],[33.19985962,46.11069489],[33.19985962,46.11013794],[33.20013809,46.11013794],[33.20013809,46.10985947],[33.20041656,46.10985947],[33.20041656,46.10958481],[33.20069504,46.10958481],[33.20069504,46.10874939],[33.20124817,46.10874939],[33.20124817,46.10847092],[33.20152664,46.10847092],[33.20152664,46.10819626],[33.20208359,46.10819626],[33.20208359,46.10847092],[33.20291519,46.10847092],[33.20291519,46.10819626],[33.20319366,46.10819626],[33.20319366,46.10791779],[33.20347214,46.10791779],[33.20347214,46.10763931],[33.20291519,46.10763931],[33.20291519,46.10736084],[33.20430374,46.10736084],[33.20430374,46.10708237],[33.20541763,46.10708237],[33.20541763,46.10680389],[33.20652771,46.10680389],[33.20652771,46.10652924],[33.20708466,46.10652924],[33.20708466,46.10625076],[33.20735931,46.10625076],[33.20735931,46.10597229],[33.20763779,46.10597229],[33.20763779,46.10625076],[33.20875168,46.10625076],[33.20875168,46.10597229],[33.21014023,46.10597229],[33.21014023,46.10569382],[33.21152878,46.10569382],[33.21152878,46.10625076],[33.21180725,46.10625076],[33.21180725,46.10652924],[33.21152878,46.10652924],[33.21152878,46.10680389],[33.21125031,46.10680389],[33.21125031,46.10736084],[33.21097183,46.10736084],[33.21097183,46.10847092],[33.21069336,46.10847092],[33.21069336,46.10874939],[33.21041489,46.10874939],[33.21041489,46.10902786],[33.21014023,46.10902786],[33.21014023,46.10985947],[33.20986176,46.10985947],[33.20986176,46.11152649],[33.20958328,46.11152649],[33.20958328,46.11236191],[33.20930481,46.11236191],[33.20930481,46.11291504],[33.20902634,46.11291504],[33.20902634,46.11347198],[33.20875168,46.11347198],[33.20875168,46.11402893],[33.20847321,46.11402893],[33.20847321,46.11458206],[33.20819473,46.11458206],[33.20819473,46.11492157],[33.20819473,46.11569595],[33.20791626,46.11569595],[33.20791626,46.11624908],[33.20763779,46.11624908],[33.20763779,46.11652756],[33.20735931,46.11652756],[33.20735931,46.11763763],[33.20708466,46.11763763],[33.20708466,46.1198616],[33.20680618,46.1198616],[33.20680618,46.12041473],[33.20652771,46.12041855],[33.20652771,46.12069321],[33.20680618,46.12069321],[33.20680618,46.12097168],[33.20708466,46.12097168],[33.20708466,46.12152863],[33.20735931,46.12152863],[33.20735931,46.1226387],[33.20763779,46.1226387],[33.20763779,46.12347412],[33.20791626,46.12347412],[33.20791626,46.1245842],[33.20819473,46.1245842],[33.20819473,46.12569427],[33.20847321,46.12569427],[33.20847321,46.1261857555729],[33.20847321,46.12652588],[33.20875168,46.12652969],[33.20875168,46.127203598823115],[33.256658,46.138651],[33.284009,46.12504],[33.308611,46.114316],[33.302996,46.093595],[33.28541565,46.09425011581921],[33.28541565,46.09430695],[33.28486252,46.09430695],[33.28486252,46.0945816],[33.28458405,46.0945816],[33.28458405,46.09486008],[33.28430557,46.09486008],[33.28430557,46.09513855],[33.28347397,46.09513855],[33.28347397,46.0952234250468],[33.28347397,46.09541702],[33.2831955,46.09541702],[33.2831955,46.0956955],[33.28291702,46.0956955],[33.28291702,46.09597397],[33.28236008,46.09597397],[33.28236008,46.09624863],[33.2820816,46.09624863],[33.2820816,46.09680557],[33.28180695,46.09680557],[33.28180695,46.09736252],[33.28125,46.09736252],[33.28125,46.09708405],[33.28097153,46.09708405],[33.28097153,46.09680557],[33.28069305,46.09680557],[33.28069305,46.0965271],[33.2804184,46.0965271],[33.2804184,46.09624863],[33.28013992,46.09624863],[33.28013992,46.095347665386164],[33.28013992,46.09486008],[33.27986145,46.09486008],[33.27986145,46.09445708805145],[33.278039,46.094525],[33.28180695,46.08750975696613],[33.28180695,46.08625031],[33.28152847,46.08625031],[33.28152847,46.08545846986788],[33.28152847,46.08402634],[33.28180695,46.08402634],[33.28180695,46.08291626],[33.2820816,46.08291626],[33.2820816,46.08235931],[33.28236008,46.08235931],[33.28236008,46.08180618],[33.28263855,46.08180618],[33.28263855,46.08152771],[33.28291702,46.08152771],[33.28291702,46.08124924],[33.2831955,46.08124924],[33.2831955,46.08097076],[33.28291702,46.08097076],[33.28291702,46.08069611],[33.28263855,46.08069611],[33.28263855,46.08097076],[33.2820816,46.08097076],[33.2820816,46.08069611],[33.28180695,46.08069611],[33.28180695,46.07967377],[33.28180695,46.07958221],[33.2820816,46.07958221],[33.2820816,46.07902908],[33.28263855,46.07902908],[33.28263855,46.07875061],[33.28291702,46.07875061],[33.28291702,46.07847214],[33.2831955,46.07847214],[33.2831955,46.07791519],[33.28374863,46.07791519],[33.28374863,46.07764053],[33.2840271,46.07764053],[33.2840271,46.07708359],[33.28486252,46.07708359],[33.28486252,46.07680511],[33.28513718,46.07680511],[33.28513718,46.07652664],[33.28569412,46.07652664],[33.28569412,46.07624817],[33.28647560594493,46.07624817],[33.28763962,46.07624817],[33.28763962,46.07597351],[33.28800317179105,46.07597351],[33.288547,46.074961],[33.29041672,46.07504552064001],[33.29041672,46.07485962],[33.29124832,46.07485962],[33.29124832,46.07458496],[33.29180527,46.07458496],[33.29180527,46.07430649],[33.29208374,46.07430649],[33.29208374,46.07421931470978],[33.29208374,46.07402802],[33.29236221,46.07402802],[33.29236221,46.07374954],[33.29486084,46.07374954],[33.29486084,46.07402802],[33.29513931,46.07402802],[33.29513931,46.07430649],[33.29541779,46.07430649],[33.29541779,46.07437003035999],[33.29541779,46.07458496],[33.29597092,46.07458496],[33.29597092,46.07485962],[33.29735947,46.07485962],[33.29735947,46.07458496],[33.30017234711005,46.07458496],[33.3045845,46.07458496],[33.3045845,46.07478441126546],[33.3045845,46.07485962],[33.30541611,46.07485962],[33.30541611,46.07513809],[33.30680466,46.07513809],[33.30680466,46.07541656],[33.30764008,46.07541656],[33.30764008,46.07569504],[33.30819321,46.07569504],[33.30819321,46.07584910637047],[33.310945199977645,46.07597351],[33.31097412,46.07597351],[33.31097412,46.07569504],[33.31152725,46.07569504],[33.31152725,46.07597351],[33.3120842,46.07597351],[33.3120842,46.07569504],[33.31513977,46.07569504],[33.31513977,46.07597351],[33.31541824,46.07597351],[33.31541824,46.076175713648404],[33.318234,46.076303],[33.318315,46.099114],[33.349946,46.093137],[33.366461,46.07525],[33.407575,46.040962],[33.40930557,46.040915264289445],[33.40930557,46.04013824],[33.40958405,46.04013824],[33.40958405,46.04000739415983],[33.40958405,46.03985977],[33.41013718,46.03985977],[33.41013718,46.03930664],[33.41041565,46.03930664],[33.41041565,46.03902817],[33.41069412,46.03902817],[33.41069412,46.03874969],[33.41125107,46.03874969],[33.41125107,46.03847122],[33.41152954,46.03847122],[33.41152954,46.03819275],[33.41208267,46.03819275],[33.41208267,46.03791809],[33.41236115,46.03791809],[33.41236115,46.03736115],[33.41263962,46.03736115],[33.41263962,46.03708267],[33.41291809,46.03708267],[33.41291809,46.0368042],[33.41319275,46.0368042],[33.41319275,46.03652954],[33.41374969,46.03652954],[33.41374969,46.03625107],[33.41430664,46.03625107],[33.41430664,46.0359726],[33.41458511,46.0359726],[33.41458511,46.03569412],[33.41485977,46.03569412],[33.41485977,46.03513718],[33.41541672,46.03513718],[33.41541672,46.03458405],[33.41569519,46.03458405],[33.41569519,46.03430557],[33.41597366,46.03430557],[33.41597366,46.0340271],[33.41624832,46.0340271],[33.41624832,46.03347397],[33.41680527,46.03347397],[33.41680527,46.0331955],[33.41736221,46.0331955],[33.41736221,46.03263855],[33.41819382,46.03263855],[33.41819382,46.03236008],[33.41875076,46.03236008],[33.41875076,46.0320816],[33.41902924,46.0320816],[33.41902924,46.03180695],[33.41986084,46.03180695],[33.41986084,46.03152847],[33.42041779,46.03152847],[33.42041779,46.03125],[33.42069626,46.03125],[33.42069626,46.03097153],[33.42097092,46.03097153],[33.42097092,46.03069305],[33.42124939,46.03069305],[33.42124939,46.0304184],[33.42263794,46.0304184],[33.42263794,46.03013992],[33.42402649,46.03013992],[33.42402649,46.0304184],[33.42514038,46.0304184],[33.42514038,46.03013992],[33.42597198,46.03013992],[33.42597198,46.0304184],[33.42736053,46.0304184],[33.42736053,46.03069305],[33.42763901,46.03069305],[33.42763901,46.03097153],[33.42847061,46.03097153],[33.42847061,46.03069305],[33.42902756,46.03069305],[33.42902756,46.0304184],[33.42986298,46.0304184],[33.42986298,46.03013992],[33.43152618,46.03013992],[33.43152618,46.03152847],[33.43125153,46.03152847],[33.43125153,46.03180695],[33.43097305,46.03180695],[33.43097305,46.0320816],[33.43069458,46.0320816],[33.43069458,46.03236008],[33.43041611,46.03236008],[33.43041611,46.03263855],[33.42986298,46.03263855],[33.42986298,46.03291702],[33.4295845,46.03291702],[33.4295845,46.0331955],[33.42930603,46.0331955],[33.42930603,46.03347397],[33.42819595,46.03347397],[33.42819595,46.0331955],[33.42791748,46.0331955],[33.42791748,46.03291702],[33.42763901,46.03291702],[33.42763901,46.03263855],[33.42736053,46.03263855],[33.42736053,46.0320816],[33.42708206,46.0320816],[33.42708206,46.03152847],[33.42625046,46.03152847],[33.42625046,46.03180695],[33.42597198,46.03180695],[33.42597198,46.0320816],[33.42569351,46.0320816],[33.42569351,46.03236008],[33.42541504,46.03236008],[33.42541504,46.03291702],[33.42514038,46.03291702],[33.42514038,46.03347397],[33.42486191,46.03347397],[33.42486191,46.03430557],[33.42402649,46.03430557],[33.42402649,46.0340271],[33.42291641,46.0340271],[33.42291641,46.03430557],[33.42263794,46.03430557],[33.42263794,46.03458405],[33.42235947,46.03458405],[33.42235947,46.03513718],[33.42208481,46.03513718],[33.42208481,46.0359726],[33.42180634,46.0359726],[33.42180634,46.03736115],[33.42235947,46.03736115],[33.42235947,46.03819275],[33.42291641,46.03819275],[33.42291641,46.03902817],[33.42319489,46.03902817],[33.42319489,46.03930664],[33.42347336,46.03930664],[33.42347336,46.03958511],[33.42375183,46.03958511],[33.42375183,46.039624779555986],[33.42375183,46.03985977],[33.42430496,46.03985977],[33.42430496,46.04013824],[33.42541504,46.04013824],[33.42541504,46.04041672],[33.42569351,46.04041672],[33.42569351,46.04047269217708],[33.437087,46.040165],[33.43919502243141,46.04069519],[33.4406929,46.04069519],[33.4406929,46.04041672],[33.44124985,46.04041672],[33.44124985,46.04069519],[33.44180679,46.04069519],[33.44180679,46.04097366],[33.444105423424816,46.04097366],[33.44513702,46.04097366],[33.44513702,46.04123311700254],[33.44513702,46.04124832],[33.445197466856165,46.04124832],[33.44569397,46.04124832],[33.44569397,46.0413731955769],[33.44569397,46.04152679],[33.44597244,46.04152679],[33.44597244,46.04144323360653],[33.44597244,46.04124832],[33.44625092,46.04124832],[33.44625092,46.04151327415126],[33.44625092,46.04152679],[33.4463046587819,46.04152679],[33.44708252,46.04152679],[33.44708252,46.04124832],[33.44736099,46.04124832],[33.44736099,46.04152679],[33.44791794,46.04152679],[33.44791794,46.04180527],[33.44847107,46.04180527],[33.44847107,46.0420716643961],[33.44847107,46.04208374],[33.448519082393226,46.04208374],[33.44874954,46.04208374],[33.44874954,46.042141702425724],[33.44874954,46.04236221],[33.44902802,46.04236221],[33.44902802,46.04264069],[33.44930649,46.04264069],[33.44930649,46.04291534],[33.44985962,46.04291534],[33.44985962,46.04319382],[33.45013809,46.04319382],[33.45013809,46.04344748755989],[33.460422,46.046034],[33.47930527,46.03755469317426],[33.47930527,46.03736115],[33.47958374,46.03736115],[33.47958374,46.03708267],[33.47986221,46.03708267],[33.47986221,46.0368042],[33.48069382,46.0368042],[33.48069382,46.03652954],[33.48125076,46.03652954],[33.48125076,46.03625107],[33.48180389,46.03625107],[33.48180389,46.03569412],[33.48208237,46.03569412],[33.48208237,46.03541565],[33.48263931,46.03541565],[33.48263931,46.03513718],[33.48319626,46.03513718],[33.48319626,46.03486252],[33.48347092,46.03486252],[33.48347092,46.03461371433737],[33.48347092,46.03458405],[33.48353698233309,46.03458405],[33.48374939,46.03458405],[33.48374939,46.03448867140231],[33.48374939,46.03430557],[33.48402786,46.03430557],[33.48402786,46.0340271],[33.48430634,46.0340271],[33.48430634,46.03374863],[33.48458481,46.03374863],[33.48458481,46.03347397],[33.48513794,46.03347397],[33.48513794,46.0331955],[33.48569489,46.0331955],[33.48569489,46.03291702],[33.48652649,46.03291702],[33.48652649,46.03263855],[33.48708344,46.03263855],[33.48708344,46.03236008],[33.48791504,46.03236008],[33.48791504,46.0320816],[33.48819351,46.0320816],[33.48819351,46.03180695],[33.4893074,46.03180695],[33.4893074,46.03152847],[33.48958206,46.03152847],[33.48958206,46.03125],[33.49041748,46.03125],[33.49041748,46.03097153],[33.49097061,46.03097153],[33.49097061,46.03125],[33.491414129900974,46.03125],[33.49152756,46.03125],[33.49152756,46.03122743196941],[33.49152756,46.03097153],[33.49180603,46.03097153],[33.49180603,46.03069305],[33.4920845,46.03069305],[33.4920845,46.0304184],[33.49263763,46.0304184],[33.49263763,46.03013992],[33.49291611,46.03013992],[33.49291611,46.02986145],[33.49319458,46.02986145],[33.49319458,46.03013992],[33.49375153,46.03013992],[33.49375153,46.0304184],[33.49430466,46.0304184],[33.49430466,46.03013992],[33.49458313,46.03013992],[33.49458313,46.02986145],[33.49514008,46.02986145],[33.49514008,46.02958298],[33.49569321,46.02958298],[33.49569321,46.0293045],[33.49652863,46.0293045],[33.49652863,46.02875137],[33.49986267,46.02875137],[33.49986267,46.0284729],[33.50097275,46.0284729],[33.50097275,46.02819443],[33.50347137,46.02819443],[33.50347137,46.0284729],[33.50402832,46.0284729],[33.50402832,46.02874028317536],[33.50402832,46.02875137],[33.50430679,46.02875137],[33.50430679,46.02868487883797],[33.50430679,46.0284729],[33.50537222548377,46.0284729],[33.50541687,46.0284729],[33.50541687,46.02875137],[33.50597382,46.02875137],[33.50597382,46.0284729],[33.50708389,46.0284729],[33.50708389,46.02875137],[33.50819397,46.02875137],[33.50819397,46.0284729],[33.50930405,46.0284729],[33.50930405,46.028626279037766],[33.51018,46.028452],[33.50986099,46.028906361760185],[33.50986099,46.02902603],[33.511214723266,46.02902603],[33.51208496,46.02902603],[33.51208496,46.0293045],[33.51319504,46.0293045],[33.51319504,46.02958298],[33.51347351,46.02958298],[33.51347351,46.0293045],[33.51458359,46.0293045],[33.51458359,46.02902603],[33.51486206,46.02902603],[33.51486206,46.0293045],[33.51514053,46.0293045],[33.51514053,46.02958298],[33.51597214,46.02958298],[33.51597214,46.02986145],[33.51680374,46.02986145],[33.51680374,46.03013992],[33.51708221,46.03013992],[33.51708221,46.0304184],[33.51736069,46.0304184],[33.51736069,46.03152847],[33.51652908,46.03152847],[33.51652908,46.03180695],[33.51597214,46.03180695],[33.51597214,46.0320816],[33.51541519,46.0320816],[33.51541519,46.03236008],[33.51430511,46.03236008],[33.51430511,46.0320816],[33.51374817,46.0320816],[33.51374817,46.03180695],[33.51347351,46.03180695],[33.51347351,46.03152847],[33.51319504,46.03152847],[33.51319504,46.03125],[33.51291656,46.03125],[33.51291656,46.03097153],[33.51235962,46.03097153],[33.51235962,46.03069305],[33.51152802,46.03069305],[33.51152802,46.03097153],[33.51124954,46.03097153],[33.51124954,46.03125],[33.51097107,46.03125],[33.51097107,46.03152847],[33.5106926,46.03152847],[33.5106926,46.03180695],[33.51013947,46.03180695],[33.51013947,46.0320816],[33.50958252,46.0320816],[33.50958252,46.03291702],[33.50986099,46.03291702],[33.50986099,46.03374863],[33.50958252,46.03374863],[33.50958252,46.0340271],[33.50902939,46.0340271],[33.50902939,46.03430557],[33.50875092,46.03430557],[33.50875092,46.03458405],[33.50847244,46.03458405],[33.50847244,46.03486252],[33.50819397,46.03486252],[33.50819397,46.03513718],[33.5079155,46.03513718],[33.5079155,46.03541565],[33.50763702,46.03541565],[33.50763702,46.03569412],[33.50755692,46.03569412],[33.50736237,46.03569412],[33.50736237,46.03575134],[33.50736237,46.03625107],[33.50708389,46.03625107],[33.50708389,46.03652954],[33.50680542,46.03652954],[33.50680542,46.03708267],[33.50652695,46.03708267],[33.50652695,46.03736115],[33.50624847,46.03736115],[33.50624847,46.03791809],[33.50569534,46.03791809],[33.50569534,46.03819275],[33.50541687,46.03819275],[33.50541687,46.03847122],[33.5051384,46.03847122],[33.5051384,46.03874969],[33.50485992,46.03874969],[33.50485992,46.03902817],[33.50458145,46.03902817],[33.50458145,46.03930664],[33.50430679,46.03930664],[33.50430679,46.03958511],[33.50402832,46.03958511],[33.50402832,46.04041672],[33.50374985,46.04041672],[33.50374985,46.04097366],[33.50347137,46.04097366],[33.50347137,46.04124832],[33.5031929,46.04124832],[33.5031929,46.04152679],[33.50291824,46.04152679],[33.50291824,46.04169083],[33.50291824,46.04180527],[33.5031929,46.04180527],[33.5031929,46.04208374],[33.50291824,46.04208374],[33.50291824,46.04291534],[33.50263977,46.04291534],[33.50263977,46.04319382],[33.50291824,46.04319382],[33.50291824,46.04375076],[33.50263977,46.04375076],[33.50263977,46.04430389],[33.50208282,46.04430389],[33.50208282,46.04458237],[33.50180435,46.04458237],[33.50180435,46.04486084],[33.50152588,46.04486084],[33.50152588,46.04541779],[33.50125122,46.04541779],[33.50125122,46.04569626],[33.50097275,46.04569626],[33.50097275,46.04597092],[33.50069427,46.04597092],[33.50069427,46.04624939],[33.5004158,46.04624939],[33.5004158,46.04652786],[33.50013733,46.04652786],[33.50013733,46.04680634],[33.4995842,46.04680634],[33.4995842,46.04791641],[33.49930573,46.04791641],[33.49930573,46.04819489],[33.49902725,46.04819489],[33.49902725,46.04847336],[33.49874878,46.04847336],[33.49874878,46.04875183],[33.49819565,46.04875183],[33.49819565,46.04902649],[33.4976387,46.04902649],[33.4976387,46.04930496],[33.49708176,46.04930496],[33.49708176,46.04958344],[33.496781677056966,46.04958344],[33.49625015,46.04958344],[33.49625015,46.04986191],[33.49597168,46.04986191],[33.49597168,46.05014038],[33.49569321,46.05014038],[33.49569321,46.05041504],[33.49541855,46.05041504],[33.49541473,46.05069351],[33.494564108155934,46.05069351],[33.493142,46.052719],[33.496699,46.070314],[33.515116,46.08243],[33.5320816,46.07937909172894],[33.5320816,46.07930374],[33.53236008,46.07930374],[33.53236008,46.07902908],[33.53291702,46.07902908],[33.53291702,46.07875061],[33.53513718,46.07875061],[33.53513718,46.07847214],[33.5359726,46.07847214],[33.5359726,46.07819366],[33.53736115,46.07819366],[33.53736115,46.07791519],[33.53819275,46.07791519],[33.53819275,46.07764053],[33.53847122,46.07764053],[33.53847122,46.07736206],[33.53902817,46.07736206],[33.53902817,46.07720068030708],[33.53902817,46.07708359],[33.53930664,46.07708359],[33.53930664,46.07680511],[33.54041672,46.07680511],[33.54041672,46.07652664],[33.54097366,46.07652664],[33.54097366,46.07680511],[33.54122787350345,46.07680511],[33.54180527,46.07680511],[33.54180527,46.07670127741116],[33.54180527,46.07652664],[33.54264069,46.07652664],[33.54264069,46.07624817],[33.54319382,46.07624817],[33.54319382,46.07597351],[33.54375076,46.07597351],[33.54375076,46.07569504],[33.54402924,46.07569504],[33.54402924,46.07541656],[33.54513931,46.07541656],[33.54513931,46.07513809],[33.54597092,46.07513809],[33.54597092,46.07485962],[33.54680634,46.07485962],[33.54680634,46.07458496],[33.54847336,46.07458496],[33.54847336,46.07430649],[33.54902649,46.07430649],[33.54902649,46.07402802],[33.55208206,46.07402802],[33.55208206,46.07374954],[33.55263901,46.07374954],[33.55263901,46.07347107],[33.55319595,46.07347107],[33.55319595,46.07374954],[33.55486298,46.07374954],[33.55486298,46.07402802],[33.55541611,46.07402802],[33.55541611,46.07374954],[33.55680466,46.07374954],[33.55680466,46.07400395329499],[33.55680466,46.07402802],[33.55791473,46.07402802],[33.55791855,46.07430649],[33.55847168,46.07430649],[33.55847168,46.07402802],[33.55986023,46.07402802],[33.55986023,46.07430649],[33.56028950539942,46.07430649],[33.561688,46.074055],[33.56152725,46.074167751446424],[33.56152725,46.07430649],[33.56292649108291,46.07430649],[33.56513977,46.07430649],[33.56513977,46.07458496],[33.56652832,46.07458496],[33.56652832,46.07485962],[33.56680679,46.07485962],[33.56680679,46.07541656],[33.56652832,46.07541656],[33.56652832,46.07569504],[33.56624985,46.07569504],[33.56624985,46.07541656],[33.56513977,46.07541656],[33.56513977,46.07513809],[33.56263733,46.07513809],[33.56263733,46.07541656],[33.56156784368177,46.07541656],[33.56124878,46.07541656],[33.56124878,46.075640356614784],[33.56124878,46.07569504],[33.561170818667854,46.07569504],[33.56069565,46.07569504],[33.56069565,46.07597351],[33.56041718,46.07597351],[33.56041718,46.076223654794696],[33.56041718,46.07624817],[33.56038222901707,46.07624817],[33.5601387,46.07624817],[33.5601387,46.07641898533479],[33.5601387,46.07652664],[33.55998521826001,46.07652664],[33.55986023,46.07652664],[33.55986023,46.07661430886072],[33.55986023,46.07680511],[33.55958820750295,46.07680511],[33.55958176,46.07680511],[33.55958176,46.07680963238665],[33.55958176,46.07708359],[33.5593071,46.07708359],[33.5593071,46.07736206],[33.55879417173197,46.07736206],[33.55875015,46.07736206],[33.55875015,46.077392937580726],[33.55875015,46.07764053],[33.55839716097491,46.07764053],[33.55819321,46.07764053],[33.55819321,46.077783584632584],[33.55819321,46.07791519],[33.558005582081186,46.07791519],[33.55791855,46.07791519],[33.55791770444973,46.077976828843774],[33.55791473,46.07819366],[33.55764008,46.07819366],[33.55764008,46.07847214],[33.5573616,46.07847214],[33.5573616,46.07875061],[33.55708313,46.07875061],[33.55708313,46.07902908],[33.55641752479609,46.07902908],[33.55625153,46.07902908],[33.55625153,46.07914551153251],[33.55625153,46.07930374],[33.55602594590236,46.07930374],[33.55569458,46.07930374],[33.55569458,46.079536165598526],[33.55569458,46.07958221],[33.55562893514531,46.07958221],[33.55541611,46.07958221],[33.55541611,46.07973148912445],[33.55541611,46.07986069],[33.55523191013138,46.07986069],[33.55513763,46.07986069],[33.55513763,46.07992681966455],[33.55513763,46.08041763],[33.5545845,46.08041763],[33.5545845,46.08069611],[33.55404086360334,46.08069611],[33.55402756,46.08069611],[33.55402756,46.080705441370384],[33.55402756,46.08097076],[33.55374908,46.08097076],[33.55374908,46.08124924],[33.55347061,46.08124924],[33.55347061,46.08152771],[33.55319595,46.08152771],[33.55319595,46.08180618],[33.55291748,46.08180618],[33.55291748,46.08208466],[33.55236053,46.08208466],[33.55236053,46.08235931],[33.5518074,46.08235931],[33.5518074,46.08263779],[33.551272637773735,46.08263779],[33.55125046,46.08263779],[33.55125046,46.08265334586226],[33.55125046,46.08291626],[33.55087562701668,46.08291626],[33.55041504,46.08291626],[33.55041504,46.08319473],[33.55014038,46.08319473],[33.55014038,46.08343197458227],[33.55014038,46.08347321],[33.55008159124569,46.08347321],[33.54986191,46.08347321],[33.54986191,46.0836272981082],[33.54986191,46.08402634],[33.54958344,46.08402634],[33.54958344,46.08430481],[33.54930496,46.08430481],[33.54930496,46.08514023],[33.54902649,46.08514023],[33.54902649,46.08569336],[33.54875183,46.08569336],[33.54875183,46.08625031],[33.54819489,46.08625031],[33.54819489,46.08652878],[33.54763794,46.08652878],[33.54763794,46.08680725],[33.54624939,46.08680725],[33.54624939,46.08652878],[33.54597092,46.08652878],[33.54597092,46.086356503718385],[33.54597092,46.08625031],[33.54569626,46.08625031],[33.54569626,46.08597183],[33.54513931,46.08597183],[33.54513931,46.08569336],[33.54509516301733,46.08569336],[33.513984,46.107515],[33.53300061703071,46.1170845],[33.53374863,46.1170845],[33.53374863,46.11736298],[33.53541565,46.11736298],[33.53541565,46.11791611],[33.53569412,46.11791611],[33.53569412,46.11819458],[33.5359726,46.11819458],[33.5359726,46.11847305],[33.5368042,46.11847305],[33.5368042,46.11875153],[33.53791809,46.11875153],[33.53791809,46.11902618],[33.53847122,46.11902618],[33.53847122,46.11930466],[33.53958511,46.11930466],[33.53958511,46.11958313],[33.54013824,46.11958313],[33.54013824,46.12014008],[33.54069519,46.12014008],[33.54069519,46.12041855],[33.54124832,46.12041855],[33.54124832,46.12069321],[33.54152679,46.12069321],[33.54152679,46.12097168],[33.54236221,46.12097168],[33.54236221,46.12152863],[33.54264069,46.12152863],[33.54264069,46.1218071],[33.54291534,46.1218071],[33.54291534,46.12207376498343],[33.545372,46.12331],[33.559688717609546,46.13708496],[33.56128528053993,46.13708496],[33.56319427,46.13708496],[33.56319427,46.13735962],[33.56402588,46.13735962],[33.56402588,46.13763809],[33.56541824,46.13763809],[33.56541824,46.13791656],[33.56624985,46.13791656],[33.56624985,46.13819504],[33.56708145,46.13819504],[33.56708145,46.13847351],[33.56735992,46.13847351],[33.56735992,46.13874817],[33.5676384,46.13874817],[33.5676384,46.13902664],[33.56819534,46.13902664],[33.56819534,46.13930511],[33.56847382,46.13930511],[33.56847382,46.13958359],[33.56874847,46.13958359],[33.56874847,46.13986206],[33.56930542,46.13986206],[33.56930542,46.14014053],[33.56958389,46.14014053],[33.56958389,46.14041519],[33.56986237,46.14041519],[33.56986237,46.14069366],[33.57069397,46.14069366],[33.57069397,46.14097214],[33.57097244,46.14097214],[33.57097244,46.14125061],[33.57125092,46.14125061],[33.57125092,46.14180374],[33.57152939,46.14180374],[33.57152939,46.14208221],[33.57236099,46.14208221],[33.57236099,46.14236069],[33.57263947,46.14236069],[33.57263947,46.14263916],[33.57347107,46.14263916],[33.57347107,46.14291763],[33.57374954,46.14291763],[33.57374954,46.14374924],[33.57347107,46.14374924],[33.57347107,46.14402771],[33.57291794,46.14402771],[33.57291794,46.14374924],[33.57236099,46.14374924],[33.57236099,46.14347076],[33.57208252,46.14347076],[33.57208252,46.14319611],[33.57152939,46.14319611],[33.57152939,46.14291763],[33.57069397,46.14291763],[33.57069397,46.14263916],[33.5704155,46.14263916],[33.5704155,46.14236069],[33.56902695,46.14236069],[33.56902695,46.14208221],[33.56874847,46.14208221],[33.56874847,46.14180374],[33.56847382,46.14180374],[33.56847382,46.14125061],[33.56819534,46.14125061],[33.56819534,46.14069366],[33.56791687,46.14069366],[33.56791687,46.14041519],[33.5676384,46.14041519],[33.5676384,46.14014053],[33.56735992,46.14014053],[33.56735992,46.13986206],[33.56708527,46.13986206],[33.56708145,46.13958359],[33.56652832,46.13958359],[33.56652832,46.13930511],[33.56624985,46.13930511],[33.56624985,46.13902664],[33.56597137,46.13902664],[33.56597137,46.13874817],[33.56513977,46.13874817],[33.56513977,46.13930511],[33.5648613,46.13930511],[33.5648613,46.14052559708892],[33.5648613,46.14125061],[33.56513977,46.14125061],[33.56513977,46.1423297396125],[33.580572,46.157178],[33.60668,46.146878],[33.612528,46.138238],[33.612957,46.129148],[33.616561,46.11536],[33.633038,46.097381],[33.637282,46.081351],[33.623699,46.071722],[33.611338,46.054819],[33.618724,46.01252],[33.622873,45.997617],[33.628543,45.987604],[33.629384,45.977458],[33.629688,45.967426],[33.627758,45.958848],[33.616479,45.949068],[33.617606,45.944243],[33.624497,45.942516],[33.634992,45.941326],[33.642079,45.942885],[33.647501,45.945166],[33.640135,45.949356],[33.659761,45.954586],[33.682856,45.952803],[33.692314,45.95526],[33.722964,45.950158],[33.744939,45.95033],[33.747278,45.946685],[33.751076,45.9488],[33.755784,45.939282],[33.757987,45.934494],[33.756027,45.931109],[33.755073087956234,45.93069458],[33.75430679,45.93069458],[33.75430679,45.93097305],[33.753274624832535,45.93097305],[33.75263977,45.93097305],[33.75263977,45.93069724060514],[33.75263977,45.93013763],[33.7523613,45.93013763],[33.7523613,45.92986298],[33.75071947871683,45.92986298],[33.7504158,45.92986298],[33.7504158,45.92973104835386],[33.7504158,45.92902756],[33.75013733,45.92902756],[33.75013733,45.92855027662782],[33.749506,45.928276],[33.730928,45.930188],[33.720244,45.924636],[33.701995,45.911004],[33.697545,45.911367],[33.691971,45.913471],[33.687773,45.912752],[33.680094,45.90854],[33.676214,45.903954],[33.675115,45.898868],[33.678367,45.885139],[33.679953,45.875048],[33.679077,45.867314],[33.684716,45.858888],[33.684191,45.850098],[33.674126,45.857432],[33.661598,45.86426],[33.662233,45.871524],[33.654663,45.875233],[33.642234,45.876325],[33.634096,45.882614],[33.616272,45.892143],[33.593725,45.885292],[33.581653,45.871206],[33.568716,45.874008],[33.55864,45.86172],[33.551715,45.851628],[33.548213,45.843531],[33.542129,45.840258],[33.537116,45.845796],[33.527171,45.849723],[33.517655,45.846594],[33.507622,45.841072],[33.50089,45.848355],[33.520062,45.857708],[33.544102,45.880335],[33.540593,45.884913],[33.517951,45.867777],[33.482974,45.854396],[33.432207,45.838576],[33.41709,45.830205],[33.373494,45.797187],[33.32241,45.775037],[33.280613,45.76267],[33.23866,45.752804],[33.21192,45.757728],[33.182114,45.773902],[33.172486,45.786603],[33.180625,45.797211],[33.185831,45.807952],[33.182338,45.80993],[33.17705508930276,45.80652618],[33.17597198,45.80652618],[33.17597198,45.80625153],[33.17569351,45.80625153],[33.17569351,45.80597305],[33.17541504,45.80597305],[33.17541504,45.80569458],[33.17514038,45.80569458],[33.17514038,45.80541611],[33.17430496,45.80541611],[33.17430496,45.80513763],[33.17410103871847,45.80513763],[33.17402649,45.80513763],[33.17402649,45.80500867611422],[33.17402649,45.80486298],[33.17394226253734,45.80486298],[33.17375183,45.80486298],[33.17375183,45.8045845],[33.17347336,45.8045845],[33.17347336,45.80430603],[33.17319489,45.80430603],[33.17319489,45.80402756],[33.17291641,45.80402756],[33.17291641,45.80347061],[33.17263794,45.80347061],[33.17263794,45.80319595],[33.17235947,45.80319595],[33.17235947,45.80291748],[33.17208481,45.80291748],[33.17208481,45.8018074],[33.17180634,45.8018074],[33.17180634,45.80116827516016],[33.17180634,45.80014038],[33.17208481,45.80014038],[33.17208481,45.79986191],[33.17235947,45.79986191],[33.17235947,45.79972508324325],[33.165737,45.78827],[33.159184,45.749182],[33.152919,45.733355],[33.1378,45.719814],[33.127908,45.719842],[33.114638,45.712775],[33.095704,45.715503],[33.077681,45.707393],[33.0691,45.706833],[33.050144,45.696959],[33.017154,45.687009],[33.006337,45.679383],[32.999393,45.681147],[32.908691,45.640338],[32.82504,45.590611],[32.820181,45.586841],[32.820129,45.584393],[32.821299,45.58301],[32.823776500320406,45.58319473],[32.83430481,45.58319473],[32.83430481,45.58344649425426],[32.837291,45.583354],[32.841008,45.582406],[32.843556,45.576834],[32.843141,45.570597],[32.840648,45.56511],[32.833962,45.560234],[32.825974,45.55733],[32.820317,45.559825],[32.793178,45.56389],[32.772105,45.557869],[32.736877,45.543007],[32.72322,45.533026],[32.691784,45.523882],[32.59058,45.48558],[32.562144,45.470223],[32.538208,45.454884],[32.524271,45.438872],[32.500388,45.424663],[32.48807,45.407956],[32.479703,45.404263],[32.478939,45.389163],[32.488644,45.384988],[32.507445,45.381957],[32.513458,45.372038],[32.510377,45.360884],[32.489453,45.346136],[32.551846,45.332385],[32.569816,45.332888],[32.578538,45.327642],[32.599462,45.325318],[32.622109,45.317634],[32.65299,45.313322],[32.675688,45.320614],[32.685502,45.332102],[32.712159,45.341307],[32.735393,45.354972],[32.76522,45.363836],[32.84671,45.365264],[32.907019,45.359436],[32.966765,45.336694],[32.98236084,45.327867984419726],[32.98236084,45.32704163],[32.98236084,45.32680511],[32.98263931,45.32680511],[32.98263931,45.32655684103662],[32.98263931,45.32652664],[32.98269267657469,45.32652664],[32.98347092,45.32652664],[32.98347092,45.32657623],[32.98347092,45.32680511],[32.98374939,45.32680511],[32.98374939,45.32708217461827],[32.991848,45.322499],[33.035244,45.29016],[33.062776,45.27566],[33.081231,45.258421],[33.093199,45.248834],[33.107907,45.23151],[33.124087,45.225712],[33.138912,45.216317],[33.143404,45.20709],[33.148825,45.202143],[33.157326,45.198774],[33.165826,45.19347],[33.179821,45.187651],[33.185236,45.183717],[33.201984,45.183225],[33.225292,45.174695],[33.234348,45.168219],[33.245939,45.156938],[33.257295,45.147804],[33.268036,45.145629],[33.27516,45.145901],[33.284289,45.148276],[33.288293,45.154105],[33.296035,45.157719],[33.300138,45.162027],[33.29792,45.165633],[33.298963,45.167787],[33.301221,45.170642],[33.305239,45.17277],[33.310057,45.1741],[33.318394,45.174581],[33.325143,45.174125],[33.331548,45.171883],[33.350015,45.173699],[33.358429,45.178252],[33.37497,45.183679],[33.380282,45.185909],[33.376286,45.18766],[33.376436,45.191845],[33.38275,45.196471],[33.391196,45.197375],[33.400771,45.196065],[33.408547,45.193444],[33.415989,45.191404],[33.432652,45.184093],[33.450854,45.174238],[33.480757,45.155892],[33.509265,45.13445],[33.536378,45.109551],[33.56149,45.081073],[33.58086,45.050881],[33.602595,44.997973],[33.604377,44.980471],[33.597652,44.97655],[33.610962,44.925721],[33.610592,44.899319],[33.606448,44.871702],[33.6052,44.866386],[33.600863,44.857663],[33.594636,44.847578],[33.590643,44.845722],[33.586864,44.847],[33.578964,44.840487],[33.569694,44.838843],[33.561031,44.842318],[33.556915,44.840587],[33.55297,44.841655],[33.548513,44.834598],[33.550231,44.822242],[33.549545,44.810828],[33.547143,44.81013],[33.54552,44.80417],[33.540633,44.802652],[33.533513,44.792608],[33.540722,44.761758],[33.539777,44.744321],[33.547583,44.724445],[33.545774,44.707798],[33.547442,44.698563],[33.546363,44.677979],[33.541864,44.658932],[33.535667,44.64599],[33.531191,44.641107],[33.525691,44.638362],[33.52105,44.640258],[33.512474,44.633149],[33.508271,44.631916],[33.494615,44.617766],[33.450155,44.615946],[33.373305,44.584056],[33.403694,44.553239],[33.46013,44.522891],[33.472733,44.511135],[33.486243,44.494968],[33.506071,44.500846],[33.554048,44.486877],[33.583441477375565,44.48986053],[33.58402634,44.48986053],[33.58402634,44.48958206],[33.58486176,44.48958206],[33.58486176,44.48986053],[33.58569336,44.48986053],[33.58569336,44.48958206],[33.58597183,44.48958206],[33.58597183,44.48986053],[33.58680725,44.48986053],[33.58680725,44.49013901],[33.58930588,44.49013901],[33.58930588,44.49041748],[33.58958435,44.49041748],[33.58958435,44.490484050807936],[33.601948,44.491739],[33.627013,44.479579],[33.63834,44.458687],[33.64553,44.421924],[33.673869,44.412807],[33.702892,44.416926],[33.733092,44.383332],[33.759005,44.386932],[33.778737,44.381452],[33.846027,44.401142],[33.882423,44.400268],[33.939412,44.389646],[33.963406,44.38885],[34.034986,44.403674],[34.057232,44.416521],[34.128936,44.427878],[34.171984,44.491011],[34.260362,44.507556],[34.308946,44.552088],[34.320135,44.551094],[34.334843,44.545507],[34.349035,44.546767],[34.349805,44.57185],[34.354354,44.585681],[34.375816,44.591703],[34.377892,44.612309],[34.38342,44.615877],[34.389678,44.628884],[34.403924,44.639751],[34.412176,44.658807],[34.432149,44.682765],[34.474964,44.715071],[34.544614,44.741006],[34.625628,44.773956],[34.677858,44.787856],[34.728811,44.807825],[34.747987,44.807058],[34.763731,44.815057],[34.830931,44.816908],[34.845166,44.813296],[34.912095,44.81577],[34.920318,44.82153],[34.920988,44.828751],[34.935034,44.830042],[34.942529,44.833842],[34.967823,44.838027],[34.980991,44.834465],[34.988701,44.828075],[35.0007,44.83203],[35.029503,44.828249],[35.047274,44.814837],[35.043666,44.799459],[35.064425,44.797108],[35.081062,44.790612],[35.09398,44.801375],[35.111022,44.80702],[35.118455,44.81723],[35.133101,44.822812],[35.130569,44.829311],[35.139391,44.861252],[35.144155,44.867002],[35.156245,44.886911],[35.169311,44.900247],[35.177573,44.900936],[35.190556,44.907887],[35.205602,44.910216],[35.216612,44.909005],[35.243653,44.916792],[35.25652,44.938423],[35.249825,44.952823],[35.258409,44.960904],[35.271282,44.967596],[35.283641,44.96616],[35.294987,44.959711],[35.301518,44.965776],[35.322807,44.966441],[35.322466,44.95921],[35.344315,44.964188],[35.351803,44.954952],[35.382973,44.943891],[35.394038,44.954933],[35.356103,44.97733],[35.358416,44.985552],[35.366739,44.992559],[35.395224,44.999343],[35.428693,45.012912],[35.412652,45.025778],[35.385966,45.035246],[35.389399,45.049444],[35.414638,45.07541],[35.451063,45.097366],[35.541346,45.125861],[35.58496,45.129359],[35.62977,45.122303],[35.692135,45.104626],[35.748793,45.081465],[35.777878,45.066304],[35.785327,45.057628],[35.804886,45.045558],[35.814483,45.033306],[35.810165,45.021418],[35.821947,45.019203],[35.82978,45.014076],[35.834113,45.0091],[35.828278,45.004552],[35.834801,44.999213],[35.842096,44.998366],[35.870587,45.004186],[35.879342,45.009765],[35.900286,45.014189],[35.907658,45.018079],[35.925851,45.019111],[35.954083,45.011219],[35.984215,45.022859],[35.994952,45.03511],[36.012561,45.044932],[36.035405,45.049216],[36.07129,45.048252],[36.160037,45.035925],[36.201045,45.033023],[36.213493,45.02807],[36.225684,45.026816],[36.24793,45.04068],[36.249153,45.047687],[36.282137,45.05499],[36.309329,45.057922],[36.337724,45.058302],[36.372884,45.057475],[36.390978,45.065359],[36.440096,45.083327],[36.456018,45.095623],[36.454606,45.105555],[36.439699,45.116727],[36.43318,45.117691],[36.425628,45.128893],[36.4258,45.134402],[36.422542,45.136938],[36.421428,45.152916],[36.417779,45.164294],[36.407778,45.172889],[36.407734,45.193404],[36.403912,45.214162],[36.412019,45.225877],[36.423049,45.23723],[36.423707,45.245262],[36.435783,45.258066],[36.43962,45.271622],[36.436333,45.276239],[36.426012,45.27864],[36.421663,45.286584],[36.435179,45.295073],[36.484438,45.305478],[36.499502,45.318675],[36.488837,45.324608],[36.47329,45.330744],[36.472041,45.341233],[36.477812,45.349132],[36.483644,45.350864],[36.518286,45.351539],[36.535225,45.349918],[36.534981,45.345637],[36.54435,45.344735],[36.564437,45.347114],[36.592338,45.3465],[36.596554,45.345031],[36.60599,45.347733],[36.612025,45.355938],[36.625643,45.360763],[36.630569,45.360521],[36.633217,45.362811],[36.630106,45.373786],[36.6335,45.375653],[36.643211,45.377813],[36.648733,45.38292],[36.641199,45.390666],[36.634642,45.391737],[36.611273,45.407542],[36.607593,45.412573],[36.611498,45.414921],[36.61553,45.422271],[36.606346,45.42872],[36.598276,45.438662],[36.587036,45.44127],[36.57528,45.442252],[36.565672,45.436625],[36.56594,45.428443],[36.554467,45.424368],[36.547831,45.425611],[36.532672,45.42719],[36.518828,45.433521],[36.506954,45.44226],[36.499746,45.445484],[36.495456,45.450514],[36.482062,45.455771],[36.470548,45.458514],[36.461093,45.456435],[36.447174,45.460135],[36.441535,45.455406],[36.442064,45.453282],[36.43401,45.450676],[36.432474,45.447875],[36.421423,45.446002],[36.415458,45.446825],[36.40184,45.450177],[36.376602,45.463689],[36.372894,45.47138],[36.357563,45.471617],[36.345514,45.480891],[36.344848,45.484307],[36.33933,45.482513],[36.340048,45.477585],[36.336302,45.474221],[36.322868,45.471297],[36.307976,45.475414],[36.293683,45.483861],[36.265345,45.478566],[36.17039,45.472361],[36.12387,45.463618],[36.068785,45.445463],[36.068942,45.404374],[36.04285,45.384009],[35.99701,45.371491],[35.941221,45.380044],[35.886842,45.407774],[35.846507,45.446506],[35.86369,45.45422],[35.87606,45.463856],[35.867831,45.473251],[35.841775,45.474473],[35.823649,45.46632],[35.817747,45.458869],[35.818368,45.451418],[35.826475,45.440129],[35.802358,45.424293],[35.748929,45.396331],[35.745726,45.39066],[35.748889,45.384633],[35.760985,45.381258],[35.753728,45.366548],[35.724851,45.351594],[35.71557,45.338458],[35.632903,45.324584],[35.525825,45.291193],[35.498759,45.306176],[35.467835,45.307544],[35.382064,45.352514],[35.311256,45.411424],[35.201458,45.523343],[35.109867,45.599025],[35.050056,45.667202],[34.977053,45.765285],[34.895963,45.89884],[34.852473,46.009247],[34.83464,46.115559],[34.833782,46.200162],[34.903003,46.236419],[35.024814,46.256333],[35.079862,46.276666],[35.11777,46.314272],[35.138002,46.348282],[35.178357,46.362948],[35.193173,46.370951],[35.195293057943964,46.37597275],[35.1954155,46.37597275],[35.1954155,46.37625122],[35.19569397,46.37625122],[35.19569397,46.37652588],[35.19597244,46.37652969],[35.19597244,46.37680435],[35.19625092,46.37680435],[35.19625092,46.37708282],[35.19652939,46.37708282],[35.19652939,46.37763977],[35.19680405,46.37763977],[35.19680405,46.37791824],[35.19708252,46.37791824],[35.19708252,46.3781929],[35.19736099,46.3781929],[35.19736099,46.37847137],[35.19770205597522,46.37847137],[35.19791794,46.37847137],[35.19791794,46.37874985],[35.1981926,46.37874985],[35.1981926,46.37902832],[35.19847107,46.37902832],[35.19847107,46.37930679],[35.19874954,46.37930679],[35.19874954,46.37958145],[35.19902802,46.37958527],[35.19902802,46.37985992],[35.19930649,46.37985992],[35.19930649,46.38041687],[35.19958496,46.38041687],[35.19958496,46.38069534],[35.19985962,46.38069534],[35.19985962,46.38097382],[35.20236206,46.38097382],[35.20236206,46.38069534],[35.20347214,46.38069534],[35.20347214,46.38041687],[35.20597076,46.38041687],[35.20597076,46.3801384],[35.20902634,46.3801384],[35.20902634,46.37985992],[35.21513748,46.37985992],[35.21513748,46.37958527],[35.21625137,46.37958145],[35.21625137,46.37930679],[35.21819305,46.37930679],[35.21819305,46.37902832],[35.21996307,46.37902832],[35.2206955,46.37902832],[35.2206955,46.37878418],[35.2206955,46.37874985],[35.22079468,46.37874985],[35.22291565,46.37874985],[35.22291565,46.37847137],[35.22541809,46.37847137],[35.22541809,46.3781929],[35.23041534,46.3781929],[35.23041534,46.37791824],[35.23541641,46.37791824],[35.23541641,46.37763977],[35.23791504,46.37763977],[35.23791504,46.3773613],[35.24013901,46.3773613],[35.24013901,46.37708282],[35.24263763,46.37708282],[35.24263763,46.37680435],[35.24597168,46.37680435],[35.24597168,46.37652969],[35.2495842,46.37652588],[35.2495842,46.37625122],[35.25347137,46.37625122],[35.25347137,46.37597275],[35.25402832,46.37597275],[35.25402832,46.37625122],[35.25458145,46.37625122],[35.25458527,46.37597275],[35.25736237,46.37597275],[35.25736237,46.37569427],[35.25902939,46.37569427],[35.25902939,46.3754158],[35.25930405,46.3754158],[35.25930405,46.37486267],[35.25958252,46.37486267],[35.25958252,46.37430573],[35.25986099,46.37430573],[35.25986099,46.37374878],[35.26013947,46.37374878],[35.26013947,46.37347412],[35.2606926,46.37347412],[35.2606926,46.37319565],[35.260804814826734,46.37319565],[35.26097107,46.37319565],[35.26097107,46.37291718],[35.26124954,46.37291718],[35.26124954,46.3718071],[35.261118245929026,46.3718071],[35.26097107,46.3718071],[35.26097107,46.37152863],[35.26118110370084,46.37152863],[35.26152802,46.37152863],[35.26152802,46.36999173521302],[35.26152802,46.3698616],[35.26124954,46.3698616],[35.26124954,46.36958313],[35.26152802,46.36958313],[35.26152802,46.36902618],[35.26174597040491,46.36902618],[35.26180649,46.36902618],[35.26180649,46.36875806849753],[35.26180649,46.36875153],[35.26180796590543,46.36875153],[35.26208496,46.36875153],[35.26208496,46.367524401782006],[35.26208496,46.36736298],[35.26212139700772,46.36736298],[35.26235962,46.36736298],[35.26235962,46.36652756],[35.26263809,46.36652756],[35.26263809,46.36624908],[35.26291656,46.36624908],[35.26291656,46.36569595],[35.26263809,46.36569595],[35.26263809,46.36541748],[35.2625605459109,46.36541748],[35.26235962,46.36541748],[35.26235962,46.36513901],[35.26262340368272,46.36513901],[35.26291656,46.36513901],[35.26291656,46.36458206],[35.26319504,46.36458206],[35.26319504,46.36260656952885],[35.26319504,46.36236191],[35.2632502658873,46.36236191],[35.26347351,46.36236191],[35.26347351,46.36208344],[35.26374817,46.36208344],[35.26374817,46.36015611500828],[35.26374817,46.36013794],[35.2637522725623,46.36013794],[35.26402664,46.36013794],[35.26402664,46.35892244829279],[35.26402664,46.35874939],[35.26406570366459,46.35874939],[35.26430511,46.35874939],[35.26430511,46.35819626],[35.26458359,46.35819626],[35.26458359,46.35791779],[35.26486206,46.35791779],[35.26486206,46.35708237],[35.26514053,46.35708237],[35.26514053,46.35680389],[35.26541519,46.35680389],[35.26541519,46.35597229],[35.26569366,46.35597229],[35.26569366,46.35569382],[35.26597214,46.35569382],[35.26597214,46.35486221],[35.26569366,46.35486221],[35.26569366,46.35470222603104],[35.26569366,46.35319519],[35.26597214,46.35319519],[35.26597214,46.35347366],[35.26625061,46.35347366],[35.26625061,46.35374832],[35.26652908,46.35374832],[35.26652908,46.35430527],[35.26680374,46.35430527],[35.26680374,46.35458374],[35.26708221,46.35458374],[35.26708221,46.354695089463846],[35.26708221,46.35514069],[35.26791763,46.35514069],[35.26791763,46.35541534],[35.26874924,46.35541534],[35.26874924,46.35566870405366],[35.269328887672835,46.35569382],[35.27097321,46.35569382],[35.27097321,46.35541534],[35.27319336,46.35541534],[35.27319336,46.35569382],[35.27513885,46.35569382],[35.27513885,46.35594556378997],[35.289804,46.356581],[35.307895,46.348318],[35.31791687,46.33786526456659],[35.31791687,46.3367501724545],[35.31791687,46.33625031],[35.31819534,46.33625031],[35.31819534,46.33402634],[35.31791687,46.33402634],[35.31791687,46.33319473],[35.3176384,46.33319473],[35.3176384,46.33291626],[35.31735992,46.33291626],[35.31735992,46.33263779],[35.31708527,46.33263779],[35.31708527,46.33124924],[35.31819534,46.33124924],[35.31819534,46.33152771],[35.31847382,46.33152771],[35.31847382,46.33208466],[35.31874847,46.33208466],[35.31874847,46.33235931],[35.31902695,46.33235931],[35.31902695,46.33263779],[35.31930542,46.33263779],[35.31930542,46.33291626],[35.31958389,46.33291626],[35.31958389,46.33319473],[35.32013702,46.33319473],[35.32013702,46.33347321],[35.32069397,46.33347321],[35.32069397,46.33375168],[35.32097244,46.33375168],[35.32097244,46.33402634],[35.32125092,46.33402634],[35.32125092,46.33430481],[35.32152939,46.33430481],[35.32152939,46.33458328],[35.32180405,46.33458328],[35.32180405,46.33478682773299],[35.32180405,46.33486176],[35.32208252,46.33486176],[35.32208252,46.33514023],[35.32236099,46.33514023],[35.32236099,46.335618920292326],[35.331193,46.331158],[35.317442,46.317067],[35.300092,46.314492],[35.294775024628166,46.30708313],[35.29430389,46.30708313],[35.29430389,46.3073616],[35.29402924,46.3073616],[35.29402924,46.30708313],[35.29375076,46.30708313],[35.29375076,46.30505339646574],[35.29375076,46.30486298],[35.29387104200879,46.30486298],[35.29402924,46.30486298],[35.29402924,46.30461253936739],[35.29402924,46.30263901],[35.29430389,46.30263901],[35.29430389,46.30236053],[35.29458237,46.30236053],[35.29458237,46.30208206],[35.29486084,46.30208206],[35.29486084,46.3018074],[35.29541779,46.3018074],[35.29541779,46.30152893],[35.29569626,46.30152893],[35.29569626,46.30125046],[35.29597092,46.30125046],[35.29597092,46.30097198],[35.29624939,46.30097198],[35.29624939,46.30041504],[35.296680710574506,46.30041504],[35.29680634,46.30041504],[35.29680634,46.30021615812701],[35.29680634,46.30014038],[35.29685420742209,46.30014038],[35.29708481,46.30014038],[35.29708481,46.29986191],[35.298446990110556,46.29986191],[35.298987,46.299007],[35.253203,46.248701],[35.23997913030532,46.23125076],[35.238514490231026,46.23125076],[35.23374939,46.23125076],[35.23374939,46.23097229],[35.23347092,46.23097229],[35.23347092,46.23041534],[35.23374939,46.23041534],[35.23374939,46.22986221],[35.23402786,46.22986221],[35.23402786,46.22958374],[35.23430634,46.22958374],[35.23430634,46.22930527],[35.23402786,46.22930527],[35.23402786,46.22902679],[35.23374939,46.22902679],[35.23374939,46.22791672],[35.23430634,46.22791672],[35.23430634,46.22735977],[35.23458481,46.22735977],[35.23458481,46.22708511],[35.23485947,46.22708511],[35.23485947,46.22680664],[35.23458481,46.22680664],[35.23458481,46.22624969],[35.23402786,46.22624969],[35.23402786,46.22597122],[35.23236084,46.22597122],[35.23236084,46.22569275],[35.22708511,46.22569275],[35.22708511,46.22541809],[35.22680664,46.22541809],[35.22680664,46.22513962],[35.22652817,46.22513962],[35.22652817,46.22458267],[35.22624969,46.22458267],[35.22624969,46.2243042],[35.22597122,46.2243042],[35.22597122,46.22402954],[35.22569275,46.22402954],[35.22569275,46.22375107],[35.22541809,46.22375107],[35.22541809,46.22291565],[35.22513962,46.22291565],[35.22513962,46.22263718],[35.22541809,46.22263718],[35.22541809,46.22236252],[35.22569275,46.22236252],[35.22569275,46.22208405],[35.22624969,46.22208405],[35.22624969,46.22180557],[35.22652817,46.22180557],[35.22652817,46.2215271],[35.22680664,46.2215271],[35.22680664,46.22124863],[35.22708511,46.22124863],[35.22708511,46.2206955],[35.22735977,46.2206955],[35.22735977,46.22013855],[35.22763824,46.22013855],[35.22763824,46.21986008],[35.22791672,46.21986008],[35.22791672,46.2195816],[35.22819519,46.2195816],[35.22819519,46.21930695],[35.22847366,46.21930695],[35.22847366,46.21902847],[35.22819519,46.21902847],[35.22819519,46.21875],[35.22708511,46.21875],[35.22708511,46.21902847],[35.22652817,46.21902847],[35.22652817,46.21930695],[35.22624969,46.21930695],[35.22624969,46.21986008],[35.22597122,46.21986008],[35.22597122,46.22013855],[35.22541809,46.22013855],[35.22541809,46.22041702],[35.22513962,46.22041702],[35.22513962,46.2206955],[35.22486115,46.2206955],[35.22486115,46.22097397],[35.22458267,46.22097397],[35.22458267,46.22124863],[35.2243042,46.22124863],[35.2243042,46.2215271],[35.22402954,46.2215271],[35.22402954,46.22180557],[35.22319412,46.22180557],[35.22319412,46.2215271],[35.22291565,46.2215271],[35.22291565,46.22124863],[35.22263718,46.22124863],[35.22263718,46.22041702],[35.22236252,46.22041702],[35.22236252,46.21986008],[35.22263718,46.21986008],[35.22263718,46.21847153],[35.22236252,46.21847153],[35.22236252,46.21652603],[35.22208405,46.21652603],[35.22208405,46.21513748],[35.22180557,46.21513748],[35.22180557,46.21486282],[35.2215271,46.21486282],[35.2215271,46.21430588],[35.22124863,46.21430588],[35.22124863,46.21347046],[35.22097397,46.21347046],[35.22097397,46.21125031],[35.22124863,46.21125031],[35.22124863,46.21069336],[35.2215271,46.21069336],[35.2215271,46.21014023],[35.22180557,46.21014023],[35.22180557,46.20958328],[35.22208405,46.20958328],[35.22208405,46.20956853014464],[35.22208405,46.20902634],[35.22236252,46.20902634],[35.22236252,46.20875168],[35.22263718,46.20875168],[35.22263718,46.20836629411498],[35.209023,46.190401],[35.136833,46.162033],[35.08801391496239,46.1543045],[35.08430481,46.1543045],[35.08430481,46.15402603],[35.08180618,46.15402603],[35.08180618,46.153321759753645],[35.08013916,46.153057855502674],[35.08013916,46.15319443],[35.07958221,46.15319443],[35.07958221,46.1534729],[35.07875061,46.1534729],[35.07875061,46.15319443],[35.07680511,46.15319443],[35.07680511,46.15291595],[35.07569504,46.15291595],[35.07569504,46.15263748],[35.07165528159426,46.15263748],[35.07013702,46.15263748],[35.07013702,46.152397125381206],[35.07013702,46.15236282],[35.069920321261165,46.15236282],[35.06986237,46.15236282],[35.06986237,46.152353645788295],[35.06986237,46.15208435],[35.06958389,46.15208435],[35.06958389,46.1515274],[35.06930542,46.1515274],[35.06930542,46.15134277707534],[35.06541824,46.15072740153918],[35.06541824,46.1515274],[35.06513977,46.1515274],[35.06513977,46.15160601525682],[35.06513977,46.15180588],[35.0648613,46.15180588],[35.0648613,46.15208435],[35.06430435,46.15208435],[35.06430435,46.15180588],[35.0629158,46.15180588],[35.0629158,46.1515274],[35.06263733,46.1515274],[35.06263733,46.15124893],[35.06288414939202,46.15124893],[35.06319427,46.15124893],[35.06319427,46.15097046],[35.06347275,46.15097046],[35.06347275,46.15041941298402],[35.05875015,46.149671782952204],[35.05875015,46.14986038],[35.0593071,46.14986038],[35.0593071,46.15013885],[35.05986023,46.15013885],[35.05986023,46.1506958],[35.0601387,46.1506958],[35.0601387,46.15081430039174],[35.0601387,46.15097046],[35.05986023,46.15097046],[35.05986023,46.15124893],[35.05847168,46.15124893],[35.05847168,46.15097046],[35.05791855,46.15097046],[35.05791473,46.1506958],[35.05680466,46.1506958],[35.05680466,46.15041733],[35.05597305,46.15041733],[35.05597305,46.15015484011073],[35.05597305,46.15013885],[35.05587204436449,46.15013885],[35.05513763,46.15013885],[35.05513763,46.150022585526706],[35.05513763,46.14986038],[35.05411301718885,46.14986038],[35.05347061,46.14986038],[35.05347061,46.14975868109941],[35.05347061,46.14958191],[35.05235399001321,46.14958191],[35.0518074,46.14958191],[35.0518074,46.14949537982975],[35.0518074,46.14930725],[35.050619029679716,46.14930725],[35.05014038,46.14930725],[35.05014038,46.14923147540245],[35.05014038,46.14902878],[35.04886000250407,46.14902878],[35.04875183,46.14902878],[35.04875183,46.1490116553088],[35.04875183,46.14875031],[35.04847336,46.14875031],[35.04847336,46.14896757097515],[35.04847336,46.14902878],[35.04791641,46.14902878],[35.04791641,46.14887940072477],[35.04791641,46.14875031],[35.04763794,46.14875031],[35.04763794,46.14847183],[35.04652786,46.14847183],[35.04652786,46.14819336],[35.04597092,46.14819336],[35.04597092,46.14791489],[35.04541779,46.14791489],[35.04541779,46.14764023],[35.04347229,46.14764023],[35.04347229,46.14736176],[35.04291534,46.14736176],[35.04291534,46.14716499018886],[35.029347,46.145017],[35.030825,46.127364],[35.0255162364919,46.12430573],[35.02486038,46.12430573],[35.02486038,46.12402725],[35.02402878,46.12402725],[35.02402878,46.12374878],[35.02291489,46.12374878],[35.02291489,46.12347412],[35.02236176,46.12347031],[35.02236176,46.12319565],[35.021561304356,46.12319565],[35.02152634,46.12319565],[35.02152634,46.12317550757937],[35.02152634,46.12291718],[35.021077920338094,46.12291718],[35.02097321,46.12291718],[35.02097321,46.12285685800596],[35.02097321,46.1226387],[35.020594518961616,46.1226387],[35.02041626,46.1226387],[35.02041626,46.122536007790075],[35.02041626,46.12236023],[35.02013779,46.12236023],[35.02013779,46.12208176],[35.01962775092579,46.12208176],[35.01902771,46.12208176],[35.01902771,46.1218071],[35.01819611,46.1218071],[35.01819611,46.12152863],[35.01763916,46.12152863],[35.01763916,46.12125015],[35.01736069,46.12125015],[35.01736069,46.12077574152894],[35.01736069,46.12069321],[35.01721742709174,46.12069321],[35.01708221,46.12069321],[35.01708221,46.120615313540576],[35.01708221,46.12041855],[35.01680374,46.12041473],[35.01680374,46.12014008],[35.01652908,46.12014008],[35.01652908,46.1198616],[35.01625061,46.1198616],[35.01625061,46.11958313],[35.01597214,46.11958313],[35.01597214,46.11930466],[35.01569366,46.11930466],[35.01569366,46.11902618],[35.01541519,46.11902618],[35.01541519,46.11848672385899],[34.99996261208932,46.10958481],[34.99986267,46.10958481],[34.99930573,46.10958481],[34.99930573,46.10930634],[34.99874878,46.10930634],[34.99874878,46.10902786],[34.99847412,46.10902786],[34.99847412,46.10874939],[34.99791718,46.10874939],[34.99791718,46.10847092],[34.99736023,46.10847092],[34.99736023,46.10819626],[34.99625015,46.10819626],[34.99625015,46.10763931],[34.99541855,46.10763931],[34.99541855,46.10736084],[34.99514008,46.10736084],[34.99514008,46.10708237],[34.99458313,46.10708237],[34.99458313,46.10652924],[34.99375153,46.10652924],[34.99375153,46.10625076],[34.99263763,46.10625076],[34.99263763,46.10597229],[34.9920845,46.10597229],[34.9920845,46.10569382],[34.99180603,46.10569382],[34.99180603,46.10541534],[34.99152756,46.10541534],[34.99152756,46.10514069],[34.99069595,46.10514069],[34.99069595,46.10486221],[34.99041748,46.10486221],[34.99041748,46.10458374],[34.99013901,46.10458374],[34.99013901,46.10402679],[34.98986053,46.10402679],[34.98986053,46.10347366],[34.99013901,46.10347366],[34.99013901,46.10319519],[34.99041748,46.10319519],[34.99041748,46.10291672],[34.990508349564664,46.10291672],[34.978187,46.076659],[34.986306805241114,46.07875061],[34.99003096143909,46.07875061],[34.99236298,46.07875061],[34.99236298,46.07902908],[34.99514008,46.07902908],[34.99514008,46.07930374],[34.99597168,46.07930374],[34.99597168,46.07958221],[34.99652863,46.07958221],[34.99652863,46.07986069],[34.99752426,46.07986069],[34.99819565,46.07986069],[34.99819565,46.08013916],[34.99930573,46.08013916],[34.99930573,46.08041763],[34.99986267,46.08041763],[35.00013733,46.08041763],[35.00125122,46.08041763],[35.00125122,46.08069611],[35.00291824,46.08069611],[35.00291824,46.08097076],[35.00430679,46.08097076],[35.00430679,46.08124924],[35.00541687,46.08124924],[35.00541687,46.08152771],[35.00652695,46.08152771],[35.00652695,46.08180618],[35.00763702,46.08180618],[35.00763702,46.08208466],[35.00875092,46.08208466],[35.00875092,46.08235931],[35.00958252,46.08235931],[35.00958252,46.08263779],[35.0106926,46.08263779],[35.0106926,46.08291626],[35.01152802,46.08291626],[35.01152802,46.08319473],[35.01263809,46.08319473],[35.01263809,46.08347321],[35.01347351,46.08347321],[35.01347351,46.08375168],[35.01458359,46.08375168],[35.01458359,46.08402634],[35.01541519,46.08402634],[35.01541519,46.08430481],[35.01625061,46.08430481],[35.01625061,46.08458328],[35.01763916,46.08458328],[35.01763916,46.08486176],[35.01874924,46.08486176],[35.01874924,46.08514023],[35.02013779,46.08514023],[35.02013779,46.08541489],[35.02125168,46.08541489],[35.02125168,46.08569336],[35.02236176,46.08569336],[35.02236176,46.08597183],[35.02347183,46.08597183],[35.02347183,46.08625031],[35.02430725,46.08625031],[35.02430725,46.08652878],[35.02513885,46.08652878],[35.02513885,46.08680725],[35.02597046,46.08680725],[35.02597046,46.08708191],[35.02680588,46.08708191],[35.02680588,46.08736038],[35.02791595,46.08736038],[35.02791595,46.08763885],[35.02875137,46.08763885],[35.02875137,46.08791733],[35.02958298,46.08791733],[35.02958298,46.0881958],[35.0304184,46.0881958],[35.0304184,46.08847046],[35.03125,46.08847046],[35.03125,46.08874893],[35.0320816,46.08874893],[35.0320816,46.0890274],[35.03291702,46.0890274],[35.03291702,46.08930588],[35.0340271,46.08930588],[35.0340271,46.08958435],[35.03486252,46.08958435],[35.03486252,46.08986282],[35.03569412,46.08986282],[35.03569412,46.09013748],[35.03652954,46.09013748],[35.03652954,46.09041595],[35.03708267,46.09041595],[35.03708267,46.09069443],[35.037117,46.09069443],[35.03819275,46.09069443],[35.03819275,46.09087753],[35.03819275,46.0909729],[35.03874207,46.0909729],[35.03930664,46.0909729],[35.03930664,46.09106827],[35.03930664,46.09125137],[35.04013824,46.09125519],[35.04013824,46.09152603],[35.04069519,46.09152603],[35.04069519,46.09180136656993],[35.04069519,46.0918045],[35.04070735426161,46.0918045],[35.04152679,46.0918045],[35.04152679,46.09201558100617],[35.04152679,46.09208298],[35.041788439047785,46.09208298],[35.04236221,46.09208298],[35.04236221,46.09223077944812],[35.04236221,46.09236145],[35.04286948501304,46.09236145],[35.04291534,46.09236145],[35.04291534,46.092373261929026],[35.04291534,46.09263992],[35.04375076,46.09263992],[35.04375076,46.0929184],[35.04458237,46.0929184],[35.04458237,46.09319305],[35.04513931,46.09319305],[35.04513931,46.09347153],[35.04597092,46.09347153],[35.04597092,46.09375],[35.04652786,46.09375],[35.04652786,46.09402847],[35.04735947,46.09402847],[35.04735947,46.09430695],[35.04819489,46.09430695],[35.04819489,46.0945816],[35.04875183,46.0945816],[35.04875183,46.094836049780575],[35.066419,46.099387],[35.09022422268479,46.10652924],[35.0918045,46.10652924],[35.0918045,46.10680389],[35.09347153,46.10680389],[35.09347153,46.10708237],[35.095333465803506,46.10708237],[35.09541702,46.10708237],[35.09541702,46.10710743855578],[35.09541702,46.10736084],[35.096261614090224,46.10736084],[35.0965271,46.10736084],[35.0965271,46.107440493070904],[35.0965271,46.10763931],[35.09718976237697,46.10763931],[35.09763718,46.10763931],[35.09763718,46.10777354758603],[35.09763718,46.10791779],[35.09811794399397,46.10791779],[35.09875107,46.10791779],[35.09875107,46.10810774520589],[35.09875107,46.10819626],[35.09904609228069,46.10819626],[35.09986115,46.10819626],[35.09986115,46.108440799721016],[35.09986115,46.10847092],[35.09996154173103,46.10847092],[35.10069275,46.10847092],[35.10069275,46.10869030258097],[35.10069275,46.10874939],[35.100889690017745,46.10874939],[35.10180664,46.10874939],[35.10180664,46.109024500200825],[35.10180664,46.10902786],[35.10181783830446,46.10902786],[35.10291672,46.10902786],[35.10291672,46.10930634],[35.10402679,46.10930634],[35.10402679,46.10958481],[35.10514069,46.10958481],[35.10514069,46.10985947],[35.10625076,46.10985947],[35.10625076,46.11013794],[35.10680389,46.11013794],[35.10680389,46.11041641],[35.10819626,46.11041641],[35.10819626,46.11069489],[35.10902786,46.11069489],[35.10902786,46.11097336],[35.11013794,46.11097336],[35.11013794,46.11125183],[35.11125183,46.11125183],[35.11125183,46.11152649],[35.11208344,46.11152649],[35.11208344,46.11180496],[35.11319351,46.11180496],[35.11319351,46.11208344],[35.11402893,46.11208344],[35.11402893,46.11220169],[35.11402893,46.11236191],[35.11458206,46.11236191],[35.11458206,46.11264038],[35.11513901,46.11264038],[35.11513901,46.11291504],[35.11624908,46.11291504],[35.11624908,46.11319351],[35.11680603,46.11319351],[35.11680603,46.11347198],[35.11763763,46.11347198],[35.11763763,46.11375046],[35.11847305,46.11375046],[35.11847305,46.11402488134581],[35.11847305,46.11402893],[35.11848654427748,46.11402893],[35.11902618,46.11402893],[35.11902618,46.11419083555087],[35.11902618,46.1143074],[35.1194146925642,46.1143074],[35.1198616,46.1143074],[35.1198616,46.11444148451584],[35.1198616,46.11458206],[35.12033014201451,46.11458206],[35.12069321,46.11458206],[35.12069321,46.11469099037606],[35.12069321,46.11486053],[35.12125015,46.11486053],[35.12125015,46.11513901],[35.12208176,46.11513901],[35.12208176,46.11541748],[35.12291718,46.11541748],[35.12291718,46.11569595],[35.12347031,46.11569595],[35.12347412,46.11597061],[35.12430573,46.11597061],[35.12430573,46.11624908],[35.12486267,46.11624908],[35.12486267,46.11652756],[35.12569427,46.11652756],[35.12569427,46.11680603],[35.12625122,46.11680603],[35.12625122,46.1170845],[35.12708282,46.1170845],[35.12708282,46.11736298],[35.12763977,46.11736298],[35.12763977,46.11763763],[35.12847137,46.11763763],[35.12847137,46.11791611],[35.12902832,46.11791611],[35.12902832,46.11817156654651],[35.133606,46.119545],[35.136545353809524,46.12125015],[35.13708496,46.12125015],[35.13708496,46.12152863],[35.13763809,46.12152863],[35.13763809,46.1218071],[35.13819504,46.1218071],[35.13819504,46.12208176],[35.13902664,46.12208176],[35.13902664,46.12236023],[35.13958359,46.12236023],[35.13958359,46.1226387],[35.14014053,46.1226387],[35.14014053,46.12291718],[35.14069366,46.12291718],[35.14069366,46.12319565],[35.14152908,46.12319565],[35.14152908,46.12347412],[35.14208221,46.12347412],[35.14208221,46.12374878],[35.14263916,46.12374878],[35.14263916,46.12402725],[35.14319611,46.12402725],[35.14319611,46.12430573],[35.14383225985367,46.12430573],[35.14402771,46.12430573],[35.14402771,46.124419111708534],[35.14402771,46.1245842],[35.1443122932114,46.1245842],[35.14458466,46.1245842],[35.14458466,46.12474220147719],[35.14458466,46.12486267],[35.144792326569124,46.12486267],[35.14513779,46.12486267],[35.14513779,46.12506307524277],[35.14513779,46.12513733],[35.14526579215621,46.12513733],[35.14569473,46.12513733],[35.14569473,46.12538615921038],[35.14569473,46.1254158],[35.14574582551394,46.1254158],[35.14625168,46.1254158],[35.14625168,46.12569427],[35.14680481,46.12569427],[35.14680481,46.12597275],[35.14736176,46.12597275],[35.14736176,46.12625122],[35.14791489,46.12625122],[35.14791489,46.12652588],[35.14847183,46.12652969],[35.14847183,46.12680435],[35.14902878,46.12680435],[35.14902878,46.12708282],[35.14958191,46.12708282],[35.14958191,46.1273613],[35.15041733,46.1273613],[35.15041733,46.12763977],[35.15097046,46.12763977],[35.15097046,46.12791824],[35.1515274,46.12791824],[35.1515274,46.1281929],[35.15208435,46.1281929],[35.15208435,46.12847137],[35.15263748,46.12847137],[35.15263748,46.12874985],[35.15319443,46.12874985],[35.15319443,46.12902832],[35.15375137,46.12902832],[35.15375137,46.12930679],[35.1543045,46.12930679],[35.1543045,46.12958145],[35.15486145,46.12958527],[35.15486145,46.12985992],[35.1554184,46.12985992],[35.1554184,46.1301384],[35.15569305,46.1301384],[35.15569305,46.13041687],[35.15625,46.13041687],[35.15625,46.13069534],[35.15652847,46.13069534],[35.15652847,46.13097382],[35.1570816,46.13097382],[35.1570816,46.13124847],[35.15736008,46.13124847],[35.15736008,46.13152695],[35.15791702,46.13152695],[35.15791702,46.13180542],[35.1581955,46.13180542],[35.1581955,46.13208389],[35.15874863,46.13208389],[35.15874863,46.13236237],[35.1590271,46.13236237],[35.1590271,46.13263702],[35.15958405,46.13263702],[35.15958405,46.1329155],[35.15986252,46.1329155],[35.15986252,46.13319397],[35.16041565,46.13319397],[35.16041565,46.13347244],[35.16069412,46.13347244],[35.16069412,46.13375092],[35.16125107,46.13375092],[35.16125107,46.13402939],[35.16152954,46.13402939],[35.16152954,46.13430405],[35.16208267,46.13430405],[35.16208267,46.13458252],[35.16236115,46.13458252],[35.16236115,46.13486099],[35.16291809,46.13486099],[35.16291809,46.13513947],[35.16319275,46.13513947],[35.16319275,46.13541794],[35.16374969,46.13541794],[35.16374969,46.1356926],[35.16402817,46.1356926],[35.16402817,46.13597107],[35.16458511,46.13597107],[35.16458511,46.13624954],[35.16485977,46.13624954],[35.16485977,46.13650390468128],[35.16485977,46.13652802],[35.16490134057285,46.13652802],[35.16541672,46.13652802],[35.16541672,46.13680649],[35.16569519,46.13680649],[35.16569519,46.13698853643374],[35.16569519,46.13708496],[35.16586140728832,46.13708496],[35.16624832,46.13708496],[35.16624832,46.13730941019932],[35.16624832,46.13735962],[35.16633487287539,46.13735962],[35.16652679,46.13735962],[35.16652679,46.13747095218312],[35.16652679,46.13763809],[35.16681490623313,46.13763809],[35.16708374,46.13763809],[35.16708374,46.13779404195179],[35.16708374,46.13791656],[35.16729493959086,46.13791656],[35.16736221,46.13791656],[35.16736221,46.13795558393559],[35.16736221,46.13819504],[35.16777499018683,46.13819504],[35.16791534,46.13819504],[35.16791534,46.138276457701174],[35.16791534,46.13847351],[35.16819382,46.13847351],[35.16819382,46.13874817],[35.168728489131645,46.13874817],[35.16875076,46.13874817],[35.16875076,46.13876108945364],[35.16875076,46.13902664],[35.16902924,46.13902664],[35.16902924,46.13930511],[35.16958237,46.13930511],[35.16958237,46.13958359],[35.16986084,46.13958359],[35.16986084,46.13986206],[35.17013931,46.13986206],[35.17013931,46.14014053],[35.17069626,46.14014053],[35.17069626,46.14041519],[35.17097092,46.14041519],[35.17097092,46.14069366],[35.17152786,46.14069366],[35.17152786,46.14097214],[35.17180634,46.14097214],[35.17180634,46.14125061],[35.17208481,46.14125061],[35.17208481,46.14152908],[35.17263794,46.14152908],[35.17263794,46.14180374],[35.17291641,46.14180374],[35.17291641,46.14208221],[35.17319489,46.14208221],[35.17319489,46.14236069],[35.17375183,46.14236069],[35.17375183,46.14263916],[35.17402649,46.14263916],[35.17402649,46.14291763],[35.17458344,46.14291763],[35.17458344,46.14319611],[35.17486191,46.14319611],[35.17486191,46.14347076],[35.17514038,46.14347076],[35.17514038,46.14363952983425],[35.18863,46.151465],[35.265869,46.250892],[35.360236,46.354693],[35.457829,46.441261],[35.501649445557085,46.45513916],[35.50291824,46.45513916],[35.50291824,46.45541763],[35.50402832,46.45541763],[35.50402832,46.45569611],[35.50541687,46.45569611],[35.50541687,46.45597076],[35.50652695,46.45597076],[35.50652695,46.45624924],[35.5079155,46.45624924],[35.5079155,46.45652771],[35.50902939,46.45652771],[35.50902939,46.45680618],[35.50986099,46.45680618],[35.50986099,46.45708466],[35.51041794,46.45708466],[35.51041794,46.45735931],[35.51124954,46.45735931],[35.51124954,46.45763779],[35.51208496,46.45763779],[35.51208496,46.45791626],[35.51291656,46.45791626],[35.51291656,46.45819473],[35.51347351,46.45819473],[35.51347351,46.45847321],[35.51430511,46.45847321],[35.51430511,46.45875168],[35.51514053,46.45875168],[35.51514053,46.45902634],[35.51569366,46.45902634],[35.51569366,46.45930481],[35.51652908,46.45930481],[35.51652908,46.45958328],[35.51708221,46.45958328],[35.51708221,46.45986176],[35.51791763,46.45986176],[35.51791763,46.46014023],[35.51847076,46.46014023],[35.51847076,46.46041489],[35.51930618,46.46041489],[35.51930618,46.46069336],[35.51985931,46.46069336],[35.51985931,46.460906317524405],[35.565718,46.47543],[35.56794230143084,46.47652817],[35.56902695,46.47652817],[35.56902695,46.47680664],[35.56986237,46.47680664],[35.56986237,46.47708511],[35.57069397,46.47708511],[35.57069397,46.47735977],[35.57152939,46.47735977],[35.57152939,46.47763824],[35.57208252,46.47763824],[35.57208252,46.47791672],[35.57291794,46.47791672],[35.57291794,46.47819519],[35.57355837445729,46.47819519],[35.57374954,46.47819519],[35.57374954,46.47828957057717],[35.57374954,46.47847366],[35.574122408607934,46.47847366],[35.57458496,46.47847366],[35.57458496,46.47870202682141],[35.57458496,46.47874832],[35.57467872569709,46.47874832],[35.57541656,46.47874832],[35.57541656,46.47902679],[35.57569504,46.47902679],[35.57569504,46.47925008579487],[35.57569504,46.47930527],[35.575806814253134,46.47930527],[35.57680511,46.47930527],[35.57680511,46.47958374],[35.57764053,46.47958374],[35.57764053,46.47986221],[35.57847214,46.47986221],[35.57847214,46.48014069],[35.57902908,46.48014069],[35.57902908,46.48041534],[35.57958221,46.48041534],[35.57958221,46.48069382],[35.58013916,46.48069382],[35.58013916,46.48097229],[35.58069611,46.48097229],[35.58069611,46.48125076],[35.58097076,46.48125076],[35.58097076,46.48152924],[35.58180618,46.48152924],[35.58180618,46.48180389],[35.58235931,46.48180389],[35.58235931,46.48208237],[35.58291626,46.48208237],[35.58291626,46.48236084],[35.58347321,46.48236084],[35.58347321,46.48263931],[35.58402634,46.48263931],[35.58402634,46.48291779],[35.58458328,46.48291779],[35.58458328,46.48319626],[35.58514023,46.48319626],[35.58514023,46.48347092],[35.58569336,46.48347092],[35.58569336,46.48374939],[35.58625031,46.48374939],[35.58625031,46.48402786],[35.58680725,46.48402786],[35.58680725,46.48430634],[35.58708191,46.48430634],[35.58708191,46.48458481],[35.58763885,46.48458481],[35.58763885,46.48485947],[35.58847046,46.48485947],[35.58847046,46.48513794],[35.58874893,46.48513794],[35.58874893,46.48541641],[35.58930588,46.48541641],[35.58930588,46.48569489],[35.58986282,46.48569489],[35.58986282,46.48597336],[35.59041595,46.48597336],[35.59041595,46.48625183],[35.5909729,46.48625183],[35.5909729,46.48652649],[35.59152603,46.48652649],[35.59152603,46.48680496],[35.5918045,46.48680496],[35.5918045,46.48708344],[35.59236145,46.48708344],[35.59236145,46.48736191],[35.59263992,46.48736191],[35.59263992,46.48761596351378],[35.59263992,46.48764038],[35.592689374993604,46.48764038],[35.59347153,46.48764038],[35.59347153,46.48791504],[35.59402847,46.48791504],[35.59402847,46.48819351],[35.5945816,46.48819351],[35.5945816,46.48847198],[35.59486008,46.48847198],[35.59486008,46.4887120814607],[35.59486008,46.48875046],[35.59493781478944,46.48875046],[35.59541702,46.48875046],[35.59541702,46.48898704899879],[35.59541702,46.48902893],[35.595501848940096,46.48902893],[35.59597397,46.48902893],[35.59597397,46.48926202147399],[35.59597397,46.4893074],[35.59606588309074,46.4893074],[35.59624863,46.4893074],[35.59624863,46.48939762420321],[35.59624863,46.48958206],[35.59662220017989,46.48958206],[35.59708405,46.48958206],[35.59708405,46.48981008044745],[35.59708405,46.48986053],[35.59718623433054,46.48986053],[35.59736252,46.48986053],[35.59736252,46.489947564216486],[35.59736252,46.49013901],[35.59775028873594,46.49013901],[35.59791565,46.49013901],[35.59791565,46.49022065071475],[35.59791565,46.49041748],[35.59831432288658,46.49041748],[35.5984726,46.49041748],[35.5984726,46.49049562318995],[35.5984726,46.49069595],[35.598878357037236,46.49069595],[35.59902954,46.49069595],[35.59902954,46.49077059072803],[35.59902954,46.49097061],[35.5993042,46.49097061],[35.5993042,46.49124908],[35.59986115,46.49124908],[35.59986115,46.49152756],[35.60041809,46.49152756],[35.60041809,46.49180603],[35.60097122,46.49180603],[35.60097122,46.4920845],[35.60124969,46.4920845],[35.60124969,46.49236298],[35.60180664,46.49236298],[35.60180664,46.49263763],[35.60235977,46.49263763],[35.60235977,46.49291611],[35.60291672,46.49291611],[35.60291672,46.49319458],[35.60319519,46.49319458],[35.60319519,46.49347305],[35.60374832,46.49347305],[35.60374832,46.49375153],[35.60430527,46.49375153],[35.60430527,46.49402618],[35.60458374,46.49402618],[35.60458374,46.49430466],[35.60514069,46.49430466],[35.60514069,46.49458313],[35.60569382,46.49458313],[35.60569382,46.4948616],[35.60597229,46.4948616],[35.60597229,46.49514008],[35.60652924,46.49514008],[35.60652924,46.49541855],[35.60680389,46.49541855],[35.60680389,46.49569321],[35.60736084,46.49569321],[35.60736084,46.49597168],[35.60791779,46.49597168],[35.60791779,46.49625015],[35.60819626,46.49625015],[35.60819626,46.49640213540275],[35.624266,46.504336],[35.635978606494554,46.51402664],[35.63652802,46.51402664],[35.63652802,46.51430511],[35.63680649,46.51430511],[35.63680649,46.51458359],[35.63735962,46.51458359],[35.63735962,46.51486206],[35.63763809,46.51486206],[35.63763809,46.51514053],[35.63819504,46.51514053],[35.63819504,46.51541519],[35.63847351,46.51541519],[35.63847351,46.51569366],[35.63902664,46.51569366],[35.63902664,46.51597214],[35.63930511,46.51597214],[35.63930511,46.51625061],[35.63986206,46.51625061],[35.63986206,46.51652908],[35.64014053,46.51652908],[35.64014053,46.51680374],[35.64069366,46.51680374],[35.64069366,46.51708221],[35.64097214,46.51708221],[35.64097214,46.51736069],[35.64152908,46.51736069],[35.64152908,46.51763916],[35.64180374,46.51763916],[35.64180374,46.51791763],[35.64236069,46.51791763],[35.64236069,46.51819611],[35.64263916,46.51819611],[35.64263916,46.51847076],[35.64304716551248,46.51847076],[35.64319611,46.51847076],[35.64319611,46.51859399009332],[35.64319611,46.51874924],[35.64338375586769,46.51874924],[35.64347076,46.51874924],[35.64347076,46.518821223377984],[35.64347076,46.51902771],[35.64372033413622,46.51902771],[35.64402771,46.51902771],[35.64402771,46.51928201921956],[35.64402771,46.51930618],[35.644056912404736,46.51930618],[35.64430618,46.51930618],[35.64430618,46.519512413003575],[35.64430618,46.51958466],[35.644393502759954,46.51958466],[35.64458466,46.51958466],[35.64458466,46.519742815061136],[35.64458466,46.51985931],[35.644725463909985,46.51985931],[35.64513779,46.51985931],[35.64513779,46.52013779],[35.64569473,46.52013779],[35.64569473,46.52041626],[35.64597321,46.52041626],[35.64597321,46.52069473],[35.64652634,46.52069473],[35.64652634,46.52097321],[35.64680481,46.52097321],[35.64680481,46.52125168],[35.64736176,46.52125168],[35.64736176,46.52152634],[35.64764023,46.52152634],[35.64764023,46.52180481],[35.64819336,46.52180481],[35.64819336,46.52208328],[35.64847183,46.52208328],[35.64847183,46.52236176],[35.64902878,46.52236176],[35.64902878,46.52264023],[35.64930725,46.52264023],[35.64930725,46.52291489],[35.64958191,46.52291489],[35.64958191,46.52319336],[35.64986038,46.52319336],[35.64986038,46.52347183],[35.65041733,46.52347183],[35.65041733,46.52375031],[35.6506958,46.52375031],[35.6506958,46.52402878],[35.65097046,46.52402878],[35.65097046,46.52430725],[35.65124893,46.52430725],[35.65124893,46.52458191],[35.65180588,46.52458191],[35.65180588,46.52486038],[35.65208435,46.52486038],[35.65208435,46.52513885],[35.65236282,46.52513885],[35.65236282,46.52541733],[35.65263748,46.52541733],[35.65263748,46.5256958],[35.65319443,46.5256958],[35.65319443,46.52597046],[35.6534729,46.52597046],[35.6534729,46.52624893],[35.65375137,46.52624893],[35.65375137,46.5265274],[35.65402603,46.5265274],[35.65402603,46.52680588],[35.65458298,46.52680588],[35.65458298,46.52708435],[35.65486145,46.52708435],[35.65486145,46.52736282],[35.65513992,46.52736282],[35.65513992,46.52763748],[35.6554184,46.52763748],[35.6554184,46.52791595],[35.65569305,46.52791595],[35.65569305,46.52819443],[35.65625,46.52819443],[35.65625,46.5284729],[35.65652847,46.5284729],[35.65652847,46.52875137],[35.65680695,46.52875137],[35.65680695,46.52902603],[35.6570816,46.52902603],[35.6570816,46.5293045],[35.65763855,46.5293045],[35.65763855,46.52958298],[35.65791702,46.52958298],[35.65791702,46.52986145],[35.6581955,46.52986145],[35.6581955,46.53013992],[35.65847397,46.53013992],[35.65847397,46.5304184],[35.65874863,46.5304184],[35.65874863,46.53069305],[35.65930557,46.53069305],[35.65930557,46.53097153],[35.65958405,46.53097153],[35.65958405,46.53125],[35.65986252,46.53125],[35.65986252,46.53152847],[35.66013718,46.53152847],[35.66013718,46.53180695],[35.66069412,46.53180695],[35.66069412,46.5320816],[35.6609726,46.5320816],[35.6609726,46.53236008],[35.66125107,46.53236008],[35.66125107,46.53263855],[35.66152954,46.53263855],[35.66152954,46.53291702],[35.6618042,46.53291702],[35.6618042,46.5331955],[35.66236115,46.5331955],[35.66236115,46.53347397],[35.66263962,46.53347397],[35.66263962,46.53374863],[35.66291809,46.53374863],[35.66291809,46.5340271],[35.66319275,46.5340271],[35.66319275,46.53430557],[35.66347122,46.53430557],[35.66347122,46.53458405],[35.66402817,46.53458405],[35.66402817,46.53486252],[35.66430664,46.53486252],[35.66430664,46.53513718],[35.66458511,46.53513718],[35.66458511,46.53541565],[35.66485977,46.53541565],[35.66485977,46.53569412],[35.66513824,46.53569412],[35.66513824,46.5359726],[35.66569519,46.5359726],[35.66569519,46.53625107],[35.66597366,46.53625107],[35.66597366,46.53652954],[35.66624832,46.53652954],[35.66624832,46.5368042],[35.66652679,46.5368042],[35.66652679,46.53708267],[35.66680527,46.53708267],[35.66680527,46.53736115],[35.66736221,46.53736115],[35.66736221,46.53763962],[35.66764069,46.53763962],[35.66764069,46.53791809],[35.66791534,46.53791809],[35.66791534,46.53819275],[35.66819382,46.53819275],[35.66819382,46.53847122],[35.66847229,46.53847122],[35.66847229,46.53874969],[35.66875076,46.53874969],[35.66875076,46.53902817],[35.66930389,46.53902817],[35.66930389,46.53930664],[35.66958237,46.53930664],[35.66958237,46.53958511],[35.66986084,46.53958511],[35.66986084,46.53985977],[35.67013931,46.53985977],[35.67013931,46.54013824],[35.67041779,46.54013824],[35.67041779,46.54041672],[35.67069626,46.54041672],[35.67069626,46.54069519],[35.67124939,46.54069519],[35.67124939,46.54097366],[35.67152786,46.54097366],[35.67152786,46.54124832],[35.67180634,46.54124832],[35.67180634,46.54152679],[35.67208481,46.54152679],[35.67208481,46.54180527],[35.67235947,46.54180527],[35.67235947,46.54208374],[35.67263794,46.54208374],[35.67263794,46.54236221],[35.67319489,46.54236221],[35.67319489,46.54264069],[35.67347336,46.54264069],[35.67347336,46.54291534],[35.67375183,46.54291534],[35.67375183,46.54319382],[35.67402649,46.54319382],[35.67402649,46.54347229],[35.67430496,46.54347229],[35.67430496,46.54375076],[35.67458344,46.54375076],[35.67458344,46.54402924],[35.67514038,46.54402924],[35.67514038,46.54430389],[35.67541504,46.54430389],[35.67541504,46.54458237],[35.67569351,46.54458237],[35.67569351,46.54486084],[35.67597198,46.54486084],[35.67597198,46.54513931],[35.67625046,46.54513931],[35.67625046,46.54541779],[35.6768074,46.54541779],[35.6768074,46.54569626],[35.67708206,46.54569626],[35.67708206,46.54597092],[35.67736053,46.54597092],[35.67736053,46.54624939],[35.67763901,46.54624939],[35.67763901,46.54652786],[35.67791748,46.54652786],[35.67791748,46.54680634],[35.67847061,46.54680634],[35.67847061,46.54708481],[35.67874908,46.54708481],[35.67874908,46.54735947],[35.67902756,46.54735947],[35.67902756,46.54763794],[35.67930603,46.54763794],[35.67930603,46.54791641],[35.6795845,46.54791641],[35.6795845,46.54819489],[35.67986298,46.54819489],[35.67986298,46.54847336],[35.68013763,46.54847336],[35.68013763,46.54875183],[35.68041611,46.54875183],[35.68041611,46.54902649],[35.68069458,46.54902649],[35.68069458,46.54930496],[35.68097305,46.54930496],[35.68097305,46.54958344],[35.68125153,46.54958344],[35.68125153,46.54986191],[35.68152618,46.54986191],[35.68152618,46.55014038],[35.68208313,46.55014038],[35.68208313,46.55041504],[35.6823616,46.55041504],[35.6823616,46.55069351],[35.68264008,46.55069351],[35.68264008,46.55097198],[35.68291473,46.55097198],[35.68291855,46.55125046],[35.68319321,46.55125046],[35.68319321,46.55152893],[35.68347168,46.55152893],[35.68347168,46.5518074],[35.68375015,46.5518074],[35.68375015,46.55208206],[35.68402863,46.55208206],[35.68402863,46.55236053],[35.6843071,46.55236053],[35.6843071,46.55260740823713],[35.6843071,46.55263901],[35.684345296095195,46.55263901],[35.68458176,46.55263901],[35.68458176,46.55283464979535],[35.68458176,46.55291748],[35.68468187436371,46.55291748],[35.68486023,46.55291748],[35.68486023,46.55306504357936],[35.68486023,46.55319595],[35.685018452632235,46.55319595],[35.6851387,46.55319595],[35.6851387,46.553295437363374],[35.6851387,46.55347061],[35.68535042586896,46.55347061],[35.68541718,46.55347061],[35.68541718,46.55352583942094],[35.68541718,46.55374908],[35.685687004137485,46.55374908],[35.68569565,46.55374908],[35.68569565,46.55375623320494],[35.68569565,46.55402756],[35.68597031,46.55402756],[35.68597412,46.55430603],[35.68624878,46.55430603],[35.68624878,46.5545845],[35.68652725,46.5545845],[35.68652725,46.55486298],[35.68680573,46.55486298],[35.68680573,46.55513763],[35.6870842,46.55513763],[35.6870842,46.55541611],[35.68736267,46.55541611],[35.68736267,46.55569458],[35.68763733,46.55569458],[35.68763733,46.55597305],[35.6879158,46.55597305],[35.6879158,46.55625153],[35.68819427,46.55625153],[35.68819427,46.55652618],[35.68847275,46.55652618],[35.68847275,46.55680466],[35.68875122,46.55680466],[35.68875122,46.55708313],[35.68902588,46.55708313],[35.68902588,46.5573616],[35.68930435,46.5573616],[35.68930435,46.55764008],[35.68958282,46.55764008],[35.68958282,46.55791855],[35.6898613,46.55791855],[35.6898613,46.55819321],[35.69041824,46.55819321],[35.69041824,46.55847168],[35.6906929,46.55847168],[35.6906929,46.55875015],[35.69097137,46.55875015],[35.69097137,46.55902863],[35.69124985,46.55902863],[35.69124985,46.5593071],[35.69152832,46.5593071],[35.69152832,46.55958176],[35.69180679,46.55958176],[35.69180679,46.55986023],[35.69235992,46.55986023],[35.69235992,46.5601387],[35.6926384,46.5601387],[35.6926384,46.56041718],[35.69291687,46.56041718],[35.69291687,46.56069565],[35.69319534,46.56069565],[35.69319534,46.56097412],[35.69347382,46.56097412],[35.69347382,46.56124878],[35.69374847,46.56124878],[35.69374847,46.56152725],[35.69430542,46.56152725],[35.69430542,46.56180573],[35.69458389,46.56180573],[35.69458389,46.5620842],[35.69486237,46.5620842],[35.69486237,46.56236267],[35.69513702,46.56236267],[35.69513702,46.56263733],[35.69569397,46.56263733],[35.69569397,46.5629158],[35.69597244,46.5629158],[35.69597244,46.56319427],[35.69625092,46.56319427],[35.69625092,46.56347275],[35.69652939,46.56347275],[35.69652939,46.56375122],[35.69708252,46.56375122],[35.69708252,46.56402588],[35.69736099,46.56402969],[35.69736099,46.56430435],[35.69763947,46.56430435],[35.69763947,46.56458282],[35.69791794,46.56458282],[35.69791794,46.5648613],[35.6981926,46.5648613],[35.6981926,46.56513977],[35.69847107,46.56513977],[35.69847107,46.56541824],[35.69902802,46.56541824],[35.69902802,46.5656929],[35.69930649,46.5656929],[35.69930649,46.56597137],[35.69958496,46.56597137],[35.69958496,46.56624985],[35.70013809,46.56624985],[35.70013809,46.56652832],[35.70041656,46.56652832],[35.70041656,46.56680679],[35.70069504,46.56680679],[35.70069504,46.56708145],[35.70097351,46.56708527],[35.70097351,46.56735992],[35.70124817,46.56735992],[35.70124817,46.5676384],[35.70180511,46.5676384],[35.70180511,46.56791687],[35.70208359,46.56791687],[35.70208359,46.56819534],[35.70236206,46.56819534],[35.70236206,46.56847382],[35.70291519,46.56847382],[35.70291519,46.56874847],[35.70319366,46.56874847],[35.70319366,46.56902695],[35.70347214,46.56902695],[35.70347214,46.56930542],[35.70375061,46.56930542],[35.70375061,46.56958389],[35.70402908,46.56958389],[35.70402908,46.56986237],[35.70430374,46.56986237],[35.70430374,46.57013702],[35.70486069,46.57013702],[35.70486069,46.57069397],[35.70541763,46.57069397],[35.70541763,46.57097244],[35.70569611,46.57097244],[35.70569611,46.57125092],[35.70624924,46.57125092],[35.70624924,46.57152939],[35.70652771,46.57152939],[35.70652771,46.57180405],[35.70680618,46.57180405],[35.70680618,46.57208252],[35.70735931,46.57208252],[35.70735931,46.57236099],[35.70818265696061,46.57236099],[35.70819473,46.57236099],[35.70819473,46.572370978699794],[35.70819473,46.57263947],[35.70851924731582,46.57263947],[35.70875168,46.57263947],[35.70875168,46.57283177454136],[35.70875168,46.57291794],[35.70885582558435,46.57291794],[35.70902634,46.57291794],[35.70902634,46.573059016099585],[35.70902634,46.5731926],[35.70918779882107,46.5731926],[35.70958328,46.5731926],[35.70958328,46.57347107],[35.70986176,46.57347107],[35.70986176,46.57374954],[35.71014023,46.57374954],[35.71014023,46.573980599509184],[35.71014023,46.57402802],[35.710197545713335,46.57402802],[35.71041489,46.57402802],[35.71041489,46.5742078410674],[35.71041489,46.57430649],[35.71053412398185,46.57430649],[35.71097183,46.57430649],[35.71097183,46.57458496],[35.71125031,46.57458496],[35.71125031,46.57485962],[35.71180725,46.57485962],[35.71180725,46.57513809],[35.71236038,46.57513809],[35.71236038,46.57541656],[35.71263885,46.57541656],[35.71263885,46.57569504],[35.71347046,46.57569504],[35.71347046,46.57597351],[35.7140274,46.57597351],[35.7140274,46.57624817],[35.71458435,46.57624817],[35.71458435,46.57652664],[35.71513748,46.57652664],[35.71513748,46.57708359],[35.71569443,46.57708359],[35.71569443,46.57736206],[35.7159729,46.57736206],[35.7159729,46.57764053],[35.71652603,46.57764053],[35.71652603,46.57791519],[35.71708298,46.57791519],[35.71708298,46.57819366],[35.71736145,46.57819366],[35.71736145,46.57875061],[35.7179184,46.57875061],[35.7179184,46.57902908],[35.71847153,46.57902908],[35.71847153,46.57930374],[35.71875,46.57930374],[35.71875,46.58041763],[35.71847153,46.58041763],[35.71847153,46.580873549316074],[35.71847153,46.58097076],[35.71819305,46.58097076],[35.71819305,46.58124924],[35.71847153,46.58124924],[35.71847153,46.58180618],[35.71819305,46.58180618],[35.71819305,46.5820482691038],[35.72226212136924,46.58541489],[35.72236252,46.58541489],[35.72236252,46.58514023],[35.72263718,46.58514023],[35.72263718,46.58541489],[35.72319412,46.58541489],[35.72319412,46.58569336],[35.72375107,46.58569336],[35.72375107,46.58597183],[35.72402954,46.58597183],[35.72402954,46.58625031],[35.7243042,46.58625031],[35.7243042,46.58652878],[35.72486115,46.58652878],[35.72486115,46.58680725],[35.72513962,46.58680725],[35.72513962,46.58708191],[35.72541809,46.58708191],[35.72541809,46.58736038],[35.72597122,46.58736038],[35.72597122,46.587620333058126],[35.727438269360775,46.5881958],[35.72986221,46.5881958],[35.72986221,46.58847046],[35.7307770090915,46.58847046],[35.73097229,46.58847046],[35.73097229,46.58854706083066],[35.73097229,46.58874893],[35.73148692142694,46.58874893],[35.73152924,46.58874893],[35.73152924,46.58876552987079],[35.73152924,46.5890274],[35.73219683376239,46.5890274],[35.73236084,46.5890274],[35.73236084,46.58909173303763],[35.73236084,46.58930588],[35.73290677159115,46.58930588],[35.73291779,46.58930588],[35.73291779,46.58931020207775],[35.73291779,46.58958435],[35.73361668392662,46.58958435],[35.73374939,46.58958435],[35.73374939,46.58963640524458],[35.73374939,46.58986282],[35.73430634,46.58986282],[35.73430634,46.59013748],[35.73485947,46.59013748],[35.73485947,46.59041595],[35.73541641,46.59041595],[35.73541641,46.59069443],[35.73597336,46.59069443],[35.73597336,46.5909729],[35.73652649,46.5909729],[35.73652649,46.59125137],[35.73708344,46.59125137],[35.73708344,46.59152603],[35.73764038,46.59152603],[35.73764038,46.5918045],[35.73819351,46.5918045],[35.73819351,46.59208298],[35.73875046,46.59208298],[35.73875046,46.59236145],[35.7393074,46.59236145],[35.7393074,46.59263992],[35.73986053,46.59263992],[35.73986053,46.5929184],[35.74013901,46.5929184],[35.74013901,46.59317781121966],[35.76213665543421,46.60180664],[35.76291656,46.60180664],[35.76291656,46.60208511],[35.76374817,46.60208511],[35.76374817,46.60235977],[35.76458359,46.60235977],[35.76458359,46.60263824],[35.76541519,46.60263824],[35.76541519,46.60291672],[35.76625061,46.60291672],[35.76625061,46.60319519],[35.76708221,46.60319519],[35.76708221,46.60347366],[35.76791763,46.60347366],[35.76791763,46.60374832],[35.76847076,46.60374832],[35.76847076,46.60402679],[35.76930618,46.60402679],[35.76930618,46.60430527],[35.77013779,46.60430527],[35.77013779,46.60458374],[35.77097321,46.60458374],[35.77097321,46.60486221],[35.77180481,46.60486221],[35.77180481,46.60514069],[35.77291489,46.60514069],[35.77291489,46.60541534],[35.77375031,46.60541534],[35.77375031,46.60569382],[35.77468506286462,46.60569382],[35.77486038,46.60569382],[35.77486038,46.60576258984631],[35.77486038,46.60597229],[35.77539497520718,46.60597229],[35.7756958,46.60597229],[35.7756958,46.606090291441916],[35.7756958,46.60625076],[35.77610488754975,46.60625076],[35.77680588,46.60625076],[35.77680588,46.60652573108575],[35.77680588,46.60652924],[35.77681482538563,46.60652924],[35.77763748,46.60652924],[35.77763748,46.60680389],[35.77875137,46.60680389],[35.77875137,46.60708237],[35.77958298,46.60708237],[35.77958298,46.60736084],[35.78069305,46.60736084],[35.78069305,46.60763931],[35.78152847,46.60763931],[35.78152847,46.60791779],[35.78263855,46.60791779],[35.78263855,46.60819626],[35.78347397,46.60819626],[35.78347397,46.60847092],[35.78458405,46.60847092],[35.78458405,46.60874939],[35.78541565,46.60874939],[35.78541565,46.60902786],[35.78625107,46.60902786],[35.78625107,46.60930634],[35.78736115,46.60930634],[35.78736115,46.60958481],[35.78819275,46.60958481],[35.78819275,46.60985947],[35.78902817,46.60985947],[35.78902817,46.61013794],[35.78985977,46.61013794],[35.78985977,46.61041641],[35.79097366,46.61041641],[35.79097366,46.61069489],[35.79180527,46.61069489],[35.79180527,46.61097336],[35.79264069,46.61097336],[35.79264069,46.61125183],[35.79375076,46.61125183],[35.79375076,46.61152649],[35.79458237,46.61152649],[35.79458237,46.61180496],[35.79569626,46.61180496],[35.79569626,46.61208344],[35.79652786,46.61208344],[35.79652786,46.61236191],[35.79735947,46.61236191],[35.79735947,46.61264038],[35.79847336,46.61264038],[35.79847336,46.61291504],[35.79930496,46.61291504],[35.79930496,46.61319351],[35.80041504,46.61319351],[35.80041504,46.61347198],[35.80125046,46.61347198],[35.80125046,46.61375046],[35.80208206,46.61375046],[35.80208206,46.61402893],[35.80291748,46.61402893],[35.80291748,46.6143074],[35.80347061,46.6143074],[35.80347061,46.61458206],[35.80430603,46.61458206],[35.80430603,46.61486053],[35.80513763,46.61486053],[35.80513763,46.61513901],[35.80597305,46.61513901],[35.80597305,46.61541748],[35.80680466,46.61541748],[35.80680466,46.61569595],[35.80764008,46.61569595],[35.80764008,46.61597061],[35.80819321,46.61597061],[35.80819321,46.61624908],[35.80902863,46.61624908],[35.80902863,46.61652756],[35.80986023,46.61652756],[35.80986023,46.61680603],[35.81069565,46.61680603],[35.81069565,46.6170845],[35.81124878,46.6170845],[35.81124878,46.61736298],[35.8120842,46.61736298],[35.8120842,46.61763763],[35.81263733,46.61763763],[35.81263733,46.61791611],[35.81347275,46.61791611],[35.81347275,46.61819458],[35.81402588,46.61819458],[35.81402588,46.61847305],[35.8148613,46.61847305],[35.8148613,46.61875153],[35.81541824,46.61875153],[35.81541824,46.61902618],[35.81624985,46.61902618],[35.81624985,46.61930466],[35.81680679,46.61930466],[35.81680679,46.61958313],[35.8176384,46.61958313],[35.8176384,46.6198616],[35.81819534,46.6198616],[35.81819534,46.62014008],[35.81902695,46.62014008],[35.81902695,46.62041855],[35.81986237,46.62041855],[35.81986237,46.62069321],[35.8204155,46.62069321],[35.8204155,46.62097168],[35.82125092,46.62097168],[35.82125092,46.62125015],[35.82208252,46.62125015],[35.82208252,46.62152863],[35.82291794,46.62152863],[35.82291794,46.6218071],[35.82374954,46.6218071],[35.82374954,46.62208176],[35.82430649,46.62208176],[35.82430649,46.62236023],[35.82513809,46.62236023],[35.82513809,46.6226387],[35.82597351,46.6226387],[35.82597351,46.62291718],[35.82680511,46.62291718],[35.82680511,46.62319565],[35.82736206,46.62319565],[35.82736206,46.62347412],[35.82819366,46.62347412],[35.82819366,46.62374878],[35.82902908,46.62374878],[35.82902908,46.62402725],[35.82986069,46.62402725],[35.82986069,46.62430573],[35.83041763,46.62430573],[35.83041763,46.6245842],[35.83124924,46.6245842],[35.83124924,46.62486267],[35.83180618,46.62486267],[35.83180618,46.62513733],[35.83263779,46.62513733],[35.83263779,46.6254158],[35.83319473,46.6254158],[35.83319473,46.62569427],[35.83402634,46.62569427],[35.83402634,46.62597275],[35.83458328,46.62597275],[35.83458328,46.62625122],[35.83541489,46.62625122],[35.83541489,46.62652588],[35.83597183,46.62652969],[35.83597183,46.62680435],[35.83680725,46.62680435],[35.83680725,46.62708282],[35.83736038,46.62708282],[35.83736038,46.6273613],[35.83791733,46.6273613],[35.83791733,46.62763977],[35.83847046,46.62763977],[35.83847046,46.62791824],[35.83874893,46.62791824],[35.83874893,46.6281929],[35.83930588,46.6281929],[35.83930588,46.62847137],[35.83986282,46.62847137],[35.83986282,46.62874985],[35.84041595,46.62874985],[35.84041595,46.62902832],[35.84069443,46.62902832],[35.84069443,46.62930679],[35.84125137,46.62930679],[35.84125137,46.62958145],[35.8418045,46.62958527],[35.8418045,46.62985992],[35.84208298,46.62985992],[35.84208298,46.6301384],[35.84263992,46.6301384],[35.84263992,46.63041687],[35.8429184,46.63041687],[35.8429184,46.63069534],[35.84319305,46.63069534],[35.84319305,46.63097382],[35.84375,46.63097382],[35.84375,46.63124847],[35.84402847,46.63124847],[35.84402847,46.63152695],[35.84430695,46.63152695],[35.84430695,46.63180542],[35.84486008,46.63180542],[35.84486008,46.63208389],[35.84513855,46.63208389],[35.84513855,46.63236237],[35.8456955,46.63236237],[35.8456955,46.63263702],[35.84597397,46.63263702],[35.84597397,46.6329155],[35.84624863,46.6329155],[35.84624863,46.63319397],[35.84680557,46.63319397],[35.84680557,46.63347244],[35.84708405,46.63347244],[35.84708405,46.63375092],[35.84736252,46.63375092],[35.84736252,46.63402939],[35.84791565,46.63402939],[35.84791565,46.63430405],[35.84819412,46.63430405],[35.84819412,46.6345284604383],[35.84819412,46.63458252],[35.84833193574349,46.63458252],[35.8484726,46.63458252],[35.8484726,46.63463769691856],[35.8484726,46.63486099],[35.84902954,46.63486099],[35.84902954,46.63513947],[35.8493042,46.63513947],[35.8493042,46.63541794],[35.84986115,46.63541794],[35.84986115,46.6356926],[35.85013962,46.6356926],[35.85013962,46.63597107],[35.85041809,46.63597107],[35.85041809,46.63624954],[35.85097122,46.63624954],[35.85097122,46.63652802],[35.85124969,46.63652802],[35.85124969,46.63676225012038],[35.873938,46.645662],[35.98169934368243,46.66402817],[35.98458481,46.66402817],[35.98458481,46.66430664],[35.98791504,46.66430664],[35.98791504,46.66458511],[35.99040459629681,46.66458511],[35.99986267,46.66458511],[36.00013733,46.66458511],[36.0004158,46.66458511],[36.0004158,46.66462452019671],[36.0004158,46.66485977],[36.00069427,46.66485977],[36.00069427,46.66513824],[36.00152588,46.66513824],[36.00152588,46.66541672],[36.0018693308566,46.66541672],[36.11469,46.656638],[36.189885,46.66706],[36.229044,46.650535],[36.259896,46.61865],[36.19085,46.534705],[36.166514,46.527707],[36.15569305,46.52794049127719],[36.15569305,46.52884052625605],[36.15569305,46.52902603],[36.15597153,46.52902603],[36.15597153,46.52958298],[36.15569305,46.52958298],[36.15569305,46.52986145],[36.15486145,46.52986145],[36.15486145,46.53013992],[36.15458298,46.53013992],[36.15458298,46.53430557],[36.15486145,46.53430557],[36.15486145,46.53458405],[36.15513992,46.53458405],[36.15513992,46.53486252],[36.1554184,46.53486252],[36.1554184,46.53513718],[36.15569305,46.53513718],[36.15569305,46.53541565],[36.15652847,46.53541565],[36.15652847,46.53513718],[36.15680695,46.53513718],[36.15680695,46.53486252],[36.1570816,46.53486252],[36.1570816,46.53430557],[36.15680695,46.53430557],[36.15680695,46.53347397],[36.1570816,46.53347397],[36.1570816,46.5331955],[36.15736008,46.5331955],[36.15736008,46.53291702],[36.15763855,46.53291702],[36.15763855,46.53236008],[36.15736008,46.53236008],[36.15736008,46.53069305],[36.15763855,46.53069305],[36.15763855,46.5304184],[36.15791702,46.5304184],[36.15791702,46.53013992],[36.15847397,46.53013992],[36.15847397,46.5304184],[36.1590271,46.5304184],[36.1590271,46.53069305],[36.15958405,46.53069305],[36.15958405,46.53125],[36.15986252,46.53125],[36.15986252,46.5320816],[36.16013718,46.5320816],[36.16013718,46.53486252],[36.15986252,46.53486252],[36.15986252,46.53541565],[36.15958405,46.53541565],[36.15958405,46.53569412],[36.15930557,46.53569412],[36.15930557,46.53625107],[36.1590271,46.53625107],[36.1590271,46.53652954],[36.15874863,46.53652954],[36.15874863,46.5368042],[36.15847397,46.5368042],[36.15847397,46.53708267],[36.1581955,46.53708267],[36.1581955,46.53763962],[36.15791702,46.53763962],[36.15791702,46.53791809],[36.15763855,46.53791809],[36.15763855,46.53819275],[36.1570816,46.53819275],[36.1570816,46.53902817],[36.15680695,46.53902817],[36.15680695,46.53930664],[36.15652847,46.53930664],[36.15652847,46.53958511],[36.15597153,46.53958511],[36.15597153,46.53985977],[36.15569305,46.53985977],[36.15569305,46.54013824],[36.1554184,46.54013824],[36.1554184,46.54041672],[36.15513992,46.54041672],[36.15513992,46.54069519],[36.15486145,46.54069519],[36.15486145,46.54097366],[36.15458298,46.54097366],[36.15458298,46.54152679],[36.1543045,46.54152679],[36.1543045,46.54180527],[36.15402603,46.54180527],[36.15402603,46.54208374],[36.1534729,46.54208374],[36.1534729,46.54180527],[36.15319443,46.54180527],[36.15319443,46.54152679],[36.15291595,46.54152679],[36.15291595,46.53902817],[36.15319443,46.53902817],[36.15319443,46.53736115],[36.1534729,46.53736115],[36.1534729,46.53152847],[36.15375137,46.53152847],[36.15375137,46.52986145],[36.15402603,46.52986145],[36.15402603,46.5293045],[36.1543045,46.5293045],[36.1543045,46.52902603],[36.15402603,46.52902603],[36.15402603,46.52875137],[36.1543045,46.52875137],[36.1543045,46.5286794109048],[36.1543045,46.52637797484277],[36.143356739989045,46.50374985],[36.14319611,46.50374985],[36.14319611,46.50347137],[36.14291763,46.50347137],[36.14291763,46.5031929],[36.14263916,46.5031929],[36.14263916,46.50291824],[36.14208221,46.50291824],[36.14208221,46.50278310948968],[36.14208221,46.50263977],[36.14180374,46.50263977],[36.14180374,46.5023613],[36.14125061,46.5023613],[36.14125061,46.50208282],[36.14097214,46.50208282],[36.14097214,46.50180435],[36.14041519,46.50180435],[36.14041519,46.50152588],[36.14014053,46.50152588],[36.14014053,46.50125122],[36.13958359,46.50125122],[36.13958359,46.50097275],[36.13930511,46.50097275],[36.13930511,46.50069427],[36.13874817,46.50069427],[36.13874817,46.5004158],[36.13847351,46.5004158],[36.13847351,46.50013733],[36.13791656,46.50013733],[36.13791656,46.49986267],[36.13763809,46.49986267],[36.13763809,46.4995842],[36.13708496,46.4995842],[36.13708496,46.49930573],[36.13652802,46.49930573],[36.13652802,46.49902725],[36.13597107,46.49902725],[36.13597107,46.49874878],[36.13541794,46.49874878],[36.13541794,46.49847412],[36.13486099,46.49847031],[36.13486099,46.49819565],[36.13402939,46.49819565],[36.13402939,46.49791718],[36.13347244,46.49791718],[36.13347244,46.4976387],[36.1329155,46.4976387],[36.1329155,46.49736023],[36.13236237,46.49736023],[36.13236237,46.49708176],[36.13180542,46.49708176],[36.13180542,46.4968071],[36.13097382,46.4968071],[36.13097382,46.49652863],[36.1301384,46.49652863],[36.1301384,46.49625015],[36.12902832,46.49625015],[36.12902832,46.49597168],[36.1281929,46.49597168],[36.1281929,46.49569321],[36.1273613,46.49569321],[36.1273613,46.49541855],[36.12625122,46.49541473],[36.12625122,46.49514008],[36.1254158,46.49514008],[36.1254158,46.4948616],[36.11847305,46.4948616],[36.11847305,46.49514008],[36.1170845,46.49514008],[36.1170845,46.49541473],[36.11597061,46.49541855],[36.11597061,46.49569321],[36.11458206,46.49569321],[36.11458206,46.49597168],[36.11347198,46.49597168],[36.11347198,46.49625015],[36.11291504,46.49625015],[36.11291504,46.49652863],[36.11236191,46.49652863],[36.11236191,46.4968071],[36.11180496,46.4968071],[36.11180496,46.49708176],[36.11125183,46.49708176],[36.11125183,46.49736023],[36.11097336,46.49736023],[36.11097336,46.49819565],[36.11125183,46.49819565],[36.11125183,46.49874878],[36.11152649,46.49874878],[36.11152649,46.49902725],[36.11180496,46.49902725],[36.11180496,46.4995842],[36.11013794,46.4995842],[36.11013794,46.49930573],[36.10985947,46.49930573],[36.10985947,46.49902725],[36.10958481,46.49902725],[36.10958481,46.49874878],[36.10930634,46.49874878],[36.10930634,46.49791718],[36.10902786,46.49791718],[36.10902786,46.4976387],[36.10874939,46.4976387],[36.10874939,46.49708176],[36.10847092,46.49708176],[36.10847092,46.49652863],[36.10819626,46.49652863],[36.10819626,46.49569321],[36.10791779,46.49569321],[36.10791779,46.49514008],[36.10763931,46.49514008],[36.10763931,46.49458313],[36.10736084,46.49458313],[36.10736084,46.49402618],[36.10708237,46.49402618],[36.10708237,46.49347305],[36.10680389,46.49347305],[36.10680389,46.49291611],[36.10652924,46.49291611],[36.10652924,46.49263763],[36.10625076,46.49263763],[36.10625076,46.49236298],[36.10597229,46.49236298],[36.10597229,46.4920845],[36.10541534,46.4920845],[36.10541534,46.49180603],[36.10402679,46.49180603],[36.10402679,46.49152756],[36.10263824,46.49152756],[36.10263824,46.49124908],[36.10124969,46.49124908],[36.10124969,46.49069595],[36.10291672,46.49069595],[36.10291672,46.49041748],[36.10458374,46.49041748],[36.10458374,46.49013901],[36.10736084,46.49013901],[36.10736084,46.48986053],[36.10902786,46.48986053],[36.10902786,46.48958206],[36.11819458,46.48958206],[36.11819458,46.48986053],[36.11958313,46.48986053],[36.11958313,46.49013901],[36.12014008,46.49013901],[36.12014008,46.49041748],[36.12041473,46.49041748],[36.12041855,46.49069595],[36.12069321,46.49069595],[36.12069321,46.49097061],[36.12152863,46.49097061],[36.12152863,46.49124908],[36.12208176,46.49124908],[36.12208176,46.49152756],[36.1226387,46.49152756],[36.1226387,46.49180603],[36.12319565,46.49180603],[36.12319565,46.4920845],[36.12347031,46.4920845],[36.12347412,46.49236298],[36.12402725,46.49236298],[36.12402725,46.49263763],[36.1245842,46.49263763],[36.1245842,46.49291611],[36.12513733,46.49291611],[36.12513733,46.49319458],[36.12569427,46.49319458],[36.12569427,46.49347305],[36.12625122,46.49347305],[36.12625122,46.49375153],[36.12680435,46.49375153],[36.12680435,46.49402618],[36.1273613,46.49402618],[36.1273613,46.49430466],[36.1281929,46.49430466],[36.1281929,46.49458313],[36.12847137,46.49458313],[36.12847137,46.4948616],[36.12930679,46.4948616],[36.12930679,46.49514008],[36.12985992,46.49514008],[36.12985992,46.49541855],[36.13069534,46.49541855],[36.13069534,46.49569321],[36.13152695,46.49569321],[36.13152695,46.49597168],[36.13208389,46.49597168],[36.13208389,46.49625015],[36.1329155,46.49625015],[36.1329155,46.49652863],[36.13347244,46.49652863],[36.13347244,46.4968071],[36.13402939,46.4968071],[36.13402939,46.49708176],[36.13458252,46.49708176],[36.13458252,46.49736023],[36.13513947,46.49736023],[36.13513947,46.4976387],[36.1356926,46.4976387],[36.1356926,46.49791718],[36.13624954,46.49791718],[36.13624954,46.49819565],[36.13652802,46.49819565],[36.13652802,46.49847412],[36.13680649,46.49847412],[36.13680649,46.49874878],[36.13763809,46.49874878],[36.13763809,46.49902725],[36.13819504,46.49902725],[36.13819504,46.49930573],[36.13874817,46.49930573],[36.13874817,46.4995842],[36.13902664,46.4995842],[36.13902664,46.49986267],[36.13958359,46.49986267],[36.13958359,46.50013733],[36.14014053,46.50013733],[36.14014053,46.5004158],[36.14069366,46.5004158],[36.14069366,46.50069427],[36.14125061,46.50069427],[36.14125061,46.50097275],[36.14180374,46.50097275],[36.14180374,46.50125122],[36.14236069,46.50125122],[36.14236069,46.50152588],[36.14291763,46.50152969],[36.14291763,46.50180435],[36.14319611,46.50180435],[36.14319611,46.50208282],[36.14430618,46.50208282],[36.14430618,46.5021674232804],[36.14430618,46.5023613],[36.14485931,46.5023613],[36.14485931,46.50263977],[36.14569473,46.50263977],[36.14569473,46.50284759540053],[36.171704,46.498177],[36.2328,46.555902],[36.332203,46.677034],[36.414958,46.726012],[36.534167988729905,46.7579155],[36.5368042,46.7579155],[36.5368042,46.75819397],[36.53930664,46.75819397],[36.53930664,46.75847244],[36.54152679,46.75847244],[36.54152679,46.75875092],[36.54347229,46.75875092],[36.54347229,46.75902939],[36.54486084,46.75902939],[36.54486084,46.75930405],[36.54624939,46.75930405],[36.54624939,46.75958252],[36.54763794,46.75958252],[36.54763794,46.75986099],[36.54902649,46.75986099],[36.54902649,46.76013947],[36.55041504,46.76013947],[36.55041504,46.760380042611075],[36.55070449526825,46.76041794],[36.557698778688724,46.76041794],[36.56097031,46.76041794],[36.56097412,46.7606926],[36.56319427,46.7606926],[36.56319427,46.76097107],[36.56513977,46.76097107],[36.56513977,46.76124954],[36.56624985,46.76124954],[36.56624985,46.76152802],[36.56735992,46.76152802],[36.56735992,46.761682839658285],[36.56735992,46.76180649],[36.56830434544644,46.76180649],[36.56847382,46.76180649],[36.56847382,46.76182867871435],[36.56847382,46.76208496],[36.56958389,46.76208496],[36.56958389,46.76235962],[36.57069397,46.76235962],[36.57069397,46.76263809],[36.57180405,46.76263809],[36.57180405,46.76291656],[36.57263947,46.76291656],[36.57263947,46.76319504],[36.57374954,46.76319504],[36.57374954,46.763435148939834],[36.70458221,46.780564623242924],[36.70458221,46.7804184],[36.70837402,46.7804184],[36.71045972629178,46.7804184],[36.71092288525955,46.7804184],[36.71344395657841,46.7804184],[36.7756958,46.7544247760909],[36.7756958,46.75402832],[36.77541733,46.75402832],[36.77541733,46.75374985],[36.77486038,46.75374985],[36.77486038,46.75372105905679],[36.77486038,46.75347137],[36.77458191,46.75347137],[36.77458191,46.7531929],[36.77430725,46.7531929],[36.77430725,46.75291824],[36.77402878,46.75291824],[36.77402878,46.75263977],[36.77375031,46.75263977],[36.77375031,46.7523613],[36.77347183,46.7523613],[36.77347183,46.75208282],[36.77319336,46.75208282],[36.77319336,46.75180435],[36.77291489,46.75180435],[36.77291489,46.75097275],[36.77264023,46.75097275],[36.77264023,46.7504158],[36.77291489,46.7504158],[36.77291489,46.75013733],[36.77319336,46.75013733],[36.77319336,46.74986267],[36.77347183,46.74986267],[36.77347183,46.7495842],[36.77402878,46.7495842],[36.77402878,46.74930573],[36.77430725,46.74930573],[36.77430725,46.74902725],[36.77624893,46.74902725],[36.77624893,46.74930573],[36.7765274,46.74930573],[36.7765274,46.75125122],[36.77680588,46.75125122],[36.77680588,46.75152588],[36.77708435,46.75152969],[36.77708435,46.75180435],[36.77736282,46.75180435],[36.77736282,46.75199509],[36.77736282,46.75208282],[36.77741276789835,46.75208282],[36.77791595,46.75208282],[36.77791595,46.7523613],[36.77875137,46.7523613],[36.77875137,46.75208282],[36.77926441358399,46.75208282],[36.78013992,46.751481560719995],[36.78013992,46.75125122],[36.7804184,46.75125122],[36.7804184,46.75097275],[36.78069305,46.75097275],[36.78069305,46.7504158],[36.7804184,46.7504158],[36.7804184,46.75013733],[36.78024567021363,46.75013733],[36.77998352,46.75013733],[36.77958298,46.75013733],[36.77958298,46.74986267],[36.7793045,46.74986267],[36.7793045,46.7495842],[36.77902603,46.7495842],[36.77902603,46.74902725],[36.7793045,46.74902725],[36.7793045,46.74874878],[36.78069305,46.74874878],[36.78069305,46.74902725],[36.78097153,46.74902725],[36.78097153,46.74930573],[36.78115845,46.74930573],[36.78125,46.74930573],[36.78125,46.74944760852765],[36.78125,46.7495842],[36.78152847,46.7495842],[36.78152847,46.75013733],[36.78180695,46.75013733],[36.78180695,46.75033671787337],[36.810878,46.730372],[36.818292,46.70213],[36.80291748,46.683096025503616],[36.80291748,46.68494747849051],[36.80291748,46.68624878],[36.80263901,46.68624878],[36.80263901,46.68763733],[36.80291748,46.68763733],[36.80291748,46.68902588],[36.80319595,46.68902588],[36.80319595,46.69124985],[36.80291748,46.69124985],[36.80291748,46.69208145],[36.80319595,46.69208145],[36.80319595,46.69458389],[36.80291748,46.69458389],[36.80291748,46.69625092],[36.80319595,46.69625092],[36.80319595,46.69652939],[36.80347061,46.69652939],[36.80347061,46.69708252],[36.80374908,46.69708252],[36.80374908,46.69763947],[36.80291748,46.69763947],[36.80291748,46.69736099],[36.80263901,46.69736099],[36.80263901,46.69680405],[36.80236053,46.69680405],[36.80236053,46.69652939],[36.80208206,46.69652939],[36.80208206,46.69597244],[36.8018074,46.69597244],[36.8018074,46.69486237],[36.80152893,46.69486237],[36.80152893,46.69374847],[36.8018074,46.69374847],[36.8018074,46.69152832],[36.80208206,46.69152832],[36.80208206,46.68958282],[36.8018074,46.68958282],[36.8018074,46.68875122],[36.80208206,46.68875122],[36.80208206,46.6879158],[36.8018074,46.6879158],[36.8018074,46.6851387],[36.80152893,46.6851387],[36.80152893,46.683228380056306],[36.80152893,46.68180466],[36.8018074,46.68180466],[36.8018074,46.68172172345003],[36.787614,46.66415],[36.76263809,46.65042001592347],[36.76263809,46.6506958],[36.76208496,46.6506958],[36.76208496,46.65097046],[36.761545549400296,46.65097046],[36.76152802,46.65097046],[36.76152802,46.65124893],[36.76124954,46.65124893],[36.76124954,46.6515274],[36.7606926,46.6515274],[36.7606926,46.65180588],[36.76013947,46.65180588],[36.76013947,46.65208435],[36.75986099,46.65208435],[36.75986099,46.65236282],[36.75930405,46.65236282],[36.75930405,46.65263748],[36.75902939,46.65263748],[36.75902939,46.65291595],[36.75819397,46.65291595],[36.75819397,46.65263748],[36.7579155,46.65263748],[36.7579155,46.65236282],[36.75763702,46.65236282],[36.75763702,46.65187836],[36.75763702,46.6506958],[36.7579155,46.6506958],[36.7579155,46.65041733],[36.75819397,46.65041733],[36.75819397,46.64986038],[36.75847244,46.64986038],[36.75847244,46.64930725],[36.758520065521,46.64930725],[36.75875092,46.64930725],[36.75875092,46.64828312552777],[36.749226,46.643047],[36.749661148340635,46.63847351],[36.7495842,46.63847351],[36.7495842,46.63791656],[36.74930573,46.63791656],[36.74930573,46.63708496],[36.74902725,46.63708496],[36.74902725,46.63652802],[36.74874878,46.63652802],[36.74874878,46.63597107],[36.74859050465893,46.63597107],[36.74847412,46.63597107],[36.74847412,46.63513947],[36.748669647863004,46.63513947],[36.74874878,46.63513947],[36.74874878,46.63458252],[36.74902725,46.63458252],[36.74902725,46.63430405],[36.74930573,46.63430405],[36.74930573,46.63402939],[36.7495842,46.63402939],[36.7495842,46.63375092],[36.74986267,46.63375092],[36.74986267,46.63347244],[36.75013697912017,46.63347244],[36.750355,46.631181],[36.75347137,46.63134779072941],[36.75347137,46.63124847],[36.75430679,46.63124847],[36.75430679,46.63097382],[36.7551384,46.63097382],[36.7551384,46.63124847],[36.75597382,46.63124847],[36.75597382,46.63097382],[36.75847244,46.63097382],[36.75847244,46.63124847],[36.75958252,46.63124847],[36.75958252,46.63097382],[36.76124954,46.63097382],[36.76124954,46.63124847],[36.76374817,46.63124847],[36.76374817,46.63152695],[36.76486206,46.63152695],[36.76486206,46.63180542],[36.76597214,46.63180542],[36.76597214,46.63201684239736],[36.769768,46.63222],[36.804988,46.659181],[36.838054,46.70579],[36.86852,46.76572],[36.89324410923895,46.80430603],[36.89374924,46.80430603],[36.89374924,46.80486298],[36.89402771,46.80486298],[36.89402771,46.80513763],[36.89430618,46.80513763],[36.89430618,46.80569458],[36.89458466,46.80569458],[36.89458466,46.80597305],[36.89485931,46.80597305],[36.89485931,46.80625153],[36.89513779,46.80625153],[36.89513779,46.80652618],[36.89541626,46.80652618],[36.89541626,46.80708313],[36.89569473,46.80708313],[36.89569473,46.8073616],[36.89597321,46.8073616],[36.89597321,46.80764008],[36.89625168,46.80764008],[36.89625168,46.80819321],[36.89652634,46.80819321],[36.89652634,46.80847168],[36.89680481,46.80847168],[36.89680481,46.80875015],[36.89708328,46.80875015],[36.89708328,46.80902863],[36.89736176,46.80902863],[36.89736176,46.8093071],[36.89764023,46.8093071],[36.89764023,46.80958176],[36.8980558750792,46.80958176],[36.89819336,46.80958176],[36.89819336,46.80979632035425],[36.89819336,46.80986023],[36.89823431170617,46.80986023],[36.89875031,46.80986023],[36.89875031,46.8101387],[36.89902878,46.8101387],[36.89902878,46.81041718],[36.89930725,46.81041718],[36.89930725,46.81069565],[36.89958191,46.81069565],[36.89958191,46.810915087222476],[36.89958191,46.81097412],[36.89969179633748,46.81097412],[36.89986038,46.81097412],[36.89986038,46.8110646859618],[36.89986038,46.81124878],[36.90013885,46.81124878],[36.90013885,46.81152725],[36.9006958,46.81152725],[36.9006958,46.81180573],[36.90123979358499,46.81180573],[36.90124893,46.81180573],[36.90124893,46.81181063823489],[36.90124893,46.8120842],[36.9015274,46.8120842],[36.9015274,46.81236267],[36.90180588,46.81236267],[36.90180588,46.81263733],[36.90236282,46.81263733],[36.90236282,46.8129158],[36.90263748,46.8129158],[36.90263748,46.81319427],[36.90319443,46.81319427],[36.90319443,46.81347275],[36.90375137,46.81347275],[36.90375137,46.81375122],[36.90402603,46.81375122],[36.90402603,46.81402588],[36.90458298,46.81402969],[36.90458298,46.81430435],[36.90486145,46.81430435],[36.90486145,46.81458282],[36.90513992,46.81458282],[36.90513992,46.8148613],[36.9054184,46.8148613],[36.9054184,46.81513977],[36.90569305,46.81513977],[36.90569305,46.815340313251255],[37.006126,46.869295],[37.036174,46.870651],[37.13539837862005,46.91013718],[37.13708496,46.91013718],[37.13708496,46.91041565],[37.13871204380529,46.91041565],[37.13930511,46.91041565],[37.13930511,46.91065165860733],[37.13930511,46.91069412],[37.13941181126339,46.91069412],[37.14069366,46.91069412],[37.14069366,46.9109726],[37.14236069,46.9109726],[37.14236069,46.91125107],[37.14625168,46.91125107],[37.14625168,46.91152954],[37.14986038,46.91152954],[37.14986038,46.9118042],[37.1543045,46.9118042],[37.1543045,46.91208267],[37.15512848,46.91208267],[37.15597153,46.91208267],[37.15597153,46.91236115],[37.1570816,46.91236115],[37.1570816,46.91263962],[37.15874863,46.91263962],[37.15874863,46.91291809],[37.15958405,46.91291809],[37.15958405,46.91319275],[37.1609726,46.91319275],[37.1609726,46.91347122],[37.16263962,46.91347122],[37.16263962,46.91374969],[37.16319275,46.91374969],[37.16319275,46.91402817],[37.16402817,46.91402817],[37.16402817,46.91430664],[37.16458511,46.91430664],[37.16458511,46.91458511],[37.16485977,46.91458511],[37.16485977,46.91485977],[37.16541672,46.91485977],[37.16541672,46.91513824],[37.16597366,46.91513824],[37.16597366,46.91541672],[37.16652679,46.91541672],[37.16652679,46.91569519],[37.16680527,46.91569519],[37.16680527,46.91597366],[37.16764069,46.91597366],[37.16764069,46.91624832],[37.16791534,46.91624832],[37.16791534,46.91652679],[37.16819382,46.91652679],[37.16819382,46.91680527],[37.16847229,46.91680527],[37.16847229,46.91708374],[37.16902924,46.91708374],[37.16902924,46.91736221],[37.16958237,46.91736221],[37.16958237,46.91764069],[37.17013931,46.91764069],[37.17013931,46.91791534],[37.17041779,46.91791534],[37.17041779,46.91819382],[37.17152786,46.91819382],[37.17152786,46.91847229],[37.17180634,46.91847229],[37.17180634,46.91875076],[37.17208481,46.91875076],[37.17208481,46.91930389],[37.17263794,46.91930389],[37.17263794,46.91958237],[37.17319489,46.91958237],[37.17319489,46.91986084],[37.17347336,46.91986084],[37.17347336,46.92013931],[37.17375183,46.92013931],[37.17375183,46.92041779],[37.17458344,46.92041779],[37.17458344,46.92097092],[37.17514038,46.92097092],[37.17514038,46.92152786],[37.17569351,46.92152786],[37.17569351,46.92180634],[37.17625046,46.92180634],[37.17625046,46.92208481],[37.17652893,46.92208481],[37.17652893,46.92235947],[37.17708206,46.92235947],[37.17708206,46.92263794],[37.17736053,46.92263794],[37.17736053,46.92291641],[37.17819595,46.92291641],[37.17819595,46.92347336],[37.17874908,46.92347336],[37.17874908,46.92402649],[37.1795845,46.92402649],[37.1795845,46.92458344],[37.18013763,46.92458344],[37.18013763,46.92486191],[37.18069458,46.92486191],[37.18069458,46.92514038],[37.18075943,46.92514038],[37.18097305,46.92514038],[37.18097305,46.9251976],[37.18097305,46.92541504],[37.18125153,46.92541504],[37.18125153,46.92569351],[37.18152618,46.92569351],[37.18152618,46.92597198],[37.18180466,46.92597198],[37.18180466,46.92625046],[37.18208313,46.92625046],[37.18208313,46.92652893],[37.1823616,46.92652893],[37.1823616,46.9268074],[37.18264008,46.9268074],[37.18264008,46.92708206],[37.18319321,46.92708206],[37.18319321,46.92763901],[37.18347168,46.92763901],[37.18347168,46.92791748],[37.18375015,46.92791748],[37.18375015,46.92819595],[37.18402863,46.92819595],[37.18402863,46.92844922617116],[37.18402863,46.92847061],[37.184082365438464,46.92847061],[37.18486023,46.92847061],[37.18486023,46.92878015846777],[37.18486023,46.92902756],[37.1851387,46.92902756],[37.1851387,46.92930603],[37.18569565,46.92930603],[37.18569565,46.92986298],[37.18597031,46.92986298],[37.18597412,46.93013763],[37.18624878,46.93013763],[37.18624878,46.930373014478235],[37.19682488939239,46.93458176],[37.199439078586686,46.93458176],[37.20513916,46.93458176],[37.20513916,46.93486023],[37.20624924,46.93486023],[37.20624924,46.9351387],[37.20763779,46.9351387],[37.20763779,46.93541718],[37.20902634,46.93541718],[37.20902634,46.93569565],[37.20958328,46.93569565],[37.20958328,46.93597412],[37.21014023,46.93597412],[37.21014023,46.93624878],[37.21069336,46.93624878],[37.21069336,46.93652725],[37.21097183,46.93652725],[37.21097183,46.93680573],[37.21152878,46.93680573],[37.21152878,46.9370842],[37.21180725,46.9370842],[37.21180725,46.93736267],[37.21208191,46.93736267],[37.21208191,46.93763733],[37.21263885,46.93763733],[37.21263885,46.9379158],[37.21347046,46.9379158],[37.21347046,46.93819427],[37.21513748,46.93819427],[37.21513748,46.93847275],[37.2159729,46.93847275],[37.2159729,46.93875122],[37.21652603,46.93875122],[37.21652603,46.93930435],[37.2168045,46.93930435],[37.2168045,46.93958282],[37.21708298,46.93958282],[37.21708298,46.9398613],[37.21736145,46.9398613],[37.21736145,46.94013977],[37.21763992,46.94013977],[37.21763992,46.94041824],[37.2179184,46.94041824],[37.2179184,46.9406929],[37.21819305,46.9406929],[37.21819305,46.94097137],[37.21847153,46.94097137],[37.21847153,46.94124985],[37.21875,46.94124985],[37.21875,46.94180679],[37.21930695,46.94180679],[37.21930695,46.94208145],[37.21986008,46.94208527],[37.21986008,46.94235992],[37.22013855,46.94235992],[37.22013855,46.9426384],[37.22041702,46.9426384],[37.22041702,46.94291687],[37.22097397,46.94291687],[37.22097397,46.94315149428297],[37.22097397,46.94319534],[37.22108414993371,46.94319534],[37.22124863,46.94319534],[37.22124863,46.94326079426378],[37.22124863,46.94347382],[37.22178394252502,46.94347382],[37.22208405,46.94347382],[37.22208405,46.94359324671396],[37.22208405,46.94374847],[37.22236252,46.94374847],[37.22236252,46.94402695],[37.22263718,46.94402695],[37.22263718,46.94430542],[37.22291565,46.94430542],[37.22291565,46.94458389],[37.22319412,46.94458389],[37.22319412,46.94486237],[37.2234726,46.94486237],[37.2234726,46.94513702],[37.22375107,46.94513702],[37.22375107,46.94529698975474],[37.23816,46.951031],[37.2784729,46.93868497702808],[37.2784729,46.93847275],[37.27902603,46.93847275],[37.27902603,46.93819427],[37.27958298,46.93819427],[37.27958298,46.9379158],[37.28013992,46.9379158],[37.28013992,46.93763733],[37.28097153,46.93763733],[37.28097153,46.93736267],[37.28152847,46.93736267],[37.28152847,46.9370842],[37.2820816,46.9370842],[37.2820816,46.93680573],[37.28263855,46.93680573],[37.28263855,46.93652725],[37.2831955,46.93652725],[37.2831955,46.93624878],[37.2840271,46.93624878],[37.2840271,46.93597412],[37.28482645250878,46.93597412],[37.316173,46.914271],[37.324006,46.891819],[37.297854,46.872763],[37.284176,46.872546],[37.285569,46.866901],[37.28891756639358,46.86736298],[37.29236221,46.86736298],[37.29236221,46.86763763],[37.29319382,46.86763763],[37.29319382,46.86791611],[37.29541779,46.86791611],[37.29541779,46.86819458],[37.29624939,46.86819458],[37.29624939,46.8683745041783],[37.308923,46.870123],[37.31298728075627,46.87319565],[37.31430435,46.87319565],[37.31430435,46.87347412],[37.3148613,46.87347412],[37.3148613,46.87374878],[37.31541824,46.87374878],[37.31541824,46.87402725],[37.31585823090502,46.87402725],[37.31597137,46.87402725],[37.31597137,46.874112783493466],[37.31597137,46.87430573],[37.3162265892392,46.87430573],[37.31652832,46.87430573],[37.31652832,46.874533839355685],[37.31652832,46.8745842],[37.316594934345915,46.8745842],[37.31680679,46.8745842],[37.31680679,46.87474436350677],[37.31680679,46.87486267],[37.31696327945263,46.87486267],[37.31708145,46.87486267],[37.31708145,46.874952007286495],[37.31708145,46.87513733],[37.3173265848967,46.87513733],[37.31735992,46.87513733],[37.31735992,46.87516253143758],[37.31735992,46.8754158],[37.3176384,46.8754158],[37.3176384,46.87569427],[37.31806327511013,46.87569427],[37.31819534,46.87569427],[37.31819534,46.875794111450894],[37.31819534,46.87597275],[37.318431633444305,46.87597275],[37.31874847,46.87597275],[37.31874847,46.876212279381704],[37.31874847,46.87625122],[37.31879997855102,46.87625122],[37.31930542,46.87625122],[37.31930542,46.87652588],[37.31958389,46.87652969],[37.31958389,46.87680435],[37.32013702,46.87680435],[37.32013702,46.87708282],[37.3204155,46.87708282],[37.3204155,46.8773613],[37.32069397,46.8773613],[37.32069397,46.87763977],[37.32125092,46.87763977],[37.32125092,46.87791824],[37.32180405,46.87791824],[37.32180405,46.8781929],[37.32208252,46.8781929],[37.32208252,46.87847137],[37.32263947,46.87847137],[37.32263947,46.87874985],[37.32291794,46.87874985],[37.32291794,46.87930679],[37.3231926,46.87930679],[37.3231926,46.87957205492518],[37.3231926,46.87958145],[37.32320525696152,46.87958162362586],[37.32347107,46.87958527],[37.32347107,46.87978257907627],[37.32347107,46.87985992],[37.323573372405306,46.87985992],[37.32402802,46.87985992],[37.32402802,46.8801384],[37.32458496,46.8801384],[37.32458496,46.88062468324067],[37.32458496,46.88069534],[37.324678420952914,46.88069534],[37.32485962,46.88069534],[37.32485962,46.880832327020386],[37.32485962,46.88097382],[37.325046779287085,46.88097382],[37.32513809,46.88097382],[37.32513809,46.881042851171486],[37.32513809,46.88124847],[37.3254100715037,46.88124847],[37.32541656,46.88124847],[37.32541656,46.88125337532257],[37.32541656,46.88152695],[37.32577842983787,46.88152695],[37.32597351,46.88152695],[37.32597351,46.881674431184784],[37.32597351,46.88180542],[37.32614677494458,46.88180542],[37.32680511,46.88180542],[37.32680511,46.88208389],[37.32708359,46.88208389],[37.32708359,46.88236237],[37.32736206,46.88236237],[37.32736206,46.88263702],[37.32764053,46.88263702],[37.32764053,46.8829155],[37.32791519,46.8829155],[37.32791519,46.88314234705972],[37.32791519,46.88319397],[37.32798347404297,46.88319397],[37.32819366,46.88319397],[37.32819366,46.88335287121081],[37.32819366,46.88347244],[37.32835181914969,46.88347244],[37.32844543,46.88347244],[37.32875061,46.88347244],[37.32875061,46.88375092],[37.32902908,46.88375092],[37.32902908,46.883984451224116],[37.32902908,46.88402939],[37.32908852259058,46.88402939],[37.32930374,46.88402939],[37.32930374,46.88419209500384],[37.32930374,46.88430405],[37.32945182803465,46.88430405],[37.32958221,46.88430405],[37.32958221,46.884402619154926],[37.32958221,46.88458252],[37.329820173141364,46.88458252],[37.32986069,46.88458252],[37.32986069,46.884613150866045],[37.32986069,46.88486099],[37.33018851824808,46.88486099],[37.33041763,46.88486099],[37.33041763,46.88503419916823],[37.33041763,46.88513947],[37.33055687658226,46.88513947],[37.33097076,46.88513947],[37.33097076,46.88541794],[37.33124924,46.88541794],[37.33124924,46.88566289881017],[37.33124924,46.8856926],[37.33128852713304,46.8856926],[37.33152771,46.8856926],[37.33152771,46.88587342296126],[37.33152771,46.88597107],[37.33165687223975,46.88597107],[37.33180618,46.88597107],[37.33180618,46.886083947112354],[37.33180618,46.88652802],[37.33239357568065,46.88652802],[37.33263779,46.88652802],[37.33263779,46.88671264675429],[37.33263779,46.88708496],[37.33291626,46.88708496],[37.33291626,46.88735962],[37.33319473,46.88735962],[37.33319473,46.88763809],[37.33347321,46.88763809],[37.33347321,46.88791656],[37.33375168,46.88791656],[37.33375168,46.88819504],[37.33402634,46.88819504],[37.33402634,46.88847351],[37.33430481,46.88847351],[37.33430481,46.88874817],[37.33458328,46.88874817],[37.33458328,46.88902664],[37.33486176,46.88902664],[37.33486176,46.88930511],[37.33514023,46.88930511],[37.33514023,46.88958359],[37.33541489,46.88958359],[37.33541489,46.88986206],[37.33569336,46.88986206],[37.33569336,46.89014053],[37.33625031,46.89014053],[37.33625031,46.89041519],[37.33652878,46.89041519],[37.33652878,46.89069366],[37.33708191,46.89069366],[37.33708191,46.89097214],[37.33736038,46.89097214],[37.33736038,46.89125061],[37.33791733,46.89125061],[37.33791733,46.89152908],[37.3381958,46.89152908],[37.3381958,46.89180374],[37.33847046,46.89180374],[37.33847046,46.89208221],[37.33874893,46.89208221],[37.33874893,46.89236069],[37.3390274,46.89236069],[37.3390274,46.89264297],[37.3390274,46.89288232451697],[37.341892,46.895048],[37.40771625447698,46.96097183],[37.40847397,46.96097183],[37.40847397,46.96125031],[37.40874863,46.96125031],[37.40874863,46.96152878],[37.4090271,46.96152878],[37.4090271,46.96180725],[37.40930557,46.96180725],[37.40930557,46.96208191],[37.40958405,46.96208191],[37.40958405,46.96236038],[37.40986252,46.96236038],[37.40986252,46.96263885],[37.41013718,46.96263885],[37.41013718,46.96291733],[37.41069412,46.96291733],[37.41069412,46.9631958],[37.41125107,46.9631958],[37.41125107,46.96347046],[37.41152954,46.96347046],[37.41152954,46.96374893],[37.4118042,46.96374893],[37.4118042,46.9640274],[37.41208267,46.9640274],[37.41208267,46.96430588],[37.41236115,46.96430588],[37.41236115,46.96458435],[37.41263962,46.96458435],[37.41263962,46.96486282],[37.41291809,46.96486282],[37.41291809,46.96513748],[37.41319275,46.96513748],[37.41319275,46.96541595],[37.41374525057234,46.96541595],[37.41374969,46.96541595],[37.41374969,46.96542039605363],[37.41374969,46.96569443],[37.41402331555292,46.96569443],[37.41458511,46.96569443],[37.41458511,46.9659729],[37.41485977,46.9659729],[37.41485977,46.96625137],[37.41513824,46.96625137],[37.41513824,46.96652603],[37.41541672,46.96652603],[37.41541672,46.9668045],[37.41569519,46.9668045],[37.41569519,46.96708298],[37.41624832,46.96708298],[37.41624832,46.96736145],[37.41680527,46.96736145],[37.41680527,46.96763992],[37.41708374,46.96763992],[37.41708374,46.9679184],[37.41736221,46.9679184],[37.41736221,46.96819305],[37.41764069,46.96819305],[37.41764069,46.96847153],[37.41819382,46.96847153],[37.41819382,46.96875],[37.41847229,46.96875],[37.41847229,46.96902847],[37.41902924,46.96902847],[37.41902924,46.96930695],[37.41930389,46.96930695],[37.41930389,46.9695816],[37.41958237,46.9695816],[37.41958237,46.96986008],[37.41986084,46.96986008],[37.41986084,46.97013855],[37.42013931,46.97013855],[37.42013931,46.97041702],[37.42069626,46.97041702],[37.42069626,46.9706955],[37.42097092,46.9706955],[37.42097092,46.97097397],[37.42152786,46.97097397],[37.42152786,46.9715271],[37.42208481,46.9715271],[37.42208481,46.97180557],[37.42235947,46.97180557],[37.42235947,46.97236252],[37.42263794,46.97236252],[37.42263794,46.97263718],[37.42402649,46.97263718],[37.42402649,46.97291565],[37.42430496,46.97291565],[37.42430496,46.9734726],[37.42458344,46.9734726],[37.42458344,46.97402954],[37.42486191,46.97402954],[37.42486191,46.9743042],[37.42514038,46.9743042],[37.42514038,46.97458267],[37.42569351,46.97458267],[37.42569351,46.97513962],[37.42597198,46.97513962],[37.42597198,46.97541809],[37.42625046,46.97541809],[37.42625046,46.97569275],[37.42652893,46.97569275],[37.42652893,46.97597122],[37.42708206,46.97597122],[37.42708206,46.97624969],[37.42736053,46.97624969],[37.42736053,46.97652817],[37.42763901,46.97652817],[37.42763901,46.97680664],[37.42791748,46.97680664],[37.42791748,46.97708511],[37.42819595,46.97708511],[37.42819595,46.97735977],[37.42874908,46.97735977],[37.42874908,46.97763824],[37.42902756,46.97763824],[37.42902756,46.97791672],[37.42944336,46.97791672],[37.4295845,46.97791672],[37.4295845,46.97819519],[37.43013763,46.97819519],[37.43013763,46.97847366],[37.43041611,46.97847366],[37.43041611,46.97902679],[37.43069458,46.97902679],[37.43069458,46.97930527],[37.43125153,46.97930527],[37.43125153,46.97958374],[37.43152618,46.97958374],[37.43152618,46.97986221],[37.43180466,46.97986221],[37.43180466,46.98014069],[37.43208313,46.98014069],[37.43208313,46.98041534],[37.4323616,46.98041534],[37.4323616,46.98069382],[37.43264008,46.98069382],[37.43264008,46.98092651],[37.43264008,46.98097229],[37.43271637,46.98097229],[37.43291473,46.98097229],[37.43291473,46.98109055],[37.43291855,46.98125076],[37.43319321,46.98125458],[37.43319321,46.98152924],[37.43347168,46.98152924],[37.43347168,46.98180389],[37.43375015,46.98180389],[37.43375015,46.98208237],[37.43402863,46.98208237],[37.43402863,46.98263931],[37.4343071,46.98263931],[37.4343071,46.98291779],[37.43458176,46.98291779],[37.43458176,46.98319626],[37.43541718,46.98319626],[37.43541718,46.98374939],[37.43569565,46.98374939],[37.43569565,46.98402786],[37.43597031,46.98402786],[37.43597412,46.98430634],[37.43624878,46.98430634],[37.43624878,46.98458481],[37.43680573,46.98458481],[37.43680573,46.98485947],[37.4370842,46.98485947],[37.4370842,46.98513794],[37.43736267,46.98513794],[37.43736267,46.98541641],[37.43763733,46.98541641],[37.43763733,46.98569489],[37.4379158,46.98569489],[37.4379158,46.98597336],[37.43819427,46.98597336],[37.43819427,46.98625183],[37.43847275,46.98625183],[37.43847275,46.98652649],[37.43875122,46.98652649],[37.43875122,46.98708344],[37.43902588,46.98708344],[37.43902588,46.98736191],[37.4398613,46.98736191],[37.4398613,46.98791504],[37.4406929,46.98791504],[37.4406929,46.98819351],[37.44097137,46.98819351],[37.44097137,46.98875046],[37.44124985,46.98875046],[37.44124985,46.98902893],[37.44152832,46.98902893],[37.44152832,46.9893074],[37.44180679,46.9893074],[37.44180679,46.98958206],[37.44208145,46.98958206],[37.44208145,46.98986053],[37.44235992,46.98986053],[37.44235992,46.99013901],[37.4426384,46.99013901],[37.4426384,46.99041748],[37.44291687,46.99041748],[37.44291687,46.99069595],[37.44347382,46.99069595],[37.44347382,46.99097061],[37.44374847,46.99097061],[37.44374847,46.99124908],[37.44402695,46.99124908],[37.44402695,46.99152756],[37.44430542,46.99152756],[37.44430542,46.9920845],[37.44458389,46.9920845],[37.44458389,46.99263763],[37.44513702,46.99263763],[37.44513702,46.99319458],[37.4454155,46.99319458],[37.4454155,46.99347305],[37.44569397,46.99347305],[37.44569397,46.99375153],[37.44597244,46.99375153],[37.44597244,46.99402618],[37.44625092,46.99402618],[37.44625092,46.99458313],[37.44652939,46.99458313],[37.44652939,46.9948616],[37.44680405,46.9948616],[37.44680405,46.99514008],[37.44736099,46.99514008],[37.44736099,46.99569321],[37.44763947,46.99569321],[37.44763947,46.99597168],[37.44791794,46.99597168],[37.44791794,46.99625015],[37.4481926,46.99625015],[37.4481926,46.99652863],[37.44847107,46.99652863],[37.44847107,46.9968071],[37.44874954,46.9968071],[37.44874954,46.99708176],[37.44902802,46.99708176],[37.44902802,46.9976387],[37.44930649,46.9976387],[37.44930649,46.99791718],[37.44958496,46.99791718],[37.44958496,46.99819565],[37.44985962,46.99819565],[37.44985962,46.99847412],[37.45041656,46.99847412],[37.45041656,46.99902725],[37.45069504,46.99902725],[37.45069504,46.99986267],[37.45069504,47.00013733],[37.45069504,47.0004158],[37.45097351,47.0004158],[37.45097351,47.00069427],[37.45124817,47.00069427],[37.45124817,47.00097275],[37.45180511,47.00097275],[37.45180511,47.00125122],[37.45208359,47.00125122],[37.45208359,47.00152588],[37.45236206,47.00152969],[37.45236206,47.00180435],[37.45264053,47.00180435],[37.45264053,47.0023613],[37.45291519,47.0023613],[37.45291519,47.00263977],[37.45319366,47.00263977],[37.45319366,47.00291824],[37.45375061,47.00291824],[37.45375061,47.0031929],[37.45402908,47.0031929],[37.45402908,47.00347137],[37.45430374,47.00347137],[37.45430374,47.00374985],[37.45458221,47.00374985],[37.45458221,47.00402832],[37.45481491,47.00402832],[37.45486069,47.00402832],[37.45486069,47.00408936],[37.45486069,47.00430679],[37.45501709,47.00430679],[37.45513916,47.00430679],[37.45513916,47.00447464],[37.45513916,47.0051384],[37.45541763,47.0051384],[37.45541763,47.00541687],[37.45582581,47.00541687],[37.45597076,47.00541687],[37.45597076,47.00561905],[37.45597076,47.00597382],[37.45624924,47.00600052],[37.45624924,47.00624847],[37.45642853,47.00624847],[37.45652771,47.00624847],[37.45652771,47.0063858],[37.45652771,47.00652695],[37.45663071,47.00652695],[37.45680618,47.00652695],[37.45680618,47.00676727],[37.45680618,47.00680542],[37.45708466,47.00680542],[37.45708466,47.00708389],[37.45735931,47.00708389],[37.45735931,47.00736237],[37.45763779,47.00736237],[37.45763779,47.00763702],[37.45791626,47.00763702],[37.45791626,47.0079155],[37.45819473,47.0079155],[37.45819473,47.00819397],[37.45847321,47.00819397],[37.45847321,47.00875092],[37.45875168,47.00875092],[37.45875168,47.00902939],[37.45902634,47.00902939],[37.45902634,47.00930405],[37.45958328,47.00930405],[37.45958328,47.00986099],[37.45986176,47.00986099],[37.45986176,47.01013947],[37.46014023,47.01013947],[37.46014023,47.0106926],[37.46041489,47.0106926],[37.46041489,47.01097107],[37.46069336,47.01097107],[37.46069336,47.01124954],[37.46097183,47.01124954],[37.46097183,47.01152802],[37.46125031,47.01152802],[37.46125031,47.01208496],[37.46152878,47.01208496],[37.46152878,47.01235962],[37.46180725,47.01235962],[37.46180725,47.01263809],[37.46208191,47.01263809],[37.46208191,47.01291656],[37.46236038,47.01291656],[37.46236038,47.01319504],[37.46291733,47.01319504],[37.46291733,47.01347351],[37.4631958,47.01347351],[37.4631958,47.01402664],[37.46347046,47.01402664],[37.46347046,47.01430511],[37.46374893,47.01430511],[37.46374893,47.01514053],[37.4640274,47.01514053],[37.4640274,47.01569366],[37.46430588,47.01569366],[37.46430588,47.01597214],[37.46458435,47.01597214],[37.46458435,47.01625061],[37.46486282,47.01625061],[37.46486282,47.01652908],[37.46513748,47.01652908],[37.46513748,47.01680374],[37.46541595,47.01680374],[37.46541595,47.01716376932819],[37.46541595,47.01736069],[37.465612577200446,47.01736069],[37.46569443,47.01736069],[37.46569443,47.01744266496704],[37.46569443,47.01763916],[37.465890632195936,47.01763916],[37.46625137,47.01763916],[37.46625137,47.01791763],[37.4668045,47.01791763],[37.4668045,47.01847076],[37.46708298,47.01847076],[37.46708298,47.01883328741505],[37.46708298,47.01902771],[37.467277112836506,47.01902771],[37.46736145,47.01902771],[37.46736145,47.01911217303896],[37.46736145,47.01958466],[37.46763992,47.01958466],[37.46763992,47.02013779],[37.4679184,47.02013779],[37.4679184,47.02041626],[37.46847153,47.02041626],[37.46847153,47.02097321],[37.46875,47.02097321],[37.46875,47.02125168],[37.46902847,47.02125168],[37.46902847,47.02152634],[37.46930695,47.02152634],[37.46930695,47.02236176],[37.4695816,47.02236176],[37.4695816,47.02264023],[37.46986008,47.02264023],[37.46986008,47.02291489],[37.47041702,47.02291489],[37.47041702,47.02319336],[37.4706955,47.02319336],[37.4706955,47.02375031],[37.47097397,47.02375031],[37.47097397,47.02430725],[37.47124863,47.02430725],[37.47124863,47.02458191],[37.4715271,47.02458191],[37.4715271,47.02487920526525],[37.478068,47.03143],[37.480306217870236,47.03347397],[37.48125076,47.03347397],[37.48125076,47.03374863],[37.48180389,47.03374863],[37.48180389,47.0340271],[37.48208237,47.0340271],[37.48208237,47.03430557],[37.48263931,47.03430557],[37.48263931,47.03458405],[37.48236084,47.03458405],[37.48236084,47.035350277954834],[37.4872988898154,47.03985977],[37.48764038,47.03985977],[37.48764038,47.04013824],[37.48847198,47.04013824],[37.48847198,47.04041672],[37.48875046,47.04041672],[37.48875046,47.04097366],[37.48902893,47.04097366],[37.48902893,47.04124832],[37.48958206,47.04124832],[37.48958206,47.04152679],[37.48986053,47.04152679],[37.48986053,47.04180527],[37.49041748,47.04180527],[37.49041748,47.04208374],[37.49069595,47.04208374],[37.49069595,47.04236221],[37.49097061,47.04236221],[37.49097061,47.04264069],[37.49152756,47.04264069],[37.49152756,47.04291534],[37.4920845,47.04291534],[37.4920845,47.04319382],[37.492593472739514,47.04319382],[37.49291611,47.04319382],[37.49291611,47.04347229],[37.49375153,47.04347229],[37.49375153,47.04375076],[37.4948616,47.04375076],[37.4948616,47.04347229],[37.49514008,47.04347229],[37.49514008,47.04319382],[37.49541855,47.04319382],[37.49541855,47.04291534],[37.49597168,47.04291534],[37.49597168,47.04264069],[37.49652863,47.04264069],[37.49652863,47.04236221],[37.4968071,47.04236221],[37.4968071,47.04264069],[37.49708176,47.04264069],[37.49708176,47.04291534],[37.49736023,47.04291534],[37.49736023,47.04319382],[37.4976387,47.04319382],[37.4976387,47.04347229],[37.49791718,47.04347229],[37.49791718,47.04375076],[37.49819565,47.04375076],[37.49819565,47.04402924],[37.49902725,47.04402924],[37.49902725,47.04430389],[37.4995842,47.04430389],[37.4995842,47.04458237],[37.50013733,47.04458237],[37.50013733,47.04541779],[37.5004158,47.04541779],[37.5004158,47.04597092],[37.50069427,47.04597092],[37.50069427,47.04624939],[37.50125122,47.04624939],[37.50125122,47.04680634],[37.50152588,47.04680634],[37.50152588,47.04735947],[37.50180435,47.04735947],[37.50180435,47.04791641],[37.50152588,47.04791641],[37.50152588,47.04819489],[37.50125122,47.04819489],[37.50125122,47.04847336],[37.5004158,47.04847336],[37.5004158,47.04875183],[37.50013733,47.04875183],[37.50013733,47.04958344],[37.5004158,47.04958344],[37.5004158,47.04986191],[37.50069427,47.04986191],[37.50069427,47.05014038],[37.50097275,47.05014038],[37.50097275,47.05041504],[37.50125122,47.05041504],[37.50125122,47.05069351],[37.50152588,47.05069351],[37.50152588,47.05097198],[37.50208282,47.05097198],[37.50208282,47.05125046],[37.5023613,47.05125046],[37.5023613,47.05208206],[37.50263977,47.05208206],[37.50263977,47.05236806667458],[37.50263977,47.05291748],[37.50291824,47.05291748],[37.50291824,47.05319595],[37.5031929,47.05319595],[37.5031929,47.05347061],[37.50374985,47.05347061],[37.50374985,47.05374908],[37.50402832,47.05374908],[37.50402832,47.05402756],[37.50445700511917,47.05402756],[37.50458145,47.05402756],[37.50458145,47.05414120266899],[37.50458145,47.05430603],[37.50476194485944,47.05430603],[37.5051384,47.05430603],[37.5051384,47.0545845],[37.50541687,47.0545845],[37.50541687,47.05486298],[37.50569534,47.05486298],[37.50569534,47.0545845],[37.50597382,47.0545845],[37.50597382,47.05430603],[37.50680542,47.05430603],[37.50680542,47.05402756],[37.50708389,47.05402756],[37.50708389,47.05430603],[37.50736237,47.05430603],[37.50736237,47.0545845],[37.5079155,47.0545845],[37.5079155,47.05486298],[37.50819397,47.05486298],[37.50819397,47.05541611],[37.50844193,47.05541611],[37.50847244,47.05541611],[37.50847244,47.05565643],[37.50847244,47.05569458],[37.50708389,47.05569458],[37.50708389,47.05597305],[37.50680542,47.05597305],[37.50680542,47.056172124992685],[37.50680542,47.05680466],[37.50708389,47.05680466],[37.50708389,47.05708313],[37.50763702,47.05708313],[37.50763702,47.0573616],[37.5079155,47.0573616],[37.5079155,47.05764008],[37.50841291028139,47.05764008],[37.50847244,47.05764008],[37.50847244,47.05769444234951],[37.50847244,47.05791855],[37.50871785002166,47.05791855],[37.50875092,47.05791855],[37.50875092,47.05794874939893],[37.50875092,47.05819321],[37.50878906,47.05819321],[37.50901861760547,47.05819321],[37.50902939,47.05819321],[37.50902939,47.05820304731639],[37.50902939,47.05847168],[37.50930405,47.05847168],[37.50930405,47.05875015],[37.50958252,47.05875015],[37.50958252,47.0593071],[37.50986099,47.0593071],[37.50986099,47.05958176],[37.51013947,47.05958176],[37.51013947,47.05986023],[37.5106926,47.05986023],[37.5106926,47.0601387],[37.51097107,47.0601387],[37.51097107,47.06041718],[37.51124954,47.06041718],[37.51124954,47.06069565],[37.51152802,47.06069565],[37.51152802,47.06124878],[37.51180649,47.06124878],[37.51180649,47.06152725],[37.51263809,47.06152725],[37.51263809,47.061498500667625],[37.51263809,47.06124878],[37.51291656,47.06124878],[37.51291656,47.06097412],[37.51374817,47.06097412],[37.51374817,47.06069565],[37.51597214,47.06069565],[37.51597214,47.06124878],[37.51569366,47.06124878],[37.51569366,47.06263733],[37.51458359,47.06263733],[37.51458359,47.0629158],[37.51430511,47.0629158],[37.51430511,47.06302081802381],[37.51430511,47.06319427],[37.51374817,47.06319427],[37.51374817,47.06347275],[37.51319504,47.06347275],[37.51319504,47.06350847497939],[37.51589199526237,47.06597137],[37.51625061,47.06597137],[37.51625061,47.06479744240792],[37.51625061,47.06180573],[37.51791763,47.06180573],[37.51791763,47.06236267],[37.51819611,47.06236267],[37.51819611,47.0629158],[37.51847076,47.0629158],[37.51847076,47.06458282],[37.51874924,47.06458282],[37.51874924,47.0656929],[37.51902771,47.0656929],[37.51902771,47.06708145],[37.51875172211586,47.06708145],[37.51874924,47.06708145],[37.51874924,47.06858064347781],[37.528548,47.077529],[37.574156,47.085359],[37.58347321,47.085609098085165],[37.58347321,47.08541489],[37.58319473,47.08541489],[37.58319473,47.08514023],[37.58291626,47.08514023],[37.58291626,47.08469394734876],[37.58291626,47.08458328],[37.58319473,47.08458328],[37.58319473,47.08375168],[37.58291626,47.08375168],[37.58291626,47.08347321],[37.58235931,47.08347321],[37.58235931,47.08319473],[37.58208466,47.08319473],[37.58208466,47.08291626],[37.58180618,47.08291626],[37.58180618,47.08235931],[37.58152771,47.08235931],[37.58152771,47.08180618],[37.58235931,47.08180618],[37.58235931,47.08152771],[37.58291626,47.08152771],[37.58291626,47.08124924],[37.58319473,47.08124924],[37.58319473,47.08097076],[37.58347321,47.08097076],[37.58347321,47.08069611],[37.58375168,47.08069611],[37.58375168,47.08041763],[37.58402634,47.08041763],[37.58402634,47.08013916],[37.58458328,47.08013916],[37.58458328,47.07986069],[37.58486176,47.07986069],[37.58486176,47.07958221],[37.58514023,47.07958221],[37.58514023,47.07930374],[37.58541489,47.07930374],[37.58541489,47.07902908],[37.58569336,47.07902908],[37.58569336,47.07875061],[37.58597183,47.07875061],[37.58597183,47.07847214],[37.5890274,47.07847214],[37.5890274,47.07875061],[37.58958435,47.07875061],[37.58958435,47.07902908],[37.59069443,47.07902908],[37.59069443,47.07930374],[37.59125137,47.07930374],[37.59125137,47.07958221],[37.5929184,47.07958221],[37.5929184,47.07986069],[37.59402847,47.07986069],[37.59402847,47.08013916],[37.5945816,47.08013916],[37.5945816,47.08041763],[37.59486008,47.08041763],[37.59486008,47.08069611],[37.59513855,47.08069611],[37.59513855,47.08097076],[37.59541702,47.08097076],[37.59541702,47.08124924],[37.5956955,47.08124924],[37.5956955,47.08291626],[37.59541702,47.08291626],[37.59541702,47.08347321],[37.59513855,47.08347321],[37.59513855,47.08375168],[37.5945816,47.08375168],[37.5945816,47.08402634],[37.59430695,47.08402634],[37.59430695,47.08430481],[37.59402847,47.08430481],[37.59402847,47.08458328],[37.59375,47.08458328],[37.59375,47.08498475307181],[37.59375,47.08569336],[37.59402847,47.08569336],[37.59402847,47.08589242864383],[37.60847092,47.086280101465434],[37.60847092,47.08569336],[37.61125183,47.08569336],[37.61125183,47.08597183],[37.61208344,47.08597183],[37.61208344,47.086377070873084],[37.620463,47.086602],[37.627378,47.09413],[37.675812,47.077916],[37.684033,47.076706],[37.685886,47.080525],[37.71388,47.079862],[37.73625183,47.08271490278625],[37.73625183,47.08263779],[37.73902893,47.08263779],[37.73902893,47.08291626],[37.74124908,47.08291626],[37.74124908,47.08319473],[37.74180603,47.08319473],[37.74180603,47.083423186044946],[37.774395,47.087579],[37.794085,47.083807],[37.821989,47.09092],[37.83831,47.099704],[37.862171,47.106248],[37.87958,47.106667],[37.895473,47.110921],[37.983964,47.083576],[37.99023,47.091466],[37.979072,47.09281],[37.975882,47.095683],[37.993063,47.099003],[38.01402664,47.09372890456107],[38.01402664,47.09347153],[38.01486206,47.09347153],[38.01486206,47.09319305],[38.01541519,47.09319305],[38.01541519,47.0929184],[38.01625061,47.0929184],[38.01625061,47.09263992],[38.01708221,47.09263992],[38.01708221,47.09236145],[38.01791763,47.09236145],[38.01791763,47.09208298],[38.01902771,47.09208298],[38.01902771,47.0918045],[38.01958466,47.0918045],[38.01958466,47.09152603],[38.02125168,47.09152603],[38.02125168,47.09125137],[38.02236176,47.09125137],[38.02236176,47.0909729],[38.02319336,47.0909729],[38.02319336,47.09069443],[38.02486038,47.09069443],[38.02486038,47.09041595],[38.0265274,47.09041595],[38.0265274,47.09013748],[38.02791595,47.09013748],[38.02791595,47.08986282],[38.02939367419309,47.08986282],[38.032545,47.08907],[38.040012,47.091875],[38.040735072526246,47.09597397],[38.04097366,47.09597397],[38.04097366,47.09624863],[38.04152679,47.09624863],[38.04152679,47.0965271],[38.04180527,47.0965271],[38.04180527,47.09680557],[38.04264069,47.09680557],[38.04264069,47.09736252],[38.04291534,47.09736252],[38.04291534,47.09763718],[38.04319382,47.09763718],[38.04319382,47.09791565],[38.04375076,47.09791565],[38.04375076,47.09819412],[38.04402924,47.09819412],[38.04402924,47.09875107],[38.04430389,47.09875107],[38.04430389,47.09902954],[38.04486084,47.09902954],[38.04486084,47.0993042],[38.04458237,47.0993042],[38.04458237,47.09958267],[38.04513931,47.09958267],[38.04513931,47.10012853347236],[38.054332,47.108302],[38.062671,47.110804],[38.08885,47.105956],[38.104662,47.095627],[38.122869,47.080622],[38.132826,47.06402],[38.131796,47.053729],[38.106046,47.047179],[38.080408,47.026545],[38.084988,47.020418],[38.163265,47.065455],[38.186556,47.093712],[38.211502,47.107183],[38.22912122232512,47.11875153],[38.22958374,47.11875153],[38.22958374,47.11902618],[38.23041534,47.11902618],[38.23041534,47.11930466],[38.23142237975483,47.11930466],[38.23158264,47.11930466],[38.23263931,47.11930466],[38.23263931,47.11958313],[38.23347092,47.11958313],[38.23347092,47.1198616],[38.23455429,47.1198616],[38.23456573,47.12014008],[38.23469543,47.1231575],[38.23480988,47.12576294],[38.23484039,47.12646103],[38.23484421,47.12655258],[38.23709869,47.13579559],[38.24098587,47.14556122],[38.2444458,47.15644836],[38.24399185,47.16604233],[38.24109268,47.17482758],[38.23862076,47.18231201],[38.237004862397846,47.18865148829137],[38.23613739,47.19205475],[38.23691227808233,47.195923851207674],[38.2378006,47.20035934],[38.24295807,47.2069664],[38.24589157,47.22836304],[38.25422287,47.22914124],[38.25915146,47.23047638],[38.2671814,47.23490524],[38.27830505,47.23441696],[38.28533554,47.23468781],[38.29021072,47.23670578],[38.28948620146321,47.24145502585739],[38.28948212,47.24148178],[38.28948593909965,47.24148736300692],[38.29398346,47.24806213],[38.29759216,47.24911499],[38.30260086,47.24890137],[38.32017899,47.24814987],[38.32750702,47.24888611],[38.33422852,47.25302887],[38.332298426848176,47.266788531045826],[38.332157904102715,47.26779031966153],[38.333286,47.268272],[38.333735,47.268938],[38.33111974608078,47.275191362704625],[38.33103561,47.27579117],[38.331387173118394,47.27673790847222],[38.33379364,47.28321838],[38.33642197,47.28812027],[38.334235079596056,47.29145901255664],[38.33340895751666,47.292720259548474],[38.333739,47.296253],[38.333288,47.296975],[38.32890171678764,47.29739674330835],[38.32720289381747,47.29914854053787],[38.328204,47.300397],[38.334511,47.301408],[38.336304,47.306408],[38.22804594441653,47.305443002678146],[38.22632599,47.30632019],[38.226324015754756,47.30632720227069],[38.22540665,47.30958557],[38.22528839,47.31001282],[38.22505188,47.31084061],[38.22441483,47.31311035],[38.22773743,47.32170486],[38.23035431,47.33073044],[38.2350235,47.33924103],[38.23561478,47.34031677],[38.24089813,47.34365082],[38.2468071,47.34738159],[38.2492003067266,47.35313048747005],[38.24961472,47.35412598],[38.24980034873331,47.35658559402678],[38.250461,47.357713],[38.249936819719714,47.35839385908582],[38.25007018947292,47.36016103224855],[38.25025558,47.36261749],[38.25189755485615,47.36672102179354],[38.25248718,47.36819458],[38.25725937,47.37158203],[38.25859305068759,47.371885013264496],[38.26117557398165,47.37247170642543],[38.26453018,47.3732338],[38.27562332,47.37343216],[38.28574753,47.3731308],[38.28778835050535,47.373385259936526],[38.29180527,47.37388611],[38.29374695,47.37412643],[38.29831696,47.37590027],[38.29926682,47.38074112],[38.30180359,47.38266754],[38.30228806,47.38497543],[38.30331421,47.38890457],[38.30661392,47.41030502],[38.30859375,47.41907501],[38.30993652,47.43492889],[38.31133652,47.45143509],[38.30792236,47.46022797],[38.30335440451042,47.4672660127902],[38.30328751,47.46736908],[38.30202633313316,47.46946378514867],[38.302022,47.475121],[38.299251703625174,47.47547947020445],[38.29917576514344,47.47640497472746],[38.29914093,47.47682953],[38.29891586,47.47955704],[38.29816818,47.48867798],[38.29795456,47.49128723],[38.29711914,47.50144958],[38.29617878297007,47.504117456647165],[38.29503295367371,47.50736827641464],[38.295072,47.508064],[38.29478461985135,47.508072821586616],[38.294463794591344,47.50898303142367],[38.2905159,47.52018356],[38.29230881,47.52711487],[38.29380417,47.53357697],[38.2981987,47.53763199],[38.30616379,47.5434227],[38.30787405768855,47.546731327367205],[38.30966187,47.55018997],[38.309801056712075,47.55165950120137],[38.31115,47.553619],[38.311082760765366,47.561989911159955],[38.31240138454254,47.56326032945067],[38.31544495,47.56619263],[38.32202911,47.56827164],[38.3397522,47.57054138],[38.34099197,47.57089233],[38.34999084,47.57344437],[38.35765076,47.57899094],[38.35639191,47.59861374],[38.3570137,47.60343933],[38.36173248,47.60645676],[38.36288834,47.60719299],[38.3653717,47.60878372],[38.37160873,47.61107635],[38.38546753,47.61113739],[38.41270828,47.60871887],[38.42585373,47.60920334],[38.44411087,47.60919189],[38.46075821,47.60820389],[38.46673203,47.60956573],[38.46004486,47.62144089],[38.45788305108647,47.62593844394834],[38.45738983,47.62696457],[38.45680237,47.62818146],[38.45649750163331,47.62957274090571],[38.45639312042638,47.63645962591203],[38.45742798,47.63735199],[38.45771033637725,47.63735296372189],[38.4596405,47.63735962],[38.47383881,47.63741302],[38.47798157,47.63742828],[38.60552979,47.63789368],[38.61426544,47.63865662],[38.61945343,47.6415863],[38.621206953879124,47.64437955482811],[38.62332712390736,47.64775685424118],[38.62915308690953,47.6529476143734],[38.63090834651209,47.653937206625294],[38.63166809,47.65436554],[38.64058685,47.65719223],[38.65481949,47.66135025],[38.66309738,47.6637001],[38.66432953,47.66534424],[38.66323853,47.66809082],[38.66307449,47.66849899],[38.663071791017835,47.66850780746122],[38.662796802381706,47.66940618376898],[38.665887,47.669418],[38.66563819450617,47.694902660138865],[38.66679001,47.69538116],[38.66696542533355,47.69541076232547],[38.66740036,47.69548416],[38.6751442,47.69681549],[38.69630432,47.69458008],[38.72367477,47.69072342],[38.728438632434134,47.68868795533019],[38.729809366771285,47.68810227903211],[38.730305,47.680361],[38.74389233090794,47.68294936252399],[38.745709760747566,47.68236106802646],[38.74769974,47.68171692],[38.75985336,47.68213272],[38.76478577,47.68413162],[38.76490691444411,47.68448371491478],[38.765222060244064,47.68539965649509],[38.773164,47.685764],[38.77206277374527,47.70249352216614],[38.773342904442664,47.703306989974905],[38.77577591,47.70485306],[38.77643585,47.70967484],[38.77390671,47.71644974],[38.77321243,47.72122574],[38.77770615,47.72457886],[38.77879715,47.72529602],[38.77935028,47.72566223],[38.77962494,47.72584152],[38.78319931,47.72819519],[38.78328323,47.72833252],[38.785972303301754,47.73281519641401],[38.78712082,47.73472977],[38.787175914677334,47.735412949535394],[38.788943,47.737015],[38.798157,47.77844],[38.79226152852167,47.80178183823498],[38.792946151255364,47.80443261920537],[38.79312134,47.80511093],[38.79628754,47.80818939],[38.80258179,47.81023026],[38.82512283,47.81281662],[38.8273735,47.81449127],[38.82767350747714,47.81514600573198],[38.828085965938655,47.816046154272584],[38.835102,47.816059],[38.838287398769886,47.8517863199243],[38.83917999,47.85371399],[38.83940887,47.8542099],[38.838580368765335,47.85507226102985],[38.83919723861443,47.86199105143646],[38.840518570364274,47.861794853850824],[38.84055328,47.8617897],[38.84246826,47.86084747],[38.85085297,47.85671616],[38.85358047,47.85536957],[38.86496353,47.85757446],[38.87062454,47.85913467],[38.8730011,47.86378479],[38.872993205815774,47.864137136607404],[38.87297305395721,47.8650365885064],[38.96857149414386,47.86726492353604],[38.98118626556698,47.86665904405574],[38.99575806,47.86595917],[39.03826141,47.86502838],[39.05500412,47.8635025],[39.06006622,47.8625412],[39.06945038,47.86075974],[39.07532501,47.85431671],[39.07665634,47.85359192],[39.07849884,47.85258865],[39.08155001665531,47.85238136224243],[39.08288676598431,47.852290547516795],[39.082891,47.851604],[39.09094402416465,47.85164897877487],[39.09659195,47.85110092],[39.097393955434725,47.85078558841871],[39.10251999,47.84877014],[39.10769272,47.84253311],[39.11026764,47.83964539],[39.11882401,47.83853912],[39.12131882,47.83892441],[39.12621307,47.83968353],[39.12950268833601,47.84176553230969],[39.13091459942426,47.84265913206703],[39.149682,47.842582],[39.236213,47.853953],[39.241734,47.867014],[39.26797736508216,47.866867709421626],[39.27039337,47.86624146],[39.27140516713697,47.86594918872279],[39.28042984,47.86334229],[39.30899048,47.86290741],[39.31610489,47.8628006],[39.32324133728809,47.865660233991335],[39.32471085,47.86624908],[39.32510010624462,47.86654928536219],[39.38620341306332,47.86620867210368],[39.38657649680387,47.865307179474456],[39.38694763,47.8644104],[39.39325333,47.85591125],[39.397525478303876,47.8525596764048],[39.400373197609206,47.85032559178241],[39.412529,47.830898],[39.437354,47.839834],[39.44625,47.850644],[39.47515746701617,47.858565205739595],[39.4765576085662,47.857977799656155],[39.48067229783475,47.8562515502582],[39.48420780902643,47.85476828538259],[39.520308,47.825141],[39.528903981975986,47.82961929872528],[39.52960205,47.82915115],[39.53012713692534,47.82911940644294],[39.536747700561946,47.82871916749307],[39.53847248660642,47.828614897434946],[39.542168,47.824981],[39.553073685549556,47.8303712092419],[39.55675363555748,47.83107438792494],[39.55796814,47.83130646],[39.56808472,47.83227158],[39.58137512,47.8312645],[39.597020994036306,47.83404385263078],[39.60096212321281,47.834743959746525],[39.72894931441028,47.82818799834439],[39.73073726570575,47.82719442684487],[39.73205566,47.82646179],[39.7401123,47.82198715],[39.74452591,47.82030106],[39.75357437,47.81967926],[39.76296997,47.82504272],[39.76358414,47.83085251],[39.75463104,47.83132935],[39.75562668,47.83699036],[39.756138043756394,47.839953075524],[39.756403526279335,47.84149121580524],[39.76163036213202,47.84538083868715],[39.764508869950426,47.84693398114342],[39.76644135,47.84797668],[39.77505875,47.8478508],[39.77599335,47.85357666],[39.77785492,47.86503983],[39.77827270941228,47.86762530086408],[39.77841731931146,47.86852021267852],[39.794941,47.866833],[39.7948459890731,47.87132829037336],[39.79574966,47.87136841],[39.79617689886653,47.87160728929916],[39.80620193,47.87721252],[39.80661011,47.88301849],[39.81665039,47.88305664],[39.81706238,47.88886261],[39.81747437,47.89467239],[39.8110199,47.9173317],[39.81911469,47.91790009],[39.81304169,47.92863083],[39.81603622,47.94561386],[39.819601103844676,47.94983593449072],[39.82036881454191,47.95074517358301],[39.827391,47.950834],[39.82499034661255,47.95621869067745],[39.82590501156753,47.957301975222535],[39.82603073,47.95745087],[39.83392334,47.95807266],[39.84283066,47.96434021],[39.84384918,47.96998215],[39.8441925,47.9718895],[39.84486389,47.97562408],[39.84588242,47.98126221],[39.84690094,47.98690414],[39.84791946,47.99254608],[39.84205627,48.00320816],[39.83506393,48.00833893],[39.81848526,48.00790024],[39.81615067,48.00966263],[39.81092453,48.01361084],[39.81188583,48.01930618],[39.80418777,48.02514648],[39.79638672,48.03108597],[39.79732895,48.03678894],[39.80609131,48.0365448],[39.81601334,48.03648758],[39.83177185,48.03639984],[39.84004593,48.03664017],[39.851278269722485,48.03993540214806],[39.85458103138258,48.04090433352555],[39.877208,48.041378],[39.88248884386852,48.045326157987894],[39.88450399884255,48.04548581275591],[39.8886528,48.04581451],[39.88967133,48.05145645],[39.89068985,48.05709457],[39.86747059300317,48.05527081568008],[39.86698914,48.055233],[39.86508956364422,48.05508455292179],[39.85239916355527,48.05948945783308],[39.85215759,48.05966568],[39.849801994876785,48.06140370398678],[39.84502792,48.06492615],[39.84519196,48.06493378],[39.85316467,48.06531525],[39.86110306,48.06590271],[39.87002563,48.07216263],[39.87104034,48.07780457],[39.8695957579102,48.078856697819774],[39.86859536572336,48.07958531023847],[39.86998128433229,48.0968164606835],[39.87140610159289,48.09781537997995],[39.87316513,48.09904861],[39.87507629,48.10038757],[39.88602066,48.11793518],[39.9038887,48.13044739],[39.90477371,48.13538742],[39.90590668,48.14173508],[39.90667717399221,48.1460467053526],[39.90684128,48.14696503],[39.90699583268196,48.147829765786774],[39.907357,48.148152],[39.907326923760536,48.14968224935875],[39.90792465,48.15302658],[39.90853757214783,48.156475706572245],[39.90892792,48.15867233],[39.90919876,48.16020584],[39.90993118,48.1643219],[39.91057968,48.16797638],[39.91629028,48.17341232],[39.933815,48.17686462],[39.94022751,48.18074799],[39.94216919,48.18525314],[39.94239807,48.21454239],[39.9424047113488,48.21544843435491],[39.94241714,48.21714401],[39.94266244232747,48.21767090361217],[39.94316483,48.21875],[39.94499588,48.22267914],[39.94730164108132,48.22762383950261],[39.94731903,48.22766113],[39.95087939972816,48.22819557942362],[39.99052343345666,48.22446750852943],[39.99642944,48.22307205],[39.99795617716122,48.22376854344281],[40.002928,48.223301],[40.009557,48.22457],[40.008187217317584,48.230535930979066],[40.00926842322563,48.23175788104536],[40.01649857,48.2399292],[40.01774979,48.2489357],[40.01787737102327,48.24985986273256],[40.01804733,48.251091],[40.01798323773156,48.251405649307586],[40.020776,48.25378],[40.015964890819816,48.26131435551715],[40.01527904540733,48.26468138853706],[40.01500933490029,48.26600548310198],[40.01489258,48.26657867],[40.01456787839701,48.26689099509305],[40.015704,48.267401],[40.014045,48.270133],[40.011211874071115,48.27011946287952],[40.008103268151814,48.273106772678894],[39.999745,48.28929],[39.993925,48.30071],[39.993222,48.313596],[39.990989,48.316061],[39.991074,48.316582],[39.990815,48.317082],[39.986949,48.317512],[39.985311,48.317001],[39.98418,48.316207],[39.982518,48.315704],[39.980311,48.315784],[39.9789,48.315713],[39.977623,48.315173],[39.975498,48.31432],[39.974425,48.313471],[39.972492,48.312971],[39.971029,48.311629],[39.971712634973166,48.310092227140224],[39.969538593204355,48.30929087545767],[39.96602249,48.30799484],[39.95642672930699,48.30445882310892],[39.95484633726955,48.303876452089284],[39.954057,48.304012],[39.952975,48.303915],[39.951971,48.303551],[39.951721,48.30305],[39.951838352397395,48.302768182928865],[39.950437911279614,48.302252329988754],[39.94723129,48.30107117],[39.92739487,48.2983017],[39.91616058,48.30021286],[39.91574478,48.30050659],[39.91337967,48.30218124],[39.90620804,48.30725861],[39.90103912,48.3109169],[39.89393234,48.31032181],[39.89200592,48.31015778],[39.88908705986794,48.30991344487837],[39.88776779,48.30980301],[39.886187005379846,48.3103214634763],[39.85029221,48.32209396],[39.85013199,48.32242584],[39.846604691917726,48.32980508096109],[39.84644318,48.33014297],[39.84665376266504,48.33023239454112],[39.85256958723961,48.33274456665109],[39.85564525448746,48.33405065769253],[39.859703,48.334566],[39.877934,48.334073],[39.918581,48.341692],[39.918603,48.347207],[39.930727,48.348957],[39.943644,48.34812],[39.947507,48.35523],[39.94253,48.354963],[39.944422,48.357166],[39.939451,48.360773],[39.93996033810075,48.36255170741838],[39.9420103152915,48.36508322920376],[39.94603729,48.37005615],[39.94269562,48.37563324],[39.94092777828616,48.37858370184584],[39.94048309,48.37932587],[39.94051065208942,48.38005327912676],[39.943278,48.383791],[39.941535,48.387072],[39.938309,48.387562],[39.937424247865344,48.386727630393096],[39.935745586392414,48.38670334346506],[39.92969131,48.38661575],[39.92753601,48.38393021],[39.92316437,48.3823204],[39.91762161,48.38762283],[39.91388321,48.3889122],[39.91229248,48.38946152],[39.91102020630511,48.392333215943246],[39.910637454914614,48.39319713824217],[39.917405,48.39481],[39.918644,48.397611],[39.91605,48.40061],[39.915675173525955,48.40068120271052],[39.91646733126755,48.40146286747693],[39.91781235,48.40279007],[39.91316223,48.40615463],[39.90959549,48.40873337],[39.90950054738543,48.40942051131582],[39.90927085812172,48.411082873191944],[39.912763,48.41558],[39.910297,48.421956],[39.900444807153136,48.42695099527398],[39.898438567729116,48.429098643218914],[39.89783859,48.42974091],[39.89442444,48.4365921],[39.89429474,48.43739319],[39.89337651111208,48.44299305724321],[39.8932298474932,48.44388749304884],[39.896766,48.44422],[39.898555,48.445972],[39.897326,48.448112],[39.89551883246224,48.44880844494159],[39.89202880448358,48.45119271436514],[39.8826561,48.45759583],[39.87214661,48.46092606],[39.86971664,48.46169662],[39.85189056,48.47211075],[39.8517189,48.47293091],[39.84909447335735,48.4855475278164],[39.84783528059589,48.49160094671192],[39.84788015059626,48.494830901700325],[39.84819412,48.49692535],[39.84833689825551,48.497878051871076],[39.84862518,48.49980164],[39.85371399,48.50193024],[39.85385061807158,48.50194631791823],[39.85564753615715,48.50215777301466],[39.856659,48.501636],[39.861877,48.501924],[39.86363021327874,48.50309788704972],[39.86459732,48.50321198],[39.86483383,48.50323868],[39.86756119866119,48.5052124950948],[39.86911392,48.50633621],[39.86970901,48.51882553],[39.86975479,48.5197525],[39.85694885,48.55293655],[39.85641415679727,48.55432137744002],[39.85570027777332,48.556170286788735],[39.85763,48.561413],[39.8509080187486,48.568583071844955],[39.85005188,48.57080078],[39.84890366,48.57128143],[39.848038884718626,48.57164346376786],[39.846829,48.572934],[39.842985018580094,48.57375923909102],[39.840065,48.57498169],[39.83073831956762,48.57638840236136],[39.823308609707105,48.57798343790969],[39.82302523813339,48.578989434141484],[39.822937469064776,48.57930102274275],[39.8226615770729,48.580280465742526],[39.825482,48.581645],[39.826311,48.584207],[39.825051,48.586152],[39.82236,48.586636],[39.817682821784736,48.58526753786253],[39.81580867583802,48.5857020184421],[39.80271645997404,48.58873716815733],[39.80054123341071,48.589241447826474],[39.800216,48.589553],[39.796119,48.591847],[39.789985,48.593369],[39.773425,48.592326],[39.772062,48.591601],[39.77173828710442,48.590911724666846],[39.770181941018656,48.590620959472986],[39.76491928,48.58963776],[39.752339670099204,48.58804734472151],[39.75096578136145,48.58787364667708],[39.751054,48.588836],[39.749038,48.590243],[39.746721,48.590673],[39.745107557205905,48.59025922782633],[39.74380831911627,48.59088865609636],[39.74249268,48.59152603],[39.72779083,48.58761978],[39.6886673,48.59093094],[39.6851444206415,48.59197142769209],[39.68320646142569,48.592543806847495],[39.6789285,48.5982903],[39.67744780579765,48.59791839772014],[39.676835692448996,48.598726230752305],[39.6762619,48.59948349],[39.67860434461304,48.599160444593856],[39.67975194934286,48.59900217897939],[39.68231964,48.59864807],[39.67376709,48.60597229],[39.66777802,48.61067963],[39.66527176,48.61264801],[39.66559562704731,48.615167166535095],[39.66597345633473,48.61810606114158],[39.667989,48.621313],[39.6944975,48.6364796],[39.6945425,48.6421872],[39.69153,48.644962],[39.693715,48.649408],[39.7110568,48.6547855],[39.7109647,48.6680683],[39.709322250041936,48.667696989643524],[39.70944121612943,48.66867407121321],[39.70976639,48.67134476],[39.7086303969524,48.672242051227805],[39.70774623920903,48.67294042432859],[39.712113,48.674652],[39.714196,48.680225],[39.721986,48.682727],[39.722546,48.684956],[39.716681,48.689934],[39.71753254955028,48.69127640080549],[39.719653687007494,48.69229784133252],[39.72177887,48.69332123],[39.72180176,48.69348526],[39.72247696,48.69906616],[39.72024470883225,48.70080789460033],[39.7182555899293,48.70235992300443],[39.717876,48.703361],[39.71630275865783,48.70687935501441],[39.71746697411881,48.707444473832446],[39.72386932,48.71055222],[39.71571948684998,48.71135273325472],[39.71462631,48.71146011],[39.714056805570635,48.711902144649216],[39.712262,48.715916],[39.726615,48.729372],[39.726005874517476,48.733579674779556],[39.72664261,48.73352051],[39.72697881316623,48.736292468413104],[39.72701645,48.73660278],[39.72733688,48.73926163],[39.72743683191528,48.74009272222813],[39.72755586388185,48.74108246356566],[39.731647,48.742096],[39.732192,48.744333],[39.737309,48.743188],[39.740281,48.7443076],[39.736376,48.752183],[39.73707600698607,48.75487177481024],[39.738659590680854,48.75565386632365],[39.73868179,48.75566483],[39.738698504776885,48.755803322765026],[39.73937607,48.76141739],[39.738952035250016,48.76207772795035],[39.740082,48.766418],[39.755303,48.767977],[39.7634291,48.762787],[39.7701559,48.7670144],[39.76608071601007,48.77659808525896],[39.767546380441594,48.776474776388646],[39.76918793,48.77633667],[39.76932907,48.77632523],[39.7695694,48.77830505],[39.76978336557968,48.780094088821876],[39.769968166621524,48.781639273045805],[39.773495,48.784419],[39.780194,48.786082],[39.785854,48.799158],[39.797126,48.840576],[39.804672,48.843576],[39.808044,48.83948],[39.807503,48.838581],[39.8298919,48.832143],[39.8859763,48.8215592],[39.9475121,48.7964776],[39.976403,48.793903],[39.98660094267501,48.8014661323209],[39.98829336610557,48.801369344985545],[39.99103928,48.80121231],[40.0116539,48.81184006],[40.01594543,48.81618881],[40.02081299,48.82112503],[40.02266312,48.82299805],[40.02875137,48.82769394],[40.04408646,48.83952713],[40.04694366,48.8409996],[40.05453873,48.84491348],[40.07556152,48.85575104],[40.07618332,48.86153793],[40.08678436,48.86699295],[40.09658051,48.87791824],[40.09723282,48.88367462],[40.08771515,48.8897438],[40.0782547,48.90155029],[40.07843781,48.90492249],[40.07888031,48.9129982],[40.0705986,48.91343307],[40.06917572,48.91350937],[40.05954361,48.91404724],[40.049195835022616,48.91260579403138],[40.04661937010875,48.912246892241235],[40.031195,48.915801],[40.00398,48.900793],[39.99629479895308,48.877113110859504],[39.99492836767904,48.87719847964066],[39.98920822,48.87755585],[39.95199585,48.88586807],[39.94387436,48.89815903],[39.92076874,48.90991974],[39.91714478,48.91176605],[39.90781784,48.91241455],[39.90232849,48.90957642],[39.8978157,48.90724182],[39.88780975,48.90206909],[39.87779999,48.89690399],[39.86847305,48.89756012],[39.85915375,48.89821625],[39.85949326,48.90107346],[39.85984421,48.90402985],[39.85122299,48.91049576],[39.84191132,48.91114044],[39.84121323,48.90533066],[39.840930670476126,48.90296773420805],[39.84081677253818,48.9020152539252],[39.8349555,48.9009621],[39.8353697,48.8920876],[39.82789140718804,48.89000472411354],[39.82694183155161,48.89071638022109],[39.824874460524896,48.89226576413671],[39.823426512463655,48.89335092369817],[39.8226741,48.9032394],[39.814174244336016,48.905876875342265],[39.81337029372527,48.90712018894828],[39.81327438,48.90726852],[39.81278341281938,48.90730229665985],[39.80866809244179,48.90758541492527],[39.80533746468875,48.90861889701252],[39.80654219409858,48.90923893158261],[39.81397247,48.91306305],[39.80465698,48.91369629],[39.80535889,48.919487],[39.80281448,48.91965866],[39.78768158,48.92066956],[39.78672409,48.92073059],[39.78693008,48.92245483],[39.78742218,48.92650986],[39.78582764,48.92661667],[39.782038185660625,48.92686356423388],[39.78065278527322,48.92695382719435],[39.77813445544907,48.94337267434447],[39.77940568560019,48.944029806496594],[39.78019714,48.94443893],[39.78161621,48.94517517],[39.79022217,48.94962692],[39.78159714,48.95598602],[39.78229523,48.96176147],[39.77365875,48.96809387],[39.76431656,48.96864319],[39.76077271,48.97121811],[39.75566101,48.97493744],[39.75634003,48.98055267],[39.75635529,48.98069],[39.75705338,48.98644638],[39.75344044307813,48.98664211326862],[39.75101474640869,48.98677352700434],[39.74773404315718,48.98733258283689],[39.74784395972126,48.988242708072534],[39.74838257,48.99270248],[39.73900604,48.99319077],[39.72962189,48.9936676],[39.72022629,48.99412918],[39.72091293,48.99985504],[39.71150208,49.00029373],[39.70275497,49.00642395],[39.69501877,49.0067482],[39.69327927,49.00682449],[39.68305969,49.00150681],[39.67314148,48.99623871],[39.666865665711434,49.00101030580603],[39.66594345203108,49.001711478709986],[39.670277,49.003148],[39.679204,49.012886],[39.675092815281204,49.01440415836713],[39.67520245137118,49.015394877259645],[39.67538045090111,49.01700335761676],[39.67559814,49.01897049],[39.67626572,49.02466965],[39.675300712899485,49.024728009975284],[39.675663,49.026888],[39.681736,49.028733],[39.683582,49.036925],[39.67797680149128,49.038738168518925],[39.678094071481574,49.03970237298721],[39.67834473,49.04176331],[39.677887060617,49.04209924986464],[39.67696937714791,49.04277285065997],[39.693366,49.05054],[39.768105,49.039893],[39.803143,49.059202],[39.880305,49.06432],[39.910263,49.057462],[39.937951,49.056277],[39.941060520639866,49.06650631151337],[39.94272153918476,49.06737982723184],[39.94517899,49.06867218],[39.94522476,49.06903839],[39.94591141,49.07450104],[39.94693375,49.08252335],[39.94739532,49.08614349],[39.94433491447214,49.08846508452913],[39.943375160306346,49.08919314491209],[39.972108,49.124488],[40.008358844970445,49.15847480544903],[40.00993683109339,49.15838559843508],[40.01208496,49.15826416],[40.02182007,49.16338348],[40.02260208,49.16918945],[40.02264404,49.16948318],[40.022770169156054,49.17041717871895],[40.02301274847084,49.17221350223645],[40.02935727018201,49.17816177806949],[40.03216553,49.17965317],[40.03316498,49.18018341],[40.03320503095332,49.18048198336639],[40.07613,49.186828],[40.09073227995555,49.19775019665208],[40.106219150217235,49.207969434071615],[40.10760117,49.20888138],[40.10771862975513,49.20909099571618],[40.10927729055252,49.21187254245937],[40.1278120414221,49.2304495691638],[40.12966156,49.23169327],[40.132795353992115,49.23380035454255],[40.13656616,49.23633575],[40.14528306814323,49.23878630599255],[40.14822540744512,49.23961347625635],[40.188228,49.238626],[40.21437,49.244887],[40.219264,49.265172],[40.18715236917924,49.28348537255794],[40.18549122777316,49.28721970178997],[40.18404,49.303985],[40.188526,49.307443],[40.196814,49.345228],[40.17776282937224,49.3558727306083],[40.17738656488885,49.357266163876155],[40.17272568,49.37452698],[40.16678619,49.38857269],[40.16217041,49.39949417],[40.16156387,49.40984344],[40.16004181,49.43580627],[40.1632843,49.45814896],[40.18502808,49.47576141],[40.19781876,49.49091721],[40.21272278,49.50314713],[40.21740341,49.50698471],[40.21807098,49.51516342],[40.21404266,49.54549408],[40.20854568,49.56168747],[40.20746994,49.56257248],[40.18577194,49.58042526],[40.16201782,49.59616089],[40.15744781,49.60339355],[40.15093994,49.61368942],[40.15056992,49.61427689],[40.16477966,49.61412811],[40.17617798,49.61400604],[40.16579819,49.61561966],[40.15373611,49.61749649],[40.15031815,49.61566162],[40.15028381,49.61832428],[40.14110947,49.61889648],[40.1319046,49.61956024],[40.12275696,49.61445999],[40.12275978841484,49.61424504900692],[40.12276459,49.61388016],[40.122773705167894,49.6132911558514],[40.09103155112315,49.60575792657093],[40.0886116,49.60593796],[40.08796280991913,49.60598681353872],[40.07939148,49.60663223],[40.07564163,49.60691452],[40.07017899,49.60732269],[40.06097412,49.60802078],[40.05664493166091,49.60746712363307],[40.034673325974715,49.60465719289617],[39.99592906184292,49.60129177607094],[39.99037824090184,49.60171671939759],[39.97898865,49.60258865],[39.97625732,49.60279846],[39.95965542134854,49.59904806343962],[39.95690536,49.59842682],[39.95630738788464,49.59785014538906],[39.951954,49.597472],[39.935131,49.57399],[39.89997691281891,49.56175374425529],[39.89756601031006,49.56193430947265],[39.89485168,49.5621376],[39.88604736,49.56279755],[39.87662125,49.56350327],[39.85940933,49.57065964],[39.85028839,49.57134247],[39.84117126,49.57202911],[39.83804321,49.57044983],[39.8310318,49.5669136],[39.82556152,49.56732178],[39.82191086,49.56759644],[39.80367279,49.56895828],[39.79455185,49.56964111],[39.78644943,49.57612991],[39.7783432,49.58262253],[39.76273346,49.59514236],[39.76213837,49.5956192],[39.76029968,49.59638596],[39.74491119,49.60281372],[39.73680496,49.60932541],[39.72768402,49.61001968],[39.7195816,49.61653519],[39.70944214,49.61140823],[39.70032883,49.61207581],[39.69200134,49.61552048],[39.68313217,49.6191864],[39.67404175,49.61977386],[39.65687943,49.62677383],[39.64880371,49.63320541],[39.64979935,49.63911438],[39.64171982,49.64554596],[39.64271927,49.65146255],[39.63364792,49.65196991],[39.62048721,49.68261719],[39.62148285,49.6885643],[39.61341095,49.69498825],[39.61227417,49.69588852],[39.609624147165995,49.69799131950141],[39.60544831116563,49.701304855425285],[39.59781887197021,49.710960120193356],[39.59808965937316,49.712588997214205],[39.59827805,49.71372223],[39.59927368,49.71969604],[39.60008275801399,49.72454739574534],[39.60026932,49.72566605],[39.59973504224751,49.72568430239039],[39.610109,49.733798],[39.60584104570275,49.734192486690034],[39.60723592983924,49.734971738964575],[39.61098862,49.73706818],[39.61131668,49.73725128],[39.6124649,49.74238205],[39.6032753,49.74347687],[39.59423447,49.74373245],[39.58519363,49.74397659],[39.56712341,49.74446487],[39.54905701,49.74495697],[39.54823303,49.7455864],[39.54528809,49.7478447],[39.54101944,49.75111389],[39.53198624,49.75136185],[39.50587845,49.75801086],[39.47977448,49.76465988],[39.47075272,49.76491928],[39.45275497,49.76547623],[39.443747391483846,49.760430315641216],[39.44286728,49.75993729],[39.43529942468629,49.76021137127749],[39.43391418,49.76026154],[39.41519165,49.75517273],[39.414273411428795,49.754665070664416],[39.409596057297165,49.75207913867983],[39.404255023180674,49.74984420981949],[39.40194617960348,49.74994834491439],[39.39657211,49.75019073],[39.39619168041884,49.74754038840467],[39.39611435,49.74700165],[39.39602854099776,49.74640187972974],[39.391796260942456,49.74463090342921],[39.389500862139016,49.74474063139736],[39.38689041,49.74486542],[39.38496399,49.74380875],[39.377583409680255,49.73975380175045],[39.37724304,49.7395668],[39.37714833642572,49.7395717463815],[39.37563685588929,49.73965069123047],[39.37125397,49.73987961],[39.369707503916835,49.73996045552131],[39.36727718033182,49.740475111452206],[39.36211462882429,49.742514221997276],[39.3515358,49.74669266],[39.3388775428465,49.747435017250666],[39.33384323,49.74773026],[39.32973725393561,49.74937060807003],[39.31695175,49.75447845],[39.30809784,49.75505829],[39.2992363,49.75566101],[39.28931808,49.75967026],[39.28232574,49.76249695],[39.28024367836091,49.76410164703577],[39.27600970154879,49.76736487897492],[39.27547,49.768026],[39.27513361590207,49.76804010011822],[39.27427292,49.76870346],[39.27149963,49.76890945],[39.265849029308946,49.769330240793735],[39.26540375,49.7693634],[39.25734329,49.77557373],[39.25793457,49.77966309],[39.25814056,49.78109741],[39.25893021,49.78661346],[39.23733163514945,49.803052398720176],[39.23469564136961,49.80505868573279],[39.234647831656744,49.805141818396564],[39.234933112251326,49.80722320146986],[39.23538971,49.8105545],[39.22910841447733,49.82034012818969],[39.22797775,49.82210159],[39.22805786,49.82275772],[39.22849461948424,49.82625521500667],[39.23000717,49.83836746],[39.22679063578277,49.84072076641596],[39.222943506504365,49.8435354338196],[39.22186143212277,49.844872395800756],[39.22205030833969,49.84657788323087],[39.22206116,49.84667587],[39.22240448,49.84978485],[39.22027206,49.84992218],[39.21929305269283,49.84998472985255],[39.217638173945694,49.850090461874025],[39.2140332156364,49.85454458470067],[39.21416092,49.85573959],[39.21155087937107,49.85761164669533],[39.188395,49.886222],[39.178402,49.888001],[39.130738,49.861568],[39.13026211567089,49.861012155330286],[39.12765655896906,49.85982536969259],[39.12481689,49.85853195],[39.1245157043332,49.85615666645181],[39.12423938010046,49.85397745118252],[39.110366,49.837773],[39.0738185468253,49.820632970855534],[39.07190324039381,49.82084514112698],[39.06600189,49.82149887],[39.04910278,49.82888031],[39.04029465,49.82988739],[39.03149414,49.8309021],[39.02191544,49.82648468],[39.021249223180526,49.82191635985614],[39.02111435,49.82099152],[39.01979363683562,49.820362269364665],[39.00941697841477,49.81662080696651],[39.00920105,49.81664276],[39.00719744037675,49.81684975056196],[39.00262833,49.81732178],[38.99369431,49.81818771],[38.99266434,49.81246948],[38.98364639,49.8132782],[38.97351074,49.80830002],[38.973495781138865,49.8082181038498],[38.97343063,49.80786133],[38.973327448436685,49.8073103717331],[38.971138,49.807221],[38.96334163859142,49.803288334641294],[38.96358000337579,49.80454844131949],[38.96409988,49.80729675],[38.96443558,49.80906296],[38.95534515,49.80981827],[38.94986725,49.81026459],[38.94623947,49.81056213],[38.93712234,49.81128311],[38.93824005,49.81707764],[38.9309082,49.82304382],[38.93024445,49.8235817],[38.92225266,49.8300705],[38.92341614,49.83586884],[38.92459869,49.84166336],[38.92580032,49.8474617],[38.92702103,49.85326004],[38.91908646,49.85970306],[38.9202652,49.86540985],[38.92471695,49.86513901],[38.92951965,49.86484909],[38.92955399,49.86517334],[38.92941666,49.86543655],[38.92107773,49.86885452],[38.91852951,49.86876297],[38.91305923,49.86856461],[38.90250121480182,49.86818556507997],[38.900879487919234,49.86812734321487],[38.898467,49.870416],[38.876416,49.869423],[38.876096272483565,49.8691981702346],[38.874350531198466,49.86929911578737],[38.84964752,49.87072754],[38.84708023,49.87302399],[38.83163834,49.88682938],[38.82991409,49.88693237],[38.82057571,49.88749313],[38.81123734,49.88805771],[38.80189896,49.8886261],[38.79255676,49.88920212],[38.78419876,49.89516068],[38.78479004,49.89832306],[38.77864456,49.90089798],[38.76650238,49.90168381],[38.748806,49.90819931],[38.74046707,49.91405487],[38.74149704,49.91917801],[38.74187469,49.92095947],[38.73683167,49.9237709],[38.72344589,49.9333725],[38.7227478,49.93387604],[38.72206879,49.93436432],[38.70786285,49.93916321],[38.70425415,49.9403801],[38.70373917,49.94165039],[38.70097733,49.94847107],[38.70075989,49.94900513],[38.69970703,49.95160294],[38.6983223,49.95501709],[38.70252228,49.95795059],[38.70292664,49.96044159],[38.70336914,49.96366882],[38.70460892,49.96579361],[38.72294998,49.97402954],[38.72290802,49.97915649],[38.71814728,49.98239899],[38.71667543483431,49.98340007430938],[38.71524822625207,49.98437079877904],[38.715136,49.98771],[38.687546,50.008152],[38.679052,50.005448],[38.676054,49.992814],[38.679731,49.974494],[38.666941,49.972156],[38.651321831528875,49.95994451321122],[38.64969637557185,49.96008626132745],[38.64610291,49.96039963],[38.62929535,49.97121048],[38.61180115,49.97761154],[38.604082397938456,49.976349212447154],[38.600470887680586,49.97575858473046],[38.58157,49.977416],[38.57077621643538,49.97364885049048],[38.56606326409554,49.973026215307215],[38.56306076,49.97262955],[38.55228806,49.96915054],[38.54841232,49.96788406],[38.54162216,49.96566772],[38.53221893,49.96650696],[38.52280426,49.96696091],[38.52378464,49.96976471],[38.52455902,49.97197723],[38.51514816,49.97252274],[38.51343918,49.9717865],[38.50399017,49.96771622],[38.49616623,49.97332764],[38.4981842,49.97844696],[38.50008774,49.98330307],[38.49068451,49.98386383],[38.48124695,49.98436356],[38.47377014,49.98976898],[38.48506165,49.99391937],[38.47569275,49.99454498],[38.47754288,49.99921417],[38.45882797,50.0004158],[38.45774078,50.00048065],[38.44941711,50.00096512],[38.43998337,50.00146866],[38.439781398068995,50.00098188489153],[38.439421032262466,50.000113362697924],[38.434095,50.001019],[38.4210795223428,49.98685647355718],[38.41951523102799,49.98691791660628],[38.41471863,49.98710632],[38.406090643508335,49.98744867746548],[38.40520096,49.98748398],[38.405340982845814,49.98782450684748],[38.40730286,49.99259567],[38.3998909,49.99800873],[38.39247513,50.00334549],[38.37343597,50.00401306],[38.36601639,50.00924683],[38.36811829,50.01414871],[38.36428833,50.02144623],[38.3628006,50.02427673],[38.36403275,50.02814102],[38.36635971,50.03542328],[38.35853577,50.04149628],[38.35201645,50.05413437],[38.34889603,50.056633],[38.34404755,50.06051636],[38.34532547,50.06713486],[38.34765244,50.08023834],[38.342453,50.08374405],[38.3392601,50.08589935],[38.33356094,50.08455658],[38.33111057171447,50.08397818836135],[38.329759637425006,50.08365931013312],[38.329442,50.08551],[38.313196,50.088337],[38.301154,50.087142],[38.291305,50.079178],[38.275685,50.073117],[38.178568,50.079969],[38.185066,50.055692],[38.183827,50.045832],[38.18882,50.033],[38.185824,50.022553],[38.19436497435358,50.01290176992331],[38.193890491231286,50.011623151830996],[38.19063187,50.00284195],[38.19956207,50.00257111],[38.20197047869196,50.002493091772656],[38.2036236541617,50.002439538644374],[38.217126,49.987182],[38.20384597609353,49.97605485483686],[38.202228426441536,49.97617350854749],[38.20072174,49.97628403],[38.20054238140054,49.97476076817096],[38.20034983275325,49.97312548552755],[38.19716775176691,49.97045926464533],[38.19095612,49.96780777],[38.188181922815076,49.96537217831924],[38.162402,49.951496],[38.16284294039224,49.95103427097419],[38.16237259,49.95094681],[38.16161097380127,49.950610547956515],[38.1529808,49.94680023],[38.14019394,49.94111252],[38.13412094,49.93841171],[38.13317108,49.93894958],[38.12665263684716,49.93936518242683],[38.12539291,49.9394455],[38.125908653895074,49.94322558861235],[38.12604141,49.94419861],[38.12675476,49.94896317],[38.12705612,49.95082855],[38.12750244,49.95357513],[38.12293243,49.95388031],[38.11883545,49.95415115],[38.09209442,49.95125961],[38.08345795,49.95184708],[38.06443787,49.94385147],[38.0636673,49.93912888],[38.05412674,49.93515396],[38.04380035,49.92646408],[38.04195023,49.92576218],[38.03637314,49.92364883],[38.03404617,49.92276764],[38.03467941,49.92773438],[38.0333633275062,49.9286832250127],[38.03239645267784,49.92938030468902],[38.043687,49.932897],[38.03032497083992,49.94487588441797]]],[[[36.57180405,45.250044515100825],[36.57180405,45.24986267],[36.57263947,45.24986267],[36.57263947,45.2495842],[36.5731926,45.2495842],[36.5731926,45.24930573],[36.57402802,45.24930573],[36.57402802,45.24902725],[36.57458496,45.24902725],[36.57458496,45.24874878],[36.57541656,45.24874878],[36.57541656,45.248569012000885],[36.57541656,45.24847412],[36.57597351,45.24847031],[36.57597351,45.24819565],[36.57680511,45.24819565],[36.57680511,45.2476387],[36.57764053,45.2476387],[36.57764053,45.24736023],[36.57847214,45.24736023],[36.57847214,45.24708176],[36.57902908,45.24708176],[36.57902908,45.2468071],[36.57986069,45.2468071],[36.57986069,45.24652863],[36.58069611,45.24652863],[36.58069611,45.24625015],[36.58152771,45.24625015],[36.58152771,45.24597168],[36.58625031,45.24597168],[36.58625031,45.24625015],[36.58652878,45.24625015],[36.58652878,45.24652863],[36.58680725,45.24652863],[36.58680725,45.2468071],[36.58625031,45.2468071],[36.58625031,45.24708176],[36.58458328,45.24708176],[36.58458328,45.24736023],[36.58291626,45.24736023],[36.58291626,45.2476387],[36.58208466,45.2476387],[36.58208466,45.24791718],[36.58097076,45.24791718],[36.58097076,45.24819565],[36.58069611,45.24819565],[36.58069611,45.24847412],[36.58013916,45.24847412],[36.58013916,45.24874878],[36.57958221,45.24874878],[36.57958221,45.24902725],[36.57956540797428,45.24902725],[36.57902908,45.24902725],[36.57902908,45.24930573],[36.57875061,45.24930573],[36.57875061,45.2495842],[36.57819366,45.2495842],[36.57819366,45.24986267],[36.57791519,45.24986267],[36.57791519,45.25013733],[36.57736206,45.25013733],[36.57736206,45.2504158],[36.57708359,45.2504158],[36.57708359,45.25069427],[36.57652664,45.25069427],[36.57652664,45.25097275],[36.57624817,45.25097275],[36.57624817,45.25125122],[36.57569504,45.25125122],[36.57569504,45.25152588],[36.57541656,45.25152969],[36.57541656,45.25180435],[36.575035799561206,45.25180435],[36.557012,45.267052],[36.547052,45.279677],[36.531774,45.286199],[36.519242,45.293988],[36.50714,45.295558],[36.518298,45.288856],[36.533319,45.279798],[36.537782,45.273999],[36.54585,45.26808],[36.549112,45.261314],[36.55819321,45.256775616134654],[36.55819321,45.25652695],[36.55847168,45.25652695],[36.55847168,45.25624847],[36.55902863,45.25624847],[36.55902863,45.25597382],[36.5593071,45.25597382],[36.5593071,45.25569534],[36.55958176,45.25569534],[36.55958176,45.25541687],[36.5601387,45.25541687],[36.5601387,45.2551384],[36.56124878,45.2551384],[36.56124878,45.25485992],[36.56152725,45.25485992],[36.56152725,45.25458145],[36.56178284,45.25458145],[36.56236267,45.25458145],[36.56236267,45.25430679],[36.5629158,45.25430679],[36.5629158,45.25402832],[36.56347275,45.25402832],[36.56347275,45.25374985],[36.56375122,45.25374985],[36.56375122,45.25347137],[36.56430435,45.25347137],[36.56430435,45.2531929],[36.5648613,45.2531929],[36.5648613,45.25263977],[36.56541824,45.25263977],[36.56541824,45.2523613],[36.56597137,45.2523613],[36.56597137,45.25208282],[36.56680679,45.25208282],[36.56680679,45.25180435],[36.56735992,45.25180435],[36.56735992,45.25152588],[36.56819534,45.25152588],[36.56819534,45.25125122],[36.56902695,45.25125122],[36.56902695,45.25097275],[36.5698046222415,45.25097275],[36.571599,45.250076],[36.57180405,45.250044515100825]]],[[[36.416188035660035,50.31915691481682],[36.41457078528855,50.31921821355401],[36.40804291,50.31946564],[36.39725113,50.31373978],[36.38658524,50.30805206],[36.38631058,50.30665207],[36.38585321120312,50.304307347304366],[36.38565448215808,50.30328855348772],[36.373927,50.30029],[36.378047,50.293766],[36.363798,50.287487],[36.3656874,50.2718277],[36.3900716,50.2696972],[36.405358,50.261131],[36.415918,50.259725],[36.418364,50.256871],[36.423299,50.25399],[36.443985,50.248337],[36.448247,50.253593],[36.466356,50.251404],[36.481032,50.241639],[36.485493,50.242206],[36.505396,50.238677],[36.532801,50.242425],[36.569199,50.24454],[36.559931,50.250796],[36.56865,50.257768],[36.574008,50.255268],[36.577894,50.258635],[36.575109,50.260672],[36.580365,50.262584],[36.57871068155717,50.26579397541515],[36.57986942040633,50.26641159764103],[36.58280945,50.26797867],[36.58336639,50.27362061],[36.583443513329016,50.27448720842465],[36.5835239049171,50.275390530733034],[36.592604,50.275718],[36.592663,50.278079],[36.589552,50.279346],[36.588033,50.281698],[36.588574,50.283269],[36.58701444001808,50.28464731382186],[36.58889401995451,50.284517743765896],[36.59318924,50.28422165],[36.60145187,50.28861237],[36.60254669,50.2891922],[36.59719086,50.29304886],[36.59399414,50.29535294],[36.5954361,50.30115891],[36.58656693,50.30186844],[36.57769775,50.30257416],[36.57732391,50.29998779],[36.57603073,50.29107666],[36.56735229,50.29178238],[36.55807495,50.28678894],[36.54140472,50.29394531],[36.53763199,50.2970047],[36.53342438,50.30041504],[36.52995682,50.30070496],[36.5286026,50.30081558],[36.52478409,50.30113602],[36.52493668,50.30242157],[36.52545929,50.3068924],[36.51221466,50.30799866],[36.50819016,50.30833435],[36.50834656,50.30969238],[36.50886154,50.31409454],[36.50022507,50.31481934],[36.50047302,50.31653214],[36.50105667,50.32059097],[36.49313354,50.32691956],[36.48442459,50.32767105],[36.47328186,50.32505798],[36.46622086,50.32339859],[36.45694733,50.32384491],[36.45840073,50.32994843],[36.45848083,50.33154297],[36.45867157,50.33533859],[36.44981003,50.33600998],[36.44078064,50.3366127],[36.43637085,50.33240128],[36.43496845386448,50.33106300090183],[36.43390925137352,50.33005222476057],[36.433698,50.330681],[36.425543,50.32827],[36.416188035660035,50.31915691481682]]],[[[36.764979409499944,50.29367387864574],[36.763152247280054,50.29276289726946],[36.759547167658994,50.29096548685947],[36.75951767,50.29095078],[36.7608000906016,50.290002851297324],[36.760703,50.289948],[36.75466,50.290517],[36.747943,50.288235],[36.748032,50.287217],[36.750267,50.286309],[36.750696,50.283002],[36.749837,50.2809],[36.748778,50.280207],[36.744987,50.280684],[36.744887,50.281818],[36.742326,50.281619],[36.739936,50.282955],[36.728862,50.27733],[36.720128,50.277444],[36.727123,50.267794],[36.739773,50.265659],[36.755456,50.260293],[36.772227,50.255269],[36.789252,50.2458],[36.808508,50.248072],[36.821833,50.249554],[36.823421,50.249979],[36.829558,50.254164],[36.833142,50.256469],[36.837605,50.258828],[36.837776,50.261353],[36.8443,50.264233],[36.8559298,50.2572236],[36.8684253,50.2600501],[36.8809403,50.2504327],[36.8887974,50.2482311],[36.9042273,50.2492157],[36.9048187,50.2519582],[36.9086357,50.2545098],[36.9048364,50.2568556],[36.900233,50.2568212],[36.8992776,50.2540704],[36.8939941,50.2520663],[36.894431,50.2581996],[36.8988242,50.2630026],[36.9053791,50.2605364],[36.9060119,50.26235],[36.909048,50.2621882],[36.9091764,50.2641749],[36.9080605,50.2672708],[36.906,50.2673178],[36.904454,50.2683996],[36.8967261,50.2678202],[36.8963769,50.274672],[36.9151097,50.2813232],[36.9226951,50.2794497],[36.9285799,50.2714992],[36.9336067,50.2674978],[36.9355754,50.2679782],[36.94258,50.265355],[36.942632,50.2630609],[36.9471687,50.2629888],[36.9514481,50.270159],[36.9557768,50.2745336],[36.9548707,50.2786885],[36.9498712,50.2878203],[36.9624032,50.2911245],[36.9760529,50.2974386],[36.9738615,50.2990686],[36.9765848,50.3011443],[36.9816698,50.3027815],[36.9888344,50.301066],[36.9980172,50.3036544],[37.0060585,50.3016586],[37.0130603,50.3047678],[37.0220957,50.3063194],[37.0342196,50.3120915],[37.043667,50.317522],[37.053025,50.319278],[37.053801,50.322568],[37.04059,50.32723],[37.0443708,50.3313439],[37.0489831,50.3332094],[37.0467832,50.3338956],[37.0482581,50.3345126],[37.0488748,50.3356774],[37.0381007,50.3344226],[37.031315,50.33909],[37.032995,50.348824],[36.957421,50.34918],[36.937645,50.350224],[36.915294,50.346287],[36.887217832622405,50.33803902216727],[36.88732529,50.33873749],[36.88641641731795,50.338792756140144],[36.8781662,50.33929443],[36.87279074627329,50.33665799968837],[36.86817169,50.33439255],[36.86663746939208,50.334485919672744],[36.85902023,50.33494949],[36.85843007361691,50.33119344681636],[36.858253520948416,50.330069779486735],[36.851943,50.327594],[36.834916465318706,50.314350223548416],[36.83322839937149,50.31445163492484],[36.82806015,50.31476212],[36.81891632,50.31530762],[36.814461382180504,50.313113142555615],[36.810953829297866,50.31138534163049],[36.803938,50.309832],[36.800333,50.306023],[36.768364,50.30188],[36.764979409499944,50.29367387864574]]],[[[35.162895,51.109577],[35.154484,51.110223],[35.150535,51.106397],[35.154655,51.103002],[35.156458,51.103756],[35.164354,51.100738],[35.164097,51.10505],[35.166672,51.10575],[35.163753,51.107367],[35.162895,51.109577]]],[[[35.48760471652477,50.667142083674776],[35.48903114382123,50.66713579823514],[35.4921875,50.66712189],[35.50234604,50.6671257],[35.50344467,50.6729126],[35.50315857,50.67648315],[35.50353622,50.67681122],[35.50305176,50.67780685],[35.50302505,50.67812729],[35.50226974,50.68323135],[35.50220871,50.68365479],[35.50151443,50.68833923],[35.49289322,50.69420242],[35.48470306,50.69488907],[35.48214722,50.69660187],[35.47592926,50.70077133],[35.47546005,50.70593262],[35.47492218,50.71113205],[35.47436142,50.71636581],[35.47379303,50.72164154],[35.47358404939934,50.72369671531976],[35.47326876066514,50.72679735539379],[35.47317123,50.7277565],[35.47270584,50.73232269],[35.472333219761644,50.736322715052694],[35.472208179317796,50.73766500636295],[35.473853,50.7406877],[35.47374069260942,50.74079465885236],[35.47429105682157,50.741891721610706],[35.48423004,50.76170349],[35.483933995475304,50.76718781740779],[35.48392487,50.76735687],[35.4841397971808,50.76747430455245],[35.49095535,50.77119827],[35.49131775,50.77139664],[35.48879293418544,50.773951723828354],[35.487890895979795,50.77486457585444],[35.4891429,50.7766075],[35.4739399,50.7851814],[35.4623381,50.783119],[35.4507369,50.782792],[35.4347603,50.7924683],[35.4332372,50.7945317],[35.4161128,50.7984414],[35.4115648,50.8024082],[35.4101511,50.8058122],[35.413787,50.8167469],[35.4201812,50.8295974],[35.4197499,50.8416223],[35.4112467,50.8568402],[35.4032158,50.8652066],[35.3973111,50.8641888],[35.3903763,50.865771],[35.3927742,50.8394811],[35.3988303,50.8358585],[35.3953329,50.8172889],[35.3786917,50.8075476],[35.3822974,50.7996292],[35.394227,50.79187],[35.3937989,50.7812626],[35.4155463,50.7589082],[35.4178923,50.7486479],[35.4200652,50.7404511],[35.411514,50.7408178],[35.4046798,50.7372732],[35.4086922,50.7310531],[35.4226826,50.7273588],[35.4319522,50.719154],[35.4236266,50.7077953],[35.4081772,50.7032292],[35.3963109,50.7073057],[35.3884867,50.707523],[35.3876151,50.7038809],[35.3920518,50.6987709],[35.4012677,50.6985535],[35.4059455,50.6883867],[35.4138419,50.6789785],[35.4175887,50.6720306],[35.417559,50.6636675],[35.4094913,50.6554793],[35.4292475,50.6557391],[35.43093370575032,50.656271279942395],[35.43418587594902,50.65629405717827],[35.44369125,50.65636063],[35.45323563,50.66187668],[35.463636090388555,50.664790938111814],[35.46513849110606,50.66521191788719],[35.4856807,50.6558358],[35.4892589,50.6586512],[35.48760471652477,50.667142083674776]]],[[[35.3510305,51.0061708],[35.3580257,51.0053606],[35.3657503,51.007359],[35.36854,51.0085741],[35.3749772,51.0087901],[35.3758784,51.0103291],[35.3754922,51.0120302],[35.3672525,51.0113822],[35.350258,51.0110582],[35.3484127,51.0091815],[35.3510305,51.0061708]]],[[[37.432518,50.443688],[37.4404727,50.4335986],[37.4624306,50.4189023],[37.4654945,50.4308721],[37.4841668,50.4313827],[37.484493,50.445003],[37.490915,50.457394],[37.476859,50.459505],[37.473266,50.455697],[37.469072,50.453555],[37.4424897,50.4470187],[37.432518,50.443688]]],[[[34.2970749,51.7169533],[34.2991777,51.7121007],[34.3009707,51.7120983],[34.3037172,51.7166186],[34.3090484,51.7201572],[34.3051,51.7214599],[34.303212,51.7238259],[34.2997142,51.7236863],[34.2970749,51.7169533]]],[[[34.3559759,51.8608179],[34.3535726,51.8556759],[34.3481653,51.8516468],[34.3459337,51.8424208],[34.3597107,51.8420109],[34.3719414,51.8373571],[34.3792361,51.8398223],[34.3792361,51.8440647],[34.3741519,51.8450012],[34.369517,51.8450012],[34.3671138,51.8487129],[34.3676287,51.8521061],[34.3628222,51.855181],[34.3638522,51.8580436],[34.3559759,51.8608179]]],[[[34.4061823,51.2686798],[34.4009037,51.2709621],[34.3836947,51.2737812],[34.3790598,51.2705593],[34.385583,51.2594422],[34.4030066,51.2648131],[34.4061823,51.2686798]]],[[[36.1983428,50.391406],[36.2013254,50.3892445],[36.2075812,50.3914754],[36.2025176,50.3962084],[36.1989123,50.4002846],[36.1897284,50.3984791],[36.1876685,50.3943208],[36.1917884,50.390381],[36.1983428,50.391406]]],[[[35.3454315,50.9327806],[35.3439858,50.9354808],[35.3394501,50.9341781],[35.3331252,50.9344934],[35.331799,50.9300868],[35.3340778,50.9276273],[35.3409683,50.9245577],[35.3456264,50.9255997],[35.3471943,50.9198782],[35.354599,50.9161034],[35.3627173,50.9197551],[35.3767521,50.9195643],[35.3888609,50.9147995],[35.4005445,50.9147915],[35.3928049,50.9192164],[35.3930469,50.9246962],[35.3875975,50.9236282],[35.3736289,50.9234186],[35.3659145,50.9260185],[35.3726191,50.9324592],[35.3643201,50.9325809],[35.3549054,50.931079],[35.3545903,50.9319274],[35.3533421,50.9322748],[35.3503772,50.9317566],[35.347752,50.9319373],[35.3475011,50.9324069],[35.3483661,50.9328495],[35.3454315,50.9327806]]],[[[37.0804141,50.3474233],[37.0808896,50.3394776],[37.0751195,50.3385725],[37.0731263,50.3358047],[37.0760596,50.3321779],[37.0831985,50.3334258],[37.0834722,50.3476026],[37.0804141,50.3474233]]],[[[36.2303407,50.3717829],[36.2190902,50.3649557],[36.2238491,50.358275],[36.241996,50.358383],[36.2329557,50.3642512],[36.2303407,50.3717829]]],[[[37.1383816,50.3609458],[37.1347781,50.3474996],[37.125352,50.3412013],[37.1302519,50.3344368],[37.1372106,50.3318347],[37.1576516,50.3350682],[37.1613571,50.3437785],[37.1882832,50.3539652],[37.1803359,50.3631659],[37.1491147,50.3558986],[37.1383816,50.3609458]]],[[[37.585999,50.2391294],[37.5700114,50.2368298],[37.5423682,50.2441611],[37.5274277,50.2431466],[37.5284523,50.2362035],[37.5223564,50.229053],[37.5277193,50.2207553],[37.5457845,50.2267337],[37.5692796,50.229815],[37.5988438,50.2213721],[37.6148445,50.2223728],[37.6268952,50.2405027],[37.6255996,50.2455236],[37.6268095,50.2547934],[37.6107567,50.2558021],[37.594958,50.2507926],[37.5885963,50.2456012],[37.585999,50.2391294]]],[[[35.3279976,51.0711103],[35.3258518,51.0741304],[35.3279976,51.0770425],[35.3123764,51.0773121],[35.3116898,51.078768],[35.3043083,51.0788759],[35.3031925,51.0774739],[35.304995,51.0762875],[35.3037933,51.0742383],[35.2868929,51.0675402],[35.2952961,51.0634513],[35.3056816,51.0621567],[35.3215603,51.0669573],[35.3279976,51.0711103]]]]}}],"properties":{"source":"DeepStateMap (deepstatemap.live), the map of 2026-10-06T20:54:09.000Z (id 1791320049): its occupied areas, the parts of the Donetsk and Lugansk regions held since 2014, Crimea and Tuzla","fetched":"2026-10-08T05:12:31.364Z"}}