<?xml version="1.0" encoding="UTF-8"?>
<kml xmlns="http://www.opengis.net/kml/2.2">
  <Document>
    <name>IDF Control</name>
    <Style id="poly-3949AB-1000-122-normal">
      <LineStyle>
        <color>ffab4939</color>
        <width>1</width>
      </LineStyle>
      <PolyStyle>
        <color>7aab4939</color>
        <fill>1</fill>
        <outline>1</outline>
      </PolyStyle>
    </Style>
    <Style id="poly-3949AB-1000-122-highlight">
      <LineStyle>
        <color>ffab4939</color>
        <width>1.5</width>
      </LineStyle>
      <PolyStyle>
        <color>7aab4939</color>
        <fill>1</fill>
        <outline>1</outline>
      </PolyStyle>
    </Style>
    <StyleMap id="poly-3949AB-1000-122">
      <Pair>
        <key>normal</key>
        <styleUrl>#poly-3949AB-1000-122-normal</styleUrl>
      </Pair>
      <Pair>
        <key>highlight</key>
        <styleUrl>#poly-3949AB-1000-122-highlight</styleUrl>
      </Pair>
    </StyleMap>
    <Style id="poly-3949AB-1000-130-normal">
      <LineStyle>
        <color>ffab4939</color>
        <width>1</width>
      </LineStyle>
      <PolyStyle>
        <color>82ab4939</color>
        <fill>1</fill>
        <outline>1</outline>
      </PolyStyle>
    </Style>
    <Style id="poly-3949AB-1000-130-highlight">
      <LineStyle>
        <color>ffab4939</color>
        <width>1.5</width>
      </LineStyle>
      <PolyStyle>
        <color>82ab4939</color>
        <fill>1</fill>
        <outline>1</outline>
      </PolyStyle>
    </Style>
    <StyleMap id="poly-3949AB-1000-130">
      <Pair>
        <key>normal</key>
        <styleUrl>#poly-3949AB-1000-130-normal</styleUrl>
      </Pair>
      <Pair>
        <key>highlight</key>
        <styleUrl>#poly-3949AB-1000-130-highlight</styleUrl>
      </Pair>
    </StyleMap>
    <Style id="poly-3949AB-1000-133-normal">
      <LineStyle>
        <color>ffab4939</color>
        <width>1</width>
      </LineStyle>
      <PolyStyle>
        <color>85ab4939</color>
        <fill>1</fill>
        <outline>1</outline>
      </PolyStyle>
    </Style>
    <Style id="poly-3949AB-1000-133-highlight">
      <LineStyle>
        <color>ffab4939</color>
        <width>1.5</width>
      </LineStyle>
      <PolyStyle>
        <color>85ab4939</color>
        <fill>1</fill>
        <outline>1</outline>
      </PolyStyle>
    </Style>
    <StyleMap id="poly-3949AB-1000-133">
      <Pair>
        <key>normal</key>
        <styleUrl>#poly-3949AB-1000-133-normal</styleUrl>
      </Pair>
      <Pair>
        <key>highlight</key>
        <styleUrl>#poly-3949AB-1000-133-highlight</styleUrl>
      </Pair>
    </StyleMap>
    <Style id="poly-3949AB-1000-150-normal">
      <LineStyle>
        <color>ffab4939</color>
        <width>1</width>
      </LineStyle>
      <PolyStyle>
        <color>96ab4939</color>
        <fill>1</fill>
        <outline>1</outline>
      </PolyStyle>
    </Style>
    <Style id="poly-3949AB-1000-150-highlight">
      <LineStyle>
        <color>ffab4939</color>
        <width>1.5</width>
      </LineStyle>
      <PolyStyle>
        <color>96ab4939</color>
        <fill>1</fill>
        <outline>1</outline>
      </PolyStyle>
    </Style>
    <StyleMap id="poly-3949AB-1000-150">
      <Pair>
        <key>normal</key>
        <styleUrl>#poly-3949AB-1000-150-normal</styleUrl>
      </Pair>
      <Pair>
        <key>highlight</key>
        <styleUrl>#poly-3949AB-1000-150-highlight</styleUrl>
      </Pair>
    </StyleMap>
    <Style id="poly-3949AB-1200-115-normal">
      <LineStyle>
        <color>ffab4939</color>
        <width>1.2</width>
      </LineStyle>
      <PolyStyle>
        <color>73ab4939</color>
        <fill>1</fill>
        <outline>1</outline>
      </PolyStyle>
    </Style>
    <Style id="poly-3949AB-1200-115-highlight">
      <LineStyle>
        <color>ffab4939</color>
        <width>1.8</width>
      </LineStyle>
      <PolyStyle>
        <color>73ab4939</color>
        <fill>1</fill>
        <outline>1</outline>
      </PolyStyle>
    </Style>
    <StyleMap id="poly-3949AB-1200-115">
      <Pair>
        <key>normal</key>
        <styleUrl>#poly-3949AB-1200-115-normal</styleUrl>
      </Pair>
      <Pair>
        <key>highlight</key>
        <styleUrl>#poly-3949AB-1200-115-highlight</styleUrl>
      </Pair>
    </StyleMap>
    <Style id="poly-3949AB-1200-117-normal">
      <LineStyle>
        <color>ffab4939</color>
        <width>1.2</width>
      </LineStyle>
      <PolyStyle>
        <color>75ab4939</color>
        <fill>1</fill>
        <outline>1</outline>
      </PolyStyle>
    </Style>
    <Style id="poly-3949AB-1200-117-highlight">
      <LineStyle>
        <color>ffab4939</color>
        <width>1.8</width>
      </LineStyle>
      <PolyStyle>
        <color>75ab4939</color>
        <fill>1</fill>
        <outline>1</outline>
      </PolyStyle>
    </Style>
    <StyleMap id="poly-3949AB-1200-117">
      <Pair>
        <key>normal</key>
        <styleUrl>#poly-3949AB-1200-117-normal</styleUrl>
      </Pair>
      <Pair>
        <key>highlight</key>
        <styleUrl>#poly-3949AB-1200-117-highlight</styleUrl>
      </Pair>
    </StyleMap>
    <Style id="poly-3949AB-1200-120-normal">
      <LineStyle>
        <color>ffab4939</color>
        <width>1.2</width>
      </LineStyle>
      <PolyStyle>
        <color>78ab4939</color>
        <fill>1</fill>
        <outline>1</outline>
      </PolyStyle>
    </Style>
    <Style id="poly-3949AB-1200-120-highlight">
      <LineStyle>
        <color>ffab4939</color>
        <width>1.8</width>
      </LineStyle>
      <PolyStyle>
        <color>78ab4939</color>
        <fill>1</fill>
        <outline>1</outline>
      </PolyStyle>
    </Style>
    <StyleMap id="poly-3949AB-1200-120">
      <Pair>
        <key>normal</key>
        <styleUrl>#poly-3949AB-1200-120-normal</styleUrl>
      </Pair>
      <Pair>
        <key>highlight</key>
        <styleUrl>#poly-3949AB-1200-120-highlight</styleUrl>
      </Pair>
    </StyleMap>
    <Style id="poly-3949AB-1200-122-normal">
      <LineStyle>
        <color>ffab4939</color>
        <width>1.2</width>
      </LineStyle>
      <PolyStyle>
        <color>7aab4939</color>
        <fill>1</fill>
        <outline>1</outline>
      </PolyStyle>
    </Style>
    <Style id="poly-3949AB-1200-122-highlight">
      <LineStyle>
        <color>ffab4939</color>
        <width>1.8</width>
      </LineStyle>
      <PolyStyle>
        <color>7aab4939</color>
        <fill>1</fill>
        <outline>1</outline>
      </PolyStyle>
    </Style>
    <StyleMap id="poly-3949AB-1200-122">
      <Pair>
        <key>normal</key>
        <styleUrl>#poly-3949AB-1200-122-normal</styleUrl>
      </Pair>
      <Pair>
        <key>highlight</key>
        <styleUrl>#poly-3949AB-1200-122-highlight</styleUrl>
      </Pair>
    </StyleMap>
    <Style id="poly-3949AB-1200-125-normal">
      <LineStyle>
        <color>ffab4939</color>
        <width>1.2</width>
      </LineStyle>
      <PolyStyle>
        <color>7dab4939</color>
        <fill>1</fill>
        <outline>1</outline>
      </PolyStyle>
    </Style>
    <Style id="poly-3949AB-1200-125-highlight">
      <LineStyle>
        <color>ffab4939</color>
        <width>1.8</width>
      </LineStyle>
      <PolyStyle>
        <color>7dab4939</color>
        <fill>1</fill>
        <outline>1</outline>
      </PolyStyle>
    </Style>
    <StyleMap id="poly-3949AB-1200-125">
      <Pair>
        <key>normal</key>
        <styleUrl>#poly-3949AB-1200-125-normal</styleUrl>
      </Pair>
      <Pair>
        <key>highlight</key>
        <styleUrl>#poly-3949AB-1200-125-highlight</styleUrl>
      </Pair>
    </StyleMap>
    <Style id="poly-3949AB-1200-128-normal">
      <LineStyle>
        <color>ffab4939</color>
        <width>1.2</width>
      </LineStyle>
      <PolyStyle>
        <color>80ab4939</color>
        <fill>1</fill>
        <outline>1</outline>
      </PolyStyle>
    </Style>
    <Style id="poly-3949AB-1200-128-highlight">
      <LineStyle>
        <color>ffab4939</color>
        <width>1.8</width>
      </LineStyle>
      <PolyStyle>
        <color>80ab4939</color>
        <fill>1</fill>
        <outline>1</outline>
      </PolyStyle>
    </Style>
    <StyleMap id="poly-3949AB-1200-128">
      <Pair>
        <key>normal</key>
        <styleUrl>#poly-3949AB-1200-128-normal</styleUrl>
      </Pair>
      <Pair>
        <key>highlight</key>
        <styleUrl>#poly-3949AB-1200-128-highlight</styleUrl>
      </Pair>
    </StyleMap>
    <Style id="poly-3949AB-1200-130-normal">
      <LineStyle>
        <color>ffab4939</color>
        <width>1.2</width>
      </LineStyle>
      <PolyStyle>
        <color>82ab4939</color>
        <fill>1</fill>
        <outline>1</outline>
      </PolyStyle>
    </Style>
    <Style id="poly-3949AB-1200-130-highlight">
      <LineStyle>
        <color>ffab4939</color>
        <width>1.8</width>
      </LineStyle>
      <PolyStyle>
        <color>82ab4939</color>
        <fill>1</fill>
        <outline>1</outline>
      </PolyStyle>
    </Style>
    <StyleMap id="poly-3949AB-1200-130">
      <Pair>
        <key>normal</key>
        <styleUrl>#poly-3949AB-1200-130-normal</styleUrl>
      </Pair>
      <Pair>
        <key>highlight</key>
        <styleUrl>#poly-3949AB-1200-130-highlight</styleUrl>
      </Pair>
    </StyleMap>
    <Style id="poly-3949AB-1200-133-normal">
      <LineStyle>
        <color>ffab4939</color>
        <width>1.2</width>
      </LineStyle>
      <PolyStyle>
        <color>85ab4939</color>
        <fill>1</fill>
        <outline>1</outline>
      </PolyStyle>
    </Style>
    <Style id="poly-3949AB-1200-133-highlight">
      <LineStyle>
        <color>ffab4939</color>
        <width>1.8</width>
      </LineStyle>
      <PolyStyle>
        <color>85ab4939</color>
        <fill>1</fill>
        <outline>1</outline>
      </PolyStyle>
    </Style>
    <StyleMap id="poly-3949AB-1200-133">
      <Pair>
        <key>normal</key>
        <styleUrl>#poly-3949AB-1200-133-normal</styleUrl>
      </Pair>
      <Pair>
        <key>highlight</key>
        <styleUrl>#poly-3949AB-1200-133-highlight</styleUrl>
      </Pair>
    </StyleMap>
    <Style id="poly-3949AB-1200-135-normal">
      <LineStyle>
        <color>ffab4939</color>
        <width>1.2</width>
      </LineStyle>
      <PolyStyle>
        <color>87ab4939</color>
        <fill>1</fill>
        <outline>1</outline>
      </PolyStyle>
    </Style>
    <Style id="poly-3949AB-1200-135-highlight">
      <LineStyle>
        <color>ffab4939</color>
        <width>1.8</width>
      </LineStyle>
      <PolyStyle>
        <color>87ab4939</color>
        <fill>1</fill>
        <outline>1</outline>
      </PolyStyle>
    </Style>
    <StyleMap id="poly-3949AB-1200-135">
      <Pair>
        <key>normal</key>
        <styleUrl>#poly-3949AB-1200-135-normal</styleUrl>
      </Pair>
      <Pair>
        <key>highlight</key>
        <styleUrl>#poly-3949AB-1200-135-highlight</styleUrl>
      </Pair>
    </StyleMap>
    <Style id="poly-3949AB-1200-138-normal">
      <LineStyle>
        <color>ffab4939</color>
        <width>1.2</width>
      </LineStyle>
      <PolyStyle>
        <color>8aab4939</color>
        <fill>1</fill>
        <outline>1</outline>
      </PolyStyle>
    </Style>
    <Style id="poly-3949AB-1200-138-highlight">
      <LineStyle>
        <color>ffab4939</color>
        <width>1.8</width>
      </LineStyle>
      <PolyStyle>
        <color>8aab4939</color>
        <fill>1</fill>
        <outline>1</outline>
      </PolyStyle>
    </Style>
    <StyleMap id="poly-3949AB-1200-138">
      <Pair>
        <key>normal</key>
        <styleUrl>#poly-3949AB-1200-138-normal</styleUrl>
      </Pair>
      <Pair>
        <key>highlight</key>
        <styleUrl>#poly-3949AB-1200-138-highlight</styleUrl>
      </Pair>
    </StyleMap>
    <Style id="poly-3949AB-1200-140-normal">
      <LineStyle>
        <color>ffab4939</color>
        <width>1.2</width>
      </LineStyle>
      <PolyStyle>
        <color>8cab4939</color>
        <fill>1</fill>
        <outline>1</outline>
      </PolyStyle>
    </Style>
    <Style id="poly-3949AB-1200-140-highlight">
      <LineStyle>
        <color>ffab4939</color>
        <width>1.8</width>
      </LineStyle>
      <PolyStyle>
        <color>8cab4939</color>
        <fill>1</fill>
        <outline>1</outline>
      </PolyStyle>
    </Style>
    <StyleMap id="poly-3949AB-1200-140">
      <Pair>
        <key>normal</key>
        <styleUrl>#poly-3949AB-1200-140-normal</styleUrl>
      </Pair>
      <Pair>
        <key>highlight</key>
        <styleUrl>#poly-3949AB-1200-140-highlight</styleUrl>
      </Pair>
    </StyleMap>
    <Style id="poly-3949AB-1200-143-normal">
      <LineStyle>
        <color>ffab4939</color>
        <width>1.2</width>
      </LineStyle>
      <PolyStyle>
        <color>8fab4939</color>
        <fill>1</fill>
        <outline>1</outline>
      </PolyStyle>
    </Style>
    <Style id="poly-3949AB-1200-143-highlight">
      <LineStyle>
        <color>ffab4939</color>
        <width>1.8</width>
      </LineStyle>
      <PolyStyle>
        <color>8fab4939</color>
        <fill>1</fill>
        <outline>1</outline>
      </PolyStyle>
    </Style>
    <StyleMap id="poly-3949AB-1200-143">
      <Pair>
        <key>normal</key>
        <styleUrl>#poly-3949AB-1200-143-normal</styleUrl>
      </Pair>
      <Pair>
        <key>highlight</key>
        <styleUrl>#poly-3949AB-1200-143-highlight</styleUrl>
      </Pair>
    </StyleMap>
    <Style id="poly-3949AB-1200-145-normal">
      <LineStyle>
        <color>ffab4939</color>
        <width>1.2</width>
      </LineStyle>
      <PolyStyle>
        <color>91ab4939</color>
        <fill>1</fill>
        <outline>1</outline>
      </PolyStyle>
    </Style>
    <Style id="poly-3949AB-1200-145-highlight">
      <LineStyle>
        <color>ffab4939</color>
        <width>1.8</width>
      </LineStyle>
      <PolyStyle>
        <color>91ab4939</color>
        <fill>1</fill>
        <outline>1</outline>
      </PolyStyle>
    </Style>
    <StyleMap id="poly-3949AB-1200-145">
      <Pair>
        <key>normal</key>
        <styleUrl>#poly-3949AB-1200-145-normal</styleUrl>
      </Pair>
      <Pair>
        <key>highlight</key>
        <styleUrl>#poly-3949AB-1200-145-highlight</styleUrl>
      </Pair>
    </StyleMap>
    <Style id="poly-3949AB-1200-148-normal">
      <LineStyle>
        <color>ffab4939</color>
        <width>1.2</width>
      </LineStyle>
      <PolyStyle>
        <color>94ab4939</color>
        <fill>1</fill>
        <outline>1</outline>
      </PolyStyle>
    </Style>
    <Style id="poly-3949AB-1200-148-highlight">
      <LineStyle>
        <color>ffab4939</color>
        <width>1.8</width>
      </LineStyle>
      <PolyStyle>
        <color>94ab4939</color>
        <fill>1</fill>
        <outline>1</outline>
      </PolyStyle>
    </Style>
    <StyleMap id="poly-3949AB-1200-148">
      <Pair>
        <key>normal</key>
        <styleUrl>#poly-3949AB-1200-148-normal</styleUrl>
      </Pair>
      <Pair>
        <key>highlight</key>
        <styleUrl>#poly-3949AB-1200-148-highlight</styleUrl>
      </Pair>
    </StyleMap>
    <Style id="poly-3949AB-1200-150-normal">
      <LineStyle>
        <color>ffab4939</color>
        <width>1.2</width>
      </LineStyle>
      <PolyStyle>
        <color>96ab4939</color>
        <fill>1</fill>
        <outline>1</outline>
      </PolyStyle>
    </Style>
    <Style id="poly-3949AB-1200-150-highlight">
      <LineStyle>
        <color>ffab4939</color>
        <width>1.8</width>
      </LineStyle>
      <PolyStyle>
        <color>96ab4939</color>
        <fill>1</fill>
        <outline>1</outline>
      </PolyStyle>
    </Style>
    <StyleMap id="poly-3949AB-1200-150">
      <Pair>
        <key>normal</key>
        <styleUrl>#poly-3949AB-1200-150-normal</styleUrl>
      </Pair>
      <Pair>
        <key>highlight</key>
        <styleUrl>#poly-3949AB-1200-150-highlight</styleUrl>
      </Pair>
    </StyleMap>
    <Style id="poly-3949AB-1200-156-normal">
      <LineStyle>
        <color>ffab4939</color>
        <width>1.2</width>
      </LineStyle>
      <PolyStyle>
        <color>9cab4939</color>
        <fill>1</fill>
        <outline>1</outline>
      </PolyStyle>
    </Style>
    <Style id="poly-3949AB-1200-156-highlight">
      <LineStyle>
        <color>ffab4939</color>
        <width>1.8</width>
      </LineStyle>
      <PolyStyle>
        <color>9cab4939</color>
        <fill>1</fill>
        <outline>1</outline>
      </PolyStyle>
    </Style>
    <StyleMap id="poly-3949AB-1200-156">
      <Pair>
        <key>normal</key>
        <styleUrl>#poly-3949AB-1200-156-normal</styleUrl>
      </Pair>
      <Pair>
        <key>highlight</key>
        <styleUrl>#poly-3949AB-1200-156-highlight</styleUrl>
      </Pair>
    </StyleMap>
    <Style id="poly-3949AB-1200-163-normal">
      <LineStyle>
        <color>ffab4939</color>
        <width>1.2</width>
      </LineStyle>
      <PolyStyle>
        <color>a3ab4939</color>
        <fill>1</fill>
        <outline>1</outline>
      </PolyStyle>
    </Style>
    <Style id="poly-3949AB-1200-163-highlight">
      <LineStyle>
        <color>ffab4939</color>
        <width>1.8</width>
      </LineStyle>
      <PolyStyle>
        <color>a3ab4939</color>
        <fill>1</fill>
        <outline>1</outline>
      </PolyStyle>
    </Style>
    <StyleMap id="poly-3949AB-1200-163">
      <Pair>
        <key>normal</key>
        <styleUrl>#poly-3949AB-1200-163-normal</styleUrl>
      </Pair>
      <Pair>
        <key>highlight</key>
        <styleUrl>#poly-3949AB-1200-163-highlight</styleUrl>
      </Pair>
    </StyleMap>
    <Style id="poly-3949AB-1200-196-normal">
      <LineStyle>
        <color>ffab4939</color>
        <width>1.2</width>
      </LineStyle>
      <PolyStyle>
        <color>c4ab4939</color>
        <fill>1</fill>
        <outline>1</outline>
      </PolyStyle>
    </Style>
    <Style id="poly-3949AB-1200-196-highlight">
      <LineStyle>
        <color>ffab4939</color>
        <width>1.8</width>
      </LineStyle>
      <PolyStyle>
        <color>c4ab4939</color>
        <fill>1</fill>
        <outline>1</outline>
      </PolyStyle>
    </Style>
    <StyleMap id="poly-3949AB-1200-196">
      <Pair>
        <key>normal</key>
        <styleUrl>#poly-3949AB-1200-196-normal</styleUrl>
      </Pair>
      <Pair>
        <key>highlight</key>
        <styleUrl>#poly-3949AB-1200-196-highlight</styleUrl>
      </Pair>
    </StyleMap>
    <Style id="poly-B2EBF2-1200-128-normal">
      <LineStyle>
        <color>fff2ebb2</color>
        <width>1.2</width>
      </LineStyle>
      <PolyStyle>
        <color>80f2ebb2</color>
        <fill>1</fill>
        <outline>1</outline>
      </PolyStyle>
    </Style>
    <Style id="poly-B2EBF2-1200-128-highlight">
      <LineStyle>
        <color>fff2ebb2</color>
        <width>1.8</width>
      </LineStyle>
      <PolyStyle>
        <color>80f2ebb2</color>
        <fill>1</fill>
        <outline>1</outline>
      </PolyStyle>
    </Style>
    <StyleMap id="poly-B2EBF2-1200-128">
      <Pair>
        <key>normal</key>
        <styleUrl>#poly-B2EBF2-1200-128-normal</styleUrl>
      </Pair>
      <Pair>
        <key>highlight</key>
        <styleUrl>#poly-B2EBF2-1200-128-highlight</styleUrl>
      </Pair>
    </StyleMap>
    <Style id="poly-B2EBF2-1200-130-normal">
      <LineStyle>
        <color>fff2ebb2</color>
        <width>1.2</width>
      </LineStyle>
      <PolyStyle>
        <color>82f2ebb2</color>
        <fill>1</fill>
        <outline>1</outline>
      </PolyStyle>
    </Style>
    <Style id="poly-B2EBF2-1200-130-highlight">
      <LineStyle>
        <color>fff2ebb2</color>
        <width>1.8</width>
      </LineStyle>
      <PolyStyle>
        <color>82f2ebb2</color>
        <fill>1</fill>
        <outline>1</outline>
      </PolyStyle>
    </Style>
    <StyleMap id="poly-B2EBF2-1200-130">
      <Pair>
        <key>normal</key>
        <styleUrl>#poly-B2EBF2-1200-130-normal</styleUrl>
      </Pair>
      <Pair>
        <key>highlight</key>
        <styleUrl>#poly-B2EBF2-1200-130-highlight</styleUrl>
      </Pair>
    </StyleMap>
    <Style id="poly-B2EBF2-1200-133-normal">
      <LineStyle>
        <color>fff2ebb2</color>
        <width>1.2</width>
      </LineStyle>
      <PolyStyle>
        <color>85f2ebb2</color>
        <fill>1</fill>
        <outline>1</outline>
      </PolyStyle>
    </Style>
    <Style id="poly-B2EBF2-1200-133-highlight">
      <LineStyle>
        <color>fff2ebb2</color>
        <width>1.8</width>
      </LineStyle>
      <PolyStyle>
        <color>85f2ebb2</color>
        <fill>1</fill>
        <outline>1</outline>
      </PolyStyle>
    </Style>
    <StyleMap id="poly-B2EBF2-1200-133">
      <Pair>
        <key>normal</key>
        <styleUrl>#poly-B2EBF2-1200-133-normal</styleUrl>
      </Pair>
      <Pair>
        <key>highlight</key>
        <styleUrl>#poly-B2EBF2-1200-133-highlight</styleUrl>
      </Pair>
    </StyleMap>
    <Style id="poly-B2EBF2-1200-143-normal">
      <LineStyle>
        <color>fff2ebb2</color>
        <width>1.2</width>
      </LineStyle>
      <PolyStyle>
        <color>8ff2ebb2</color>
        <fill>1</fill>
        <outline>1</outline>
      </PolyStyle>
    </Style>
    <Style id="poly-B2EBF2-1200-143-highlight">
      <LineStyle>
        <color>fff2ebb2</color>
        <width>1.8</width>
      </LineStyle>
      <PolyStyle>
        <color>8ff2ebb2</color>
        <fill>1</fill>
        <outline>1</outline>
      </PolyStyle>
    </Style>
    <StyleMap id="poly-B2EBF2-1200-143">
      <Pair>
        <key>normal</key>
        <styleUrl>#poly-B2EBF2-1200-143-normal</styleUrl>
      </Pair>
      <Pair>
        <key>highlight</key>
        <styleUrl>#poly-B2EBF2-1200-143-highlight</styleUrl>
      </Pair>
    </StyleMap>
    <Placemark>
      <name>9.11.26 (lebanon)</name>
      <description><![CDATA[description: <br>שם: ]]></description>
      <styleUrl>#poly-B2EBF2-1200-133</styleUrl>
      <ExtendedData>
        <Data name="description">
          <value/>
        </Data>
        <Data name="שם">
          <value/>
        </Data>
      </ExtendedData>
      <Polygon>
        <outerBoundaryIs>
          <LinearRing>
            <tessellate>1</tessellate>
            <coordinates>
              35.5230936,33.3591619,0
              35.5239775,33.3623286,0
              35.5242223,33.3663024,0
              35.5240936,33.3706391,0
              35.5233211,33.3745814,0
              35.5181712,33.3764091,0
              35.5126781,33.3744022,0
              35.5111331,33.3705316,0
              35.5119485,33.3596714,0
              35.5150063,33.3574869,0
              35.5210336,33.3584809,0
              35.5230936,33.3591619,0
            </coordinates>
          </LinearRing>
        </outerBoundaryIs>
      </Polygon>
    </Placemark>
    <Placemark>
      <name>9.11.26 (lebanon)</name>
      <description><![CDATA[description: <br>שם: ]]></description>
      <styleUrl>#poly-B2EBF2-1200-128</styleUrl>
      <ExtendedData>
        <Data name="description">
          <value/>
        </Data>
        <Data name="שם">
          <value/>
        </Data>
      </ExtendedData>
      <Polygon>
        <outerBoundaryIs>
          <LinearRing>
            <tessellate>1</tessellate>
            <coordinates>
              35.5115313,33.1939211,0
              35.5055661,33.1932029,0
              35.5005235,33.1943161,0
              35.4988927,33.1962913,0
              35.4995419,33.2016893,0
              35.5047507,33.2048019,0
              35.5046005,33.2086979,0
              35.5192308,33.2164142,0
              35.5208439,33.2192717,0
              35.519814,33.2199,0
              35.5184192,33.2189306,0
              35.5030995,33.2193043,0
              35.5018335,33.2207583,0
              35.4968599,33.2232225,0
              35.4959203,33.2246456,0
              35.5002825,33.2293783,0
              35.4986604,33.2352135,0
              35.5024712,33.2415468,0
              35.5056898,33.2419775,0
              35.5148087,33.2463225,0
              35.5159352,33.246134,0
              35.5172334,33.2451201,0
              35.5184779,33.2452457,0
              35.5186925,33.2460353,0
              35.5174694,33.2473453,0
              35.5165896,33.2494628,0
              35.5053113,33.2518659,0
              35.4981444,33.253122,0
              35.4900534,33.2514566,0
              35.4812358,33.2489588,0
              35.4787896,33.2452262,0
              35.4790042,33.2421395,0
              35.4772018,33.2396987,0
              35.4757426,33.238263,0
              35.4744552,33.2337043,0
              35.4777167,33.2309402,0
              35.4788755,33.2281761,0
              35.4804204,33.2223244,0
              35.482137,33.2203858,0
              35.4835961,33.2193805,0
              35.4865144,33.215144,0
              35.4861281,33.2113022,0
              35.4853557,33.208717,0
              35.4838107,33.2051621,0
              35.4847978,33.2015713,0
              35.4857419,33.1969388,0
              35.4878018,33.1934554,0
              35.492671,33.192406,0
              35.5011485,33.191947,0
              35.5115313,33.1939211,0
            </coordinates>
          </LinearRing>
        </outerBoundaryIs>
      </Polygon>
    </Placemark>
    <Placemark>
      <name>9.11.26 (Lebanon)</name>
      <description><![CDATA[description: <br>שם: ]]></description>
      <styleUrl>#poly-B2EBF2-1200-130</styleUrl>
      <ExtendedData>
        <Data name="description">
          <value/>
        </Data>
        <Data name="שם">
          <value/>
        </Data>
      </ExtendedData>
      <Polygon>
        <outerBoundaryIs>
          <LinearRing>
            <tessellate>1</tessellate>
            <coordinates>
              35.5202513,33.1515639,0
              35.5260255,33.1516112,0
              35.52948,33.1520415,0
              35.5301855,33.1530756,0
              35.5318946,33.159367,0
              35.526309,33.1591955,0
              35.5202513,33.1515639,0
            </coordinates>
          </LinearRing>
        </outerBoundaryIs>
      </Polygon>
    </Placemark>
    <Placemark>
      <name>9.11.26 (Lebanon)</name>
      <description><![CDATA[description: <br>שם: ]]></description>
      <styleUrl>#poly-B2EBF2-1200-143</styleUrl>
      <ExtendedData>
        <Data name="description">
          <value/>
        </Data>
        <Data name="שם">
          <value/>
        </Data>
      </ExtendedData>
      <Polygon>
        <outerBoundaryIs>
          <LinearRing>
            <tessellate>1</tessellate>
            <coordinates>
              35.4745544,33.1386968,0
              35.4780539,33.1351198,0
              35.4805547,33.1352393,0
              35.4920362,33.131628,0
              35.4949528,33.1340215,0
              35.4963261,33.1374355,0
              35.4979998,33.1385854,0
              35.4994374,33.1379386,0
              35.5050379,33.1390346,0
              35.502935,33.1417836,0
              35.50305,33.146312,0
              35.5049804,33.1488188,0
              35.5110652,33.1550085,0
              35.5113315,33.1586386,0
              35.510602,33.1616205,0
              35.5077669,33.1640563,0
              35.5031852,33.1663545,0
              35.499709,33.1721021,0
              35.4989908,33.1772935,0
              35.4996981,33.1796696,0
              35.4972304,33.1809267,0
              35.4962434,33.1818606,0
              35.4956211,33.1833691,0
              35.4957713,33.1841772,0
              35.4930899,33.1804903,0
              35.492532,33.1754616,0
              35.4952571,33.1714026,0
              35.4967416,33.1650153,0
              35.4968704,33.162285,0
              35.492021,33.1588361,0
              35.4906048,33.1552074,0
              35.4862703,33.1521894,0
              35.4856695,33.1476981,0
              35.482365,33.1465482,0
              35.4792536,33.1412661,0
              35.4745544,33.1386968,0
            </coordinates>
          </LinearRing>
        </outerBoundaryIs>
      </Polygon>
    </Placemark>
    <Placemark>
      <name>8.5.26</name>
      <description><![CDATA[description: <br>שם: ]]></description>
      <styleUrl>#poly-B2EBF2-1200-130</styleUrl>
      <ExtendedData>
        <Data name="description">
          <value/>
        </Data>
        <Data name="שם">
          <value/>
        </Data>
      </ExtendedData>
      <Polygon>
        <outerBoundaryIs>
          <LinearRing>
            <tessellate>1</tessellate>
            <coordinates>
              34.277195,31.3291961,0
              34.2810895,31.3249987,0
              34.2842224,31.324852,0
              34.285424,31.3256036,0
              34.289653,31.326681,0
              34.2889298,31.3271261,0
              34.284767,31.3286108,0
              34.2799605,31.3294906,0
              34.277195,31.3291961,0
            </coordinates>
          </LinearRing>
        </outerBoundaryIs>
      </Polygon>
    </Placemark>
    <Placemark>
      <name>7.26.26</name>
      <description><![CDATA[description: <br>שם: ]]></description>
      <styleUrl>#poly-3949AB-1200-138</styleUrl>
      <ExtendedData>
        <Data name="description">
          <value/>
        </Data>
        <Data name="שם">
          <value/>
        </Data>
      </ExtendedData>
      <Polygon>
        <outerBoundaryIs>
          <LinearRing>
            <tessellate>1</tessellate>
            <coordinates>
              34.350056,31.386181,0
              34.3517468,31.3853423,0
              34.3553088,31.3809642,0
              34.3551581,31.3804027,0
              34.3564348,31.3822437,0
              34.3578725,31.3835443,0
              34.3592243,31.3865851,0
              34.3675713,31.3927397,0
              34.3675284,31.3944706,0
              34.3629476,31.3931838,0
              34.358935,31.393889,0
              34.3552577,31.3907087,0
              34.3545496,31.3910293,0
              34.3527365,31.3890235,0
              34.350056,31.386181,0
            </coordinates>
          </LinearRing>
        </outerBoundaryIs>
      </Polygon>
    </Placemark>
    <Placemark>
      <name>7.18.26</name>
      <description><![CDATA[description: <br>שם: ]]></description>
      <styleUrl>#poly-3949AB-1200-163</styleUrl>
      <ExtendedData>
        <Data name="description">
          <value/>
        </Data>
        <Data name="שם">
          <value/>
        </Data>
      </ExtendedData>
      <Polygon>
        <outerBoundaryIs>
          <LinearRing>
            <tessellate>1</tessellate>
            <coordinates>
              34.4149178,31.455449,0
              34.4126948,31.4535351,0
              34.4115576,31.4529402,0
              34.4044014,31.4474943,0
              34.4094033,31.4426399,0
              34.4124932,31.4393446,0
              34.412815,31.4381912,0
              34.414364,31.435505,0
              34.415037,31.436511,0
              34.4154772,31.4381495,0
              34.4153914,31.4403052,0
              34.415508,31.440575,0
              34.416212,31.441237,0
              34.41634,31.4425362,0
              34.4140073,31.4455408,0
              34.4123999,31.4482388,0
              34.4114792,31.4504889,0
              34.4115436,31.4506903,0
              34.411843,31.450898,0
              34.4133407,31.4515941,0
              34.4138342,31.4519373,0
              34.4149124,31.4542272,0
              34.4149902,31.455147,0
              34.4149178,31.455449,0
            </coordinates>
          </LinearRing>
        </outerBoundaryIs>
      </Polygon>
    </Placemark>
    <Placemark>
      <name>7.18.26</name>
      <description><![CDATA[description: <br>שם: ]]></description>
      <styleUrl>#poly-3949AB-1200-150</styleUrl>
      <ExtendedData>
        <Data name="description">
          <value/>
        </Data>
        <Data name="שם">
          <value/>
        </Data>
      </ExtendedData>
      <Polygon>
        <outerBoundaryIs>
          <LinearRing>
            <tessellate>1</tessellate>
            <coordinates>
              34.3356399,31.3679199,0
              34.3374551,31.3667568,0
              34.3388982,31.3681859,0
              34.3429739,31.3714668,0
              34.3464191,31.373183,0
              34.3491228,31.3734303,0
              34.3511398,31.3760409,0
              34.3511348,31.3768029,0
              34.3532698,31.3782685,0
              34.3542247,31.3796882,0
              34.3542247,31.380192,0
              34.3551581,31.3804027,0
              34.3553088,31.3809642,0
              34.3517468,31.3853423,0
              34.350056,31.386181,0
              34.3471673,31.3850048,0
              34.3447855,31.381964,0
              34.3428328,31.3796741,0
              34.3393782,31.3763949,0
              34.3372109,31.3741049,0
              34.336112,31.3722803,0
              34.3356399,31.3679199,0
            </coordinates>
          </LinearRing>
        </outerBoundaryIs>
      </Polygon>
    </Placemark>
    <Placemark>
      <name>7.18.26</name>
      <description><![CDATA[description: <br>שם: ]]></description>
      <styleUrl>#poly-3949AB-1200-145</styleUrl>
      <ExtendedData>
        <Data name="description">
          <value/>
        </Data>
        <Data name="שם">
          <value/>
        </Data>
      </ExtendedData>
      <Polygon>
        <outerBoundaryIs>
          <LinearRing>
            <tessellate>1</tessellate>
            <coordinates>
              34.2735257,31.3277298,0
              34.2705423,31.3288202,0
              34.2621944,31.3288107,0
              34.2580423,31.3288336,0
              34.2566046,31.3293239,0
              34.2523024,31.3312759,0
              34.244696,31.3314226,0
              34.2445273,31.3314216,0
              34.2452139,31.3303883,0
              34.2451707,31.3276847,0
              34.2439291,31.3260796,0
              34.2431381,31.3239616,0
              34.2516209,31.3170835,0
              34.257632,31.318169,0
              34.260806,31.317216,0
              34.262969,31.317007,0
              34.265004,31.31707,0
              34.267862,31.317343,0
              34.268115,31.31789,0
              34.268866,31.318249,0
              34.2701902,31.3185829,0
              34.2715345,31.3199696,0
              34.2729893,31.3272532,0
              34.2735257,31.3277298,0
            </coordinates>
          </LinearRing>
        </outerBoundaryIs>
      </Polygon>
    </Placemark>
    <Placemark>
      <name>7.18.26 (Lebanon)</name>
      <description><![CDATA[description: <br>שם: ]]></description>
      <styleUrl>#poly-3949AB-1200-130</styleUrl>
      <ExtendedData>
        <Data name="description">
          <value/>
        </Data>
        <Data name="שם">
          <value/>
        </Data>
      </ExtendedData>
      <Polygon>
        <outerBoundaryIs>
          <LinearRing>
            <tessellate>1</tessellate>
            <coordinates>
              35.5097225,33.3461128,0
              35.5090174,33.3454682,0
              35.5109915,33.3450918,0
              35.5127939,33.3448767,0
              35.5149397,33.3452711,0
              35.5181798,33.3450918,0
              35.5217203,33.3469918,0
              35.5212504,33.3492242,0
              35.5135901,33.3498694,0
              35.5118734,33.3490629,0
              35.5062944,33.3501921,0
              35.5097225,33.3461128,0
            </coordinates>
          </LinearRing>
        </outerBoundaryIs>
      </Polygon>
    </Placemark>
    <Placemark>
      <name>7.18.26 (Lebanon)</name>
      <description><![CDATA[description: <br>שם: ]]></description>
      <styleUrl>#poly-3949AB-1200-130</styleUrl>
      <ExtendedData>
        <Data name="description">
          <value/>
        </Data>
        <Data name="שם">
          <value/>
        </Data>
      </ExtendedData>
      <Polygon>
        <outerBoundaryIs>
          <LinearRing>
            <tessellate>1</tessellate>
            <coordinates>
              35.362128,33.157908,0
              35.3790899,33.1615733,0
              35.3824857,33.1641775,0
              35.3817098,33.1681774,0
              35.38422,33.170594,0
              35.3802289,33.1719052,0
              35.377375,33.1721207,0
              35.3745855,33.1709353,0
              35.3741135,33.169678,0
              35.3721823,33.1664808,0
              35.369642,33.165512,0
              35.368513,33.1656725,0
              35.3677405,33.1653852,0
              35.3663029,33.1643254,0
              35.365466,33.1610921,0
              35.362128,33.157908,0
            </coordinates>
          </LinearRing>
        </outerBoundaryIs>
      </Polygon>
    </Placemark>
    <Placemark>
      <name>7.18.2026 (Lebanon)</name>
      <description><![CDATA[description: <br>שם: ]]></description>
      <styleUrl>#poly-3949AB-1200-130</styleUrl>
      <ExtendedData>
        <Data name="description">
          <value/>
        </Data>
        <Data name="שם">
          <value/>
        </Data>
      </ExtendedData>
      <Polygon>
        <outerBoundaryIs>
          <LinearRing>
            <tessellate>1</tessellate>
            <coordinates>
              35.4282282,33.1643295,0
              35.4317794,33.163602,0
              35.4369935,33.161644,0
              35.4332168,33.1575842,0
              35.4373617,33.1565929,0
              35.4400224,33.1609759,0
              35.4424901,33.1625028,0
              35.4417176,33.1653229,0
              35.4368252,33.1678555,0
              35.4353232,33.1667958,0
              35.4330487,33.1644607,0
              35.4282282,33.1643295,0
            </coordinates>
          </LinearRing>
        </outerBoundaryIs>
      </Polygon>
    </Placemark>
    <Placemark>
      <name>6.23.26</name>
      <description><![CDATA[description: <br>שם: ]]></description>
      <styleUrl>#poly-3949AB-1200-145</styleUrl>
      <ExtendedData>
        <Data name="description">
          <value/>
        </Data>
        <Data name="שם">
          <value/>
        </Data>
      </ExtendedData>
      <Polygon>
        <outerBoundaryIs>
          <LinearRing>
            <tessellate>1</tessellate>
            <coordinates>
              34.435516,31.466814,0
              34.4292854,31.4669555,0
              34.4265476,31.4645932,0
              34.4195947,31.4594902,0
              34.4182491,31.4584577,0
              34.4191656,31.4584881,0
              34.4203243,31.4570375,0
              34.4238694,31.4550701,0
              34.424926,31.454786,0
              34.428374,31.458671,0
              34.43015,31.459911,0
              34.435516,31.466814,0
            </coordinates>
          </LinearRing>
        </outerBoundaryIs>
      </Polygon>
    </Placemark>
    <Placemark>
      <name>6.23.26</name>
      <description><![CDATA[description: <br>שם: ]]></description>
      <styleUrl>#poly-3949AB-1200-133</styleUrl>
      <ExtendedData>
        <Data name="description">
          <value/>
        </Data>
        <Data name="שם">
          <value/>
        </Data>
      </ExtendedData>
      <Polygon>
        <outerBoundaryIs>
          <LinearRing>
            <tessellate>1</tessellate>
            <coordinates>
              34.289653,31.326681,0
              34.2929426,31.3280361,0
              34.2970474,31.330889,0
              34.3049937,31.3347188,0
              34.3024081,31.3373672,0
              34.2957669,31.3338849,0
              34.2939055,31.3314977,0
              34.289653,31.326681,0
            </coordinates>
          </LinearRing>
        </outerBoundaryIs>
      </Polygon>
    </Placemark>
    <Placemark>
      <name>6.23.26</name>
      <description><![CDATA[description: <br>שם: ]]></description>
      <styleUrl>#poly-3949AB-1200-150</styleUrl>
      <ExtendedData>
        <Data name="description">
          <value/>
        </Data>
        <Data name="שם">
          <value/>
        </Data>
      </ExtendedData>
      <Polygon>
        <outerBoundaryIs>
          <LinearRing>
            <tessellate>1</tessellate>
            <coordinates>
              34.2348177,31.3367782,0
              34.2313971,31.3338911,0
              34.2374731,31.328755,0
              34.2431381,31.3239616,0
              34.2439291,31.3260796,0
              34.2451707,31.3276847,0
              34.2452139,31.3303883,0
              34.2439695,31.3323083,0
              34.2425103,31.3321686,0
              34.2398013,31.3332638,0
              34.2379962,31.3356625,0
              34.2348177,31.3367782,0
            </coordinates>
          </LinearRing>
        </outerBoundaryIs>
      </Polygon>
    </Placemark>
    <Placemark>
      <name>6.18.26 (lebanon)</name>
      <description><![CDATA[description: <br>שם: ]]></description>
      <styleUrl>#poly-3949AB-1200-130</styleUrl>
      <ExtendedData>
        <Data name="description">
          <value/>
        </Data>
        <Data name="שם">
          <value/>
        </Data>
      </ExtendedData>
      <Polygon>
        <outerBoundaryIs>
          <LinearRing>
            <tessellate>1</tessellate>
            <coordinates>
              35.5210336,33.3584809,0
              35.5150063,33.3574869,0
              35.5092127,33.3556767,0
              35.5042774,33.3531854,0
              35.5051357,33.3511421,0
              35.5062944,33.3501921,0
              35.5118734,33.3490629,0
              35.5135901,33.3498694,0
              35.5212504,33.3492242,0
              35.5209049,33.3518852,0
              35.5201561,33.3544938,0
              35.5210336,33.3584809,0
            </coordinates>
          </LinearRing>
        </outerBoundaryIs>
      </Polygon>
    </Placemark>
    <Placemark>
      <name>6.18.26 (Lebanon)</name>
      <description><![CDATA[description: <br>שם: ]]></description>
      <styleUrl>#poly-3949AB-1200-145</styleUrl>
      <ExtendedData>
        <Data name="description">
          <value/>
        </Data>
        <Data name="שם">
          <value/>
        </Data>
      </ExtendedData>
      <Polygon>
        <outerBoundaryIs>
          <LinearRing>
            <tessellate>1</tessellate>
            <coordinates>
              35.4733857,33.3277264,0
              35.4742869,33.3319217,0
              35.4781493,33.3354176,0
              35.4750861,33.3379025,0
              35.4752939,33.338473,0
              35.476317,33.3385237,0
              35.4764136,33.3391959,0
              35.4767569,33.3392138,0
              35.4782322,33.3364621,0
              35.4811665,33.3341943,0
              35.4861744,33.332101,0
              35.4789188,33.3415227,0
              35.4789617,33.3451974,0
              35.478082,33.3469003,0
              35.4761078,33.3481192,0
              35.4751852,33.348388,0
              35.4746273,33.3482805,0
              35.4735544,33.3447672,0
              35.4698422,33.3400886,0
              35.4685762,33.336575,0
              35.4733857,33.3277264,0
            </coordinates>
          </LinearRing>
        </outerBoundaryIs>
      </Polygon>
    </Placemark>
    <Placemark>
      <name>6.18.26 (Lebanon)</name>
      <description><![CDATA[description: <br>שם: ]]></description>
      <styleUrl>#poly-3949AB-1200-130</styleUrl>
      <ExtendedData>
        <Data name="description">
          <value/>
        </Data>
        <Data name="שם">
          <value/>
        </Data>
      </ExtendedData>
      <Polygon>
        <outerBoundaryIs>
          <LinearRing>
            <tessellate>1</tessellate>
            <coordinates>
              35.3824857,33.1641775,0
              35.3889593,33.1664986,0
              35.3931038,33.1667405,0
              35.3945415,33.1661298,0
              35.3960736,33.1641229,0
              35.3972753,33.1617159,0
              35.4048928,33.1622188,0
              35.4013436,33.1677284,0
              35.400983,33.169544,0
              35.3998201,33.1707998,0
              35.3972462,33.1705736,0
              35.3972135,33.171917,0
              35.3913872,33.172973,0
              35.3896062,33.1741584,0
              35.3878896,33.1742842,0
              35.3859799,33.1722187,0
              35.3817098,33.1681774,0
              35.3819244,33.1672075,0
              35.3824857,33.1641775,0
            </coordinates>
          </LinearRing>
        </outerBoundaryIs>
      </Polygon>
    </Placemark>
    <Placemark>
      <name>6.18.26 (Lebanon)</name>
      <description><![CDATA[description: <br>שם: ]]></description>
      <styleUrl>#poly-3949AB-1200-133</styleUrl>
      <ExtendedData>
        <Data name="description">
          <value/>
        </Data>
        <Data name="שם">
          <value/>
        </Data>
      </ExtendedData>
      <Polygon>
        <outerBoundaryIs>
          <LinearRing>
            <tessellate>1</tessellate>
            <coordinates>
              35.2087107,33.1569784,0
              35.217001,33.147106,0
              35.2248375,33.1425941,0
              35.2275489,33.1372723,0
              35.2299435,33.1371706,0
              35.2306301,33.1401891,0
              35.2277763,33.1426686,0
              35.2283556,33.1447167,0
              35.229654,33.146114,0
              35.2283015,33.1475873,0
              35.2254698,33.1480094,0
              35.2242467,33.1475512,0
              35.2217362,33.1485573,0
              35.2217576,33.149734,0
              35.2242574,33.1514048,0
              35.2281198,33.153363,0
              35.233849,33.1540456,0
              35.2347877,33.1537312,0
              35.235182,33.1527387,0
              35.2336558,33.1495903,0
              35.2337202,33.1491052,0
              35.2331408,33.1475961,0
              35.2362093,33.1431585,0
              35.2364454,33.1453974,0
              35.2371313,33.1458626,0
              35.2414121,33.1483733,0
              35.2419057,33.1538527,0
              35.2414551,33.1544275,0
              35.2421202,33.1584694,0
              35.2412619,33.1609843,0
              35.2412834,33.1618285,0
              35.2406826,33.1622776,0
              35.2407255,33.1627805,0
              35.2392664,33.1631937,0
              35.2383437,33.1631218,0
              35.2340736,33.1639077,0
              35.2296533,33.1627626,0
              35.2206626,33.1635709,0
              35.2193107,33.1660138,0
              35.2173581,33.1657803,0
              35.2121439,33.1661036,0
              35.2099337,33.164487,0
              35.2131095,33.1604274,0
              35.2087107,33.1569784,0
            </coordinates>
          </LinearRing>
        </outerBoundaryIs>
      </Polygon>
    </Placemark>
    <Placemark>
      <name>6.13.26 (Lebanon)</name>
      <description><![CDATA[description: <br>שם: ]]></description>
      <styleUrl>#poly-3949AB-1200-145</styleUrl>
      <ExtendedData>
        <Data name="description">
          <value/>
        </Data>
        <Data name="שם">
          <value/>
        </Data>
      </ExtendedData>
      <Polygon>
        <outerBoundaryIs>
          <LinearRing>
            <tessellate>1</tessellate>
            <coordinates>
              35.5972987,33.3157417,0
              35.6021911,33.3221608,0
              35.6045085,33.3262846,0
              35.6076413,33.3298703,0
              35.6105905,33.3390683,0
              35.6077222,33.3460793,0
              35.5971445,33.3524035,0
              35.5974449,33.347797,0
              35.5942262,33.3417383,0
              35.5930888,33.3387444,0
              35.5900205,33.3302649,0
              35.5947841,33.3196866,0
              35.5972987,33.3157417,0
            </coordinates>
          </LinearRing>
        </outerBoundaryIs>
      </Polygon>
    </Placemark>
    <Placemark>
      <name>6.13.26 (Lebanon)</name>
      <description><![CDATA[description: <br>שם: ]]></description>
      <styleUrl>#poly-3949AB-1200-138</styleUrl>
      <ExtendedData>
        <Data name="description">
          <value/>
        </Data>
        <Data name="שם">
          <value/>
        </Data>
      </ExtendedData>
      <Polygon>
        <outerBoundaryIs>
          <LinearRing>
            <tessellate>1</tessellate>
            <coordinates>
              35.504952,33.1487545,0
              35.5119472,33.1477843,0
              35.5199724,33.1455925,0
              35.5202513,33.1515639,0
              35.526309,33.1591955,0
              35.5170393,33.1567524,0
              35.5158377,33.1531775,0
              35.5122113,33.1524051,0
              35.5110097,33.1547225,0
              35.504952,33.1487545,0
            </coordinates>
          </LinearRing>
        </outerBoundaryIs>
      </Polygon>
    </Placemark>
    <Placemark>
      <name>6.13.26 (Lebanon)</name>
      <description><![CDATA[description: <br>שם: ]]></description>
      <styleUrl>#poly-3949AB-1200-138</styleUrl>
      <ExtendedData>
        <Data name="description">
          <value/>
        </Data>
        <Data name="שם">
          <value/>
        </Data>
      </ExtendedData>
      <Polygon>
        <outerBoundaryIs>
          <LinearRing>
            <tessellate>1</tessellate>
            <coordinates>
              35.4781493,33.3354176,0
              35.4811665,33.3341943,0
              35.4782322,33.3364621,0
              35.4767569,33.3392138,0
              35.4764136,33.3391959,0
              35.476317,33.3385237,0
              35.4752939,33.338473,0
              35.4750861,33.3379025,0
              35.4770738,33.336134,0
              35.4781493,33.3354176,0
            </coordinates>
          </LinearRing>
        </outerBoundaryIs>
      </Polygon>
    </Placemark>
    <Placemark>
      <name>6.13.26 (Lebanon)</name>
      <description><![CDATA[description: <br>שם: ]]></description>
      <styleUrl>#poly-3949AB-1200-128</styleUrl>
      <ExtendedData>
        <Data name="description">
          <value/>
        </Data>
        <Data name="שם">
          <value/>
        </Data>
      </ExtendedData>
      <Polygon>
        <outerBoundaryIs>
          <LinearRing>
            <tessellate>1</tessellate>
            <coordinates>
              35.3901585,33.1454402,0
              35.3943428,33.1427992,0
              35.3974541,33.1434999,0
              35.4068526,33.1479195,0
              35.4095992,33.1489795,0
              35.4129466,33.1473806,0
              35.4153498,33.1440389,0
              35.4175385,33.1389901,0
              35.4173454,33.1361153,0
              35.4235952,33.1343314,0
              35.4265778,33.1387336,0
              35.4319636,33.1394523,0
              35.442935,33.137611,0
              35.433174,33.1451166,0
              35.4321226,33.1461135,0
              35.4314037,33.1489834,0
              35.431334,33.1498974,0
              35.4310953,33.1522767,0
              35.4335603,33.1531648,0
              35.4308994,33.1566859,0
              35.4332168,33.1575842,0
              35.4369935,33.161644,0
              35.4317794,33.163602,0
              35.4282282,33.1643295,0
              35.4252776,33.1666376,0
              35.4230103,33.165675,0
              35.4202281,33.165359,0
              35.4182686,33.16329,0
              35.4170106,33.1611638,0
              35.4138939,33.1607193,0
              35.4081756,33.1601894,0
              35.4048928,33.1622188,0
              35.3972753,33.1617159,0
              35.3960736,33.1641229,0
              35.3944429,33.1662693,0
              35.3929194,33.1667813,0
              35.3889593,33.1664986,0
              35.3867156,33.1656591,0
              35.3824857,33.1641775,0
              35.3790899,33.1615733,0
              35.362128,33.157908,0
              35.3659127,33.1519477,0
              35.3746446,33.1522312,0
              35.3756317,33.1531654,0
              35.3781208,33.1526444,0
              35.3814467,33.1524468,0
              35.386103,33.150776,0
              35.3870936,33.1498173,0
              35.3850945,33.1475782,0
              35.3843006,33.1456558,0
              35.3845795,33.1447036,0
              35.386382,33.1444521,0
              35.3876694,33.145018,0
              35.3901585,33.1454402,0
            </coordinates>
          </LinearRing>
        </outerBoundaryIs>
      </Polygon>
    </Placemark>
    <Placemark>
      <name>6.13.26 (Lebanon)</name>
      <description><![CDATA[description: <br>שם: ]]></description>
      <styleUrl>#poly-3949AB-1200-120</styleUrl>
      <ExtendedData>
        <Data name="description">
          <value/>
        </Data>
        <Data name="שם">
          <value/>
        </Data>
      </ExtendedData>
      <Polygon>
        <outerBoundaryIs>
          <LinearRing>
            <tessellate>1</tessellate>
            <coordinates>
              35.2275489,33.1372723,0
              35.233033,33.1334835,0
              35.2365384,33.1322208,0
              35.235351,33.1351091,0
              35.2362093,33.1431585,0
              35.2331408,33.1475961,0
              35.2337202,33.1491052,0
              35.2336558,33.1495903,0
              35.234954,33.1519977,0
              35.235182,33.1527387,0
              35.2347877,33.1537312,0
              35.233849,33.1540456,0
              35.2281198,33.153363,0
              35.2242574,33.1514048,0
              35.2217576,33.149734,0
              35.2216718,33.1490603,0
              35.2217362,33.1485573,0
              35.2242467,33.1475512,0
              35.2254698,33.1480094,0
              35.2282808,33.14765,0
              35.229654,33.146114,0
              35.2283556,33.1447167,0
              35.2277763,33.1426686,0
              35.2306301,33.1401891,0
              35.2299435,33.1371706,0
              35.2275489,33.1372723,0
            </coordinates>
          </LinearRing>
        </outerBoundaryIs>
      </Polygon>
    </Placemark>
    <Placemark>
      <name>6.13.26 (Lebanon)</name>
      <description><![CDATA[description: <br>שם: ]]></description>
      <styleUrl>#poly-3949AB-1200-135</styleUrl>
      <ExtendedData>
        <Data name="description">
          <value/>
        </Data>
        <Data name="שם">
          <value/>
        </Data>
      </ExtendedData>
      <Polygon>
        <outerBoundaryIs>
          <LinearRing>
            <tessellate>1</tessellate>
            <coordinates>
              35.520604,33.3280197,0
              35.5192592,33.3298067,0
              35.5205129,33.3321323,0
              35.5213712,33.3341761,0
              35.5244396,33.3350904,0
              35.5367778,33.3349828,0
              35.5315479,33.3390149,0
              35.5292734,33.3437474,0
              35.5310758,33.346723,0
              35.5303892,33.3502362,0
              35.5283293,33.3565811,0
              35.525926,33.3583734,0
              35.5230936,33.3591619,0
              35.5210336,33.3584809,0
              35.5201753,33.3546096,0
              35.5209049,33.3518852,0
              35.5212504,33.3492242,0
              35.5217203,33.3469918,0
              35.5181798,33.3450918,0
              35.5149397,33.3452711,0
              35.5127939,33.3448767,0
              35.5109915,33.3450918,0
              35.5090174,33.3454682,0
              35.5067643,33.3432096,0
              35.5066999,33.3407359,0
              35.5079011,33.3390272,0
              35.5113987,33.3378082,0
              35.51657,33.3379875,0
              35.5159906,33.3378261,0
              35.5154327,33.3368401,0
              35.5145529,33.3359259,0
              35.5139521,33.3347965,0
              35.5142311,33.3345275,0
              35.5164198,33.3337208,0
              35.5171493,33.3298304,0
              35.520604,33.3280197,0
            </coordinates>
          </LinearRing>
        </outerBoundaryIs>
      </Polygon>
    </Placemark>
    <Placemark>
      <name>6.3.26</name>
      <description><![CDATA[description: <br>שם: ]]></description>
      <styleUrl>#poly-3949AB-1200-128</styleUrl>
      <ExtendedData>
        <Data name="description">
          <value/>
        </Data>
        <Data name="שם">
          <value/>
        </Data>
      </ExtendedData>
      <Polygon>
        <outerBoundaryIs>
          <LinearRing>
            <tessellate>1</tessellate>
            <coordinates>
              34.424926,31.454786,0
              34.4238694,31.4550701,0
              34.4203243,31.4570375,0
              34.4191656,31.4584881,0
              34.4182491,31.4584577,0
              34.4149178,31.455449,0
              34.4149902,31.455147,0
              34.4149124,31.4542272,0
              34.4142633,31.4528658,0
              34.4138342,31.4519373,0
              34.4133407,31.4515941,0
              34.4117957,31.4508802,0
              34.4115436,31.4506903,0
              34.4114792,31.4504889,0
              34.4124261,31.4481527,0
              34.4140073,31.4455408,0
              34.41634,31.4425362,0
              34.418604,31.444019,0
              34.419337,31.444886,0
              34.419672,31.445017,0
              34.421087,31.446543,0
              34.42137,31.448562,0
              34.421743,31.449978,0
              34.423059,31.452194,0
              34.423509,31.45271,0
              34.423715,31.453116,0
              34.424926,31.454786,0
            </coordinates>
          </LinearRing>
        </outerBoundaryIs>
      </Polygon>
    </Placemark>
    <Placemark>
      <name>6.3.26</name>
      <description><![CDATA[description: <br>שם: ]]></description>
      <styleUrl>#poly-3949AB-1200-130</styleUrl>
      <ExtendedData>
        <Data name="description">
          <value/>
        </Data>
        <Data name="שם">
          <value/>
        </Data>
      </ExtendedData>
      <Polygon>
        <outerBoundaryIs>
          <LinearRing>
            <tessellate>1</tessellate>
            <coordinates>
              34.2715345,31.3199696,0
              34.276935,31.3213086,0
              34.2809905,31.3211803,0
              34.2874746,31.3238425,0
              34.289653,31.326681,0
              34.285424,31.3256036,0
              34.2842224,31.324852,0
              34.2810895,31.3249987,0
              34.277195,31.3291961,0
              34.2758968,31.3282155,0
              34.2746522,31.3280505,0
              34.2735257,31.3277298,0
              34.2729893,31.3272532,0
              34.2724743,31.3244259,0
              34.2715345,31.3199696,0
            </coordinates>
          </LinearRing>
        </outerBoundaryIs>
      </Polygon>
    </Placemark>
    <Placemark>
      <name>6.3.26 (Lebanon)</name>
      <description><![CDATA[description: <br>שם: ]]></description>
      <styleUrl>#poly-3949AB-1200-133</styleUrl>
      <ExtendedData>
        <Data name="description">
          <value/>
        </Data>
        <Data name="שם">
          <value/>
        </Data>
      </ExtendedData>
      <Polygon>
        <outerBoundaryIs>
          <LinearRing>
            <tessellate>1</tessellate>
            <coordinates>
              35.685144,33.293838,0
              35.6804307,33.294501,0
              35.6788346,33.2960498,0
              35.6778436,33.2959625,0
              35.6757191,33.2958018,0
              35.6740793,33.2941872,0
              35.6723627,33.2934697,0
              35.6645735,33.286905,0
              35.6613577,33.280772,0
              35.6619079,33.2777602,0
              35.6627066,33.2786751,0
              35.665123,33.2806214,0
              35.6671897,33.2811282,0
              35.6679578,33.2817335,0
              35.6682639,33.2826708,0
              35.6685671,33.2831932,0
              35.6691157,33.2836966,0
              35.6693042,33.284621,0
              35.6689372,33.2850922,0
              35.6688395,33.2858748,0
              35.6690374,33.2862393,0
              35.6694904,33.2866816,0
              35.6700173,33.2868669,0
              35.6706992,33.2873451,0
              35.6720648,33.2889519,0
              35.6725078,33.2893569,0
              35.6734398,33.2904587,0
              35.6743565,33.2920857,0
              35.674654,33.2925136,0
              35.6758649,33.2930055,0
              35.6766206,33.2935295,0
              35.6774383,33.2943205,0
              35.6778687,33.2943797,0
              35.6782394,33.2942972,0
              35.6786823,33.2938345,0
              35.6787857,33.2931368,0
              35.6790551,33.2926115,0
              35.6793905,33.2922495,0
              35.6800643,33.2920653,0
              35.6807624,33.292148,0
              35.6811118,33.2920281,0
              35.6814622,33.2916125,0
              35.6818537,33.2914008,0
              35.6825498,33.2917036,0
              35.6840507,33.2928515,0
              35.685144,33.293838,0
            </coordinates>
          </LinearRing>
        </outerBoundaryIs>
      </Polygon>
    </Placemark>
    <Placemark>
      <name>6.3.26 (lebanon)</name>
      <description><![CDATA[description: <br>שם: ]]></description>
      <styleUrl>#poly-3949AB-1200-128</styleUrl>
      <ExtendedData>
        <Data name="description">
          <value/>
        </Data>
        <Data name="שם">
          <value/>
        </Data>
      </ExtendedData>
      <Polygon>
        <outerBoundaryIs>
          <LinearRing>
            <tessellate>1</tessellate>
            <coordinates>
              35.449978,33.272423,0
              35.453456,33.276493,0
              35.4653865,33.2802961,0
              35.4638681,33.2818002,0
              35.4669151,33.2842936,0
              35.4662928,33.2871636,0
              35.4642114,33.2889393,0
              35.4638681,33.2906792,0
              35.4655847,33.2933337,0
              35.4674086,33.2945534,0
              35.4786524,33.2905178,0
              35.4937964,33.2964393,0
              35.4988604,33.300098,0
              35.5052977,33.296511,0
              35.5218631,33.2942153,0
              35.5122,33.2981995,0
              35.5091959,33.3008539,0
              35.5102688,33.3036874,0
              35.5189163,33.3036516,0
              35.5298811,33.2995985,0
              35.5337967,33.30392,0
              35.5319084,33.3141774,0
              35.5347408,33.3264776,0
              35.5365203,33.3325447,0
              35.5367778,33.3349828,0
              35.5352972,33.33518,0
              35.5244396,33.3350904,0
              35.5213712,33.3341761,0
              35.5205129,33.3321323,0
              35.5192592,33.3298067,0
              35.520654,33.3277718,0
              35.5211046,33.3254948,0
              35.5165341,33.324446,0
              35.5124464,33.3287489,0
              35.512844,33.331048,0
              35.5134549,33.3339929,0
              35.5112448,33.3348982,0
              35.5063232,33.3355789,0
              35.507203,33.337264,0
              35.5053791,33.3400606,0
              35.5001648,33.340437,0
              35.4958304,33.3421221,0
              35.4913887,33.342391,0
              35.4885777,33.3402757,0
              35.4891785,33.3397738,0
              35.4930409,33.3395945,0
              35.4963454,33.3359374,0
              35.5010232,33.3333559,0
              35.5033835,33.3322802,0
              35.50784,33.332616,0
              35.5095204,33.3315631,0
              35.5098637,33.3300572,0
              35.5090054,33.3289815,0
              35.5065163,33.3289456,0
              35.50531,33.329196,0
              35.5029114,33.3302364,0
              35.4996928,33.3285153,0
              35.4966029,33.3259694,0
              35.4962166,33.3243199,0
              35.499564,33.3229931,0
              35.5051859,33.3225987,0
              35.5044993,33.3213794,0
              35.5004653,33.3170402,0
              35.4975899,33.3176858,0
              35.4946717,33.3140995,0
              35.4938563,33.3114815,0
              35.4912814,33.3102979,0
              35.4866465,33.3103338,0
              35.4863461,33.3120194,0
              35.4908093,33.3148885,0
              35.4914959,33.3182595,0
              35.4837283,33.3271886,0
              35.4864749,33.3282643,0
              35.4870757,33.329591,0
              35.4861744,33.332101,0
              35.4781493,33.3354355,0
              35.4742869,33.3319217,0
              35.4733857,33.3277264,0
              35.4618414,33.325575,0
              35.4550179,33.3250729,0
              35.4515418,33.3242123,0
              35.4542883,33.3178292,0
              35.456812,33.316784,0
              35.457507,33.3143864,0
              35.455145,33.313025,0
              35.45446,33.311087,0
              35.4568633,33.3098317,0
              35.4612835,33.3087557,0
              35.4657682,33.3055995,0
              35.472463,33.3063169,0
              35.4711322,33.3008585,0
              35.4707889,33.2999976,0
              35.4692868,33.2970922,0
              35.4648551,33.2937283,0
              35.4625377,33.2912532,0
              35.4626993,33.2889493,0
              35.4638466,33.2869125,0
              35.4648981,33.2851905,0
              35.4627977,33.2833942,0
              35.4587726,33.2821151,0
              35.4564122,33.2828147,0
              35.4504256,33.2838372,0
              35.44843,33.2828327,0
              35.4480008,33.278958,0
              35.450962,33.2764644,0
              35.449978,33.272423,0
            </coordinates>
          </LinearRing>
        </outerBoundaryIs>
      </Polygon>
    </Placemark>
    <Placemark>
      <name>6.3.26 (Lebanon)</name>
      <description><![CDATA[description: <br>שם: ]]></description>
      <styleUrl>#poly-3949AB-1200-148</styleUrl>
      <ExtendedData>
        <Data name="description">
          <value/>
        </Data>
        <Data name="שם">
          <value/>
        </Data>
      </ExtendedData>
      <Polygon>
        <outerBoundaryIs>
          <LinearRing>
            <tessellate>1</tessellate>
            <coordinates>
              35.5907535,33.3677233,0
              35.5919134,33.3705601,0
              35.5936943,33.3704167,0
              35.5944883,33.371241,0
              35.5947243,33.3724237,0
              35.595368,33.3725492,0
              35.5962478,33.3710618,0
              35.5969977,33.3693631,0
              35.5979859,33.3645836,0
              35.6020188,33.3628578,0
              35.6025338,33.3637001,0
              35.6018257,33.3674635,0
              35.6032419,33.3689151,0
              35.6029415,33.3706533,0
              35.6019544,33.3714597,0
              35.5975985,33.37094,0
              35.5968689,33.3730187,0
              35.5948305,33.3754916,0
              35.5926418,33.3753482,0
              35.5900454,33.3730187,0
              35.5888009,33.3714239,0
              35.5891335,33.369381,0
              35.5907535,33.3677233,0
            </coordinates>
          </LinearRing>
        </outerBoundaryIs>
      </Polygon>
    </Placemark>
    <Placemark>
      <name>6.3.26 (Lebanon)</name>
      <description><![CDATA[description: <br>שם: ]]></description>
      <styleUrl>#poly-3949AB-1200-133</styleUrl>
      <ExtendedData>
        <Data name="description">
          <value/>
        </Data>
        <Data name="שם">
          <value/>
        </Data>
      </ExtendedData>
      <Polygon>
        <outerBoundaryIs>
          <LinearRing>
            <tessellate>1</tessellate>
            <coordinates>
              35.5031852,33.1663545,0
              35.5077052,33.1643149,0
              35.510602,33.1616205,0
              35.5113315,33.1586386,0
              35.5110097,33.1547225,0
              35.5122113,33.1524051,0
              35.5158377,33.1531775,0
              35.5170393,33.1567524,0
              35.526309,33.1591955,0
              35.5318946,33.159367,0
              35.5192784,33.1612172,0
              35.5031852,33.1663545,0
            </coordinates>
          </LinearRing>
        </outerBoundaryIs>
      </Polygon>
    </Placemark>
    <Placemark>
      <name>6.3.26 (Lebanon)</name>
      <description><![CDATA[description: <br>שם: ]]></description>
      <styleUrl>#poly-3949AB-1200-133</styleUrl>
      <ExtendedData>
        <Data name="description">
          <value/>
        </Data>
        <Data name="שם">
          <value/>
        </Data>
      </ExtendedData>
      <Polygon>
        <outerBoundaryIs>
          <LinearRing>
            <tessellate>1</tessellate>
            <coordinates>
              35.4920362,33.131628,0
              35.5016386,33.1336314,0
              35.5049373,33.1304279,0
              35.5061966,33.1275167,0
              35.5135351,33.1303559,0
              35.5207449,33.1372558,0
              35.5199724,33.1455925,0
              35.5119472,33.1477843,0
              35.504952,33.1487545,0
              35.50305,33.146312,0
              35.502935,33.1417836,0
              35.5050379,33.1390346,0
              35.4994374,33.1379386,0
              35.4979998,33.1385854,0
              35.4963261,33.1374355,0
              35.4949528,33.1340215,0
              35.4920362,33.131628,0
            </coordinates>
          </LinearRing>
        </outerBoundaryIs>
      </Polygon>
    </Placemark>
    <Placemark>
      <name>4.24.26 (Lebanon)</name>
      <description><![CDATA[description: <br>שם: ]]></description>
      <styleUrl>#poly-3949AB-1200-133</styleUrl>
      <ExtendedData>
        <Data name="description">
          <value/>
        </Data>
        <Data name="שם">
          <value/>
        </Data>
      </ExtendedData>
      <Polygon>
        <outerBoundaryIs>
          <LinearRing>
            <tessellate>1</tessellate>
            <coordinates>
              35.178904,33.1653354,0
              35.1863686,33.163272,0
              35.1857503,33.1604108,0
              35.1853467,33.15931,0
              35.1874146,33.157791,0
              35.1889755,33.1559385,0
              35.1882779,33.1549642,0
              35.1881167,33.1544748,0
              35.1883847,33.1535903,0
              35.1892781,33.1529595,0
              35.189197,33.1519582,0
              35.1950532,33.1509761,0
              35.1952035,33.1502216,0
              35.1981539,33.1492066,0
              35.1985541,33.148499,0
              35.2029537,33.1510683,0
              35.2059143,33.1512838,0
              35.209026,33.1498598,0
              35.2120946,33.1462619,0
              35.2134514,33.1452046,0
              35.2154882,33.1443896,0
              35.2179384,33.1434093,0
              35.2196242,33.1424863,0
              35.2187351,33.1399103,0
              35.2162702,33.1382079,0
              35.2137439,33.1390436,0
              35.2156434,33.1360433,0
              35.2271663,33.1318395,0
              35.2308706,33.1323655,0
              35.2375908,33.131116,0
              35.2381918,33.127343,0
              35.2374584,33.1261134,0
              35.2390798,33.1260946,0
              35.2392038,33.1294636,0
              35.2393516,33.1312559,0
              35.2331812,33.1335717,0
              35.2276971,33.1373605,0
              35.2248375,33.1425941,0
              35.217001,33.147106,0
              35.2119353,33.1532845,0
              35.208848,33.157023,0
              35.203397,33.159179,0
              35.200264,33.159429,0
              35.1947906,33.1602725,0
              35.192004,33.162705,0
              35.1919093,33.163174,0
              35.1918128,33.1644673,0
              35.1912763,33.1646065,0
              35.1906487,33.1646784,0
              35.1893773,33.1654373,0
              35.1876607,33.1658953,0
              35.1862123,33.1665509,0
              35.1852896,33.1666587,0
              35.182156,33.168489,0
              35.1807191,33.1668293,0
              35.1797643,33.1657875,0
              35.178904,33.1653354,0
            </coordinates>
          </LinearRing>
        </outerBoundaryIs>
      </Polygon>
    </Placemark>
    <Placemark>
      <name>4.24.26 (Lebanon)</name>
      <description><![CDATA[description: <br>שם: ]]></description>
      <styleUrl>#poly-3949AB-1200-122</styleUrl>
      <ExtendedData>
        <Data name="description">
          <value/>
        </Data>
        <Data name="שם">
          <value/>
        </Data>
      </ExtendedData>
      <Polygon>
        <outerBoundaryIs>
          <LinearRing>
            <tessellate>1</tessellate>
            <coordinates>
              35.3659127,33.1519477,0
              35.3778003,33.1506183,0
              35.3806756,33.1490374,0
              35.3800319,33.1466659,0
              35.3872846,33.136281,0
              35.3889153,33.1349873,0
              35.3899321,33.1358022,0
              35.3937516,33.1375271,0
              35.3964982,33.1376709,0
              35.401176,33.1350475,0
              35.403708,33.132496,0
              35.4079566,33.1309147,0
              35.4111967,33.1316155,0
              35.4154668,33.1311842,0
              35.4165611,33.1296569,0
              35.4185955,33.1256702,0
              35.4201834,33.1312048,0
              35.4235952,33.1343314,0
              35.4173454,33.1361153,0
              35.4175385,33.1389901,0
              35.4153498,33.1440389,0
              35.4129466,33.1473806,0
              35.4095992,33.1489795,0
              35.4068526,33.1479195,0
              35.3987201,33.1442365,0
              35.3974541,33.1434999,0
              35.3943428,33.1427992,0
              35.3901585,33.1454402,0
              35.3879698,33.145009,0
              35.386382,33.1444521,0
              35.3845795,33.1447036,0
              35.3843006,33.1456558,0
              35.3850945,33.1475782,0
              35.3868326,33.149752,0
              35.386103,33.150776,0
              35.3814467,33.1524468,0
              35.3781208,33.1526444,0
              35.3756317,33.1531654,0
              35.3746446,33.1522312,0
              35.3719624,33.1521414,0
              35.3659127,33.1519477,0
            </coordinates>
          </LinearRing>
        </outerBoundaryIs>
      </Polygon>
    </Placemark>
    <Placemark>
      <name>4.24.26 (Lebanon)</name>
      <description><![CDATA[description: <br>שם: ]]></description>
      <styleUrl>#poly-3949AB-1200-130</styleUrl>
      <ExtendedData>
        <Data name="description">
          <value/>
        </Data>
        <Data name="שם">
          <value/>
        </Data>
      </ExtendedData>
      <Polygon>
        <outerBoundaryIs>
          <LinearRing>
            <tessellate>1</tessellate>
            <coordinates>
              35.5002825,33.2293783,0
              35.4959203,33.2246456,0
              35.4968599,33.2232225,0
              35.5018335,33.2207583,0
              35.5030995,33.2193043,0
              35.5184192,33.2189306,0
              35.519814,33.2199,0
              35.5208439,33.2192717,0
              35.5192308,33.2164142,0
              35.510562,33.212017,0
              35.5046005,33.2086979,0
              35.5047507,33.2048019,0
              35.4995365,33.2014624,0
              35.4988927,33.1962913,0
              35.5005235,33.1943161,0
              35.5055661,33.1932029,0
              35.5115313,33.1939211,0
              35.5128087,33.1913333,0
              35.5130447,33.1904714,0
              35.5123796,33.1895735,0
              35.5116929,33.1867542,0
              35.510384,33.1839168,0
              35.5059637,33.1827046,0
              35.5052342,33.1826597,0
              35.5036356,33.1835128,0
              35.5010821,33.1840066,0
              35.4957713,33.1841772,0
              35.4956211,33.1833691,0
              35.4962434,33.1818606,0
              35.4972304,33.1809267,0
              35.4996981,33.1796696,0
              35.4989685,33.1771193,0
              35.499709,33.1721021,0
              35.5100087,33.1813334,0
              35.5226675,33.1832592,0
              35.518376,33.1883952,0
              35.5184618,33.1919148,0
              35.5201999,33.1964936,0
              35.5173031,33.197553,0
              35.5169598,33.2020417,0
              35.5221261,33.2047631,0
              35.526838,33.205544,0
              35.527267,33.209925,0
              35.5266118,33.2118508,0
              35.5256991,33.2127712,0
              35.5259765,33.2138222,0
              35.5275613,33.2148111,0
              35.5276839,33.2158914,0
              35.5262983,33.2158977,0
              35.5224112,33.2154794,0
              35.5201945,33.2174433,0
              35.5210848,33.2180132,0
              35.5209827,33.2184957,0
              35.5233495,33.2228805,0
              35.5228345,33.2250704,0
              35.5179509,33.2279085,0
              35.5002825,33.2293783,0
            </coordinates>
          </LinearRing>
        </outerBoundaryIs>
      </Polygon>
    </Placemark>
    <Placemark>
      <name>4.24.26 (Lebanon)</name>
      <description><![CDATA[description: <br>שם: ]]></description>
      <styleUrl>#poly-3949AB-1200-128</styleUrl>
      <ExtendedData>
        <Data name="description">
          <value/>
        </Data>
        <Data name="שם">
          <value/>
        </Data>
      </ExtendedData>
      <Polygon>
        <outerBoundaryIs>
          <LinearRing>
            <tessellate>1</tessellate>
            <coordinates>
              35.613895,33.3401618,0
              35.6172638,33.3400901,0
              35.6197976,33.3437925,0
              35.6178664,33.3521095,0
              35.613017,33.3594938,0
              35.605492,33.361338,0
              35.5979859,33.3645836,0
              35.596941,33.369512,0
              35.5962478,33.3710618,0
              35.595368,33.3725492,0
              35.5947243,33.3724237,0
              35.5944883,33.371241,0
              35.5936943,33.3704167,0
              35.5919134,33.3705601,0
              35.5907976,33.3677824,0
              35.595224,33.363016,0
              35.593401,33.354771,0
              35.6077222,33.3460793,0
              35.6105905,33.3390683,0
              35.613895,33.3401618,0
            </coordinates>
          </LinearRing>
        </outerBoundaryIs>
      </Polygon>
    </Placemark>
    <Placemark>
      <name>4.24.26 (Lebanon)</name>
      <description><![CDATA[description: <br>שם: ]]></description>
      <styleUrl>#poly-3949AB-1200-130</styleUrl>
      <ExtendedData>
        <Data name="description">
          <value/>
        </Data>
        <Data name="שם">
          <value/>
        </Data>
      </ExtendedData>
      <Polygon>
        <outerBoundaryIs>
          <LinearRing>
            <tessellate>1</tessellate>
            <coordinates>
              35.4653865,33.2802961,0
              35.4772311,33.2801526,0
              35.507186,33.2816594,0
              35.5105334,33.2853905,0
              35.5101901,33.286682,0
              35.4968005,33.2890496,0
              35.4918223,33.2921347,0
              35.4937964,33.2964393,0
              35.4876577,33.2941643,0
              35.4833661,33.2921196,0
              35.4786524,33.2905178,0
              35.4716572,33.2931544,0
              35.4693183,33.2940153,0
              35.4674086,33.2945534,0
              35.4655847,33.2933337,0
              35.4638681,33.2906792,0
              35.4642114,33.2889393,0
              35.4662928,33.2871636,0
              35.4669151,33.2842936,0
              35.4638681,33.2818002,0
              35.4653865,33.2802961,0
            </coordinates>
          </LinearRing>
        </outerBoundaryIs>
      </Polygon>
    </Placemark>
    <Placemark>
      <name>4.14.26</name>
      <description><![CDATA[description: <br>שם: ]]></description>
      <styleUrl>#poly-3949AB-1200-125</styleUrl>
      <ExtendedData>
        <Data name="description">
          <value/>
        </Data>
        <Data name="שם">
          <value/>
        </Data>
      </ExtendedData>
      <Polygon>
        <outerBoundaryIs>
          <LinearRing>
            <tessellate>1</tessellate>
            <coordinates>
              34.4561339,31.4896767,0
              34.4590522,31.489695,0
              34.4610822,31.4913749,0
              34.46466,31.4914662,0
              34.466948,31.4923852,0
              34.467416,31.4942302,0
              34.467412,31.4959842,0
              34.469309,31.4973614,0
              34.4712616,31.4979835,0
              34.472288,31.498934,0
              34.4729747,31.4991007,0
              34.4752332,31.5014472,0
              34.4775506,31.5020875,0
              34.4801041,31.5031487,0
              34.4810053,31.5037341,0
              34.4817778,31.5048867,0
              34.4811554,31.5051153,0
              34.4810321,31.5055269,0
              34.4802167,31.506021,0
              34.4797769,31.5068215,0
              34.4795545,31.5070819,0
              34.4786779,31.5072446,0
              34.4784741,31.5081319,0
              34.481858,31.5104592,0
              34.4858743,31.5127472,0
              34.4918395,31.5149424,0
              34.498475,31.5188212,0
              34.4993976,31.5215924,0
              34.4994084,31.5230374,0
              34.5001509,31.5251507,0
              34.5009211,31.5263206,0
              34.4991976,31.5284541,0
              34.4967705,31.5305374,0
              34.495756,31.529772,0
              34.49535,31.528962,0
              34.493189,31.526065,0
              34.493342,31.524814,0
              34.492458,31.52247,0
              34.488667,31.518434,0
              34.4839504,31.5156298,0
              34.478388,31.511679,0
              34.4777277,31.510709,0
              34.473715,31.505987,0
              34.473323,31.505023,0
              34.472317,31.503627,0
              34.472044,31.50329,0
              34.4718908,31.5027894,0
              34.471969,31.502421,0
              34.471636,31.501877,0
              34.468554,31.499624,0
              34.466741,31.498873,0
              34.465959,31.498389,0
              34.465202,31.498105,0
              34.464026,31.497355,0
              34.463282,31.496504,0
              34.459641,31.492767,0
              34.4561339,31.4896767,0
            </coordinates>
          </LinearRing>
        </outerBoundaryIs>
      </Polygon>
    </Placemark>
    <Placemark>
      <name>4.14.26</name>
      <description><![CDATA[description: <br>שם: ]]></description>
      <styleUrl>#poly-3949AB-1200-130</styleUrl>
      <ExtendedData>
        <Data name="description">
          <value/>
        </Data>
        <Data name="שם">
          <value/>
        </Data>
      </ExtendedData>
      <Polygon>
        <outerBoundaryIs>
          <LinearRing>
            <tessellate>1</tessellate>
            <coordinates>
              34.3957719,31.4204669,0
              34.3964268,31.4202626,0
              34.397681,31.419419,0
              34.4005856,31.4249462,0
              34.40876,31.43054,0
              34.4153137,31.435269,0
              34.416632,31.4393022,0
              34.415486,31.4405942,0
              34.4153914,31.4403052,0
              34.4154772,31.4381495,0
              34.415037,31.436511,0
              34.414364,31.435505,0
              34.413079,31.43467,0
              34.408896,31.432343,0
              34.407102,31.431169,0
              34.4059608,31.4299381,0
              34.4040618,31.42851,0
              34.4026568,31.4275745,0
              34.398487,31.423825,0
              34.396678,31.42149,0
              34.395897,31.42051,0
              34.3957719,31.4204669,0
            </coordinates>
          </LinearRing>
        </outerBoundaryIs>
      </Polygon>
    </Placemark>
    <Placemark>
      <name>4.14.26</name>
      <description><![CDATA[description: <br>שם: ]]></description>
      <styleUrl>#poly-3949AB-1200-125</styleUrl>
      <ExtendedData>
        <Data name="description">
          <value/>
        </Data>
        <Data name="שם">
          <value/>
        </Data>
      </ExtendedData>
      <Polygon>
        <outerBoundaryIs>
          <LinearRing>
            <tessellate>1</tessellate>
            <coordinates>
              34.3918592,31.4172553,0
              34.391578,31.417146,0
              34.390818,31.416247,0
              34.389028,31.413692,0
              34.387871,31.4126,0
              34.386664,31.411153,0
              34.381654,31.406602,0
              34.379595,31.405137,0
              34.379032,31.404283,0
              34.3781667,31.4033337,0
              34.3789734,31.4038985,0
              34.3803359,31.4048875,0
              34.3871219,31.4097086,0
              34.3910487,31.4127119,0
              34.3932403,31.4143139,0
              34.3916024,31.4152466,0
              34.3914468,31.4162126,0
              34.3918592,31.4172553,0
            </coordinates>
          </LinearRing>
        </outerBoundaryIs>
      </Polygon>
    </Placemark>
    <Placemark>
      <name>4.14.26 (lebanon)</name>
      <description><![CDATA[description: <br>שם: ]]></description>
      <styleUrl>#poly-3949AB-1200-122</styleUrl>
      <ExtendedData>
        <Data name="description">
          <value/>
        </Data>
        <Data name="שם">
          <value/>
        </Data>
      </ExtendedData>
      <Polygon>
        <outerBoundaryIs>
          <LinearRing>
            <tessellate>1</tessellate>
            <coordinates>
              35.727646,33.330049,0
              35.729303,33.329093,0
              35.729289,33.326157,0
              35.729861,33.325292,0
              35.732107,33.323969,0
              35.733459,33.3237,0
              35.734725,33.322732,0
              35.734832,33.321907,0
              35.735841,33.321244,0
              35.736313,33.320598,0
              35.7370775,33.3189408,0
              35.737643,33.318285,0
              35.738609,33.317944,0
              35.739896,33.319809,0
              35.740411,33.3211,0
              35.742378,33.322875,0
              35.742786,33.323575,0
              35.744256,33.324806,0
              35.744943,33.326115,0
              35.746445,33.326635,0
              35.747217,33.326312,0
              35.74814,33.326384,0
              35.750001,33.328744,0
              35.754722,33.329426,0
              35.756567,33.328673,0
              35.758074,33.329318,0
              35.758847,33.329981,0
              35.759684,33.330089,0
              35.760284,33.329766,0
              35.765155,33.331398,0
              35.7664,33.331595,0
              35.766979,33.332419,0
              35.76758,33.332796,0
              35.7681482,33.332764,0
              35.7693713,33.3325131,0
              35.7697253,33.3322352,0
              35.7702725,33.3319663,0
              35.7711308,33.3322352,0
              35.7720535,33.3321993,0
              35.7725224,33.3324168,0
              35.7732949,33.3323988,0
              35.7735345,33.3326235,0
              35.773953,33.3330538,0
              35.774535,33.3338807,0
              35.7746253,33.3350163,0
              35.7751402,33.3408962,0
              35.7689604,33.3472777,0
              35.7631239,33.3499305,0
              35.7580599,33.3484965,0
              35.7539401,33.3436209,0
              35.7482752,33.3398923,0
              35.743812,33.3419001,0
              35.7403788,33.3473494,0
              35.7415804,33.3522247,0
              35.7374606,33.3558811,0
              35.7342848,33.3621898,0
              35.7299075,33.3653439,0
              35.724201,33.365581,0
              35.7229552,33.3639102,0
              35.7246718,33.3592506,0
              35.7272467,33.3532285,0
              35.7293925,33.3466324,0
              35.7293925,33.3414698,0
              35.732654,33.3382431,0
              35.7317089,33.3299987,0
              35.727646,33.330049,0
            </coordinates>
          </LinearRing>
        </outerBoundaryIs>
      </Polygon>
    </Placemark>
    <Placemark>
      <name>4.14.26 (Lebanon)</name>
      <description><![CDATA[description: <br>שם: ]]></description>
      <styleUrl>#poly-3949AB-1200-120</styleUrl>
      <ExtendedData>
        <Data name="description">
          <value/>
        </Data>
        <Data name="שם">
          <value/>
        </Data>
      </ExtendedData>
      <Polygon>
        <outerBoundaryIs>
          <LinearRing>
            <tessellate>1</tessellate>
            <coordinates>
              35.609795,33.249611,0
              35.6117603,33.2489779,0
              35.614918,33.247221,0
              35.6178647,33.2450375,0
              35.6228966,33.2431711,0
              35.624414,33.24209,0
              35.6242484,33.2424263,0
              35.623437,33.243221,0
              35.6235832,33.24388,0
              35.623459,33.244692,0
              35.625368,33.245572,0
              35.6246132,33.2475409,0
              35.623158,33.249511,0
              35.6233043,33.2510401,0
              35.623598,33.25144,0
              35.6232613,33.2527987,0
              35.622096,33.253189,0
              35.620927,33.252992,0
              35.6202144,33.2531755,0
              35.6194419,33.2543957,0
              35.6196135,33.25558,0
              35.621042,33.255932,0
              35.6217378,33.2564951,0
              35.6216306,33.2573384,0
              35.621137,33.2578947,0
              35.6210727,33.2595454,0
              35.6227034,33.2600119,0
              35.6228751,33.2607117,0
              35.6213302,33.2620035,0
              35.6225103,33.264336,0
              35.6198281,33.2704181,0
              35.6171459,33.2711357,0
              35.6175321,33.2735397,0
              35.6167597,33.2753336,0
              35.6141204,33.2753157,0
              35.6132835,33.2746161,0
              35.6118459,33.2729387,0
              35.6134519,33.2687313,0
              35.6148252,33.2632053,0
              35.6115851,33.2530315,0
              35.609795,33.249611,0
            </coordinates>
          </LinearRing>
        </outerBoundaryIs>
      </Polygon>
    </Placemark>
    <Placemark>
      <name>4.14.26 (Lebanon)</name>
      <description><![CDATA[description: <br>שם: ]]></description>
      <styleUrl>#poly-3949AB-1200-133</styleUrl>
      <ExtendedData>
        <Data name="description">
          <value/>
        </Data>
        <Data name="שם">
          <value/>
        </Data>
      </ExtendedData>
      <Polygon>
        <outerBoundaryIs>
          <LinearRing>
            <tessellate>1</tessellate>
            <coordinates>
              35.6076413,33.3298703,0
              35.6100875,33.3317349,0
              35.613709,33.332699,0
              35.6142921,33.333581,0
              35.6151397,33.3349077,0
              35.6165449,33.3359468,0
              35.6180419,33.3378567,0
              35.6193615,33.3370186,0
              35.6180687,33.3346746,0
              35.6174346,33.3331234,0
              35.6188079,33.3326125,0
              35.6184002,33.3253873,0
              35.6173422,33.322019,0
              35.6189612,33.3110018,0
              35.6147126,33.3039721,0
              35.6133822,33.2999907,0
              35.6076316,33.298807,0
              35.6023959,33.2918839,0
              35.6038121,33.2741612,0
              35.5984295,33.2541838,0
              35.5995436,33.2536151,0
              35.6046497,33.2742709,0
              35.6059372,33.2921371,0
              35.6093308,33.2971425,0
              35.6142231,33.2980033,0
              35.6157252,33.3015544,0
              35.6190726,33.3044238,0
              35.6235509,33.3168367,0
              35.6229501,33.3293516,0
              35.6202894,33.3370068,0
              35.6172638,33.3400901,0
              35.613895,33.3401618,0
              35.6105905,33.3390683,0
              35.6093674,33.3347121,0
              35.6076413,33.3298703,0
            </coordinates>
          </LinearRing>
        </outerBoundaryIs>
      </Polygon>
    </Placemark>
    <Placemark>
      <name>4.14.26 (lebanon)</name>
      <description><![CDATA[description: <br>שם: ]]></description>
      <styleUrl>#poly-3949AB-1200-120</styleUrl>
      <ExtendedData>
        <Data name="description">
          <value/>
        </Data>
        <Data name="שם">
          <value/>
        </Data>
      </ExtendedData>
      <Polygon>
        <outerBoundaryIs>
          <LinearRing>
            <tessellate>1</tessellate>
            <coordinates>
              35.5148087,33.2463225,0
              35.5056898,33.2419775,0
              35.5024712,33.2415468,0
              35.4986604,33.2352135,0
              35.5002825,33.2293783,0
              35.5179509,33.2279085,0
              35.5228345,33.2250704,0
              35.5233495,33.2228805,0
              35.5209827,33.2184957,0
              35.5228844,33.2187369,0
              35.5263673,33.2188754,0
              35.5285165,33.221386,0
              35.5299792,33.2263737,0
              35.5281124,33.2276212,0
              35.5274472,33.2298649,0
              35.5242806,33.2306464,0
              35.5214176,33.2311572,0
              35.5209455,33.2338494,0
              35.5214391,33.2343699,0
              35.5231799,33.2349499,0
              35.5256233,33.2366493,0
              35.5254087,33.2373492,0
              35.5264602,33.2386953,0
              35.5238209,33.2391978,0
              35.5216751,33.2400413,0
              35.520607,33.241023,0
              35.5196795,33.24049,0
              35.5187783,33.2406694,0
              35.518714,33.2412976,0
              35.5171046,33.2414232,0
              35.5160961,33.2418539,0
              35.5153016,33.2428535,0
              35.514637,33.2443843,0
              35.5148087,33.2463225,0
            </coordinates>
          </LinearRing>
        </outerBoundaryIs>
      </Polygon>
    </Placemark>
    <Placemark>
      <name>4.14.26 (Lebanon)</name>
      <description><![CDATA[description: <br>שם: ]]></description>
      <styleUrl>#poly-3949AB-1200-130</styleUrl>
      <ExtendedData>
        <Data name="description">
          <value/>
        </Data>
        <Data name="שם">
          <value/>
        </Data>
      </ExtendedData>
      <Polygon>
        <outerBoundaryIs>
          <LinearRing>
            <tessellate>1</tessellate>
            <coordinates>
              35.5318946,33.159367,0
              35.5356428,33.1709544,0
              35.54068,33.19145,0
              35.539865,33.191576,0
              35.5351679,33.1884808,0
              35.5319372,33.1857734,0
              35.5251995,33.1845881,0
              35.5226675,33.1832592,0
              35.5100087,33.1813334,0
              35.499709,33.1721021,0
              35.5031852,33.1663545,0
              35.5192784,33.1612172,0
              35.5318946,33.159367,0
            </coordinates>
          </LinearRing>
        </outerBoundaryIs>
      </Polygon>
    </Placemark>
    <Placemark>
      <name>4.14.26 (Lebanon)</name>
      <description><![CDATA[description: <br>שם: ]]></description>
      <styleUrl>#poly-3949AB-1200-133</styleUrl>
      <ExtendedData>
        <Data name="description">
          <value/>
        </Data>
        <Data name="שם">
          <value/>
        </Data>
      </ExtendedData>
      <Polygon>
        <outerBoundaryIs>
          <LinearRing>
            <tessellate>1</tessellate>
            <coordinates>
              35.442935,33.137611,0
              35.4319636,33.1394523,0
              35.4265778,33.1387336,0
              35.4235952,33.1343314,0
              35.4201834,33.1312048,0
              35.4185955,33.1256702,0
              35.4167072,33.1224714,0
              35.4137461,33.118338,0
              35.4080813,33.1149593,0
              35.4091541,33.1124431,0
              35.4089825,33.1047863,0
              35.4105274,33.1004723,0
              35.4119866,33.0931021,0
              35.4113428,33.0869897,0
              35.4129845,33.0847412,0
              35.4200226,33.0873211,0
              35.4230373,33.0868356,0
              35.4275757,33.0945839,0
              35.4301935,33.0955546,0
              35.4326937,33.0969177,0
              35.4331714,33.0983002,0
              35.433177,33.101013,0
              35.438562,33.1036796,0
              35.4417377,33.1063938,0
              35.4413086,33.1083529,0
              35.4434758,33.1095931,0
              35.4447633,33.1108872,0
              35.4485398,33.1125138,0
              35.4489073,33.1123026,0
              35.4480825,33.110903,0
              35.4470431,33.1103301,0
              35.4473919,33.1099077,0
              35.4525095,33.1075172,0
              35.4576343,33.103199,0
              35.462465,33.104606,0
              35.4642319,33.1112335,0
              35.4672113,33.1157357,0
              35.4628093,33.1177936,0
              35.4616441,33.1191777,0
              35.4531919,33.1229749,0
              35.448604,33.124241,0
              35.446636,33.128211,0
              35.443473,33.13191,0
              35.44294,33.135463,0
              35.442935,33.137611,0
            </coordinates>
          </LinearRing>
        </outerBoundaryIs>
      </Polygon>
    </Placemark>
    <Placemark>
      <name>4.14.26 (Lebanon)</name>
      <description><![CDATA[description: <br>שם: ]]></description>
      <styleUrl>#poly-3949AB-1200-133</styleUrl>
      <ExtendedData>
        <Data name="description">
          <value/>
        </Data>
        <Data name="שם">
          <value/>
        </Data>
      </ExtendedData>
      <Polygon>
        <outerBoundaryIs>
          <LinearRing>
            <tessellate>1</tessellate>
            <coordinates>
              35.3489027,33.1131795,0
              35.3628228,33.1092888,0
              35.3719209,33.1034651,0
              35.3802035,33.1018474,0
              35.3838513,33.1043639,0
              35.3857396,33.1152558,0
              35.3833793,33.1278715,0
              35.3889153,33.1349873,0
              35.3872846,33.136281,0
              35.3800319,33.1466659,0
              35.3806756,33.1490374,0
              35.3778003,33.1506183,0
              35.3659127,33.1519477,0
              35.362128,33.157908,0
              35.3580592,33.1580017,0
              35.3513031,33.1514609,0
              35.3490041,33.1483367,0
              35.3488999,33.1456041,0
              35.3436213,33.1455323,0
              35.3327851,33.1371237,0
              35.3307038,33.1378963,0
              35.3301029,33.1392619,0
              35.3286438,33.1393697,0
              35.3241806,33.1377526,0
              35.3150536,33.1269438,0
              35.325597,33.12642,0
              35.331527,33.129832,0
              35.341865,33.130415,0
              35.3436642,33.1331527,0
              35.344697,33.135411,0
              35.34223,33.138609,0
              35.343496,33.141897,0
              35.346387,33.141152,0
              35.34952,33.141834,0
              35.3521393,33.1374783,0
              35.3561317,33.1357098,0
              35.3584062,33.1359254,0
              35.3632098,33.1384563,0
              35.3641768,33.137676,0
              35.3598224,33.1330864,0
              35.361067,33.1296364,0
              35.3611736,33.1292714,0
              35.3615819,33.1266893,0
              35.3604661,33.1241375,0
              35.360037,33.120759,0
              35.3651656,33.1171827,0
              35.3699452,33.1149406,0
              35.371364,33.1148845,0
              35.3712795,33.1136342,0
              35.3675902,33.1134715,0
              35.3632129,33.1156371,0
              35.3586637,33.1193213,0
              35.3489027,33.1131795,0
            </coordinates>
          </LinearRing>
        </outerBoundaryIs>
      </Polygon>
    </Placemark>
    <Placemark>
      <name>4.4.26 (lebanon)</name>
      <description><![CDATA[description: <br>שם: ]]></description>
      <styleUrl>#poly-3949AB-1200-133</styleUrl>
      <ExtendedData>
        <Data name="description">
          <value/>
        </Data>
        <Data name="שם">
          <value/>
        </Data>
      </ExtendedData>
      <Polygon>
        <outerBoundaryIs>
          <LinearRing>
            <tessellate>1</tessellate>
            <coordinates>
              35.5205596,33.2040268,0
              35.5169598,33.2020417,0
              35.5173031,33.197553,0
              35.5201999,33.1964936,0
              35.5184618,33.1919148,0
              35.518376,33.1883952,0
              35.5226675,33.1832592,0
              35.5251995,33.1845881,0
              35.5319372,33.1857734,0
              35.5356709,33.188898,0
              35.539865,33.191576,0
              35.54068,33.19145,0
              35.542652,33.198462,0
              35.5371249,33.1956774,0
              35.5291056,33.1986931,0
              35.524208,33.2001483,0
              35.5200232,33.2019978,0
              35.5205596,33.2040268,0
            </coordinates>
          </LinearRing>
        </outerBoundaryIs>
      </Polygon>
    </Placemark>
    <Placemark>
      <name>(4.4.26) LEbanon</name>
      <description><![CDATA[description: <br>שם: ]]></description>
      <styleUrl>#poly-3949AB-1200-143</styleUrl>
      <ExtendedData>
        <Data name="description">
          <value/>
        </Data>
        <Data name="שם">
          <value/>
        </Data>
      </ExtendedData>
      <MultiGeometry>
        <Polygon>
          <outerBoundaryIs>
            <LinearRing>
              <tessellate>1</tessellate>
              <coordinates>
                35.5954534,33.3095014,0
                35.5955902,33.3097543,0
                35.5954339,33.3098148,0
                35.5954534,33.3095014,0
              </coordinates>
            </LinearRing>
          </outerBoundaryIs>
        </Polygon>
        <Polygon>
          <outerBoundaryIs>
            <LinearRing>
              <tessellate>1</tessellate>
              <coordinates>
                35.5955902,33.3097543,0
                35.5987302,33.3085383,0
                35.6001764,33.3099368,0
                35.6032664,33.3097396,0
                35.6039959,33.3116583,0
                35.6033951,33.3130749,0
                35.605455,33.313308,0
                35.6100255,33.316966,0
                35.6094462,33.3187591,0
                35.6083733,33.3201577,0
                35.6082982,33.3223721,0
                35.6095768,33.3238324,0
                35.6104244,33.3260915,0
                35.6112291,33.3270776,0
                35.6109394,33.3275885,0
                35.6114705,33.3285477,0
                35.6114115,33.3294666,0
                35.6117333,33.3305871,0
                35.6127687,33.3307036,0
                35.6137342,33.3314656,0
                35.6142921,33.333581,0
                35.613709,33.332699,0
                35.6100875,33.3317349,0
                35.6076413,33.3298703,0
                35.6045085,33.3262846,0
                35.6021911,33.3221608,0
                35.5988437,33.3175348,0
                35.5972987,33.3157417,0
                35.5968696,33.3121195,0
                35.5955902,33.3097543,0
              </coordinates>
            </LinearRing>
          </outerBoundaryIs>
        </Polygon>
      </MultiGeometry>
    </Placemark>
    <Placemark>
      <name>4.4.26 (lebanon)</name>
      <description><![CDATA[description: <br>שם: ]]></description>
      <styleUrl>#poly-3949AB-1200-140</styleUrl>
      <ExtendedData>
        <Data name="description">
          <value/>
        </Data>
        <Data name="שם">
          <value/>
        </Data>
      </ExtendedData>
      <Polygon>
        <outerBoundaryIs>
          <LinearRing>
            <tessellate>1</tessellate>
            <coordinates>
              35.5164514,33.2626851,0
              35.5177918,33.2647045,0
              35.518226,33.2672213,0
              35.5194088,33.2677262,0
              35.5191814,33.26905,0
              35.518807,33.2699959,0
              35.5158791,33.2704036,0
              35.5156989,33.2707973,0
              35.5172594,33.2709084,0
              35.5195602,33.2706967,0
              35.520039,33.2708595,0
              35.5209191,33.269249,0
              35.52082,33.2677576,0
              35.5209991,33.2662186,0
              35.5225086,33.2648948,0
              35.5234386,33.2593547,0
              35.5234385,33.256609,0
              35.5226949,33.2537428,0
              35.5247119,33.2532403,0
              35.5297008,33.2536351,0
              35.5306235,33.2544605,0
              35.5307093,33.2562011,0
              35.5260707,33.260921,0
              35.5254579,33.2683701,0
              35.5245114,33.2695273,0
              35.5240929,33.271151,0
              35.5226846,33.273721,0
              35.5210968,33.2745439,0
              35.5136295,33.2748663,0
              35.5112451,33.2766196,0
              35.5112465,33.277178,0
              35.5137578,33.2762731,0
              35.5173737,33.2766279,0
              35.5168188,33.2784793,0
              35.5144706,33.2805664,0
              35.5147691,33.2813398,0
              35.5170119,33.2800938,0
              35.5194025,33.2778387,0
              35.5210758,33.2774644,0
              35.5235216,33.2750451,0
              35.5263445,33.2690082,0
              35.5271566,33.2679451,0
              35.527972,33.2651462,0
              35.5291794,33.2619004,0
              35.5331772,33.2594824,0
              35.5376029,33.2586885,0
              35.5416745,33.2588903,0
              35.5424288,33.2578225,0
              35.5454119,33.2564519,0
              35.5485772,33.2565022,0
              35.5523219,33.258293,0
              35.5525697,33.2597841,0
              35.5521142,33.2627008,0
              35.554176,33.2671402,0
              35.5521095,33.2761851,0
              35.5522425,33.2765831,0
              35.5530638,33.2761372,0
              35.5528967,33.2767834,0
              35.5545083,33.2766266,0
              35.5529603,33.2805573,0
              35.5528694,33.2831737,0
              35.5537089,33.2865756,0
              35.5507614,33.2872145,0
              35.548329,33.2862031,0
              35.5426061,33.2803773,0
              35.5321627,33.282341,0
              35.5280429,33.2897671,0
              35.5218631,33.2942153,0
              35.5119925,33.2956501,0
              35.5052977,33.296511,0
              35.4988604,33.300098,0
              35.4937964,33.2964393,0
              35.4918223,33.2921347,0
              35.4968005,33.2890496,0
              35.5101901,33.286682,0
              35.5105334,33.2853905,0
              35.507186,33.2816594,0
              35.4772311,33.2801526,0
              35.4653865,33.2802961,0
              35.453456,33.276493,0
              35.449978,33.272423,0
              35.449422,33.2701782,0
              35.4525119,33.2652264,0
              35.4564601,33.2619969,0
              35.4622107,33.2597002,0
              35.4632407,33.2625172,0
              35.4804068,33.2602744,0
              35.4903632,33.2602026,0
              35.506156,33.2618892,0
              35.5164514,33.2626851,0
            </coordinates>
          </LinearRing>
        </outerBoundaryIs>
      </Polygon>
    </Placemark>
    <Placemark>
      <name>4.4.26 (Lebanon)</name>
      <description><![CDATA[description: <br>שם: ]]></description>
      <styleUrl>#poly-3949AB-1200-133</styleUrl>
      <ExtendedData>
        <Data name="description">
          <value/>
        </Data>
        <Data name="שם">
          <value/>
        </Data>
      </ExtendedData>
      <Polygon>
        <outerBoundaryIs>
          <LinearRing>
            <tessellate>1</tessellate>
            <coordinates>
              35.4479734,33.1038578,0
              35.4499475,33.1034444,0
              35.4539815,33.1013593,0
              35.4567067,33.1011796,0
              35.4576937,33.1008919,0
              35.4599468,33.0999752,0
              35.4609982,33.1000651,0
              35.461363,33.0997235,0
              35.4586379,33.0946723,0
              35.459067,33.0925151,0
              35.4630399,33.0931041,0
              35.4808044,33.0925885,0
              35.4792594,33.0947098,0
              35.47338,33.0958243,0
              35.4714059,33.0980893,0
              35.4702472,33.0989522,0
              35.4666209,33.0994555,0
              35.4655695,33.1013968,0
              35.4678225,33.1038234,0
              35.4690671,33.1059444,0
              35.468702,33.108551,0
              35.469711,33.108946,0
              35.470462,33.109791,0
              35.471449,33.109809,0
              35.471578,33.110672,0
              35.471277,33.111966,0
              35.471663,33.112613,0
              35.472157,33.113026,0
              35.473981,33.11272,0
              35.475097,33.111786,0
              35.477242,33.110779,0
              35.4781866,33.1100964,0
              35.4796671,33.1086405,0
              35.4819417,33.10483,0
              35.485053,33.1036797,0
              35.4862976,33.1037516,0
              35.4928851,33.1000127,0
              35.503292,33.100534,0
              35.5031304,33.1105158,0
              35.5028754,33.1118252,0
              35.5024917,33.1124965,0
              35.5022692,33.1139179,0
              35.5042707,33.115317,0
              35.505807,33.115878,0
              35.5116683,33.1160111,0
              35.5061966,33.1275167,0
              35.5049373,33.1304279,0
              35.5016386,33.1336314,0
              35.4920362,33.131628,0
              35.4805547,33.1352393,0
              35.4780539,33.1351198,0
              35.4744041,33.1386847,0
              35.4713347,33.1391375,0
              35.4664355,33.1352033,0
              35.4613564,33.1347499,0
              35.4546344,33.1359587,0
              35.447057,33.134832,0
              35.445647,33.137056,0
              35.443942,33.137984,0
              35.442935,33.137611,0
              35.44294,33.135463,0
              35.443473,33.13191,0
              35.446636,33.128211,0
              35.448604,33.124241,0
              35.4531919,33.1229749,0
              35.4616441,33.1191777,0
              35.4628093,33.1177936,0
              35.4672113,33.1157357,0
              35.4642319,33.1112335,0
              35.462465,33.104606,0
              35.4576343,33.103199,0
              35.4525095,33.1075172,0
              35.4473919,33.1099077,0
              35.4470431,33.1103301,0
              35.4480825,33.110903,0
              35.4489073,33.1123026,0
              35.4485398,33.1125138,0
              35.4447633,33.1108872,0
              35.4434758,33.1095931,0
              35.4413086,33.1083529,0
              35.4417377,33.1063938,0
              35.438562,33.1036796,0
              35.433177,33.101013,0
              35.4331714,33.0983002,0
              35.4326937,33.0969177,0
              35.4301935,33.0955546,0
              35.4275757,33.0945839,0
              35.427058,33.0928896,0
              35.4260039,33.0905121,0
              35.4230373,33.0868356,0
              35.4200226,33.0873211,0
              35.4129845,33.0847412,0
              35.4121476,33.079788,0
              35.4144007,33.0787811,0
              35.4177695,33.0783856,0
              35.4221648,33.075933,0
              35.431954,33.067366,0
              35.4346593,33.0718254,0
              35.4319342,33.0734616,0
              35.4298743,33.0753496,0
              35.4295953,33.0769049,0
              35.429016,33.0784063,0
              35.4220422,33.080438,0
              35.4240591,33.0836921,0
              35.4248316,33.0861461,0
              35.4267415,33.0906857,0
              35.427407,33.090416,0
              35.4256155,33.0862721,0
              35.424505,33.0825462,0
              35.4297217,33.0814563,0
              35.4326364,33.0773485,0
              35.4358901,33.0776347,0
              35.4374274,33.0766082,0
              35.445682,33.090659,0
              35.452458,33.0916162,0
              35.4521147,33.0919038,0
              35.4519431,33.0935038,0
              35.4523722,33.0943127,0
              35.4546682,33.0943307,0
              35.4574577,33.096398,0
              35.4587237,33.0994359,0
              35.4538742,33.0997056,0
              35.449454,33.0996696,0
              35.4466001,33.1002988,0
              35.4451624,33.1011436,0
              35.4440681,33.1020244,0
              35.44336,33.103013,0
              35.4440681,33.104433,0
              35.445656,33.105152,0
              35.4469649,33.1052059,0
              35.4473726,33.1049543,0
              35.4479734,33.1038578,0
            </coordinates>
          </LinearRing>
        </outerBoundaryIs>
      </Polygon>
    </Placemark>
    <Placemark>
      <name>4.4.26 (lebanon)</name>
      <description><![CDATA[description: <br>שם: ]]></description>
      <styleUrl>#poly-3949AB-1200-133</styleUrl>
      <ExtendedData>
        <Data name="description">
          <value/>
        </Data>
        <Data name="שם">
          <value/>
        </Data>
      </ExtendedData>
      <Polygon>
        <outerBoundaryIs>
          <LinearRing>
            <tessellate>1</tessellate>
            <coordinates>
              35.2707824,33.1002068,0
              35.2718982,33.1036041,0
              35.2631079,33.1049371,0
              35.2595674,33.1064109,0
              35.2583443,33.1076871,0
              35.2561556,33.1083521,0
              35.2522718,33.10979,0
              35.2508771,33.1097002,0
              35.2504908,33.1071479,0
              35.2486776,33.1066626,0
              35.2490746,33.105656,0
              35.2506625,33.1039125,0
              35.2528297,33.1026003,0
              35.2541815,33.1005512,0
              35.2579366,33.0983761,0
              35.2623355,33.0979807,0
              35.26358,33.098502,0
              35.265479,33.0986278,0
              35.2703821,33.1001557,0
              35.2707824,33.1002068,0
            </coordinates>
          </LinearRing>
        </outerBoundaryIs>
      </Polygon>
    </Placemark>
    <Placemark>
      <name>April 4, 2026 (Lebanon)</name>
      <description><![CDATA[description: <br>שם: ]]></description>
      <styleUrl>#poly-3949AB-1200-115</styleUrl>
      <ExtendedData>
        <Data name="description">
          <value/>
        </Data>
        <Data name="שם">
          <value/>
        </Data>
      </ExtendedData>
      <Polygon>
        <outerBoundaryIs>
          <LinearRing>
            <tessellate>1</tessellate>
            <coordinates>
              35.321178,33.111353,0
              35.3270582,33.1102874,0
              35.3276912,33.110539,0
              35.3281311,33.1114197,0
              35.3287748,33.1119409,0
              35.3299657,33.112516,0
              35.3306416,33.1123363,0
              35.3306874,33.1119125,0
              35.3304056,33.1110692,0
              35.3299335,33.1107906,0
              35.3288928,33.1105659,0
              35.3289733,33.10787,0
              35.3323397,33.1045431,0
              35.3353223,33.1033929,0
              35.3382775,33.1031294,0
              35.3399023,33.102039,0
              35.3421707,33.102135,0
              35.3433663,33.1015479,0
              35.3430639,33.099674,0
              35.3434492,33.0981391,0
              35.344784,33.096898,0
              35.345854,33.094968,0
              35.3462602,33.0926563,0
              35.3442635,33.0870505,0
              35.3445368,33.0849156,0
              35.3436086,33.0828525,0
              35.3422217,33.0811065,0
              35.3426031,33.079799,0
              35.3419235,33.0771086,0
              35.3389895,33.0736296,0
              35.3362871,33.0719929,0
              35.337276,33.070012,0
              35.3374297,33.06962,0
              35.3389996,33.0677716,0
              35.3405944,33.0669697,0
              35.343422,33.065344,0
              35.3463627,33.0805391,0
              35.348392,33.0863398,0
              35.3485487,33.088881,0
              35.353262,33.0911586,0
              35.3569924,33.0938075,0
              35.3561113,33.1028257,0
              35.353172,33.103945,0
              35.3470389,33.1076126,0
              35.3489027,33.1131795,0
              35.3586637,33.1193213,0
              35.3632129,33.1156371,0
              35.3675902,33.1134715,0
              35.3702938,33.1136421,0
              35.3712795,33.1136342,0
              35.371364,33.1148845,0
              35.3699452,33.1149406,0
              35.3682662,33.1156281,0
              35.3651656,33.1171827,0
              35.360037,33.120759,0
              35.3604661,33.1241375,0
              35.3615819,33.1266893,0
              35.361067,33.1296364,0
              35.3598224,33.1330864,0
              35.3641768,33.137676,0
              35.3632098,33.1384563,0
              35.3584062,33.1359254,0
              35.3561317,33.1357098,0
              35.3521393,33.1374783,0
              35.34952,33.141834,0
              35.346387,33.141152,0
              35.343496,33.141897,0
              35.34223,33.138609,0
              35.344697,33.135411,0
              35.3439008,33.1334458,0
              35.341865,33.130415,0
              35.336572,33.130091,0
              35.331527,33.129832,0
              35.325597,33.12642,0
              35.3150536,33.1269438,0
              35.3027858,33.1168591,0
              35.3018483,33.115543,0
              35.3022775,33.1117688,0
              35.3012475,33.1085695,0
              35.306289,33.106812,0
              35.3069767,33.1103669,0
              35.3091547,33.1125686,0
              35.3124109,33.1131302,0
              35.3136714,33.1106724,0
              35.3173837,33.111589,0
              35.321178,33.111353,0
            </coordinates>
          </LinearRing>
        </outerBoundaryIs>
      </Polygon>
    </Placemark>
    <Placemark>
      <name>4.4.26 (lebanon)</name>
      <description><![CDATA[description: <br>שם: ]]></description>
      <styleUrl>#poly-3949AB-1200-133</styleUrl>
      <ExtendedData>
        <Data name="description">
          <value/>
        </Data>
        <Data name="שם">
          <value/>
        </Data>
      </ExtendedData>
      <Polygon>
        <outerBoundaryIs>
          <LinearRing>
            <tessellate>1</tessellate>
            <coordinates>
              35.1890821,33.0946972,0
              35.1867218,33.0977532,0
              35.1854987,33.0996946,0
              35.1850266,33.1011685,0
              35.1838035,33.1025346,0
              35.1821942,33.1035233,0
              35.180778,33.1039187,0
              35.1783962,33.1038109,0
              35.1779671,33.1033795,0
              35.1778383,33.1024268,0
              35.1780529,33.1017977,0
              35.1756282,33.1002158,0
              35.1732249,33.0994429,0
              35.1713796,33.0988317,0
              35.1706929,33.0984542,0
              35.1698847,33.0977375,0
              35.1800341,33.0982228,0
              35.1841777,33.0974954,0
              35.1890821,33.0946972,0
            </coordinates>
          </LinearRing>
        </outerBoundaryIs>
      </Polygon>
    </Placemark>
    <Placemark>
      <name>April 4, 2026 (Lebanon)</name>
      <description><![CDATA[description: <br>שם: ]]></description>
      <styleUrl>#poly-3949AB-1200-125</styleUrl>
      <ExtendedData>
        <Data name="description">
          <value/>
        </Data>
        <Data name="שם">
          <value/>
        </Data>
      </ExtendedData>
      <Polygon>
        <outerBoundaryIs>
          <LinearRing>
            <tessellate>1</tessellate>
            <coordinates>
              35.1168514,33.1147003,0
              35.1239753,33.1099914,0
              35.1253486,33.1046711,0
              35.130477,33.1045815,0
              35.1347578,33.1039434,0
              35.1362491,33.1014536,0
              35.1412701,33.1007438,0
              35.1482654,33.101903,0
              35.1509342,33.1145297,0
              35.1491747,33.1181961,0
              35.1577434,33.1273019,0
              35.1684144,33.1241469,0
              35.1801535,33.1262491,0
              35.1970093,33.1204701,0
              35.2108541,33.12188,0
              35.2281114,33.1208685,0
              35.2315391,33.1239334,0
              35.2374584,33.1261134,0
              35.2381918,33.127343,0
              35.2375908,33.131116,0
              35.2308706,33.1323655,0
              35.2271663,33.1318395,0
              35.2156434,33.1360433,0
              35.2137439,33.1390436,0
              35.2162702,33.1382079,0
              35.2187351,33.1399103,0
              35.2196242,33.1424863,0
              35.2179384,33.1434093,0
              35.2134514,33.1452046,0
              35.2120946,33.1462619,0
              35.209026,33.1498598,0
              35.2059143,33.1512838,0
              35.2029537,33.1510683,0
              35.1985541,33.148499,0
              35.1977836,33.1467753,0
              35.197238,33.1409397,0
              35.2053317,33.1360961,0
              35.2004913,33.1328764,0
              35.2000802,33.1307494,0
              35.199883,33.1286406,0
              35.1738197,33.1309083,0
              35.1605283,33.136785,0
              35.1708823,33.1575565,0
              35.1739346,33.1581042,0
              35.1756351,33.1587238,0
              35.1783628,33.1584452,0
              35.179437,33.1572102,0
              35.1775815,33.1557752,0
              35.1773783,33.1538553,0
              35.1791214,33.1536754,0
              35.1794926,33.154182,0
              35.1796062,33.1544372,0
              35.1803914,33.1558456,0
              35.1883775,33.1519618,0
              35.189197,33.1519582,0
              35.189242,33.1528906,0
              35.1883847,33.1535903,0
              35.1881167,33.1544748,0
              35.1882779,33.1549642,0
              35.1889755,33.1559385,0
              35.1874146,33.157791,0
              35.1853467,33.15931,0
              35.1857503,33.1604108,0
              35.1863686,33.163272,0
              35.1816995,33.164509,0
              35.178904,33.1653354,0
              35.1754788,33.1649873,0
              35.1716538,33.1642192,0
              35.1704055,33.1645576,0
              35.168347,33.1651854,0
              35.1664601,33.1634961,0
              35.1656906,33.1609076,0
              35.1596029,33.1543653,0
              35.1543561,33.1433792,0
              35.1496896,33.1342614,0
              35.1472216,33.1306855,0
              35.1412782,33.126858,0
              35.1369867,33.126247,0
              35.1306352,33.1227248,0
              35.1275238,33.1196877,0
              35.1225028,33.1185555,0
              35.1193055,33.116327,0
              35.1168514,33.1147003,0
            </coordinates>
          </LinearRing>
        </outerBoundaryIs>
      </Polygon>
    </Placemark>
    <Placemark>
      <name>3.17.26 (Lebanon)</name>
      <description><![CDATA[description: <br>שם: ]]></description>
      <styleUrl>#poly-3949AB-1200-133</styleUrl>
      <ExtendedData>
        <Data name="description">
          <value/>
        </Data>
        <Data name="שם">
          <value/>
        </Data>
      </ExtendedData>
      <Polygon>
        <outerBoundaryIs>
          <LinearRing>
            <tessellate>1</tessellate>
            <coordinates>
              35.4346593,33.0718254,0
              35.4374274,33.0766082,0
              35.4358901,33.0776347,0
              35.4326364,33.0773485,0
              35.4303345,33.0804079,0
              35.4297217,33.0814563,0
              35.424505,33.0825462,0
              35.4256155,33.0862721,0
              35.427407,33.090416,0
              35.4267415,33.0906857,0
              35.4257329,33.0880743,0
              35.4248316,33.0861461,0
              35.4240591,33.0836921,0
              35.4220422,33.080438,0
              35.429016,33.0784063,0
              35.4295953,33.0769049,0
              35.4298743,33.0753496,0
              35.4319342,33.0734616,0
              35.4346593,33.0718254,0
            </coordinates>
          </LinearRing>
        </outerBoundaryIs>
      </Polygon>
    </Placemark>
    <Placemark>
      <name>3.17.26 (Lebanon)</name>
      <description><![CDATA[description: <br>שם: ]]></description>
      <styleUrl>#poly-3949AB-1200-133</styleUrl>
      <ExtendedData>
        <Data name="description">
          <value/>
        </Data>
        <Data name="שם">
          <value/>
        </Data>
      </ExtendedData>
      <Polygon>
        <outerBoundaryIs>
          <LinearRing>
            <tessellate>1</tessellate>
            <coordinates>
              35.2973439,33.1063994,0
              35.2992961,33.105125,0
              35.2994115,33.1050138,0
              35.3007157,33.1026962,0
              35.3009184,33.1005284,0
              35.309307,33.1008071,0
              35.3095129,33.1009313,0
              35.3095677,33.1041392,0
              35.3108242,33.1069876,0
              35.3139613,33.1074814,0
              35.3192322,33.1072764,0
              35.3229931,33.1050373,0
              35.3255951,33.101504,0
              35.3289211,33.099186,0
              35.3313238,33.0952665,0
              35.342579,33.0883002,0
              35.3442635,33.0870505,0
              35.3453804,33.0898519,0
              35.3462173,33.0926923,0
              35.3458111,33.095004,0
              35.3447411,33.096934,0
              35.3434063,33.0981751,0
              35.3430415,33.0999547,0
              35.3433234,33.1015839,0
              35.3421278,33.102171,0
              35.3398594,33.102075,0
              35.3382346,33.1031654,0
              35.3352794,33.1034289,0
              35.3322968,33.1045791,0
              35.3289733,33.10787,0
              35.3288499,33.1106019,0
              35.3298906,33.1108266,0
              35.3303627,33.1111052,0
              35.3306445,33.1119485,0
              35.3305987,33.1123723,0
              35.3299228,33.112552,0
              35.3287319,33.1119769,0
              35.3280882,33.1114557,0
              35.3276483,33.110575,0
              35.3270153,33.1103234,0
              35.3262321,33.1104761,0
              35.3211351,33.111389,0
              35.3173408,33.111625,0
              35.3148946,33.110978,0
              35.3136285,33.1107084,0
              35.3132879,33.11147,0
              35.312368,33.1131662,0
              35.3091118,33.1126046,0
              35.3069338,33.1104029,0
              35.3062461,33.106848,0
              35.3028783,33.1079584,0
              35.3012046,33.1086055,0
              35.3022346,33.1118048,0
              35.3018054,33.115579,0
              35.2991017,33.1160823,0
              35.2977284,33.1153274,0
              35.2983012,33.1132378,0
              35.2973439,33.1063994,0
            </coordinates>
          </LinearRing>
        </outerBoundaryIs>
      </Polygon>
    </Placemark>
    <Placemark>
      <name>3.17.26 (Lebanon)</name>
      <description><![CDATA[description: <br>שם: ]]></description>
      <styleUrl>#poly-3949AB-1200-133</styleUrl>
      <ExtendedData>
        <Data name="description">
          <value/>
        </Data>
        <Data name="שם">
          <value/>
        </Data>
      </ExtendedData>
      <Polygon>
        <outerBoundaryIs>
          <LinearRing>
            <tessellate>1</tessellate>
            <coordinates>
              35.6095768,33.3238324,0
              35.6082982,33.3223721,0
              35.6083733,33.3201577,0
              35.6094462,33.3187591,0
              35.6100255,33.316966,0
              35.605455,33.313308,0
              35.6033951,33.3130749,0
              35.6039959,33.3116583,0
              35.6032664,33.3097396,0
              35.6001764,33.3099368,0
              35.5987302,33.3085383,0
              35.6030818,33.3049234,0
              35.6027612,33.3034188,0
              35.599644,33.2890412,0
              35.595995,33.2854326,0
              35.5958877,33.2834415,0
              35.5960165,33.2824549,0
              35.5924974,33.2820961,0
              35.5908452,33.2799973,0
              35.5919824,33.2783649,0
              35.5930885,33.2748765,0
              35.592831,33.2739615,0
              35.5902561,33.2696738,0
              35.5891189,33.267198,0
              35.5886683,33.265655,0
              35.5886468,33.2639685,0
              35.589324,33.263523,0
              35.591041,33.262339,0
              35.59368,33.261226,0
              35.596297,33.257971,0
              35.5971272,33.2562389,0
              35.5984295,33.2541838,0
              35.6038121,33.2741612,0
              35.6023959,33.2918839,0
              35.6076316,33.298807,0
              35.6133822,33.2999907,0
              35.6147126,33.3039721,0
              35.6189612,33.3110018,0
              35.6179431,33.3175813,0
              35.6173422,33.322019,0
              35.6184002,33.3253873,0
              35.6184217,33.3295109,0
              35.6188079,33.3326125,0
              35.6174346,33.3331234,0
              35.6180687,33.3346746,0
              35.6188197,33.3358309,0
              35.6191791,33.336306,0
              35.6193615,33.3370186,0
              35.6180419,33.3378567,0
              35.6164701,33.3359205,0
              35.6151397,33.3349077,0
              35.6142921,33.333581,0
              35.6137342,33.3314656,0
              35.6127687,33.3307036,0
              35.6117333,33.3305871,0
              35.6114115,33.3294666,0
              35.6114705,33.3285477,0
              35.6109394,33.3275885,0
              35.6112291,33.3270776,0
              35.6104244,33.3260915,0
              35.6099416,33.3249888,0
              35.6095768,33.3238324,0
            </coordinates>
          </LinearRing>
        </outerBoundaryIs>
      </Polygon>
    </Placemark>
    <Placemark>
      <name>3.17.26 (Lebanon)</name>
      <description><![CDATA[description: <br>שם: ]]></description>
      <styleUrl>#poly-3949AB-1200-138</styleUrl>
      <ExtendedData>
        <Data name="description">
          <value/>
        </Data>
        <Data name="שם">
          <value/>
        </Data>
      </ExtendedData>
      <Polygon>
        <outerBoundaryIs>
          <LinearRing>
            <tessellate>1</tessellate>
            <coordinates>
              35.5348961,33.2325452,0
              35.5350034,33.2341964,0
              35.5341237,33.2352733,0
              35.5342524,33.2359194,0
              35.5330079,33.2358476,0
              35.5319135,33.2355784,0
              35.5313342,33.2363142,0
              35.5315917,33.2371757,0
              35.5324285,33.2375705,0
              35.5320637,33.2390602,0
              35.5319779,33.2411779,0
              35.5345528,33.2422906,0
              35.5350785,33.2443454,0
              35.5351536,33.2469026,0
              35.5359154,33.2481768,0
              35.5382435,33.2504468,0
              35.5399387,33.2518016,0
              35.5419557,33.2527078,0
              35.5423098,33.2542151,0
              35.5452817,33.2548341,0
              35.5460649,33.2547624,0
              35.5473525,33.2546615,0
              35.5491748,33.2558228,0
              35.5508155,33.2563944,0
              35.552808,33.2575011,0
              35.5537431,33.2580257,0
              35.5551704,33.2582135,0
              35.5557768,33.2587471,0
              35.5560023,33.2594376,0
              35.557144,33.2645685,0
              35.559496,33.2661408,0
              35.5597882,33.2668519,0
              35.559643,33.2678795,0
              35.560125,33.2688581,0
              35.5608746,33.2697388,0
              35.5629319,33.2713209,0
              35.5648578,33.274521,0
              35.565121,33.275363,0
              35.5548539,33.2757523,0
              35.5545083,33.2766266,0
              35.5528967,33.2767834,0
              35.5530638,33.2761372,0
              35.5529903,33.2761274,0
              35.5522425,33.2765831,0
              35.5521095,33.2761851,0
              35.5530891,33.2714384,0
              35.554176,33.2671402,0
              35.5534315,33.2655766,0
              35.5521142,33.2627008,0
              35.5525697,33.2597841,0
              35.5523219,33.258293,0
              35.5485772,33.2565022,0
              35.5454119,33.2564519,0
              35.5424288,33.2578225,0
              35.5416745,33.2588903,0
              35.5376029,33.2586885,0
              35.5364066,33.2588993,0
              35.5345719,33.258998,0
              35.5331772,33.2594824,0
              35.5323831,33.2597897,0
              35.5291794,33.2619004,0
              35.5280999,33.2646211,0
              35.5278291,33.2659717,0
              35.5272015,33.2676324,0
              35.5262467,33.2691596,0
              35.5235216,33.2750451,0
              35.5210758,33.2774644,0
              35.5194025,33.2778387,0
              35.516871,33.2801658,0
              35.5147691,33.2813398,0
              35.5144706,33.2805664,0
              35.5154616,33.2795937,0
              35.5169715,33.278366,0
              35.5173737,33.2766279,0
              35.5137578,33.2762731,0
              35.5112465,33.277178,0
              35.5112451,33.2766196,0
              35.5125299,33.2756824,0
              35.5136295,33.2748663,0
              35.5210968,33.2745439,0
              35.5226846,33.273721,0
              35.5240361,33.271214,0
              35.5246264,33.2694152,0
              35.5254579,33.2683701,0
              35.5258951,33.2643848,0
              35.5260707,33.260921,0
              35.5307093,33.2562011,0
              35.5306235,33.2544605,0
              35.5297008,33.2536351,0
              35.5247119,33.2532403,0
              35.5226949,33.2537428,0
              35.5233671,33.256477,0
              35.5234386,33.2593547,0
              35.5225086,33.2648948,0
              35.5209991,33.2662186,0
              35.52082,33.2677576,0
              35.5209191,33.269249,0
              35.520039,33.2708595,0
              35.5195602,33.2706967,0
              35.5172594,33.2709084,0
              35.5156989,33.2707973,0
              35.5158791,33.2704036,0
              35.518807,33.2699959,0
              35.5191814,33.26905,0
              35.5194088,33.2677262,0
              35.518226,33.2672213,0
              35.5177918,33.2647045,0
              35.5164514,33.2626851,0
              35.516646,33.2609788,0
              35.5182995,33.2599185,0
              35.5197814,33.2599348,0
              35.5190143,33.2576314,0
              35.5188534,33.2547474,0
              35.5176625,33.2542989,0
              35.5165467,33.2538054,0
              35.5165467,33.2532312,0
              35.5165896,33.2494628,0
              35.5174694,33.2473453,0
              35.5186925,33.2460353,0
              35.5184779,33.2452457,0
              35.5172334,33.2451201,0
              35.5159352,33.246134,0
              35.5148087,33.2463225,0
              35.514637,33.2443843,0
              35.5152807,33.2429127,0
              35.5160961,33.2418539,0
              35.5171046,33.2414232,0
              35.518714,33.2412976,0
              35.5187783,33.2406694,0
              35.5196795,33.24049,0
              35.520607,33.241023,0
              35.5216751,33.2400413,0
              35.5238209,33.2391978,0
              35.5264602,33.2386953,0
              35.5254087,33.2373492,0
              35.5256233,33.2366493,0
              35.5234561,33.2351237,0
              35.5214391,33.2343699,0
              35.5209455,33.2338494,0
              35.5214176,33.2311572,0
              35.5221686,33.2309418,0
              35.5241213,33.2307085,0
              35.5274472,33.2298649,0
              35.5281124,33.2276212,0
              35.5299792,33.2263737,0
              35.5285165,33.221386,0
              35.5263673,33.2188754,0
              35.5228844,33.2187369,0
              35.5209827,33.2184957,0
              35.5210848,33.2180132,0
              35.5201945,33.2174433,0
              35.5224112,33.2154794,0
              35.5262983,33.2158977,0
              35.5276839,33.2158914,0
              35.5275613,33.2148111,0
              35.5259765,33.2138222,0
              35.5256991,33.2127712,0
              35.5266118,33.2118508,0
              35.527267,33.209925,0
              35.531043,33.211038,0
              35.534004,33.215167,0
              35.537051,33.216388,0
              35.5374563,33.2325315,0
              35.5348961,33.2325452,0
            </coordinates>
          </LinearRing>
        </outerBoundaryIs>
      </Polygon>
    </Placemark>
    <Placemark>
      <name>3.17.26 (Lebanon)</name>
      <description><![CDATA[description: <br>שם: ]]></description>
      <styleUrl>#poly-3949AB-1200-138</styleUrl>
      <ExtendedData>
        <Data name="description">
          <value/>
        </Data>
        <Data name="שם">
          <value/>
        </Data>
      </ExtendedData>
      <Polygon>
        <outerBoundaryIs>
          <LinearRing>
            <tessellate>1</tessellate>
            <coordinates>
              35.452458,33.0916162,0
              35.459067,33.0925151,0
              35.4586379,33.0946723,0
              35.4603115,33.097872,0
              35.4611269,33.0992742,0
              35.461363,33.0997235,0
              35.4609982,33.1000651,0
              35.4599468,33.0999752,0
              35.4576937,33.1008919,0
              35.4567067,33.1011796,0
              35.4539815,33.1013593,0
              35.4499475,33.1034444,0
              35.4479734,33.1038578,0
              35.4473726,33.1049543,0
              35.4469649,33.1052059,0
              35.445656,33.105152,0
              35.4440681,33.104433,0
              35.4437248,33.1036781,0
              35.44336,33.103013,0
              35.4440681,33.1020244,0
              35.4451624,33.1011436,0
              35.4466001,33.1002988,0
              35.4479519,33.1000112,0
              35.449454,33.0996696,0
              35.4538742,33.0997056,0
              35.4587237,33.0994359,0
              35.4574577,33.096398,0
              35.4546682,33.0943307,0
              35.4523722,33.0943127,0
              35.4519431,33.0935038,0
              35.4521147,33.0919038,0
              35.452458,33.0916162,0
            </coordinates>
          </LinearRing>
        </outerBoundaryIs>
      </Polygon>
    </Placemark>
    <Placemark>
      <name>3.5.26 (Lebanon</name>
      <description><![CDATA[description: <br>שם: ]]></description>
      <styleUrl>#poly-3949AB-1200-138</styleUrl>
      <ExtendedData>
        <Data name="description">
          <value/>
        </Data>
        <Data name="שם">
          <value/>
        </Data>
      </ExtendedData>
      <Polygon>
        <outerBoundaryIs>
          <LinearRing>
            <tessellate>1</tessellate>
            <coordinates>
              35.537231,33.232343,0
              35.546205,33.237635,0
              35.5464714,33.2421483,0
              35.546094,33.254486,0
              35.5460649,33.2547624,0
              35.5452817,33.2548341,0
              35.5423098,33.2542151,0
              35.5421274,33.2538562,0
              35.5419557,33.2527078,0
              35.5399387,33.2518016,0
              35.5382435,33.2504468,0
              35.5359154,33.2481768,0
              35.5351536,33.2469026,0
              35.5350785,33.2443454,0
              35.5345528,33.2422906,0
              35.5319779,33.2411779,0
              35.5320637,33.2390602,0
              35.5324285,33.2375705,0
              35.5315917,33.2371757,0
              35.5313342,33.2363142,0
              35.5319135,33.2355784,0
              35.5330079,33.2358476,0
              35.5342524,33.2359194,0
              35.5341237,33.2352733,0
              35.5350034,33.2341964,0
              35.5348961,33.2325452,0
              35.537231,33.232343,0
            </coordinates>
          </LinearRing>
        </outerBoundaryIs>
      </Polygon>
    </Placemark>
    <Placemark>
      <name>3.5.26 (Lebanon)</name>
      <description><![CDATA[description: <br>שם: ]]></description>
      <styleUrl>#poly-3949AB-1000-133</styleUrl>
      <ExtendedData>
        <Data name="description">
          <value/>
        </Data>
        <Data name="שם">
          <value/>
        </Data>
      </ExtendedData>
      <Polygon>
        <outerBoundaryIs>
          <LinearRing>
            <tessellate>1</tessellate>
            <coordinates>
              35.721621,33.329452,0
              35.722651,33.32981,0
              35.724089,33.330043,0
              35.726106,33.330187,0
              35.727646,33.330049,0
              35.718873,33.331105,0
              35.7140022,33.3309262,0
              35.7122205,33.3294923,0
              35.7092595,33.3261751,0
              35.7091954,33.3240593,0
              35.7106757,33.3225983,0
              35.711191,33.320007,0
              35.711596,33.318493,0
              35.712068,33.318708,0
              35.712953,33.318771,0
              35.713586,33.319062,0
              35.713806,33.319546,0
              35.713624,33.320047,0
              35.713699,33.320396,0
              35.713168,33.321167,0
              35.712776,33.321575,0
              35.712674,33.321844,0
              35.71303,33.322388,0
              35.713534,33.322513,0
              35.713802,33.322809,0
              35.714167,33.32514,0
              35.7148,33.325149,0
              35.715551,33.325803,0
              35.71642,33.326323,0
              35.717257,33.326431,0
              35.717825,33.326735,0
              35.718491,33.326789,0
              35.721621,33.329452,0
            </coordinates>
          </LinearRing>
        </outerBoundaryIs>
      </Polygon>
    </Placemark>
    <Placemark>
      <name>3.5.26 (Lebanon)</name>
      <description><![CDATA[description: <br>שם: ]]></description>
      <styleUrl>#poly-3949AB-1200-133</styleUrl>
      <ExtendedData>
        <Data name="description">
          <value/>
        </Data>
        <Data name="שם">
          <value/>
        </Data>
      </ExtendedData>
      <Polygon>
        <outerBoundaryIs>
          <LinearRing>
            <tessellate>1</tessellate>
            <coordinates>
              35.689378,33.2975745,0
              35.6902152,33.2979043,0
              35.6906706,33.2980008,0
              35.6913084,33.2977947,0
              35.6918266,33.2975625,0
              35.6923796,33.2971555,0
              35.6948478,33.2966501,0
              35.695871,33.296619,0
              35.6951482,33.3013041,0
              35.6953843,33.3033486,0
              35.6962211,33.3050344,0
              35.6966074,33.3071684,0
              35.6967361,33.309141,0
              35.6949551,33.3093562,0
              35.6916721,33.3090872,0
              35.6909533,33.3098225,0
              35.690449,33.3103963,0
              35.689462,33.3105577,0
              35.6868227,33.3102528,0
              35.6863332,33.3098034,0
              35.6855647,33.3095333,0
              35.6842853,33.3092083,0
              35.6847627,33.3090065,0
              35.685149,33.3083206,0
              35.6846447,33.3079037,0
              35.6847735,33.3075943,0
              35.6849344,33.3066035,0
              35.6857712,33.3058862,0
              35.688829,33.3054289,0
              35.6927021,33.3049447,0
              35.6913288,33.3022546,0
              35.6900413,33.2990264,0
              35.689378,33.2975745,0
            </coordinates>
          </LinearRing>
        </outerBoundaryIs>
      </Polygon>
    </Placemark>
    <Placemark>
      <name>3.5.26 (Lebanon)</name>
      <description><![CDATA[description: <br>שם: ]]></description>
      <styleUrl>#poly-3949AB-1200-143</styleUrl>
      <ExtendedData>
        <Data name="description">
          <value/>
        </Data>
        <Data name="שם">
          <value/>
        </Data>
      </ExtendedData>
      <Polygon>
        <outerBoundaryIs>
          <LinearRing>
            <tessellate>1</tessellate>
            <coordinates>
              35.580572,33.285188,0
              35.581956,33.28347,0
              35.582836,33.283632,0
              35.5846226,33.28198,0
              35.5846877,33.2818316,0
              35.5861039,33.2847016,0
              35.5865116,33.2860111,0
              35.5872197,33.2888451,0
              35.5884215,33.2924048,0
              35.5895804,33.2958569,0
              35.5904172,33.2975787,0
              35.5946658,33.299408,0
              35.5956958,33.2988341,0
              35.5963824,33.2986189,0
              35.5970476,33.2979912,0
              35.5976914,33.2976504,0
              35.5982922,33.296933,0
              35.5983995,33.296108,0
              35.5982063,33.2953726,0
              35.5978416,33.2949243,0
              35.5974339,33.2920187,0
              35.5977986,33.2909425,0
              35.599644,33.2890412,0
              35.6030818,33.3049234,0
              35.5987302,33.3085383,0
              35.5954339,33.3098148,0
              35.594221,33.309075,0
              35.594157,33.306187,0
              35.592805,33.304663,0
              35.588771,33.297848,0
              35.587054,33.29218,0
              35.584737,33.290208,0
              35.583106,33.286692,0
              35.580572,33.285188,0
            </coordinates>
          </LinearRing>
        </outerBoundaryIs>
      </Polygon>
    </Placemark>
    <Placemark>
      <name>3.5.26 (Lebanon)</name>
      <description><![CDATA[description: <br>שם: ]]></description>
      <styleUrl>#poly-3949AB-1000-130</styleUrl>
      <ExtendedData>
        <Data name="description">
          <value/>
        </Data>
        <Data name="שם">
          <value/>
        </Data>
      </ExtendedData>
      <Polygon>
        <outerBoundaryIs>
          <LinearRing>
            <tessellate>1</tessellate>
            <coordinates>
              35.5658536,33.2887617,0
              35.566143,33.28921,0
              35.56742,33.290591,0
              35.568525,33.2913,0
              35.568189,33.29313,0
              35.568876,33.296233,0
              35.567202,33.29878,0
              35.565314,33.300197,0
              35.563318,33.30034,0
              35.561945,33.298923,0
              35.562524,33.295677,0
              35.562246,33.293148,0
              35.5537089,33.2865756,0
              35.5528694,33.2831737,0
              35.5529603,33.2805573,0
              35.5548539,33.2757523,0
              35.565121,33.275363,0
              35.5631967,33.2831521,0
              35.5647987,33.2874861,0
              35.5658536,33.2887617,0
            </coordinates>
          </LinearRing>
        </outerBoundaryIs>
      </Polygon>
    </Placemark>
    <Placemark>
      <name>3.5.26 (Lebanon)</name>
      <description><![CDATA[description: <br>שם: ]]></description>
      <styleUrl>#poly-3949AB-1000-122</styleUrl>
      <ExtendedData>
        <Data name="description">
          <value/>
        </Data>
        <Data name="שם">
          <value/>
        </Data>
      </ExtendedData>
      <Polygon>
        <outerBoundaryIs>
          <LinearRing>
            <tessellate>1</tessellate>
            <coordinates>
              35.537051,33.216388,0
              35.534004,33.215167,0
              35.531043,33.211038,0
              35.527267,33.209925,0
              35.526838,33.205544,0
              35.5221261,33.2047631,0
              35.5205596,33.2040268,0
              35.5200232,33.2019978,0
              35.524208,33.2001483,0
              35.5291056,33.1986931,0
              35.5340696,33.1967211,0
              35.5371249,33.1956774,0
              35.542652,33.198462,0
              35.539391,33.204361,0
              35.5369126,33.2034193,0
              35.5353676,33.2033654,0
              35.5350457,33.2040118,0
              35.5352389,33.2047838,0
              35.5328141,33.2044068,0
              35.5327068,33.2064176,0
              35.5323421,33.208177,0
              35.5333077,33.2094697,0
              35.5337797,33.211247,0
              35.5347453,33.2123242,0
              35.5356895,33.2128089,0
              35.5370628,33.2127012,0
              35.537051,33.216388,0
            </coordinates>
          </LinearRing>
        </outerBoundaryIs>
      </Polygon>
    </Placemark>
    <Placemark>
      <name>3.5.26 (Lebanon)</name>
      <description><![CDATA[description: <br>שם: ]]></description>
      <styleUrl>#poly-3949AB-1000-150</styleUrl>
      <ExtendedData>
        <Data name="description">
          <value/>
        </Data>
        <Data name="שם">
          <value/>
        </Data>
      </ExtendedData>
      <Polygon>
        <outerBoundaryIs>
          <LinearRing>
            <tessellate>1</tessellate>
            <coordinates>
              35.320204,33.100928,0
              35.324435,33.095589,0
              35.320358,33.087858,0
              35.324784,33.082028,0
              35.3256936,33.0814563,0
              35.334035,33.076272,0
              35.3362871,33.0719929,0
              35.3389895,33.0736296,0
              35.3419235,33.0771086,0
              35.3425514,33.0795581,0
              35.3422217,33.0811065,0
              35.3436086,33.0828525,0
              35.3445368,33.0849156,0
              35.3442635,33.0870505,0
              35.3426219,33.0882642,0
              35.3313667,33.0952305,0
              35.328964,33.09915,0
              35.325638,33.101468,0
              35.323036,33.1050013,0
              35.3192751,33.1072404,0
              35.3168601,33.1072968,0
              35.3140042,33.1074454,0
              35.3108671,33.1069516,0
              35.3096106,33.1041032,0
              35.3095558,33.1008953,0
              35.316991,33.104996,0
              35.320204,33.100928,0
            </coordinates>
          </LinearRing>
        </outerBoundaryIs>
      </Polygon>
    </Placemark>
    <Placemark>
      <name>2.18.26</name>
      <description><![CDATA[description: <br>שם: ]]></description>
      <styleUrl>#poly-3949AB-1200-133</styleUrl>
      <ExtendedData>
        <Data name="description">
          <value/>
        </Data>
        <Data name="שם">
          <value/>
        </Data>
      </ExtendedData>
      <Polygon>
        <outerBoundaryIs>
          <LinearRing>
            <tessellate>1</tessellate>
            <coordinates>
              34.5056122,31.547105,0
              34.5032953,31.5452553,0
              34.5030187,31.5434131,0
              34.5034014,31.5431422,0
              34.5078989,31.538229,0
              34.5082711,31.5406267,0
              34.5079505,31.5420723,0
              34.507501,31.5458953,0
              34.5077549,31.546822,0
              34.5056122,31.547105,0
            </coordinates>
          </LinearRing>
        </outerBoundaryIs>
      </Polygon>
    </Placemark>
    <Placemark>
      <name>2.18.26</name>
      <description><![CDATA[description: <br>שם: ]]></description>
      <styleUrl>#poly-3949AB-1200-133</styleUrl>
      <ExtendedData>
        <Data name="description">
          <value/>
        </Data>
        <Data name="שם">
          <value/>
        </Data>
      </ExtendedData>
      <Polygon>
        <outerBoundaryIs>
          <LinearRing>
            <tessellate>1</tessellate>
            <coordinates>
              34.3918907,31.4172099,0
              34.3914468,31.4162126,0
              34.3916024,31.4152466,0
              34.3932403,31.4143139,0
              34.3951656,31.4157987,0
              34.3937575,31.416363,0
              34.3926309,31.4172648,0
              34.3918907,31.4172099,0
            </coordinates>
          </LinearRing>
        </outerBoundaryIs>
      </Polygon>
    </Placemark>
    <Placemark>
      <name>2.18.26</name>
      <description><![CDATA[description: <br>שם: ]]></description>
      <styleUrl>#poly-3949AB-1200-133</styleUrl>
      <ExtendedData>
        <Data name="description">
          <value/>
        </Data>
        <Data name="שם">
          <value/>
        </Data>
      </ExtendedData>
      <Polygon>
        <outerBoundaryIs>
          <LinearRing>
            <tessellate>1</tessellate>
            <coordinates>
              34.2701902,31.3185829,0
              34.268866,31.318249,0
              34.268115,31.31789,0
              34.267862,31.317343,0
              34.265004,31.31707,0
              34.262969,31.317007,0
              34.260806,31.317216,0
              34.257632,31.318169,0
              34.2516209,31.3170835,0
              34.252735,31.312944,0
              34.255724,31.314022,0
              34.266013,31.3142694,0
              34.2701902,31.3185829,0
            </coordinates>
          </LinearRing>
        </outerBoundaryIs>
      </Polygon>
    </Placemark>
    <Placemark>
      <name>2.8.26</name>
      <description><![CDATA[description: <br>שם: ]]></description>
      <styleUrl>#poly-3949AB-1200-133</styleUrl>
      <ExtendedData>
        <Data name="description">
          <value/>
        </Data>
        <Data name="שם">
          <value/>
        </Data>
      </ExtendedData>
      <Polygon>
        <outerBoundaryIs>
          <LinearRing>
            <tessellate>1</tessellate>
            <coordinates>
              34.5096454,31.5360057,0
              34.5162582,31.5407401,0
              34.5141339,31.5429346,0
              34.5160438,31.5449743,0
              34.511203,31.5455352,0
              34.5077549,31.546822,0
              34.507501,31.5458953,0
              34.5079505,31.5420723,0
              34.5082711,31.5406267,0
              34.5078989,31.538229,0
              34.5067938,31.5374608,0
              34.50556,31.53731,0
              34.5037039,31.5367339,0
              34.501746,31.5359155,0
              34.5003324,31.5347153,0
              34.5010861,31.5337162,0
              34.5008046,31.5335551,0
              34.4967705,31.5305374,0
              34.4991976,31.5284541,0
              34.5009211,31.5263206,0
              34.5038561,31.5279071,0
              34.5073799,31.5295214,0
              34.5080451,31.5328501,0
              34.5098904,31.5345144,0
              34.5100531,31.5352559,0
              34.5096454,31.5360057,0
            </coordinates>
          </LinearRing>
        </outerBoundaryIs>
      </Polygon>
    </Placemark>
    <Placemark>
      <name>2.8.26</name>
      <description><![CDATA[description: <br>שם: ]]></description>
      <styleUrl>#poly-3949AB-1200-133</styleUrl>
      <ExtendedData>
        <Data name="description">
          <value/>
        </Data>
        <Data name="שם">
          <value/>
        </Data>
      </ExtendedData>
      <Polygon>
        <outerBoundaryIs>
          <LinearRing>
            <tessellate>1</tessellate>
            <coordinates>
              34.3951656,31.4157987,0
              34.398445,31.418339,0
              34.397681,31.419419,0
              34.3964268,31.4202626,0
              34.3947424,31.420757,0
              34.3919636,31.4194111,0
              34.3912791,31.4182262,0
              34.3918907,31.4172099,0
              34.3926309,31.4172648,0
              34.3937575,31.416363,0
              34.3951656,31.4157987,0
            </coordinates>
          </LinearRing>
        </outerBoundaryIs>
      </Polygon>
    </Placemark>
    <Placemark>
      <name>2.8.26</name>
      <description><![CDATA[description: <br>שם: ]]></description>
      <styleUrl>#poly-3949AB-1200-135</styleUrl>
      <ExtendedData>
        <Data name="description">
          <value/>
        </Data>
        <Data name="שם">
          <value/>
        </Data>
      </ExtendedData>
      <Polygon>
        <outerBoundaryIs>
          <LinearRing>
            <tessellate>1</tessellate>
            <coordinates>
              34.252735,31.312944,0
              34.255606,31.310241,0
              34.258216,31.30931,0
              34.260924,31.309366,0
              34.269326,31.314103,0
              34.271598,31.314174,0
              34.272918,31.3139189,0
              34.2816625,31.3096855,0
              34.2843463,31.3113454,0
              34.286745,31.3134799,0
              34.2891348,31.3188759,0
              34.291777,31.3223236,0
              34.2940514,31.3234484,0
              34.2988794,31.3243898,0
              34.3030384,31.3276329,0
              34.3042826,31.3295278,0
              34.3083761,31.3323417,0
              34.3085215,31.333153,0
              34.307546,31.3375132,0
              34.3074158,31.3357066,0
              34.3020728,31.3335897,0
              34.2970474,31.330889,0
              34.2929426,31.3280361,0
              34.2898293,31.3267507,0
              34.2874746,31.3238425,0
              34.2809905,31.3211803,0
              34.276935,31.3213086,0
              34.2715345,31.3199696,0
              34.266013,31.3142694,0
              34.255724,31.314022,0
              34.252735,31.312944,0
            </coordinates>
          </LinearRing>
        </outerBoundaryIs>
      </Polygon>
    </Placemark>
    <Placemark>
      <name>2.8.26</name>
      <description><![CDATA[description: <br>שם: ]]></description>
      <styleUrl>#poly-3949AB-1200-130</styleUrl>
      <ExtendedData>
        <Data name="description">
          <value/>
        </Data>
        <Data name="שם">
          <value/>
        </Data>
      </ExtendedData>
      <Polygon>
        <outerBoundaryIs>
          <LinearRing>
            <tessellate>1</tessellate>
            <coordinates>
              34.3374551,31.3667568,0
              34.3382405,31.3662532,0
              34.3417613,31.3662636,0
              34.3492931,31.3659338,0
              34.352657,31.3651191,0
              34.3560987,31.3684492,0
              34.3594937,31.3745479,0
              34.3626997,31.377482,0
              34.3649479,31.3846059,0
              34.3639058,31.3859482,0
              34.3657969,31.3878837,0
              34.370824,31.3921058,0
              34.370444,31.3971337,0
              34.3689768,31.3959176,0
              34.3675284,31.3944706,0
              34.3675713,31.3927397,0
              34.3592243,31.3865851,0
              34.3578725,31.3835443,0
              34.3564348,31.3822437,0
              34.3551581,31.3804027,0
              34.3542247,31.380192,0
              34.3542247,31.3796882,0
              34.3532698,31.3782685,0
              34.3511348,31.3768029,0
              34.3511398,31.3760409,0
              34.3491228,31.3734303,0
              34.3464191,31.373183,0
              34.3429739,31.3714668,0
              34.3388982,31.3681859,0
              34.3374551,31.3667568,0
            </coordinates>
          </LinearRing>
        </outerBoundaryIs>
      </Polygon>
    </Placemark>
    <Placemark>
      <name>1.6.26</name>
      <description><![CDATA[description: <br>שם: ]]></description>
      <styleUrl>#poly-3949AB-1200-133</styleUrl>
      <ExtendedData>
        <Data name="description">
          <value/>
        </Data>
        <Data name="שם">
          <value/>
        </Data>
      </ExtendedData>
      <Polygon>
        <outerBoundaryIs>
          <LinearRing>
            <tessellate>1</tessellate>
            <coordinates>
              34.322956,31.3541661,0
              34.31982,31.353258,0
              34.3170929,31.3508558,0
              34.315329,31.349716,0
              34.3137073,31.3479148,0
              34.3162393,31.3451843,0
              34.3191361,31.3461189,0
              34.3207293,31.3461097,0
              34.324016,31.348469,0
              34.3241125,31.3486981,0
              34.3245617,31.3489316,0
              34.3282968,31.3511857,0
              34.3299436,31.3523951,0
              34.32588,31.353132,0
              34.322956,31.3541661,0
            </coordinates>
          </LinearRing>
        </outerBoundaryIs>
      </Polygon>
    </Placemark>
    <Placemark>
      <name>1.6.26</name>
      <description><![CDATA[description: <br>שם: ]]></description>
      <styleUrl>#poly-3949AB-1200-135</styleUrl>
      <ExtendedData>
        <Data name="description">
          <value/>
        </Data>
        <Data name="שם">
          <value/>
        </Data>
      </ExtendedData>
      <Polygon>
        <outerBoundaryIs>
          <LinearRing>
            <tessellate>1</tessellate>
            <coordinates>
              34.5098904,31.5345144,0
              34.5113281,31.5339474,0
              34.5151476,31.5299054,0
              34.5180873,31.5310394,0
              34.520643,31.5307442,0
              34.5236398,31.5333065,0
              34.5226527,31.5362235,0
              34.5222021,31.5371105,0
              34.522009,31.5381347,0
              34.520044,31.5417672,0
              34.5160438,31.5449743,0
              34.5141339,31.5429346,0
              34.5162582,31.5407401,0
              34.5096454,31.5360057,0
              34.5100531,31.5352559,0
              34.5098904,31.5345144,0
            </coordinates>
          </LinearRing>
        </outerBoundaryIs>
      </Polygon>
    </Placemark>
    <Placemark>
      <name>12.25.25</name>
      <description><![CDATA[description: <br>שם: ]]></description>
      <styleUrl>#poly-3949AB-1200-125</styleUrl>
      <ExtendedData>
        <Data name="description">
          <value/>
        </Data>
        <Data name="שם">
          <value/>
        </Data>
      </ExtendedData>
      <Polygon>
        <outerBoundaryIs>
          <LinearRing>
            <tessellate>1</tessellate>
            <coordinates>
              34.3300817,31.3367188,0
              34.3267299,31.3338002,0
              34.3279851,31.3323386,0
              34.3286181,31.3301804,0
              34.3291468,31.32942,0
              34.332709,31.329701,0
              34.3322225,31.3319316,0
              34.331596,31.335473,0
              34.3305538,31.3367188,0
              34.3302534,31.3387531,0
              34.330704,31.3392113,0
              34.3277074,31.3417767,0
              34.3272997,31.3442416,0
              34.3295259,31.3452037,0
              34.3276101,31.347003,0
              34.324016,31.348469,0
              34.3207293,31.3461097,0
              34.3214696,31.3450331,0
              34.3212121,31.3443917,0
              34.3238085,31.3431546,0
              34.3264907,31.3409555,0
              34.3286794,31.3390128,0
              34.3300817,31.3367188,0
            </coordinates>
          </LinearRing>
        </outerBoundaryIs>
      </Polygon>
    </Placemark>
    <Placemark>
      <name>12.15.25</name>
      <description><![CDATA[description: <br>שם: ]]></description>
      <styleUrl>#poly-3949AB-1200-145</styleUrl>
      <ExtendedData>
        <Data name="description">
          <value/>
        </Data>
        <Data name="שם">
          <value/>
        </Data>
      </ExtendedData>
      <Polygon>
        <outerBoundaryIs>
          <LinearRing>
            <tessellate>1</tessellate>
            <coordinates>
              34.498475,31.5188212,0
              34.5009376,31.5202471,0
              34.505544,31.5213152,0
              34.509592,31.5213252,0
              34.5151425,31.5239054,0
              34.5212365,31.5284049,0
              34.520643,31.5307442,0
              34.5180873,31.5310394,0
              34.5151476,31.5299054,0
              34.5113281,31.5339474,0
              34.5098904,31.5345144,0
              34.5080451,31.5328501,0
              34.5079593,31.5317344,0
              34.5073799,31.5295214,0
              34.5040754,31.5280216,0
              34.5009211,31.5263206,0
              34.5001701,31.5248756,0
              34.4994084,31.5230374,0
              34.4993976,31.5215924,0
              34.498475,31.5188212,0
            </coordinates>
          </LinearRing>
        </outerBoundaryIs>
      </Polygon>
    </Placemark>
    <Placemark>
      <name>12.5.25</name>
      <description><![CDATA[description: <br>שם: ]]></description>
      <styleUrl>#poly-3949AB-1200-133</styleUrl>
      <ExtendedData>
        <Data name="description">
          <value/>
        </Data>
        <Data name="שם">
          <value/>
        </Data>
      </ExtendedData>
      <Polygon>
        <outerBoundaryIs>
          <LinearRing>
            <tessellate>1</tessellate>
            <coordinates>
              34.3267299,31.3338002,0
              34.3300817,31.3367188,0
              34.3286794,31.3390128,0
              34.3264907,31.3409555,0
              34.3238085,31.3431546,0
              34.3212121,31.3443917,0
              34.3214696,31.3450331,0
              34.3207293,31.3461097,0
              34.3191361,31.3461189,0
              34.3162393,31.3451843,0
              34.3137073,31.3479148,0
              34.3134665,31.3477039,0
              34.315086,31.34578,0
              34.316771,31.344136,0
              34.318691,31.343943,0
              34.319161,31.342912,0
              34.32036,31.342771,0
              34.321642,31.341689,0
              34.322325,31.341528,0
              34.322799,31.340841,0
              34.323451,31.336946,0
              34.3246109,31.3368198,0
              34.3263973,31.336971,0
              34.3267299,31.3338002,0
            </coordinates>
          </LinearRing>
        </outerBoundaryIs>
      </Polygon>
    </Placemark>
    <Placemark>
      <name>12.5.25</name>
      <description><![CDATA[description: <br>שם: ]]></description>
      <styleUrl>#poly-3949AB-1200-125</styleUrl>
      <ExtendedData>
        <Data name="description">
          <value/>
        </Data>
        <Data name="שם">
          <value/>
        </Data>
      </ExtendedData>
      <Polygon>
        <outerBoundaryIs>
          <LinearRing>
            <tessellate>1</tessellate>
            <coordinates>
              34.330704,31.3392113,0
              34.332099,31.338726,0
              34.3343947,31.3421436,0
              34.3312257,31.3442907,0
              34.3302172,31.3445656,0
              34.3295259,31.3452037,0
              34.3272997,31.3442416,0
              34.3277074,31.3417767,0
              34.330704,31.3392113,0
            </coordinates>
          </LinearRing>
        </outerBoundaryIs>
      </Polygon>
    </Placemark>
    <Placemark>
      <name>11.28.25</name>
      <description><![CDATA[description: <br>שם: ]]></description>
      <styleUrl>#poly-3949AB-1200-133</styleUrl>
      <ExtendedData>
        <Data name="description">
          <value/>
        </Data>
        <Data name="שם">
          <value/>
        </Data>
      </ExtendedData>
      <Polygon>
        <outerBoundaryIs>
          <LinearRing>
            <tessellate>1</tessellate>
            <coordinates>
              34.3286181,31.3301804,0
              34.3277813,31.3297863,0
              34.324769,31.330978,0
              34.322066,31.329434,0
              34.319845,31.325621,0
              34.3223022,31.3232349,0
              34.3236108,31.3248559,0
              34.3249841,31.3261907,0
              34.326765,31.3282102,0
              34.3291468,31.32942,0
              34.3286181,31.3301804,0
            </coordinates>
          </LinearRing>
        </outerBoundaryIs>
      </Polygon>
    </Placemark>
    <Placemark>
      <name>11.28.25</name>
      <description><![CDATA[description: <br>שם: ]]></description>
      <styleUrl>#poly-3949AB-1200-130</styleUrl>
      <ExtendedData>
        <Data name="description">
          <value/>
        </Data>
        <Data name="שם">
          <value/>
        </Data>
      </ExtendedData>
      <Polygon>
        <outerBoundaryIs>
          <LinearRing>
            <tessellate>1</tessellate>
            <coordinates>
              34.3399219,31.3119303,0
              34.338377,31.312132,0
              34.3380337,31.3130486,0
              34.3363171,31.3140018,0
              34.3357592,31.3152667,0
              34.3359308,31.3168249,0
              34.3370252,31.3186489,0
              34.337465,31.3175948,0
              34.341101,31.316801,0
              34.3412764,31.3177229,0
              34.3364351,31.3192761,0
              34.3363995,31.3201817,0
              34.3329234,31.3192285,0
              34.3291468,31.3197968,0
              34.3295497,31.3194127,0
              34.3308584,31.3165975,0
              34.3314806,31.3165334,0
              34.3319849,31.3150302,0
              34.3321458,31.3142144,0
              34.3315534,31.3137926,0
              34.332296,31.3132336,0
              34.3353515,31.3109587,0
              34.3362741,31.3112887,0
              34.3386345,31.310427,0
              34.3396859,31.3104637,0
              34.3399219,31.3119303,0
            </coordinates>
          </LinearRing>
        </outerBoundaryIs>
      </Polygon>
    </Placemark>
    <Placemark>
      <name>11.20.25</name>
      <description><![CDATA[description: <br>שם: ]]></description>
      <styleUrl>#poly-3949AB-1200-135</styleUrl>
      <ExtendedData>
        <Data name="description">
          <value/>
        </Data>
        <Data name="שם">
          <value/>
        </Data>
      </ExtendedData>
      <Polygon>
        <outerBoundaryIs>
          <LinearRing>
            <tessellate>1</tessellate>
            <coordinates>
              34.3343947,31.3421436,0
              34.3357037,31.3418503,0
              34.3379782,31.3420336,0
              34.337349,31.342413,0
              34.334827,31.344805,0
              34.33472,31.346802,0
              34.335589,31.347453,0
              34.336338,31.347642,0
              34.337168,31.348498,0
              34.33355,31.351722,0
              34.3299436,31.3523951,0
              34.3282968,31.3511857,0
              34.3241125,31.3486981,0
              34.324016,31.348469,0
              34.3276101,31.347003,0
              34.3302172,31.3445656,0
              34.3312257,31.3442907,0
              34.3343947,31.3421436,0
            </coordinates>
          </LinearRing>
        </outerBoundaryIs>
      </Polygon>
    </Placemark>
    <Placemark>
      <name>Israeli Controlled Lebanese Land</name>
      <description><![CDATA[description: <br>שם: ]]></description>
      <styleUrl>#poly-3949AB-1200-133</styleUrl>
      <ExtendedData>
        <Data name="description">
          <value/>
        </Data>
        <Data name="שם">
          <value/>
        </Data>
      </ExtendedData>
      <Polygon>
        <outerBoundaryIs>
          <LinearRing>
            <tessellate>1</tessellate>
            <coordinates>
              35.4808044,33.0925885,0
              35.489748,33.0925004,0
              35.4926448,33.0918891,0
              35.4947047,33.0915386,0
              35.4963999,33.091215,0
              35.4987083,33.0907684,0
              35.4999421,33.0904808,0
              35.5025707,33.0898246,0
              35.5036436,33.089492,0
              35.503292,33.100534,0
              35.4991936,33.1003363,0
              35.4928851,33.1000127,0
              35.4862976,33.1037516,0
              35.485053,33.1036797,0
              35.4819417,33.10483,0
              35.48074,33.1065735,0
              35.4796671,33.1086405,0
              35.4781866,33.1100964,0
              35.4772424,33.1107794,0
              35.4750967,33.1117859,0
              35.4739809,33.1127205,0
              35.472157,33.113026,0
              35.4716634,33.1126126,0
              35.4712772,33.1119656,0
              35.4715776,33.1106715,0
              35.4714489,33.1098088,0
              35.4704618,33.1097909,0
              35.4697108,33.1089461,0
              35.4687023,33.1085507,0
              35.4688739,33.107634,0
              35.4690671,33.1059444,0
              35.4678225,33.1038234,0
              35.4655695,33.1013968,0
              35.4666209,33.0994555,0
              35.468595,33.0992038,0
              35.4702472,33.0989522,0
              35.4714059,33.0980893,0
              35.47338,33.0958243,0
              35.4792594,33.0947098,0
              35.4808044,33.0925885,0
            </coordinates>
          </LinearRing>
        </outerBoundaryIs>
      </Polygon>
    </Placemark>
    <Placemark>
      <name>11.10.25</name>
      <description><![CDATA[description: <br>שם: ]]></description>
      <styleUrl>#poly-3949AB-1200-138</styleUrl>
      <ExtendedData>
        <Data name="description">
          <value/>
        </Data>
        <Data name="שם">
          <value/>
        </Data>
      </ExtendedData>
      <Polygon>
        <outerBoundaryIs>
          <LinearRing>
            <tessellate>1</tessellate>
            <coordinates>
              34.323451,31.336946,0
              34.322886,31.335734,0
              34.3216879,31.3359557,0
              34.319374,31.334198,0
              34.322066,31.329434,0
              34.324769,31.330978,0
              34.3277813,31.3297863,0
              34.3286181,31.3301804,0
              34.3279851,31.3323386,0
              34.3267299,31.3338002,0
              34.3263973,31.336971,0
              34.3246109,31.3368198,0
              34.323451,31.336946,0
            </coordinates>
          </LinearRing>
        </outerBoundaryIs>
      </Polygon>
    </Placemark>
    <Placemark>
      <name>Israeli Controlled Lebanese Land</name>
      <description><![CDATA[description: <br>שם: ]]></description>
      <styleUrl>#poly-3949AB-1200-122</styleUrl>
      <ExtendedData>
        <Data name="description">
          <value/>
        </Data>
        <Data name="שם">
          <value/>
        </Data>
      </ExtendedData>
      <Polygon>
        <outerBoundaryIs>
          <LinearRing>
            <tessellate>1</tessellate>
            <coordinates>
              35.5370628,33.2127012,0
              35.5356895,33.2128089,0
              35.5347453,33.2123242,0
              35.5337797,33.211247,0
              35.533651,33.2106546,0
              35.5333077,33.2094697,0
              35.5323421,33.208177,0
              35.5327068,33.2064176,0
              35.5328141,33.2044068,0
              35.5343591,33.2046761,0
              35.5352389,33.2047838,0
              35.5350457,33.2040118,0
              35.5353676,33.2033654,0
              35.5363761,33.2034193,0
              35.5369126,33.2034193,0
              35.5380069,33.2037963,0
              35.5392514,33.2044606,0
              35.537846,33.2066465,0
              35.5369823,33.2087605,0
              35.5369716,33.2090388,0
              35.5370628,33.2127012,0
            </coordinates>
          </LinearRing>
        </outerBoundaryIs>
      </Polygon>
    </Placemark>
    <Placemark>
      <name>Israeli Controlled Lebanese Land</name>
      <description><![CDATA[description: <br>שם: ]]></description>
      <styleUrl>#poly-3949AB-1200-156</styleUrl>
      <ExtendedData>
        <Data name="description">
          <value/>
        </Data>
        <Data name="שם">
          <value/>
        </Data>
      </ExtendedData>
      <Polygon>
        <outerBoundaryIs>
          <LinearRing>
            <tessellate>1</tessellate>
            <coordinates>
              35.2707824,33.1002068,0
              35.2724561,33.1004315,0
              35.2742907,33.1005753,0
              35.2775523,33.1006472,0
              35.2784106,33.1008,0
              35.2793869,33.1007371,0
              35.28061,33.1008629,0
              35.2815649,33.1012943,0
              35.2821872,33.1018156,0
              35.2830347,33.1023099,0
              35.2839038,33.1028941,0
              35.2845797,33.1032086,0
              35.285159,33.1036041,0
              35.2862748,33.1044129,0
              35.2871331,33.1052937,0
              35.2908544,33.107102,0
              35.2933527,33.1080114,0
              35.294444,33.1080328,0
              35.2955537,33.1076801,0
              35.2973868,33.1063634,0
              35.2974912,33.1069653,0
              35.2983441,33.1132018,0
              35.2970461,33.1178385,0
              35.2966493,33.1208937,0
              35.2929909,33.1202109,0
              35.2899442,33.1212176,0
              35.2862284,33.1185555,0
              35.284444,33.116756,0
              35.2839651,33.114451,0
              35.282235,33.1136152,0
              35.2817362,33.1112607,0
              35.2808246,33.1054734,0
              35.2798161,33.1059048,0
              35.2776918,33.1039636,0
              35.2756962,33.1038198,0
              35.2718982,33.1036041,0
              35.2707824,33.1002068,0
            </coordinates>
          </LinearRing>
        </outerBoundaryIs>
      </Polygon>
    </Placemark>
    <Placemark>
      <name>Israeli Incursion into Syria</name>
      <description><![CDATA[description: <br>שם: ]]></description>
      <styleUrl>#poly-3949AB-1200-143</styleUrl>
      <ExtendedData>
        <Data name="description">
          <value/>
        </Data>
        <Data name="שם">
          <value/>
        </Data>
      </ExtendedData>
      <Polygon>
        <outerBoundaryIs>
          <LinearRing>
            <tessellate>1</tessellate>
            <coordinates>
              35.7577998,32.7452176,0
              35.7586402,32.7453616,0
              35.7592785,32.745418,0
              35.7598793,32.745427,0
              35.7607609,32.7455267,0
              35.761439,32.745742,0
              35.7622222,32.7459721,0
              35.7631287,32.7461368,0
              35.7632736,32.7462113,0
              35.7650781,32.7464652,0
              35.7663881,32.7462311,0
              35.7695752,32.7456268,0
              35.7736579,32.7457215,0
              35.7768455,32.746339,0
              35.7793963,32.7472326,0
              35.7798565,32.7547897,0
              35.7820608,32.7562946,0
              35.781261,32.7642958,0
              35.7923543,32.7752174,0
              35.823027,32.7931169,0
              35.8243145,32.7972655,0
              35.8454356,32.8205482,0
              35.846664,32.835252,0
              35.850183,32.8474391,0
              35.8545604,32.8635898,0
              35.8592985,32.8762187,0
              35.865416,32.87689,0
              35.877308,32.880704,0
              35.8830307,32.883607,0
              35.889013,32.887489,0
              35.88971,32.893138,0
              35.886706,32.900993,0
              35.889281,32.905749,0
              35.895804,32.905965,0
              35.897864,32.909064,0
              35.899238,32.916846,0
              35.896405,32.921889,0
              35.891071,32.9256073,0
              35.9141874,32.9472501,0
              35.9260636,32.9683833,0
              35.925146,32.975834,0
              35.937677,32.98073,0
              35.9395605,32.9876437,0
              35.9398609,32.9895875,0
              35.9396359,32.9903781,0
              35.9396037,32.9915569,0
              35.9401616,32.9920878,0
              35.9404405,32.9931497,0
              35.940815,32.998715,0
              35.93758,33.003965,0
              35.933129,33.02408,0
              35.926526,33.026363,0
              35.918034,33.024831,0
              35.912438,33.026415,0
              35.900148,33.027566,0
              35.894852,33.026919,0
              35.893406,33.021666,0
              35.889213,33.021738,0
              35.880905,33.018212,0
              35.8769873,33.0137995,0
              35.8740048,33.0380604,0
              35.871284,33.049853,0
              35.875202,33.05131,0
              35.875938,33.055373,0
              35.875816,33.060011,0
              35.874661,33.063499,0
              35.8737961,33.0681316,0
              35.871967,33.075223,0
              35.873445,33.078155,0
              35.877755,33.079577,0
              35.8818213,33.0794056,0
              35.886821,33.0764928,0
              35.898126,33.075208,0
              35.908568,33.068925,0
              35.9165989,33.0688588,0
              35.922199,33.069779,0
              35.924654,33.072533,0
              35.925016,33.077394,0
              35.923488,33.081823,0
              35.919747,33.083237,0
              35.9184872,33.0882052,0
              35.919368,33.093165,0
              35.922438,33.095748,0
              35.930486,33.099626,0
              35.9328209,33.1065407,0
              35.931484,33.11347,0
              35.924932,33.116624,0
              35.919393,33.118294,0
              35.913167,33.124277,0
              35.9038982,33.1300248,0
              35.912186,33.1330347,0
              35.918291,33.1615744,0
              35.9119592,33.1669416,0
              35.9083346,33.1759435,0
              35.9045581,33.1814031,0
              35.9029273,33.1807925,0
              35.9003953,33.1807207,0
              35.897477,33.1793199,0
              35.8935915,33.1767689,0
              35.8911883,33.1761223,0
              35.8876065,33.1768415,0
              35.8859526,33.1778285,0
              35.8835064,33.1799477,0
              35.8827141,33.1819419,0
              35.8828429,33.1831272,0
              35.8849977,33.1860356,0
              35.8919286,33.1931826,0
              35.8932589,33.1959837,0
              35.8931516,33.1988746,0
              35.906395,33.195207,0
              35.916248,33.186583,0
              35.921876,33.183986,0
              35.928823,33.186014,0
              35.931438,33.191625,0
              35.9321831,33.1990362,0
              35.930782,33.21336,0
              35.924962,33.216932,0
              35.907469,33.218206,0
              35.899691,33.219678,0
              35.889928,33.218259,0
              35.878792,33.220144,0
              35.869458,33.226446,0
              35.8634982,33.2414404,0
              35.8522785,33.2878669,0
              35.854422,33.291498,0
              35.87573,33.297497,0
              35.879135,33.300788,0
              35.892429,33.299948,0
              35.914512,33.296221,0
              35.923266,33.299162,0
              35.93348,33.301171,0
              35.93923,33.30612,0
              35.939155,33.310818,0
              35.942342,33.313795,0
              35.949353,33.3154137,0
              35.960345,33.316019,0
              35.969452,33.319317,0
              35.971175,33.326704,0
              35.968388,33.340312,0
              35.959079,33.354348,0
              35.9508121,33.3727033,0
              35.952145,33.383647,0
              35.96165,33.396573,0
              35.979965,33.407335,0
              35.989509,33.408381,0
              36.002022,33.410936,0
              36.01076,33.416068,0
              36.01296,33.422322,0
              36.019805,33.430221,0
              36.017896,33.435254,0
              36.014838,33.436768,0
              36.0077478,33.4363069,0
              36.001622,33.433785,0
              35.992897,33.433983,0
              35.982544,33.429479,0
              35.971074,33.429342,0
              35.966724,33.433038,0
              35.966017,33.437986,0
              35.970892,33.444944,0
              35.981262,33.450327,0
              35.992968,33.469594,0
              35.993206,33.472305,0
              35.988475,33.473982,0
              35.984693,33.474033,0
              35.9825695,33.4715414,0
              35.977696,33.470805,0
              35.975661,33.4714275,0
              35.968947,33.472185,0
              35.9684298,33.4729489,0
              35.9625718,33.4748998,0
              35.9601257,33.4753652,0
              35.9530357,33.4758304,0
              35.9525207,33.475365,0
              35.9521559,33.4748281,0
              35.9520271,33.4742822,0
              35.9516516,33.4735125,0
              35.9507397,33.4731187,0
              35.9505144,33.4723938,0
              35.9507933,33.4715705,0
              35.950301,33.470115,0
              35.949698,33.469803,0
              35.9491626,33.4701654,0
              35.9481755,33.4704965,0
              35.9464267,33.4696732,0
              35.9454396,33.4688587,0
              35.945625,33.468714,0
              35.942326,33.467562,0
              35.942398,33.466954,0
              35.94295,33.466419,0
              35.944001,33.464472,0
              35.943215,33.463318,0
              35.942534,33.463028,0
              35.942137,33.462707,0
              35.941721,33.462197,0
              35.9413383,33.4620324,0
              35.940992,33.46197,0
              35.940088,33.462116,0
              35.939664,33.462944,0
              35.939391,33.463046,0
              35.938948,33.463026,0
              35.938593,33.46287,0
              35.938404,33.462598,0
              35.938264,33.462232,0
              35.938311,33.461467,0
              35.9378402,33.461117,0
              35.93762,33.460621,0
              35.937934,33.459914,0
              35.93785,33.458992,0
              35.9369175,33.4579932,0
              35.935576,33.45713,0
              35.933213,33.457251,0
              35.930839,33.458446,0
              35.929391,33.458652,0
              35.928377,33.458151,0
              35.927759,33.457703,0
              35.927732,33.457356,0
              35.928112,33.456844,0
              35.9273045,33.4563909,0
              35.9258883,33.4560418,0
              35.9242253,33.455648,0
              35.9236245,33.455272,0
              35.9232597,33.4547529,0
              35.9232811,33.4533117,0
              35.923088,33.4520137,0
              35.9225301,33.4513782,0
              35.9219722,33.4511812,0
              35.921189,33.4513871,0
              35.9198479,33.4501786,0
              35.9192686,33.4499996,0
              35.9182815,33.4497489,0
              35.917509,33.4502771,0
              35.9169082,33.4501428,0
              35.9163718,33.4497489,0
              35.9150274,33.4494304,0
              35.9145339,33.4486515,0
              35.9139546,33.4480876,0
              35.9133967,33.4470491,0
              35.9131392,33.4458227,0
              35.912287,33.445435,0
              35.9072705,33.4449006,0
              35.9061118,33.4448916,0
              35.9054466,33.4447036,0
              35.9047492,33.4448558,0
              35.9036334,33.4449901,0
              35.9029253,33.4450349,0
              35.9011336,33.4440859,0
              35.9006401,33.4435667,0
              35.898033,33.4417404,0
              35.8977218,33.4407019,0
              35.8978935,33.4398513,0
              35.8978184,33.4388218,0
              35.8975287,33.4378727,0
              35.8983495,33.4357956,0
              35.8985533,33.4348958,0
              35.8982547,33.4341078,0
              35.8971389,33.4332841,0
              35.8958299,33.431753,0
              35.8942206,33.4309293,0
              35.8936842,33.4302667,0
              35.892504,33.4299712,0
              35.8916242,33.4296578,0
              35.8911522,33.4290221,0
              35.8899505,33.4286729,0
              35.8887095,33.4271521,0
              35.8878244,33.4273849,0
              35.8871592,33.4279221,0
              35.8864458,33.428155,0
              35.8850725,33.4283385,0
              35.8843751,33.4281863,0
              35.8839996,33.4272506,0
              35.8832217,33.4261,0
              35.8826412,33.4253746,0
              35.8812894,33.4251866,0
              35.8790846,33.4236778,0
              35.877588,33.4232256,0
              35.876676,33.4227554,0
              35.8747253,33.4216516,0
              35.8730069,33.4214257,0
              35.871934,33.4207004,0
              35.8709717,33.4205026,0
              35.8702529,33.4202966,0
              35.8690888,33.4198175,0
              35.8666426,33.4193474,0
              35.8651621,33.4192668,0
              35.8640677,33.4181206,0
              35.8616839,33.4178388,0
              35.8594758,33.4173146,0
              35.8523304,33.4133921,0
              35.8488415,33.4133029,0
              35.8479832,33.4134462,0
              35.8459913,33.4127533,0
              35.8450472,33.4108726,0
              35.8241781,33.3963317,0
              35.8170496,33.3887967,0
              35.8151828,33.3860017,0
              35.8161269,33.3835471,0
              35.8155046,33.3791752,0
              35.8116208,33.3688358,0
              35.8135091,33.365395,0
              35.815569,33.3631728,0
              35.8143674,33.3553945,0
              35.8073293,33.3510928,0
              35.8005486,33.3458589,0
              35.7875024,33.338832,0
              35.7857879,33.3356012,0
              35.7845219,33.3350633,0
              35.7835992,33.3349737,0
              35.7823092,33.3353465,0
              35.7818318,33.3353778,0
              35.781526,33.3352703,0
              35.780768,33.3354027,0
              35.7806419,33.3351674,0
              35.7804359,33.3346078,0
              35.7794595,33.3345272,0
              35.7789714,33.3344151,0
              35.7784993,33.3337115,0
              35.7780541,33.3335456,0
              35.7776249,33.3335949,0
              35.7771958,33.3337428,0
              35.7763857,33.3339356,0
              35.7755489,33.3340252,0
              35.7750875,33.3339927,0
              35.774535,33.3338807,0
              35.773953,33.3330538,0
              35.7735345,33.3326235,0
              35.8079205,33.3175091,0
              35.8114744,33.3157272,0
              35.8002152,33.3008882,0
              35.7912609,33.2924216,0
              35.7776418,33.2782275,0
              35.7802063,33.2681789,0
              35.7802927,33.2681051,0
              35.7826746,33.2667326,0
              35.7833183,33.2664097,0
              35.7992828,33.256649,0
              35.8009994,33.2552494,0
              35.8052051,33.2519836,0
              35.807265,33.2501533,0
              35.8111703,33.2479281,0
              35.811578,33.2428315,0
              35.8113205,33.2266784,0
              35.811851,33.212684,0
              35.81284,33.2021592,0
              35.8161068,33.2010472,0
              35.8187568,33.199916,0
              35.820797,33.198864,0
              35.8223881,33.1984514,0
              35.8278169,33.196207,0
              35.829577,33.1955876,0
              35.8313359,33.1946089,0
              35.834343,33.192616,0
              35.836093,33.1858443,0
              35.8364793,33.1830069,0
              35.8409424,33.1633222,0
              35.820961,33.1343094,0
              35.816372,33.1262035,0
              35.8164363,33.123463,0
              35.8158706,33.1127274,0
              35.8161544,33.1121694,0
              35.838569,33.1046568,0
              35.842317,33.103705,0
              35.8491134,33.1023196,0
              35.8505853,33.0912467,0
              35.8511432,33.0862489,0
              35.8542116,33.0709121,0
              35.8543833,33.0688082,0
              35.854555,33.0653916,0
              35.8636959,33.0205137,0
              35.8637132,33.0085105,0
              35.867404,32.9924582,0
              35.8676614,32.9861229,0
              35.869043,32.981889,0
              35.872201,32.975102,0
              35.875111,32.973023,0
              35.8964147,32.9449322,0
              35.882081,32.9268512,0
              35.8740129,32.9230328,0
              35.8516969,32.8898852,0
              35.8443774,32.8702662,0
              35.8463524,32.854065,0
              35.8367394,32.8270946,0
              35.8227481,32.8125399,0
              35.8022774,32.7912571,0
              35.7865275,32.7751655,0
              35.7797469,32.7679485,0
              35.766368,32.753996,0
              35.7605046,32.7478532,0
              35.7577998,32.7452176,0
            </coordinates>
          </LinearRing>
        </outerBoundaryIs>
      </Polygon>
    </Placemark>
    <Placemark>
      <name>Israeli Controlled Lebanese Land</name>
      <description><![CDATA[description: <br>שם: ]]></description>
      <styleUrl>#poly-3949AB-1200-135</styleUrl>
      <ExtendedData>
        <Data name="description">
          <value/>
        </Data>
        <Data name="שם">
          <value/>
        </Data>
      </ExtendedData>
      <Polygon>
        <outerBoundaryIs>
          <LinearRing>
            <tessellate>1</tessellate>
            <coordinates>
              35.5846877,33.2818316,0
              35.5848325,33.2812198,0
              35.584854,33.2803767,0
              35.5849773,33.2779012,0
              35.5850203,33.2764526,0
              35.5856264,33.2746766,0
              35.5858839,33.273663,0
              35.5860448,33.2727212,0
              35.5857444,33.2714564,0
              35.5856049,33.2702544,0
              35.5850846,33.2696085,0
              35.5843282,33.2688729,0
              35.5841244,33.2681463,0
              35.5838454,33.2675453,0
              35.5836201,33.2669891,0
              35.583663,33.2662894,0
              35.5838776,33.2660651,0
              35.5845535,33.2659665,0
              35.5851651,33.2659126,0
              35.5870855,33.2648361,0
              35.5886468,33.2639685,0
              35.5886683,33.265655,0
              35.5891189,33.267198,0
              35.5902561,33.2696738,0
              35.5914578,33.2718267,0
              35.592831,33.2739615,0
              35.5930885,33.2748765,0
              35.5927238,33.2758631,0
              35.5919824,33.2783649,0
              35.5908452,33.2799973,0
              35.5924974,33.2820961,0
              35.5960165,33.2824549,0
              35.5958877,33.2834415,0
              35.595995,33.2854326,0
              35.5968533,33.2863832,0
              35.597776,33.2872263,0
              35.598806,33.2882128,0
              35.599644,33.2890412,0
              35.598657,33.2901174,0
              35.5977986,33.2909425,0
              35.5974339,33.2920187,0
              35.5975412,33.2930231,0
              35.5978416,33.2949243,0
              35.5982063,33.2953726,0
              35.5983995,33.296108,0
              35.5982922,33.296933,0
              35.5976914,33.2976504,0
              35.5970476,33.2979912,0
              35.5963824,33.2986189,0
              35.5956958,33.2988341,0
              35.5946658,33.299408,0
              35.5927346,33.2986548,0
              35.5904172,33.2975787,0
              35.5895804,33.2958569,0
              35.5884215,33.2924048,0
              35.5872197,33.2888451,0
              35.5865116,33.2860111,0
              35.5861039,33.2847016,0
              35.5846877,33.2818316,0
            </coordinates>
          </LinearRing>
        </outerBoundaryIs>
      </Polygon>
    </Placemark>
    <Placemark>
      <name>11.10.25</name>
      <description><![CDATA[description: <br>שם: ]]></description>
      <styleUrl>#poly-3949AB-1200-130</styleUrl>
      <ExtendedData>
        <Data name="description">
          <value/>
        </Data>
        <Data name="שם">
          <value/>
        </Data>
      </ExtendedData>
      <Polygon>
        <outerBoundaryIs>
          <LinearRing>
            <tessellate>1</tessellate>
            <coordinates>
              34.32439,31.321201,0
              34.3272907,31.3219781,0
              34.3291468,31.3197968,0
              34.3295709,31.3193747,0
              34.330004,31.318372,0
              34.3308584,31.3165975,0
              34.3314806,31.3165334,0
              34.3319849,31.3150302,0
              34.3321458,31.3142144,0
              34.3315534,31.3137926,0
              34.32439,31.321201,0
            </coordinates>
          </LinearRing>
        </outerBoundaryIs>
      </Polygon>
    </Placemark>
    <Placemark>
      <name>11.10.25</name>
      <description><![CDATA[description: <br>שם: ]]></description>
      <styleUrl>#poly-3949AB-1200-138</styleUrl>
      <ExtendedData>
        <Data name="description">
          <value/>
        </Data>
        <Data name="שם">
          <value/>
        </Data>
      </ExtendedData>
      <Polygon>
        <outerBoundaryIs>
          <LinearRing>
            <tessellate>1</tessellate>
            <coordinates>
              34.2881508,31.2665367,0
              34.2862839,31.2656105,0
              34.2860479,31.2651519,0
              34.2874641,31.2630977,0
              34.2895026,31.2607499,0
              34.2909403,31.2613185,0
              34.2920775,31.2622356,0
              34.2934079,31.2628042,0
              34.2963691,31.2642899,0
              34.2971415,31.2632444,0
              34.2991156,31.2641615,0
              34.2971415,31.2667109,0
              34.2963047,31.2668393,0
              34.2955912,31.2677564,0
              34.2897763,31.2652103,0
              34.2890413,31.2650052,0
              34.2881508,31.2665367,0
            </coordinates>
          </LinearRing>
        </outerBoundaryIs>
      </Polygon>
    </Placemark>
    <Placemark>
      <name>11.5.25</name>
      <description><![CDATA[description: <br>שם: ]]></description>
      <styleUrl>#poly-3949AB-1200-117</styleUrl>
      <ExtendedData>
        <Data name="description">
          <value/>
        </Data>
        <Data name="שם">
          <value/>
        </Data>
      </ExtendedData>
      <Polygon>
        <outerBoundaryIs>
          <LinearRing>
            <tessellate>1</tessellate>
            <coordinates>
              34.322259,31.323181,0
              34.32439,31.321201,0
              34.3272907,31.3219781,0
              34.3291468,31.3197968,0
              34.3329234,31.3192285,0
              34.3363995,31.3201817,0
              34.3367608,31.3245619,0
              34.332709,31.329701,0
              34.3291468,31.32942,0
              34.326765,31.3282102,0
              34.3250913,31.3262856,0
              34.3236108,31.3248559,0
              34.322259,31.323181,0
            </coordinates>
          </LinearRing>
        </outerBoundaryIs>
      </Polygon>
    </Placemark>
    <Placemark>
      <name>Israeli Controlled Lebanese Land</name>
      <description><![CDATA[description: <br>שם: ]]></description>
      <styleUrl>#poly-3949AB-1200-130</styleUrl>
      <ExtendedData>
        <Data name="description">
          <value/>
        </Data>
        <Data name="שם">
          <value/>
        </Data>
      </ExtendedData>
      <Polygon>
        <outerBoundaryIs>
          <LinearRing>
            <tessellate>1</tessellate>
            <coordinates>
              35.1900947,33.0893519,0
              35.190497,33.0914553,0
              35.1898533,33.0937204,0
              35.1891881,33.0945653,0
              35.186817,33.0960304,0
              35.1853686,33.0969382,0
              35.1841777,33.0974954,0
              35.1831478,33.0975943,0
              35.1800341,33.0982228,0
              35.1761288,33.098043,0
              35.1698847,33.0977375,0
              35.1597137,33.1004518,0
              35.1534052,33.100991,0
              35.1482553,33.1018898,0
              35.14126,33.1007306,0
              35.136239,33.1014404,0
              35.1347477,33.1039302,0
              35.1304669,33.1045683,0
              35.1253385,33.1046579,0
              35.1239652,33.1099782,0
              35.1186008,33.1135728,0
              35.1168413,33.1146871,0
              35.1152105,33.1139682,0
              35.113172,33.1125124,0
              35.1122064,33.1114341,0
              35.1092024,33.1077495,0
              35.1066274,33.1036873,0
              35.1039667,33.0943399,0
              35.105973,33.094286,0
              35.1080436,33.094286,0
              35.1114769,33.0937287,0
              35.1132579,33.0933332,0
              35.1157577,33.0924703,0
              35.121283,33.0926501,0
              35.1252098,33.092722,0
              35.1293404,33.0921647,0
              35.1316471,33.0917872,0
              35.1349945,33.091167,0
              35.1370222,33.0915895,0
              35.1398546,33.091976,0
              35.1450367,33.091949,0
              35.1488561,33.0910501,0
              35.1506157,33.0907805,0
              35.1507015,33.091158,0
              35.155846,33.0915535,0
              35.1554812,33.0859714,0
              35.1569403,33.0860703,0
              35.1575733,33.086286,0
              35.1580776,33.0867085,0
              35.1586677,33.0877063,0
              35.1591719,33.0882277,0
              35.1602663,33.088785,0
              35.1610387,33.0885333,0
              35.1615859,33.0884704,0
              35.1621545,33.0886861,0
              35.1621223,33.0889108,0
              35.162412,33.0890007,0
              35.1630772,33.0888928,0
              35.1631094,33.0888209,0
              35.1645256,33.0892524,0
              35.1647859,33.0892204,0
              35.1651507,33.0893373,0
              35.1653223,33.0896878,0
              35.1656657,33.0899216,0
              35.1660412,33.0898766,0
              35.1665883,33.0902272,0
              35.1668351,33.0903081,0
              35.1671248,33.0906496,0
              35.1674145,33.0908204,0
              35.1679187,33.0908923,0
              35.1682835,33.0908923,0
              35.1686912,33.0910541,0
              35.1691954,33.0908744,0
              35.1694315,33.0910362,0
              35.1697533,33.091171,0
              35.1700967,33.0914047,0
              35.1705151,33.0916384,0
              35.1709872,33.091935,0
              35.1711588,33.0922496,0
              35.171588,33.0926811,0
              35.1717382,33.0932204,0
              35.1720922,33.0932204,0
              35.1723926,33.0933912,0
              35.172457,33.0936069,0
              35.1726394,33.0937687,0
              35.1732188,33.0935979,0
              35.1734865,33.0937556,0
              35.1737172,33.0937691,0
              35.1741678,33.0936882,0
              35.1746023,33.093805,0
              35.1751388,33.0939354,0
              35.1760239,33.0938814,0
              35.1763887,33.093841,0
              35.1769573,33.0938814,0
              35.1773114,33.0938904,0
              35.1778424,33.0940432,0
              35.1783682,33.0940522,0
              35.1785881,33.0939713,0
              35.1816418,33.0922367,0
              35.1837875,33.0909873,0
              35.1856865,33.0895941,0
              35.1900947,33.0893519,0
            </coordinates>
          </LinearRing>
        </outerBoundaryIs>
      </Polygon>
    </Placemark>
    <Placemark>
      <name>11.5.25</name>
      <description><![CDATA[description: <br>שם: ]]></description>
      <styleUrl>#poly-3949AB-1200-130</styleUrl>
      <ExtendedData>
        <Data name="description">
          <value/>
        </Data>
        <Data name="שם">
          <value/>
        </Data>
      </ExtendedData>
      <Polygon>
        <outerBoundaryIs>
          <LinearRing>
            <tessellate>1</tessellate>
            <coordinates>
              34.3378835,31.3068338,0
              34.3414087,31.3099794,0
              34.3408722,31.311776,0
              34.3404002,31.3128393,0
              34.3404646,31.3135726,0
              34.340949,31.313977,0
              34.341245,31.314923,0
              34.341101,31.316801,0
              34.337465,31.3175948,0
              34.3370252,31.3186489,0
              34.3359308,31.3168249,0
              34.3357592,31.3152667,0
              34.3363171,31.3140018,0
              34.3380337,31.3130486,0
              34.338377,31.312132,0
              34.3399219,31.3119303,0
              34.3396859,31.3104637,0
              34.3386345,31.310427,0
              34.337883,31.310751,0
              34.3362741,31.3112887,0
              34.3353515,31.3109587,0
              34.3369377,31.3097946,0
              34.3378835,31.3068338,0
            </coordinates>
          </LinearRing>
        </outerBoundaryIs>
      </Polygon>
    </Placemark>
    <Placemark>
      <name>10.31.25</name>
      <description><![CDATA[description: <br>שם: ]]></description>
      <styleUrl>#poly-3949AB-1200-138</styleUrl>
      <ExtendedData>
        <Data name="description">
          <value/>
        </Data>
        <Data name="שם">
          <value/>
        </Data>
      </ExtendedData>
      <Polygon>
        <outerBoundaryIs>
          <LinearRing>
            <tessellate>1</tessellate>
            <coordinates>
              34.3412764,31.3177229,0
              34.341101,31.316801,0
              34.341245,31.314923,0
              34.340949,31.313977,0
              34.3404646,31.3135726,0
              34.3404002,31.3128393,0
              34.3408722,31.311776,0
              34.3414087,31.3099794,0
              34.3378896,31.3066795,0
              34.338689,31.304246,0
              34.340136,31.302892,0
              34.3442353,31.3031531,0
              34.345588,31.301764,0
              34.3484242,31.3019023,0
              34.347398,31.299107,0
              34.3518993,31.3000309,0
              34.356351,31.303858,0
              34.3535341,31.3091315,0
              34.3474553,31.3092716,0
              34.3463768,31.3160299,0
              34.3434916,31.3160832,0
              34.3412764,31.3177229,0
            </coordinates>
          </LinearRing>
        </outerBoundaryIs>
      </Polygon>
    </Placemark>
    <Placemark>
      <name>10.31.25</name>
      <description><![CDATA[description: <br>שם: ]]></description>
      <styleUrl>#poly-3949AB-1200-138</styleUrl>
      <ExtendedData>
        <Data name="description">
          <value/>
        </Data>
        <Data name="שם">
          <value/>
        </Data>
      </ExtendedData>
      <Polygon>
        <outerBoundaryIs>
          <LinearRing>
            <tessellate>1</tessellate>
            <coordinates>
              34.331596,31.335473,0
              34.3329,31.337039,0
              34.3365405,31.336343,0
              34.337822,31.334483,0
              34.340286,31.335122,0
              34.342708,31.332751,0
              34.344285,31.332894,0
              34.346775,31.336671,0
              34.347322,31.338902,0
              34.345624,31.340898,0
              34.343435,31.339059,0
              34.342611,31.340251,0
              34.341522,31.342102,0
              34.337349,31.342413,0
              34.3379782,31.3420336,0
              34.3357037,31.3418503,0
              34.3343947,31.3421436,0
              34.332099,31.338726,0
              34.330704,31.3392113,0
              34.3302534,31.3387531,0
              34.3305538,31.3367188,0
              34.331596,31.335473,0
            </coordinates>
          </LinearRing>
        </outerBoundaryIs>
      </Polygon>
    </Placemark>
    <Placemark>
      <name>Area of Israeli Control 10/13/25</name>
      <description><![CDATA[description: <br>שם: ]]></description>
      <styleUrl>#poly-3949AB-1200-138</styleUrl>
      <ExtendedData>
        <Data name="description">
          <value/>
        </Data>
        <Data name="שם">
          <value/>
        </Data>
      </ExtendedData>
      <MultiGeometry>
        <Polygon>
          <outerBoundaryIs>
            <LinearRing>
              <tessellate>1</tessellate>
              <coordinates>
                34.3626997,31.377482,0
                34.3594937,31.3745479,0
                34.3560987,31.3684492,0
                34.352657,31.3651191,0
                34.3492931,31.3659338,0
                34.3417613,31.3662636,0
                34.3382405,31.3662532,0
                34.335498,31.3679952,0
                34.333639,31.3685672,0
                34.331622,31.3681372,0
                34.329359,31.362315,0
                34.326888,31.3557482,0
                34.322956,31.3541661,0
                34.32588,31.353132,0
                34.33355,31.351722,0
                34.337168,31.348498,0
                34.336338,31.347642,0
                34.335589,31.347453,0
                34.33472,31.346802,0
                34.334827,31.344805,0
                34.337349,31.342413,0
                34.341522,31.342102,0
                34.342611,31.340251,0
                34.343435,31.339059,0
                34.345624,31.340898,0
                34.347322,31.338902,0
                34.346775,31.336671,0
                34.344285,31.332894,0
                34.342708,31.332751,0
                34.340286,31.335122,0
                34.337822,31.334483,0
                34.336409,31.336409,0
                34.3329,31.337039,0
                34.331596,31.335473,0
                34.332709,31.329701,0
                34.3367608,31.3245619,0
                34.3363995,31.3201817,0
                34.3364351,31.3192761,0
                34.3412764,31.3177229,0
                34.3434916,31.3160832,0
                34.3463768,31.3160299,0
                34.3474553,31.3092716,0
                34.3535341,31.3091315,0
                34.356351,31.303858,0
                34.3518993,31.3000309,0
                34.347398,31.299107,0
                34.3484242,31.3019023,0
                34.345588,31.301764,0
                34.3442353,31.3031531,0
                34.340136,31.302892,0
                34.338689,31.304246,0
                34.3369377,31.3097946,0
                34.3315534,31.3137926,0
                34.32439,31.321201,0
                34.319845,31.325621,0
                34.322066,31.329434,0
                34.319374,31.334198,0
                34.3216879,31.3359557,0
                34.322886,31.335734,0
                34.323451,31.336946,0
                34.322799,31.340841,0
                34.322325,31.341528,0
                34.321642,31.341689,0
                34.32036,31.342771,0
                34.319161,31.342912,0
                34.318691,31.343943,0
                34.316771,31.344136,0
                34.315086,31.34578,0
                34.3134665,31.3477039,0
                34.3120932,31.3455873,0
                34.3105161,31.3444969,0
                34.310358,31.3433162,0
                34.312158,31.3419212,0
                34.307748,31.3391731,0
                34.307546,31.3375132,0
                34.3085215,31.333153,0
                34.3083761,31.3323417,0
                34.3062782,31.3309072,0
                34.3042826,31.3295278,0
                34.3032165,31.3279014,0
                34.3027705,31.3273997,0
                34.2988794,31.3243898,0
                34.2940514,31.3234484,0
                34.291777,31.3223236,0
                34.290589,31.3208113,0
                34.2890579,31.3187857,0
                34.2877512,31.3155645,0
                34.286745,31.3134799,0
                34.2843463,31.3113454,0
                34.2816625,31.3096855,0
                34.272918,31.3139189,0
                34.271598,31.314174,0
                34.269326,31.314103,0
                34.260924,31.309366,0
                34.258216,31.30931,0
                34.255606,31.310241,0
                34.252735,31.312944,0
                34.2516209,31.3170835,0
                34.24982,31.31862,0
                34.24712,31.32071,0
                34.24538,31.32203,0
                34.24445,31.32283,0
                34.2313971,31.3338911,0
                34.222428,31.3261112,0
                34.237256,31.3021322,0
                34.240431,31.3025722,0
                34.24395,31.2991992,0
                34.245152,31.2948722,0
                34.2544757,31.2914063,0
                34.2501788,31.2881881,0
                34.257168,31.2785882,0
                34.252834,31.2719492,0
                34.258327,31.267245,0
                34.264893,31.2570192,0
                34.273069,31.2640072,0
                34.275182,31.2620362,0
                34.2778884,31.2570674,0
                34.2789639,31.2556938,0
                34.2784541,31.2519195,0
                34.284686,31.2459792,0
                34.29898,31.2532352,0
                34.311588,31.2583122,0
                34.323219,31.2668332,0
                34.334471,31.2826472,0
                34.3599,31.2962282,0
                34.364123,31.3068332,0
                34.35622,31.3626512,0
                34.359891,31.3742322,0
                34.364153,31.3769192,0
                34.365919,31.3822612,0
                34.370795,31.3889442,0
                34.371578,31.3903822,0
                34.371825,31.3919672,0
                34.374904,31.3958962,0
                34.3736041,31.4000834,0
                34.370444,31.3971337,0
                34.370824,31.3921058,0
                34.3657969,31.3878837,0
                34.3670006,31.3866301,0
                34.3649479,31.3846059,0
                34.3647026,31.3838721,0
                34.364218,31.3822932,0
                34.3638321,31.3810358,0
                34.3626997,31.377482,0
              </coordinates>
            </LinearRing>
          </outerBoundaryIs>
          <innerBoundaryIs>
            <LinearRing>
              <tessellate>1</tessellate>
              <coordinates>
                34.2429459,31.3143752,0
                34.2417577,31.3144714,0
                34.2409155,31.3144485,0
                34.240945,31.3137038,0
                34.2419589,31.313729,0
                34.2429084,31.3136534,0
                34.2429459,31.3143752,0
              </coordinates>
            </LinearRing>
          </innerBoundaryIs>
          <innerBoundaryIs>
            <LinearRing>
              <tessellate>1</tessellate>
              <coordinates>
                34.2959865,31.320131,0
                34.2962142,31.3198644,0
                34.2970288,31.320738,0
                34.2975125,31.3212464,0
                34.2979417,31.3219797,0
                34.2967798,31.3230086,0
                34.2959934,31.3233409,0
                34.2941711,31.3209155,0
                34.2951533,31.320614,0
                34.2959865,31.320131,0
              </coordinates>
            </LinearRing>
          </innerBoundaryIs>
          <innerBoundaryIs>
            <LinearRing>
              <tessellate>1</tessellate>
              <coordinates>
                34.2963047,31.2668393,0
                34.294352,31.2693612,0
                34.292614,31.2713695,0
                34.2882151,31.2696455,0
                34.2875929,31.2693337,0
                34.2869062,31.2690036,0
                34.2881508,31.2665459,0
                34.2862839,31.2656105,0
                34.2860479,31.2651519,0
                34.2874641,31.2630977,0
                34.2895026,31.2607499,0
                34.2909403,31.2613185,0
                34.2920775,31.2622356,0
                34.2934079,31.2628042,0
                34.2963691,31.2642899,0
                34.2971415,31.2632444,0
                34.2991156,31.2641615,0
                34.2971415,31.2667109,0
                34.2963047,31.2668393,0
              </coordinates>
            </LinearRing>
          </innerBoundaryIs>
        </Polygon>
        <Polygon>
          <outerBoundaryIs>
            <LinearRing>
              <tessellate>1</tessellate>
              <coordinates>
                34.3736041,31.4000834,0
                34.374904,31.3958962,0
                34.378711,31.398838,0
                34.381624,31.40136,0
                34.399263,31.4180262,0
                34.400819,31.4189232,0
                34.403018,31.4196922,0
                34.403437,31.419683,0
                34.407983,31.4229232,0
                34.409408,31.4249022,0
                34.412004,31.4267702,0
                34.4168,31.4287202,0
                34.4232532,31.4353506,0
                34.426694,31.4417912,0
                34.430875,31.4460952,0
                34.434963,31.4484012,0
                34.451478,31.4610042,0
                34.45782,31.4659662,0
                34.4600721,31.469274,0
                34.468037,31.4771892,0
                34.469871,31.4804092,0
                34.470719,31.4813972,0
                34.471631,31.4820752,0
                34.480364,31.4859692,0
                34.486423,31.4918872,0
                34.4936145,31.4968061,0
                34.50609,31.5058692,0
                34.521566,31.5097502,0
                34.523154,31.5115062,0
                34.526008,31.5122742,0
                34.531911,31.5154982,0
                34.540837,31.5189552,0
                34.544506,31.5226582,0
                34.5470631,31.5267235,0
                34.547701,31.5276642,0
                34.549353,31.5289812,0
                34.551422,31.5332732,0
                34.553943,31.5347272,0
                34.557641,31.5378332,0
                34.55009,31.5427922,0
                34.544989,31.5473042,0
                34.542382,31.5487952,0
                34.5118069,31.5705375,0
                34.488276,31.5869212,0
                34.486168,31.5882002,0
                34.4702339,31.5686149,0
                34.4789976,31.564131,0
                34.481358,31.5623392,0
                34.482362,31.5611062,0
                34.4826771,31.5595295,0
                34.4833852,31.5588164,0
                34.4850374,31.5585421,0
                34.4860459,31.5585421,0
                34.4889642,31.5573902,0
                34.4900743,31.5561612,0
                34.4931484,31.5542452,0
                34.4949881,31.5521111,0
                34.4966889,31.5508442,0
                34.4975687,31.5495093,0
                34.500208,31.5485767,0
                34.5009805,31.5480098,0
                34.5056122,31.547105,0
                34.5077549,31.546822,0
                34.511203,31.5455352,0
                34.5116437,31.5477037,0
                34.5109414,31.5494646,0
                34.5117949,31.5572777,0
                34.5145644,31.5587198,0
                34.5181612,31.5562467,0
                34.520262,31.5555919,0
                34.5192942,31.5497258,0
                34.5276627,31.5500732,0
                34.5289502,31.548903,0
                34.5222021,31.5371105,0
                34.5226527,31.5362235,0
                34.5236398,31.5333065,0
                34.520643,31.5307442,0
                34.5212365,31.5284049,0
                34.5151425,31.5239054,0
                34.509592,31.5213252,0
                34.505544,31.5213152,0
                34.5009376,31.5202471,0
                34.4918395,31.5149424,0
                34.4858743,31.5127472,0
                34.481858,31.5104592,0
                34.4784741,31.5081319,0
                34.4786779,31.5072446,0
                34.4795545,31.5070819,0
                34.4798688,31.5067415,0
                34.4802167,31.506021,0
                34.4810321,31.5055269,0
                34.4811554,31.5051153,0
                34.4817778,31.5048867,0
                34.4810053,31.5037341,0
                34.4801041,31.5031487,0
                34.4775506,31.5020875,0
                34.4752332,31.5014472,0
                34.4729747,31.4991007,0
                34.472288,31.498934,0
                34.4712616,31.4979835,0
                34.469309,31.4973614,0
                34.467412,31.4959842,0
                34.467416,31.4942302,0
                34.466948,31.4923852,0
                34.46466,31.4914662,0
                34.46115,31.4913532,0
                34.4590522,31.489695,0
                34.4561339,31.4896767,0
                34.452785,31.485902,0
                34.450646,31.4837689,0
                34.449283,31.481395,0
                34.448506,31.480757,0
                34.448074,31.47996,0
                34.446339,31.479138,0
                34.444548,31.477896,0
                34.444249,31.476868,0
                34.443423,31.476213,0
                34.442723,31.474925,0
                34.436492,31.468882,0
                34.435516,31.466814,0
                34.43015,31.459911,0
                34.428374,31.458671,0
                34.424926,31.454786,0
                34.423715,31.453116,0
                34.423509,31.45271,0
                34.423059,31.452194,0
                34.421743,31.449978,0
                34.42137,31.448562,0
                34.421087,31.446543,0
                34.419672,31.445017,0
                34.419337,31.444886,0
                34.418604,31.444019,0
                34.41634,31.4425362,0
                34.416212,31.4412462,0
                34.415486,31.4405942,0
                34.416632,31.4393022,0
                34.4153137,31.435269,0
                34.40876,31.43054,0
                34.4005856,31.4249462,0
                34.397681,31.419419,0
                34.398445,31.418339,0
                34.3889706,31.4110046,0
                34.3736041,31.4000834,0
              </coordinates>
            </LinearRing>
          </outerBoundaryIs>
          <innerBoundaryIs>
            <LinearRing>
              <tessellate>1</tessellate>
              <coordinates>
                34.4735955,31.4971747,0
                34.4742147,31.4963462,0
                34.4746269,31.4956773,0
                34.475946,31.496187,0
                34.4742997,31.4973581,0
                34.4736882,31.498003,0
                34.4732376,31.4985884,0
                34.4721717,31.498177,0
                34.4735955,31.4971747,0
              </coordinates>
            </LinearRing>
          </innerBoundaryIs>
        </Polygon>
      </MultiGeometry>
    </Placemark>
    <Placemark>
      <name>IDF 1km Buffer Zone / Philadelphi Corridor</name>
      <description><![CDATA[description: <br>שם: IDF 1km Buffer Zone‏‎]]></description>
      <styleUrl>#poly-3949AB-1200-196</styleUrl>
      <ExtendedData>
        <Data name="description">
          <value/>
        </Data>
        <Data name="שם">
          <value>IDF 1km Buffer Zone‏‎</value>
        </Data>
      </ExtendedData>
      <Polygon>
        <outerBoundaryIs>
          <LinearRing>
            <tessellate>1</tessellate>
            <coordinates>
              34.218866,31.323242,0
              34.235364,31.296526,0
              34.239999,31.296012,0
              34.267216,31.21961,0
              34.278105,31.228087,0
              34.284939,31.234262,0
              34.287256,31.236721,0
              34.292336,31.240949,0
              34.299764,31.244275,0
              34.305128,31.246696,0
              34.3083684,31.2479807,0
              34.313239,31.250182,0
              34.31917,31.252875,0
              34.331701,31.26256,0
              34.335306,31.266045,0
              34.34259,31.277737,0
              34.344134,31.27913,0
              34.348812,31.281404,0
              34.351087,31.282798,0
              34.35525,31.284852,0
              34.358254,31.286466,0
              34.363291,31.28866,0
              34.364621,31.289284,0
              34.366381,31.289944,0
              34.367711,31.2913,0
              34.368956,31.293354,0
              34.3699,31.296178,0
              34.371788,31.301092,0
              34.372412,31.303227,0
              34.373785,31.30605,0
              34.368541,31.336304,0
              34.364936,31.362179,0
              34.365045,31.363384,0
              34.365185,31.364712,0
              34.365753,31.36572,0
              34.365882,31.366316,0
              34.366569,31.368478,0
              34.366955,31.36954,0
              34.368071,31.36987,0
              34.369187,31.369504,0
              34.370217,31.36921,0
              34.371676,31.36976,0
              34.371804,31.370749,0
              34.371159,31.372064,0
              34.371631,31.372614,0
              34.37279,31.373603,0
              34.37339,31.374262,0
              34.373304,31.375105,0
              34.372918,31.375948,0
              34.373347,31.376607,0
              34.373819,31.37712,0
              34.373648,31.377633,0
              34.373691,31.378439,0
              34.37412,31.379099,0
              34.374849,31.379758,0
              34.375021,31.380418,0
              34.379731,31.386563,0
              34.380225,31.387626,0
              34.380579,31.387836,0
              34.380686,31.388505,0
              34.380343,31.38888,0
              34.38016,31.38932,0
              34.380278,31.389576,0
              34.380364,31.389998,0
              34.380783,31.390337,0
              34.381276,31.39084,0
              34.381856,31.391161,0
              34.382381,31.391665,0
              34.383068,31.392058,0
              34.383465,31.39237,0
              34.383948,31.392736,0
              34.38472,31.393414,0
              34.386287,31.394788,0
              34.38722,31.395548,0
              34.387585,31.395713,0
              34.388308,31.396211,0
              34.388554,31.396513,0
              34.388758,31.39699,0
              34.389091,31.397356,0
              34.389842,31.398107,0
              34.390131,31.398281,0
              34.3907,31.398601,0
              34.391408,31.399004,0
              34.392127,31.399947,0
              34.392749,31.400515,0
              34.393275,31.40111,0
              34.393672,31.401907,0
              34.394297,31.402869,0
              34.394833,31.403968,0
              34.395627,31.40492,0
              34.396292,31.405433,0
              34.397108,31.406056,0
              34.397923,31.40655,0
              34.399017,31.407685,0
              34.400133,31.408729,0
              34.400712,31.409462,0
              34.401184,31.409828,0
              34.401249,31.410176,0
              34.401292,31.410524,0
              34.401936,31.411238,0
              34.402472,31.411623,0
              34.40288,31.411898,0
              34.403502,31.412117,0
              34.404038,31.412538,0
              34.404532,31.412886,0
              34.404982,31.412978,0
              34.406313,31.412923,0
              34.406602,31.413179,0
              34.406935,31.413509,0
              34.407976,31.414388,0
              34.408555,31.414882,0
              34.408952,31.415395,0
              34.409639,31.415688,0
              34.4115,31.416027,0
              34.411694,31.416073,0
              34.411865,31.416704,0
              34.412424,31.417058,0
              34.413268,31.417481,0
              34.413268,31.418433,0
              34.413783,31.419056,0
              34.415264,31.420246,0
              34.416616,31.420942,0
              34.418719,31.422553,0
              34.420736,31.423798,0
              34.422281,31.424897,0
              34.423096,31.42541,0
              34.424469,31.426984,0
              34.426744,31.42746,0
              34.428203,31.429621,0
              34.429955,31.431535,0
              34.431822,31.432926,0
              34.432079,31.434354,0
              34.433088,31.435654,0
              34.43532,31.438162,0
              34.437051,31.440668,0
              34.438982,31.441895,0
              34.442823,31.443122,0
              34.446438,31.443755,0
              34.450123,31.448344,0
              34.451453,31.449333,0
              34.452354,31.450834,0
              34.45347,31.452152,0
              34.455101,31.452994,0
              34.456646,31.454275,0
              34.458277,31.455922,0
              34.459693,31.457021,0
              34.461581,31.459071,0
              34.463083,31.45984,0
              34.465137,31.462267,0
              34.46548,31.463073,0
              34.466896,31.464866,0
              34.468398,31.466294,0
              34.47093,31.46882,0
              34.475423,31.473566,0
              34.476904,31.475396,0
              34.47847,31.476732,0
              34.479822,31.47783,0
              34.48633,31.480828,0
              34.48736,31.48156,0
              34.488604,31.482292,0
              34.490535,31.484268,0
              34.496458,31.489538,0
              34.499524,31.491484,0
              34.502399,31.493789,0
              34.505575,31.496314,0
              34.508622,31.49807,0
              34.510381,31.499132,0
              34.512785,31.500449,0
              34.516969,31.501126,0
              34.524436,31.502278,0
              34.525788,31.502791,0
              34.526839,31.50365,0
              34.528084,31.504565,0
              34.529865,31.505956,0
              34.53227,31.5071,0
              34.538042,31.50957,0
              34.538965,31.509936,0
              34.546102,31.51193,0
              34.547074,31.512318,0
              34.547579,31.512821,0
              34.548555,31.513965,0
              34.549325,31.51497,0
              34.549679,31.515363,0
              34.550184,31.515885,0
              34.550409,31.516141,0
              34.550666,31.516296,0
              34.551482,31.516443,0
              34.552222,31.51658,0
              34.552576,31.516744,0
              34.553724,31.517531,0
              34.55462,31.518115,0
              34.554823,31.518755,0
              34.554523,31.519835,0
              34.554298,31.52074,0
              34.554512,31.521325,0
              34.554802,31.522048,0
              34.555102,31.522322,0
              34.555768,31.522798,0
              34.556197,31.522999,0
              34.556626,31.523447,0
              34.557452,31.524014,0
              34.558289,31.524618,0
              34.558963,31.52525,0
              34.559221,31.526366,0
              34.559264,31.527098,0
              34.560959,31.528854,0
              34.56422,31.530993,0
              34.566151,31.532676,0
              34.5665,31.533494,0
              34.567208,31.534719,0
              34.566822,31.536036,0
              34.56752,31.53868,0
              34.567842,31.53986,0
              34.567573,31.541112,0
              34.566007,31.542091,0
              34.563879,31.543557,0
              34.554697,31.549645,0
              34.552608,31.551206,0
              34.552299,31.551622,0
              34.551679,31.552347,0
              34.551377,31.55267,0
              34.550894,31.553012,0
              34.550641,31.553182,0
              34.550388,31.553336,0
              34.549992,31.553575,0
              34.549772,31.553721,0
              34.54962,31.55382,0
              34.549335,31.553937,0
              34.549078,31.553999,0
              34.548843,31.554091,0
              34.548528,31.554298,0
              34.548138,31.554595,0
              34.547368,31.555188,0
              34.546021,31.556227,0
              34.54599,31.556267,0
              34.54586,31.556579,0
              34.545667,31.556812,0
              34.545545,31.556907,0
              34.545213,31.557155,0
              34.545032,31.557516,0
              34.544941,31.557628,0
              34.544768,31.557749,0
              34.544498,31.557852,0
              34.544251,31.557996,0
              34.544136,31.558048,0
              34.543839,31.558148,0
              34.543487,31.558299,0
              34.543246,31.558578,0
              34.541641,31.559685,0
              34.535781,31.564082,0
              34.534944,31.564703,0
              34.534193,31.565444,0
              34.528126,31.569936,0
              34.524907,31.572368,0
              34.52377,31.573318,0
              34.521667,31.574689,0
              34.516989,31.577377,0
              34.513706,31.580082,0
              34.510166,31.582769,0
              34.504959,31.586142,0
              34.502062,31.588006,0
              34.500646,31.589176,0
              34.499766,31.589853,0
              34.498908,31.590474,0
              34.4943221,31.5945249,0
              34.4912857,31.5954836,0
              34.486168,31.588191,0
              34.488276,31.586912,0
              34.5118069,31.5705283,0
              34.542382,31.548786,0
              34.544989,31.547295,0
              34.547086,31.545261,0
              34.55009,31.542783,0
              34.557641,31.537824,0
              34.553943,31.534718,0
              34.551422,31.533264,0
              34.549771,31.529886,0
              34.549353,31.528972,0
              34.547701,31.527655,0
              34.544506,31.522649,0
              34.540837,31.518946,0
              34.531911,31.515489,0
              34.526008,31.512265,0
              34.523154,31.511497,0
              34.521566,31.509741,0
              34.50609,31.50586,0
              34.491798,31.495358,0
              34.486423,31.491878,0
              34.483798,31.489254,0
              34.480364,31.48596,0
              34.472672,31.482459,0
              34.471631,31.482066,0
              34.470719,31.481388,0
              34.469871,31.4804,0
              34.468037,31.47718,0
              34.459976,31.469159,0
              34.45782,31.465957,0
              34.453936,31.463107,0
              34.451478,31.460995,0
              34.434963,31.448392,0
              34.432077,31.446781,0
              34.430875,31.446086,0
              34.426694,31.441782,0
              34.4252,31.438974,0
              34.423118,31.435221,0
              34.418323,31.43034,0
              34.4168,31.428711,0
              34.412004,31.426761,0
              34.409408,31.424893,0
              34.407983,31.422914,0
              34.403437,31.419683,0
              34.403018,31.419683,0
              34.400819,31.418914,0
              34.399263,31.418017,0
              34.381624,31.40136,0
              34.378711,31.398838,0
              34.375089,31.395979,0
              34.374904,31.395887,0
              34.374679,31.395758,0
              34.371825,31.391958,0
              34.371578,31.390373,0
              34.370795,31.388935,0
              34.365919,31.382252,0
              34.364153,31.37691,0
              34.360518,31.374726,0
              34.359891,31.374223,0
              34.35622,31.362642,0
              34.364123,31.306824,0
              34.3599,31.296219,0
              34.35597,31.294134,0
              34.334471,31.282638,0
              34.323219,31.266824,0
              34.311588,31.258303,0
              34.29898,31.253226,0
              34.284686,31.24597,0
              34.2784541,31.2519103,0
              34.2789639,31.2556846,0
              34.2778884,31.2570582,0
              34.275182,31.262027,0
              34.273069,31.263998,0
              34.264893,31.25701,0
              34.258327,31.267245,0
              34.252834,31.27194,0
              34.257168,31.278579,0
              34.2504156,31.2877007,0
              34.2544757,31.2913971,0
              34.2467293,31.2949546,0
              34.245152,31.294863,0
              34.24395,31.29919,0
              34.240431,31.302563,0
              34.237256,31.302123,0
              34.222428,31.326102,0
              34.218866,31.323242,0
            </coordinates>
          </LinearRing>
        </outerBoundaryIs>
      </Polygon>
    </Placemark>
  </Document>
</kml>
