Country,State/Province,City,Center,Type,Shetach,Head shliach (shetach),Main shliach,Other shluchim,Deceased,# people listed,Latitude,Longitude,chabad.org page,Center ID
USA,AK,Anchorage,Lubavitch Jewish Center of Alaska,Chabad House,Alaska,Yosef Greenberg,Yosef Greenberg,Esther Greenberg; Levi Glitsenstein; Mushky Glitsenstein,,4,61.18982,-149.86103,https://www.chabad.org/jewish-centers/117927/Anchorage/Synagogue/Lubavitch-Jewish-Center-of-Alaska,117927
USA,AK,Anchorage,The Alaskan Mikvah,Mikveh,Alaska,Yosef Greenberg,Esther Greenberg,,,1,61.18843,-149.85018,https://www.chabad.org/jewish-centers/119784/Anchorage/Mikveh/The-Alaskan-Mikvah,119784
USA,AK,Fairbanks,Fairbanks Jewish Center - Chabad Lubavitch,Jewish Community Center,Alaska,Yosef Greenberg,Heshy Wolf,Chani Wolf,,2,64.82119,-147.73764,https://www.chabad.org/jewish-centers/6394348/Fairbanks/Synagogue/Fairbanks-Jewish-Center-Chabad-Lubavitch,6394348
USA,AK,Palmer,Mat-Su Jewish Center Chabad Lubavitch,Chabad House,Alaska,Yosef Greenberg,Mendy Greenberg,Chaya Greenberg,,2,61.60263,-149.21081,https://www.chabad.org/jewish-centers/3116169/Palmer/Synagogue/Mat-Su-Jewish-Center-Chabad-Lubavitch,3116169
USA,AL,Auburn,Chabad of Auburn,Campus Chabad House,Alabama,Yossi Posner,Aryeh Wells,Chana Wells,,2,32.59821,-85.48352,https://www.chabad.org/jewish-centers/7392590/Auburn/Campus-Chabad-House/Chabad-of-Auburn,7392590
USA,AL,Birmingham,Chabad of Alabama,Chabad House,Alabama,Yossi Posner,Yossi Posner,Fruma Posner; Yossi Friedman; Levi Weinbaum,,4,33.46848,-86.73954,https://www.chabad.org/jewish-centers/117538/Birmingham/Synagogue/Chabad-of-Alabama,117538
USA,AL,Birmingham,Chabad on Wheels,,Alabama,Yossi Posner,Yossi Posner,Fruma Posner,,2,33.46848,-86.73954,https://www.chabad.org/jewish-centers/7055697/Birmingham/Chabad-on-Wheels,7055697
USA,AL,Huntsville,Chabad of Huntsville,Chabad House,Alabama,Yossi Posner,Moshe Cohen,Mushka Cohen,,2,34.67019,-86.55017,https://www.chabad.org/jewish-centers/1015137/Huntsville/Synagogue/Chabad-of-Huntsville,1015137
USA,AL,Mobile,Chabad of Mobile,Chabad House,Alabama,Yossi Posner,Yosef Goldwasser,Bina Goldwasser,,2,30.66365,-88.15091,https://www.chabad.org/jewish-centers/2541793/Mobile/Synagogue/Chabad-of-Mobile,2541793
USA,AL,Tuscaloosa,Chabad at the University of Alabama,Campus Chabad House,Alabama,Yossi Posner,Kussi Lipskier,Rosie Lipskier,,2,33.21668,-87.55252,https://www.chabad.org/jewish-centers/2948851/Tuscaloosa/Campus-Chabad-House/Chabad-at-the-University-of-Alabama,2948851
USA,AR,Bentonville,Chabad of Northwest Arkansas,Chabad House,Arkansas,Pinchus Ciment,Menachem Mendel Greisman,Dobi Greisman,,2,36.33645,-94.19273,https://www.chabad.org/jewish-centers/300488/Bentonville/Synagogue/Chabad-of-Northwest-Arkansas,300488
USA,AR,Little Rock,Lubavitch of Arkansas,Chabad House,Arkansas,Pinchus Ciment,Pinchus Ciment,Esther Hadassah Ciment; BenTzion Pape; Mendel Mochkin; Sara Mochkin; Yosef Kramer; Chaya Mushka Kramer; Rochie Pape,,8,34.79204,-92.40462,https://www.chabad.org/jewish-centers/117902/Little-Rock/Synagogue/Lubavitch-of-Arkansas,117902
USA,AZ,Anthem,Chabad of Anthem,Chabad House,Arizona,Zalman Levertov,Yossi Friedman,Rivky Friedman,,2,33.86523,-112.13573,https://www.chabad.org/jewish-centers/350478/Anthem/Synagogue/Chabad-of-Anthem,350478
USA,AZ,Buckeye,Chabad of Buckeye,Chabad House,Arizona,Zalman Levertov,Mendy Goldstein,Shterna Goldstein,,2,33.51834,-112.69138,https://www.chabad.org/jewish-centers/6659224/Buckeye/Synagogue/Chabad-of-Buckeye,6659224
USA,AZ,Carefree,Chabad of Carefree,Chabad House,Arizona,Zalman Levertov,Mendel Heller,Mussie Heller,,2,33.8233,-111.91499,https://www.chabad.org/jewish-centers/7369479/Carefree/Synagogue/Chabad-of-Carefree,7369479
USA,AZ,Casa Grande,Chabad of Casa Grande,,Arizona,Zalman Levertov,Moshe Sasonkin,Chaya Sasonkin,,2,32.95303,-111.7296,https://www.chabad.org/jewish-centers/4927362/Casa-Grande/Chabad-of-Casa-Grande,4927362
USA,AZ,Chandler,Chabad of the East Valley,Jewish Community Center,Arizona,Zalman Levertov,Mendy Deitsch,Shterna Deitsch,,2,33.31811,-111.91049,https://www.chabad.org/jewish-centers/118252/Chandler/Synagogue/Chabad-of-the-East-Valley,118252
USA,AZ,Flagstaff,Chabad of Flagstaff,Jewish Community Center,Arizona,Zalman Levertov,Dovie Shapiro,Chaya Shapiro; Yisroel Kumer; Eden Kumer,,4,35.18459,-111.66667,https://www.chabad.org/jewish-centers/359494/Flagstaff/Synagogue/Chabad-of-Flagstaff,359494
USA,AZ,Fountain Hills,Chabad Lubavitch of Fountain Hills,Chabad House,Arizona,Zalman Levertov,Mendy Lipskier,Tzipi Lipskier,,2,33.60426,-111.71719,https://www.chabad.org/jewish-centers/976025/Fountain-Hills/Synagogue/Chabad-Lubavitch-of-Fountain-Hills,976025
USA,AZ,Gilbert,Chabad of Gilbert Jewish Center,Chabad House,Arizona,Zalman Levertov,Shimon Ash,Chavie Ash,,2,33.26502,-111.69351,https://www.chabad.org/jewish-centers/1681679/Gilbert/Synagogue/Chabad-of-Gilbert-Jewish-Center,1681679
USA,AZ,Glendale,Chabad of the West Valley,Chabad House,Arizona,Zalman Levertov,Sholom Lew,Chana Lew,,2,33.71088,-112.20152,https://www.chabad.org/jewish-centers/118414/Glendale/Synagogue/Chabad-of-the-West-Valley,118414
USA,AZ,Goodyear,Chabad Jewish Center of Goodyear,Jewish Community Center,Arizona,Zalman Levertov,Berel Zaklikofsky,Chana Rivka Zaklikofsky,,2,33.47959,-112.36537,https://www.chabad.org/jewish-centers/1279033/Goodyear/Synagogue/Chabad-Jewish-Center-of-Goodyear,1279033
USA,AZ,Lake Havasu City,Chabad of Lake Havasu City,Synagogue,Arizona,Zalman Levertov,Mendel Super,Itta Super,,2,34.47847,-114.32479,https://www.chabad.org/jewish-centers/5566144/Lake-Havasu-City/Synagogue/Chabad-of-Lake-Havasu-City,5566144
USA,AZ,Maricopa City,Chabad Jewish Center of Maricopa City,Chabad House,Arizona,Zalman Levertov,Dov Ber Fridman,Rivka Fridman,,2,33.2889,-112.06104,https://www.chabad.org/jewish-centers/7343104/Maricopa-City/Synagogue/Chabad-Jewish-Center-of-Maricopa-City,7343104
USA,AZ,Mesa,Chabad-Lubavitch of Mesa,Chabad House,Arizona,Zalman Levertov,Laib Blotner,Gitty Blotner,,2,33.39843,-111.74595,https://www.chabad.org/jewish-centers/625537/Mesa/Synagogue/Chabad-Lubavitch-of-Mesa,625537
USA,AZ,Oro Valley,Chabad of Oro Valley,Chabad House,Arizona,Zalman Levertov,Ephraim Zimmerman,Mushkie Zimmerman; Boruch Zimmerman; Adeli Zimmerman,,4,32.46665,-110.95453,https://www.chabad.org/jewish-centers/1689667/Oro-Valley/Synagogue/Chabad-of-Oro-Valley,1689667
USA,AZ,Paradise Valley,Chabad of Paradise Valley,Chabad House,Arizona,Zalman Levertov,Shlomo Levertov,Chaya Mushkah Levertov,,2,33.52214,-111.95391,https://www.chabad.org/jewish-centers/2364351/Paradise-Valley/Synagogue/Chabad-of-Paradise-Valley,2364351
USA,AZ,Phoenix,Arizona Jewish Russian Programs,Adult Education,Arizona,Zalman Levertov,Dan Hayman,Rochel Hayman,,2,33.55948,-112.07584,https://www.chabad.org/jewish-centers/157392/Phoenix/Adult-Education/Arizona-Jewish-Russian-Programs,157392
USA,AZ,Phoenix,Chabad Bukharian Center,,Arizona,Zalman Levertov,Emanuel Shimonov,Miriam Shimonov,,2,33.64469,-112.06592,https://www.chabad.org/jewish-centers/5818525/Phoenix/Chabad-Bukharian-Center,5818525
USA,AZ,Phoenix,Chabad Israeli Center,Israeli Center,Arizona,Zalman Levertov,Shneor Feigin,Chanie Feigin,,2,33.61547,-111.98396,https://www.chabad.org/jewish-centers/5529178/Phoenix/Israeli-Center/Chabad-Israeli-Center,5529178
USA,AZ,Phoenix,Chabad Lubavitch of Arizona,Chabad House,Arizona,Zalman Levertov,Zalman Levertov,Tziporah Levertov; Dan Hayman; Mendy Levertov; Moshe Levertov; Yossi Friedman; Levi Levertov; Chani Levertov; Dov Levertov; Mussie Levertov; Chaim Majesky; Moshe Tzvi Cohen,,12,33.53917,-112.03549,https://www.chabad.org/jewish-centers/117539/Phoenix/Synagogue/Chabad-Lubavitch-of-Arizona,117539
USA,AZ,Phoenix,Chabad Lubavitch of North Phoenix,Chabad House,Arizona,Zalman Levertov,Mendy Levertov,Leah Levertov,,2,33.68785,-111.98071,https://www.chabad.org/jewish-centers/150719/Phoenix/Synagogue/Chabad-Lubavitch-of-North-Phoenix,150719
USA,AZ,Phoenix,Chabad of Ahwatukee,Jewish Community Center,Arizona,Zalman Levertov,Levi Minsky,Chaya Minsky,,2,33.30351,-111.99869,https://www.chabad.org/jewish-centers/5597418/Phoenix/Synagogue/Chabad-of-Ahwatukee,5597418
USA,AZ,Phoenix,Chabad of Downtown,Chabad House,Arizona,Zalman Levertov,Dovber Dechter,Chana Dechter,,2,33.4693,-112.0923,https://www.chabad.org/jewish-centers/992582/Phoenix/Synagogue/Chabad-of-Downtown,992582
USA,AZ,Phoenix,Chabad of Moon Valley & GCU,Jewish Community Center,Arizona,Zalman Levertov,Shneur Wolfman,Esther Wolfman,,2,33.61774,-112.04905,https://www.chabad.org/jewish-centers/5954255/Phoenix/Synagogue/Chabad-of-Moon-Valley-GCU,5954255
USA,AZ,Phoenix,Chabad of NE Rural Arizona,Jewish Community Center,Arizona,Zalman Levertov,Yaakov Cahnman,Tiferes Cahnman,,2,34.25308,-111.32316,https://www.chabad.org/jewish-centers/6448214/Phoenix/Synagogue/Chabad-of-NE-Rural-Arizona,6448214
USA,AZ,Phoenix,Chabad on 7th Street,Synagogue,Arizona,Zalman Levertov,Buzzy Ajzenszmidt,Chaya Ajzenszmidt,,2,33.53614,-112.06045,https://www.chabad.org/jewish-centers/5370570/Phoenix/Synagogue/Chabad-on-7th-Street,5370570
USA,AZ,Phoenix,Cteen Phoenix,Chabad House,Arizona,Zalman Levertov,Tzvi Rimler,Masha Rimler,,2,33.53917,-112.03549,https://www.chabad.org/jewish-centers/5276310/Phoenix/Synagogue/Cteen-Phoenix,5276310
USA,AZ,Phoenix,Jewish Care Network,Social Services,Arizona,Zalman Levertov,Moshe Levertov,Sashie Levertov,,2,33.53917,-112.03549,https://www.chabad.org/jewish-centers/4540280/Phoenix/Social-Services/Jewish-Care-Network,4540280
USA,AZ,Phoenix,Smile on Seniors,Jewish Community Center,Arizona,Zalman Levertov,Levi Levertov,Chani Levertov,,2,33.53917,-112.03549,https://www.chabad.org/jewish-centers/1090387/Phoenix/Synagogue/Smile-on-Seniors,1090387
USA,AZ,Prescott,Chabad of Prescott,Chabad House,Arizona,Zalman Levertov,Elie Filler,Bracha Filler,,2,34.54763,-112.46076,https://www.chabad.org/jewish-centers/2666160/Prescott/Synagogue/Chabad-of-Prescott,2666160
USA,AZ,San Tan Valley,Chabad of San Tan Valley,Chabad House,Arizona,Zalman Levertov,Mendel Wolowik,Rivky Wolowik,,2,33.25494,-111.5208,https://www.chabad.org/jewish-centers/6471783/San-Tan-Valley/Synagogue/Chabad-of-San-Tan-Valley,6471783
USA,AZ,Scottsdale,Chabad of Downtown - South Scottsdale,Young Professionals,Arizona,Zalman Levertov,Shmuli Bronstein,Mushkie Bronstein,,2,33.49488,-111.92167,https://www.chabad.org/jewish-centers/5590394/Scottsdale/Young-Professionals/Chabad-of-Downtown-South-Scottsdale,5590394
USA,AZ,Scottsdale,Chabad of Scottsdale,Jewish Community Center,Arizona,Zalman Levertov,Yossi Levertov,Dina Levertov; Mendel Vaisfiche; Chaya Vaisfiche; Sruli Friedman; Chasi Friedman; Menachem Mendel Thaler; Abba Naparstek; Rochel Naparstek; Levi Altein; Pinchas Yehuda Frankel; Shterna Sara Frankel,,12,33.57868,-111.92509,https://www.chabad.org/jewish-centers/117912/Scottsdale/Synagogue/Chabad-of-Scottsdale,117912
USA,AZ,Scottsdale,Kosher Restaurant,,Arizona,Zalman Levertov,,,,0,33.57868,-111.92509,https://www.chabad.org/jewish-centers/3012050/Scottsdale/Kosher-Restaurant,3012050
USA,AZ,Scottsdale,Mazal Tov Gifts - Book Store,Judaica/Gift Shop,Arizona,Zalman Levertov,Yossi Levertov,,,1,33.57868,-111.92509,https://www.chabad.org/jewish-centers/119846/Scottsdale/JudaicaGift-Shop/Mazal-Tov-Gifts-Book-Store,119846
USA,AZ,Sedona,Chabad of Sedona,Chabad House,Arizona,Zalman Levertov,Mendel Kessler,Fraydee Kessler,,2,34.86476,-111.79492,https://www.chabad.org/jewish-centers/3590177/Sedona/Synagogue/Chabad-of-Sedona,3590177
USA,AZ,Sierra Vista,Chabad of Cochise County,Chabad House,Arizona,Zalman Levertov,Benzion Shemtov,Chaya Shemtov,,2,31.55502,-110.29372,https://www.chabad.org/jewish-centers/3181882/Sierra-Vista/Synagogue/Chabad-of-Cochise-County,3181882
USA,AZ,Surprise,Chabad of Surprise,Jewish Community Center,Arizona,Zalman Levertov,Shlomo Ceitlin,Batya Ceitlin,,2,33.64019,-112.39464,https://www.chabad.org/jewish-centers/6422398/Surprise/Synagogue/Chabad-of-Surprise,6422398
USA,AZ,Tempe,Chabad at Arizona State University,Campus Chabad House,Arizona,Zalman Levertov,Shmuel Tiechtel,Chana Tiechtel,,2,33.41923,-111.94204,https://www.chabad.org/jewish-centers/118615/Tempe/Campus-Chabad-House/Chabad-at-Arizona-State-University,118615
USA,AZ,Tucson,Camp Gan Izzy,Day Camp,Arizona,Zalman Levertov,Feigie Ceitlin,,,1,32.2445,-110.88304,https://www.chabad.org/jewish-centers/1184673/Tucson/Day-Camp/Camp-Gan-Izzy,1184673
USA,AZ,Tucson,Chabad House at the University of Arizona,Campus Chabad House,Arizona,Zalman Levertov,Shmulie Shanowitz,Sarah Shanowitz,,2,32.23935,-110.95026,https://www.chabad.org/jewish-centers/5607924/Tucson/Campus-Chabad-House/Chabad-House-at-the-University-of-Arizona,5607924
USA,AZ,Tucson,Chabad Lubavitch of Tucson,Chabad House,Arizona,Zalman Levertov,Yossie Shemtov,Chanie Shemtov; Yehuda Ceitlin; Feigie Ceitlin,,4,32.23077,-110.9357,https://www.chabad.org/jewish-centers/117540/Tucson/Synagogue/Chabad-Lubavitch-of-Tucson,117540
USA,AZ,Tucson,Chabad on River,Chabad House,Arizona,Zalman Levertov,Ram Bigelman,Chani Bigelman,,2,32.26488,-110.90923,https://www.chabad.org/jewish-centers/455508/Tucson/Synagogue/Chabad-on-River,455508
USA,AZ,Vail,"Chabad of Vail, Arizona",Jewish Community Center,Arizona,Zalman Levertov,Yisroel Shemtov,Chavie Shemtov,,2,32.06361,-110.73198,https://www.chabad.org/jewish-centers/5157809/Vail/Synagogue/Chabad-of-Vail-Arizona,5157809
USA,CA,Agoura Hills,Chabad of the Conejo,Chabad House,West Coast,Shlomo Cunin,Moshe Bryski,Matty Bryski; Shlomo Bistritzky; Eli Laber; Leah Levine; Yisroel Levine; Yitzchak Sapochkinsky; Brocha Sapochkinsky; Tovi Bistritzky; Rochel Laber; Leibel Kahanov; Yossi Bryski; Leah Bryski,,13,34.14738,-118.78355,https://www.chabad.org/jewish-centers/117541/Agoura-Hills/Synagogue/Chabad-of-the-Conejo,117541
USA,CA,Alameda,Chabad of Alameda,Chabad House,West Coast,Shlomo Cunin,Meir Shmotkin,Mushki Shmotkin,,2,37.76398,-122.23973,https://www.chabad.org/jewish-centers/3641847/Alameda/Synagogue/Chabad-of-Alameda,3641847
USA,CA,Alameda,The Gan - Alameda Jewish Preschool,Preschool,West Coast,Shlomo Cunin,Mushki Shmotkin,,,1,37.76649,-122.24257,https://www.chabad.org/jewish-centers/4999325/Alameda/Preschool/The-Gan-Alameda-Jewish-Preschool,4999325
USA,CA,Arcadia,Chabad of Arcadia,Chabad House,West Coast,Shlomo Cunin,Sholom Stiefel,Simi Stiefel,,2,34.10806,-118.03561,https://www.chabad.org/jewish-centers/2872446/Arcadia/Synagogue/Chabad-of-Arcadia,2872446
USA,CA,Arcata,Chabad of Humboldt,Campus Chabad House,West Coast,Shlomo Cunin,Eliyahu Cowen,Mushkie Cowen,,2,40.86279,-124.07387,https://www.chabad.org/jewish-centers/1879809/Arcata/Campus-Chabad-House/Chabad-of-Humboldt,1879809
USA,CA,Auburn,Chabad of Auburn,Chabad House,West Coast,Shlomo Cunin,Mendel Weinbaum,Chana Weinbaum,,2,38.87331,-121.0854,https://www.chabad.org/jewish-centers/5993540/Auburn/Synagogue/Chabad-of-Auburn,5993540
USA,CA,Bakersfield,Chabad of Bakersfield,Chabad House,West Coast,Shlomo Cunin,Shmuli Schlanger,Esther Malka Schlanger,,2,35.3345,-119.07836,https://www.chabad.org/jewish-centers/118555/Bakersfield/Synagogue/Chabad-of-Bakersfield,118555
USA,CA,Berkeley,Berkeley Mikvah - Mikvas Chana Leah,Mikveh,West Coast,Shlomo Cunin,Bracha Sara Leeds,,,1,37.86512,-122.25065,https://www.chabad.org/jewish-centers/119860/Berkeley/Mikveh/Berkeley-Mikvah-Mikvas-Chana-Leah,119860
USA,CA,Berkeley,Chabad House Berkeley,Chabad House,West Coast,Shlomo Cunin,Yehuda Ferris,Miriam Chaya Ferris,,2,37.87073,-122.27713,https://www.chabad.org/jewish-centers/117543/Berkeley/Synagogue/Chabad-House-Berkeley,117543
USA,CA,Berkeley,Chabad Jewish Student Center @ UC Berkeley,Campus Chabad House,West Coast,Shlomo Cunin,Gil Yosef Leeds,Bracha Sara Leeds,,2,37.86512,-122.25065,https://www.chabad.org/jewish-centers/411885/Berkeley/Campus-Chabad-House/Chabad-Jewish-Student-Center-UC-Berkeley,411885
USA,CA,Beverly Hills,Beverly Hills Hotel Shabbat Services,Synagogue,West Coast,Shlomo Cunin,Yossi Cunin,,,1,34.0812,-118.41421,https://www.chabad.org/jewish-centers/3252627/Beverly-Hills/Synagogue/Beverly-Hills-Hotel-Shabbat-Services,3252627
USA,CA,Beverly Hills,Chabad in the Hills - Beverly Hills,Synagogue,West Coast,Shlomo Cunin,Yossi Cunin,Chami Cunin,,2,34.0812,-118.41421,https://www.chabad.org/jewish-centers/118442/Beverly-Hills/Synagogue/Chabad-in-the-Hills-Beverly-Hills,118442
USA,CA,Beverly Hills,Chabad of Beverly Hills,Chabad House,West Coast,Shlomo Cunin,Yosef Shusterman,Moshe Kesselman; Mendel Shusterman; Chaim Sperlin; Chaya Sperlin; Aidie Shusterman; Sara Shusterman,,7,34.06722,-118.39126,https://www.chabad.org/jewish-centers/117544/Beverly-Hills/Synagogue/Chabad-of-Beverly-Hills,117544
USA,CA,Beverly Hills,Chabad of Southwest Beverly Hills,Chabad House,West Coast,Shlomo Cunin,Dovid Begun,Pnina Begun,,2,34.06244,-118.39939,https://www.chabad.org/jewish-centers/4730574/Beverly-Hills/Synagogue/Chabad-of-Southwest-Beverly-Hills,4730574
USA,CA,Beverly Hills,Jewish Creative Preschool,Preschool,West Coast,Shlomo Cunin,Moshe Bitton,Mushkie Bitton,,2,34.06559,-118.39354,https://www.chabad.org/jewish-centers/7001638/Beverly-Hills/Preschool/Jewish-Creative-Preschool,7001638
USA,CA,Bishop,Inyo Jewish Center,,West Coast,Shlomo Cunin,,,,0,37.36182,-118.40084,https://www.chabad.org/jewish-centers/5567943/Bishop/Inyo-Jewish-Center,5567943
USA,CA,Bonita,Beth Eliyahu Torah Center,Synagogue,West Coast,Shlomo Cunin,Daniel Srugo,Esther Srugo,,2,32.66829,-117.0226,https://www.chabad.org/jewish-centers/118537/Bonita/Synagogue/Beth-Eliyahu-Torah-Center,118537
USA,CA,Brentwood,Chabad of the Delta,Chabad House,West Coast,Shlomo Cunin,Peretz Goldshmid,Mashie Goldshmid,,2,37.94967,-121.71524,https://www.chabad.org/jewish-centers/937211/Brentwood/Synagogue/Chabad-of-the-Delta,937211
USA,CA,Burbank,Chabad of Burbank,Chabad House,West Coast,Shlomo Cunin,Shmuel Kornfeld,Elana Kornfeld; Moshe Kornfeld; Chayale Kornfeld,,4,34.17161,-118.33656,https://www.chabad.org/jewish-centers/118319/Burbank/Synagogue/Chabad-of-Burbank,118319
USA,CA,Burlingame,Chabad of Burlingame,,West Coast,Shlomo Cunin,Mendel Tuller,Chana Tuller,,2,37.56852,-122.36743,https://www.chabad.org/jewish-centers/6941865/Burlingame/Chabad-of-Burlingame,6941865
USA,CA,Calabasas,Chabad of Calabasas,Chabad House,West Coast,Shlomo Cunin,Eli Friedman,Shaina Friedman,,2,34.13764,-118.63105,https://www.chabad.org/jewish-centers/118584/Calabasas/Synagogue/Chabad-of-Calabasas,118584
USA,CA,Camarillo,Camp Gan Israel,Day Camp,West Coast,Shlomo Cunin,Yosef Muchnik,Shira Muchnik,,2,34.21607,-119.04001,https://www.chabad.org/jewish-centers/520208/Camarillo/Day-Camp/Camp-Gan-Israel,520208
USA,CA,Camarillo,Chabad of Camarillo,Chabad House,West Coast,Shlomo Cunin,Aryeh Lang,Leah Lang,,2,34.22527,-118.98851,https://www.chabad.org/jewish-centers/118595/Camarillo/Synagogue/Chabad-of-Camarillo,118595
USA,CA,Camarillo,Gan Camarillo Preschool,Preschool,West Coast,Shlomo Cunin,Leah Lang,,,1,34.21607,-119.04001,https://www.chabad.org/jewish-centers/520265/Camarillo/Preschool/Gan-Camarillo-Preschool,520265
USA,CA,Carlsbad,Chabad Coastal Hebrew School,Hebrew School,West Coast,Shlomo Cunin,Yeruchem Eilfort,,,1,33.0828,-117.26679,https://www.chabad.org/jewish-centers/120046/Carlsbad/Hebrew-School/Chabad-Coastal-Hebrew-School,120046
USA,CA,Carlsbad,Chabad at La Costa,Chabad House,West Coast,Shlomo Cunin,Yeruchem Eilfort,Nechama Eilfort; Sholom Eilfort; Mushka Eilfort,,4,33.08595,-117.2662,https://www.chabad.org/jewish-centers/117941/Carlsbad/Synagogue/Chabad-at-La-Costa,117941
USA,CA,Castro Valley,Chabad of Castro Valley,Chabad House,West Coast,Shlomo Cunin,Shimon S. Z. Gruzman,Chanie Gruzman,,2,37.68983,-122.07331,https://www.chabad.org/jewish-centers/2457637/Castro-Valley/Synagogue/Chabad-of-Castro-Valley,2457637
USA,CA,Chatsworth,Chabad of Chatsworth,Chabad House,West Coast,Shlomo Cunin,Yossi Spritzer,Nechama Dina Spritzer,,2,34.25758,-118.58569,https://www.chabad.org/jewish-centers/118607/Chatsworth/Synagogue/Chabad-of-Chatsworth,118607
USA,CA,Chatsworth,Chai Tots PreSchool,Preschool,West Coast,Shlomo Cunin,Nechama Dina Spritzer,,,1,34.25754,-118.58539,https://www.chabad.org/jewish-centers/3004418/Chatsworth/Preschool/Chai-Tots-PreSchool,3004418
USA,CA,Chico,Chabad Jewish Center,Campus Chabad House,West Coast,Shlomo Cunin,Mendy Zwiebel,Chana Rochel Zwiebel,,2,39.72682,-121.8425,https://www.chabad.org/jewish-centers/439520/Chico/Campus-Chabad-House/Chabad-Jewish-Center,439520
USA,CA,Chino Hills,Chabad Jewish Center of Chino Hills,Chabad House,West Coast,Shlomo Cunin,Mendy Harlig,Esther Harlig,,2,33.96403,-117.69304,https://www.chabad.org/jewish-centers/4556577/Chino-Hills/Synagogue/Chabad-Jewish-Center-of-Chino-Hills,4556577
USA,CA,Chula Vista,Chabad of Chula Vista,Chabad House,West Coast,Shlomo Cunin,Mendel Katz,Mushka Katz,,2,32.64272,-116.97244,https://www.chabad.org/jewish-centers/3324345/Chula-Vista/Synagogue/Chabad-of-Chula-Vista,3324345
USA,CA,Claremont,Chabad on Campus at Claremont,Campus Chabad House,West Coast,Shlomo Cunin,Yossi Matusof,Rochel Matusof,,2,34.10853,-117.72091,https://www.chabad.org/jewish-centers/2305917/Claremont/Campus-Chabad-House/Chabad-on-Campus-at-Claremont,2305917
USA,CA,Concord,Chabad of Concord,Chabad House,West Coast,Shlomo Cunin,Berel Kesselman,Mushka Kesselman,,2,37.97795,-122.00753,https://www.chabad.org/jewish-centers/4089575/Concord/Synagogue/Chabad-of-Concord,4089575
USA,CA,Coronado,Chabad of Coronado,Chabad House,West Coast,Shlomo Cunin,Eliezer Fradkin,Zeldi Fradkin,,2,32.68383,-117.17803,https://www.chabad.org/jewish-centers/545282/Coronado/Synagogue/Chabad-of-Coronado,545282
USA,CA,Corte Madera,Chabad of Corte Madera,Chabad House,West Coast,Shlomo Cunin,Mendel Misholovin,Yocheved Misholovin,,2,37.93557,-122.52014,https://www.chabad.org/jewish-centers/4519819/Corte-Madera/Synagogue/Chabad-of-Corte-Madera,4519819
USA,CA,Covina,Chabad of the Covinas,Chabad House,West Coast,Shlomo Cunin,Yisroel Baumgarten,Chaya Baumgarten,,2,34.0858,-117.86045,https://www.chabad.org/jewish-centers/6879452/Covina/Synagogue/Chabad-of-the-Covinas,6879452
USA,CA,Culver City,Chabad JCC - Playa Vista,Chabad House,West Coast,Shlomo Cunin,Yossi Greisman,Sara Leah Greisman,,2,33.98306,-118.40685,https://www.chabad.org/jewish-centers/118435/Culver-City/Synagogue/Chabad-JCC-Playa-Vista,118435
USA,CA,Culver City,Chabad of Culver City,Chabad House,West Coast,Shlomo Cunin,Levi Begun,Rochy Begun,,2,34.02049,-118.39674,https://www.chabad.org/jewish-centers/3736869/Culver-City/Synagogue/Chabad-of-Culver-City,3736869
USA,CA,Cupertino,Chabad Israeli Community of The Bay Area,Israeli Center,West Coast,Shlomo Cunin,Menachem Landa,Sonia Landa,,2,37.3273,-122.06958,https://www.chabad.org/jewish-centers/169254/Cupertino/Israeli-Center/Chabad-Israeli-Community-of-The-Bay-Area,169254
USA,CA,Cupertino,Chabad of Cupertino,Chabad House,West Coast,Shlomo Cunin,Reuven Goldstein,Gitty Goldstein,,2,37.32007,-122.05371,https://www.chabad.org/jewish-centers/164342/Cupertino/Synagogue/Chabad-of-Cupertino,164342
USA,CA,Dana Point,Chabad of Dana Point,Jewish Community Center,West Coast,Shlomo Cunin,Eli Goorevitch,Faygie Goorevitch,,2,33.46638,-117.70132,https://www.chabad.org/jewish-centers/3846167/Dana-Point/Synagogue/Chabad-of-Dana-Point,3846167
USA,CA,Danville,Camp Gan Israel Contra Costa,Day Camp,West Coast,Shlomo Cunin,Chaya Berkowitz,,,1,37.84417,-121.94957,https://www.chabad.org/jewish-centers/120212/Danville/Day-Camp/Camp-Gan-Israel-Contra-Costa,120212
USA,CA,Danville,Chabad of Danville,Chabad House,West Coast,Shlomo Cunin,Shmuli Raitman,Mushky Raitman,,2,37.80069,-121.98144,https://www.chabad.org/jewish-centers/2928989/Danville/Synagogue/Chabad-of-Danville,2928989
USA,CA,Davis,Chabad at UC Davis,Campus Chabad House,West Coast,Shlomo Cunin,Mendel Greenberg,Dvoiri Greenberg,,2,38.56308,-121.7207,https://www.chabad.org/jewish-centers/3657377/Davis/Campus-Chabad-House/Chabad-at-UC-Davis,3657377
USA,CA,Davis,Chabad of Davis,Chabad House,West Coast,Shlomo Cunin,Shmary Brownstein,Sorele Brownstein,,2,38.56308,-121.7207,https://www.chabad.org/jewish-centers/150712/Davis/Synagogue/Chabad-of-Davis,150712
USA,CA,El Cerrito,Chabad of El Cerrito,Jewish Community Center,West Coast,Shlomo Cunin,Yanky Bell,Shternie Bell,,2,37.91107,-122.28932,https://www.chabad.org/jewish-centers/3410889/El-Cerrito/Synagogue/Chabad-of-El-Cerrito,3410889
USA,CA,Elk Grove,Chabad of Elk Grove,Chabad House,West Coast,Shlomo Cunin,Chaim Groner,Raizel Groner,,2,38.41542,-121.43938,https://www.chabad.org/jewish-centers/5506034/Elk-Grove/Synagogue/Chabad-of-Elk-Grove,5506034
USA,CA,Emeryville,Chabad Emeryville,Chabad House,West Coast,Shlomo Cunin,Menachem Blank,Menucha Blank,,2,37.84,-122.29,https://www.chabad.org/jewish-centers/4060836/Emeryville/Synagogue/Chabad-Emeryville,4060836
USA,CA,Encinitas,Chabad of Encinitas,Chabad House,West Coast,Shlomo Cunin,Eliahu Eilfort,Chaya Eilfort,,2,33.06206,-117.29028,https://www.chabad.org/jewish-centers/3354078/Encinitas/Synagogue/Chabad-of-Encinitas,3354078
USA,CA,Encinitas,Friendship Circle San Diego,Friendship Circle,West Coast,Shlomo Cunin,Yosef Rodal,Muka Rodal,,2,33.03544,-117.28597,https://www.chabad.org/jewish-centers/324442/Encinitas/Friendship-Circle/Friendship-Circle-San-Diego,324442
USA,CA,Encino,Chabad of Encino,Chabad House,West Coast,Shlomo Cunin,Yochonon Baitelman,Deborah Gordon; Aryeh Herzog; Dovid Junik,Josh Gordon obm,5,34.16004,-118.49295,https://www.chabad.org/jewish-centers/118385/Encino/Synagogue/Chabad-of-Encino,118385
USA,CA,Encino,Chabad of Lake Encino,Chabad House,West Coast,Shlomo Cunin,Yochanan Manssouri,Shoshana Manssouri,,2,34.14728,-118.52889,https://www.chabad.org/jewish-centers/757557/Encino/Synagogue/Chabad-of-Lake-Encino,757557
USA,CA,Escondido,Chabad of Escondido,,West Coast,Shlomo Cunin,Meir Friedman,Yocheved Friedman,,2,33.08526,-117.13824,https://www.chabad.org/jewish-centers/5162747/Escondido/Chabad-of-Escondido,5162747
USA,CA,Fair Oaks,Chabad of Fair Oaks,Jewish Community Center,West Coast,Shlomo Cunin,Levi Reizes,Chana Reizes,,2,38.66258,-121.27074,https://www.chabad.org/jewish-centers/5270570/Fair-Oaks/Synagogue/Chabad-of-Fair-Oaks,5270570
USA,CA,Folsom,Chabad Jewish Community Center of Folsom,Jewish Community Center,West Coast,Shlomo Cunin,Yossi Grossbaum,Goldie Grossbaum; Yossi Spiero; Yudit Spiero,,4,38.66683,-121.13372,https://www.chabad.org/jewish-centers/522999/Folsom/Synagogue/Chabad-Jewish-Community-Center-of-Folsom,522999
USA,CA,Fremont,Chabad of Fremont Jewish Center,Chabad House,West Coast,Shlomo Cunin,Moshe Fuss,Chaya Fuss,,2,37.55526,-122.00951,https://www.chabad.org/jewish-centers/1938998/Fremont/Synagogue/Chabad-of-Fremont-Jewish-Center,1938998
USA,CA,Fresno,Chabad of Fresno,Chabad House,West Coast,Shlomo Cunin,Levy Zirkind,,,1,36.86567,-119.76165,https://www.chabad.org/jewish-centers/117546/Fresno/Synagogue/Chabad-of-Fresno,117546
USA,CA,Glendale,Chabad of Glendale and the Foothill Communities,Chabad House,West Coast,Shlomo Cunin,Simcha Backman,Shterny Backman,,2,34.17208,-118.27846,https://www.chabad.org/jewish-centers/118358/Glendale/Synagogue/Chabad-of-Glendale-and-the-Foothill-Communities,118358
USA,CA,Goleta,Chabad @ UCSB,Campus Chabad House,West Coast,Shlomo Cunin,Gershon Klein,Mendel Loschak; Miri Klein,,3,34.41578,-119.85948,https://www.chabad.org/jewish-centers/157625/Goleta/Campus-Chabad-House/Chabad-UCSB,157625
USA,CA,Granada Hills,Chabad-Lubavitch of Granada Hills,Chabad House,West Coast,Shlomo Cunin,Meir Rivkin,Simi Rivkin,,2,34.28754,-118.50248,https://www.chabad.org/jewish-centers/1305212/Granada-Hills/Synagogue/Chabad-Lubavitch-of-Granada-Hills,1305212
USA,CA,Granite Bay,Chabad of Roseville,Jewish Community Center,West Coast,Shlomo Cunin,Yossi Korik,Malkie Korik; Yoel Eidelman; Devorah Leah Eidelman,,4,38.74339,-121.21846,https://www.chabad.org/jewish-centers/312357/Granite-Bay/Synagogue/Chabad-of-Roseville,312357
USA,CA,Granite Bay,Sacramento Jewish Academy,Day School,West Coast,Shlomo Cunin,Yoel Eidelman,Devorah Leah Eidelman,,2,38.72892,-121.21237,https://www.chabad.org/jewish-centers/5653972/Granite-Bay/Day-School/Sacramento-Jewish-Academy,5653972
USA,CA,Grass Valley,Chabad of Grass Valley,Chabad House,West Coast,Shlomo Cunin,Nochum Yusewitz,Chyena Yusewitz,,2,39.23957,-121.03252,https://www.chabad.org/jewish-centers/3573445/Grass-Valley/Synagogue/Chabad-of-Grass-Valley,3573445
USA,CA,Hollywood,Chabad of Hollywood - Jewish Community Center,Chabad House,West Coast,Shlomo Cunin,Zalman Partouche,Chaya Partouche,,2,34.10194,-118.345,https://www.chabad.org/jewish-centers/4438650/Hollywood/Synagogue/Chabad-of-Hollywood-Jewish-Community-Center,4438650
USA,CA,Huntington Beach,Chabad Jewish Center of South Huntington Beach,Chabad House,West Coast,Shlomo Cunin,Yosef Berkowitz,Yiska Berkowitz,,2,33.6435,-117.96244,https://www.chabad.org/jewish-centers/316514/Huntington-Beach/Synagogue/Chabad-Jewish-Center-of-South-Huntington-Beach,316514
USA,CA,Huntington Beach,Chabad of West Orange County,Chabad House,West Coast,Shlomo Cunin,Aron Berkowitz,Rochel Berkowitz; Yisroel Zavdi; Susha Alperowitz,,4,33.71509,-118.04038,https://www.chabad.org/jewish-centers/117547/Huntington-Beach/Synagogue/Chabad-of-West-Orange-County,117547
USA,CA,Huntington Beach,The Hebrew Academy,Day School,West Coast,Shlomo Cunin,Yitzchok Newman,Moishe Engel; Peretz Greenwald; Yossi Rapoport; Binyomin Fajnland; Sender Engel; Meyer Newman; Avremi Popack; Mendy Naparstek; Aidie Naparstek; Rochie Popack; Miriam Rapoport; Amina Newman; Rishi Greenwald; Ronya Fajnland; Mendel Lehrer; Rivky Lehrer; Mendel Rosenbluh,,18,33.75275,-118.01971,https://www.chabad.org/jewish-centers/117552/Huntington-Beach/Day-School/The-Hebrew-Academy,117552
USA,CA,Indio,Chabad Indio,Synagogue,West Coast,Shlomo Cunin,Mendy Sosonkin,Riki Sosonkin,,2,33.73357,-116.22057,https://www.chabad.org/jewish-centers/4539630/Indio/Synagogue/Chabad-Indio,4539630
USA,CA,Irvine,Chabad Israeli of Orange County,Israeli Center,West Coast,Shlomo Cunin,Rafi Dadon,Keren Dadon,,2,33.6971,-117.82631,https://www.chabad.org/jewish-centers/4667363/Irvine/Israeli-Center/Chabad-Israeli-of-Orange-County,4667363
USA,CA,Irvine,Chabad of Irvine,Chabad House,West Coast,Shlomo Cunin,Alter Tenenbaum,Binie Tenenbaum; Elly Andrusier; Gilah Andrusier,,4,33.67482,-117.79368,https://www.chabad.org/jewish-centers/117548/Irvine/Synagogue/Chabad-of-Irvine,117548
USA,CA,Irvine,Chabad of North Irvine,Chabad House,West Coast,Shlomo Cunin,Elly Andrusier,Gilah Andrusier,,2,33.70511,-117.76612,https://www.chabad.org/jewish-centers/712606/Irvine/Synagogue/Chabad-of-North-Irvine,712606
USA,CA,Irvine,The Rohr Chabad at UC Irvine,Campus Chabad House,West Coast,Shlomo Cunin,Zevi Tenenbaum,Miriam Tenenbaum,,2,33.64988,-117.82892,https://www.chabad.org/jewish-centers/767122/Irvine/Campus-Chabad-House/The-Rohr-Chabad-at-UC-Irvine,767122
USA,CA,La Canada Flintridge,Chabad of La Canada - La Crescenta,Chabad House,West Coast,Shlomo Cunin,Mendy Grossbaum,Mushka Grossbaum,,2,34.21,-118.22,https://www.chabad.org/jewish-centers/4742360/La-Canada-Flintridge/Synagogue/Chabad-of-La-Canada-La-Crescenta,4742360
USA,CA,La Jolla,Chabad of La Jolla,Chabad House,West Coast,Shlomo Cunin,Baruch Shalom Ezagui,,,1,32.84783,-117.27265,https://www.chabad.org/jewish-centers/118431/La-Jolla/Synagogue/Chabad-of-La-Jolla,118431
USA,CA,La Quinta,Chabad La Quinta,Chabad House,West Coast,Shlomo Cunin,Moshe Katz,Chaya Mushka Katz,,2,33.68082,-116.30765,https://www.chabad.org/jewish-centers/3659507/La-Quinta/Synagogue/Chabad-La-Quinta,3659507
USA,CA,Lafayette,Chabad of LaMorinda,Chabad House,West Coast,Shlomo Cunin,Yisroel Labkowski,Tzipora Labkowski,,2,37.89149,-122.11499,https://www.chabad.org/jewish-centers/3002168/Lafayette/Synagogue/Chabad-of-LaMorinda,3002168
USA,CA,Laguna Beach,Chabad Jewish Center of Laguna Beach,Chabad House,West Coast,Shlomo Cunin,Elimelech Gurevitch,Perel Gurevitch,,2,33.51678,-117.75714,https://www.chabad.org/jewish-centers/117549/Laguna-Beach/Synagogue/Chabad-Jewish-Center-of-Laguna-Beach,117549
USA,CA,Laguna Hills,Chabad Jewish Center of Aliso Viejo,Chabad House,West Coast,Shlomo Cunin,Tzali Stillerman,Rochel Leah Stillerman,,2,33.61869,-117.73301,https://www.chabad.org/jewish-centers/720216/Laguna-Hills/Synagogue/Chabad-Jewish-Center-of-Aliso-Viejo,720216
USA,CA,Laguna Niguel,Chabad Jewish Center of Laguna Niguel,Chabad House,West Coast,Shlomo Cunin,Mendy Paltiel,Kreinie Paltiel; Dovi Paltiel; Devorah Leah Paltiel,,4,33.56379,-117.70749,https://www.chabad.org/jewish-centers/299072/Laguna-Niguel/Synagogue/Chabad-Jewish-Center-of-Laguna-Niguel,299072
USA,CA,Lake Arrowhead,Chabad of Lake Arrowhead & Big Bear,,West Coast,Shlomo Cunin,Zalmen Bernstein,Geula Bernstein,,2,34.26938,-117.20882,https://www.chabad.org/jewish-centers/4893477/Lake-Arrowhead/Chabad-of-Lake-Arrowhead-Big-Bear,4893477
USA,CA,Lakewood,Chabad of Gateway Cities,Chabad House,West Coast,Shlomo Cunin,Mendel Lehrer,Rivky Lehrer,,2,33.84932,-118.15323,https://www.chabad.org/jewish-centers/4935385/Lakewood/Synagogue/Chabad-of-Gateway-Cities,4935385
USA,CA,Lancaster,Chabad of the High Desert,Chabad House,West Coast,Shlomo Cunin,Yosef Yehuda Lazar,Chanie Lazar,,2,34.6594,-118.21085,https://www.chabad.org/jewish-centers/117550/Lancaster/Synagogue/Chabad-of-the-High-Desert,117550
USA,CA,Lincoln,Chabad Jewish Center of Lincoln,Jewish Community Center,West Coast,Shlomo Cunin,Yanki Hecht,Shainy Hecht,,2,38.89131,-121.29311,https://www.chabad.org/jewish-centers/3566716/Lincoln/Synagogue/Chabad-Jewish-Center-of-Lincoln,3566716
USA,CA,Lomita,Chabad of South Bay,Chabad House,West Coast,Shlomo Cunin,Eli Hecht,Sholom Pinson; Hinda Pinson; Benzion Gottlieb; Devora Gottlieb,,5,33.8037,-118.31955,https://www.chabad.org/jewish-centers/117551/Lomita/Synagogue/Chabad-of-South-Bay,117551
USA,CA,Lomita,Chabad of Torrance,Synagogue,West Coast,Shlomo Cunin,Dudi Ashkenazi,Mushka Ashkenazi,,2,33.82102,-118.31288,https://www.chabad.org/jewish-centers/7398257/Lomita/Synagogue/Chabad-of-Torrance,7398257
USA,CA,Long Beach,Chabad of Belmont Shore,Jewish Community Center,West Coast,Shlomo Cunin,Abba Perelmuter,Chanie Perelmuter; Levi Perelmuter; Rochie Perelmuter,,4,33.75601,-118.11955,https://www.chabad.org/jewish-centers/118443/Long-Beach/Synagogue/Chabad-of-Belmont-Shore,118443
USA,CA,Long Beach,Congregation Lubavitch,Synagogue,West Coast,Shlomo Cunin,Yitzchok Newman,Moishe Engel,,2,33.83071,-118.18548,https://www.chabad.org/jewish-centers/118408/Long-Beach/Synagogue/Congregation-Lubavitch,118408
USA,CA,Los Angeles,Bais Bezalel Chabad,Synagogue,West Coast,Shlomo Cunin,Moshe Levin,,,1,34.05475,-118.38499,https://www.chabad.org/jewish-centers/1857768/Los-Angeles/Synagogue/Bais-Bezalel-Chabad,1857768
USA,CA,Los Angeles,Bais Chana High School,Yeshivah for Beginners - Women,West Coast,Shlomo Cunin,Aron Begun,Reuven Wolf; Menucha Schochet; Baruch Y. Hecht,Rochal Schochet obm,5,34.01399,-118.43778,https://www.chabad.org/jewish-centers/118227/Los-Angeles/Yeshivah-for-Beginners-Women/Bais-Chana-High-School,118227
USA,CA,Los Angeles,Bais Chaya Mushka,Day School,West Coast,Shlomo Cunin,Menachem M. Greenbaum,,,1,34.0555,-118.38934,https://www.chabad.org/jewish-centers/357790/Los-Angeles/Day-School/Bais-Chaya-Mushka,357790
USA,CA,Los Angeles,Bais Nochum,Chabad House,West Coast,Shlomo Cunin,Eliezer Labkowsky,Zalmy Labkowsky,,2,34.05437,-118.3828,https://www.chabad.org/jewish-centers/4182118/Los-Angeles/Synagogue/Bais-Nochum,4182118
USA,CA,Los Angeles,Chabad House at UCLA,Campus Chabad House,West Coast,Shlomo Cunin,Dovid Gurevich,Elisa Gurevich,,2,34.06451,-118.44847,https://www.chabad.org/jewish-centers/118546/Los-Angeles/Campus-Chabad-House/Chabad-House-at-UCLA,118546
USA,CA,Los Angeles,Chabad Israel Center,Chabad House,West Coast,Shlomo Cunin,Amitai Yemini,Fayge Yemini; Asher Mendel Yemini; Sholom Yemini,,4,34.05125,-118.38409,https://www.chabad.org/jewish-centers/117554/Los-Angeles/Synagogue/Chabad-Israel-Center,117554
USA,CA,Los Angeles,Chabad Jewish Center of Hancock Park,Chabad House,West Coast,Shlomo Cunin,Shmuel Gurary,Shterny Gurary; Yisroel Noach Raichik,,3,34.07787,-118.34388,https://www.chabad.org/jewish-centers/972240/Los-Angeles/Synagogue/Chabad-Jewish-Center-of-Hancock-Park,972240
USA,CA,Los Angeles,Chabad Jewish Student Center at USC,Campus Chabad House,West Coast,Shlomo Cunin,Dov Wagner,Runya Wagner,,2,34.02909,-118.28207,https://www.chabad.org/jewish-centers/118434/Los-Angeles/Campus-Chabad-House/Chabad-Jewish-Student-Center-at-USC,118434
USA,CA,Los Angeles,Chabad Mid City Center,Chabad House,West Coast,Shlomo Cunin,Yosef Mishulovin,,Dovid Mishulovin obm,2,34.07805,-118.36193,https://www.chabad.org/jewish-centers/117560/Los-Angeles/Synagogue/Chabad-Mid-City-Center,117560
USA,CA,Los Angeles,Chabad Persian Youth Center,Chabad House,West Coast,Shlomo Cunin,Hertzel Peer,Moishe Siev; Simcha Siev; Moshe Bitton; Miriam Rav-Noy,Ariel Rav-Noy obm,6,34.05499,-118.38841,https://www.chabad.org/jewish-centers/259802/Los-Angeles/Synagogue/Chabad-Persian-Youth-Center,259802
USA,CA,Los Angeles,Chabad Residential Treatment Center,Drug Rehabilitation Center,West Coast,Shlomo Cunin,Yossi Cunin,,,1,34.05768,-118.35318,https://www.chabad.org/jewish-centers/699932/Los-Angeles/Drug-Rehabilitation-Center/Chabad-Residential-Treatment-Center,699932
USA,CA,Los Angeles,Chabad West Coast Headquarters,Chabad House,West Coast,Shlomo Cunin,Boruch S. Cunin,Yossi Cunin; Yoel Edelson; Moshe Wisnefsky; Mendel Grossbaum; Danny Illulian,,6,34.06451,-118.44847,https://www.chabad.org/jewish-centers/117555/Los-Angeles/Synagogue/Chabad-West-Coast-Headquarters,117555
USA,CA,Los Angeles,Chabad Wilshire Corridor,Synagogue,West Coast,Shlomo Cunin,Menachem Cunin,Rivkah Cunin,,2,34.06331,-118.44041,https://www.chabad.org/jewish-centers/6428030/Los-Angeles/Synagogue/Chabad-Wilshire-Corridor,6428030
USA,CA,Los Angeles,Chabad Youth Los Angeles,,West Coast,Shlomo Cunin,Zalman Goodman,Menucha Goodman,,2,34.06451,-118.44847,https://www.chabad.org/jewish-centers/6134441/Los-Angeles/Chabad-Youth-Los-Angeles,6134441
USA,CA,Los Angeles,Chabad in South Westwood,Chabad House,West Coast,Shlomo Cunin,Chaim Yoseph Dovid Liberow,Chaya Mushka Liberow,,2,34.05114,-118.42952,https://www.chabad.org/jewish-centers/4371683/Los-Angeles/Synagogue/Chabad-in-South-Westwood,4371683
USA,CA,Los Angeles,Chabad of Atwater Village,Chabad House,West Coast,Shlomo Cunin,Yaakov Yehuda Carlebach,Rochel Carlebach,,2,34.11713,-118.25807,https://www.chabad.org/jewish-centers/4795691/Los-Angeles/Synagogue/Chabad-of-Atwater-Village,4795691
USA,CA,Los Angeles,Chabad of Bel Air,Chabad House,West Coast,Shlomo Cunin,Chaim Mentz,Charna Mentz; Mendy Mentz; Dobie Mentz,,4,34.05491,-118.24264,https://www.chabad.org/jewish-centers/117542/Los-Angeles/Synagogue/Chabad-of-Bel-Air,117542
USA,CA,Los Angeles,Chabad of Beverly Grove,Chabad House,West Coast,Shlomo Cunin,Mendy Begun,Mindy Begun,,2,34.07292,-118.3892,https://www.chabad.org/jewish-centers/4533240/Los-Angeles/Synagogue/Chabad-of-Beverly-Grove,4533240
USA,CA,Los Angeles,Chabad of Beverlywood,Chabad House,West Coast,Shlomo Cunin,Dov Newman,Geula Newman; Menachem Mendel Piekarski; Sara Piekarski,,4,34.04298,-118.38698,https://www.chabad.org/jewish-centers/118542/Los-Angeles/Synagogue/Chabad-of-Beverlywood,118542
USA,CA,Los Angeles,Chabad of Brentwood,Chabad House,West Coast,Shlomo Cunin,Baruch Y. Hecht,Channa Hecht; Zalman Goodman,,3,34.05287,-118.47448,https://www.chabad.org/jewish-centers/117556/Los-Angeles/Synagogue/Chabad-of-Brentwood,117556
USA,CA,Los Angeles,Chabad of Brentwood Glen,Chabad House,West Coast,Shlomo Cunin,Sruly Blotner,Devorah Blotner,,2,34.06956,-118.46462,https://www.chabad.org/jewish-centers/5038236/Los-Angeles/Synagogue/Chabad-of-Brentwood-Glen,5038236
USA,CA,Los Angeles,Chabad of Brentwood South,Chabad House,West Coast,Shlomo Cunin,Mordechai Zaetz,Chaya Rochel Zaetz,,2,34.04052,-118.46231,https://www.chabad.org/jewish-centers/529971/Los-Angeles/Synagogue/Chabad-of-Brentwood-South,529971
USA,CA,Los Angeles,Chabad of Brookside,Jewish Community Center,West Coast,Shlomo Cunin,Aba Raichik,Rivkie Raichik,,2,34.0574,-118.34526,https://www.chabad.org/jewish-centers/4642987/Los-Angeles/Synagogue/Chabad-of-Brookside,4642987
USA,CA,Los Angeles,Chabad of Carthay Circle,Chabad House,West Coast,Shlomo Cunin,Moshe Hildeshaim,Miriam Fruma Hildeshaim,,2,34.06289,-118.36471,https://www.chabad.org/jewish-centers/2366911/Los-Angeles/Synagogue/Chabad-of-Carthay-Circle,2366911
USA,CA,Los Angeles,Chabad of Century City,Chabad House,West Coast,Shlomo Cunin,Cunin family,Ada Cunin,Tzemach Cunin obm,2,34.06099,-118.41314,https://www.chabad.org/jewish-centers/118432/Los-Angeles/Synagogue/Chabad-of-Century-City,118432
USA,CA,Los Angeles,Chabad of Cheviot Hills,Chabad House,West Coast,Shlomo Cunin,Aron Begun,Esther Sara Begun,,2,34.03155,-118.4114,https://www.chabad.org/jewish-centers/117938/Los-Angeles/Synagogue/Chabad-of-Cheviot-Hills,117938
USA,CA,Los Angeles,Chabad of Downtown East,Chabad House,West Coast,Shlomo Cunin,Moshe Levin,Chanie Levin,,2,33.99752,-118.24348,https://www.chabad.org/jewish-centers/968732/Los-Angeles/Synagogue/Chabad-of-Downtown-East,968732
USA,CA,Los Angeles,Chabad of Downtown Los Angeles,Jewish Community Center,West Coast,Shlomo Cunin,Moshe Greenwald,Rivky Greenwald,,2,34.04164,-118.26068,https://www.chabad.org/jewish-centers/589719/Los-Angeles/Synagogue/Chabad-of-Downtown-Los-Angeles,589719
USA,CA,Los Angeles,Chabad of Eagle Rock and Echo Park,Chabad House,West Coast,Shlomo Cunin,Aryeh Perlstein,Mushky Perlstein,,2,34.07962,-118.25851,https://www.chabad.org/jewish-centers/3037035/Los-Angeles/Synagogue/Chabad-of-Eagle-Rock-and-Echo-Park,3037035
USA,CA,Los Angeles,Chabad of Greater Los Feliz,Chabad House,West Coast,Shlomo Cunin,Leibel Korf,Dvonye Korf; Levi Korf; Rochel Korf,,4,34.10006,-118.29053,https://www.chabad.org/jewish-centers/118279/Los-Angeles/Synagogue/Chabad-of-Greater-Los-Feliz,118279
USA,CA,Los Angeles,Chabad of Highland Park,Chabad House,West Coast,Shlomo Cunin,Mendel Korf,Tonna Korf,,2,34.11388,-118.20814,https://www.chabad.org/jewish-centers/5231241/Los-Angeles/Synagogue/Chabad-of-Highland-Park,5231241
USA,CA,Los Angeles,Chabad of Hollywood West,Chabad House,West Coast,Shlomo Cunin,Yossi Dalfin,Geula Dalfin,,2,34.08809,-118.36621,https://www.chabad.org/jewish-centers/3331323/Los-Angeles/Synagogue/Chabad-of-Hollywood-West,3331323
USA,CA,Los Angeles,Chabad of Larchmont Village,Chabad House,West Coast,Shlomo Cunin,Menachem Mendel Cunin,,,1,34.06224,-118.32086,https://www.chabad.org/jewish-centers/118544/Los-Angeles/Synagogue/Chabad-of-Larchmont-Village,118544
USA,CA,Los Angeles,Chabad of Mar Vista,Chabad House,West Coast,Shlomo Cunin,Shimon Simpson,Chaya Mushka Simpson,,2,34.0044,-118.43031,https://www.chabad.org/jewish-centers/3059305/Los-Angeles/Synagogue/Chabad-of-Mar-Vista,3059305
USA,CA,Los Angeles,Chabad of Melrose,Chabad House,West Coast,Shlomo Cunin,Yosef Fine,Hadassah Fine,,2,34.08333,-118.35257,https://www.chabad.org/jewish-centers/3293201/Los-Angeles/Synagogue/Chabad-of-Melrose,3293201
USA,CA,Los Angeles,Chabad of Mt. Olympus,Chabad House,West Coast,Shlomo Cunin,Sholom Rodal,Rochela Rodal,,2,34.11224,-118.37144,https://www.chabad.org/jewish-centers/118312/Los-Angeles/Synagogue/Chabad-of-Mt-Olympus,118312
USA,CA,Los Angeles,Chabad of Picfair Village,Jewish Community Center,West Coast,Shlomo Cunin,Eli Muchnik,Bassie Muchnik,,2,34.05115,-118.36384,https://www.chabad.org/jewish-centers/5214533/Los-Angeles/Synagogue/Chabad-of-Picfair-Village,5214533
USA,CA,Los Angeles,Chabad of West Adams,Jewish Community Center,West Coast,Shlomo Cunin,Michoel Zajac,Hindy Zajac,,2,34.02552,-118.35204,https://www.chabad.org/jewish-centers/6538019/Los-Angeles/Synagogue/Chabad-of-West-Adams,6538019
USA,CA,Los Angeles,Chabad of West Pico,,West Coast,Shlomo Cunin,Menachem Mendel Deutsch,Chaya Mushka Deutsch,,2,34.05475,-118.4024,https://www.chabad.org/jewish-centers/6931683/Los-Angeles/Chabad-of-West-Pico,6931683
USA,CA,Los Angeles,Chabad of Westwood - Holmby,Chabad House,West Coast,Shlomo Cunin,Shalom Dovber Cunin,Zelda Rochel Cunin; Chaim Yoseph Dovid Liberow,,3,34.06138,-118.44059,https://www.chabad.org/jewish-centers/1878002/Los-Angeles/Synagogue/Chabad-of-Westwood-Holmby,1878002
USA,CA,Los Angeles,Chabad of the Miracle Mile Area,Chabad House,West Coast,Shlomo Cunin,Chaim Fischer,Baila Rivka Fischer,,2,34.07639,-118.36442,https://www.chabad.org/jewish-centers/164333/Los-Angeles/Synagogue/Chabad-of-the-Miracle-Mile-Area,164333
USA,CA,Los Angeles,Chabad on the Westside at Beverly Glen,Chabad House,West Coast,Shlomo Cunin,Yigal Begun,Nechama Begun,,2,34.05223,-118.42901,https://www.chabad.org/jewish-centers/5101607/Los-Angeles/Synagogue/Chabad-on-the-Westside-at-Beverly-Glen,5101607
USA,CA,Los Angeles,Chabad-Lubavitch of South La Cienega,Chabad House,West Coast,Shlomo Cunin,Avraham Zajac,Stery Zajac; Avremi Chein; Ester Chein; Mendel Zajac; Fayge Zajac,,6,34.0482,-118.37646,https://www.chabad.org/jewish-centers/544941/Los-Angeles/Synagogue/Chabad-Lubavitch-of-South-La-Cienega,544941
USA,CA,Los Angeles,Cheder Menachem,Cheder,West Coast,Shlomo Cunin,Menachem M. Greenbaum,Yosef Mishulovin; Sholom Glick; Elozor Fisch; Shneur Munitz; Sholom Heidingsfeld; Simcha Frankel; Boruch Braude; Naftaly Greenberg; Yosef Wolowik; Yerachmiel Wolowik; Shimon Heidingsfeld; Leibel Lipsker; Yisroel Hecht; Zalmy Hecht; Shmuel Schapiro; Dovid Blasberg; Nochum Labkowsky; Mendel Meyers; Mordechai Gordon; Getzel Rosenfeld; Boruch Friedman; Betzalel Wilschanski; Mendel Pinson,,24,34.04875,-118.37592,https://www.chabad.org/jewish-centers/347109/Los-Angeles/Cheder/Cheder-Menachem,347109
USA,CA,Los Angeles,Congregation Levi Yitzchok,Synagogue,West Coast,Shlomo Cunin,Shmuel Gurary,Dovber Chaiton,Shimon Raichik obm,3,34.07787,-118.34388,https://www.chabad.org/jewish-centers/117559/Los-Angeles/Synagogue/Congregation-Levi-Yitzchok,117559
USA,CA,Los Angeles,Friendship Circle of Los Angeles,,West Coast,Shlomo Cunin,Michy Rav-Noy,Miriam Rav-Noy; Yosef Yitzchok Mishulovin; Doonie Mishulovin,,4,34.04298,-118.38698,https://www.chabad.org/jewish-centers/6294855/Los-Angeles/Friendship-Circle-of-Los-Angeles,6294855
USA,CA,Los Angeles,Gan Chabad Preschool Early Childhood Campus,Preschool,West Coast,Shlomo Cunin,Amitai Yemini,Fayge Yemini,,2,34.05125,-118.38409,https://www.chabad.org/jewish-centers/120057/Los-Angeles/Preschool/Gan-Chabad-Preschool-Early-Childhood-Campus,120057
USA,CA,Los Angeles,Gan Chaya Jewish Early Childhood Center,Preschool,West Coast,Shlomo Cunin,Channa Hecht,,,1,34.05305,-118.47365,https://www.chabad.org/jewish-centers/120080/Los-Angeles/Preschool/Gan-Chaya-Jewish-Early-Childhood-Center,120080
USA,CA,Los Angeles,Kolel Tiferet Zkanim Levi Yitzchok,Senior Center,West Coast,Shlomo Cunin,,,Yitzchok Arnold obm,1,34.08052,-118.34723,https://www.chabad.org/jewish-centers/117532/Los-Angeles/Senior-Center/Kolel-Tiferet-Zkanim-Levi-Yitzchok,117532
USA,CA,Los Angeles,Kollel Tiferet Menachem - West Coast Rabbinical Seminary,Semichah Program,West Coast,Shlomo Cunin,Dovid Schmukler,,,1,34.08547,-118.34663,https://www.chabad.org/jewish-centers/118776/Los-Angeles/Semichah-Program/Kollel-Tiferet-Menachem-West-Coast-Rabbinical-Seminary,118776
USA,CA,Los Angeles,Maayon Yisroel,Synagogue,West Coast,Shlomo Cunin,Reuven Wolf,Frumy Wolf,,2,34.07479,-118.34371,https://www.chabad.org/jewish-centers/1047072/Los-Angeles/Synagogue/Maayon-Yisroel,1047072
USA,CA,Los Angeles,Mikvah Esther,Mikveh,West Coast,Shlomo Cunin,,,,0,34.05501,-118.39701,https://www.chabad.org/jewish-centers/119736/Los-Angeles/Mikveh/Mikvah-Esther,119736
USA,CA,Los Angeles,Mivtzoim,,West Coast,Shlomo Cunin,,,,0,34.08591,-118.34659,https://www.chabad.org/jewish-centers/119728/Los-Angeles/Mivtzoim,119728
USA,CA,Los Angeles,Silverlake Chabad,Chabad House,West Coast,Shlomo Cunin,Mendy Ceitlin,Mushky Ceitlin,,2,34.08296,-118.26066,https://www.chabad.org/jewish-centers/4992245/Los-Angeles/Synagogue/Silverlake-Chabad,4992245
USA,CA,Los Angeles,The Garden School-Chabad Preschools,Preschool,West Coast,Shlomo Cunin,Boruch S. Cunin,,,1,34.0555,-118.38934,https://www.chabad.org/jewish-centers/120085/Los-Angeles/Preschool/The-Garden-School-Chabad-Preschools,120085
USA,CA,Los Angeles,The Shul of Beverly Hills,Adult Education,West Coast,Shlomo Cunin,Chaim Sperlin,Chaya Sperlin,,2,34.06059,-118.36512,https://www.chabad.org/jewish-centers/3021804/Los-Angeles/Adult-Education/The-Shul-of-Beverly-Hills,3021804
USA,CA,Los Angeles,Westside Hebrew School,Hebrew School,West Coast,Shlomo Cunin,Amitai Yemini,Racheli Yemini,,2,34.05125,-118.38409,https://www.chabad.org/jewish-centers/120081/Los-Angeles/Hebrew-School/Westside-Hebrew-School,120081
USA,CA,Los Angeles,Yeshiva Ohr Elchonon Chabad,Yeshivah Gedolah,West Coast,Shlomo Cunin,Ezra Schochet,Chaim Zev Citron; Dovid Thaler; Ben Zion Oster; Mendy Schapiro; Mendy Spalter; Chaim Sanowicz; Yosef Bukiet; Amram Farkash; Menachem Cohen; Avraham Schochet; Levi Kramer; Heshy Mishulovin; Yosef Yitzchok Klein; Menachem Mendel Dinerman; Shneur Zalman Shemtov; Yisroel Benshimon; Berel Fayershteyn; Menachem Mendel Friedman; Yosef Avtzon,,20,34.08547,-118.34663,https://www.chabad.org/jewish-centers/117557/Los-Angeles/Yeshivah-Gedolah/Yeshiva-Ohr-Elchonon-Chabad,117557
USA,CA,Los Gatos,Chabad of S. Jose,Chabad House,West Coast,Shlomo Cunin,Aaron Meir Cunin,Frumie Cunin,,2,37.24498,-121.95909,https://www.chabad.org/jewish-centers/118462/Los-Gatos/Synagogue/Chabad-of-S-Jose,118462
USA,CA,Malibu,Chabad at Pepperdine,Campus Chabad House,West Coast,Shlomo Cunin,Sholom Eagle,Goldie Eagle,,2,34.01584,-118.70429,https://www.chabad.org/jewish-centers/5839604/Malibu/Campus-Chabad-House/Chabad-at-Pepperdine,5839604
USA,CA,Malibu,Chabad of Malibu,Chabad House,West Coast,Shlomo Cunin,Levi Cunin,Sarah Cunin; Sholom Eagle; Goldie Eagle; Dovid Cunin; Chana Cunin,,6,34.03812,-118.6761,https://www.chabad.org/jewish-centers/118233/Malibu/Synagogue/Chabad-of-Malibu,118233
USA,CA,Malibu,Gan Malibu Preschool,Preschool,West Coast,Shlomo Cunin,Sarah Cunin,,,1,34.03821,-118.67581,https://www.chabad.org/jewish-centers/567226/Malibu/Preschool/Gan-Malibu-Preschool,567226
USA,CA,Mammoth Lakes,Chabad of Mammoth Lakes,Chabad House,West Coast,Shlomo Cunin,,,,0,37.65652,-119.01523,https://www.chabad.org/jewish-centers/4604194/Mammoth-Lakes/Synagogue/Chabad-of-Mammoth-Lakes,4604194
USA,CA,Marina Del Rey,Chabad of Marina Del Rey,Jewish Community Center,West Coast,Shlomo Cunin,Danny Yiftach-Hashem,Dovid Yiftach,,2,33.98868,-118.4507,https://www.chabad.org/jewish-centers/118543/Marina-Del-Rey/Synagogue/Chabad-of-Marina-Del-Rey,118543
USA,CA,Menlo Park,Menlo Chabad,Chabad House,West Coast,Shlomo Cunin,Dovid Geisinsky,Esty Geisinsky,,2,37.45299,-122.20322,https://www.chabad.org/jewish-centers/6582191/Menlo-Park/Synagogue/Menlo-Chabad,6582191
USA,CA,Merced,Chabad of Merced,Chabad House,West Coast,Shlomo Cunin,Moishe Golomb,Chana Golomb,,2,37.33772,-120.49025,https://www.chabad.org/jewish-centers/6084911/Merced/Synagogue/Chabad-of-Merced,6084911
USA,CA,Mill Valley,Chabad of Mill Valley,Chabad House,West Coast,Shlomo Cunin,Hillel Scop,Chana Scop,,2,37.90916,-122.55867,https://www.chabad.org/jewish-centers/118559/Mill-Valley/Synagogue/Chabad-of-Mill-Valley,118559
USA,CA,Mission Viejo,Chabad Jewish Center of Mission Viejo,Chabad House,West Coast,Shlomo Cunin,Zalman Marcus,Bassie Marcus,,2,33.61457,-117.65447,https://www.chabad.org/jewish-centers/118206/Mission-Viejo/Synagogue/Chabad-Jewish-Center-of-Mission-Viejo,118206
USA,CA,Modesto,Chabad of Modesto,,West Coast,Shlomo Cunin,Menachem Golomb,Chaya Golomb,,2,37.66886,-121.00806,https://www.chabad.org/jewish-centers/5089711/Modesto/Chabad-of-Modesto,5089711
USA,CA,Montecito,Chabad of Montecito,Chabad House,West Coast,Shlomo Cunin,Chaim Loschak,Mushkie Loschak,,2,34.43731,-119.63303,https://www.chabad.org/jewish-centers/5473825/Montecito/Synagogue/Chabad-of-Montecito,5473825
USA,CA,Moorpark,Chabad of Moorpark,Chabad House,West Coast,Shlomo Cunin,Shimon Heidingsfeld,Devorah Leah Heidingsfeld,,2,34.29027,-118.90508,https://www.chabad.org/jewish-centers/649121/Moorpark/Synagogue/Chabad-of-Moorpark,649121
USA,CA,Morgan Hill,Chabad of Morgan Hill & North S. Jose,Jewish Community Center,West Coast,Shlomo Cunin,Mendel Liberow,Chani Liberow,,2,37.13903,-121.66181,https://www.chabad.org/jewish-centers/4123794/Morgan-Hill/Synagogue/Chabad-of-Morgan-Hill-North-S-Jose,4123794
USA,CA,Mountain View,Chabad Jewish Center of Mountain View,Chabad House,West Coast,Shlomo Cunin,Ber Rosenblat,Esti Rosenblat,,2,37.39585,-122.09946,https://www.chabad.org/jewish-centers/5405299/Mountain-View/Synagogue/Chabad-Jewish-Center-of-Mountain-View,5405299
USA,CA,Mountain View,Los Altos Chabad,Chabad House,West Coast,Shlomo Cunin,Ezzy Schusterman,Nechama Schusterman,,2,37.39117,-122.09719,https://www.chabad.org/jewish-centers/1716502/Mountain-View/Synagogue/Los-Altos-Chabad,1716502
USA,CA,Napa,Chabad of Napa Valley,Chabad House,West Coast,Shlomo Cunin,Elchonon Tenenbaum,Chanie Tenenbaum,,2,38.32038,-122.31147,https://www.chabad.org/jewish-centers/413074/Napa/Synagogue/Chabad-of-Napa-Valley,413074
USA,CA,Newbury Park,Chabad-Lubavitch of Newbury Park,Chabad House,West Coast,Shlomo Cunin,Schneur Schneerson,Tzippy Schneerson,,2,34.17259,-118.97674,https://www.chabad.org/jewish-centers/591487/Newbury-Park/Synagogue/Chabad-Lubavitch-of-Newbury-Park,591487
USA,CA,Newhall,Chabad of SCV,Chabad House,West Coast,Shlomo Cunin,Choni Marozov,Frumi Marozov; Mendy Bistritzky; Mirel Bistritzky,,4,34.37772,-118.54112,https://www.chabad.org/jewish-centers/118283/Newhall/Synagogue/Chabad-of-SCV,118283
USA,CA,Newport Beach,Chabad Center for Jewish Life,Chabad House,West Coast,Shlomo Cunin,Reuven Mintz,Chani Mintz,,2,33.65445,-117.88328,https://www.chabad.org/jewish-centers/118421/Newport-Beach/Synagogue/Chabad-Center-for-Jewish-Life,118421
USA,CA,Northridge,Chabad @ CSUN,Campus Chabad House,West Coast,Shlomo Cunin,Chaim Shaul Brook,Raizel Brook; Menachem Paul; Sandra Paul,,4,34.23933,-118.52293,https://www.chabad.org/jewish-centers/349940/Northridge/Campus-Chabad-House/Chabad-CSUN,349940
USA,CA,Northridge,Chabad of Northridge,Chabad House,West Coast,Shlomo Cunin,Eli Rivkin,Tzippy Rivkin; Mendel Rapoport; Sheva Rapoport,,4,34.25729,-118.50697,https://www.chabad.org/jewish-centers/117561/Northridge/Synagogue/Chabad-of-Northridge,117561
USA,CA,Novato,Chabad Jewish Center of Novato,Chabad House,West Coast,Shlomo Cunin,Menachem Landa,Adina Landa,,2,38.10448,-122.56111,https://www.chabad.org/jewish-centers/1728117/Novato/Synagogue/Chabad-Jewish-Center-of-Novato,1728117
USA,CA,Oak Park,Chabad of Oak Park,Chabad House,West Coast,Shlomo Cunin,Yisroel Levine,,,1,34.17061,-118.76226,https://www.chabad.org/jewish-centers/118289/Oak-Park/Synagogue/Chabad-of-Oak-Park,118289
USA,CA,Oakland,Chabad Jewish Center of Oakland,Jewish Community Center,West Coast,Shlomo Cunin,Dovid Labkowski,Shulamis Labkowski,,2,37.80908,-122.24711,https://www.chabad.org/jewish-centers/441914/Oakland/Synagogue/Chabad-Jewish-Center-of-Oakland,441914
USA,CA,Ojai,Chabad of Ojai,Chabad House,West Coast,Shlomo Cunin,Mordy Nemtzov,Rochel Nemtzov,,2,34.45112,-119.23745,https://www.chabad.org/jewish-centers/2886998/Ojai/Synagogue/Chabad-of-Ojai,2886998
USA,CA,Orange,Chabad at Chapman University,Campus Chabad House,West Coast,Shlomo Cunin,Eliezer Gurary,Mushky Gurary,,2,33.80211,-117.84706,https://www.chabad.org/jewish-centers/3479615/Orange/Campus-Chabad-House/Chabad-at-Chapman-University,3479615
USA,CA,Oxnard,Chabad of Oxnard,Chabad House,West Coast,Shlomo Cunin,Dov Muchnik,Racheli Muchnik; Avraham Freeman; Cherry Freeman; Yosef Osdoba,,5,34.17351,-119.23066,https://www.chabad.org/jewish-centers/118596/Oxnard/Synagogue/Chabad-of-Oxnard,118596
USA,CA,Pacific Grove,Chabad of Monterey,Chabad House,West Coast,Shlomo Cunin,Dovid Holtzberg,Binie Holtzberg,,2,36.6219,-121.91894,https://www.chabad.org/jewish-centers/118612/Pacific-Grove/Synagogue/Chabad-of-Monterey,118612
USA,CA,Pacific Palisades,Chabad of Pacific Palisades,Chabad House,West Coast,Shlomo Cunin,Zushe Cunin,Zisi Cunin; Sholom Ber Diskin; Nechama Diskin; Shimon Goldberg; Chaya Goldberg,,6,34.0414,-118.55404,https://www.chabad.org/jewish-centers/117562/Pacific-Palisades/Synagogue/Chabad-of-Pacific-Palisades,117562
USA,CA,Pacific Palisades,Chabad of the Palisades Village,Chabad House,West Coast,Shlomo Cunin,Avi Cunin,Ita Cunin,,2,34.04885,-118.52877,https://www.chabad.org/jewish-centers/6040554/Pacific-Palisades/Synagogue/Chabad-of-the-Palisades-Village,6040554
USA,CA,Palm Desert,Aleph Schoolhouse,Day School,West Coast,Shlomo Cunin,Sussie Denebeim,,,1,33.72802,-116.38158,https://www.chabad.org/jewish-centers/118894/Palm-Desert/Day-School/Aleph-Schoolhouse,118894
USA,CA,Palm Desert,Aleph Schoolhouse,Preschool,West Coast,Shlomo Cunin,,,,0,33.72802,-116.38158,https://www.chabad.org/jewish-centers/4901915/Palm-Desert/Preschool/Aleph-Schoolhouse,4901915
USA,CA,Palm Desert,Chabad-Lubavitch of Palm Desert,Chabad House,West Coast,Shlomo Cunin,Mendy Friedman,Shaindy Friedman,,2,33.71861,-116.37403,https://www.chabad.org/jewish-centers/651150/Palm-Desert/Synagogue/Chabad-Lubavitch-of-Palm-Desert,651150
USA,CA,Palm Springs,Bikur Cholim of Palm Springs,Social Services,West Coast,Shlomo Cunin,Yankel Kreiman,Rochel Kreiman,,2,33.82323,-116.51062,https://www.chabad.org/jewish-centers/287052/Palm-Springs/Social-Services/Bikur-Cholim-of-Palm-Springs,287052
USA,CA,Palm Springs,Chabad of Palm Springs,Chabad House,West Coast,Shlomo Cunin,Yonason Denebeim,Sussie Denebeim; Mussie Witkes; Moishe Witkes; Arik Denebeim; Chaya Denebeim,,6,33.80186,-116.5427,https://www.chabad.org/jewish-centers/117563/Palm-Springs/Synagogue/Chabad-of-Palm-Springs,117563
USA,CA,Palo Alto,Bay Area Friendship Circle,Friendship Circle,West Coast,Shlomo Cunin,Ezzy Schusterman,Nechama Schusterman,,2,37.42329,-122.103,https://www.chabad.org/jewish-centers/214924/Palo-Alto/Friendship-Circle/Bay-Area-Friendship-Circle,214924
USA,CA,Palo Alto,Chabad At Stanford University,Campus Chabad House,West Coast,Shlomo Cunin,Dov Greenberg,Rachel Greenberg,,2,37.42019,-122.1523,https://www.chabad.org/jewish-centers/118538/Palo-Alto/Campus-Chabad-House/Chabad-At-Stanford-University,118538
USA,CA,Palo Alto,Chabad Palo Alto,Chabad House,West Coast,Shlomo Cunin,Zalman Levin,Yosef Levin; Devorah Levin; Dena Levin,,4,37.43532,-122.12022,https://www.chabad.org/jewish-centers/1666288/Palo-Alto/Synagogue/Chabad-Palo-Alto,1666288
USA,CA,Palo Alto,Chabad of Greater South Bay,Chabad House,West Coast,Shlomo Cunin,Yosef Levin,Dena Levin; Ber Rosenblat; Esti Rosenblat,,4,37.43532,-122.12022,https://www.chabad.org/jewish-centers/117564/Palo-Alto/Synagogue/Chabad-of-Greater-South-Bay,117564
USA,CA,Pasadena,Chabad at Caltech,Campus Chabad House,West Coast,Shlomo Cunin,Hershy Stolik,Sheva Stolik,,2,34.13844,-118.12098,https://www.chabad.org/jewish-centers/2839784/Pasadena/Campus-Chabad-House/Chabad-at-Caltech,2839784
USA,CA,Pasadena,Chabad of Pasadena,Chabad House,West Coast,Shlomo Cunin,Chaim Hanoka,Yisroel Pinson; Chanie Pinson; Chana Hanoka; Zushi Rivkin; Laibel Hanoka; Menucha Baila Hanoka; Gitty Rivkin,,8,34.14951,-118.12767,https://www.chabad.org/jewish-centers/118189/Pasadena/Synagogue/Chabad-of-Pasadena,118189
USA,CA,Pasadena,Pasadena Jewish Academy,,West Coast,Shlomo Cunin,Zushi Rivkin,,,1,34.14951,-118.12767,https://www.chabad.org/jewish-centers/3719435/Pasadena/Pasadena-Jewish-Academy,3719435
USA,CA,Paso Robles,Chabad of Paso Robles,Chabad House,West Coast,Shlomo Cunin,Meir Gordon,Etty Gordon,,2,35.62045,-120.68955,https://www.chabad.org/jewish-centers/5312740/Paso-Robles/Synagogue/Chabad-of-Paso-Robles,5312740
USA,CA,Petaluma,Chabad Jewish Center of Petaluma,Chabad House,West Coast,Shlomo Cunin,Dovid Bush,Devorah Bush,,2,38.23562,-122.64356,https://www.chabad.org/jewish-centers/3041779/Petaluma/Synagogue/Chabad-Jewish-Center-of-Petaluma,3041779
USA,CA,Playa Del Rey,Chabad of Playa del Rey,Jewish Community Center,West Coast,Shlomo Cunin,Aron Teleshevsky,Mushka Teleshevsky,,2,33.95764,-118.44568,https://www.chabad.org/jewish-centers/4843523/Playa-Del-Rey/Synagogue/Chabad-of-Playa-del-Rey,4843523
USA,CA,Pleasanton,Chabad of the Tri - Valley,Chabad House,West Coast,Shlomo Cunin,Raleigh Resnick,Fruma Resnick,,2,37.67793,-121.90103,https://www.chabad.org/jewish-centers/286269/Pleasanton/Synagogue/Chabad-of-the-Tri-Valley,286269
USA,CA,Pleasanton,Gan Chabad Preschool,Preschool,West Coast,Shlomo Cunin,Fruma Resnick,,,1,37.67759,-121.89373,https://www.chabad.org/jewish-centers/867347/Pleasanton/Preschool/Gan-Chabad-Preschool,867347
USA,CA,Pleasanton,The Cheder of the Bay Area,Cheder,West Coast,Shlomo Cunin,Raleigh Resnick,Cherry Freeman; Avraham Freeman,,3,37.67793,-121.90103,https://www.chabad.org/jewish-centers/7184219/Pleasanton/Cheder/The-Cheder-of-the-Bay-Area,7184219
USA,CA,Porter Ranch,Chabad at Porter Ranch,Chabad House,West Coast,Shlomo Cunin,Yochonon Baitelman,Chana Fruma Baitelman,,2,34.27573,-118.54653,https://www.chabad.org/jewish-centers/545829/Porter-Ranch/Synagogue/Chabad-at-Porter-Ranch,545829
USA,CA,Portola Valley,Chabad Portola Valley & Woodside,Jewish Community Center,West Coast,Shlomo Cunin,Mayer Brook,Dassi Brook,,2,37.39905,-122.19407,https://www.chabad.org/jewish-centers/4933507/Portola-Valley/Synagogue/Chabad-Portola-Valley-Woodside,4933507
USA,CA,Poway,Chabad of Poway,Chabad House,West Coast,Shlomo Cunin,Mendy Rubenfeld,Yehoshua Goldstein,,2,33.01916,-117.0532,https://www.chabad.org/jewish-centers/117565/Poway/Synagogue/Chabad-of-Poway,117565
USA,CA,Rancho Cucamonga,Chabad of the Inland Empire,Chabad House,West Coast,Shlomo Cunin,Sholom Harlig,Chanie Harlig,,2,34.09551,-117.62011,https://www.chabad.org/jewish-centers/117576/Rancho-Cucamonga/Synagogue/Chabad-of-the-Inland-Empire,117576
USA,CA,Rancho Mirage,Chabad of Rancho Mirage - The Torah Oasis,Chabad House,West Coast,Shlomo Cunin,Shimon H. Posner,Y. Chaya Posner; Benzion Lew; Chana Lew; Sholom Posner; Sarale Posner,,6,33.7887,-116.4009,https://www.chabad.org/jewish-centers/118229/Rancho-Mirage/Synagogue/Chabad-of-Rancho-Mirage-The-Torah-Oasis,118229
USA,CA,Rancho Palos Verdes,Chabad of Palos Verdes,Chabad House,West Coast,Shlomo Cunin,Yitzie Magalnic,Rochie Magalnic,,2,33.77957,-118.39103,https://www.chabad.org/jewish-centers/117566/Rancho-Palos-Verdes/Synagogue/Chabad-of-Palos-Verdes,117566
USA,CA,Rancho S. Fe,Chabad Jewish Center of RSF,Jewish Community Center,West Coast,Shlomo Cunin,Levi Raskin,Devorah Raskin,,2,32.98986,-117.23724,https://www.chabad.org/jewish-centers/467329/Rancho-S-Fe/Synagogue/Chabad-Jewish-Center-of-RSF,467329
USA,CA,Redondo Beach,Chabad of Hermosa and South Redondo,Chabad House,West Coast,Shlomo Cunin,Mendel Mintz,Hindi Mintz,,2,33.83221,-118.3871,https://www.chabad.org/jewish-centers/5696789/Redondo-Beach/Synagogue/Chabad-of-Hermosa-and-South-Redondo,5696789
USA,CA,Redondo Beach,Chabad of the Beach Cities,Chabad House,West Coast,Shlomo Cunin,Yossi Mintz,Dovid Lisbon; Zalman Gordon,,3,33.87444,-118.36927,https://www.chabad.org/jewish-centers/118202/Redondo-Beach/Synagogue/Chabad-of-the-Beach-Cities,118202
USA,CA,Redwood City,Chabad of Redwood City,Chabad House,West Coast,Shlomo Cunin,Levi Potash,Ella Potash,,2,37.46344,-122.22568,https://www.chabad.org/jewish-centers/960451/Redwood-City/Synagogue/Chabad-of-Redwood-City,960451
USA,CA,Reseda,Chabad on Tampa,Chabad House,West Coast,Shlomo Cunin,Hershy Spritzer,Frumi Spritzer,,2,34.19075,-118.55317,https://www.chabad.org/jewish-centers/836642/Reseda/Synagogue/Chabad-on-Tampa,836642
USA,CA,Richmond,Chabad of Richmond,Chabad House,West Coast,Shlomo Cunin,Yitzchok Wagner,Rochel Wagner,,2,37.93489,-122.34361,https://www.chabad.org/jewish-centers/3394292/Richmond/Synagogue/Chabad-of-Richmond,3394292
USA,CA,Riverside,Chabad Jewish Community Center of Riverside,Jewish Community Center,West Coast,Shlomo Cunin,Shmuel M. Fuss,Tzippy Fuss,,2,33.95557,-117.31938,https://www.chabad.org/jewish-centers/282033/Riverside/Synagogue/Chabad-Jewish-Community-Center-of-Riverside,282033
USA,CA,Riverside,Chabad of UCR,Campus Chabad House,West Coast,Shlomo Cunin,Mendel Kleyman,Chani Kleyman,,2,33.95557,-117.31938,https://www.chabad.org/jewish-centers/356137/Riverside/Campus-Chabad-House/Chabad-of-UCR,356137
USA,CA,S. Barbara,Chabad of S. Barbara,Chabad House,West Coast,Shlomo Cunin,Mendel Loschak,Devorah Loschak; Zalmy Kudan; Rochel Loschak; Levik Loschak; Libby Loschak,Yosef Loschak obm,7,34.44872,-119.83264,https://www.chabad.org/jewish-centers/117567/S-Barbara/Synagogue/Chabad-of-S-Barbara,117567
USA,CA,S. Clara,Chabad S. Clara,Campus Chabad House,West Coast,Shlomo Cunin,Yigal Rosenberg,Elana Rosenberg,,2,37.33016,-121.95603,https://www.chabad.org/jewish-centers/3252256/S-Clara/Campus-Chabad-House/Chabad-S-Clara,3252256
USA,CA,S. Clarita,Chabad of Saugus,Chabad House,West Coast,Shlomo Cunin,Mendy Bistritzky,Mirel Bistritzky,,2,34.48586,-118.52035,https://www.chabad.org/jewish-centers/5402304/S-Clarita/Synagogue/Chabad-of-Saugus,5402304
USA,CA,S. Clemente,Chabad of S. Clemente,Chabad House,West Coast,Shlomo Cunin,Mendel Slavin,Tzippy Slavin,,2,33.43198,-117.62307,https://www.chabad.org/jewish-centers/155894/S-Clemente/Synagogue/Chabad-of-S-Clemente,155894
USA,CA,S. Cruz,Chabad By The Sea,Chabad House,West Coast,Shlomo Cunin,Yochanan Friedman,Baily Friedman,,2,36.98013,-121.98156,https://www.chabad.org/jewish-centers/118371/S-Cruz/Synagogue/Chabad-By-The-Sea,118371
USA,CA,S. Cruz,Chabad Center for Jewish Life,,West Coast,Shlomo Cunin,Menachem Geisinsky,Mushka Geisinsky,,2,36.97896,-121.97905,https://www.chabad.org/jewish-centers/4376620/S-Cruz/Chabad-Center-for-Jewish-Life,4376620
USA,CA,S. Cruz,Chabad on Campus UCSC,Campus Chabad House,West Coast,Shlomo Cunin,Shlomie Chein,Devorah Leah Chein,,2,36.96855,-122.04308,https://www.chabad.org/jewish-centers/118661/S-Cruz/Campus-Chabad-House/Chabad-on-Campus-UCSC,118661
USA,CA,S. Diego,Bais Betzalel Chabad of Rancho Bernardo-Poway,Synagogue,West Coast,Shlomo Cunin,Yehudah Trestman,,,1,33.01661,-117.09253,https://www.chabad.org/jewish-centers/5617397/S-Diego/Synagogue/Bais-Betzalel-Chabad-of-Rancho-Bernardo-Poway,5617397
USA,CA,S. Diego,Chabad - Jewish Student Life of San Diego,Campus Chabad House,West Coast,Shlomo Cunin,Chalom Mendel Boudjnah,Mairav Boudjnah,,2,32.77051,-117.0684,https://www.chabad.org/jewish-centers/118548/S-Diego/Campus-Chabad-House/Chabad-Jewish-Student-Life-of-San-Diego,118548
USA,CA,S. Diego,Chabad Carmel Valley,Chabad House,West Coast,Shlomo Cunin,Mendel Polichenco,Nechama Dina Polichenco; Levi Polichenco,,3,32.95398,-117.23009,https://www.chabad.org/jewish-centers/2850557/S-Diego/Synagogue/Chabad-Carmel-Valley,2850557
USA,CA,S. Diego,Chabad Center of University City,Chabad House,West Coast,Shlomo Cunin,Moishe Leider,Sura Leider; Yudell Reiz; Leeba Reiz; Effy Kahn; Doba Kahn,,6,32.85429,-117.20567,https://www.chabad.org/jewish-centers/117568/S-Diego/Synagogue/Chabad-Center-of-University-City,117568
USA,CA,S. Diego,Chabad S. Diego Headquarters,Chabad House,West Coast,Shlomo Cunin,Yonah Fradkin,Dovid Smoller; Shmuel Eber; Motte Fradkin; Yisroel Dinerman; Yosef Fradkin; Zevi New; Nechama Dina Carlebach,,8,32.91192,-117.06755,https://www.chabad.org/jewish-centers/117569/S-Diego/Synagogue/Chabad-S-Diego-Headquarters,117569
USA,CA,S. Diego,Chabad Without Borders,Chabad House,West Coast,Shlomo Cunin,Mendel Polichenco,Nechama Dina Polichenco,,2,32.95398,-117.23009,https://www.chabad.org/jewish-centers/334154/S-Diego/Synagogue/Chabad-Without-Borders,334154
USA,CA,S. Diego,Chabad at UCSD,Chabad House,West Coast,Shlomo Cunin,Shmuel Cunin,Mushka Cunin,,2,32.86458,-117.23569,https://www.chabad.org/jewish-centers/5406100/S-Diego/Synagogue/Chabad-at-UCSD,5406100
USA,CA,S. Diego,Chabad of Downtown S. Diego,Chabad House,West Coast,Shlomo Cunin,Zalman Carlebach,Nechama Dina Carlebach,,2,32.71021,-117.16225,https://www.chabad.org/jewish-centers/216339/S-Diego/Synagogue/Chabad-of-Downtown-S-Diego,216339
USA,CA,S. Diego,Chabad of East County,Chabad House,West Coast,Shlomo Cunin,Rafi Andrusier,Chaya Andrusier,,2,32.80362,-117.04047,https://www.chabad.org/jewish-centers/1671465/S-Diego/Synagogue/Chabad-of-East-County,1671465
USA,CA,S. Diego,Chabad of Mission Valley,,West Coast,Shlomo Cunin,Zelig Baumgarten,Batsheva Baumgarten,,2,32.71574,-117.16108,https://www.chabad.org/jewish-centers/7323962/S-Diego/Chabad-of-Mission-Valley,7323962
USA,CA,S. Diego,Chabad of Pacific Beach,Chabad House,West Coast,Shlomo Cunin,Yossi Tiefenbrun,Rochie Tiefenbrun,,2,32.79474,-117.2435,https://www.chabad.org/jewish-centers/576533/S-Diego/Synagogue/Chabad-of-Pacific-Beach,576533
USA,CA,S. Diego,Mikvah Israel,Mikveh,West Coast,Shlomo Cunin,Leah Fradkin,,,1,32.77244,-117.05923,https://www.chabad.org/jewish-centers/120098/S-Diego/Mikveh/Mikvah-Israel,120098
USA,CA,S. Diego,The Family Chabad - Greater Poway,Chabad House,West Coast,Shlomo Cunin,Hershy Weinstein,Chaya Weinstein,,2,33.01661,-117.09253,https://www.chabad.org/jewish-centers/7180351/S-Diego/Synagogue/The-Family-Chabad-Greater-Poway,7180351
USA,CA,S. Diego,Youth Action Movement,Youth Center,West Coast,Shlomo Cunin,Zevi New,Musya New,,2,32.95821,-117.16694,https://www.chabad.org/jewish-centers/1931049/S-Diego/Youth-Center/Youth-Action-Movement,1931049
USA,CA,S. Francisco,Bais Menachem Yeshiva Day School,Day School,West Coast,Shlomo Cunin,Gedalia Potash,Chani Zarchi; Edan Hanouka; Shlomo Zarchi; Sheina Brocho Hanouka,,5,37.77362,-122.48722,https://www.chabad.org/jewish-centers/2025946/S-Francisco/Day-School/Bais-Menachem-Yeshiva-Day-School,2025946
USA,CA,S. Francisco,Camp Gan Israel SF,Day Camp,West Coast,Shlomo Cunin,Yosef Langer,Hinda Langer,,2,37.77352,-122.4875,https://www.chabad.org/jewish-centers/831477/S-Francisco/Day-Camp/Camp-Gan-Israel-SF,831477
USA,CA,S. Francisco,Chabad Student Center of S. Francisco,Campus Chabad House,West Coast,Shlomo Cunin,Yisroel Zaetz,Hadas Zaetz,,2,37.75906,-122.48354,https://www.chabad.org/jewish-centers/465118/S-Francisco/Campus-Chabad-House/Chabad-Student-Center-of-S-Francisco,465118
USA,CA,S. Francisco,Chabad of Cole Valley,Chabad House,West Coast,Shlomo Cunin,Nosson Potash,Chaya Potash; Yakov Barber; Elisheva Barber,,4,37.76295,-122.45058,https://www.chabad.org/jewish-centers/1365174/S-Francisco/Synagogue/Chabad-of-Cole-Valley,1365174
USA,CA,S. Francisco,Chabad of Noe Valley,Chabad House,West Coast,Shlomo Cunin,Gedalia Potash,Leah Potash; Yisroel Gerlitzky; Mushky Gerlitzky,,4,37.74774,-122.42423,https://www.chabad.org/jewish-centers/118424/S-Francisco/Synagogue/Chabad-of-Noe-Valley,118424
USA,CA,S. Francisco,Chabad of Pacific Heights,Chabad House,West Coast,Shlomo Cunin,Moshe Langer,Taliah Langer,,2,37.78037,-122.40757,https://www.chabad.org/jewish-centers/1808438/S-Francisco/Synagogue/Chabad-of-Pacific-Heights,1808438
USA,CA,S. Francisco,Chabad of S. Francisco,Chabad House,West Coast,Shlomo Cunin,Yosef Langer,Hinda Langer; Moshe Langer; Taliah Langer; Shmulik Friedman; Tzippy Friedman,,6,37.78821,-122.41467,https://www.chabad.org/jewish-centers/117571/S-Francisco/Synagogue/Chabad-of-S-Francisco,117571
USA,CA,S. Francisco,Chabad of the Neighborhood,Chabad House,West Coast,Shlomo Cunin,Mendel Levin,Devorie Levin,,2,37.7374,-122.46938,https://www.chabad.org/jewish-centers/4951592/S-Francisco/Synagogue/Chabad-of-the-Neighborhood,4951592
USA,CA,S. Francisco,Richmond Torah Center - Chabad,Chabad House,West Coast,Shlomo Cunin,Ahron Hecht,Sara Hecht; Mendel Perl; Tamar Perl,,4,37.78027,-122.46882,https://www.chabad.org/jewish-centers/117570/S-Francisco/Synagogue/Richmond-Torah-Center-Chabad,117570
USA,CA,S. Francisco,The Chai Hebrew School,Hebrew School,West Coast,Shlomo Cunin,Hinda Langer,,,1,37.77314,-122.48721,https://www.chabad.org/jewish-centers/601892/S-Francisco/Hebrew-School/The-Chai-Hebrew-School,601892
USA,CA,S. Francisco,The Shalom School,Preschool,West Coast,Shlomo Cunin,Hinda Langer,,,1,37.77314,-122.48721,https://www.chabad.org/jewish-centers/118833/S-Francisco/Preschool/The-Shalom-School,118833
USA,CA,S. Jose,Chabad of Downtown San Jose,Chabad House,West Coast,Shlomo Cunin,Shaya Bernstein,Brochy Bernstein,,2,37.3313,-121.90823,https://www.chabad.org/jewish-centers/3401602/S-Jose/Synagogue/Chabad-of-Downtown-San-Jose,3401602
USA,CA,S. Luis Obispo,Chabad of SLO & Cal Poly - The Rohr Center for Jewish Life,Chabad House,West Coast,Shlomo Cunin,Chaim Leib Hilel,Miki Hilel,,2,35.29283,-120.65498,https://www.chabad.org/jewish-centers/939747/S-Luis-Obispo/Synagogue/Chabad-of-SLO-Cal-Poly-The-Rohr-Center-for-Jewish-Life,939747
USA,CA,S. Monica,CTeen S. Monica,Chabad House,West Coast,Shlomo Cunin,Menachem Mendel Levitansky,,,1,34.02116,-118.48646,https://www.chabad.org/jewish-centers/3100552/S-Monica/Synagogue/CTeen-S-Monica,3100552
USA,CA,S. Monica,Chabad in Simcha Monica,Chabad House,West Coast,Shlomo Cunin,Isaac Levitansky,Sara Levitansky; Chaya Devorah Levitansky; Eli Moshe Levitansky; Sholom Heidingsfeld,Avrohom Levitansky obm,6,34.02555,-118.48244,https://www.chabad.org/jewish-centers/117572/S-Monica/Synagogue/Chabad-in-Simcha-Monica,117572
USA,CA,S. Monica,Chabad of SMC,Campus Chabad House,West Coast,Shlomo Cunin,Eli Moshe Levitansky,Mirel Levitansky,,2,34.02116,-118.48646,https://www.chabad.org/jewish-centers/619505/S-Monica/Campus-Chabad-House/Chabad-of-SMC,619505
USA,CA,S. Monica,Chabad on Montana,Chabad House,West Coast,Shlomo Cunin,Chaim Teleshevsky,Shira Teleshevsky,,2,34.03897,-118.48725,https://www.chabad.org/jewish-centers/485549/S-Monica/Synagogue/Chabad-on-Montana,485549
USA,CA,S. Monica,Living Torah Center Chabad,Chabad House,West Coast,Shlomo Cunin,Boruch Rabinowitz,Dovid Tenenbaum,,2,34.02089,-118.49071,https://www.chabad.org/jewish-centers/118184/S-Monica/Synagogue/Living-Torah-Center-Chabad,118184
USA,CA,S. Rafael,Chabad of Marin,Chabad House,West Coast,Shlomo Cunin,Yisrael Rice,Guila Rice,,2,38.02873,-122.57169,https://www.chabad.org/jewish-centers/117573/S-Rafael/Synagogue/Chabad-of-Marin,117573
USA,CA,S. Rosa,Sonoma County Chabad Jewish Center,Jewish Community Center,West Coast,Shlomo Cunin,Mendel Wolvovsky,Altie Wolvovsky,,2,38.44143,-122.66202,https://www.chabad.org/jewish-centers/118535/S-Rosa/Synagogue/Sonoma-County-Chabad-Jewish-Center,118535
USA,CA,Sacramento,Chabad of Sacramento,Synagogue,West Coast,Shlomo Cunin,Mendy Cohen,Dinie Cohen,,2,38.58273,-121.39948,https://www.chabad.org/jewish-centers/117982/Sacramento/Synagogue/Chabad-of-Sacramento,117982
USA,CA,San Anselmo,Chabad of West Marin,Chabad House,West Coast,Shlomo Cunin,Moshe Berkowitz,Hadassa Berkowitz,,2,37.99627,-122.57688,https://www.chabad.org/jewish-centers/5284352/San-Anselmo/Synagogue/Chabad-of-West-Marin,5284352
USA,CA,San Diego,Chabad of North Park San Diego,Chabad House,West Coast,Shlomo Cunin,Dovber Uzan,Sara Batya Uzan,,2,32.7481,-117.06627,https://www.chabad.org/jewish-centers/6891283/San-Diego/Synagogue/Chabad-of-North-Park-San-Diego,6891283
USA,CA,San Diego,Chabad of Rancho Penasquitos,,West Coast,Shlomo Cunin,Yechiel Cagen,Ita Cagen,,2,32.96705,-117.16282,https://www.chabad.org/jewish-centers/6409781/San-Diego/Chabad-of-Rancho-Penasquitos,6409781
USA,CA,San Diego,Chabad of Tierrasanta,Jewish Community Center,West Coast,Shlomo Cunin,Shmuly Begun,Mushka Begun,,2,32.85289,-117.09122,https://www.chabad.org/jewish-centers/5990539/San-Diego/Synagogue/Chabad-of-Tierrasanta,5990539
USA,CA,San Francisco,CYP SF,,West Coast,Shlomo Cunin,Shmulik Friedman,,,1,37.78821,-122.41467,https://www.chabad.org/jewish-centers/6902804/San-Francisco/CYP-SF,6902804
USA,CA,San Francisco,Chabad of Sea Cliff & The Presidio,,West Coast,Shlomo Cunin,Yaakov Zarchi,Batsheva Zarchi,,2,37.77533,-122.48483,https://www.chabad.org/jewish-centers/7041260/San-Francisco/Chabad-of-Sea-Cliff-The-Presidio,7041260
USA,CA,San Jose,Chabad of Almaden,Jewish Community Center,West Coast,Shlomo Cunin,Mendel Weinfeld,Mussi Weinfeld,,2,37.25175,-121.87486,https://www.chabad.org/jewish-centers/4508564/San-Jose/Synagogue/Chabad-of-Almaden,4508564
USA,CA,San José,Chabad of Evergreen,,West Coast,Shlomo Cunin,Sholom Dov Ber Nemanov,Bracha Nemanov,,2,37.32404,-121.77026,https://www.chabad.org/jewish-centers/6516240/San-Jose/Chabad-of-Evergreen,6516240
USA,CA,San Leandro,Chabad of San Leandro,Chabad House,West Coast,Shlomo Cunin,Shmaya Shusterman,Sheina Shusterman,,2,37.71001,-122.12822,https://www.chabad.org/jewish-centers/4420090/San-Leandro/Synagogue/Chabad-of-San-Leandro,4420090
USA,CA,San Marcos,Chabad Alef Center,Chabad House,West Coast,Shlomo Cunin,Yair Yelin,Chanie Yelin,,2,33.12124,-117.11756,https://www.chabad.org/jewish-centers/2024613/San-Marcos/Synagogue/Chabad-Alef-Center,2024613
USA,CA,San Mateo,Chabad of the North Peninsula,Chabad House,West Coast,Shlomo Cunin,Yossi Marcus,Esty Marcus; Yale Spalter; Rivky Spalter,,4,37.57625,-122.35756,https://www.chabad.org/jewish-centers/118515/San-Mateo/Synagogue/Chabad-of-the-North-Peninsula,118515
USA,CA,San Pedro,Chabad S. Pedro Jewish Center,Chabad House,West Coast,Shlomo Cunin,Yisroel Shuchat,Basya Shuchat,,2,33.73591,-118.29494,https://www.chabad.org/jewish-centers/5121985/San-Pedro/Synagogue/Chabad-S-Pedro-Jewish-Center,5121985
USA,CA,Sausalito,Chabad of Sausalito,,West Coast,Shlomo Cunin,Sholem Lebovics,,,1,37.85909,-122.48525,https://www.chabad.org/jewish-centers/7434852/Sausalito/Chabad-of-Sausalito,7434852
USA,CA,Seal Beach,Chabad of Los Alamitos & Cypress,Chabad House,West Coast,Shlomo Cunin,Shmuel Marcus,Bluma Marcus,,2,33.78254,-118.07162,https://www.chabad.org/jewish-centers/117553/Seal-Beach/Synagogue/Chabad-of-Los-Alamitos-Cypress,117553
USA,CA,Sherman Oaks,Chabad of North Hollywood,Chabad House,West Coast,Shlomo Cunin,Aharon Abend,Nachman Abend; Sara Masha Abend; Elkie Abend; Yitz Abend; Musi Abend,,6,34.16874,-118.41791,https://www.chabad.org/jewish-centers/117577/Sherman-Oaks/Synagogue/Chabad-of-North-Hollywood,117577
USA,CA,Sherman Oaks,Chabad of Sherman Oaks,Chabad House,West Coast,Shlomo Cunin,Moshe Weiss,Mendel Lipskier; Yosef Teitelbaum; Chanie Teitelbaum; Shternie Lipskier; Yossi Lipskier; Mushka Lipskier,,7,34.15246,-118.45959,https://www.chabad.org/jewish-centers/117574/Sherman-Oaks/Synagogue/Chabad-of-Sherman-Oaks,117574
USA,CA,Sherman Oaks,The Teichman Mikvah,Mikveh,West Coast,Shlomo Cunin,Elkie Abend,,,1,34.16799,-118.41167,https://www.chabad.org/jewish-centers/3088277/Sherman-Oaks/Mikveh/The-Teichman-Mikvah,3088277
USA,CA,Simi Valley,Chabad at Wood Ranch,Chabad House,West Coast,Shlomo Cunin,Mendel Gurary,Nechama Gurary,,2,34.26672,-118.80699,https://www.chabad.org/jewish-centers/5830497/Simi-Valley/Synagogue/Chabad-at-Wood-Ranch,5830497
USA,CA,Simi Valley,Chabad of Simi Valley,Chabad House,West Coast,Shlomo Cunin,Nosson Gurary,Bassie Gurary,,2,34.28573,-118.70737,https://www.chabad.org/jewish-centers/118316/Simi-Valley/Synagogue/Chabad-of-Simi-Valley,118316
USA,CA,Sonoma,Sonoma Valley Chabad Jewish Center,Chabad House,West Coast,Shlomo Cunin,Mendy Wenger,Chaya Wenger,,2,38.28656,-122.46432,https://www.chabad.org/jewish-centers/6539746/Sonoma/Synagogue/Sonoma-Valley-Chabad-Jewish-Center,6539746
USA,CA,South Pasadena,Chabad of South Pasadena and El Sereno,Chabad House,West Coast,Shlomo Cunin,Dovid Harlig,Estee Harlig,,2,34.11297,-118.15013,https://www.chabad.org/jewish-centers/5180756/South-Pasadena/Synagogue/Chabad-of-South-Pasadena-and-El-Sereno,5180756
USA,CA,South S. Francisco,Chabad of Daly City,Chabad House,West Coast,Shlomo Cunin,Shaul Goldman,Esther Baila Goldman,,2,37.66159,-122.43975,https://www.chabad.org/jewish-centers/1554205/South-S-Francisco/Synagogue/Chabad-of-Daly-City,1554205
USA,CA,Stockton,Chabad of Stockton,Chabad House,West Coast,Shlomo Cunin,Avremel Brod,Nechamie Brod,,2,38.01355,-121.32953,https://www.chabad.org/jewish-centers/118580/Stockton/Synagogue/Chabad-of-Stockton,118580
USA,CA,Studio City,Chabad of Studio City,Chabad House,West Coast,Shlomo Cunin,Yosef Y. Baitelman,,,1,34.14014,-118.39383,https://www.chabad.org/jewish-centers/118348/Studio-City/Synagogue/Chabad-of-Studio-City,118348
USA,CA,Studio City,Chabad of Universal City,Chabad House,West Coast,Shlomo Cunin,Mendel Baitelman,Leah Baitelman,,2,34.1386,-118.36777,https://www.chabad.org/jewish-centers/4934028/Studio-City/Synagogue/Chabad-of-Universal-City,4934028
USA,CA,Sunnyvale,Chabad of Sunnyvale,Chabad House,West Coast,Shlomo Cunin,Yisroel Hecht,Miriam Hecht; Shmuel Hecht; Chana Hecht,,4,37.34525,-122.05031,https://www.chabad.org/jewish-centers/118585/Sunnyvale/Synagogue/Chabad-of-Sunnyvale,118585
USA,CA,Tarzana,Blauner Youth Center,Chabad House,West Coast,Shlomo Cunin,Mordechai Einbinder,,,1,34.17267,-118.52925,https://www.chabad.org/jewish-centers/117963/Tarzana/Synagogue/Blauner-Youth-Center,117963
USA,CA,Tarzana,Chabad of the Valley Headquarters,Jewish Community Center,West Coast,Shlomo Cunin,Yochonon Baitelman,Mordechai Einbinder; Mayer Greene; Yanky Kahn; Yehoshua Einbinder,Josh Gordon obm,6,34.17264,-118.52884,https://www.chabad.org/jewish-centers/117545/Tarzana/Synagogue/Chabad-of-the-Valley-Headquarters,117545
USA,CA,Tarzana,The Ryzman Family Hebrew School,Hebrew School,West Coast,Shlomo Cunin,Yanky Kahn,Hindy Kahn,,2,34.17267,-118.52925,https://www.chabad.org/jewish-centers/119940/Tarzana/Hebrew-School/The-Ryzman-Family-Hebrew-School,119940
USA,CA,Temecula,Chabad of Temecula,Chabad House,West Coast,Shlomo Cunin,Yitzchok Hurwitz,Yonasan Abrams; Nechama Dina Hurwitz; Natanya Abrams,,4,33.51481,-117.13779,https://www.chabad.org/jewish-centers/118332/Temecula/Synagogue/Chabad-of-Temecula,118332
USA,CA,Thousand Oaks,Chabad of Thousand Oaks,Chabad House,West Coast,Shlomo Cunin,Chaim Bryski,Shula Bryski,,2,34.19951,-118.85051,https://www.chabad.org/jewish-centers/118471/Thousand-Oaks/Synagogue/Chabad-of-Thousand-Oaks,118471
USA,CA,Tiburon,Chabad of Tiburon,Jewish Community Center,West Coast,Shlomo Cunin,Levi Mintz,Mirel Mintz,,2,37.87447,-122.45822,https://www.chabad.org/jewish-centers/5395502/Tiburon/Synagogue/Chabad-of-Tiburon,5395502
USA,CA,Toluca Lake,Chabad of Toluca Lake,Chabad House,West Coast,Shlomo Cunin,Moishe Carlebach,Michal Carlebach,,2,34.15445,-118.36288,https://www.chabad.org/jewish-centers/937196/Toluca-Lake/Synagogue/Chabad-of-Toluca-Lake,937196
USA,CA,Topanga,Chabad of Topanga,Chabad House,West Coast,Shlomo Cunin,Dovid Weiss,Nechama Dina Weiss; Mendy Piekarski; Chana Piekarski,,4,34.109,-118.62958,https://www.chabad.org/jewish-centers/118592/Topanga/Synagogue/Chabad-of-Topanga,118592
USA,CA,Trabuco Canyon,Chabad Jewish Center of Rancho S. Margarita,Chabad House,West Coast,Shlomo Cunin,Zalman A. Kantor,Rochel Kantor,,2,33.64795,-117.57499,https://www.chabad.org/jewish-centers/702469/Trabuco-Canyon/Synagogue/Chabad-Jewish-Center-of-Rancho-S-Margarita,702469
USA,CA,Tracy,Chabad of Tracy Jewish Center,Chabad House,West Coast,Shlomo Cunin,Levi Meijers,Faigy Meijers,,2,37.73146,-121.43841,https://www.chabad.org/jewish-centers/4933275/Tracy/Synagogue/Chabad-of-Tracy-Jewish-Center,4933275
USA,CA,Truckee,Chabad of Truckee,Chabad House,West Coast,Shlomo Cunin,Chaim Kudan,Bassi Kudan,,2,39.32448,-120.12547,https://www.chabad.org/jewish-centers/6923468/Truckee/Synagogue/Chabad-of-Truckee,6923468
USA,CA,Tustin,Chabad Jewish Center of Tustin,Chabad House,West Coast,Shlomo Cunin,Yehoshua Eliezrie,Blumi Eliezrie,,2,33.74729,-117.81104,https://www.chabad.org/jewish-centers/174719/Tustin/Synagogue/Chabad-Jewish-Center-of-Tustin,174719
USA,CA,Union City,Chabad of Union City,,West Coast,Shlomo Cunin,,,,0,37.56414,-122.00418,https://www.chabad.org/jewish-centers/4830422/Union-City/Chabad-of-Union-City,4830422
USA,CA,Vacaville,Chabad of Solano County,Chabad House,West Coast,Shlomo Cunin,Chaim Zaklos,Aidel Zaklos,,2,38.35629,-121.98365,https://www.chabad.org/jewish-centers/892152/Vacaville/Synagogue/Chabad-of-Solano-County,892152
USA,CA,Van Nuys,Chabad of Lake Balboa,Jewish Community Center,West Coast,Shlomo Cunin,Eliezer Gurary,Mushkie Gurary,,2,34.19784,-118.50958,https://www.chabad.org/jewish-centers/3587936/Van-Nuys/Synagogue/Chabad-of-Lake-Balboa,3587936
USA,CA,Venice,Chabad of Venice,,West Coast,Shlomo Cunin,Menachem Yiftach Hashem,Shaina Yiftach Hashem,,2,33.99409,-118.45273,https://www.chabad.org/jewish-centers/4174950/Venice/Chabad-of-Venice,4174950
USA,CA,Ventura,Chabad of Ventura,Chabad House,West Coast,Shlomo Cunin,Yakov Latowicz,Sarah Miriam Latowicz,,2,34.27987,-119.29002,https://www.chabad.org/jewish-centers/117578/Ventura/Synagogue/Chabad-of-Ventura,117578
USA,CA,Vista,Chabad of Oceanside/Vista,Jewish Community Center,West Coast,Shlomo Cunin,Baruch Greenberg,Nechama Greenberg,,2,33.18314,-117.27441,https://www.chabad.org/jewish-centers/164346/Vista/Synagogue/Chabad-of-OceansideVista,164346
USA,CA,Walnut Creek,Chabad of Contra Costa,Chabad House,West Coast,Shlomo Cunin,Dovber Berkowitz,Chaya Berkowitz; Boruch Hecht; Mushka Hecht,,4,37.89126,-122.06276,https://www.chabad.org/jewish-centers/118215/Walnut-Creek/Synagogue/Chabad-of-Contra-Costa,118215
USA,CA,West Hills,Chabad of West Hills,Chabad House,West Coast,Shlomo Cunin,Avi Rabin,Dena Rabin,,2,34.19568,-118.65655,https://www.chabad.org/jewish-centers/406831/West-Hills/Synagogue/Chabad-of-West-Hills,406831
USA,CA,West Hollywood,Chabad Russian Immigrant Program & Synagogue,Chabad House,West Coast,Shlomo Cunin,Naftali Estulin,Yosef Brod,,2,34.09049,-118.35618,https://www.chabad.org/jewish-centers/117558/West-Hollywood/Synagogue/Chabad-Russian-Immigrant-Program-Synagogue,117558
USA,CA,West Hollywood,Chabad Sunset Strip,Chabad House,West Coast,Shlomo Cunin,Mordechai Kirschenbaum,Pessa Kirschenbaum,,2,34.08973,-118.39192,https://www.chabad.org/jewish-centers/4012603/West-Hollywood/Synagogue/Chabad-Sunset-Strip,4012603
USA,CA,West Hollywood,Hebrew School,Hebrew School,West Coast,Shlomo Cunin,Sholom Rodal,Rochela Rodal,,2,34.09049,-118.35618,https://www.chabad.org/jewish-centers/577665/West-Hollywood/Hebrew-School/Hebrew-School,577665
USA,CA,Westchester,Chabad of Westchester,Chabad House,West Coast,Shlomo Cunin,Ari Liberow,Chana Liberow,,2,33.9622,-118.40588,https://www.chabad.org/jewish-centers/5369815/Westchester/Synagogue/Chabad-of-Westchester,5369815
USA,CA,Westlake Village,Chabad of North Ranch,,West Coast,Shlomo Cunin,Shlomo Bistritzky,,,1,34.18474,-118.78831,https://www.chabad.org/jewish-centers/3399630/Westlake-Village/Chabad-of-North-Ranch,3399630
USA,CA,Westlake Village,Chabad of Westlake Village,Chabad House,West Coast,Shlomo Cunin,Yitzchak Sapochkinsky,Brocha Sapochkinsky,,2,34.15875,-118.83144,https://www.chabad.org/jewish-centers/117579/Westlake-Village/Synagogue/Chabad-of-Westlake-Village,117579
USA,CA,Westlake Village,Cteen,Hebrew High,West Coast,Shlomo Cunin,Mendy Friedman,Mushka Friedman,,2,34.15853,-118.83131,https://www.chabad.org/jewish-centers/2835709/Westlake-Village/Hebrew-High/Cteen,2835709
USA,CA,Winnetka,Chabad at Pierce,Campus Chabad House,West Coast,Shlomo Cunin,Isser Kluwgant,Mushka Kluwgant,,2,34.18901,-118.57949,https://www.chabad.org/jewish-centers/2994460/Winnetka/Campus-Chabad-House/Chabad-at-Pierce,2994460
USA,CA,Woodland Hills,Chabad Canoga Park,Chabad House,West Coast,Shlomo Cunin,Mendy Sputz,Mussie Sputz,,2,34.19223,-118.63552,https://www.chabad.org/jewish-centers/4803080/Woodland-Hills/Synagogue/Chabad-Canoga-Park,4803080
USA,CA,Woodland Hills,Chabad of Woodland Hills & Warner Center,Chabad House,West Coast,Shlomo Cunin,Yossi Gordon,Daniella Gordon; Mendel Gordon; Rena Gordon,,4,34.16557,-118.58566,https://www.chabad.org/jewish-centers/118429/Woodland-Hills/Synagogue/Chabad-of-Woodland-Hills-Warner-Center,118429
USA,CA,Yorba Linda,North County Chabad Center,Synagogue,West Coast,Shlomo Cunin,Dovid Eliezrie,Stella Eliezrie; Levi Blesofsky; Naomi Blesofsky,,4,33.8893,-117.80165,https://www.chabad.org/jewish-centers/117580/Yorba-Linda/Synagogue/North-County-Chabad-Center,117580
USA,CO,Aspen,Jewish Community Center - Chabad of Aspen,Jewish Community Center,Colorado,Mendel Popack,Mendel Mintz,Lieba Mintz,,2,39.19208,-106.82727,https://www.chabad.org/jewish-centers/118422/Aspen/Synagogue/Jewish-Community-Center-Chabad-of-Aspen,118422
USA,CO,Aurora,Ohr Avner Community Center of Colorado,Jewish Community Center,Colorado,Mendel Popack,David Araiev,Nechama Sara Araiev,,2,39.69622,-104.85854,https://www.chabad.org/jewish-centers/438221/Aurora/Synagogue/Ohr-Avner-Community-Center-of-Colorado,438221
USA,CO,Boulder,Boulder County Center for Judaism,Chabad House,Colorado,Mendel Popack,Pesach Scheiner,Chanie Scheiner,,2,40.05076,-105.25925,https://www.chabad.org/jewish-centers/117581/Boulder/Synagogue/Boulder-County-Center-for-Judaism,117581
USA,CO,Boulder,Rohr Chabad Center at University of Colorado,Campus Chabad House,Colorado,Mendel Popack,Yisroel Wilhelm,Leah Wilhelm,,2,40.00408,-105.27531,https://www.chabad.org/jewish-centers/293100/Boulder/Campus-Chabad-House/Rohr-Chabad-Center-at-University-of-Colorado,293100
USA,CO,Broomfield,Chabad of Broomfield,Jewish Community Center,Colorado,Mendel Popack,Yossi Rapoport,Toby Rapoport,,2,39.95674,-105.03807,https://www.chabad.org/jewish-centers/6500706/Broomfield/Synagogue/Chabad-of-Broomfield,6500706
USA,CO,Colorado Springs,Chabad Lubavitch of Southern Colorado,Chabad House,Colorado,Mendel Popack,Moshe Eliezer Liberow,Zelda Liberow,,2,38.92779,-104.83194,https://www.chabad.org/jewish-centers/118491/Colorado-Springs/Synagogue/Chabad-Lubavitch-of-Southern-Colorado,118491
USA,CO,Colorado Springs,Mikvah Mei Menachem,Mikveh,Colorado,Mendel Popack,Zelda Liberow,,,1,38.92944,-104.83531,https://www.chabad.org/jewish-centers/890052/Colorado-Springs/Mikveh/Mikvah-Mei-Menachem,890052
USA,CO,Denver,Bais Menachem,Chabad House,Colorado,Mendel Popack,Yisroel Engel,Yeruchem Engel; Mushky Engel,,3,39.70913,-104.92197,https://www.chabad.org/jewish-centers/117582/Denver/Synagogue/Bais-Menachem,117582
USA,CO,Denver,Chabad @ Auraria Campus,Campus Chabad House,Colorado,Mendel Popack,Yisrael Moshe Ort,Aura Ort,,2,39.7085,-104.91614,https://www.chabad.org/jewish-centers/582782/Denver/Campus-Chabad-House/Chabad-Auraria-Campus,582782
USA,CO,Denver,Chabad Lubavitch of Colorado,Jewish Community Center,Colorado,Mendel Popack,Mendel Popack,Benjy Brackman; Yisroel Engel; Mendel Mintz; Aharon Sirota,,5,39.70913,-104.92197,https://www.chabad.org/jewish-centers/5964928/Denver/Synagogue/Chabad-Lubavitch-of-Colorado,5964928
USA,CO,Denver,Chabad of South Denver,Chabad House,Colorado,Mendel Popack,Yossi Serebryanski,Chanie Serebryanski,,2,39.67442,-104.9584,https://www.chabad.org/jewish-centers/118502/Denver/Synagogue/Chabad-of-South-Denver,118502
USA,CO,Denver,Ganeinu,Preschool,Colorado,Mendel Popack,Elka Popack,,,1,39.69991,-104.93304,https://www.chabad.org/jewish-centers/5826636/Denver/Preschool/Ganeinu,5826636
USA,CO,Denver,The Jewish Life Center - Chabad Denver North,Jewish Community Center,Colorado,Mendel Popack,Mendel Popack,Estee Popack,,2,39.74814,-104.89242,https://www.chabad.org/jewish-centers/2044349/Denver/Synagogue/The-Jewish-Life-Center-Chabad-Denver-North,2044349
USA,CO,Denver,WCRJ Community Center,Russian Jewry Center,Colorado,Mendel Popack,Aharon Sirota,Rivka Sirota; Motti Sirota; Fraidy Sirota,,4,39.71169,-104.91453,https://www.chabad.org/jewish-centers/118888/Denver/Synagogue/WCRJ-Community-Center,118888
USA,CO,Fort Collins,Chabad of Northern Colorado,Chabad House,Colorado,Mendel Popack,Yerachmiel Gorelik,Devorah Leah Gorelik,,2,40.56685,-105.09834,https://www.chabad.org/jewish-centers/292755/Fort-Collins/Synagogue/Chabad-of-Northern-Colorado,292755
USA,CO,Golden,Chabad of Golden,Chabad House,Colorado,Mendel Popack,Yosef Stevenson,Basya Stevenson,,2,39.72312,-105.22624,https://www.chabad.org/jewish-centers/7419873/Golden/Synagogue/Chabad-of-Golden,7419873
USA,CO,Greenwood Village,Chabad Hebrew School,Hebrew School,Colorado,Mendel Popack,Hindy Mintz,,,1,39.62289,-104.91608,https://www.chabad.org/jewish-centers/482760/Greenwood-Village/Hebrew-School/Chabad-Hebrew-School,482760
USA,CO,Greenwood Village,The Garden Preschool & ELC,Preschool,Colorado,Mendel Popack,Hindy Mintz,,,1,39.62289,-104.91608,https://www.chabad.org/jewish-centers/1610180/Greenwood-Village/Preschool/The-Garden-Preschool-ELC,1610180
USA,CO,Lone Tree,Chabad Jewish Center - South Metro Denver,Jewish Community Center,Colorado,Mendel Popack,Avraham Mintz,Hindy Mintz; Meir Simon; Sarah Simon,,4,39.53606,-104.90179,https://www.chabad.org/jewish-centers/118621/Lone-Tree/Synagogue/Chabad-Jewish-Center-South-Metro-Denver,118621
USA,CO,Longmont,Chabad Jewish Center of Longmont,Chabad House,Colorado,Mendel Popack,Yakov Borenstein,Shayna Borenstein,,2,40.13383,-105.10456,https://www.chabad.org/jewish-centers/432259/Longmont/Synagogue/Chabad-Jewish-Center-of-Longmont,432259
USA,CO,Steamboat Springs,Chabad of Steamboat Springs,Chabad House,Colorado,Mendel Popack,Isaac Abelsky,Chaya Devora Abelsky,,2,40.48498,-106.83172,https://www.chabad.org/jewish-centers/6229550/Steamboat-Springs/Synagogue/Chabad-of-Steamboat-Springs,6229550
USA,CO,Vail,Jewish Community Center - Chabad Vail,Jewish Community Center,Colorado,Mendel Popack,Dovid Mintz,Doba Mintz,,2,39.64386,-106.38644,https://www.chabad.org/jewish-centers/339297/Vail/Synagogue/Jewish-Community-Center-Chabad-Vail,339297
USA,CO,Westminster,Chabad Westminster,Chabad House,Colorado,Mendel Popack,Benjy Brackman,Leah Brackman,,2,39.90013,-105.04486,https://www.chabad.org/jewish-centers/118641/Westminster/Synagogue/Chabad-Westminster,118641
USA,CT,Fairfield,Chabad of Fairfield,Chabad House,Connecticut,Yisroel Deren,Shlame Landa,Miriam Landa,,2,41.18098,-73.26122,https://www.chabad.org/jewish-centers/602561/Fairfield/Synagogue/Chabad-of-Fairfield,602561
USA,CT,Farmington,Farmington Chabad,Chabad House,Connecticut,Yisroel Deren,Shaya Gopin,Shayna Gopin,,2,41.70655,-72.84354,https://www.chabad.org/jewish-centers/6326208/Farmington/Synagogue/Farmington-Chabad,6326208
USA,CT,Glastonbury,Chabad Jewish Center,Chabad House,Connecticut,Yisroel Deren,Yosef Wolvovsky,Yehudis Wolvovsky,,2,41.72428,-72.60508,https://www.chabad.org/jewish-centers/118472/Glastonbury/Synagogue/Chabad-Jewish-Center,118472
USA,CT,Greenwich,Chabad Gan of Greenwich Preschool,Preschool,Connecticut,Yisroel Deren,Maryashie Deren,,,1,41.02992,-73.62422,https://www.chabad.org/jewish-centers/159682/Greenwich/Preschool/Chabad-Gan-of-Greenwich-Preschool,159682
USA,CT,Greenwich,Chabad Lubavitch of Greenwich,Chabad House,Connecticut,Yisroel Deren,Yossi Deren,Maryashie Deren; Levi Yitzchok Feller,,3,41.02664,-73.62916,https://www.chabad.org/jewish-centers/118218/Greenwich/Synagogue/Chabad-Lubavitch-of-Greenwich,118218
USA,CT,Guilford,Chabad of the Shoreline,Chabad House,Connecticut,Yisroel Deren,Yossi Yaffe,Rochel Baila Yaffe,,2,41.30975,-72.73358,https://www.chabad.org/jewish-centers/118331/Guilford/Synagogue/Chabad-of-the-Shoreline,118331
USA,CT,Hamden,Chabad Jewish Center of Hamden,Chabad House,Connecticut,Yisroel Deren,Moshe Hecht,Chaya Hecht,,2,41.43059,-72.91062,https://www.chabad.org/jewish-centers/118203/Hamden/Synagogue/Chabad-Jewish-Center-of-Hamden,118203
USA,CT,Hartford,Chabad Chevra at University of Hartford - Rohr Chabad House,Campus Chabad House,Connecticut,Yisroel Deren,Yosef Kulek,Dalia Kulek,,2,41.79044,-72.71454,https://www.chabad.org/jewish-centers/159799/Hartford/Campus-Chabad-House/Chabad-Chevra-at-University-of-Hartford-Rohr-Chabad-House,159799
USA,CT,Litchfield,Chabad Lubavitch Northwest Connecticut,Chabad House,Connecticut,Yisroel Deren,Joseph Eisenbach,,,1,41.74637,-73.19246,https://www.chabad.org/jewish-centers/118238/Litchfield/Synagogue/Chabad-Lubavitch-Northwest-Connecticut,118238
USA,CT,Middletown,Chabad @ Wesleyan University,Campus Chabad House,Connecticut,Yisroel Deren,Levi Schectman,Chana Schectman,,2,41.55509,-72.65279,https://www.chabad.org/jewish-centers/1556584/Middletown/Campus-Chabad-House/Chabad-Wesleyan-University,1556584
USA,CT,Milford,Chabad of Milford - HCW,Jewish Community Center,Connecticut,Yisroel Deren,Schneur Wilhelm,Chanie Wilhelm,,2,41.22064,-73.00614,https://www.chabad.org/jewish-centers/529751/Milford/Synagogue/Chabad-of-Milford-HCW,529751
USA,CT,Moodus,Camp Chomeish of New England,,Connecticut,Yisroel Deren,,,Sholom Ber Stock obm,1,41.49116,-72.46652,https://www.chabad.org/jewish-centers/5702437/Moodus/Camp-Chomeish-of-New-England,5702437
USA,CT,New Canaan,Chabad New Canaan Jewish Center,Chabad House,Connecticut,Yisroel Deren,Levi Mendelow,Michal Mendelow,,2,41.12945,-73.48313,https://www.chabad.org/jewish-centers/1194917/New-Canaan/Synagogue/Chabad-New-Canaan-Jewish-Center,1194917
USA,CT,New Haven,Chabad at Yale University,Campus Chabad House,Connecticut,Yisroel Deren,Meir Chaim Posner,Devora Leah Posner,,2,41.31131,-72.9332,https://www.chabad.org/jewish-centers/118249/New-Haven/Campus-Chabad-House/Chabad-at-Yale-University,118249
USA,CT,New Haven,Chabad of Downtown New Haven,,Connecticut,Yisroel Deren,Mendy Hecht,Dina Hecht,,2,41.30471,-72.92338,https://www.chabad.org/jewish-centers/5381038/New-Haven/Chabad-of-Downtown-New-Haven,5381038
USA,CT,New Haven,Chabad of Westville,Chabad House,Connecticut,Yisroel Deren,Chanoch Wineberg,Mushka Wineberg,,2,41.31708,-72.96145,https://www.chabad.org/jewish-centers/345699/New-Haven/Synagogue/Chabad-of-Westville,345699
USA,CT,New Haven,Colel Tiferes Zekainim,,Connecticut,Yisroel Deren,Berel Levitin,Fayge Levitin,,2,41.31956,-72.94537,https://www.chabad.org/jewish-centers/2856583/New-Haven/Colel-Tiferes-Zekainim,2856583
USA,CT,New Haven,Lubavitch Mikvah,Mikveh,Connecticut,Yisroel Deren,,,,0,41.32295,-72.94681,https://www.chabad.org/jewish-centers/120111/New-Haven/Mikveh/Lubavitch-Mikvah,120111
USA,CT,New Haven,Rabbinical Institute of New Haven,Yeshivah Gedolah,Connecticut,Yisroel Deren,Yitzchok Kalmenson,Yonason Reinitz,,2,41.31956,-72.94537,https://www.chabad.org/jewish-centers/117583/New-Haven/Yeshivah-Gedolah/Rabbinical-Institute-of-New-Haven,117583
USA,CT,New Haven,Yeshivas Beis Dovid Shlomo,Yeshivah Ketanah/Mesivtah,Connecticut,Yisroel Deren,Yitzchok Kalmenson,Schneur Roth; Gershon Borenstein; Yosef Rivkin,,4,41.32155,-72.94397,https://www.chabad.org/jewish-centers/120112/New-Haven/Yeshivah-KetanahMesivtah/Yeshivas-Beis-Dovid-Shlomo,120112
USA,CT,New Haven,Young Anash,Synagogue,Connecticut,Yisroel Deren,Mendel Prescott,Beila Prescott,,2,41.34094,-72.9347,https://www.chabad.org/jewish-centers/6567613/New-Haven/Synagogue/Young-Anash,6567613
USA,CT,New London,Chabad of Eastern Connecticut,Chabad House,Connecticut,Yisroel Deren,Avrohom Sternberg,Maryashi Sternberg; Aizik Schwei; Mushky Schwei,,4,41.33381,-72.10236,https://www.chabad.org/jewish-centers/118000/New-London/Synagogue/Chabad-of-Eastern-Connecticut,118000
USA,CT,Norwich,Chabad of Norwich,,Connecticut,Yisroel Deren,Aizik Schwei,Mushky Schwei,,2,41.53479,-72.07941,https://www.chabad.org/jewish-centers/6978333/Norwich/Chabad-of-Norwich,6978333
USA,CT,Old Greenwich,Jewish Riverside Old Greenwich,Chabad House,Connecticut,Yisroel Deren,Boruch Ceitlin,Chaya Ceitlin,,2,41.06777,-73.56308,https://www.chabad.org/jewish-centers/6152638/Old-Greenwich/Synagogue/Jewish-Riverside-Old-Greenwich,6152638
USA,CT,Orange,Camp Gan Israel,Day Camp,Connecticut,Yisroel Deren,Schneur Wilhelm,Chanie Wilhelm,,2,41.29964,-73.00802,https://www.chabad.org/jewish-centers/120114/Orange/Day-Camp/Camp-Gan-Israel,120114
USA,CT,Orange,Cteen of Greater New Haven,,Connecticut,Yisroel Deren,Shalom Cheruff,Bracha Cheruff,,2,41.27312,-73.02872,https://www.chabad.org/jewish-centers/5186616/Orange/Cteen-of-Greater-New-Haven,5186616
USA,CT,Orange,Southern Connecticut Hebrew Academy,Day School,Connecticut,Yisroel Deren,Shea Hecht,Mendy Hecht; Moshe Laufer,Binyomin Katz obm; Rivkah Hecht obm,5,41.29964,-73.00802,https://www.chabad.org/jewish-centers/117961/Orange/Day-School/Southern-Connecticut-Hebrew-Academy,117961
USA,CT,Ridgefield,Chabad of Ridgefield,Chabad House,Connecticut,Yisroel Deren,Sholom Deitsch,Chanah Deitsch,,2,41.27078,-73.49847,https://www.chabad.org/jewish-centers/150725/Ridgefield/Synagogue/Chabad-of-Ridgefield,150725
USA,CT,Shelton,Chabad of Shelton,Chabad House,Connecticut,Yisroel Deren,Shneur Brook,Leah Brook,,2,41.29649,-73.15485,https://www.chabad.org/jewish-centers/4161814/Shelton/Synagogue/Chabad-of-Shelton,4161814
USA,CT,Stamford,Chabad Lubavitch of Connecticut & Western Massachusetts,Synagogue,Connecticut,Yisroel Deren,Yisrael Deren,Gershon Sandler; Shea Hecht; Moshe Browd,,4,41.04112,-73.54174,https://www.chabad.org/jewish-centers/2948789/Stamford/Synagogue/Chabad-Lubavitch-of-Connecticut-Western-Massachusetts,2948789
USA,CT,Stamford,Chabad Young Professionals of Lower Fairfield County,Young Professionals,Connecticut,Yisroel Deren,,,,0,41.04034,-73.5409,https://www.chabad.org/jewish-centers/5703684/Stamford/Young-Professionals/Chabad-Young-Professionals-of-Lower-Fairfield-County,5703684
USA,CT,Stamford,Chabad of Stamford,Chabad House,Connecticut,Yisroel Deren,Moshe Shemtov,Leah Shemtov; Yisrael Deren; Malya Shmotkin; Levi Mendelow; Shifra Aviva Deren,,6,41.09716,-73.54855,https://www.chabad.org/jewish-centers/117584/Stamford/Synagogue/Chabad-of-Stamford,117584
USA,CT,Stamford,The Friendship Circle,Friendship Circle,Connecticut,Yisroel Deren,Malya Shmotkin,,,1,41.07459,-73.52134,https://www.chabad.org/jewish-centers/120140/Stamford/Friendship-Circle/The-Friendship-Circle,120140
USA,CT,Stamford,The Friendship Circle,Friendship Circle,Connecticut,Yisroel Deren,Malya Shmotkin,,,1,41.07459,-73.52134,https://www.chabad.org/jewish-centers/159690/Stamford/Friendship-Circle/The-Friendship-Circle,159690
USA,CT,Storrs Mansfield,Chabad at UConn - The Rohr Jewish Student Center,Campus Chabad House,Connecticut,Yisroel Deren,Shlomo Hecht,Shaindel Hecht,,2,41.80874,-72.24559,https://www.chabad.org/jewish-centers/299902/Storrs-Mansfield/Campus-Chabad-House/Chabad-at-UConn-The-Rohr-Jewish-Student-Center,299902
USA,CT,Suffield,Yeshiva Campus,,Connecticut,Yisroel Deren,Benzion Bluming,Menachem Mendel Fogelman; Menachem Sorkin; Shneur Schapiro; Daniel Arroyo; Nissen Eichorn; Avraham Wolff; Menachem Mendel Eidelman; Schneur Ginsberg; Sholom Avtzon; Yosef Greenbaum,,11,42.02534,-72.61401,https://www.chabad.org/jewish-centers/5696796/Suffield/Yeshiva-Campus,5696796
USA,CT,Wallingford,Chabad of Wallingford,Chabad House,Connecticut,Yisroel Deren,Baruch Kaplan,Raizy Kaplan,,2,41.4543,-72.8202,https://www.chabad.org/jewish-centers/326613/Wallingford/Synagogue/Chabad-of-Wallingford,326613
USA,CT,Waterbury,Chabad of Waterbury,Chabad House,Connecticut,Yisroel Deren,Joseph Eisenbach,Mina Eisenbach,,2,41.57145,-73.04758,https://www.chabad.org/jewish-centers/150718/Waterbury/Synagogue/Chabad-of-Waterbury,150718
USA,CT,Weatogue,Chabad of the Farmington Valley,Chabad House,Connecticut,Yisroel Deren,Mendel Samuels,Blumie Samuels,,2,41.83289,-72.81944,https://www.chabad.org/jewish-centers/118334/Weatogue/Synagogue/Chabad-of-the-Farmington-Valley,118334
USA,CT,Weatogue,Gan Israel Hebrew School,,Connecticut,Yisroel Deren,Blumie Samuels,,,1,41.8403,-72.82311,https://www.chabad.org/jewish-centers/119920/Weatogue/Gan-Israel-Hebrew-School,119920
USA,CT,West Hartford,Chabad House of Greater Hartford,Chabad House,Connecticut,Yisroel Deren,Yosef Gopin,Yosef Kulek; Miriam Gopin; Shaya Gopin; Dalia Kulek; Eli Ostrozynski; Mendel Barrocas; Myriam Barrocas; Shaya Engel; Rochel Leah Engel; Mendy Gopin; Mushky Gopin,,12,41.78687,-72.73941,https://www.chabad.org/jewish-centers/117585/West-Hartford/Synagogue/Chabad-House-of-Greater-Hartford,117585
USA,CT,Westport,Chabad Lubavitch of Westport,Chabad House,Connecticut,Yisroel Deren,Yehudah Leib Kantor,Nechama Dina Kantor; Menachem Ciment; Chaya Ciment; Yisroel Luchins; Rivka Luchins,,6,41.16643,-73.3827,https://www.chabad.org/jewish-centers/118223/Westport/Synagogue/Chabad-Lubavitch-of-Westport,118223
USA,CT,Wilton,Chabad Lubavitch of Wilton,,Connecticut,Yisroel Deren,Yehudah Leib Kantor,,,1,41.18981,-73.43202,https://www.chabad.org/jewish-centers/7239334/Wilton/Chabad-Lubavitch-of-Wilton,7239334
USA,DC,Washington,American Friends of Lubavitch (Chabad),Chabad House,Washington DC,Levi Shemtov,Levi Shemtov,Nechama Shemtov; Menachem Shemtov; Racheli Shemtov; Eli Shemtov; Ettie Shemtov,,6,38.91553,-77.04699,https://www.chabad.org/jewish-centers/117966/Washington/Synagogue/American-Friends-of-Lubavitch-Chabad,117966
USA,DC,Washington,Chabad East DC Jewish Center,Jewish Community Center,Washington DC,Levi Shemtov,Yitzy Ceitlin,Shana Ceitlin,,2,38.89305,-76.99735,https://www.chabad.org/jewish-centers/5154542/Washington/Synagogue/Chabad-East-DC-Jewish-Center,5154542
USA,DC,Washington,Chabad GW,Campus Chabad House,Washington DC,Levi Shemtov,Levi Shemtov,Nechama Shemtov,,2,38.90294,-77.04932,https://www.chabad.org/jewish-centers/749420/Washington/Campus-Chabad-House/Chabad-GW,749420
USA,DC,Washington,Chabad Georgetown,Campus Chabad House,Washington DC,Levi Shemtov,,,,0,38.90695,-77.06669,https://www.chabad.org/jewish-centers/3077645/Washington/Campus-Chabad-House/Chabad-Georgetown,3077645
USA,DC,Washington,Chabad Lubavitch of the AU Community,Campus Chabad House,Washington DC,Levi Shemtov,Yehoshua Hecht,Esti Hecht,,2,38.93538,-77.08444,https://www.chabad.org/jewish-centers/1944096/Washington/Campus-Chabad-House/Chabad-Lubavitch-of-the-AU-Community,1944096
USA,DE,Lewes,Chabad of Southern Delaware,,Delaware,Chuni Vogel,Sholom Vogel,Chanale Vogel,,2,38.75486,-75.19822,https://www.chabad.org/jewish-centers/5572560/Lewes/Chabad-of-Southern-Delaware,5572560
USA,DE,Newark,Chabad UD,Campus Chabad House,Delaware,Chuni Vogel,Avremel Vogel,Shulie Vogel,,2,39.67595,-75.75382,https://www.chabad.org/jewish-centers/117922/Newark/Campus-Chabad-House/Chabad-UD,117922
USA,DE,Wilmington,Chabad Lubavitch of Delaware,Chabad House,Delaware,Chuni Vogel,Chuni Vogel,Oryah Vogel; Motti Flikshtein; Rochel Flikshtein,,4,39.79836,-75.49719,https://www.chabad.org/jewish-centers/117586/Wilmington/Synagogue/Chabad-Lubavitch-of-Delaware,117586
USA,FL,Altamonte Springs,Chabad of Altamonte Springs,Chabad House,Florida,Benjy Korf,Mendy Bronstein,Mussie Bronstein,,2,28.66046,-81.39205,https://www.chabad.org/jewish-centers/3407035/Altamonte-Springs/Synagogue/Chabad-of-Altamonte-Springs,3407035
USA,FL,Aventura,Aventura Chabad,Chabad House,Florida,Benjy Korf,Laivi Forta,Casriel Brusowankin; Chani Forta; Menachem Mendel Rosenblum; Raizel Rosenblum,,5,25.96998,-80.14223,https://www.chabad.org/jewish-centers/117587/Aventura/Synagogue/Aventura-Chabad,117587
USA,FL,Aventura,Chabad at the Waterways,Chabad House,Florida,Benjy Korf,Yisroel Brusowankin,Devora Leah Brusowankin,,2,25.96892,-80.12982,https://www.chabad.org/jewish-centers/4051234/Aventura/Synagogue/Chabad-at-the-Waterways,4051234
USA,FL,Aventura,Lubavitch Aventura South,Chabad House,Florida,Benjy Korf,Mendel Rosenfeld,Raizel Rosenfeld; Shmuel Dovid Spalter; Chavi Spalter; Yosef Itkin; Chana Itkin; Mendy Boas; Esther Boas; Mendel Goldberg,,9,25.94604,-80.14299,https://www.chabad.org/jewish-centers/298937/Aventura/Synagogue/Lubavitch-Aventura-South,298937
USA,FL,Beverly Hills,Chabad of Citrus and Hernando Counties,Synagogue,Florida,Benjy Korf,Moishy Serebryanski,Miriam Maryasha Serebryanski,,2,28.91993,-82.44735,https://www.chabad.org/jewish-centers/6976084/Beverly-Hills/Synagogue/Chabad-of-Citrus-and-Hernando-Counties,6976084
USA,FL,Boca Raton,CTeen of Boca Raton,,Florida,Benjy Korf,Yossi Denburg,Shayna Denburg,,2,26.41032,-80.11987,https://www.chabad.org/jewish-centers/3031418/Boca-Raton/CTeen-of-Boca-Raton,3031418
USA,FL,Boca Raton,Chabad Israeli Center,Israeli Center,Florida,Benjy Korf,Naftaly Hertzel,Henya Hertzel,,2,26.3492,-80.23049,https://www.chabad.org/jewish-centers/463071/Boca-Raton/Israeli-Center/Chabad-Israeli-Center,463071
USA,FL,Boca Raton,Chabad Student Center,Campus Chabad House,Florida,Benjy Korf,Boruch Shmuel Liberow,Rivka Rochel Liberow,,2,26.35916,-80.09653,https://www.chabad.org/jewish-centers/395367/Boca-Raton/Campus-Chabad-House/Chabad-Student-Center,395367
USA,FL,Boca Raton,Chabad Young Professionals DoBo,Adult Education,Florida,Benjy Korf,Yosef New,Mushka New,,2,26.35169,-80.08551,https://www.chabad.org/jewish-centers/5527594/Boca-Raton/Adult-Education/Chabad-Young-Professionals-DoBo,5527594
USA,FL,Boca Raton,Chabad Youth Network of Florida,Youth Center,Florida,Benjy Korf,Shmuly Gutnick,Dini Gutnick; Dovid Gutnick; Shaina Gutnick,,4,26.41239,-80.11895,https://www.chabad.org/jewish-centers/741144/Boca-Raton/Youth-Center/Chabad-Youth-Network-of-Florida,741144
USA,FL,Boca Raton,Chabad of Boca Raton,Chabad House,Florida,Benjy Korf,Zalman Bukiet,Moishe Denburg; Chani Bukiet; Rivkah Denburg; Shmuel Moscowitz; Yael Moscowitz,,6,26.41032,-80.11987,https://www.chabad.org/jewish-centers/4630191/Boca-Raton/Synagogue/Chabad-of-Boca-Raton,4630191
USA,FL,Boca Raton,Chabad of Central Boca Raton,Chabad House,Florida,Benjy Korf,Moishe Denburg,Rivkah Denburg; Arele Gopin; Chaya Gopin; Moshe Wolvovsky; Henni Wolvovsky; Yossi Denburg; Shayna Denburg; Sholom  Kessler; Itta Kessler,,10,26.41032,-80.11987,https://www.chabad.org/jewish-centers/117588/Boca-Raton/Synagogue/Chabad-of-Central-Boca-Raton,117588
USA,FL,Boca Raton,Chabad of East Boca Raton,Chabad House,Florida,Benjy Korf,Ruvi New,Ahuva New; Yosef New,,3,26.35161,-80.08996,https://www.chabad.org/jewish-centers/118367/Boca-Raton/Synagogue/Chabad-of-East-Boca-Raton,118367
USA,FL,Boca Raton,Chabad of West Boca Raton,Chabad House,Florida,Benjy Korf,Zalman Bukiet,Chani Bukiet; Moshe Kramer; Shaina Kramer; Yael Moscowitz; Shmuel Moscowitz,,6,26.42773,-80.20416,https://www.chabad.org/jewish-centers/117589/Boca-Raton/Synagogue/Chabad-of-West-Boca-Raton,117589
USA,FL,Boca Raton,Friendship House,,Florida,Benjy Korf,Sholom  Kessler,Itta Kessler,,2,26.41032,-80.11987,https://www.chabad.org/jewish-centers/5362293/Boca-Raton/Friendship-House,5362293
USA,FL,Boca Raton,JUDA - Hebrew School,,Florida,Benjy Korf,,,,0,26.35044,-80.07795,https://www.chabad.org/jewish-centers/6668826/Boca-Raton/JUDA-Hebrew-School,6668826
USA,FL,Boca Raton,Jewish Recovery Center,Social Services,Florida,Benjy Korf,Meir Kessler,Fruma Kessler,,2,26.41421,-80.11875,https://www.chabad.org/jewish-centers/570754/Boca-Raton/Social-Services/Jewish-Recovery-Center,570754
USA,FL,Bonita Springs,"Chabad of Bonita Springs, Estero & FGCU",Chabad House,Florida,Benjy Korf,Mendy Greenberg,Luba Greenberg,,2,26.38163,-81.80728,https://www.chabad.org/jewish-centers/212291/Bonita-Springs/Synagogue/Chabad-of-Bonita-Springs-Estero-FGCU,212291
USA,FL,Boynton Beach,Chabad Jewish Center of West Boynton and West Lake Worth,Chabad House,Florida,Benjy Korf,Yosef Raichik,Shainy Raichik,,2,26.52645,-80.19509,https://www.chabad.org/jewish-centers/1274159/Boynton-Beach/Synagogue/Chabad-Jewish-Center-of-West-Boynton-and-West-Lake-Worth,1274159
USA,FL,Boynton Beach,Chabad Lubavitch of Greater Boynton Beach,Chabad House,Florida,Benjy Korf,Sholom Ciment,Dina Ciment,,2,26.51809,-80.13976,https://www.chabad.org/jewish-centers/117991/Boynton-Beach/Synagogue/Chabad-Lubavitch-of-Greater-Boynton-Beach,117991
USA,FL,Bradenton,Chabad of Bradenton & Lakewood Ranch,Chabad House,Florida,Benjy Korf,Mendy Bukiet,Chana Bukiet; Chaim Meir Bukiet,,3,27.43785,-82.39637,https://www.chabad.org/jewish-centers/169346/Bradenton/Synagogue/Chabad-of-Bradenton-Lakewood-Ranch,169346
USA,FL,Bradenton,Chabad of West Bradenton,Chabad House,Florida,Benjy Korf,Zev Steinmetz,Shaina Steinmetz,,2,27.49547,-82.60611,https://www.chabad.org/jewish-centers/3439472/Bradenton/Synagogue/Chabad-of-West-Bradenton,3439472
USA,FL,Cape Coral,Chabad of Cape Coral,Chabad House,Florida,Benjy Korf,Yossi Labkowski,Rivky Labkowski,,2,26.5624,-82.00968,https://www.chabad.org/jewish-centers/223658/Cape-Coral/Synagogue/Chabad-of-Cape-Coral,223658
USA,FL,Cape Coral,Mikvah Cape Coral,Mikveh,Florida,Benjy Korf,,,,0,26.56308,-82.01522,https://www.chabad.org/jewish-centers/3511251/Cape-Coral/Mikveh/Mikvah-Cape-Coral,3511251
USA,FL,Clearwater,Chabad of Clearwater,Chabad House,Florida,Benjy Korf,Levi Hodakov,Miriam Hodakov,,2,27.93883,-82.74531,https://www.chabad.org/jewish-centers/1241523/Clearwater/Synagogue/Chabad-of-Clearwater,1241523
USA,FL,Clermont,Chabad of S. Lake County,Jewish Community Center,Florida,Benjy Korf,Moshe Dubinsky,Chavi Dubinsky,,2,28.5241,-81.71133,https://www.chabad.org/jewish-centers/4943603/Clermont/Synagogue/Chabad-of-S-Lake-County,4943603
USA,FL,Coconut Creek,Chabad Lubavitch of Coconut Creek & W Pompano Beach,Chabad House,Florida,Benjy Korf,Yossi Gansburg,Baila Gansburg; Shneur Gansburg; Leeba Gansburg; Chaim Binyomin Gansburg; Mina Gansburg; Yossi Rosenblat; Farah Rosenblat,,8,26.32269,-80.18811,https://www.chabad.org/jewish-centers/117701/Coconut-Creek/Synagogue/Chabad-Lubavitch-of-Coconut-Creek-W-Pompano-Beach,117701
USA,FL,Coconut Creek,Chabad Lubavitch of South Coconut Creek and Wynmoor,Synagogue,Florida,Benjy Korf,,,,0,26.24395,-80.17295,https://www.chabad.org/jewish-centers/3372691/Coconut-Creek/Synagogue/Chabad-Lubavitch-of-South-Coconut-Creek-and-Wynmoor,3372691
USA,FL,Coconut Creek,South Florida Jewish Academy,Day School,Florida,Benjy Korf,Baila Gansburg,,,1,26.24395,-80.17295,https://www.chabad.org/jewish-centers/559661/Coconut-Creek/Day-School/South-Florida-Jewish-Academy,559661
USA,FL,Cooper City,Chabad Lubavitch of Southwest Broward,Chabad House,Florida,Benjy Korf,Pinny Andrusier,Gitty Andrusier; Adi Goodman; Malky Goodman; Aryeh Schwartz; Ester Schwartz; Shimon Andrusier; Liba Andrusier; Tzvi Freund; Chana Esther Freund,,10,26.04614,-80.28674,https://www.chabad.org/jewish-centers/117960/Cooper-City/Synagogue/Chabad-Lubavitch-of-Southwest-Broward,117960
USA,FL,Coral Gables,Chabad @ University of Miami,Campus Chabad House,Florida,Benjy Korf,Mendy Fellig,Henchi Fellig; Cheski Goldstein; Chana Goldstein,,4,25.7123,-80.27754,https://www.chabad.org/jewish-centers/118534/Coral-Gables/Campus-Chabad-House/Chabad-University-of-Miami,118534
USA,FL,Coral Gables,Chabad at University of Miami Undergraduate,Campus Chabad House,Florida,Benjy Korf,Shmuel Lipskier,Mushka Lipskier,,2,25.71552,-80.27382,https://www.chabad.org/jewish-centers/4266412/Coral-Gables/Campus-Chabad-House/Chabad-at-University-of-Miami-Undergraduate,4266412
USA,FL,Coral Gables,Chabad of Downtown Coral Gables,Chabad House,Florida,Benjy Korf,Avraham Stolik,Chany Stolik; Mendy Naparstek; Mina Naparstek,,4,25.7554,-80.25858,https://www.chabad.org/jewish-centers/593562/Coral-Gables/Synagogue/Chabad-of-Downtown-Coral-Gables,593562
USA,FL,Coral Springs,Chabad Jewish Center,Chabad House,Florida,Benjy Korf,Yankie Denburg,Chana Denburg; Shaya Denburg; Chayale Denburg,,4,26.24071,-80.27721,https://www.chabad.org/jewish-centers/711390/Coral-Springs/Synagogue/Chabad-Jewish-Center,711390
USA,FL,Coral Springs,Chabad Spanish Center,Chabad House,Florida,Benjy Korf,Mordechai Lichy,Shoshana Lichy,,2,26.25333,-80.25189,https://www.chabad.org/jewish-centers/994623/Coral-Springs/Synagogue/Chabad-Spanish-Center,994623
USA,FL,Coral Springs,Chabad of Coral Springs,Synagogue,Florida,Benjy Korf,Avraham Friedman,Yossie Denburg; Chanie Friedman; Rivka Denburg,,4,26.27824,-80.24961,https://www.chabad.org/jewish-centers/118475/Coral-Springs/Synagogue/Chabad-of-Coral-Springs,118475
USA,FL,Coral Springs,Chabad of NW Coral Springs,Chabad House,Florida,Benjy Korf,Hershy Bronstein,Chanie Bronstein,,2,26.30024,-80.2782,https://www.chabad.org/jewish-centers/300767/Coral-Springs/Synagogue/Chabad-of-NW-Coral-Springs,300767
USA,FL,Coral Springs,Chabad of Northeast Coral Springs,Chabad House,Florida,Benjy Korf,Moshe Yaras,Chaya Mushka Yaras,,2,26.27646,-80.25229,https://www.chabad.org/jewish-centers/1806684/Coral-Springs/Synagogue/Chabad-of-Northeast-Coral-Springs,1806684
USA,FL,Coral Springs,Mesivta of Coral Springs,Yeshivah Ketanah/Mesivtah,Florida,Benjy Korf,Yosef Eizicovics,Chaim Dovid Janowski; Zevi Shusterman; Moshe Cheruff; Moshe Denburg; Arye Schechter,,6,26.27098,-80.25984,https://www.chabad.org/jewish-centers/821426/Coral-Springs/Yeshivah-KetanahMesivtah/Mesivta-of-Coral-Springs,821426
USA,FL,Coral Springs,Tiferes Zekeinim Chabad,Senior Center,Florida,Benjy Korf,Isaac Jalusi,Ilana Jalusi,,2,26.2777,-80.25741,https://www.chabad.org/jewish-centers/588762/Coral-Springs/Senior-Center/Tiferes-Zekeinim-Chabad,588762
USA,FL,Cutler Bay,Chabad of Cutler Bay & Homestead,Chabad House,Florida,Benjy Korf,Yossi Wolff,Mindel Wolff,,2,25.57634,-80.33845,https://www.chabad.org/jewish-centers/682678/Cutler-Bay/Synagogue/Chabad-of-Cutler-Bay-Homestead,682678
USA,FL,Dania Beach,Chabad of Dania Beach,Chabad House,Florida,Benjy Korf,Eli Eckstein,Mushka Eckstein,,2,26.05356,-80.14338,https://www.chabad.org/jewish-centers/5228249/Dania-Beach/Synagogue/Chabad-of-Dania-Beach,5228249
USA,FL,Davie,Chabad at Monterra,Chabad House,Florida,Benjy Korf,Adi Goodman,Malky Goodman; Aharon Spielman; Rochel Spielman,,4,26.0477,-80.25754,https://www.chabad.org/jewish-centers/2706607/Davie/Synagogue/Chabad-at-Monterra,2706607
USA,FL,Davie,Chabad at NSU,Campus Chabad House,Florida,Benjy Korf,Aryeh Schwartz,Ester Schwartz,,2,26.07241,-80.24701,https://www.chabad.org/jewish-centers/3965721/Davie/Campus-Chabad-House/Chabad-at-NSU,3965721
USA,FL,Davie,Chabad of West Davie,Chabad House,Florida,Benjy Korf,Mendel Spalter,Mushky Spalter,,2,26.07818,-80.32132,https://www.chabad.org/jewish-centers/1479894/Davie/Synagogue/Chabad-of-West-Davie,1479894
USA,FL,Deerfield Beach,Chabad of Deerfield Beach,Chabad House,Florida,Benjy Korf,Yossi Goldblatt,Leah Goldblatt,,2,26.316,-80.12915,https://www.chabad.org/jewish-centers/269188/Deerfield-Beach/Synagogue/Chabad-of-Deerfield-Beach,269188
USA,FL,Delray Beach,Camp Gan Izzy,Day Camp,Florida,Benjy Korf,Mendy Heber,Mirel Heber,,2,26.4543,-80.16266,https://www.chabad.org/jewish-centers/5151499/Delray-Beach/Day-Camp/Camp-Gan-Izzy,5151499
USA,FL,Delray Beach,Chabad at the City of Delray Beach,Jewish Community Center,Florida,Benjy Korf,Mendy Heber,Mirel Heber,,2,26.46475,-80.10936,https://www.chabad.org/jewish-centers/4544860/Delray-Beach/Synagogue/Chabad-at-the-City-of-Delray-Beach,4544860
USA,FL,Delray Beach,Chabad of Delray Beach,Chabad House,Florida,Benjy Korf,Sholom B. Korf,Yaakov Perman; Chaya Perman,,3,26.45917,-80.14662,https://www.chabad.org/jewish-centers/117892/Delray-Beach/Synagogue/Chabad-of-Delray-Beach,117892
USA,FL,Delray Beach,Chabad of East Delray Beach,Chabad House,Florida,Benjy Korf,Shmuel Biston,Sari Biston,,2,26.45963,-80.07089,https://www.chabad.org/jewish-centers/3316775/Delray-Beach/Synagogue/Chabad-of-East-Delray-Beach,3316775
USA,FL,Delray Beach,Cheder Chabad Florida,Cheder,Florida,Benjy Korf,Aharon Matusof,Avrohom Chayempour; Bentzion Deray; Mendel Greenwald; Yehuda Matusof; Yosef Y. Sputz; Yechezkel Akerman; Yosef Yitzchok Gerlitzky; Dovid Leib Myhill; Menachem Grifkin; Menachem Deray; Menachem Mendel Kohn; Menachem Mendel Oirechman; Moshe Barrocas,,14,26.46599,-80.18898,https://www.chabad.org/jewish-centers/4540021/Delray-Beach/Cheder/Cheder-Chabad-Florida,4540021
USA,FL,Destin,Chabad of the Emerald Coast,Chabad House,Florida,Benjy Korf,Yeshayahu Tenenboim,Rochel Tenenboim,,2,30.38867,-86.46389,https://www.chabad.org/jewish-centers/2480687/Destin/Synagogue/Chabad-of-the-Emerald-Coast,2480687
USA,FL,Doral,Chabad Jewish Center of Doral,Chabad House,Florida,Benjy Korf,Avrohom Brashevitzky,Zelda Brashevitzky,,2,25.82675,-80.36086,https://www.chabad.org/jewish-centers/347029/Doral/Synagogue/Chabad-Jewish-Center-of-Doral,347029
USA,FL,Fernandina Beach,Chabad of Amelia Island & Nassau County,Jewish Community Center,Florida,Benjy Korf,Levi Katz,Mindy Katz,,2,30.57369,-81.45304,https://www.chabad.org/jewish-centers/6429432/Fernandina-Beach/Synagogue/Chabad-of-Amelia-Island-Nassau-County,6429432
USA,FL,Fleming Island,Chabad of Clay County,Chabad House,Florida,Benjy Korf,Shmuel Feldman,Shaina Feldman,,2,30.08513,-81.71346,https://www.chabad.org/jewish-centers/1335573/Fleming-Island/Synagogue/Chabad-of-Clay-County,1335573
USA,FL,Fort Lauderdale,Chabad Lubavitch of Fort Lauderdale,Jewish Community Center,Florida,Benjy Korf,Moishe Meir Lipszyc,Penina Lipszyc; Yitzchok Naparstek; Nina Naparstek; Menachem Mendel Fayershteyn; Gitty Fayershteyn; Sholom Katz; Chaya Katz,,8,26.17136,-80.09963,https://www.chabad.org/jewish-centers/117594/Fort-Lauderdale/Synagogue/Chabad-Lubavitch-of-Fort-Lauderdale,117594
USA,FL,Fort Lauderdale,Chabad Oakland Park East,Jewish Community Center,Florida,Benjy Korf,Yitzchok Naparstek,Nina Naparstek,,2,26.15263,-80.10718,https://www.chabad.org/jewish-centers/7368606/Fort-Lauderdale/Synagogue/Chabad-Oakland-Park-East,7368606
USA,FL,Fort Lauderdale,Chabad of Harbor Beach,Chabad House,Florida,Benjy Korf,Lazer Perlstein,Chaya Perlstein,,2,26.10074,-80.13201,https://www.chabad.org/jewish-centers/2756669/Fort-Lauderdale/Synagogue/Chabad-of-Harbor-Beach,2756669
USA,FL,Fort Lauderdale,Downtown Jewish Center Chabad,Chabad House,Florida,Benjy Korf,Schneur Kaplan,Devorah Kaplan,,2,26.12238,-80.13417,https://www.chabad.org/jewish-centers/118514/Fort-Lauderdale/Synagogue/Downtown-Jewish-Center-Chabad,118514
USA,FL,Fort Lauderdale,Downtown Jewish Preschool,Preschool,Florida,Benjy Korf,,,,0,26.12231,-80.13269,https://www.chabad.org/jewish-centers/5940415/Fort-Lauderdale/Preschool/Downtown-Jewish-Preschool,5940415
USA,FL,Fort Lauderdale,Las Olas Chabad Jewish Center,Jewish Community Center,Florida,Benjy Korf,Chaim Slavaticki,Chaya Mushka Slavaticki,,2,26.11907,-80.12964,https://www.chabad.org/jewish-centers/1269573/Fort-Lauderdale/Synagogue/Las-Olas-Chabad-Jewish-Center,1269573
USA,FL,Fort Lauderdale,Mikvah,Mikveh,Florida,Benjy Korf,Penina Lipszyc,,,1,26.17197,-80.09956,https://www.chabad.org/jewish-centers/405403/Fort-Lauderdale/Mikveh/Mikvah,405403
USA,FL,Fort Lauderdale,YJP Las Olas,Chabad House,Florida,Benjy Korf,Sholom Meir Holzkenner,Rochel Holzkenner,,2,26.12885,-80.13515,https://www.chabad.org/jewish-centers/527023/Fort-Lauderdale/Synagogue/YJP-Las-Olas,527023
USA,FL,Fort Myers,Chabad Israeli Center of Fort Myers,Israeli Center,Florida,Benjy Korf,Yitzchok Minkowitz,Shani Minkowitz; Shalom Dov Ber Katz; Dvorah Leah Katz,,4,26.56945,-81.89997,https://www.chabad.org/jewish-centers/7025189/Fort-Myers/Israeli-Center/Chabad-Israeli-Center-of-Fort-Myers,7025189
USA,FL,Fort Myers,Chabad Lubavitch of Southwest Florida,Chabad House,Florida,Benjy Korf,Yitzchok Minkowitz,Shani Minkowitz,,2,26.56945,-81.89997,https://www.chabad.org/jewish-centers/117903/Fort-Myers/Synagogue/Chabad-Lubavitch-of-Southwest-Florida,117903
USA,FL,Fort Myers,Chabad at FGCU,Campus Chabad House,Florida,Benjy Korf,Mendel Gordon,Shternie Gordon,,2,26.49083,-81.81641,https://www.chabad.org/jewish-centers/4450646/Fort-Myers/Campus-Chabad-House/Chabad-at-FGCU,4450646
USA,FL,Gainesville,Chabad Lubavitch Jewish Community Center of Lake City,Chabad House,Florida,Benjy Korf,Mendel Goldman,Chaya'le Goldman,,2,29.65543,-82.35008,https://www.chabad.org/jewish-centers/6724874/Gainesville/Synagogue/Chabad-Lubavitch-Jewish-Community-Center-of-Lake-City,6724874
USA,FL,Gainesville,Lubavitch Chabad Jewish Student Center,Campus Chabad House,Florida,Benjy Korf,Berl Goldman,Chanie Goldman; Aharon Chaim Notik; Pessie Notik; Meyer Brook; Mushka Brook,,6,29.65543,-82.35008,https://www.chabad.org/jewish-centers/118379/Gainesville/Campus-Chabad-House/Lubavitch-Chabad-Jewish-Student-Center,118379
USA,FL,Hallandale,Chabad of South Broward,Chabad House,Florida,Benjy Korf,Raphael Tennenhaus,Dovid Kudan; Aharon Kaufman; Goldie Tennenhaus; Moshe Schwartz; Levi Tennenhaus; Mordy Feiner; Eliezer Phillips; Menachem Mendel Gurevitch; Yossi Lifshitz; Moshe Gourevitch,,11,25.9867,-80.13546,https://www.chabad.org/jewish-centers/117595/Hallandale/Synagogue/Chabad-of-South-Broward,117595
USA,FL,Hallandale Beach,Chabad of Golden Isles,Chabad House,Florida,Benjy Korf,Mordy Feiner,Itty Feiner,,2,25.98064,-80.13229,https://www.chabad.org/jewish-centers/5215397/Hallandale-Beach/Synagogue/Chabad-of-Golden-Isles,5215397
USA,FL,Hallandale Beach,Chaya Aydel Seminary,Teachers' Seminary,Florida,Benjy Korf,Yossi Lebovics,Chanie Lebovics,,2,25.9867,-80.13546,https://www.chabad.org/jewish-centers/118265/Hallandale-Beach/Teachers-Seminary/Chaya-Aydel-Seminary,118265
USA,FL,Hollywood,Beit Chabad Israeli Center,,Florida,Benjy Korf,Yosef Raskin,Nava Raskin,,2,26.02612,-80.23958,https://www.chabad.org/jewish-centers/3329590/Hollywood/Beit-Chabad-Israeli-Center,3329590
USA,FL,Hollywood,Chabad Center for Jewish Life,Chabad House,Florida,Benjy Korf,Leizer Barash,,,1,26.04692,-80.17595,https://www.chabad.org/jewish-centers/150728/Hollywood/Synagogue/Chabad-Center-for-Jewish-Life,150728
USA,FL,Hollywood,Chabad Ocean Synagogue,Synagogue,Florida,Benjy Korf,Dovid Kudan,Leibel Kudan; Sheina Kudan,,3,25.98806,-80.12027,https://www.chabad.org/jewish-centers/119832/Hollywood/Synagogue/Chabad-Ocean-Synagogue,119832
USA,FL,Hollywood,Chabad of N.E. Hollywood & Dania,Chabad House,Florida,Benjy Korf,Mendy Tennenhaus,Nechama Dina Tennenhaus; Yisroel Dubov; Raizy Dubov,,4,26.01053,-80.13455,https://www.chabad.org/jewish-centers/290969/Hollywood/Synagogue/Chabad-of-NE-Hollywood-Dania,290969
USA,FL,Hollywood,Chabad of North Beach,Chabad House,Florida,Benjy Korf,Sholom Ber Kudan,Malka Kudan,,2,26.00119,-80.09121,https://www.chabad.org/jewish-centers/4732397/Hollywood/Synagogue/Chabad-of-North-Beach,4732397
USA,FL,Hollywood,Chabad of Walnut Creek,Chabad House,Florida,Benjy Korf,Zalman Korf,Shana Bracha Korf,,2,26.03152,-80.2399,https://www.chabad.org/jewish-centers/337117/Hollywood/Synagogue/Chabad-of-Walnut-Creek,337117
USA,FL,Hollywood,Congregation Judea Chabad,Synagogue,Florida,Benjy Korf,Joseph Bronstein,Sterna Bronstein; Dovi Levy,,3,26.04556,-80.22365,https://www.chabad.org/jewish-centers/2739542/Hollywood/Synagogue/Congregation-Judea-Chabad,2739542
USA,FL,Hollywood,Hollywood Community Synagogue - Chabad,Synagogue,Florida,Benjy Korf,Joseph Korf,,,1,26.02923,-80.18426,https://www.chabad.org/jewish-centers/117948/Hollywood/Synagogue/Hollywood-Community-Synagogue-Chabad,117948
USA,FL,Jacksonville,Chabad Lubavitch of Northeast Florida,Chabad House,Florida,Benjy Korf,Yoseph Kahanov,Mendy Browd; Rivkie Kahanov; Velvil Kahanov; Esther Rochel Kahanov,,5,30.19436,-81.6256,https://www.chabad.org/jewish-centers/117889/Jacksonville/Synagogue/Chabad-Lubavitch-of-Northeast-Florida,117889
USA,FL,Jacksonville,Chabad of San Marco and Greater Downtown,Chabad House,Florida,Benjy Korf,Kalman Ezagui,Miri Ezagui,,2,30.30483,-81.65126,https://www.chabad.org/jewish-centers/6426867/Jacksonville/Synagogue/Chabad-of-San-Marco-and-Greater-Downtown,6426867
USA,FL,Jacksonville,Chabad of Southside,Chabad House,Florida,Benjy Korf,Shmuel Novack,Chana Novack,,2,30.27566,-81.52609,https://www.chabad.org/jewish-centers/334256/Jacksonville/Synagogue/Chabad-of-Southside,334256
USA,FL,Jupiter,Chabad Jewish Center of Jupiter,Chabad House,Florida,Benjy Korf,Berel Barash,Sarah Barash,,2,26.89076,-80.10183,https://www.chabad.org/jewish-centers/118658/Jupiter/Synagogue/Chabad-Jewish-Center-of-Jupiter,118658
USA,FL,Key Biscayne,Chabad Key Biscayne Jewish Center,Chabad House,Florida,Benjy Korf,Avremel Caroline,Yoel Caroline; Rivka Caroline; Zeldy Caroline,,4,25.69907,-80.16417,https://www.chabad.org/jewish-centers/118411/Key-Biscayne/Synagogue/Chabad-Key-Biscayne-Jewish-Center,118411
USA,FL,Key Largo,Chabad of Key Largo,,Florida,Benjy Korf,Yisroel Shur,Leah Shur,,2,25.09262,-80.44204,https://www.chabad.org/jewish-centers/6153769/Key-Largo/Chabad-of-Key-Largo,6153769
USA,FL,Key West,Chabad Jewish Center of the Florida Keys,Jewish Community Center,Florida,Benjy Korf,Yaakov Zucker,Chanie Zucker,,2,24.57118,-81.7614,https://www.chabad.org/jewish-centers/118196/Key-West/Synagogue/Chabad-Jewish-Center-of-the-Florida-Keys,118196
USA,FL,Lake Worth,Camp Gan Israel Florida Overnight Camp,Overnight Camp,Florida,Benjy Korf,Yosef Biston,Yossi Goldblatt; Eli Wajsbort,,3,26.56314,-80.21974,https://www.chabad.org/jewish-centers/1011128/Lake-Worth/Overnight-Camp/Camp-Gan-Israel-Florida-Overnight-Camp,1011128
USA,FL,Lake Worth,Chabad West Lake Worth,Chabad House,Florida,Benjy Korf,Zalmen Itkin,Malky Itkin,,2,26.58616,-80.17635,https://www.chabad.org/jewish-centers/5248499/Lake-Worth/Synagogue/Chabad-West-Lake-Worth,5248499
USA,FL,Lake Worth,Chabad of Lake Worth,Chabad House,Florida,Benjy Korf,Mendy Rosenfeld,Leah Rosenfeld,,2,26.59076,-80.16126,https://www.chabad.org/jewish-centers/427844/Lake-Worth/Synagogue/Chabad-of-Lake-Worth,427844
USA,FL,Lakeland,Chabad Jewish Center,Chabad House,Florida,Benjy Korf,Moshe Lazaros,Libby Lazaros,,2,28.1133,-82.03436,https://www.chabad.org/jewish-centers/1788265/Lakeland/Synagogue/Chabad-Jewish-Center,1788265
USA,FL,Lakeland,Chabad on Campus,Campus Chabad House,Florida,Benjy Korf,Moshe Lazaros,,,1,28.10878,-81.97388,https://www.chabad.org/jewish-centers/3798706/Lakeland/Campus-Chabad-House/Chabad-on-Campus,3798706
USA,FL,Lantana,Chabad of South Palm Beach,Chabad House,Florida,Benjy Korf,Leibel Stolik,Shaina Stolik,,2,26.58335,-80.04131,https://www.chabad.org/jewish-centers/427841/Lantana/Synagogue/Chabad-of-South-Palm-Beach,427841
USA,FL,Lauderdale By The Sea,Chabad Lauderdale By The Sea,Chabad House,Florida,Benjy Korf,Benzion Singer,Chaya Mushka Singer,,2,26.19881,-80.096,https://www.chabad.org/jewish-centers/683804/Lauderdale-By-The-Sea/Synagogue/Chabad-Lauderdale-By-The-Sea,683804
USA,FL,Lauderhill,Chabad Central Broward,,Florida,Benjy Korf,Shmuel Heidingsfeld,Nechama Heidingsfeld,,2,26.17148,-80.23566,https://www.chabad.org/jewish-centers/6837101/Lauderhill/Chabad-Central-Broward,6837101
USA,FL,Lauderhill,Chabad Outreach of Margate,Chabad House,Florida,Benjy Korf,Yechezkel Unsdorfer,Rivkie Unsdorfer,,2,26.18096,-80.23746,https://www.chabad.org/jewish-centers/924472/Lauderhill/Synagogue/Chabad-Outreach-of-Margate,924472
USA,FL,Lauderhill,Chabad of Forest Lakes Estates,,Florida,Benjy Korf,Elazar Gedj,Sara Gedj,,2,26.18614,-80.23756,https://www.chabad.org/jewish-centers/6164749/Lauderhill/Chabad-of-Forest-Lakes-Estates,6164749
USA,FL,Lauderhill,Synagogue of Inverrary - Chabad,Synagogue,Florida,Benjy Korf,Aron Lieberman,Fajgi Itkin-Lieberman; Chaim Lieberman; Nissen Pewzner; Shmuel Heidingsfeld; Shmuel Klein; Levi Feigelstock,,7,26.17874,-80.24141,https://www.chabad.org/jewish-centers/117596/Lauderhill/Synagogue/Synagogue-of-Inverrary-Chabad,117596
USA,FL,Lighthouse Point,Chabad of North Broward Beaches,Chabad House,Florida,Benjy Korf,Tzvi Dechter,Shana Dechter,,2,26.2758,-80.09187,https://www.chabad.org/jewish-centers/887237/Lighthouse-Point/Synagogue/Chabad-of-North-Broward-Beaches,887237
USA,FL,Longwood,Chabad-Lubavitch of North Orlando,Chabad House,Florida,Benjy Korf,Yanky Majesky,Chanshy Majesky; Meyer Orenstein; Shaina Orenstein,,4,28.72326,-81.38423,https://www.chabad.org/jewish-centers/823538/Longwood/Synagogue/Chabad-Lubavitch-of-North-Orlando,823538
USA,FL,Loxahatchee,Chabad of Westlake and Loxahatchee,Chabad House,Florida,Benjy Korf,Chaim Muskal,Shaina Muskal,,2,26.76817,-80.28797,https://www.chabad.org/jewish-centers/5698886/Loxahatchee/Synagogue/Chabad-of-Westlake-and-Loxahatchee,5698886
USA,FL,Maitland,Chabad Day School,Day School,Florida,Benjy Korf,Devorah Leah Dubov,,,1,28.63544,-81.32459,https://www.chabad.org/jewish-centers/119969/Maitland/Day-School/Chabad-Day-School,119969
USA,FL,Maitland,Chabad of Greater Orlando,Chabad House,Florida,Benjy Korf,Sholom B. Dubov,Devorah Leah Dubov; Amram Hoffer; Esther Hoffer; Dovid Dubov; Blumi Dubov,,6,28.63519,-81.32479,https://www.chabad.org/jewish-centers/117597/Maitland/Synagogue/Chabad-of-Greater-Orlando,117597
USA,FL,Manalapan,Chabad of Coastal Palm Beach,,Florida,Benjy Korf,Mendy Rotenstreich,Rivka Rotenstreich,,2,26.59798,-80.03937,https://www.chabad.org/jewish-centers/6640772/Manalapan/Chabad-of-Coastal-Palm-Beach,6640772
USA,FL,Margate,Chabad of Margate,,Florida,Benjy Korf,Mendel Denburg,Chaya Denburg,,2,26.26514,-80.20227,https://www.chabad.org/jewish-centers/7025214/Margate/Chabad-of-Margate,7025214
USA,FL,Margate,Lubavitch Hebrew Academy,Day School,Florida,Benjy Korf,Yossie Denburg,Rivka Denburg; Yaakov Sheinberger; Avraham Granat; Shloime Denburg; Shaya Denburg; Yosef Hodakov; Chaya Minsky; Mordechai Lichy; Chana Sheinberger; Shneur Wilhelm; Zalman Denburg; Margie Denburg; Lev Cotlar,,14,26.24893,-80.2004,https://www.chabad.org/jewish-centers/117592/Margate/Day-School/Lubavitch-Hebrew-Academy,117592
USA,FL,Melbourne,Camp Gan Israel,Day Camp,Florida,Benjy Korf,Zvi Konikov,Shulamit Konikov,,2,28.23086,-80.7274,https://www.chabad.org/jewish-centers/120129/Melbourne/Day-Camp/Camp-Gan-Israel,120129
USA,FL,Melbourne,Chabad Hebrew School,Hebrew School,Florida,Benjy Korf,Zvi Konikov,Shulamit Konikov,,2,28.23086,-80.7274,https://www.chabad.org/jewish-centers/120130/Melbourne/Hebrew-School/Chabad-Hebrew-School,120130
USA,FL,Melbourne,Torah Academy,Day School,Florida,Benjy Korf,Shulamit Konikov,,,1,28.23086,-80.7274,https://www.chabad.org/jewish-centers/119854/Melbourne/Day-School/Torah-Academy,119854
USA,FL,Miami,Beis Chana School for Girls,Day School,Florida,Benjy Korf,,,Avrohom Korf obm,1,25.93251,-80.21118,https://www.chabad.org/jewish-centers/120125/Miami/Day-School/Beis-Chana-School-for-Girls,120125
USA,FL,Miami,CKids Hebrew School,Hebrew School,Florida,Benjy Korf,Mendel Klein,Shevy Klein,,2,25.7216,-80.24762,https://www.chabad.org/jewish-centers/6540531/Miami/Hebrew-School/CKids-Hebrew-School,6540531
USA,FL,Miami,Centro Judaico De Miami,Chabad House,Florida,Benjy Korf,Dovi Begun,Shula Begun,,2,25.94848,-80.15337,https://www.chabad.org/jewish-centers/6533668/Miami/Synagogue/Centro-Judaico-De-Miami,6533668
USA,FL,Miami,Chabad @ the Civic Center,Chabad House,Florida,Benjy Korf,Yochanon Klein,Ester Klein; Zalman Kagan; Leah Kagan,,4,25.71658,-80.27025,https://www.chabad.org/jewish-centers/360204/Miami/Synagogue/Chabad-the-Civic-Center,360204
USA,FL,Miami,Chabad Center of Kendall & Pinecrest,Jewish Community Center,Florida,Benjy Korf,Yossi Harlig,Nechama Harlig; Colaiv Freedman; Moshe Harlig,,4,25.6655,-80.3352,https://www.chabad.org/jewish-centers/118013/Miami/Synagogue/Chabad-Center-of-Kendall-Pinecrest,118013
USA,FL,Miami,Chabad Chayil - Highland Lakes Jewish Center,Jewish Community Center,Florida,Benjy Korf,Moishe Kievman,Layah Kievman,,2,25.97151,-80.14982,https://www.chabad.org/jewish-centers/117601/Miami/Synagogue/Chabad-Chayil-Highland-Lakes-Jewish-Center,117601
USA,FL,Miami,Chabad Israeli Center of Miami,Israeli Center,Florida,Benjy Korf,Menachem Cheruty,Chaya Cheruty,,2,25.96291,-80.1532,https://www.chabad.org/jewish-centers/308007/Miami/Israeli-Center/Chabad-Israeli-Center-of-Miami,308007
USA,FL,Miami,Chabad at FIU Student Center,Campus Chabad House,Florida,Benjy Korf,Berel Garelik,Henny Garelik,,2,25.76184,-80.37687,https://www.chabad.org/jewish-centers/4921114/Miami/Campus-Chabad-House/Chabad-at-FIU-Student-Center,4921114
USA,FL,Miami,Chabad at Florida International University,Campus Chabad House,Florida,Benjy Korf,Berel Garelik,Levi Friedman; Sashie Friedman; Henny Garelik,,4,25.7194,-80.24795,https://www.chabad.org/jewish-centers/169223/Miami/Campus-Chabad-House/Chabad-at-Florida-International-University,169223
USA,FL,Miami,Chabad at Midtown Miami,Chabad House,Florida,Benjy Korf,Shmuel Gopin,Mendel Potash; Chana Gopin; Libby Potash,,4,25.80447,-80.19074,https://www.chabad.org/jewish-centers/118656/Miami/Synagogue/Chabad-at-Midtown-Miami,118656
USA,FL,Miami,Chabad of Aventura Isles,Jewish Community Center,Florida,Benjy Korf,Yitzchok Kaplan,Yael Kaplan,,2,25.95026,-80.18756,https://www.chabad.org/jewish-centers/4736592/Miami/Synagogue/Chabad-of-Aventura-Isles,4736592
USA,FL,Miami,Chabad of Coral Way,Chabad House,Florida,Benjy Korf,Mendel Klein,Shevy Klein; Shayki Rotenberg,,3,25.74705,-80.22817,https://www.chabad.org/jewish-centers/5682707/Miami/Synagogue/Chabad-of-Coral-Way,5682707
USA,FL,Miami,Chabad of Dadeland & West Kendall,Chabad House,Florida,Benjy Korf,Getzy Rubashkin,Chana Rubashkin,,2,25.68229,-80.39175,https://www.chabad.org/jewish-centers/2113715/Miami/Synagogue/Chabad-of-Dadeland-West-Kendall,2113715
USA,FL,Miami,Chabad of Miami,Synagogue,Florida,Benjy Korf,Yakov Fellig,Getzy Fellig; Dovid Pesach Gold; Yael Gold,,4,25.7216,-80.24762,https://www.chabad.org/jewish-centers/117590/Miami/Synagogue/Chabad-of-Miami,117590
USA,FL,Miami,Chabad of Southwest Miami,Chabad House,Florida,Benjy Korf,Ari  Werbler,Devorah Werbler,,2,25.71491,-80.36138,https://www.chabad.org/jewish-centers/6339625/Miami/Synagogue/Chabad-of-Southwest-Miami,6339625
USA,FL,Miami,Gan Israel Day Camp,Day Camp,Florida,Benjy Korf,Mendel Weiss,Tzippy Weiss,,2,25.93251,-80.21118,https://www.chabad.org/jewish-centers/120127/Miami/Day-Camp/Gan-Israel-Day-Camp,120127
USA,FL,Miami,Lubavitch Educational Center,Day School,Florida,Benjy Korf,Bentzion Korf,Yaakov Roth; Mendel Weiss; Yisroel Frankforter; Mendy Katz; Sholem Kleinman; Yosef Zavdi; Menachem Tauber; Yakov Garfinkel; Nochum Schapiro; Mordechai Schurder; Eily Smith; Yosef Levy; Asher Sossonko; Eli Cohen; Menachem Mendel Korf; Yosef Benita; Menachem Mendel Galperin; Yaakov Wolowik; Zalman Mochkin; Ovadya Rogalsky; Zalman Myer-Smith; Levi Sharfstein; Yitzchak Shachar; Eli Cohen; Aharon Spielman; Eliyahu Schochet; Moshe DovBer Stern; Yisroel Arye Gootblatt; Sholom Davidsohn; Moshe Schurder; Elimelech Spalter; Yossi Granat; Tzemach Wilansky; Moshe Kinn; Moishy Korf; Yosef Doch; Moshe Sherman; Ehud Kvin,Avrohom Korf obm; Yosef Sossonko obm,41,25.93251,-80.21118,https://www.chabad.org/jewish-centers/120123/Miami/Day-School/Lubavitch-Educational-Center,120123
USA,FL,Miami,Skylake Chabad Shul,Synagogue,Florida,Benjy Korf,Rafi Rosenberg,Hindy Rosenberg,,2,25.95212,-80.15353,https://www.chabad.org/jewish-centers/5407765/Miami/Synagogue/Skylake-Chabad-Shul,5407765
USA,FL,Miami,The Shul of Downtown,Chabad House,Florida,Benjy Korf,Chaim Lipskar,Deenie Lipskar; Eli Lipskar; Rochi Lipskar,,4,25.76564,-80.19254,https://www.chabad.org/jewish-centers/117942/Miami/Synagogue/The-Shul-of-Downtown,117942
USA,FL,Miami Beach,Anshei Lubavitch,Synagogue,Florida,Benjy Korf,Dovid Shapiro,Yitzchok Teitelbaum,,2,25.79771,-80.13963,https://www.chabad.org/jewish-centers/117533/Miami-Beach/Synagogue/Anshei-Lubavitch,117533
USA,FL,Miami Beach,Beis Menachem,Synagogue,Florida,Benjy Korf,Leib Schapiro,,,1,25.81256,-80.12881,https://www.chabad.org/jewish-centers/2301323/Miami-Beach/Synagogue/Beis-Menachem,2301323
USA,FL,Miami Beach,Beit Chabad South Beach,,Florida,Benjy Korf,Chagai Meffi,Dassie Meffi,,2,25.78242,-80.14142,https://www.chabad.org/jewish-centers/4120344/Miami-Beach/Beit-Chabad-South-Beach,4120344
USA,FL,Miami Beach,Chabad House in Miami Beach and Chabad House on Wheels,Chabad House,Florida,Benjy Korf,Zev Katz,,,1,25.791,-80.13548,https://www.chabad.org/jewish-centers/118350/Miami-Beach/Synagogue/Chabad-House-in-Miami-Beach-and-Chabad-House-on-Wheels,118350
USA,FL,Miami Beach,Chabad House of Mid Miami Beach,Synagogue,Florida,Benjy Korf,Bentzion Korf,Chaim Stern; Mendy Katz,,3,25.83281,-80.12079,https://www.chabad.org/jewish-centers/117943/Miami-Beach/Synagogue/Chabad-House-of-Mid-Miami-Beach,117943
USA,FL,Miami Beach,Chabad Lubavitch of the Venetian,Jewish Community Center,Florida,Benjy Korf,Shmuel Mann,Tzippy Mann; Menachem Rapoport; Mushka Rapoport,,4,25.79188,-80.14855,https://www.chabad.org/jewish-centers/118293/Miami-Beach/Synagogue/Chabad-Lubavitch-of-the-Venetian,118293
USA,FL,Miami Beach,Chabad in South Beach,Jewish Community Center,Florida,Benjy Korf,Shragi Mann,Devorah Leah Mann; Leibel Khazanovich; Devory Khazanovich,,4,25.77279,-80.13634,https://www.chabad.org/jewish-centers/269232/Miami-Beach/Synagogue/Chabad-in-South-Beach,269232
USA,FL,Miami Beach,"Chabad of Bayshore, Miami Beach",Chabad House,Florida,Benjy Korf,Shmuel Lezak,Sara Basya Lezak,,2,25.80129,-80.12926,https://www.chabad.org/jewish-centers/4364240/Miami-Beach/Synagogue/Chabad-of-Bayshore-Miami-Beach,4364240
USA,FL,Miami Beach,Chabad of Lakeview,,Florida,Benjy Korf,Sholom Dovber Korf,Menucha Korf,,2,25.827,-80.12893,https://www.chabad.org/jewish-centers/5105695/Miami-Beach/Chabad-of-Lakeview,5105695
USA,FL,Miami Beach,Chabad of North Beach,,Florida,Benjy Korf,Shneur Korf,Bati Korf,,2,25.86387,-80.12184,https://www.chabad.org/jewish-centers/6451555/Miami-Beach/Chabad-of-North-Beach,6451555
USA,FL,Miami Beach,Congregation Lubavitch Russian Immigrant Center,Russian Jewry Center,Florida,Benjy Korf,Sholom Blank,,,1,25.78607,-80.13949,https://www.chabad.org/jewish-centers/117600/Miami-Beach/Synagogue/Congregation-Lubavitch-Russian-Immigrant-Center,117600
USA,FL,Miami Beach,Jewish Community Council,Jewish Community Center,Florida,Benjy Korf,Fishel Katz,,,1,25.80799,-80.1298,https://www.chabad.org/jewish-centers/374003/Miami-Beach/Synagogue/Jewish-Community-Council,374003
USA,FL,Miami Beach,Jewish Learning Center Ohr Menachem Mendel Resource Library Chabad,Jewish Community Center,Florida,Benjy Korf,Aron Rabin,,,1,25.81407,-80.1279,https://www.chabad.org/jewish-centers/118271/Miami-Beach/Synagogue/Jewish-Learning-Center-Ohr-Menachem-Mendel-Resource-Library-Chabad,118271
USA,FL,Miami Beach,Jewish Learning Center of Fisher Island,Chabad House,Florida,Benjy Korf,Efraim Brody,Gittel Brody,,2,25.76248,-80.14428,https://www.chabad.org/jewish-centers/1333035/Miami-Beach/Synagogue/Jewish-Learning-Center-of-Fisher-Island,1333035
USA,FL,Miami Beach,Jewish Video Library - Chabad Torah Center,Library,Florida,Benjy Korf,Yitzchok Teitelbaum,,,1,25.78483,-80.13899,https://www.chabad.org/jewish-centers/170160/Miami-Beach/Library/Jewish-Video-Library-Chabad-Torah-Center,170160
USA,FL,Miami Beach,Ligrom Arichus Yomim - Chabad Chaplaincy Network,Senior Center,Florida,Benjy Korf,Mendy Levy,Shulamit Levy,,2,25.80894,-80.13148,https://www.chabad.org/jewish-centers/3336340/Miami-Beach/Senior-Center/Ligrom-Arichus-Yomim-Chabad-Chaplaincy-Network,3336340
USA,FL,Miami Beach,Merkos Lubavitch of Florida,Chabad House,Florida,Benjy Korf,Fishel Katz,Eli Rosenfeld; Bentzion Korf; Meir Zirkind; Ovadya Schochet; Menachem Mendel Kozlovsky,Avrohom Korf obm,7,25.78242,-80.14142,https://www.chabad.org/jewish-centers/117598/Miami-Beach/Synagogue/Merkos-Lubavitch-of-Florida,117598
USA,FL,Miami Gardens,Chabad Shul,Synagogue,Florida,Benjy Korf,Sholem Kleinman,Yosef Abramov,,2,25.96187,-80.22316,https://www.chabad.org/jewish-centers/5505778/Miami-Gardens/Synagogue/Chabad-Shul,5505778
USA,FL,Miami Gardens,Chabad Stadium,Chabad House,Florida,Benjy Korf,Yakov Menaker,,,1,25.96301,-80.22089,https://www.chabad.org/jewish-centers/5612453/Miami-Gardens/Synagogue/Chabad-Stadium,5612453
USA,FL,Miami Gardens,Chabad at St. Thomas University,Campus Chabad House,Florida,Benjy Korf,,,,0,25.92108,-80.25345,https://www.chabad.org/jewish-centers/3229121/Miami-Gardens/Campus-Chabad-House/Chabad-at-St-Thomas-University,3229121
USA,FL,Miami Gardens,Chabad of Miami Gardens,Chabad House,Florida,Benjy Korf,Sholem Kleinman,Eliyah Kleinman,,2,25.96182,-80.2201,https://www.chabad.org/jewish-centers/4114627/Miami-Gardens/Synagogue/Chabad-of-Miami-Gardens,4114627
USA,FL,Miami Gardens,My Yeshiva,,Florida,Benjy Korf,Yosef Abramov,,,1,25.93251,-80.21118,https://www.chabad.org/jewish-centers/4250167/Miami-Gardens/My-Yeshiva,4250167
USA,FL,Miami Lakes,Chabad of North West Dade /Miami Lakes & ST. Thomas University,Campus Chabad House,Florida,Benjy Korf,Mendel Weiss,Tzippy Weiss,,2,25.92175,-80.33021,https://www.chabad.org/jewish-centers/118605/Miami-Lakes/Campus-Chabad-House/Chabad-of-North-West-Dade-Miami-Lakes-ST-Thomas-University,118605
USA,FL,Miami Shores,Chabad of Miami Shores,Chabad House,Florida,Benjy Korf,Asher Sossonko,Mushky Sossonko,,2,25.87275,-80.17438,https://www.chabad.org/jewish-centers/2840579/Miami-Shores/Synagogue/Chabad-of-Miami-Shores,2840579
USA,FL,Naples,Chabad of Naples,Chabad House,Florida,Benjy Korf,Fishel Zaklos,Ettie Zaklos,,2,26.16783,-81.80068,https://www.chabad.org/jewish-centers/118646/Naples/Synagogue/Chabad-of-Naples,118646
USA,FL,North Bay Village,Chabad of Normandy Isle,Synagogue,Florida,Benjy Korf,Mendy Dalfin,Mushka Dalfin,,2,25.84702,-80.15343,https://www.chabad.org/jewish-centers/2782670/North-Bay-Village/Synagogue/Chabad-of-Normandy-Isle,2782670
USA,FL,North Bay Village,Chabad of North Bay Village,Chabad House,Florida,Benjy Korf,Faivish Dalfin,Chaya Sara Dalfin,,2,25.84837,-80.15249,https://www.chabad.org/jewish-centers/350911/North-Bay-Village/Synagogue/Chabad-of-North-Bay-Village,350911
USA,FL,North Miami,Chabad Lubavitch of North Miami,Chabad House,Florida,Benjy Korf,Avrohom Lipszyc,,,1,25.88757,-80.16074,https://www.chabad.org/jewish-centers/118484/North-Miami/Synagogue/Chabad-Lubavitch-of-North-Miami,118484
USA,FL,North Miami Beach,Bais Menachem of N. Miami Beach,Synagogue,Florida,Benjy Korf,Yossi Marlow,Chaim Brody; Eli Laufer; Yehoshua Karp,,4,25.93418,-80.18001,https://www.chabad.org/jewish-centers/118294/North-Miami-Beach/Synagogue/Bais-Menachem-of-N-Miami-Beach,118294
USA,FL,North Miami Beach,California Club Chabad,Jewish Community Center,Florida,Benjy Korf,Shloime Halsband,Yitzchok Kaplan,,2,25.96459,-80.18602,https://www.chabad.org/jewish-centers/118660/North-Miami-Beach/Synagogue/California-Club-Chabad,118660
USA,FL,North Miami Beach,Chabad NMB East,,Florida,Benjy Korf,Yehoshua Karp,Rochel Karp,,2,25.94012,-80.16083,https://www.chabad.org/jewish-centers/5688600/North-Miami-Beach/Chabad-NMB-East,5688600
USA,FL,North Miami Beach,Chabad of Eastern Shores,Chabad House,Florida,Benjy Korf,Eli Rosenfeld,Sara Rosenfeld,,2,25.93007,-80.13269,https://www.chabad.org/jewish-centers/306844/North-Miami-Beach/Synagogue/Chabad-of-Eastern-Shores,306844
USA,FL,North Miami Beach,Congregation Magen David,,Florida,Benjy Korf,Levi Yitzchak Biton,Sima Biton,,2,25.93248,-80.18875,https://www.chabad.org/jewish-centers/4999951/North-Miami-Beach/Congregation-Magen-David,4999951
USA,FL,North Miami Beach,Skylake Chabad,Chabad House,Florida,Benjy Korf,Rafi Rosenberg,Hindy Rosenberg; Dovi Begun; Shula Begun,,4,25.94833,-80.16028,https://www.chabad.org/jewish-centers/312423/North-Miami-Beach/Synagogue/Skylake-Chabad,312423
USA,FL,North Miami Beach,The Gan Frida,Preschool,Florida,Benjy Korf,Alexander Kaller,Chanie Kaller,,2,25.93383,-80.15562,https://www.chabad.org/jewish-centers/604076/North-Miami-Beach/Preschool/The-Gan-Frida,604076
USA,FL,North Miami Beach,United Jewish Generations,Chabad House,Florida,Benjy Korf,Menachem Smith,Devorah Leah Smith,,2,25.93036,-80.18772,https://www.chabad.org/jewish-centers/765096/North-Miami-Beach/Synagogue/United-Jewish-Generations,765096
USA,FL,North Miami Beach,Yeshivah Torah Ohr,,Florida,Benjy Korf,Immanuel Storfer,Yisroel Geisinsky,,2,25.93248,-80.18875,https://www.chabad.org/jewish-centers/2750675/North-Miami-Beach/Yeshivah-Torah-Ohr,2750675
USA,FL,North Palm Beach,Jewish Community Synagogue,Jewish Community Center,Florida,Benjy Korf,Leib Ezagui,Mushky Ezagui; Fitzy Barrocas; Tova Barrocas; Laizer Raksin; Bassie Raksin,,6,26.8247,-80.07265,https://www.chabad.org/jewish-centers/6184526/North-Palm-Beach/Synagogue/Jewish-Community-Synagogue,6184526
USA,FL,North Port,Chabad of North Port,,Florida,Benjy Korf,Srolik Sputz,,,1,27.07497,-82.2066,https://www.chabad.org/jewish-centers/7307637/North-Port/Chabad-of-North-Port,7307637
USA,FL,Oakland Park,Oakland Park Chabad,Chabad House,Florida,Benjy Korf,Sruli Mochkin,Faigy Mochkin,,2,26.15705,-80.16499,https://www.chabad.org/jewish-centers/7229313/Oakland-Park/Synagogue/Oakland-Park-Chabad,7229313
USA,FL,Orlando,Chabad at UCF,Campus Chabad House,Florida,Benjy Korf,Chaim B. Lipskier,Rivkie Lipskier,,2,28.58462,-81.20891,https://www.chabad.org/jewish-centers/436834/Orlando/Campus-Chabad-House/Chabad-at-UCF,436834
USA,FL,Orlando,Chabad of Downtown Orlando,Chabad House,Florida,Benjy Korf,Levik Dubov,Slava Dubov,,2,28.55287,-81.37553,https://www.chabad.org/jewish-centers/3612343/Orlando/Synagogue/Chabad-of-Downtown-Orlando,3612343
USA,FL,Orlando,Chabad of South Orlando,Chabad House,Florida,Benjy Korf,Yosef Konikov,Chani Konikov; Nissan Zibell,,3,28.45052,-81.48257,https://www.chabad.org/jewish-centers/118437/Orlando/Synagogue/Chabad-of-South-Orlando,118437
USA,FL,Ormond Beach,Chabad Lubavitch of Greater Daytona,Chabad House,Florida,Benjy Korf,Pinchas Ezagui,Chani Ezagui; Asher Farkash; Etty Farkash; Menachem Mendel Niasoff; Chava Niasoff; Chanoch Rosenfeld,,7,29.27412,-81.09499,https://www.chabad.org/jewish-centers/117969/Ormond-Beach/Synagogue/Chabad-Lubavitch-of-Greater-Daytona,117969
USA,FL,Oviedo,Chabad of Oviedo-Winter Springs,Chabad House,Florida,Benjy Korf,Tzvi Dubov,Fraidy Dubov,,2,28.65418,-81.205,https://www.chabad.org/jewish-centers/5749831/Oviedo/Synagogue/Chabad-of-Oviedo-Winter-Springs,5749831
USA,FL,Oxford,"Chabad Lubavitch of Ocala, The Villages and Tri County",Chabad House,Florida,Benjy Korf,Yossi Hecht,Chanie Hecht,,2,28.94617,-82.02961,https://www.chabad.org/jewish-centers/937893/Oxford/Synagogue/Chabad-Lubavitch-of-Ocala-The-Villages-and-Tri-County,937893
USA,FL,Palm Beach,Alef Preschool of Palm Beach,Preschool,Florida,Benjy Korf,Shterny Schochet,,,1,26.72084,-80.04078,https://www.chabad.org/jewish-centers/5583706/Palm-Beach/Preschool/Alef-Preschool-of-Palm-Beach,5583706
USA,FL,Palm Beach,Chabad of N Palm Beach Island,Chabad House,Florida,Benjy Korf,Zalman Levitin,Hindel Levitin; Mendy Schochet; Shterny Schochet,,4,26.70282,-80.03605,https://www.chabad.org/jewish-centers/1529462/Palm-Beach/Synagogue/Chabad-of-N-Palm-Beach-Island,1529462
USA,FL,Palm Beach Gardens,Chabad of Palm Beach Gardens,Chabad House,Florida,Benjy Korf,Dovid Vigler,Chana Vigler; Leib Krinsky; Sara Krinsky; Yisroel Uzvolk; Raizy Uzvolk,,6,26.83843,-80.13075,https://www.chabad.org/jewish-centers/384721/Palm-Beach-Gardens/Synagogue/Chabad-of-Palm-Beach-Gardens,384721
USA,FL,Palm City,Chabad Jewish Center of Martin & S. Lucie County,Chabad House,Florida,Benjy Korf,Shlomo Uminer,Daniella Uminer,,2,27.16915,-80.29115,https://www.chabad.org/jewish-centers/118284/Palm-City/Synagogue/Chabad-Jewish-Center-of-Martin-S-Lucie-County,118284
USA,FL,Palm Coast,Chabad Jewish Center of Palm Coast,Chabad House,Florida,Benjy Korf,Levi Ezagui,Tzivya Ezagui,,2,29.54895,-81.22884,https://www.chabad.org/jewish-centers/3050865/Palm-Coast/Synagogue/Chabad-Jewish-Center-of-Palm-Coast,3050865
USA,FL,Palm Harbor,Chabad of Pinellas County,Synagogue,Florida,Benjy Korf,Pinchas Adler,Mushky Adler; Yehoshua Cohen; Shayna Cohen,,4,28.0558,-82.74371,https://www.chabad.org/jewish-centers/117593/Palm-Harbor/Synagogue/Chabad-of-Pinellas-County,117593
USA,FL,Palmetto Bay,Chabad of Palmetto Bay,Chabad House,Florida,Benjy Korf,Zalman Gansburg,Chani Gansburg,,2,25.6157,-80.31915,https://www.chabad.org/jewish-centers/347421/Palmetto-Bay/Synagogue/Chabad-of-Palmetto-Bay,347421
USA,FL,Panama City Beach,Chabad of Panama City Beach,Chabad House,Florida,Benjy Korf,Mendel Havlin,Chaya Havlin,,2,30.18275,-85.80348,https://www.chabad.org/jewish-centers/4239647/Panama-City-Beach/Synagogue/Chabad-of-Panama-City-Beach,4239647
USA,FL,Panama City Beach,Mikvah Beit Yosef,Mikveh,Florida,Benjy Korf,,,,0,30.13985,-85.7488,https://www.chabad.org/jewish-centers/4629871/Panama-City-Beach/Mikveh/Mikvah-Beit-Yosef,4629871
USA,FL,Parkland,Chabad of North East Broward,Chabad House,Florida,Benjy Korf,Shuey Biston,Sarah Biston,,2,26.33204,-80.22045,https://www.chabad.org/jewish-centers/297715/Parkland/Synagogue/Chabad-of-North-East-Broward,297715
USA,FL,Parkland,Chabad of Parkland - Regional HQ for North Broward & South Palm Beach,Chabad House,Florida,Benjy Korf,Yosef Biston,Shuey Biston; Menachem Smith; Sarah Biston; Estie Gutnick; Yossi Goldblatt; Mendy Gutnick; Yechiel Biston; Zalman Abend,,9,26.33204,-80.22045,https://www.chabad.org/jewish-centers/117591/Parkland/Synagogue/Chabad-of-Parkland-Regional-HQ-for-North-Broward-South-Palm-Beach,117591
USA,FL,Parkland,Chabad of West Parkland,Chabad House,Florida,Benjy Korf,Mendy Gutnick,Estie Gutnick,,2,26.32224,-80.27801,https://www.chabad.org/jewish-centers/302934/Parkland/Synagogue/Chabad-of-West-Parkland,302934
USA,FL,Parkland,Ckids Gan Israel Florida,Overnight Camp,Florida,Benjy Korf,Levi Plotkin,Chaya Plotkin,,2,26.33204,-80.22045,https://www.chabad.org/jewish-centers/4951069/Parkland/Overnight-Camp/Ckids-Gan-Israel-Florida,4951069
USA,FL,Pembroke Pines,Chabad of Pembroke Pines,Chabad House,Florida,Benjy Korf,Mordechai Andrusier,Tzirel Andrusier; Shimon Andrusier; Liba Andrusier,,4,26.01088,-80.39423,https://www.chabad.org/jewish-centers/325854/Pembroke-Pines/Synagogue/Chabad-of-Pembroke-Pines,325854
USA,FL,Pembroke Pines,Young Israel Chabad,Synagogue,Florida,Benjy Korf,Shimon Andrusier,Liba Andrusier,,2,25.99908,-80.32822,https://www.chabad.org/jewish-centers/3011301/Pembroke-Pines/Synagogue/Young-Israel-Chabad,3011301
USA,FL,Pensacola,Pensacola Chabad Jewish Center,Chabad House,Florida,Benjy Korf,Mendel Danow,Nechama Danow,,2,30.42551,-87.20331,https://www.chabad.org/jewish-centers/4056808/Pensacola/Synagogue/Pensacola-Chabad-Jewish-Center,4056808
USA,FL,Plantation,Chabad of East Plantation,Chabad House,Florida,Benjy Korf,Aron Pink,Rochel Pink,,2,26.12434,-80.23375,https://www.chabad.org/jewish-centers/3118947/Plantation/Synagogue/Chabad-of-East-Plantation,3118947
USA,FL,Plantation,Chabad of Plantation,Chabad House,Florida,Benjy Korf,Menachem Posner,Pinchas Taylor; Yosef Junik; Levi Posner,,4,26.13489,-80.28697,https://www.chabad.org/jewish-centers/117534/Plantation/Synagogue/Chabad-of-Plantation,117534
USA,FL,Plantation,Chabad of Plantation Acres,Chabad House,Florida,Benjy Korf,Yossi Posner,Riki Posner,,2,26.1208,-80.30261,https://www.chabad.org/jewish-centers/5305261/Plantation/Synagogue/Chabad-of-Plantation-Acres,5305261
USA,FL,Plantation,Mikvah Shulamit,Mikveh,Florida,Benjy Korf,Menachem Posner,Chanie Posner,,2,26.11459,-80.25632,https://www.chabad.org/jewish-centers/405421/Plantation/Mikveh/Mikvah-Shulamit,405421
USA,FL,Pompano Beach,Chabad of Palm Aire in West Pompano Beach,Chabad House,Florida,Benjy Korf,Lipa Benjaminson,Chaya Benjaminson,,2,26.22461,-80.15905,https://www.chabad.org/jewish-centers/2018455/Pompano-Beach/Synagogue/Chabad-of-Palm-Aire-in-West-Pompano-Beach,2018455
USA,FL,Ponte Vedra,Chabad of Nocatee,Jewish Community Center,Florida,Benjy Korf,Mendel Sharfstein,Dini Sharfstein,,2,30.10959,-81.41961,https://www.chabad.org/jewish-centers/4045086/Ponte-Vedra/Synagogue/Chabad-of-Nocatee,4045086
USA,FL,Ponte Vedra Beach,Chabad at the Beaches,Chabad House,Florida,Benjy Korf,Nochum Kurinsky,Leah Kurinsky; Eli Wilansky; Esther Wilansky,,4,30.22551,-81.38427,https://www.chabad.org/jewish-centers/118653/Ponte-Vedra-Beach/Synagogue/Chabad-at-the-Beaches,118653
USA,FL,Port Orange,Chabad of Port Orange,Synagogue,Florida,Benjy Korf,Menachem Mendel Niasoff,Chava Niasoff,,2,29.10651,-81.01798,https://www.chabad.org/jewish-centers/6516255/Port-Orange/Synagogue/Chabad-of-Port-Orange,6516255
USA,FL,Punta Gorda,Chabad of Babcock Ranch - Charlotte County,,Florida,Benjy Korf,Menachem Mendel Jacobson,Malky Jacobson,,2,26.77678,-81.76889,https://www.chabad.org/jewish-centers/6531223/Punta-Gorda/Chabad-of-Babcock-Ranch-Charlotte-County,6531223
USA,FL,Punta Gorda,Chabad of Charlotte County,Chabad House,Florida,Benjy Korf,Simon Jacobson,Sheina Jacobson; Menachem Mendel Wolowik; Menachem Mendel Jacobson,,4,26.92455,-82.05327,https://www.chabad.org/jewish-centers/312032/Punta-Gorda/Synagogue/Chabad-of-Charlotte-County,312032
USA,FL,Riverview,Chabad of Brandon & South Shore,Jewish Community Center,Florida,Benjy Korf,Mendel Rubashkin,Tzippa Sara Rubashkin,,2,27.83184,-82.30133,https://www.chabad.org/jewish-centers/160742/Riverview/Synagogue/Chabad-of-Brandon-South-Shore,160742
USA,FL,Royal Palm Beach,Chabad of Royal Palm Beach,Chabad House,Florida,Benjy Korf,Nachman Zeev Schtroks,Leah Schtroks,,2,26.70301,-80.22883,https://www.chabad.org/jewish-centers/589520/Royal-Palm-Beach/Synagogue/Chabad-of-Royal-Palm-Beach,589520
USA,FL,Sarasota,Chabad Lubavitch of Sarasota & Manatee Counties,Chabad House,Florida,Benjy Korf,Chaim S. Steinmetz,Sara Steinmetz; Mendy Steinmetz; Chaya Mushka Steinmetz,,4,27.24238,-82.49802,https://www.chabad.org/jewish-centers/117602/Sarasota/Synagogue/Chabad-Lubavitch-of-Sarasota-Manatee-Counties,117602
USA,FL,Sarasota,Chabad of Downtown SRQ,Chabad House,Florida,Benjy Korf,Levi Steinmetz,Leah Steinmetz,,2,27.33949,-82.54453,https://www.chabad.org/jewish-centers/4035363/Sarasota/Synagogue/Chabad-of-Downtown-SRQ,4035363
USA,FL,Sarasota,Mikvah,Mikveh,Florida,Benjy Korf,Chaim S. Steinmetz,,,1,27.24207,-82.49938,https://www.chabad.org/jewish-centers/119142/Sarasota/Mikveh/Mikvah,119142
USA,FL,Satellite Beach,Chabad of the Space & Treasure Coasts,Chabad House,Florida,Benjy Korf,Zvi Konikov,Shulamit Konikov; Mendel Osdoba; Chaya Osdoba,,4,28.17995,-80.59178,https://www.chabad.org/jewish-centers/117603/Satellite-Beach/Synagogue/Chabad-of-the-Space-Treasure-Coasts,117603
USA,FL,Singer Island,Chabad of Singer Island - Riviera Beach,Jewish Community Center,Florida,Benjy Korf,Berel Namdar,Tzivia Namdar,,2,26.78553,-80.03691,https://www.chabad.org/jewish-centers/4037220/Singer-Island/Synagogue/Chabad-of-Singer-Island-Riviera-Beach,4037220
USA,FL,St. Augustine,Chabad-Lubavitch of S. Augustine,Chabad House,Florida,Benjy Korf,Levi Vogel,Fraidy Vogel,,2,29.83068,-81.32149,https://www.chabad.org/jewish-centers/581876/St-Augustine/Synagogue/Chabad-Lubavitch-of-S-Augustine,581876
USA,FL,St. Johns,Center for Jewish Life at Chabad of St. Johns County,Chabad House,Florida,Benjy Korf,Mendel Sharfstein,Dini Sharfstein,,2,30.1352,-81.42379,https://www.chabad.org/jewish-centers/2292274/St-Johns/Synagogue/Center-for-Jewish-Life-at-Chabad-of-St-Johns-County,2292274
USA,FL,St. Petersburg,Chabad Jewish Center,Chabad House,Florida,Benjy Korf,Alter Korf,Chaya Korf; Menachem Mendel Lebovics; Mushka Lebovics,,4,27.77809,-82.63842,https://www.chabad.org/jewish-centers/118571/St-Petersburg/Synagogue/Chabad-Jewish-Center,118571
USA,FL,Sunny Isles Beach,Chabad Lubavitch of Sunny Isles Beach,Synagogue,Florida,Benjy Korf,Yisrael Baron,Toby Baron,,2,25.93905,-80.12237,https://www.chabad.org/jewish-centers/118287/Sunny-Isles-Beach/Synagogue/Chabad-Lubavitch-of-Sunny-Isles-Beach,118287
USA,FL,Sunny Isles Beach,Chabad Russian Center of S. Florida,Russian Jewry Center,Florida,Benjy Korf,Alexander Kaller,Chanie Kaller; Chezky Altein; Chana Altein; Eitan Shilov; Sonya Shilov,,6,25.92939,-80.12929,https://www.chabad.org/jewish-centers/118594/Sunny-Isles-Beach/Synagogue/Chabad-Russian-Center-of-S-Florida,118594
USA,FL,Sunny Isles Beach,Chabad of Golden Beach,Synagogue,Florida,Benjy Korf,Chay Amar,Nechama Dina Amar; Menachem Mendel Elgrishi,,3,25.95447,-80.11974,https://www.chabad.org/jewish-centers/118290/Sunny-Isles-Beach/Synagogue/Chabad-of-Golden-Beach,118290
USA,FL,Sunrise,Beit Chabad,,Florida,Benjy Korf,Nachman Segal,,,1,26.15685,-80.25664,https://www.chabad.org/jewish-centers/440099/Sunrise/Beit-Chabad,440099
USA,FL,Sunrise,Chabad of Sunrise,Chabad House,Florida,Benjy Korf,Dov Ber Thaler,Devora Leah Thaler,,2,26.1702,-80.33874,https://www.chabad.org/jewish-centers/150715/Sunrise/Synagogue/Chabad-of-Sunrise,150715
USA,FL,Surfside,French Chabad of Florida,Chabad House,Florida,Benjy Korf,Yisroel Frankforter,Chneor Zalman Levy,,2,25.88575,-80.12288,https://www.chabad.org/jewish-centers/927742/Surfside/Synagogue/French-Chabad-of-Florida,927742
USA,FL,Surfside,Friendship Circle,Friendship Circle,Florida,Benjy Korf,Mendy Dechter,Breindil Dechter,,2,25.88508,-80.12314,https://www.chabad.org/jewish-centers/1019035/Surfside/Friendship-Circle/Friendship-Circle,1019035
USA,FL,Surfside,The Aleph Institute,Jewish Community Center,Florida,Benjy Korf,Aaron Lipskar,Menachem Katz; Shua Brook; Yossi Bryski; Sholom Mordechai Rubashkin; Peretz Mockin; Elie Estrin; Menachem Stern; Levy Pekar; Levi Yitzchak Ceitlin; Moshe Lans; Yossi Cohen; Yehoshua Rubin; Yoel Doron; Chaim Roome,,15,25.88575,-80.12288,https://www.chabad.org/jewish-centers/117883/Surfside/Synagogue/The-Aleph-Institute,117883
USA,FL,Surfside,The Shul,Jewish Community Center,Florida,Benjy Korf,Schneur Zalman Lipskar,Shlomie Katan; Shea Rubinstein; Shmuel Tevardovitz; Dovie Schochet; Shaya Farkash; Deby Farkash; David Portnow,Sholom Ber Lipskar obm,9,25.88575,-80.12288,https://www.chabad.org/jewish-centers/117604/Surfside/Synagogue/The-Shul,117604
USA,FL,Tallahassee,Chabad Lubavitch of the Panhandle - Tallahassee,Chabad House,Florida,Benjy Korf,Schneur Zalman Oirechman,Chanie Oirechman; Ari Oirechman; Rivky Oirechman,,4,30.44349,-84.31144,https://www.chabad.org/jewish-centers/118356/Tallahassee/Synagogue/Chabad-Lubavitch-of-the-Panhandle-Tallahassee,118356
USA,FL,Tamarac,Chabad Jewish Center of Tamarac,Chabad House,Florida,Benjy Korf,Kopel Silberberg,Goldy Silberberg,,2,26.22324,-80.25208,https://www.chabad.org/jewish-centers/4067544/Tamarac/Synagogue/Chabad-Jewish-Center-of-Tamarac,4067544
USA,FL,Tamarac,Chabad of Tamarac,Chabad House,Florida,Benjy Korf,Mendy Engel,Chana Engel,,2,26.22324,-80.25208,https://www.chabad.org/jewish-centers/449759/Tamarac/Synagogue/Chabad-of-Tamarac,449759
USA,FL,Tamarac,The Rohr Bais Chaya Academy & Synagogue,High School - Girls,Florida,Benjy Korf,Moshe Rabin,,,1,26.22324,-80.25208,https://www.chabad.org/jewish-centers/289988/Tamarac/High-School-Girls/The-Rohr-Bais-Chaya-Academy-Synagogue,289988
USA,FL,Tampa,Chabad Chai - South Tampa,Chabad House,Florida,Benjy Korf,Mendy Dubrowski,Nechama Dina Dubrowski,,2,27.94449,-82.49487,https://www.chabad.org/jewish-centers/577765/Tampa/Synagogue/Chabad-Chai-South-Tampa,577765
USA,FL,Tampa,Chabad Israeli Center of Tampa,,Florida,Benjy Korf,Yosef Yitzchak Alon,Chava Alon,,2,27.98704,-82.57635,https://www.chabad.org/jewish-centers/5813979/Tampa/Chabad-Israeli-Center-of-Tampa,5813979
USA,FL,Tampa,Chabad Lubavitch of Tampa Bay,Chabad House,Florida,Benjy Korf,Yossie Dubrowski,Sulha Dubrowski; Mordechai Tzvi Dubrowski; Chaim Lipszyc; Seema Lipszyc; Mordechai Tzvi Dubrowski; Levi Rivkin,,7,28.08566,-82.53406,https://www.chabad.org/jewish-centers/117605/Tampa/Synagogue/Chabad-Lubavitch-of-Tampa-Bay,117605
USA,FL,Tampa,Chabad at University of Tampa,,Florida,Benjy Korf,Levi Rivkin,,,1,27.94698,-82.47358,https://www.chabad.org/jewish-centers/7361269/Tampa/Chabad-at-University-of-Tampa,7361269
USA,FL,Tampa,Chabad at the University of South Florida,Campus Chabad House,Florida,Benjy Korf,Pinny Backman,Chava Backman; Yehuda Tanenbaum; Devo Tanenbaum,,4,28.05916,-82.39735,https://www.chabad.org/jewish-centers/1008423/Tampa/Campus-Chabad-House/Chabad-at-the-University-of-South-Florida,1008423
USA,FL,Temple Terrace,Chabad of East Tampa,Synagogue,Florida,Benjy Korf,Uriel Rivkin,Dvora Rivkin,,2,28.0671,-82.39694,https://www.chabad.org/jewish-centers/6788826/Temple-Terrace/Synagogue/Chabad-of-East-Tampa,6788826
USA,FL,Trinity,Chabad of West Pasco,Chabad House,Florida,Benjy Korf,Yossi Eber,Dina Eber,,2,28.18591,-82.63741,https://www.chabad.org/jewish-centers/371894/Trinity/Synagogue/Chabad-of-West-Pasco,371894
USA,FL,Venice,Chabad of Venice & North Port,Chabad House,Florida,Benjy Korf,Sholom Ber Schmerling,Chaya Rivka Schmerling; Yosef Buchman; Hadassa Buchman,,4,27.07093,-82.38763,https://www.chabad.org/jewish-centers/257624/Venice/Synagogue/Chabad-of-Venice-North-Port,257624
USA,FL,Vero Beach,Chabad of Vero Beach,Chabad House,Florida,Benjy Korf,Motty Rosenfeld,Raizy Rosenfeld,,2,27.67946,-80.3871,https://www.chabad.org/jewish-centers/2757063/Vero-Beach/Synagogue/Chabad-of-Vero-Beach,2757063
USA,FL,Wellington,Chabad Lubavitch of Wellington,Jewish Community Center,Florida,Benjy Korf,Mendy Muskal,Miriam Muskal; Eli Muskal; Tzipy Muskal,,4,26.66176,-80.26582,https://www.chabad.org/jewish-centers/118352/Wellington/Synagogue/Chabad-Lubavitch-of-Wellington,118352
USA,FL,Wesley Chapel,Chabad Jewish Centre at Wiregrass,Chabad House,Florida,Benjy Korf,Mendy Yarmush,Chana Yarmush; Chaya Friedman; Mendel Friedman,,4,28.18839,-82.36301,https://www.chabad.org/jewish-centers/577190/Wesley-Chapel/Synagogue/Chabad-Jewish-Centre-at-Wiregrass,577190
USA,FL,West Delray Beach,Chabad of West Delray Beach,Chabad House,Florida,Benjy Korf,Yossi Schapiro,Leah Schapiro,,2,26.4602,-80.19726,https://www.chabad.org/jewish-centers/4564217/West-Delray-Beach/Synagogue/Chabad-of-West-Delray-Beach,4564217
USA,FL,West Palm Beach,Chabad of West Palm Beach,Chabad House,Florida,Benjy Korf,Yoel Gancz,Chaya Gancz,,2,26.71023,-80.15166,https://www.chabad.org/jewish-centers/118666/West-Palm-Beach/Synagogue/Chabad-of-West-Palm-Beach,118666
USA,FL,Weston,Chabad Business District,,Florida,Benjy Korf,Mendel Spalter,Yehudis Spalter,,2,26.11986,-80.38784,https://www.chabad.org/jewish-centers/6660858/Weston/Chabad-Business-District,6660858
USA,FL,Weston,Chabad of Weston Center for Jewish Life,Jewish Community Center,Florida,Benjy Korf,Yisroel Spalter,Leah Reizel Spalter; Mendel Kesselman; Chaya Kesselman,,4,26.11087,-80.3961,https://www.chabad.org/jewish-centers/118198/Weston/Synagogue/Chabad-of-Weston-Center-for-Jewish-Life,118198
USA,FL,Winter Garden,Chabad of Winter Garden,,Florida,Benjy Korf,Mendy Konikov,,,1,28.46305,-81.46086,https://www.chabad.org/jewish-centers/6674554/Winter-Garden/Chabad-of-Winter-Garden,6674554
USA,FL,Winter Haven,Jewish Learning Center,Jewish Community Center,Florida,Benjy Korf,Moshe Lazaros,,,1,27.98902,-81.68021,https://www.chabad.org/jewish-centers/2781552/Winter-Haven/Synagogue/Jewish-Learning-Center,2781552
USA,FL,Winter Park,Chabad at Rollins College,Campus Chabad House,Florida,Benjy Korf,Shmuli Sasonkin,Chayala Sasonkin,,2,28.61663,-81.35929,https://www.chabad.org/jewish-centers/3351756/Winter-Park/Campus-Chabad-House/Chabad-at-Rollins-College,3351756
USA,GA,Alpharetta,Chabad of North Fulton,Chabad House,Georgia,Yossi New,Hirshy Minkowicz,Devora Leah Minkowicz; Gedalya Hertz; Ruthy Hertz,Rashi Minkowicz obm,5,34.02898,-84.25076,https://www.chabad.org/jewish-centers/118282/Alpharetta/Synagogue/Chabad-of-North-Fulton,118282
USA,GA,Athens,Chabad of Athens-UGA,Campus Chabad House,Georgia,Yossi New,Michoel Refson,Chana Refson,,2,33.95918,-83.38338,https://www.chabad.org/jewish-centers/307665/Athens/Campus-Chabad-House/Chabad-of-Athens-UGA,307665
USA,GA,Atlanta,CMCH Elementary,,Georgia,Yossi New,Isser New,Chaya New; Shternie Lew; Mordechai Seewald,,4,33.8958,-84.38195,https://www.chabad.org/jewish-centers/6500282/Atlanta/CMCH-Elementary,6500282
USA,GA,Atlanta,CTeen of Atlanta,Youth Center,Georgia,Yossi New,Dovid Goldshmidt,Talya Goldshmidt,,2,33.89652,-84.38152,https://www.chabad.org/jewish-centers/5541057/Atlanta/Youth-Center/CTeen-of-Atlanta,5541057
USA,GA,Atlanta,Chabad Buckhead & Brookhaven,,Georgia,Yossi New,Yisrael New,Menachem Mendel  Wuensch,,2,33.82848,-84.38302,https://www.chabad.org/jewish-centers/4858926/Atlanta/Chabad-Buckhead-Brookhaven,4858926
USA,GA,Atlanta,Chabad Intown,Chabad House,Georgia,Yossi New,Eliyahu Schusterman,Dena Schusterman; Leivy Lapidus; Rachel Lapidus,,4,33.7745,-84.3642,https://www.chabad.org/jewish-centers/118230/Atlanta/Synagogue/Chabad-Intown,118230
USA,GA,Atlanta,Chabad Israeli Center,Israeli Center,Georgia,Yossi New,Menachem Gurary,Liba Gurary; Alexander Piekarski; Esther Piekarski,,4,33.91495,-84.31525,https://www.chabad.org/jewish-centers/531722/Atlanta/Israeli-Center/Chabad-Israeli-Center,531722
USA,GA,Atlanta,Chabad Lubavitch of Georgia,Chabad House,Georgia,Yossi New,Yossi New,Ari Sollish; Aaron Karp; Isser New; Avremi Slavaticki; Bracha Slavaticki; Levi Mentz; Menachem Mendel  Jacobson; Chanina Freeman; Ilan Meyers,,10,33.89273,-84.36682,https://www.chabad.org/jewish-centers/117607/Atlanta/Synagogue/Chabad-Lubavitch-of-Georgia,117607
USA,GA,Atlanta,Chabad at Emory,Campus Chabad House,Georgia,Yossi New,Zalman Lipskier,Miriam Lipskier,,2,33.78808,-84.32913,https://www.chabad.org/jewish-centers/118608/Atlanta/Campus-Chabad-House/Chabad-at-Emory,118608
USA,GA,Atlanta,Chabad of Rural Georgia,Chabad House,Georgia,Yossi New,Chaim Markovits,Chayala Markovits,,2,33.89652,-84.38152,https://www.chabad.org/jewish-centers/4614681/Atlanta/Synagogue/Chabad-of-Rural-Georgia,4614681
USA,GA,Atlanta,Chabad of Toco Hills,Synagogue,Georgia,Yossi New,Yale New,Rickelle New,,2,33.81992,-84.31953,https://www.chabad.org/jewish-centers/3971058/Atlanta/Synagogue/Chabad-of-Toco-Hills,3971058
USA,GA,Atlanta,Friendship Circle of Atlanta,Friendship Circle,Georgia,Yossi New,Shlomo Freedman,Chanky Freedman,,2,33.89643,-84.38195,https://www.chabad.org/jewish-centers/1667008/Atlanta/Friendship-Circle/Friendship-Circle-of-Atlanta,1667008
USA,GA,Atlanta,Intown Jewish Preschool,Preschool,Georgia,Yossi New,Dena Schusterman,,,1,33.78285,-84.36772,https://www.chabad.org/jewish-centers/542450/Atlanta/Preschool/Intown-Jewish-Preschool,542450
USA,GA,Atlanta,Rohr Chabad House at Georgia Tech and Georgia State,Campus Chabad House,Georgia,Yossi New,Shlomo Sharfstein,Shifra Sharfstein,,2,33.78172,-84.40263,https://www.chabad.org/jewish-centers/1610198/Atlanta/Campus-Chabad-House/Rohr-Chabad-House-at-Georgia-Tech-and-Georgia-State,1610198
USA,GA,Atlanta,The Torah Center ATL,,Georgia,Yossi New,Ari Sollish,Leah Sollish,,2,33.8958,-84.38195,https://www.chabad.org/jewish-centers/5867802/Atlanta/The-Torah-Center-ATL,5867802
USA,GA,Augusta,Chabad of Augusta,Chabad House,Georgia,Yossi New,Zalman Fischer,Chani Fischer; Mendel Fischer; Sarah Fischer,,4,33.54298,-82.08871,https://www.chabad.org/jewish-centers/118208/Augusta/Synagogue/Chabad-of-Augusta,118208
USA,GA,Cumming,Chabad of Forsyth,Jewish Community Center,Georgia,Yossi New,Levi Mentz,Chaya Mentz; Mendel Ehrenreich; Rivkah Ehrenreich,,4,34.15045,-84.1594,https://www.chabad.org/jewish-centers/3336359/Cumming/Synagogue/Chabad-of-Forsyth,3336359
USA,GA,Decatur,Chabad Decatur,Jewish Community Center,Georgia,Yossi New,Avremi Slavaticki,Bracha Slavaticki,,2,33.77099,-84.29634,https://www.chabad.org/jewish-centers/4068219/Decatur/Synagogue/Chabad-Decatur,4068219
USA,GA,Dunwoody,Chabad of Dunwoody,Chabad House,Georgia,Yossi New,Mendy Wineberg,Sara Wineberg,,2,33.94602,-84.33224,https://www.chabad.org/jewish-centers/5540514/Dunwoody/Synagogue/Chabad-of-Dunwoody,5540514
USA,GA,Gainesville,Chabad of Hall County,Chabad House,Georgia,Yossi New,Nechemia Gurevitz,Shaina Gurevitz,,2,34.34189,-83.83915,https://www.chabad.org/jewish-centers/5274556/Gainesville/Synagogue/Chabad-of-Hall-County,5274556
USA,GA,Kennesaw,Kennesaw Chabad Jewish Center,Chabad House,Georgia,Yossi New,Zalman Charytan,Nechami Charytan,,2,34.04088,-84.58598,https://www.chabad.org/jewish-centers/527027/Kennesaw/Synagogue/Kennesaw-Chabad-Jewish-Center,527027
USA,GA,Marietta,Chabad Lubavitch of Cobb County,Chabad House,Georgia,Yossi New,Ephraim Silverman,Chani Silverman; Shmuel Wolf; Musy Wolf; Mendel New; Sara New,,6,33.96201,-84.42153,https://www.chabad.org/jewish-centers/117893/Marietta/Synagogue/Chabad-Lubavitch-of-Cobb-County,117893
USA,GA,Marietta,Chabad of Smyrna,Jewish Community Center,Georgia,Yossi New,Avrohom Zaltzman,Mushky Zaltzman,,2,33.96201,-84.42153,https://www.chabad.org/jewish-centers/4752247/Marietta/Synagogue/Chabad-of-Smyrna,4752247
USA,GA,Peachtree Corners,The Chabad Enrichment Center of Gwinnett,Chabad House,Georgia,Yossi New,Yossi Lerman,Esther Lerman; Mendel Lerman; Chana Lerman,,4,33.98519,-84.23842,https://www.chabad.org/jewish-centers/118517/Peachtree-Corners/Synagogue/The-Chabad-Enrichment-Center-of-Gwinnett,118517
USA,GA,Roswell,Chabad of Downtown Roswell,Chabad House,Georgia,Yossi New,Chaim Schwartz,Menucha Schwartz,,2,34.02682,-84.36181,https://www.chabad.org/jewish-centers/5540093/Roswell/Synagogue/Chabad-of-Downtown-Roswell,5540093
USA,GA,Savannah,Chabad of Savannah,Chabad House,Georgia,Yossi New,Zalman Refson,Zelly Refson,,2,32.05385,-81.09988,https://www.chabad.org/jewish-centers/3698295/Savannah/Synagogue/Chabad-of-Savannah,3698295
USA,GA,Tyrone,Chabad of Peachtree City,Chabad House,Georgia,Yossi New,Yossi Lew,,,1,33.45402,-84.59252,https://www.chabad.org/jewish-centers/1788196/Tyrone/Synagogue/Chabad-of-Peachtree-City,1788196
USA,HI,Hilo,Chabad of Hilo and East Side of the Big Island,Chabad House,Hawaii,Itchel Krasnjansky,Yeshaya Rotenberg,Hinda Rotenberg,,2,19.69109,-155.07718,https://www.chabad.org/jewish-centers/5784680/Hilo/Synagogue/Chabad-of-Hilo-and-East-Side-of-the-Big-Island,5784680
USA,HI,Honolulu,CYP Oahu,Young Professionals,Hawaii,Itchel Krasnjansky,,,,0,21.27505,-157.80452,https://www.chabad.org/jewish-centers/6969026/Honolulu/Young-Professionals/CYP-Oahu,6969026
USA,HI,Honolulu,Chabad of Hawaii,Chabad House,Hawaii,Itchel Krasnjansky,Itchel Krasnjansky,Pearl Krasnjansky,,2,21.28808,-157.82947,https://www.chabad.org/jewish-centers/117608/Honolulu/Synagogue/Chabad-of-Hawaii,117608
USA,HI,Honolulu,Mikvas Batsheva,Mikveh,Hawaii,Itchel Krasnjansky,Pearl Krasnjansky,,,1,21.28102,-157.78991,https://www.chabad.org/jewish-centers/1619165/Honolulu/Mikveh/Mikvas-Batsheva,1619165
USA,HI,Kailua Kona,Chabad of Kona & West Hawaii,Chabad House,Hawaii,Itchel Krasnjansky,Levi Gerlitzky,Fraida Gerlitzky,,2,19.62588,-155.96046,https://www.chabad.org/jewish-centers/1051208/Kailua-Kona/Synagogue/Chabad-of-Kona-West-Hawaii,1051208
USA,HI,Kapa'a,Chabad Kauai,Chabad House,Hawaii,Itchel Krasnjansky,Michoel Goldman,Zisel Goldman,,2,22.0604,-159.32298,https://www.chabad.org/jewish-centers/594376/Kapaa/Synagogue/Chabad-Kauai,594376
USA,HI,Kihei,Chabad of Maui,Chabad House,Hawaii,Itchel Krasnjansky,Mendy Krasnjansky,Mushka Krasnjansky,,2,20.71712,-156.46445,https://www.chabad.org/jewish-centers/1329273/Kihei/Synagogue/Chabad-of-Maui,1329273
USA,IA,Ames,Lubavitch of Ames,Campus Chabad House,Iowa,Yossi Jacobson,Leibel Jacobson,Malka Jacobson,,2,42.01857,-93.64824,https://www.chabad.org/jewish-centers/3697415/Ames/Campus-Chabad-House/Lubavitch-of-Ames,3697415
USA,IA,Bettendorf,Chabad Lubavitch of Quad Cities,Chabad House,Iowa,Yossi Jacobson,Shneur Cadaner,Chana Cadaner,,2,41.57566,-90.49762,https://www.chabad.org/jewish-centers/278539/Bettendorf/Synagogue/Chabad-Lubavitch-of-Quad-Cities,278539
USA,IA,Des Moines,Cteen Iowa,,Iowa,Yossi Jacobson,Moshe Zalman Vorovitch,,,1,41.59987,-93.68198,https://www.chabad.org/jewish-centers/7465215/Des-Moines/Cteen-Iowa,7465215
USA,IA,Des Moines,Lubavitch of Iowa,Jewish Community Center,Iowa,Yossi Jacobson,Yossi Jacobson,Moshe Zalman Vorovitch; Chaya  Vorovitch; Chana Jacobson,,4,41.59508,-93.70069,https://www.chabad.org/jewish-centers/117609/Des-Moines/Synagogue/Lubavitch-of-Iowa,117609
USA,IA,Des Moines,Talmud Torah,,Iowa,Yossi Jacobson,,,,0,41.59987,-93.68198,https://www.chabad.org/jewish-centers/602103/Des-Moines/Talmud-Torah,602103
USA,IA,Des Moines,YJP Des Moines,,Iowa,Yossi Jacobson,Moshe Zalman Vorovitch,,,1,41.59987,-93.68198,https://www.chabad.org/jewish-centers/7465212/Des-Moines/YJP-Des-Moines,7465212
USA,IA,Iowa City,Lubavitch of Iowa City,Chabad House,Iowa,Yossi Jacobson,Avrohom Blesofsky,Chaya Blesofsky,,2,41.6627,-91.5294,https://www.chabad.org/jewish-centers/118520/Iowa-City/Synagogue/Lubavitch-of-Iowa-City,118520
USA,IA,Postville,Chabad of North East Iowa,Chabad House,Iowa,Yossi Jacobson,Aron Schimmel,,,1,43.08494,-91.56878,https://www.chabad.org/jewish-centers/118635/Postville/Synagogue/Chabad-of-North-East-Iowa,118635
USA,IA,Postville,Cheder Menachem Boys School/Beis Chaya Mushka Girls School,Day School,Iowa,Yossi Jacobson,Mendel Raices,Rashi Raices; Shmuel Yitzchok Raices; Yosef Lasker,,4,43.08229,-91.56108,https://www.chabad.org/jewish-centers/3209374/Postville/Day-School/Cheder-Menachem-Boys-SchoolBeis-Chaya-Mushka-Girls-School,3209374
USA,IA,Postville,Mesivta Lubavitch Beth Shalom Postville,Yeshivah Ketanah/Mesivtah,Iowa,Yossi Jacobson,Eliyohu Benshimon,Levi Ceitlin; Shmuel Benshimon; Yaakov Koppel Zirkind,,4,43.0864,-91.57119,https://www.chabad.org/jewish-centers/3209388/Postville/Yeshivah-KetanahMesivtah/Mesivta-Lubavitch-Beth-Shalom-Postville,3209388
USA,ID,Boise,Chabad Lubavitch of Idaho,Chabad House,Idaho,Mendel Lifshitz,Mendel Lifshitz,Esther Lifshitz,,2,43.58768,-116.29468,https://www.chabad.org/jewish-centers/118662/Boise/Synagogue/Chabad-Lubavitch-of-Idaho,118662
USA,IL,Arlington Heights,Chabad Jewish Center of Arlington Heights,Chabad House,Illinois,Meir Moscowitz,Yaakov Dovid Kotlarsky,Chaya Mushka Kotlarsky,,2,42.11718,-88.00268,https://www.chabad.org/jewish-centers/4164548/Arlington-Heights/Synagogue/Chabad-Jewish-Center-of-Arlington-Heights,4164548
USA,IL,Buffalo Grove,Chabad of Lincolnshire,,Illinois,Meir Moscowitz,Mendel Katz,,,1,42.18062,-87.96957,https://www.chabad.org/jewish-centers/7244555/Buffalo-Grove/Chabad-of-Lincolnshire,7244555
USA,IL,Carbondale,Chabad of Carbondale and SIU,Campus Chabad House,Illinois,Meir Moscowitz,Mendel Scheiman,Yochi Scheiman,,2,37.71854,-89.2156,https://www.chabad.org/jewish-centers/2496485/Carbondale/Campus-Chabad-House/Chabad-of-Carbondale-and-SIU,2496485
USA,IL,Champaign,Chabad Center for Jewish Life and Living at U of Illinois at Urbana Champaign,Campus Chabad House,Illinois,Meir Moscowitz,Dovid Tiechtel,Goldie Tiechtel,,2,40.10486,-88.23625,https://www.chabad.org/jewish-centers/118600/Champaign/Campus-Chabad-House/Chabad-Center-for-Jewish-Life-and-Living-at-U-of-Illinois-at-Urbana-Champaign,118600
USA,IL,Chicago,Bucktown Wicker Park Chabad Jewish Center,Chabad House,Illinois,Meir Moscowitz,Yosef Moscowitz,Sara Moscowitz,,2,41.91089,-87.67853,https://www.chabad.org/jewish-centers/344169/Chicago/Synagogue/Bucktown-Wicker-Park-Chabad-Jewish-Center,344169
USA,IL,Chicago,Chabad Jewish Center of South Loop,Chabad House,Illinois,Meir Moscowitz,Mordechai Gershon,Mushky Gershon,,2,41.86708,-87.62313,https://www.chabad.org/jewish-centers/4127095/Chicago/Synagogue/Chabad-Jewish-Center-of-South-Loop,4127095
USA,IL,Chicago,Chabad Jewish Learning Society,Young Professionals,Illinois,Meir Moscowitz,Ari Goodman,Mindy Goodman,,2,41.88231,-87.65047,https://www.chabad.org/jewish-centers/572003/Chicago/Young-Professionals/Chabad-Jewish-Learning-Society,572003
USA,IL,Chicago,Chabad UIC & West Loop,Campus Chabad House,Illinois,Meir Moscowitz,Bentzion Shemtov,Chani Shemtov,,2,41.87199,-87.65408,https://www.chabad.org/jewish-centers/582057/Chicago/Campus-Chabad-House/Chabad-UIC-West-Loop,582057
USA,IL,Chicago,Chabad of East Lakeview,Chabad House,Illinois,Meir Moscowitz,Dovid Kotlarsky,Baruch Hertz; Chanie Hertz; Devorah Leah Kotlarsky,,4,41.93628,-87.64486,https://www.chabad.org/jewish-centers/118519/Chicago/Synagogue/Chabad-of-East-Lakeview,118519
USA,IL,Chicago,Chabad of East Rogers Park,Chabad House,Illinois,Meir Moscowitz,Yoel Wolf,Rivky Wolf,,2,42.01911,-87.70096,https://www.chabad.org/jewish-centers/2309042/Chicago/Synagogue/Chabad-of-East-Rogers-Park,2309042
USA,IL,Chicago,Chabad of Lincoln Park,Chabad House,Illinois,Meir Moscowitz,Mendy Benhiyoun,Brocha Mushka Benhiyoun,,2,41.9178,-87.65237,https://www.chabad.org/jewish-centers/1992267/Chicago/Synagogue/Chabad-of-Lincoln-Park,1992267
USA,IL,Chicago,Chabad of Lincoln Square,Chabad House,Illinois,Meir Moscowitz,Choni Hertz,Shaina Hertz,,2,41.98439,-87.67197,https://www.chabad.org/jewish-centers/6284937/Chicago/Synagogue/Chabad-of-Lincoln-Square,6284937
USA,IL,Chicago,Chabad of Norwood Park,Chabad House,Illinois,Meir Moscowitz,Mendel Perlstein,Sara Perlstein,,2,41.98498,-87.80567,https://www.chabad.org/jewish-centers/4481382/Chicago/Synagogue/Chabad-of-Norwood-Park,4481382
USA,IL,Chicago,Chabad of River North and Fulton Market,Chabad House,Illinois,Meir Moscowitz,Avraham Kagan,Chava Kagan,,2,41.89529,-87.639,https://www.chabad.org/jewish-centers/2155232/Chicago/Synagogue/Chabad-of-River-North-and-Fulton-Market,2155232
USA,IL,Chicago,Chabad of Uptown,Chabad House,Illinois,Meir Moscowitz,Levi Notik,Pessy Notik,,2,41.96879,-87.65774,https://www.chabad.org/jewish-centers/3425677/Chicago/Synagogue/Chabad-of-Uptown,3425677
USA,IL,Chicago,Chabad of the Loop and Gold Coast,Synagogue,Illinois,Meir Moscowitz,Meir Chai Benhiyoun,Rivkah Benhiyoun,,2,41.90507,-87.6303,https://www.chabad.org/jewish-centers/117611/Chicago/Synagogue/Chabad-of-the-Loop-and-Gold-Coast,117611
USA,IL,Chicago,Congregation B'nei Ruven,Synagogue,Illinois,Meir Moscowitz,Baruch Hertz,Moshe Elya Markowitz,,2,41.99726,-87.70611,https://www.chabad.org/jewish-centers/118199/Chicago/Synagogue/Congregation-Bnei-Ruven,118199
USA,IL,Chicago,F.R.E.E.,Chabad House,Illinois,Meir Moscowitz,Levi Notik,Shmuel Notik,,2,41.99725,-87.70383,https://www.chabad.org/jewish-centers/117612/Chicago/Synagogue/FREE,117612
USA,IL,Chicago,Lubavitch Chabad of Illinois,Chabad House,Illinois,Meir Moscowitz,Meir Shimon Moscowitz,Baruch Epstein; Yosef Moscowitz; Chaya Epstein,,4,42.01922,-87.70058,https://www.chabad.org/jewish-centers/117610/Chicago/Synagogue/Lubavitch-Chabad-of-Illinois,117610
USA,IL,Chicago,Lubavitch Girls High School,High School - Girls,Illinois,Meir Moscowitz,Shua Greenspan,Esther Rochel Moscowitz; Leah Rivkah Perlstein,,3,41.99726,-87.70611,https://www.chabad.org/jewish-centers/118634/Chicago/High-School-Girls/Lubavitch-Girls-High-School,118634
USA,IL,Chicago,Philip and Rebecca Esformes Cheder Lubavitch Girls,Day School,Illinois,Meir Moscowitz,Yitzchok Wolf,Moshe Wolf; Elka Wolf,,3,42.01532,-87.7002,https://www.chabad.org/jewish-centers/119645/Chicago/Day-School/Philip-and-Rebecca-Esformes-Cheder-Lubavitch-Girls,119645
USA,IL,Chicago,Rohr Chabad at the University of Chicago and Hyde Park,Campus Chabad House,Illinois,Meir Moscowitz,Yossi Brackman,Baila Brackman,,2,41.78173,-87.61912,https://www.chabad.org/jewish-centers/118418/Chicago/Campus-Chabad-House/Rohr-Chabad-at-the-University-of-Chicago-and-Hyde-Park,118418
USA,IL,Chicago,Yeshivas Ohr Eliyahu - Lubavitch Mesivta of Chicago,Yeshivah Ketanah/Mesivtah,Illinois,Meir Moscowitz,Moshe Perlstein,Sholom Ber Halberstam; Eli Nosson Silberberg; Yosef Yitzchok Cohen; Levi Stern; Shmuel Chaim Scharf; Avraham Hershkovich; Shmuel Wineberg; Sholom Dovber Scharf; Daniel Goldberg; Choni Wineberg; Ephraim Paltiel; Yosef Gurevitz,,13,42.00693,-87.69958,https://www.chabad.org/jewish-centers/118214/Chicago/Yeshivah-KetanahMesivtah/Yeshivas-Ohr-Eliyahu-Lubavitch-Mesivta-of-Chicago,118214
USA,IL,Deerfield,Chabad of Deerfield,Chabad House,Illinois,Meir Moscowitz,Chaim Schanowitz,Mina Schanowitz,,2,42.16609,-87.85174,https://www.chabad.org/jewish-centers/2344265/Deerfield/Synagogue/Chabad-of-Deerfield,2344265
USA,IL,Des Plaines,Lubavitch Chabad of Niles - F.R.E.E.,Russian Jewry Center,Illinois,Meir Moscowitz,Binyomin Scheiman,Naftoly Hershkovich; Chaim Eliezer Hershkovich,,3,42.05057,-87.85842,https://www.chabad.org/jewish-centers/117613/Des-Plaines/Synagogue/Lubavitch-Chabad-of-Niles-FREE,117613
USA,IL,Elgin,Chabad Jewish Center of Elgin,Chabad House,Illinois,Meir Moscowitz,Mendel Shemtov,Shterna Shemtov,,2,42.05974,-88.21597,https://www.chabad.org/jewish-centers/1882717/Elgin/Synagogue/Chabad-Jewish-Center-of-Elgin,1882717
USA,IL,Evanston,Tannenbaum Chabad House,Campus Chabad House,Illinois,Meir Moscowitz,Dov Hillel Klein,Mendy Weg; Ariella Weg,,3,42.05446,-87.68011,https://www.chabad.org/jewish-centers/117614/Evanston/Campus-Chabad-House/Tannenbaum-Chabad-House,117614
USA,IL,Glencoe,Chabad of Glencoe,Chabad House,Illinois,Meir Moscowitz,Sholom Ber Wolberg,Deena Wolberg,,2,42.13698,-87.77409,https://www.chabad.org/jewish-centers/4484385/Glencoe/Synagogue/Chabad-of-Glencoe,4484385
USA,IL,Glenview,Rohr Chabad Center of Glenview,Chabad House,Illinois,Meir Moscowitz,Yishaya Benjaminson,Sara Benjaminson,,2,42.06728,-87.80534,https://www.chabad.org/jewish-centers/118628/Glenview/Synagogue/Rohr-Chabad-Center-of-Glenview,118628
USA,IL,Grayslake,Chabad Jewish Center of Gurnee,Chabad House,Illinois,Meir Moscowitz,Sholom Ber Tenenbaum,Feigel Tenenbaum,,2,42.35364,-87.97674,https://www.chabad.org/jewish-centers/118488/Grayslake/Synagogue/Chabad-Jewish-Center-of-Gurnee,118488
USA,IL,Highland Park,North Suburban Lubavitch Chabad - Central Avenue Synagogue,Synagogue,Illinois,Meir Moscowitz,Yosef Schanowitz,Michla Tzipora Schanowitz; Michoel Lipskier; Chayale Lipskier,,4,42.18285,-87.80607,https://www.chabad.org/jewish-centers/117615/Highland-Park/Synagogue/North-Suburban-Lubavitch-Chabad-Central-Avenue-Synagogue,117615
USA,IL,Hinsdale,Chabad Jewish Center of Hinsdale,Chabad House,Illinois,Meir Moscowitz,Yisroel Lifshitz,Raizy Lifshitz,,2,41.8105,-87.93858,https://www.chabad.org/jewish-centers/7106260/Hinsdale/Synagogue/Chabad-Jewish-Center-of-Hinsdale,7106260
USA,IL,Lake Forest,"Chabad of Lake Forest, IL",,Illinois,Meir Moscowitz,Moshe Spalter,Sarah Spalter,,2,42.21947,-87.84112,https://www.chabad.org/jewish-centers/5633245/Lake-Forest/Chabad-of-Lake-Forest-IL,5633245
USA,IL,Lake Zurich,Chabad Lake Zurich,,Illinois,Meir Moscowitz,Shmuel Kesselman,Rivka Kesselman,,2,42.19697,-88.09341,https://www.chabad.org/jewish-centers/5992277/Lake-Zurich/Chabad-Lake-Zurich,5992277
USA,IL,Libertyville,Chabad Libertyville,,Illinois,Meir Moscowitz,Levi Krinsky,Mushka Krinsky,,2,42.28308,-87.95313,https://www.chabad.org/jewish-centers/6811559/Libertyville/Chabad-Libertyville,6811559
USA,IL,Lincolnshire,Northwest Suburban Chabad,Chabad House,Illinois,Meir Moscowitz,Shmuel Katz,Chanie Katz; Mendel Katz; Yosef Katz,,4,42.183,-87.95128,https://www.chabad.org/jewish-centers/117616/Lincolnshire/Synagogue/Northwest-Suburban-Chabad,117616
USA,IL,Lincolnwood,Chabad of Lincolnwood,,Illinois,Meir Moscowitz,Moshe Wolf,Elka Wolf,,2,42.01266,-87.7386,https://www.chabad.org/jewish-centers/6495490/Lincolnwood/Chabad-of-Lincolnwood,6495490
USA,IL,Naperville,Chabad Jewish Center of Naperville,Chabad House,Illinois,Meir Moscowitz,Mendy Goldstein,Alta Goldstein,,2,41.78225,-88.20847,https://www.chabad.org/jewish-centers/325763/Naperville/Synagogue/Chabad-Jewish-Center-of-Naperville,325763
USA,IL,Normal,Chabad at Illinois State University & Bloomington Normal,Campus Chabad House,Illinois,Meir Moscowitz,Chaim Telsner,Rochel Telsner,,2,40.50787,-88.98207,https://www.chabad.org/jewish-centers/3431548/Normal/Campus-Chabad-House/Chabad-at-Illinois-State-University-Bloomington-Normal,3431548
USA,IL,Northbrook,Lubavitch Chabad of Northbrook,Chabad House,Illinois,Meir Moscowitz,Meir Shimon Moscowitz,Miriam Moscowitz; Mendel Shmotkin; Mushka Shmotkin,,4,42.11457,-87.85766,https://www.chabad.org/jewish-centers/118576/Northbrook/Synagogue/Lubavitch-Chabad-of-Northbrook,118576
USA,IL,Northbrook,The Friendship Circle of Illinois,Friendship Circle,Illinois,Meir Moscowitz,Zelik Moscowitz,Bassie Moscowitz,,2,42.11457,-87.85766,https://www.chabad.org/jewish-centers/417955/Northbrook/Friendship-Circle/The-Friendship-Circle-of-Illinois,417955
USA,IL,Northbrook,Wellsprings Recovery Community,,Illinois,Meir Moscowitz,Dov Stein,Yaakovah Stein,,2,42.11457,-87.85766,https://www.chabad.org/jewish-centers/6676987/Northbrook/Wellsprings-Recovery-Community,6676987
USA,IL,Oak Park,Chabad Jewish Center of Oak Park,Chabad House,Illinois,Meir Moscowitz,Yitzchok Bergstein,Nechama Dina Bergstein,,2,41.88663,-87.7935,https://www.chabad.org/jewish-centers/582052/Oak-Park/Synagogue/Chabad-Jewish-Center-of-Oak-Park,582052
USA,IL,Peoria,Chabad Jewish Center,Chabad House,Illinois,Meir Moscowitz,Eli Langsam,Sarah Langsam,,2,40.77483,-89.60427,https://www.chabad.org/jewish-centers/118486/Peoria/Synagogue/Chabad-Jewish-Center,118486
USA,IL,Peoria,Jewish Bradley Chabad,Campus Chabad House,Illinois,Meir Moscowitz,Eli Langsam,Sarah Langsam,,2,40.69471,-89.61361,https://www.chabad.org/jewish-centers/678345/Peoria/Campus-Chabad-House/Jewish-Bradley-Chabad,678345
USA,IL,Riverwoods,Chabad of Riverwoods,Chabad House,Illinois,Meir Moscowitz,Sholom D. Notik,Sarale Notik,,2,42.17681,-87.88091,https://www.chabad.org/jewish-centers/2736692/Riverwoods/Synagogue/Chabad-of-Riverwoods,2736692
USA,IL,Riverwoods,F.R.E.E.,Chabad House,Illinois,Meir Moscowitz,Shmuel Notik,Ari Rendler; Chava Rendler; Sholom D. Notik,,4,42.16105,-87.88451,https://www.chabad.org/jewish-centers/280522/Riverwoods/Synagogue/FREE,280522
USA,IL,Riverwoods,Shalom Hebrew School,Hebrew School,Illinois,Meir Moscowitz,Shmuel Notik,,,1,42.16105,-87.88451,https://www.chabad.org/jewish-centers/119646/Riverwoods/Hebrew-School/Shalom-Hebrew-School,119646
USA,IL,Rockford,Chabad Jewish Community Center,Chabad House,Illinois,Meir Moscowitz,Chesky Rothman,Miri Rothman,,2,42.28159,-89.0466,https://www.chabad.org/jewish-centers/1296807/Rockford/Synagogue/Chabad-Jewish-Community-Center,1296807
USA,IL,Schaumburg,Chabad of Schaumburg,Chabad House,Illinois,Meir Moscowitz,Menachem Mendel Greenberg,Miriam Greenberg,,2,42.02,-88.07305,https://www.chabad.org/jewish-centers/6838448/Schaumburg/Synagogue/Chabad-of-Schaumburg,6838448
USA,IL,Skokie,Chabad Israeli Center,Israeli Center,Illinois,Meir Moscowitz,Menachem Slavaticki,Feige Slavaticki,,2,42.04034,-87.73326,https://www.chabad.org/jewish-centers/437054/Skokie/Israeli-Center/Chabad-Israeli-Center,437054
USA,IL,Skokie,Lubavitch Chabad of Skokie,Synagogue,Illinois,Meir Moscowitz,Yosef Posner,Yochanan Posner; Yona Posner; Zeesy Posner,,4,42.04044,-87.72998,https://www.chabad.org/jewish-centers/117617/Skokie/Synagogue/Lubavitch-Chabad-of-Skokie,117617
USA,IL,Skokie,Seymour J. Abrams Cheder Lubavitch Hebrew Day School,Day School,Illinois,Meir Moscowitz,Yitzchok Wolf,Sholom Ber Raices; Shneur Zalman Twersky; Pinchas Turk; Mayer Schanowitz; Avraham Varnai; Moshe Wolf; Mendel Moscowitz; Menachem Schechter; Elka Wolf; Shmuel Berman; Menachem Karp,,12,42.01863,-87.75817,https://www.chabad.org/jewish-centers/117618/Skokie/Day-School/Seymour-J-Abrams-Cheder-Lubavitch-Hebrew-Day-School,117618
USA,IL,Skokie,Skokie Cteen,Youth Center,Illinois,Meir Moscowitz,Yochanan Posner,Yona Posner,,2,42.04044,-87.72998,https://www.chabad.org/jewish-centers/1467290/Skokie/Youth-Center/Skokie-Cteen,1467290
USA,IL,Springfield,Lubavitch Chabad of IL - Government Affairs,,Illinois,Meir Moscowitz,Avraham Kagan,,,1,39.7854,-89.67222,https://www.chabad.org/jewish-centers/3708223/Springfield/Lubavitch-Chabad-of-IL-Government-Affairs,3708223
USA,IL,Vernon Hills,Chabad Jewish Center of Vernon Hills,Chabad House,Illinois,Meir Moscowitz,Shimmy Susskind,Rochel Susskind,,2,42.22299,-87.96937,https://www.chabad.org/jewish-centers/1024111/Vernon-Hills/Synagogue/Chabad-Jewish-Center-of-Vernon-Hills,1024111
USA,IL,Wheeling,Chabad of Wheeling,Chabad House,Illinois,Meir Moscowitz,Mendel Shmotkin,Mushky Shmotkin,,2,42.15635,-87.9332,https://www.chabad.org/jewish-centers/5678758/Wheeling/Synagogue/Chabad-of-Wheeling,5678758
USA,IL,Wilmette,Chabad of Wilmette - Center for Jewish Life and Learning,Chabad House,Illinois,Meir Moscowitz,Dovid Flinkenstein,Rivke Flinkenstein; Moshe Teldon; Esther Teldon,,4,42.06614,-87.74723,https://www.chabad.org/jewish-centers/117918/Wilmette/Synagogue/Chabad-of-Wilmette-Center-for-Jewish-Life-and-Learning,117918
USA,IN,Bloomington,Chabad House of Bloomington,Chabad House,Indiana,Avrohom Grossbaum,Yehoshua Chincholker,Zlata Chincholker; Levi Cunin; Sheina Cunin,,4,39.16874,-86.52551,https://www.chabad.org/jewish-centers/117944/Bloomington/Synagogue/Chabad-House-of-Bloomington,117944
USA,IN,Fishers,Chabad of Fishers-Noblesville,,Indiana,Avrohom Grossbaum,Uri Libersohn,,,1,39.9645,-86.02236,https://www.chabad.org/jewish-centers/7492620/Fishers/Chabad-of-Fishers-Noblesville,7492620
USA,IN,Fort Wayne,Fort Wayne Chabad Jewish Center,Chabad House,Indiana,Avrohom Grossbaum,Levi Danow,Leah Danow,,2,41.18019,-85.11707,https://www.chabad.org/jewish-centers/5153625/Fort-Wayne/Synagogue/Fort-Wayne-Chabad-Jewish-Center,5153625
USA,IN,Granger,Chabad of Greater South Bend,Chabad House,Indiana,Avrohom Grossbaum,Schneur Gansburg,Sari Gansburg,,2,41.73753,-86.18956,https://www.chabad.org/jewish-centers/3779106/Granger/Synagogue/Chabad-of-Greater-South-Bend,3779106
USA,IN,Indianapolis,Lubavitch of Indiana - Chabad Center for Jewish Life,Chabad House,Indiana,Avrohom Grossbaum,Avrohom Grossbaum,Nini Grossbaum; Dovid Grossbaum; Chana Grossbaum,,4,39.92872,-86.20771,https://www.chabad.org/jewish-centers/117619/Indianapolis/Synagogue/Lubavitch-of-Indiana-Chabad-Center-for-Jewish-Life,117619
USA,IN,Munster,Chabad Lubavitch of Northwest Indiana,Chabad House,Indiana,Avrohom Grossbaum,Eliezer Zalmanov,Chanie Zalmanov,,2,41.5606,-87.50205,https://www.chabad.org/jewish-centers/117984/Munster/Synagogue/Chabad-Lubavitch-of-Northwest-Indiana,117984
USA,IN,West Lafayette,Chabad at Purdue,Campus Chabad House,Indiana,Avrohom Grossbaum,Avrohom Gluck,Shaindy Gluck,,2,40.429,-86.90283,https://www.chabad.org/jewish-centers/2639965/West-Lafayette/Campus-Chabad-House/Chabad-at-Purdue,2639965
USA,KS,Lawrence,Chabad Center for Jewish Life Serving KU & The Northeast Kansas Communities,Campus Chabad House,Kansas-Missouri,Sholom Wineberg,Zalman Tiechtel,Nechama Dina Tiechtel,,2,38.94986,-95.2489,https://www.chabad.org/jewish-centers/371907/Lawrence/Campus-Chabad-House/Chabad-Center-for-Jewish-Life-Serving-KU-The-Northeast-Kansas-Communities,371907
USA,KS,Leawood,Chabad of Leawood,Chabad House,Kansas-Missouri,Sholom Wineberg,Schneur Perman,Esty Perman,,2,38.88566,-94.64614,https://www.chabad.org/jewish-centers/2850733/Leawood/Synagogue/Chabad-of-Leawood,2850733
USA,KS,Olathe,Chabad Olathe,Chabad House,Kansas-Missouri,Sholom Wineberg,Menachem Mendel Wenger,Sheina Wenger,,2,38.8455,-94.76761,https://www.chabad.org/jewish-centers/6497961/Olathe/Synagogue/Chabad-Olathe,6497961
USA,KS,Overland Park,C-Teen,Youth Center,Kansas-Missouri,Sholom Wineberg,Avremi Baron,Mushky Baron,,2,38.91699,-94.65986,https://www.chabad.org/jewish-centers/5116551/Overland-Park/Youth-Center/C-Teen,5116551
USA,KS,Overland Park,Chabad House Center of Kansas City,Chabad House,Kansas-Missouri,Sholom Wineberg,Sholom B. Wineberg,Mendy Wineberg,,2,38.93945,-94.65616,https://www.chabad.org/jewish-centers/117620/Overland-Park/Synagogue/Chabad-House-Center-of-Kansas-City,117620
USA,KS,Overland Park,The Friendship Circle of Kansas City,Friendship Circle,Kansas-Missouri,Sholom Wineberg,Avremi Baron,Mushky Baron,,2,38.88972,-94.64473,https://www.chabad.org/jewish-centers/6373098/Overland-Park/Friendship-Circle/The-Friendship-Circle-of-Kansas-City,6373098
USA,KS,Wichita,Chabad of Wichita & Rural Kansas,Chabad House,Kansas-Missouri,Sholom Wineberg,Shmulik Greenberg,Chaya Mushka Greenberg,,2,37.68373,-97.25352,https://www.chabad.org/jewish-centers/4108974/Wichita/Synagogue/Chabad-of-Wichita-Rural-Kansas,4108974
USA,KY,Lexington,Chabad of the Bluegrass,Campus Chabad House,Kentucky,Avrohom Litvin,Shlomo Litvin,Shoshi Litvin,,2,38.03665,-84.49814,https://www.chabad.org/jewish-centers/2922724/Lexington/Campus-Chabad-House/Chabad-of-the-Bluegrass,2922724
USA,KY,Louisville,Camp Gan Israel,Day Camp,Kentucky,Avrohom Litvin,Avrohom Litvin,Chaya Susman; Boruch Susman,,3,38.22633,-85.64427,https://www.chabad.org/jewish-centers/119428/Louisville/Day-Camp/Camp-Gan-Israel,119428
USA,KY,Louisville,Chabad of Kentucky,Chabad House,Kentucky,Avrohom Litvin,Avrohom Litvin,Goldie Litvin; Chaim Litvin; Fraidy Litvin; Shmully Litvin; Devorah Litvin; Yaakov Biggs; Sheina Biggs,,8,38.2255,-85.64593,https://www.chabad.org/jewish-centers/117621/Louisville/Synagogue/Chabad-of-Kentucky,117621
USA,KY,Louisville,Chabad of Prospect,Jewish Community Center,Kentucky,Avrohom Litvin,Boruch Susman,Chaya Susman,,2,38.25081,-85.79161,https://www.chabad.org/jewish-centers/1763771/Louisville/Synagogue/Chabad-of-Prospect,1763771
USA,KY,Louisville,Gan Torah,Preschool,Kentucky,Avrohom Litvin,Avrohom Litvin,Goldie Litvin,,2,38.23246,-85.63499,https://www.chabad.org/jewish-centers/119753/Louisville/Preschool/Gan-Torah,119753
USA,KY,Louisville,Jewish Learning Center,Jewish Community Center,Kentucky,Avrohom Litvin,Shmully Litvin,,,1,38.23246,-85.63499,https://www.chabad.org/jewish-centers/3483282/Louisville/Synagogue/Jewish-Learning-Center,3483282
USA,KY,Louisville,Louisville Jewish Day School,Day School,Kentucky,Avrohom Litvin,Boruch Susman,Goldie Litvin; Chaya Susman,,3,38.23246,-85.63499,https://www.chabad.org/jewish-centers/347769/Louisville/Day-School/Louisville-Jewish-Day-School,347769
USA,LA,Baton Rouge,Chabad of Baton Rouge,Chabad House,Louisiana,Zelig Rivkin,Peretz Kazen,Chaya Mushka Kazen,,2,30.38019,-91.19358,https://www.chabad.org/jewish-centers/2819121/Baton-Rouge/Synagogue/Chabad-of-Baton-Rouge,2819121
USA,LA,Metairie,Camp Gan Israel,Day Camp,Louisiana,Zelig Rivkin,Zalman Groner,Libby Groner,,2,30.01692,-90.2029,https://www.chabad.org/jewish-centers/536224/Metairie/Day-Camp/Camp-Gan-Israel,536224
USA,LA,Metairie,Chabad Center of Metairie,Chabad House,Louisiana,Zelig Rivkin,Yossie Nemes,Chana Nemes; Mendel Ceitlin; Chaya Mushka Ceitlin; Mendel Schechter; Zalman Groner; Libby Groner,,7,30.01616,-90.17917,https://www.chabad.org/jewish-centers/117622/Metairie/Synagogue/Chabad-Center-of-Metairie,117622
USA,LA,Metairie,Slater Torah Academy,Day School,Louisiana,Zelig Rivkin,Zelig Rivkin,Malkie Rivkin; Chana Nemes; Bluma Rivkin; Nechama Kaufmann; Yossi Chesney; Rivkie Chesney,,7,30.01692,-90.2029,https://www.chabad.org/jewish-centers/119695/Metairie/Day-School/Slater-Torah-Academy,119695
USA,LA,New Orleans,Chabad-Lubavitch of Louisiana,Chabad House,Louisiana,Zelig Rivkin,Zelig Rivkin,Bluma Rivkin; Mendel Rivkin; Malkie Rivkin; Yossi Cohen; Mushka Cohen,Dovid Kaufmann obm,7,29.94009,-90.12296,https://www.chabad.org/jewish-centers/117623/New-Orleans/Synagogue/Chabad-Lubavitch-of-Louisiana,117623
USA,LA,New Orleans,Tulane Chabad,Campus Chabad House,Louisiana,Zelig Rivkin,Yochanan Rivkin,Sarah Rivkin; Leibel Lipskier; Mushka Lipskier; Mendel Rivkin; Rivka Rivkin; Yisroel Slonim; Chaya Slonim,,8,29.94009,-90.12296,https://www.chabad.org/jewish-centers/174119/New-Orleans/Campus-Chabad-House/Tulane-Chabad,174119
USA,LA,New Orleans,Undergraduate Program at Tulane University,Campus Chabad House,Louisiana,Zelig Rivkin,Leibel Lipskier,Mushka Lipskier,,2,29.94009,-90.12296,https://www.chabad.org/jewish-centers/3517860/New-Orleans/Campus-Chabad-House/Undergraduate-Program-at-Tulane-University,3517860
USA,MA,Acton,Acton-Concord Chabad,Chabad House,Central Massachusetts,Mendel Fogelman,Yosef Polter,Shterna Polter,,2,42.48355,-71.41637,https://www.chabad.org/jewish-centers/118351/Acton/Synagogue/Acton-Concord-Chabad,118351
USA,MA,Amherst,Chabad House At Amherst,Campus Chabad House,Connecticut,Yisroel Deren,Chaim Adelman,Yocheved Rivkah Adelman; Yoseph Gottlieb; Zehava Gottlieb,,4,42.38381,-72.528,https://www.chabad.org/jewish-centers/117624/Amherst/Campus-Chabad-House/Chabad-House-At-Amherst,117624
USA,MA,Andover,Camp Gan Israel,Day Camp,Eastern Massachusetts,Chaim Prus,Zalman Borenstein,Asher Bronstein; Faigy Bronstein; Mushkie Borenstein,,4,42.67095,-71.15205,https://www.chabad.org/jewish-centers/285958/Andover/Day-Camp/Camp-Gan-Israel,285958
USA,MA,Andover,Chabad Lubavitch Jewish Center of Merrimack Valley,Chabad House,Eastern Massachusetts,Chaim Prus,Asher Bronstein,Faigy Bronstein,,2,42.6709,-71.15156,https://www.chabad.org/jewish-centers/117895/Andover/Synagogue/Chabad-Lubavitch-Jewish-Center-of-Merrimack-Valley,117895
USA,MA,Arlington,Center For Jewish Life of Arlington - Belmont,Chabad House,Eastern Massachusetts,Chaim Prus,Avi Bukiet,Luna Bukiet,,2,42.40391,-71.15073,https://www.chabad.org/jewish-centers/2502272/Arlington/Synagogue/Center-For-Jewish-Life-of-Arlington-Belmont,2502272
USA,MA,Beverly,Chabad of Beverly-Salem,Chabad House,North Shore,Yossi Lipsker,Menachem Barber,Fraidy Barber,,2,42.53859,-70.88966,https://www.chabad.org/jewish-centers/402434/Beverly/Synagogue/Chabad-of-Beverly-Salem,402434
USA,MA,Boston,Chabad House,Chabad House,Eastern Massachusetts,Chaim Prus,Shmuel Posner,Yisroel Posner,,2,42.34935,-71.09432,https://www.chabad.org/jewish-centers/118620/Boston/Synagogue/Chabad-House,118620
USA,MA,Boston,Chabad at Northeastern University,Campus Chabad House,Eastern Massachusetts,Chaim Prus,Mendy Posner,Mussy Posner,,2,42.34356,-71.08225,https://www.chabad.org/jewish-centers/2562117/Boston/Campus-Chabad-House/Chabad-at-Northeastern-University,2562117
USA,MA,Boston,Chabad of Downtown Boston,Chabad House,Eastern Massachusetts,Chaim Prus,Yosef Zaklos,Shayndel Zaklos,,2,42.34994,-71.0679,https://www.chabad.org/jewish-centers/1681669/Boston/Synagogue/Chabad-of-Downtown-Boston,1681669
USA,MA,Boston,Chabad of Eastern Massachusetts,Chabad House,Eastern Massachusetts,Chaim Prus,Chaim Prus,Nechama Prus; Shalom Ber Prus; Itty Prus,,4,42.34935,-71.09432,https://www.chabad.org/jewish-centers/1591836/Boston/Synagogue/Chabad-of-Eastern-Massachusetts,1591836
USA,MA,Brighton,Chabad Shul of Brighton,Synagogue,Eastern Massachusetts,Chaim Prus,Mendel Krinsky,Sara Leah Krinsky,,2,42.33968,-71.15534,https://www.chabad.org/jewish-centers/278349/Brighton/Synagogue/Chabad-Shul-of-Brighton,278349
USA,MA,Brighton,Shaloh House,Day School,Eastern Massachusetts,Chaim Prus,Dan Rodkin,Sara Rodkin; Shlomo Noginski,,3,42.34788,-71.15439,https://www.chabad.org/jewish-centers/117629/Brighton/Day-School/Shaloh-House,117629
USA,MA,Brookline,Chabad Israeli Center,Chabad House,Eastern Massachusetts,Chaim Prus,Shayke Lerner,,,1,42.34761,-71.12932,https://www.chabad.org/jewish-centers/118512/Brookline/Synagogue/Chabad-Israeli-Center,118512
USA,MA,Brookline,Chabad West Serving Boston University,Campus Chabad House,Eastern Massachusetts,Chaim Prus,Yisroel Posner,Zelda Posner,,2,42.33137,-71.12696,https://www.chabad.org/jewish-centers/6539621/Brookline/Campus-Chabad-House/Chabad-West-Serving-Boston-University,6539621
USA,MA,Brookline,Coolidge Corner Chabad Chai Center,Chabad House,Eastern Massachusetts,Chaim Prus,Mayshe Schwartz,Shifra Schwartz; Mendel Schwartz; Shaina Schwartz,,4,42.34034,-71.11742,https://www.chabad.org/jewish-centers/259795/Brookline/Synagogue/Coolidge-Corner-Chabad-Chai-Center,259795
USA,MA,Brookline,Lubavitch Pre-School,Preschool,Eastern Massachusetts,Chaim Prus,Esther Ciment,,,1,42.34884,-71.11138,https://www.chabad.org/jewish-centers/119717/Brookline/Preschool/Lubavitch-Pre-School,119717
USA,MA,Brookline,New England Hebrew Academy,Day School,Eastern Massachusetts,Chaim Prus,DovBer Ciment,Esther Ciment; Yaakov Ciment,Chaim Ciment obm,4,42.34872,-71.11047,https://www.chabad.org/jewish-centers/117625/Brookline/Day-School/New-England-Hebrew-Academy,117625
USA,MA,Brookline,YJP Boston,,Eastern Massachusetts,Chaim Prus,Mayshe Schwartz,,,1,42.34034,-71.11742,https://www.chabad.org/jewish-centers/7396864/Brookline/YJP-Boston,7396864
USA,MA,Cambridge,Cambridge Jewish Center of the Arts,Jewish Community Center,Eastern Massachusetts,Chaim Prus,,,,0,42.38782,-71.14118,https://www.chabad.org/jewish-centers/2786528/Cambridge/Synagogue/Cambridge-Jewish-Center-of-the-Arts,2786528
USA,MA,Cambridge,Cambridge Preschool of the Arts,Preschool,Eastern Massachusetts,Chaim Prus,Elkie Zarchi,Esther Leah Grunblatt; Mussy Altein; Chana Raskin,,4,42.38405,-71.13406,https://www.chabad.org/jewish-centers/3467276/Cambridge/Preschool/Cambridge-Preschool-of-the-Arts,3467276
USA,MA,Cambridge,Chabad House at Harvard,Campus Chabad House,Eastern Massachusetts,Chaim Prus,Hirschy Zarchi,Elkie Zarchi; Mendy Raskin; Chana Raskin; Mendel Zarchi; Rivkah Zarchi,,6,42.3696,-71.11438,https://www.chabad.org/jewish-centers/158118/Cambridge/Campus-Chabad-House/Chabad-House-at-Harvard,158118
USA,MA,Cambridge,Chabad Lubavitch of Cambridge,Chabad House,Eastern Massachusetts,Chaim Prus,Hirschy Zarchi,Elkie Zarchi,,2,42.3696,-71.11438,https://www.chabad.org/jewish-centers/118250/Cambridge/Synagogue/Chabad-Lubavitch-of-Cambridge,118250
USA,MA,Cambridge,Chabad at MIT,Campus Chabad House,Eastern Massachusetts,Chaim Prus,Hirschy Zarchi,Menachem Altein; Mussy Altein,,3,42.36395,-71.10319,https://www.chabad.org/jewish-centers/2406848/Cambridge/Campus-Chabad-House/Chabad-at-MIT,2406848
USA,MA,Cambridge,International Jewish Student Center of Boston,Campus Chabad House,Eastern Massachusetts,Chaim Prus,Hirschy Zarchi,Berel Grunblatt; Esther Leah Grunblatt,,3,42.36965,-71.07176,https://www.chabad.org/jewish-centers/2407885/Cambridge/Campus-Chabad-House/International-Jewish-Student-Center-of-Boston,2407885
USA,MA,Cambridge,YJP of Cambridge-Somerville,Young Professionals,Eastern Massachusetts,Chaim Prus,,,,0,42.3743,-71.10092,https://www.chabad.org/jewish-centers/2398513/Cambridge/Young-Professionals/YJP-of-Cambridge-Somerville,2398513
USA,MA,Canton,Chabad of Canton,Jewish Community Center,Eastern Massachusetts,Chaim Prus,Mendy Horowitz,Rivka Horowitz; Yakov Horowitz; Soshi Horowitz,,4,42.15344,-71.14679,https://www.chabad.org/jewish-centers/4881009/Canton/Synagogue/Chabad-of-Canton,4881009
USA,MA,Chestnut Hill,Chabad Lubavitch at Chestnut Hill,Chabad House,Eastern Massachusetts,Chaim Prus,Mendy Uminer,Grunie Uminer,,2,42.30311,-71.15065,https://www.chabad.org/jewish-centers/118480/Chestnut-Hill/Synagogue/Chabad-Lubavitch-at-Chestnut-Hill,118480
USA,MA,Everett,Tobin Bridge Chabad,Chabad House,North Shore,Yossi Lipsker,Yisroel Baron,Yossi Lipsker; Chaya Mushka Baron,,3,42.40414,-71.04176,https://www.chabad.org/jewish-centers/3817417/Everett/Synagogue/Tobin-Bridge-Chabad,3817417
USA,MA,Falmouth,Chabad Lubavitch of Falmouth,,Cape Cod and the Islands,Kuti Alperowitz,Mendel Alperowitz,Rochel Alperowitz,,2,41.57502,-70.62763,https://www.chabad.org/jewish-centers/6286364/Falmouth/Chabad-Lubavitch-of-Falmouth,6286364
USA,MA,Framingham,Congregation Bais Chabad,Synagogue,Central Massachusetts,Mendel Fogelman,Yakov Lazaros,Sheva Lazaros,,2,42.32915,-71.41609,https://www.chabad.org/jewish-centers/117626/Framingham/Synagogue/Congregation-Bais-Chabad,117626
USA,MA,Gloucester,Chabad of Cape Ann,Jewish Community Center,North Shore,Yossi Lipsker,Avremi Raichik,Rivky Raichik,,2,42.61185,-70.66529,https://www.chabad.org/jewish-centers/5273687/Gloucester/Synagogue/Chabad-of-Cape-Ann,5273687
USA,MA,Haverhill,Anshe Sholom Chabad of Greater Haverhill,Chabad House,Eastern Massachusetts,Chaim Prus,Zalman Borenstein,Mushkie Borenstein,,2,42.78569,-71.07962,https://www.chabad.org/jewish-centers/3792602/Haverhill/Synagogue/Anshe-Sholom-Chabad-of-Greater-Haverhill,3792602
USA,MA,Hyannis,Chabad Lubavitch of Cape Cod,Chabad House,Cape Cod and the Islands,Kuti Alperowitz,Yekusiel Alperowitz,Devorah Leah Alperowitz; Moish Kugel; Chaya Kugel,,4,41.65321,-70.3224,https://www.chabad.org/jewish-centers/118178/Hyannis/Synagogue/Chabad-Lubavitch-of-Cape-Cod,118178
USA,MA,Lenox,Chabad of Berkshire County,Chabad House,Connecticut,Yisroel Deren,Levi Volovik,Sara Volovik,,2,42.3564,-73.2869,https://www.chabad.org/jewish-centers/118604/Lenox/Synagogue/Chabad-of-Berkshire-County,118604
USA,MA,Lexington,Chabad Center of Lexington,Chabad House,Eastern Massachusetts,Chaim Prus,Alter Bukiet,Sarah Bukiet; Yisroel New; Mali New; Eli Olidort; Shaina Olidort,,6,42.46363,-71.23207,https://www.chabad.org/jewish-centers/117627/Lexington/Synagogue/Chabad-Center-of-Lexington,117627
USA,MA,Longmeadow,Lubavitch Yeshiva Academy,Day School,Connecticut,Yisroel Deren,Noach Kosofsky,Chaim Kosofsky; Yakov Wolff,Dovid Edelman obm,4,42.06011,-72.54032,https://www.chabad.org/jewish-centers/117628/Longmeadow/Day-School/Lubavitch-Yeshiva-Academy,117628
USA,MA,Mansfield,Chabad Jewish Center,Chabad House,Eastern Massachusetts,Chaim Prus,Yossi Kivman,Tzivi Kivman,,2,42.02116,-71.21527,https://www.chabad.org/jewish-centers/420876/Mansfield/Synagogue/Chabad-Jewish-Center,420876
USA,MA,Milford,Chabad House Jewish Center,Campus Chabad House,Central Massachusetts,Mendel Fogelman,Mendy Kievman,Rochy Kievman,,2,42.15072,-71.51092,https://www.chabad.org/jewish-centers/118413/Milford/Campus-Chabad-House/Chabad-House-Jewish-Center,118413
USA,MA,Nantucket,Chabad of Nantucket,,Cape Cod and the Islands,Kuti Alperowitz,Levi Alperowitz,Roza Alperowitz,,2,41.28533,-70.0988,https://www.chabad.org/jewish-centers/6525447/Nantucket/Chabad-of-Nantucket,6525447
USA,MA,Natick,Chabad Center of Natick,Chabad House,Central Massachusetts,Mendel Fogelman,Levi Fogelman,Chanie Fogelman; Levi Naki; Batya Naki,,4,42.28508,-71.39174,https://www.chabad.org/jewish-centers/117630/Natick/Synagogue/Chabad-Center-of-Natick,117630
USA,MA,Needham,Chabad Jewish Center,Chabad House,Central Massachusetts,Mendel Fogelman,Mendel Krinsky,Chanie Krinsky,,2,42.27521,-71.24983,https://www.chabad.org/jewish-centers/118370/Needham/Synagogue/Chabad-Jewish-Center,118370
USA,MA,Newton,Beth Menachem Chabad of Newton,Chabad House,Eastern Massachusetts,Chaim Prus,Shalom Ber Prus,Itty Prus; Nechama Prus; Chaim Prus,,4,42.30889,-71.20104,https://www.chabad.org/jewish-centers/1597817/Newton/Synagogue/Beth-Menachem-Chabad-of-Newton,1597817
USA,MA,Newton Centre,Chabad of Newton Centre,Chabad House,Eastern Massachusetts,Chaim Prus,Moshe Lieberman,,,1,42.33841,-71.1917,https://www.chabad.org/jewish-centers/259213/Newton-Centre/Synagogue/Chabad-of-Newton-Centre,259213
USA,MA,North Dartmouth,Chabad-Lubavitch of the South Coast,Chabad House,Eastern Massachusetts,Chaim Prus,Aaron Isaac Benjaminson,Chana Benjaminson,,2,41.6404,-70.96946,https://www.chabad.org/jewish-centers/531506/North-Dartmouth/Synagogue/Chabad-Lubavitch-of-the-South-Coast,531506
USA,MA,Northampton,Chabad-Lubavitch of Northampton,Chabad House,Connecticut,Yisroel Deren,Shmuel Kravitsky,Ariel Kravitsky,,2,42.32005,-72.62938,https://www.chabad.org/jewish-centers/1586203/Northampton/Synagogue/Chabad-Lubavitch-of-Northampton,1586203
USA,MA,Peabody,Chabad of Peabody Jewish Center,Chabad House,North Shore,Yossi Lipsker,Nechemia Schusterman,Baila Raizel Schusterman,,2,42.5493,-71.00942,https://www.chabad.org/jewish-centers/118611/Peabody/Synagogue/Chabad-of-Peabody-Jewish-Center,118611
USA,MA,Plymouth,Chabad of the South Shore,Chabad House,Eastern Massachusetts,Chaim Prus,Levi Lezell,Mushky Lezell,,2,41.95719,-70.66569,https://www.chabad.org/jewish-centers/164086/Plymouth/Synagogue/Chabad-of-the-South-Shore,164086
USA,MA,Quincy,YJP of the South Shore,,Eastern Massachusetts,Chaim Prus,Levi Lezell,Mushky Lezell,,2,42.24791,-70.97977,https://www.chabad.org/jewish-centers/6929032/Quincy/YJP-of-the-South-Shore,6929032
USA,MA,Sharon,Chabad Center of Sharon,Chabad House,Eastern Massachusetts,Chaim Prus,Chaim Wolosow,Sara Wolosow; Naftoli Minkowitz; Chanie Minkowitz,,4,42.13199,-71.17379,https://www.chabad.org/jewish-centers/117631/Sharon/Synagogue/Chabad-Center-of-Sharon,117631
USA,MA,Sharon,Friendship Circle of Sharon,Friendship Circle,Eastern Massachusetts,Chaim Prus,Naftoli Minkowitz,Chanie Minkowitz,,2,42.12547,-71.17116,https://www.chabad.org/jewish-centers/833485/Sharon/Friendship-Circle/Friendship-Circle-of-Sharon,833485
USA,MA,Shrewsbury,Chabad of Shrewsbury and UMASS Medical School,Campus Chabad House,Central Massachusetts,Mendel Fogelman,Shmuel Fogelman,Sarah Fogelman,,2,42.29525,-71.71877,https://www.chabad.org/jewish-centers/3794545/Shrewsbury/Campus-Chabad-House/Chabad-of-Shrewsbury-and-UMASS-Medical-School,3794545
USA,MA,Somerville,Cambridge Preschool of the Arts - Somerville,Preschool,Eastern Massachusetts,Chaim Prus,Elkie Zarchi,,,1,42.38117,-71.09895,https://www.chabad.org/jewish-centers/6277702/Somerville/Preschool/Cambridge-Preschool-of-the-Arts-Somerville,6277702
USA,MA,Somerville,Chabad Serving Tufts University,Campus Chabad House,Eastern Massachusetts,Chaim Prus,Tzvi H. Backman,Chanie Backman,,2,42.40839,-71.12484,https://www.chabad.org/jewish-centers/118574/Somerville/Campus-Chabad-House/Chabad-Serving-Tufts-University,118574
USA,MA,Stoughton,Shaloh House Chabad of the South Area,Chabad House,Eastern Massachusetts,Chaim Prus,Menachem M. Gurkow,Chana Gurkow; Yaakov Dovid Gordon; Rivka Gordon,,4,42.13535,-71.1406,https://www.chabad.org/jewish-centers/117632/Stoughton/Synagogue/Shaloh-House-Chabad-of-the-South-Area,117632
USA,MA,Sudbury,Chabad Center of Sudbury,Chabad House,Central Massachusetts,Mendel Fogelman,Yisroel Freeman,Shayna Freeman,,2,42.36773,-71.43717,https://www.chabad.org/jewish-centers/344906/Sudbury/Synagogue/Chabad-Center-of-Sudbury,344906
USA,MA,Swampscott,Chabad Lubavitch of the North Shore,Chabad House,North Shore,Yossi Lipsker,Yossi Lipsker,Layah Lipsker; Yisroel Baron,,3,42.4689,-70.91907,https://www.chabad.org/jewish-centers/117908/Swampscott/Synagogue/Chabad-Lubavitch-of-the-North-Shore,117908
USA,MA,Vineyard Haven,Chabad on the Vineyard,Chabad House,Cape Cod and the Islands,Kuti Alperowitz,Tzvi Alperowitz,Hadassah Alperowitz,,2,41.45043,-70.60266,https://www.chabad.org/jewish-centers/5302137/Vineyard-Haven/Synagogue/Chabad-on-the-Vineyard,5302137
USA,MA,Wakefield,Chabad of Wakefield,Jewish Community Center,North Shore,Yossi Lipsker,Sruly Brook,Devora Leah Brook,,2,42.51647,-71.05322,https://www.chabad.org/jewish-centers/6192413/Wakefield/Synagogue/Chabad-of-Wakefield,6192413
USA,MA,Waltham,Chabad House at Brandeis,Campus Chabad House,Central Massachusetts,Mendel Fogelman,Peretz Chein,Chanie Chein,,2,42.36189,-71.26367,https://www.chabad.org/jewish-centers/118490/Waltham/Campus-Chabad-House/Chabad-House-at-Brandeis,118490
USA,MA,Watertown,Chabad of Watertown,Chabad House,Eastern Massachusetts,Chaim Prus,Dovid Zaltzman,Shternie Zaltzman,,2,42.3706,-71.15954,https://www.chabad.org/jewish-centers/5105754/Watertown/Synagogue/Chabad-of-Watertown,5105754
USA,MA,Wellesley,Wellesley Weston Chabad House,Campus Chabad House,Central Massachusetts,Mendel Fogelman,Moshe Bleich,Geni Bleich; Mendy Meer; Fey Meer; Mendy Bleich; Mushka Bleich,,6,42.30642,-71.30611,https://www.chabad.org/jewish-centers/118416/Wellesley/Campus-Chabad-House/Wellesley-Weston-Chabad-House,118416
USA,MA,Westford,Chabad of Nashoba Valley,Chabad House,Central Massachusetts,Mendel Fogelman,Chaim Zalman Gurkow,Malka Gurkow,,2,42.5819,-71.41726,https://www.chabad.org/jewish-centers/118492/Westford/Synagogue/Chabad-of-Nashoba-Valley,118492
USA,MA,Williamstown,Chabad of Williamstown,Chabad House,Connecticut,Yisroel Deren,Mendel Volovik,Tzivia Volovik,,2,42.71757,-73.19104,https://www.chabad.org/jewish-centers/7003311/Williamstown/Synagogue/Chabad-of-Williamstown,7003311
USA,MA,Worcester,Bais Chana Girls High School,Day School,Central Massachusetts,Mendel Fogelman,Fogelman family,Chani Fogelman,Hershel Fogelman obm,2,42.27141,-71.82612,https://www.chabad.org/jewish-centers/119447/Worcester/Day-School/Bais-Chana-Girls-High-School,119447
USA,MA,Worcester,Chabad Lubavitch of Central Massachusetts,Chabad House,Central Massachusetts,Mendel Fogelman,Mendel Fogelman,Chani Fogelman,Hershel Fogelman obm; Rochel Fogelman obm,4,42.27184,-71.82396,https://www.chabad.org/jewish-centers/117633/Worcester/Synagogue/Chabad-Lubavitch-of-Central-Massachusetts,117633
USA,MA,Worcester,Chabad of the Boroughs,,Central Massachusetts,Mendel Fogelman,Mendel Fogelman,Chani Fogelman,,2,42.27184,-71.82396,https://www.chabad.org/jewish-centers/5694945/Worcester/Chabad-of-the-Boroughs,5694945
USA,MA,Worcester,Jewish Women's Circle,,Central Massachusetts,Mendel Fogelman,,,,0,42.27184,-71.82396,https://www.chabad.org/jewish-centers/2659971/Worcester/Jewish-Womens-Circle,2659971
USA,MA,Worcester,Mikvah Lubavitch,Mikveh,Central Massachusetts,Mendel Fogelman,,,Rochel Fogelman obm,1,42.25561,-71.85124,https://www.chabad.org/jewish-centers/119446/Worcester/Mikveh/Mikvah-Lubavitch,119446
USA,MA,Worcester,Worcester Chabad on Campus,Campus Chabad House,Central Massachusetts,Mendel Fogelman,Mendel Fogelman,Chani Fogelman,,2,42.2729,-71.82896,https://www.chabad.org/jewish-centers/1906674/Worcester/Campus-Chabad-House/Worcester-Chabad-on-Campus,1906674
USA,MD,Annapolis,Chabad of Anne Arundel County,Chabad House,Maryland,Shmuel Kaplan,Nochum Light,Hindy Light,,2,38.98708,-76.58341,https://www.chabad.org/jewish-centers/222091/Annapolis/Synagogue/Chabad-of-Anne-Arundel-County,222091
USA,MD,Baltimore,CTeen of Baltimore,Chabad House,Maryland,Shmuel Kaplan,,,,0,39.3887,-76.73273,https://www.chabad.org/jewish-centers/7402508/Baltimore/Synagogue/CTeen-of-Baltimore,7402508
USA,MD,Baltimore,Chabad Center and Lubavitch of Maryland,Chabad House,Maryland,Shmuel Kaplan,Shmuel Kaplan,Levi Raskin; Sarena Cohen; Shloimy Fuchs,Rochel Kaplan obm,5,39.37622,-76.67699,https://www.chabad.org/jewish-centers/117634/Baltimore/Synagogue/Chabad-Center-and-Lubavitch-of-Maryland,117634
USA,MD,Baltimore,Chabad Girls High School - Baltimore,,Maryland,Shmuel Kaplan,Nochum Katsenelenbogen,Chanie Katsenelenbogen,,2,39.37622,-76.67699,https://www.chabad.org/jewish-centers/6809931/Baltimore/Chabad-Girls-High-School-Baltimore,6809931
USA,MD,Baltimore,Chabad Israeli Center of Baltimore,Israeli Center,Maryland,Shmuel Kaplan,Shmuel Gurary,Chaya Gurary,,2,39.37878,-76.70835,https://www.chabad.org/jewish-centers/1379569/Baltimore/Israeli-Center/Chabad-Israeli-Center-of-Baltimore,1379569
USA,MD,Baltimore,Chabad On Call - Greater Baltimore,Social Services,Maryland,Shmuel Kaplan,Zalman Spitezki,Chanie Spitezki,,2,39.35781,-76.69793,https://www.chabad.org/jewish-centers/3393989/Baltimore/Social-Services/Chabad-On-Call-Greater-Baltimore,3393989
USA,MD,Baltimore,Chabad at Johns Hopkins Hospital,Chabad House,Maryland,Shmuel Kaplan,Zev Gopin,Chana Gopin,,2,39.29724,-76.59221,https://www.chabad.org/jewish-centers/1648946/Baltimore/Synagogue/Chabad-at-Johns-Hopkins-Hospital,1648946
USA,MD,Baltimore,Chabad of Catonsville & UMBC,Campus Chabad House,Maryland,Shmuel Kaplan,Dovid Reyder,Chani Reyder,,2,39.24402,-76.69637,https://www.chabad.org/jewish-centers/4262951/Baltimore/Campus-Chabad-House/Chabad-of-Catonsville-UMBC,4262951
USA,MD,Baltimore,Chabad of Downtown,Young Professionals,Maryland,Shmuel Kaplan,Levi Druk,Chani Druk,,2,39.28555,-76.60117,https://www.chabad.org/jewish-centers/547217/Baltimore/Young-Professionals/Chabad-of-Downtown,547217
USA,MD,Baltimore,Chabad of Johns Hopkins & Central Baltimore,Campus Chabad House,Maryland,Shmuel Kaplan,Zev Gopin,Chana Gopin,,2,39.33397,-76.61768,https://www.chabad.org/jewish-centers/118606/Baltimore/Campus-Chabad-House/Chabad-of-Johns-Hopkins-Central-Baltimore,118606
USA,MD,Baltimore,Chabad of Park Heights,Synagogue,Maryland,Shmuel Kaplan,Elchonon Lisbon,Chesky Tenenbaum; Chani Tenenbaum; Yechiel Schanowitz; Shmuel Raices; Nechama Raices,,6,39.36383,-76.69835,https://www.chabad.org/jewish-centers/119448/Baltimore/Synagogue/Chabad-of-Park-Heights,119448
USA,MD,Baltimore,Chabad of South Baltimore & University of Maryland Baltimore,Campus Chabad House,Maryland,Shmuel Kaplan,Yaakov Kaplan,Chana Kaplan,,2,39.28013,-76.61313,https://www.chabad.org/jewish-centers/4821900/Baltimore/Campus-Chabad-House/Chabad-of-South-Baltimore-University-of-Maryland-Baltimore,4821900
USA,MD,Baltimore,Cheder Chabad of Baltimore,Cheder,Maryland,Shmuel Kaplan,Elchonon Chaikin,Ephraim Sorkin; Elchonon Lisbon; Zalman Spitezki; Yechiel Schanowitz; Sholom Ber Cohen; Dovid Wilansky; Chana Raskin; Eli Solomon; Yosef Chaim Sufrin,,10,39.35358,-76.68505,https://www.chabad.org/jewish-centers/1991997/Baltimore/Cheder/Cheder-Chabad-of-Baltimore,1991997
USA,MD,Baltimore,Friendship Circle of Baltimore,Friendship Circle,Maryland,Shmuel Kaplan,Eli Solomon,Chana Solomon,,2,39.37622,-76.67699,https://www.chabad.org/jewish-centers/1235745/Baltimore/Friendship-Circle/Friendship-Circle-of-Baltimore,1235745
USA,MD,Baltimore,Jewish Senior Network,,Maryland,Shmuel Kaplan,Mendy Schapiro,Chaya Schapiro,,2,39.37622,-76.67699,https://www.chabad.org/jewish-centers/5281098/Baltimore/Jewish-Senior-Network,5281098
USA,MD,Baltimore,Jewish Uniformed Service Association of Maryland,Hospitality Center,Maryland,Shmuel Kaplan,Chesky Tenenbaum,Chani Tenenbaum,,2,39.3851,-76.68078,https://www.chabad.org/jewish-centers/2736662/Baltimore/Hospitality-Center/Jewish-Uniformed-Service-Association-of-Maryland,2736662
USA,MD,Baltimore,Mesivta Lubavitch Baltimore,Yeshivah Ketanah/Mesivtah,Maryland,Shmuel Kaplan,Zev Gopin,Mendy Kaminker; Yaakov Werner; Yehoshua Friedman; Mendel Schmukler,,5,39.37622,-76.67699,https://www.chabad.org/jewish-centers/5694978/Baltimore/Yeshivah-KetanahMesivtah/Mesivta-Lubavitch-Baltimore,5694978
USA,MD,Baltimore,Neshama,Social Services,Maryland,Shmuel Kaplan,Sholom Reindorp,Mushki Reindorp,,2,39.37622,-76.67699,https://www.chabad.org/jewish-centers/4544324/Baltimore/Social-Services/Neshama,4544324
USA,MD,Baltimore,Yeshivas Lubavitch of Baltimore,Yeshivah Gedolah,Maryland,Shmuel Kaplan,Levi Nejar,Nachum Bukiet; Moshe Slavaticki; Yosef Klyne; Nochum Levin,,5,39.3624,-76.70051,https://www.chabad.org/jewish-centers/325787/Baltimore/Yeshivah-Gedolah/Yeshivas-Lubavitch-of-Baltimore,325787
USA,MD,Bel Air,Harford Chabad,Chabad House,Maryland,Shmuel Kaplan,Kushi Schusterman,Fraida Malka Schusterman; Heschel Yarmush; Doba Yarmush,,4,39.54026,-76.35376,https://www.chabad.org/jewish-centers/1218941/Bel-Air/Synagogue/Harford-Chabad,1218941
USA,MD,Bethesda,Chabad of Bethesda,Chabad House,Maryland,Shmuel Kaplan,Sender Geisinsky,Nechama Geisinsky,,2,38.97539,-77.10806,https://www.chabad.org/jewish-centers/118382/Bethesda/Synagogue/Chabad-of-Bethesda,118382
USA,MD,Bethesda,Chabad of Cabin-Glen-Brook,Chabad House,Maryland,Shmuel Kaplan,Leibel Simpson,Devora Simpson,,2,38.95144,-77.12019,https://www.chabad.org/jewish-centers/7111285/Bethesda/Synagogue/Chabad-of-Cabin-Glen-Brook,7111285
USA,MD,Bowie,Chabad Lubavitch of Bowie Maryland,Chabad House,Maryland,Shmuel Kaplan,Eli Baron,Mushky Baron,,2,38.9476,-76.74979,https://www.chabad.org/jewish-centers/6447578/Bowie/Synagogue/Chabad-Lubavitch-of-Bowie-Maryland,6447578
USA,MD,Chester,Chabad of Kent Island,Chabad House,Maryland,Shmuel Kaplan,Menachem M Stern,Rivka Stern,,2,39.00666,-76.29221,https://www.chabad.org/jewish-centers/7269663/Chester/Synagogue/Chabad-of-Kent-Island,7269663
USA,MD,Chevy Chase,Chabad of Chevy Chase,Chabad House,Maryland,Shmuel Kaplan,Zalman Minkowitz,Mushka Minkowitz,,2,38.98836,-77.07328,https://www.chabad.org/jewish-centers/3043157/Chevy-Chase/Synagogue/Chabad-of-Chevy-Chase,3043157
USA,MD,Chevy Chase,Mercaz Menachem Chabad,Jewish Community Center,Maryland,Shmuel Kaplan,Bentzion Geisinsky,,,1,38.96328,-77.08734,https://www.chabad.org/jewish-centers/1701833/Chevy-Chase/Synagogue/Mercaz-Menachem-Chabad,1701833
USA,MD,Clarksburg,Chabad of Clarksburg-Germantown,,Maryland,Shmuel Kaplan,Yossi Kagan,Chanie Kagan,,2,39.21344,-77.26171,https://www.chabad.org/jewish-centers/7105410/Clarksburg/Chabad-of-Clarksburg-Germantown,7105410
USA,MD,Clarksville,Chabad of Clarksville,Chabad House,Maryland,Shmuel Kaplan,Yosef Chaim Sufrin,Chaya Sufrin,,2,39.20137,-76.93984,https://www.chabad.org/jewish-centers/1327970/Clarksville/Synagogue/Chabad-of-Clarksville,1327970
USA,MD,Cockeysville,Chabad Lubavitch of Hunt Valley,Chabad House,Maryland,Shmuel Kaplan,Shalom Zirkind,Nuchie Zirkind,,2,39.4577,-76.67558,https://www.chabad.org/jewish-centers/4231595/Cockeysville/Synagogue/Chabad-Lubavitch-of-Hunt-Valley,4231595
USA,MD,College Park,Bais Menachem Chabad Jewish Student Center,Campus Chabad House,Maryland,Shmuel Kaplan,Eli Backman,Nechama Backman,,2,38.9803,-76.93305,https://www.chabad.org/jewish-centers/118183/College-Park/Campus-Chabad-House/Bais-Menachem-Chabad-Jewish-Student-Center,118183
USA,MD,Columbia,Camp Gan Israel,Day Camp,Maryland,Shmuel Kaplan,Yosef Chaim Sufrin,Chaya Sufrin,,2,39.20105,-76.86254,https://www.chabad.org/jewish-centers/1680966/Columbia/Day-Camp/Camp-Gan-Israel,1680966
USA,MD,Columbia,Chabad Young Professionals Columbia,Young Professionals,Maryland,Shmuel Kaplan,Shneur Kagan,Rochel Kagan,,2,39.21487,-76.84849,https://www.chabad.org/jewish-centers/5170652/Columbia/Young-Professionals/Chabad-Young-Professionals-Columbia,5170652
USA,MD,Columbia,Lubavitch Center of Howard County,Chabad House,Maryland,Shmuel Kaplan,Hillel Baron,Chani Baron; Shneur Kagan; Rochel Kagan,,4,39.20105,-76.86254,https://www.chabad.org/jewish-centers/117635/Columbia/Synagogue/Lubavitch-Center-of-Howard-County,117635
USA,MD,Ellicott City,Chabad of Ellicott City,Chabad House,Maryland,Shmuel Kaplan,Yanky Baron,Leah Baron,,2,39.2969,-76.85089,https://www.chabad.org/jewish-centers/4578619/Ellicott-City/Synagogue/Chabad-of-Ellicott-City,4578619
USA,MD,Frederick,Chabad Lubavitch of Frederick,Chabad House,Maryland,Shmuel Kaplan,Boruch Sholom Labkowski,Frumy Labkowski,,2,39.42606,-77.40881,https://www.chabad.org/jewish-centers/768404/Frederick/Synagogue/Chabad-Lubavitch-of-Frederick,768404
USA,MD,Gaithersburg,Chabad of Upper Montgomery County,Chabad House,Maryland,Shmuel Kaplan,Sholom Raichik,Chana Raichik; Mendel Raichik; Hindy Raichik,,4,39.10982,-77.23902,https://www.chabad.org/jewish-centers/117636/Gaithersburg/Synagogue/Chabad-of-Upper-Montgomery-County,117636
USA,MD,Gaithersburg,Simcha Educational Center,Preschool,Maryland,Shmuel Kaplan,Chana Raichik,,,1,39.10263,-77.22348,https://www.chabad.org/jewish-centers/4563151/Gaithersburg/Preschool/Simcha-Educational-Center,4563151
USA,MD,Laurel,Chabad of Greater Laurel,Chabad House,Maryland,Shmuel Kaplan,Mendel Fogelman,Mushkie Fogelman,,2,39.09757,-76.85285,https://www.chabad.org/jewish-centers/3310908/Laurel/Synagogue/Chabad-of-Greater-Laurel,3310908
USA,MD,Ocean City,Chabad Lubavitch Center of Eastern Shore,Chabad House,Maryland,Shmuel Kaplan,Noam Shimon Cohen,Cohava Cohen,,2,38.44288,-75.05394,https://www.chabad.org/jewish-centers/118207/Ocean-City/Synagogue/Chabad-Lubavitch-Center-of-Eastern-Shore,118207
USA,MD,Olney,Chabad of Olney,Chabad House,Maryland,Shmuel Kaplan,Bentzy Stolik,Devorah Stolik,,2,39.14066,-77.06878,https://www.chabad.org/jewish-centers/1901483/Olney/Synagogue/Chabad-of-Olney,1901483
USA,MD,Owings Mills,Chabad of Owings Mills,Chabad House,Maryland,Shmuel Kaplan,Nochum Katsenelenbogen,Chanie Katsenelenbogen,,2,39.43466,-76.77937,https://www.chabad.org/jewish-centers/118581/Owings-Mills/Synagogue/Chabad-of-Owings-Mills,118581
USA,MD,Pasadena,Chabad of Glen Burnie and Pasadena,,Maryland,Shmuel Kaplan,Mendel Mintz,Miriam Mintz,,2,39.15329,-76.5546,https://www.chabad.org/jewish-centers/6518301/Pasadena/Chabad-of-Glen-Burnie-and-Pasadena,6518301
USA,MD,Pikesville,ARIEL Chabad,Russian Jewry Center,Maryland,Shmuel Kaplan,Velvel Belinsky,Shneor Epstein; Moussia Epstein; Shaindy Belinsky,,4,39.40338,-76.71346,https://www.chabad.org/jewish-centers/118591/Pikesville/Synagogue/ARIEL-Chabad,118591
USA,MD,Pikesville,Chabad of West Pikesville,Chabad House,Maryland,Shmuel Kaplan,Zalman Marshall,Sara Marshall,,2,39.38626,-76.70493,https://www.chabad.org/jewish-centers/6602677/Pikesville/Synagogue/Chabad-of-West-Pikesville,6602677
USA,MD,Potomac,Chabad Shul of Potomac,Chabad House,Maryland,Shmuel Kaplan,Mendel Bluming,Sarale Bluming; Sholom Bluming; Mina Bluming,,4,39.04778,-77.16154,https://www.chabad.org/jewish-centers/117637/Potomac/Synagogue/Chabad-Shul-of-Potomac,117637
USA,MD,Potomac,Chabad of Potomac Village,Chabad House,Maryland,Shmuel Kaplan,Mendel Kaplan,Chana Kaplan,,2,39.01356,-77.21664,https://www.chabad.org/jewish-centers/321642/Potomac/Synagogue/Chabad-of-Potomac-Village,321642
USA,MD,Rockville,Chabad Israeli Center of Rockville,Israeli Center,Maryland,Shmuel Kaplan,Shlomo Beitsh,Sara Beitsh; Yisroel Avtzon; Chaya Avtzon,,4,39.05819,-77.12891,https://www.chabad.org/jewish-centers/118536/Rockville/Israeli-Center/Chabad-Israeli-Center-of-Rockville,118536
USA,MD,Rockville,Chabad of Aspen Hill,Chabad House,Maryland,Shmuel Kaplan,Levi Raskin,Fraida Raskin,,2,39.07674,-77.09797,https://www.chabad.org/jewish-centers/2851386/Rockville/Synagogue/Chabad-of-Aspen-Hill,2851386
USA,MD,Rockville,Chabad of Rockville,Chabad House,Maryland,Shmuel Kaplan,Moishe Kavka,Esther Kavka,,2,39.0186,-77.11886,https://www.chabad.org/jewish-centers/1772269/Rockville/Synagogue/Chabad-of-Rockville,1772269
USA,MD,Rockville,JCrafts,,Maryland,Shmuel Kaplan,Levi Raskin,,,1,39.07674,-77.09797,https://www.chabad.org/jewish-centers/2818884/Rockville/JCrafts,2818884
USA,MD,Silver Spring,Chabad of Silver Spring,Jewish Community Center,Maryland,Shmuel Kaplan,Berel Wolvovsky,Chaya Wolvovsky,,2,39.0468,-77.01864,https://www.chabad.org/jewish-centers/262384/Silver-Spring/Synagogue/Chabad-of-Silver-Spring,262384
USA,MD,Sykesville,Chabad of Carroll County,Chabad House,Maryland,Shmuel Kaplan,Sholom Ber Cohen,Feigie Cohen,,2,39.41646,-76.96707,https://www.chabad.org/jewish-centers/2389837/Sykesville/Synagogue/Chabad-of-Carroll-County,2389837
USA,MD,Towson,Chabad-Lubavitch of Towson,Campus Chabad House,Maryland,Shmuel Kaplan,Mendy Rivkin,Sheiny Rivkin; Yisrael Matusof; Mushka Matusof; Alex Colin; Chana Colin,,6,39.39218,-76.60218,https://www.chabad.org/jewish-centers/704078/Towson/Campus-Chabad-House/Chabad-Lubavitch-of-Towson,704078
USA,MD,Towson,Young Jewish Professionals Towson,Young Professionals,Maryland,Shmuel Kaplan,Alex Colin,Chana Colin,,2,39.40974,-76.60155,https://www.chabad.org/jewish-centers/6893339/Towson/Young-Professionals/Young-Jewish-Professionals-Towson,6893339
USA,MD,White Marsh,Chabad of White Marsh,Chabad House,Maryland,Shmuel Kaplan,Tzvi Schectman,Sarah Schectman,,2,39.37385,-76.481,https://www.chabad.org/jewish-centers/5554365/White-Marsh/Synagogue/Chabad-of-White-Marsh,5554365
USA,ME,Bangor,Chabad of Bangor,Chabad House,Maine,Moshe Wilansky,Chaim Wilansky,Esther Wilansky,,2,44.81171,-68.77161,https://www.chabad.org/jewish-centers/3104100/Bangor/Synagogue/Chabad-of-Bangor,3104100
USA,ME,Brunswick,Chabad of Brunswick,Campus Chabad House,Maine,Moshe Wilansky,Shmuel Lefkowitz,Draizy Lefkowitz,,2,43.91451,-69.96633,https://www.chabad.org/jewish-centers/3858664/Brunswick/Campus-Chabad-House/Chabad-of-Brunswick,3858664
USA,ME,Portland,Chabad Lubavitch of Maine,Chabad House,Maine,Moshe Wilansky,Moshe Wilansky,Chana Wilansky; Levi Wilansky; Hindy Wilansky,,4,43.66433,-70.30165,https://www.chabad.org/jewish-centers/117638/Portland/Synagogue/Chabad-Lubavitch-of-Maine,117638
USA,MI,Ann Arbor,Chabad House of Ann Arbor,Chabad House,Michigan,Berel Shemtov,Aharon Goldstein,Zalman Zwiebel; Alter Goldstein,,3,42.27219,-83.73979,https://www.chabad.org/jewish-centers/117639/Ann-Arbor/Synagogue/Chabad-House-of-Ann-Arbor,117639
USA,MI,Auburn Hills,Chabad Jewish Center of Troy,Campus Chabad House,Michigan,Berel Shemtov,Menachem Caytak,Chana Caytak,,2,42.63344,-83.22256,https://www.chabad.org/jewish-centers/4428829/Auburn-Hills/Campus-Chabad-House/Chabad-Jewish-Center-of-Troy,4428829
USA,MI,Bloomfield Hills,Chabad Jewish Center of Bloomfield Hills,Chabad House,Michigan,Berel Shemtov,Levi Dubov,Mushky Dubov,,2,42.55517,-83.26981,https://www.chabad.org/jewish-centers/3393324/Bloomfield-Hills/Synagogue/Chabad-Jewish-Center-of-Bloomfield-Hills,3393324
USA,MI,Bloomfield Hills,Chabad-Lubavitch of Bingham Farms,Chabad House,Michigan,Berel Shemtov,Bentzion Geisinsky,Moussia Geisinsky,,2,42.53083,-83.29288,https://www.chabad.org/jewish-centers/953328/Bloomfield-Hills/Synagogue/Chabad-Lubavitch-of-Bingham-Farms,953328
USA,MI,Commerce Township,Chabad of Commerce,Jewish Community Center,Michigan,Berel Shemtov,Schneor Greenberg,Estie Greenberg,,2,42.59122,-83.49125,https://www.chabad.org/jewish-centers/118522/Commerce-Township/Synagogue/Chabad-of-Commerce,118522
USA,MI,Detroit,Chabad of Greater Downtown Detroit,Chabad House,Michigan,Berel Shemtov,Yisrael Pinson,Devorah Leah Pinson,,2,42.34867,-83.0544,https://www.chabad.org/jewish-centers/2435135/Detroit/Synagogue/Chabad-of-Greater-Downtown-Detroit,2435135
USA,MI,East Lansing,MSU Chabad,Campus Chabad House,Michigan,Berel Shemtov,Bentzion Shemtov,Simi Shemtov,,2,42.73623,-84.48319,https://www.chabad.org/jewish-centers/3829994/East-Lansing/Campus-Chabad-House/MSU-Chabad,3829994
USA,MI,Farmington Hills,Chabad House of Farmington Hills,Chabad House,Michigan,Berel Shemtov,Chaim Moshe Bergstein,,,1,42.52223,-83.33957,https://www.chabad.org/jewish-centers/117641/Farmington-Hills/Synagogue/Chabad-House-of-Farmington-Hills,117641
USA,MI,Flint,Chabad House Lubavitch of Eastern Michigan,Chabad House,Michigan,Berel Shemtov,Yisroel Weingarten,Shaina Chana Weingarten,,2,43.01607,-83.78763,https://www.chabad.org/jewish-centers/117642/Flint/Synagogue/Chabad-House-Lubavitch-of-Eastern-Michigan,117642
USA,MI,Grand Rapids,Chabad House of Western Michigan,Chabad House,Michigan,Berel Shemtov,,,,0,42.97069,-85.6051,https://www.chabad.org/jewish-centers/118632/Grand-Rapids/Synagogue/Chabad-House-of-Western-Michigan,118632
USA,MI,Kalkaska,Camp Gan Israel-Kalkaska,Overnight Camp,Michigan,Berel Shemtov,Bat-Sheva Shemtov,,,1,44.73865,-84.92953,https://www.chabad.org/jewish-centers/119457/Kalkaska/Overnight-Camp/Camp-Gan-Israel-Kalkaska,119457
USA,MI,Livonia,Chabad of Livonia,,Michigan,Berel Shemtov,Tzemach Shemtov,Devora Shemtov,,2,42.36317,-83.38722,https://www.chabad.org/jewish-centers/5288480/Livonia/Chabad-of-Livonia,5288480
USA,MI,Novi,Chabad of Novi,Chabad House,Michigan,Berel Shemtov,Avrohom Susskind,Leah Susskind,,2,42.47518,-83.44815,https://www.chabad.org/jewish-centers/393834/Novi/Synagogue/Chabad-of-Novi,393834
USA,MI,Oak Park,Beis Chabad of North Oak Park,Synagogue,Michigan,Berel Shemtov,,,,0,42.47356,-83.19969,https://www.chabad.org/jewish-centers/118564/Oak-Park/Synagogue/Beis-Chabad-of-North-Oak-Park,118564
USA,MI,Oak Park,Chabad Lubavitch of Michigan,Chabad House,Michigan,Berel Shemtov,Berel Shemtov,Rochel Sara Kagan-Engel; Yosef Y. Kesselman; Herschel Finman; Yitzchok Mann; Kasriel Shemtov; Yishai Eliefja,Moshe Zaklikofsky obm,8,42.45994,-83.18833,https://www.chabad.org/jewish-centers/117640/Oak-Park/Synagogue/Chabad-Lubavitch-of-Michigan,117640
USA,MI,Oak Park,Cheder Oholei Yosef Yitzchak Lubavitch - Boys Division,Cheder,Michigan,Berel Shemtov,Bentzion Stein,Menachem Klyne; Shimon Druk; Bentzion Geisinsky; Levi Yitzchok Gordon; Yossi Stein; Avrohom Browd; Elchonon Ruvinov,,8,42.45999,-83.18728,https://www.chabad.org/jewish-centers/160382/Oak-Park/Cheder/Cheder-Oholei-Yosef-Yitzchak-Lubavitch-Boys-Division,160382
USA,MI,Oak Park,Congregation Mishkan Israel,Synagogue,Michigan,Berel Shemtov,,,Moshe Zaklikofsky obm,1,42.45999,-83.18728,https://www.chabad.org/jewish-centers/119458/Oak-Park/Synagogue/Congregation-Mishkan-Israel,119458
USA,MI,Oak Park,Lubavitch Mikvah,Mikveh,Michigan,Berel Shemtov,,,Moshe Zaklikofsky obm,1,42.45999,-83.18728,https://www.chabad.org/jewish-centers/119459/Oak-Park/Mikveh/Lubavitch-Mikvah,119459
USA,MI,Oak Park,Lubavitch Outreach,Chabad House,Michigan,Berel Shemtov,Yitzchok Mann,Chana Mann,,2,42.4621,-83.18914,https://www.chabad.org/jewish-centers/217615/Oak-Park/Synagogue/Lubavitch-Outreach,217615
USA,MI,Oak Park,Oholei Yosef Yitzchak Lubavitch,Day School,Michigan,Berel Shemtov,Bentzion Stein,Mendel Stein,,2,42.45994,-83.18833,https://www.chabad.org/jewish-centers/117643/Oak-Park/Day-School/Oholei-Yosef-Yitzchak-Lubavitch,117643
USA,MI,Oak Park,Oholei Yosef Yitzchak Lubavitch - Mesivta,Yeshivah Ketanah/Mesivtah,Michigan,Berel Shemtov,Bentzion Stein,Mendel Shemtov; Yosef Y. Gourarie; Levi Yitzchok Gordon; Chaim Gershon Steinmetz; Mendel Scharf; Yisroel Slavaticki; Leibel Katz; Shmaya Shmotkin; Levi Kaplan; Levi Yitzchok Shemtov,,11,42.47345,-83.19786,https://www.chabad.org/jewish-centers/119721/Oak-Park/Yeshivah-KetanahMesivtah/Oholei-Yosef-Yitzchak-Lubavitch-Mesivta,119721
USA,MI,Oak Park,The Wilmos & Lillian Schwarcz Education Center - Girls Building,Cheder,Michigan,Berel Shemtov,Zalman Zwiebel,Chana Stein; Rivka Galperin; Chana Gourarie; Freida Kesselman; Kayla Polter; Chaya Fruma Stein; Devorah Leah Stein; Leah Susskind,,9,42.47814,-83.18326,https://www.chabad.org/jewish-centers/160380/Oak-Park/Cheder/The-Wilmos-Lillian-Schwarcz-Education-Center-Girls-Building,160380
USA,MI,Oak Park,Yeshivas Lubavitch,Yeshivah Gedolah,Michigan,Berel Shemtov,Mendel Shemtov,Chaim Gershon Steinmetz; Mendel Gottlieb; Yosef Y. Gourarie; Shmaya Shmotkin; Shlomo Katz; Dovid Weingrow; Shalom Greenberg,,8,42.45999,-83.18728,https://www.chabad.org/jewish-centers/118185/Oak-Park/Yeshivah-Gedolah/Yeshivas-Lubavitch,118185
USA,MI,Royal Oak,Royal Oak Chabad Jewish Center,Chabad House,Michigan,Berel Shemtov,Shoel Moshe Glitsenstein,Mushky Glitsenstein,,2,42.48719,-83.13876,https://www.chabad.org/jewish-centers/4040602/Royal-Oak/Synagogue/Royal-Oak-Chabad-Jewish-Center,4040602
USA,MI,Southfield,F.R.E.E. Russian Jewry Center,Russian Jewry Center,Michigan,Berel Shemtov,Yossi Misholovin,Tzippy Misholovin,,2,42.47419,-83.20479,https://www.chabad.org/jewish-centers/117644/Southfield/Synagogue/FREE-Russian-Jewry-Center,117644
USA,MI,Traverse City,Chabad Traverse City,,Michigan,Berel Shemtov,Laibel Shemtov,,,1,44.76172,-85.58452,https://www.chabad.org/jewish-centers/5764141/Traverse-City/Chabad-Traverse-City,5764141
USA,MI,Waterford,Chabad Jewish Center of Waterford,Chabad House,Michigan,Berel Shemtov,Berel Grossbaum,Chana Grossbaum,,2,42.61529,-83.35227,https://www.chabad.org/jewish-centers/6543662/Waterford/Synagogue/Chabad-Jewish-Center-of-Waterford,6543662
USA,MI,West Bloomfield,Chabad Torah Center of West Bloomfield,Chabad House,Michigan,Berel Shemtov,Elimelech Silberberg,,,1,42.54279,-83.35549,https://www.chabad.org/jewish-centers/117645/West-Bloomfield/Synagogue/Chabad-Torah-Center-of-West-Bloomfield,117645
USA,MI,West Bloomfield,Friendship Circle,Social Services,Michigan,Berel Shemtov,Levi Shemtov,Bassie Shemtov; Yecheskel Stein; Chaya Fruma Stein; Binyomin Greenwald; Mendel Shemtov; Shayna Shemtov; Yechiel Moscovich; Chana Moscovich; Dovid Brekan,,10,42.54481,-83.41334,https://www.chabad.org/jewish-centers/117993/West-Bloomfield/Social-Services/Friendship-Circle,117993
USA,MI,West Bloomfield,Ganeinu - Pre School,Day Camp,Michigan,Berel Shemtov,Chaya Devorah Bergstein,,,1,42.58031,-83.33192,https://www.chabad.org/jewish-centers/119943/West-Bloomfield/Day-Camp/Ganeinu-Pre-School,119943
USA,MI,West Bloomfield,Ganeinu Day Camp,Day Camp,Michigan,Berel Shemtov,Chaya Devorah Bergstein,,,1,42.58031,-83.33192,https://www.chabad.org/jewish-centers/119944/West-Bloomfield/Day-Camp/Ganeinu-Day-Camp,119944
USA,MI,West Bloomfield,Michigan Jewish Institute,Vocational School,Michigan,Berel Shemtov,Kasriel Shemtov,,,1,42.54349,-83.41366,https://www.chabad.org/jewish-centers/117989/West-Bloomfield/Vocational-School/Michigan-Jewish-Institute,117989
USA,MI,West Bloomfield,The Friendship House,Social Services,Michigan,Berel Shemtov,Binyomin Greenwald,,,1,42.54153,-83.4143,https://www.chabad.org/jewish-centers/792116/West-Bloomfield/Social-Services/The-Friendship-House,792116
USA,MI,West Bloomfield,The Shul - Jack & Miriam Shenkman Building,Chabad House,Michigan,Berel Shemtov,Kasriel Shemtov,Yehuda Mann; Itty Shemtov; Yishai Eliefja; Rochel Leah Eliefja; Zelig Shemtov; Chanie Shemtov,,7,42.54288,-83.41397,https://www.chabad.org/jewish-centers/118292/West-Bloomfield/Synagogue/The-Shul-Jack-Miriam-Shenkman-Building,118292
USA,MN,Duluth,"Chabad of Duluth, MN",Chabad House,Upper Midwest,Moshe Feller,Mendy Ross,Tirtza Ross,,2,46.82118,-92.06164,https://www.chabad.org/jewish-centers/118380/Duluth/Synagogue/Chabad-of-Duluth-MN,118380
USA,MN,Eden Prairie,Chabad of Eden Prairie,,Upper Midwest,Moshe Feller,Schneur Matusof,Sheina Matusof,,2,44.85469,-93.47079,https://www.chabad.org/jewish-centers/7417922/Eden-Prairie/Chabad-of-Eden-Prairie,7417922
USA,MN,Hopkins,It's Good To Know,Adult Education,Upper Midwest,Moshe Feller,Manis Friedman,,,1,44.94955,-93.41933,https://www.chabad.org/jewish-centers/684361/Hopkins/Adult-Education/Its-Good-To-Know,684361
USA,MN,Mendota Heights,Chabad of Greater St. Paul,Chabad House,Upper Midwest,Moshe Feller,Shneur Zalman Bendet,Nechama Bendet,,2,44.89732,-93.10271,https://www.chabad.org/jewish-centers/1560476/Mendota-Heights/Synagogue/Chabad-of-Greater-St-Paul,1560476
USA,MN,Minneapolis,Chabad U of M - The Rohr Center for Jewish Student Life,Campus Chabad House,Upper Midwest,Moshe Feller,Yitzi Steiner,Chavi Steiner,,2,44.98104,-93.23959,https://www.chabad.org/jewish-centers/1096297/Minneapolis/Campus-Chabad-House/Chabad-U-of-M-The-Rohr-Center-for-Jewish-Student-Life,1096297
USA,MN,Minneapolis,Chabad Young Professionals Uptown Minneapolis,Young Professionals,Upper Midwest,Moshe Feller,Sholom Brook,Mushky Brook,,2,44.94798,-93.29358,https://www.chabad.org/jewish-centers/3368473/Minneapolis/Young-Professionals/Chabad-Young-Professionals-Uptown-Minneapolis,3368473
USA,MN,Minnetonka,Chabad Lubavitch of Minneapolis,Chabad House,Upper Midwest,Moshe Feller,Mordechai Grossbaum,Rivka Grossbaum; Shmuel Silberstein; Rochi Silberstein,,4,44.95996,-93.41995,https://www.chabad.org/jewish-centers/118224/Minnetonka/Synagogue/Chabad-Lubavitch-of-Minneapolis,118224
USA,MN,Plymouth,Chabad of Maple Grove,Chabad House,Upper Midwest,Moshe Feller,Nissi Naparstek,Mushka Naparstek,,2,45.03965,-93.41724,https://www.chabad.org/jewish-centers/5316650/Plymouth/Synagogue/Chabad-of-Maple-Grove,5316650
USA,MN,Rochester,Chabad Lubavitch of Southern Minnesota,Chabad House,Upper Midwest,Moshe Feller,Dovid Greene,Chanie Greene; Shloime Greene; Chana Greene,,4,44.02128,-92.47451,https://www.chabad.org/jewish-centers/117646/Rochester/Synagogue/Chabad-Lubavitch-of-Southern-Minnesota,117646
USA,MN,Rochester,The Gan Rochester Preschool,Preschool,Upper Midwest,Moshe Feller,Chana Greene,,,1,44.01587,-92.48818,https://www.chabad.org/jewish-centers/6150594/Rochester/Preschool/The-Gan-Rochester-Preschool,6150594
USA,MN,S. Paul,Chabad Lubavitch Jewish Educational Center,Day School,Upper Midwest,Moshe Feller,Yossi Bendet,Shlomo Bendet; Chavie Bendet; Shneur Zalman Bendet; Mushky Bendet,,5,44.91227,-93.17668,https://www.chabad.org/jewish-centers/117536/S-Paul/Day-School/Chabad-Lubavitch-Jewish-Educational-Center,117536
USA,MN,S. Paul,Chabad Oneg Shabbos V'Yomtov,Social Services,Upper Midwest,Moshe Feller,Yosaif Grossbaum,,,1,44.90779,-93.18172,https://www.chabad.org/jewish-centers/119759/S-Paul/Social-Services/Chabad-Oneg-Shabbos-VYomtov,119759
USA,MN,S. Paul,Chabad of Macalester-Groveland,Campus Chabad House,Upper Midwest,Moshe Feller,Tzemach Feller,Chaya Mushka Feller,,2,44.98491,-93.29055,https://www.chabad.org/jewish-centers/5228285/S-Paul/Campus-Chabad-House/Chabad-of-Macalester-Groveland,5228285
USA,MN,S. Paul,Chabad-Lubavitch Mikvah Information,Educational Resource Center,Upper Midwest,Moshe Feller,Gershon Grossbaum,Nechama Dina Feller,,2,44.91323,-93.17692,https://www.chabad.org/jewish-centers/117988/S-Paul/Educational-Resource-Center/Chabad-Lubavitch-Mikvah-Information,117988
USA,MN,St. Louis Park,Chabad of S. Louis Park,Chabad House,Upper Midwest,Moshe Feller,Yosef Y. Shagalow,Yehuda Shurpin,,2,44.93607,-93.33376,https://www.chabad.org/jewish-centers/118314/St-Louis-Park/Synagogue/Chabad-of-S-Louis-Park,118314
USA,MN,West S. Paul,Chabad Lubavitch Education,Chabad House,Upper Midwest,Moshe Feller,Menachem Mendel Feller,Nechama Dina Feller,,2,44.88571,-93.09658,https://www.chabad.org/jewish-centers/118506/West-S-Paul/Synagogue/Chabad-Lubavitch-Education,118506
USA,MN,West S. Paul,Upper Midwest Merkos - Lubavitch House,Chabad House,Upper Midwest,Moshe Feller,Moshe Feller,Gershon Grossbaum; Asher Zeilingold; Mayer Rubinfeld; Menachem Mendel Feller; Yonah Goldberg; Menachem Piekarski,,7,44.89012,-93.10168,https://www.chabad.org/jewish-centers/117647/West-S-Paul/Synagogue/Upper-Midwest-Merkos-Lubavitch-House,117647
USA,MO,Chesterfield,Chabad of Chesterfield,Chabad House,Kansas-Missouri,Sholom Wineberg,Avi Rubenfeld,Chana'la Rubenfeld,,2,38.65156,-90.55077,https://www.chabad.org/jewish-centers/169299/Chesterfield/Synagogue/Chabad-of-Chesterfield,169299
USA,MO,Columbia,Chabad at MU,Campus Chabad House,Kansas-Missouri,Sholom Wineberg,Avraham Lapine,Channy Lapine,,2,38.93927,-92.33473,https://www.chabad.org/jewish-centers/1686459/Columbia/Campus-Chabad-House/Chabad-at-MU,1686459
USA,MO,Kansas City,Chabad-Lubavitch of Midtown & Downtown Kansas City,Chabad House,Kansas-Missouri,Sholom Wineberg,Yitzchak Itkin,Chanale Itkin,,2,39.04142,-94.59237,https://www.chabad.org/jewish-centers/767767/Kansas-City/Synagogue/Chabad-Lubavitch-of-Midtown-Downtown-Kansas-City,767767
USA,MO,Kirkwood,Chabad Jewish Center of Kirkwood,,Kansas-Missouri,Sholom Wineberg,Levi Kesselman,Devora Leah Kesselman,,2,38.55042,-90.39411,https://www.chabad.org/jewish-centers/7285365/Kirkwood/Chabad-Jewish-Center-of-Kirkwood,7285365
USA,MO,St. Charles,Chabad Jewish Center of St. Charles County,Jewish Community Center,Kansas-Missouri,Sholom Wineberg,Chaim A. Landa,Bassy Landa,,2,38.78071,-90.48199,https://www.chabad.org/jewish-centers/4486990/St-Charles/Synagogue/Chabad-Jewish-Center-of-St-Charles-County,4486990
USA,MO,St. Louis,Chabad of Greater St. Louis Regional Headquarters,Jewish Community Center,Kansas-Missouri,Sholom Wineberg,Chaim A. Landa,Yosef Landa; Shiffy Landa; Levi Kesselman,,4,38.66,-90.34785,https://www.chabad.org/jewish-centers/117648/St-Louis/Synagogue/Chabad-of-Greater-St-Louis-Regional-Headquarters,117648
USA,MO,St. Louis,Chabad of the Central West End,Chabad House,Kansas-Missouri,Sholom Wineberg,,,,0,38.64746,-90.25731,https://www.chabad.org/jewish-centers/4101503/St-Louis/Synagogue/Chabad-of-the-Central-West-End,4101503
USA,MO,St. Louis,Chabad on Campus serving Washington U. in St. Louis,Campus Chabad House,Kansas-Missouri,Sholom Wineberg,Hershey Novack,Chana Rochel Novack; Tzemach Cohen; Mushka Cohen,,4,38.64718,-90.31673,https://www.chabad.org/jewish-centers/118539/St-Louis/Campus-Chabad-House/Chabad-on-Campus-serving-Washington-U-in-St-Louis,118539
USA,MO,St. Louis,JGrads,Campus Chabad House,Kansas-Missouri,Sholom Wineberg,Yankel Oster,Chana Oster,,2,38.64735,-90.32071,https://www.chabad.org/jewish-centers/6184697/St-Louis/Campus-Chabad-House/JGrads,6184697
USA,MS,Gulfport,Congregation Beth Israel,Synagogue,Louisiana,Zelig Rivkin,Akiva Hall,Hannah Hall,,2,30.46455,-89.07012,https://www.chabad.org/jewish-centers/2637896/Gulfport/Synagogue/Congregation-Beth-Israel,2637896
USA,MT,Billings,Chabad Lubavitch of Billings,Chabad House,Montana,Chaim Bruk,Shaul Shkedi,Mushky Shkedi,,2,45.81109,-108.47937,https://www.chabad.org/jewish-centers/5384373/Billings/Synagogue/Chabad-Lubavitch-of-Billings,5384373
USA,MT,Bozeman,Chabad-Lubavitch of Montana,Jewish Community Center,Montana,Chaim Bruk,Chaim Bruk,Chavie Bruk; Mendel Backman; Brocha Backman; Sholom Ceitlin; Chaya Mushka Ceitlin,,6,45.6714,-111.0133,https://www.chabad.org/jewish-centers/486805/Bozeman/Synagogue/Chabad-Lubavitch-of-Montana,486805
USA,MT,Bozeman,Mikvah Mei Menachem,Mikveh,Montana,Chaim Bruk,Chavie Bruk,,,1,45.6735,-110.97092,https://www.chabad.org/jewish-centers/888933/Bozeman/Mikveh/Mikvah-Mei-Menachem,888933
USA,MT,Great Falls,Chabad Lubavitch of Great Falls,Chabad House,Montana,Chaim Bruk,Mendel Spiero,,,1,47.45818,-111.31776,https://www.chabad.org/jewish-centers/7117900/Great-Falls/Synagogue/Chabad-Lubavitch-of-Great-Falls,7117900
USA,MT,Kalispell,Chabad Lubavitch of Flathead Valley,Chabad House,Montana,Chaim Bruk,Shneur Wolf,Chana Wolf,,2,48.23643,-114.31551,https://www.chabad.org/jewish-centers/3995931/Kalispell/Synagogue/Chabad-Lubavitch-of-Flathead-Valley,3995931
USA,MT,Missoula,Chabad Lubavitch of Missoula,Chabad House,Montana,Chaim Bruk,Chezky Vogel,Rochi Vogel,,2,46.84856,-114.03177,https://www.chabad.org/jewish-centers/2502139/Missoula/Synagogue/Chabad-Lubavitch-of-Missoula,2502139
USA,NC,Asheville,Chabad-Lubavitch of Western North Carolina,Chabad House,The Carolinas,Yossi Groner,Shaya Susskind,Chana Susskind,,2,35.57978,-82.55388,https://www.chabad.org/jewish-centers/392029/Asheville/Synagogue/Chabad-Lubavitch-of-Western-North-Carolina,392029
USA,NC,Chapel Hill,Chabad of Durham / Chapel Hill,Chabad House,The Carolinas,Yossi Groner,Zalman Bluming,Yehudis Bluming; Menachem Mendel Bluming; Mushka Bluming,,4,35.91009,-79.05829,https://www.chabad.org/jewish-centers/118525/Chapel-Hill/Synagogue/Chabad-of-Durham-Chapel-Hill,118525
USA,NC,Charlotte,Ballantyne Jewish Center,Chabad House,The Carolinas,Yossi Groner,Yisroel Levin,Leah Levin,,2,35.04762,-80.8171,https://www.chabad.org/jewish-centers/661035/Charlotte/Synagogue/Ballantyne-Jewish-Center,661035
USA,NC,Charlotte,Chabad Center for Jewish Life,Chabad House,The Carolinas,Yossi Groner,Yossi Groner,Mariashi Groner; Shlomo Cohen; Yehuda Weiss; Menachem Vorst; Rochel Vorst; Chana Weiss; Yiska Cohen; Levi Shemtov; Shterni Shemtov; Levi Cohen; Bluma Cohen,,12,35.15092,-80.77219,https://www.chabad.org/jewish-centers/117649/Charlotte/Synagogue/Chabad-Center-for-Jewish-Life,117649
USA,NC,Charlotte,Chabad Israeli Center of Charlotte,,The Carolinas,Yossi Groner,Sholom Ber Pevzner,Mushka Pevzner,,2,35.22708,-80.84089,https://www.chabad.org/jewish-centers/6782748/Charlotte/Chabad-Israeli-Center-of-Charlotte,6782748
USA,NC,Charlotte,The Uptown Chabad,Young Professionals,The Carolinas,Yossi Groner,Motti Groner,Chaya Groner,,2,35.22945,-80.8595,https://www.chabad.org/jewish-centers/3201321/Charlotte/Young-Professionals/The-Uptown-Chabad,3201321
USA,NC,Cornelius,Chabad of Lake Norman,Chabad House,The Carolinas,Yossi Groner,Chaim Greenberg,Chaya Greenberg,,2,35.47957,-80.88824,https://www.chabad.org/jewish-centers/3932955/Cornelius/Synagogue/Chabad-of-Lake-Norman,3932955
USA,NC,Elon,Chabad at Elon University,Campus Chabad House,The Carolinas,Yossi Groner,Mendy Minkowitz,Rivka Minkowitz,,2,36.0976,-79.49525,https://www.chabad.org/jewish-centers/3109644/Elon/Campus-Chabad-House/Chabad-at-Elon-University,3109644
USA,NC,Greensboro,Chabad-Lubavitch of Greensboro,Chabad House,The Carolinas,Yossi Groner,Yosef Plotkin,Hindy Plotkin,,2,36.08957,-79.87627,https://www.chabad.org/jewish-centers/699445/Greensboro/Synagogue/Chabad-Lubavitch-of-Greensboro,699445
USA,NC,Matthews,ZABS Place,,The Carolinas,Yossi Groner,Bentzion Groner,,,1,35.11597,-80.72213,https://www.chabad.org/jewish-centers/5582467/Matthews/ZABS-Place,5582467
USA,NC,Morrisville,Chabad Torah Academy,,The Carolinas,Yossi Groner,Gavi Schwei,,,1,35.82141,-78.84656,https://www.chabad.org/jewish-centers/5585894/Morrisville/Chabad-Torah-Academy,5585894
USA,NC,Morrisville,Chabad of Cary Jewish Center,Chabad House,The Carolinas,Yossi Groner,Yisroel Cotlar,Chanale Cotlar,,2,35.82141,-78.84656,https://www.chabad.org/jewish-centers/334145/Morrisville/Synagogue/Chabad-of-Cary-Jewish-Center,334145
USA,NC,Raleigh,Chabad Young Professionals Raleigh,Young Professionals,The Carolinas,Yossi Groner,Zalmy Dubinsky,Mushka Dubinsky,,2,35.77745,-78.63803,https://www.chabad.org/jewish-centers/4026366/Raleigh/Young-Professionals/Chabad-Young-Professionals-Raleigh,4026366
USA,NC,Raleigh,Chabad of NC State University,Campus Chabad House,The Carolinas,Yossi Groner,Shmuly Meijers,Chaya Sara Meijers,,2,35.78215,-78.65182,https://www.chabad.org/jewish-centers/6054501/Raleigh/Campus-Chabad-House/Chabad-of-NC-State-University,6054501
USA,NC,Raleigh,Cteen Raleigh,,The Carolinas,Yossi Groner,Mendy Wilschanski,,,1,35.88571,-78.62635,https://www.chabad.org/jewish-centers/7401983/Raleigh/Cteen-Raleigh,7401983
USA,NC,Raleigh,Jewish Life Center - Chabad of Raleigh - Cong. Sha'arei Israel,Chabad House,The Carolinas,Yossi Groner,Mendy Wilschanski,Brocha Wilschanski; Levi Weg; Chaya Weg,,4,35.88571,-78.62635,https://www.chabad.org/jewish-centers/117650/Raleigh/Synagogue/Jewish-Life-Center-Chabad-of-Raleigh-Cong-Shaarei-Israel,117650
USA,NC,Wilmington,Chabad of Wilmington,Chabad House,The Carolinas,Yossi Groner,Moshe Y. Lieblich,Chana Lieblich,,2,34.23844,-77.9168,https://www.chabad.org/jewish-centers/558872/Wilmington/Synagogue/Chabad-of-Wilmington,558872
USA,NC,Winston Salem,Chabad Serving Wake Forest University & Winston Salem,Campus Chabad House,The Carolinas,Yossi Groner,Levi Gurevitz,Shaina Gurevitz,,2,36.14034,-80.2838,https://www.chabad.org/jewish-centers/4399500/Winston-Salem/Campus-Chabad-House/Chabad-Serving-Wake-Forest-University-Winston-Salem,4399500
USA,ND,Fargo,Chabad Jewish Center of North Dakota,Chabad House,Upper Midwest,Moshe Feller,Yonah Grossman,Esti Grossman,,2,46.89164,-96.78825,https://www.chabad.org/jewish-centers/2027612/Fargo/Synagogue/Chabad-Jewish-Center-of-North-Dakota,2027612
USA,NE,Omaha,Chabad-Lubavitch of Nebraska,Chabad House,Nebraska,Mendel Katzman,M. Mendel Katzman,Shani Katzman; Eli Tenenbaum; Mushka Tenenbaum,,4,41.24068,-96.10118,https://www.chabad.org/jewish-centers/117651/Omaha/Synagogue/Chabad-Lubavitch-of-Nebraska,117651
USA,NH,Hanover,Chabad at Dartmouth,Campus Chabad House,New Hampshire,Levi Krinsky,Moshe Gray,Chani Gray,,2,43.70172,-72.29382,https://www.chabad.org/jewish-centers/118602/Hanover/Campus-Chabad-House/Chabad-at-Dartmouth,118602
USA,NH,Manchester,Chabad of New Hampshire,Chabad House,New Hampshire,Levi Krinsky,Levi Krinsky,Shternie Krinsky,,2,43.02421,-71.47038,https://www.chabad.org/jewish-centers/117652/Manchester/Synagogue/Chabad-of-New-Hampshire,117652
USA,NH,Newington,Seacoast Chabad Jewish Community Center,Chabad House,New Hampshire,Levi Krinsky,Berel Slavaticki,Rochel Slavaticki,,2,43.1034,-70.80935,https://www.chabad.org/jewish-centers/3913111/Newington/Synagogue/Seacoast-Chabad-Jewish-Community-Center,3913111
USA,NJ,Basking Ridge,Chabad of Greater Somerset County,Chabad House,New Jersey,Mendy Herson,Mendy Herson,Malkie Herson; Mendel Shemtov; Eli Landes; Sheina Landes; Chaya Shemtov,,6,40.66339,-74.53332,https://www.chabad.org/jewish-centers/117913/Basking-Ridge/Synagogue/Chabad-of-Greater-Somerset-County,117913
USA,NJ,Bayonne,Chabad of Bayonne,Chabad House,New Jersey,Mendy Herson,Yisrael Bennish,Shulamis Bennish,,2,40.68194,-74.14978,https://www.chabad.org/jewish-centers/4173417/Bayonne/Synagogue/Chabad-of-Bayonne,4173417
USA,NJ,Boonton,Chabad Center for Jewish Life - Mountain Lakes | Boonton | Denville,Chabad House,New Jersey,Mendy Herson,Levi Dubinsky,Rivka Dubinsky; Menachem Mendel Dubinsky; Yehudis Dubinsky,,4,40.90729,-74.42265,https://www.chabad.org/jewish-centers/878203/Boonton/Synagogue/Chabad-Center-for-Jewish-Life-Mountain-Lakes-Boonton-Denville,878203
USA,NJ,Caldwell,Chabad of the Caldwells,Chabad House,New Jersey,Mendy Herson,Shmuel Sputz,Gittel Sputz,,2,40.8537,-74.25251,https://www.chabad.org/jewish-centers/5154678/Caldwell/Synagogue/Chabad-of-the-Caldwells,5154678
USA,NJ,Cherry Hill,Chabad Cherry Hill West,,New Jersey,Mendy Herson,Isser Brikman,Leah Brikman,,2,39.9349,-75.02871,https://www.chabad.org/jewish-centers/7011141/Cherry-Hill/Chabad-Cherry-Hill-West,7011141
USA,NJ,Cherry Hill,Chabad Lubavitch of Camden County,Chabad House,New Jersey,Mendy Herson,Mendel Mangel,Dinie Mangel; Yitzchok Kahan; Baily Kahan; Chana Mangel,,5,39.87468,-74.95331,https://www.chabad.org/jewish-centers/117975/Cherry-Hill/Synagogue/Chabad-Lubavitch-of-Camden-County,117975
USA,NJ,Closter,Chabad of Closter,Chabad House,New Jersey,Mendy Herson,Yossi Gluckowsky,Mushky Gluckowsky,,2,40.97363,-73.95946,https://www.chabad.org/jewish-centers/3779812/Closter/Synagogue/Chabad-of-Closter,3779812
USA,NJ,Dumont,Chabad of Dumont,Chabad House,New Jersey,Mendy Herson,Avrohom Engel,Leah Engel,,2,40.94454,-73.99224,https://www.chabad.org/jewish-centers/5572424/Dumont/Synagogue/Chabad-of-Dumont,5572424
USA,NJ,Englewood,Chabad of Englewood,Chabad House,New Jersey,Mendy Herson,Shmuel Konikov,Dina Konikov,,2,40.87874,-73.97752,https://www.chabad.org/jewish-centers/3909147/Englewood/Synagogue/Chabad-of-Englewood,3909147
USA,NJ,Ewing,Chabad @ TCNJ,Campus Chabad House,New Jersey,Mendy Herson,Akiva Greenbaum,Zeesy Greenbaum,,2,40.27414,-74.77701,https://www.chabad.org/jewish-centers/539165/Ewing/Campus-Chabad-House/Chabad-TCNJ,539165
USA,NJ,Fair Lawn,Anshei Lubavitch,Chabad House,New Jersey,Mendy Herson,Levi Neubort,Leah Neubort; Avrohom Bergstein; Eliezer Steinhauser; Ruty Steinhauser; Rivkah Bergstein; Yudi Eisenbach; Chana Eisenbach,,8,40.92454,-74.08497,https://www.chabad.org/jewish-centers/1418905/Fair-Lawn/Synagogue/Anshei-Lubavitch,1418905
USA,NJ,Fair Lawn,CTeen Of Fair Lawn,,New Jersey,Mendy Herson,Levi Neubort,,,1,40.93392,-74.11706,https://www.chabad.org/jewish-centers/7403210/Fair-Lawn/CTeen-Of-Fair-Lawn,7403210
USA,NJ,Fair Lawn,The Fair Lawn Gemach,Social Services,New Jersey,Mendy Herson,,,,0,40.93724,-74.12695,https://www.chabad.org/jewish-centers/1420054/Fair-Lawn/Social-Services/The-Fair-Lawn-Gemach,1420054
USA,NJ,Flanders,Chabad of Northwest NJ - Western Region,Chabad House,New Jersey,Mendy Herson,Yaacov Shusterman,Fraida Shusterman,,2,40.83496,-74.69599,https://www.chabad.org/jewish-centers/259220/Flanders/Synagogue/Chabad-of-Northwest-NJ-Western-Region,259220
USA,NJ,Florence,Chabad of Florence,Jewish Community Center,New Jersey,Mendy Herson,Shmuel Dovid Wilhelm,Mushky Wilhelm,,2,40.11814,-74.80977,https://www.chabad.org/jewish-centers/4544696/Florence/Synagogue/Chabad-of-Florence,4544696
USA,NJ,Florham Park,Chabad of SE Morris County,Chabad House,New Jersey,Mendy Herson,Shalom Lubin,Aharona Lubin; Mendy Lubin; Chaya Lubin,,4,40.79029,-74.38897,https://www.chabad.org/jewish-centers/118579/Florham-Park/Synagogue/Chabad-of-SE-Morris-County,118579
USA,NJ,Fort Lee,Chabad of Fort Lee,Chabad House,New Jersey,Mendy Herson,Meir Konikov,Lieba Konikov; Mendel Wuensch; Chaya M Wuensch,,4,40.83127,-73.9823,https://www.chabad.org/jewish-centers/118226/Fort-Lee/Synagogue/Chabad-of-Fort-Lee,118226
USA,NJ,Franklin Lakes,Chabad Jewish Center of NWBC,Chabad House,New Jersey,Mendy Herson,Chanoch Kaplan,,,1,41.0268,-74.19759,https://www.chabad.org/jewish-centers/118465/Franklin-Lakes/Synagogue/Chabad-Jewish-Center-of-NWBC,118465
USA,NJ,Freehold,Chabad of Freehold,Chabad House,New Jersey,Mendy Herson,Avraham Bernstein,Zisi Bernstein,,2,40.23038,-74.27662,https://www.chabad.org/jewish-centers/118395/Freehold/Synagogue/Chabad-of-Freehold,118395
USA,NJ,Galloway,Chabad of Stockton University,Campus Chabad House,New Jersey,Mendy Herson,Meir Rapoport,Shaina Rapoport,,2,39.47171,-74.51412,https://www.chabad.org/jewish-centers/3205782/Galloway/Campus-Chabad-House/Chabad-of-Stockton-University,3205782
USA,NJ,Glassboro,Chabad at Rowan University,Campus Chabad House,New Jersey,Mendy Herson,Hersh Loschak,Fraidy Loschak,,2,39.71017,-75.12648,https://www.chabad.org/jewish-centers/2298429/Glassboro/Campus-Chabad-House/Chabad-at-Rowan-University,2298429
USA,NJ,Hackensack,Chabad of Hackensack,Chabad House,New Jersey,Mendy Herson,Mendy Kaminker,Shterna Kaminker,,2,40.89307,-74.05461,https://www.chabad.org/jewish-centers/4016283/Hackensack/Synagogue/Chabad-of-Hackensack,4016283
USA,NJ,Hamilton,Chabad Community Center of Robbinsville and S. Hamilton,Chabad House,New Jersey,Mendy Herson,Yaakov Chaiton,Chana Chaiton,,2,40.19297,-74.65029,https://www.chabad.org/jewish-centers/2676928/Hamilton/Synagogue/Chabad-Community-Center-of-Robbinsville-and-S-Hamilton,2676928
USA,NJ,Hasbrouck Heights,Chabad of Hasbrouck Heights,Chabad House,New Jersey,Mendy Herson,Shlomie Segelman,Mushkie Segelman,,2,40.86026,-74.07956,https://www.chabad.org/jewish-centers/4427531/Hasbrouck-Heights/Synagogue/Chabad-of-Hasbrouck-Heights,4427531
USA,NJ,Hoboken,Chabad Lubavitch of Hoboken,Chabad House,New Jersey,Mendy Herson,Moshe Schapiro,Shaindel Schapiro; Shmully Levitin; Esta Levitin,,4,40.74694,-74.03783,https://www.chabad.org/jewish-centers/118500/Hoboken/Synagogue/Chabad-Lubavitch-of-Hoboken,118500
USA,NJ,Holmdel,Chabad Jewish Center of Holmdel,Jewish Community Center,New Jersey,Mendy Herson,Shmaya Galperin,Rochi Galperin,,2,40.3479,-74.18361,https://www.chabad.org/jewish-centers/749411/Holmdel/Synagogue/Chabad-Jewish-Center-of-Holmdel,749411
USA,NJ,Jersey City,Chabad Young Professionals of Hoboken and Jersey City,Young Professionals,New Jersey,Mendy Herson,Shmully Levitin,Esta Levitin,,2,40.7218,-74.04297,https://www.chabad.org/jewish-centers/3058083/Jersey-City/Young-Professionals/Chabad-Young-Professionals-of-Hoboken-and-Jersey-City,3058083
USA,NJ,Lakewood,Chabad of Jackson,Chabad House,New Jersey,Mendy Herson,Shmuel Naparstek,Musi Naparstek,,2,40.06947,-74.24212,https://www.chabad.org/jewish-centers/3235800/Lakewood/Synagogue/Chabad-of-Jackson,3235800
USA,NJ,Lawrenceville,Chabad of Lawrenceville,Chabad House,New Jersey,Mendy Herson,Yitzchak Goldenberg,,,1,40.26548,-74.7286,https://www.chabad.org/jewish-centers/118485/Lawrenceville/Synagogue/Chabad-of-Lawrenceville,118485
USA,NJ,Lebanon,Chabad of Hunterdon County,Chabad House,New Jersey,Mendy Herson,Eli Kornfeld,Rachel Kornfeld,,2,40.5947,-74.87408,https://www.chabad.org/jewish-centers/118603/Lebanon/Synagogue/Chabad-of-Hunterdon-County,118603
USA,NJ,Livingston,Chabad of Livingston,Chabad House,New Jersey,Mendy Herson,Zalman Grossbaum,Toba Grossbaum; Levi Grossbaum; Esther Grossbaum,,4,40.79882,-74.35001,https://www.chabad.org/jewish-centers/118338/Livingston/Synagogue/Chabad-of-Livingston,118338
USA,NJ,Livingston,Mikvah Chana,Mikveh,New Jersey,Mendy Herson,Toba Grossbaum,,,1,40.79874,-74.31541,https://www.chabad.org/jewish-centers/483891/Livingston/Mikveh/Mikvah-Chana,483891
USA,NJ,Madison,Chabad at Drew University,,New Jersey,Mendy Herson,Shalom Lubin,,,1,40.76024,-74.42664,https://www.chabad.org/jewish-centers/7425308/Madison/Chabad-at-Drew-University,7425308
USA,NJ,Manalapan,Chabad Lubavitch of Western Monmouth County,Chabad House,New Jersey,Mendy Herson,Boruch Chazanow,Tova Chazanow; Levi Schapiro; Avraham Bernstein; Shmuel Volovik; Chana Wolosow; Moushkie Volovik; Mendel Chazanow; Leah Chazanow; Sholom Ber Pewzner; Muka Pewzner,Levi Wolosow obm,12,40.32038,-74.30011,https://www.chabad.org/jewish-centers/117654/Manalapan/Synagogue/Chabad-Lubavitch-of-Western-Monmouth-County,117654
USA,NJ,Maplewood,Chabad of Maplewood/South Orange (SOMA),Synagogue,New Jersey,Mendy Herson,Sholom Bogomilsky,Frumie Bogomilsky; Yosef Bogomilsky; Rochel Bogomilsky,,4,40.73275,-74.25732,https://www.chabad.org/jewish-centers/7328051/Maplewood/Synagogue/Chabad-of-MaplewoodSouth-Orange-SOMA,7328051
USA,NJ,Margate,Chabad House Margate,Chabad House,New Jersey,Mendy Herson,,,,0,39.33412,-74.50839,https://www.chabad.org/jewish-centers/3633173/Margate/Synagogue/Chabad-House-Margate,3633173
USA,NJ,Marlboro,Hebrew School,Hebrew School,New Jersey,Mendy Herson,Shmuel Volovik,Moushkie Volovik,,2,40.345,-74.29274,https://www.chabad.org/jewish-centers/119068/Marlboro/Hebrew-School/Hebrew-School,119068
USA,NJ,Medford,Chabad in Medford,Chabad House,New Jersey,Mendy Herson,Yitzchok Kahan,Baily Kahan,,2,39.8967,-74.82382,https://www.chabad.org/jewish-centers/118627/Medford/Synagogue/Chabad-in-Medford,118627
USA,NJ,Mendham,Chabad of Mendham and Chester,Chabad House,New Jersey,Mendy Herson,Ari Herson,Sarah Herson,,2,40.77918,-74.60386,https://www.chabad.org/jewish-centers/5803940/Mendham/Synagogue/Chabad-of-Mendham-and-Chester,5803940
USA,NJ,Monroe Township,Chabad Jewish Center of Monroe,Chabad House,New Jersey,Mendy Herson,Eliezer Zaklikovsky,Chanie Zaklikovsky,,2,40.30195,-74.42535,https://www.chabad.org/jewish-centers/118587/Monroe-Township/Synagogue/Chabad-Jewish-Center-of-Monroe,118587
USA,NJ,Montclair,Chabad of Montclair,Chabad House,New Jersey,Mendy Herson,Yaacov Leaf,Ita Leaf,,2,40.80831,-74.26021,https://www.chabad.org/jewish-centers/2021658/Montclair/Synagogue/Chabad-of-Montclair,2021658
USA,NJ,Morganville,Chabad-Lubavitch of Morganville,Adult Education,New Jersey,Mendy Herson,Wolosow family,Chana Wolosow,Levi Wolosow obm,2,40.36907,-74.28421,https://www.chabad.org/jewish-centers/924164/Morganville/Adult-Education/Chabad-Lubavitch-of-Morganville,924164
USA,NJ,Morristown,Chabad Torah Center,Chabad House,New Jersey,Mendy Herson,Boruch Benjaminson,Zlatie Benjaminson,,2,40.81179,-74.50362,https://www.chabad.org/jewish-centers/3293279/Morristown/Synagogue/Chabad-Torah-Center,3293279
USA,NJ,Morristown,Chabad Young Professionals - Morristown,Young Professionals,New Jersey,Mendy Herson,Moishe Gurevitz,Chaya M Gurevitz,,2,40.79164,-74.49611,https://www.chabad.org/jewish-centers/3115859/Morristown/Young-Professionals/Chabad-Young-Professionals-Morristown,3115859
USA,NJ,Morristown,Congregation Levi Yitzchak,Synagogue,New Jersey,Mendy Herson,Chaim Schapiro,,,1,40.80546,-74.49872,https://www.chabad.org/jewish-centers/119957/Morristown/Synagogue/Congregation-Levi-Yitzchak,119957
USA,NJ,Morristown,Lubavitch of New Jersey Regional Hdqts.,Chabad House,New Jersey,Mendy Herson,Hirsch Lipskier,,Moshe Herson obm; Miriam Gordon obm,3,40.80546,-74.49872,https://www.chabad.org/jewish-centers/117657/Morristown/Synagogue/Lubavitch-of-New-Jersey-Regional-Hdqts,117657
USA,NJ,Morristown,Mikvah Bais Chana,Mikveh,New Jersey,Mendy Herson,,,,0,40.81415,-74.49147,https://www.chabad.org/jewish-centers/119959/Morristown/Mikveh/Mikvah-Bais-Chana,119959
USA,NJ,Morristown,Rabbinical College of America,Yeshivah Gedolah,New Jersey,Mendy Herson,Sruly Goldberg,Mendy Herson; Elimelech Backman; Dovid Zirkind; Menachem Caroline; Mordechai Rabin,Moshe Herson obm,7,40.80546,-74.49872,https://www.chabad.org/jewish-centers/425138/Morristown/Yeshivah-Gedolah/Rabbinical-College-of-America,425138
USA,NJ,Mullica Hill,Chabad of Gloucester County,Chabad House,New Jersey,Mendy Herson,Avrohom Richler,Mina Richler,,2,39.73575,-75.21563,https://www.chabad.org/jewish-centers/555228/Mullica-Hill/Synagogue/Chabad-of-Gloucester-County,555228
USA,NJ,Newark,Chabad of Newark,Chabad House,New Jersey,Mendy Herson,Avraham Minsky,Mushka Minsky,,2,40.74068,-74.17188,https://www.chabad.org/jewish-centers/5038582/Newark/Synagogue/Chabad-of-Newark,5038582
USA,NJ,North Brunswick,Chabad of South Brunswick,Chabad House,New Jersey,Mendy Herson,Levi Azimov,Goldie Azimov,,2,40.41512,-74.50221,https://www.chabad.org/jewish-centers/118527/North-Brunswick/Synagogue/Chabad-of-South-Brunswick,118527
USA,NJ,North Brunswick,Cheder Menachem,Cheder,New Jersey,Mendy Herson,Pinchas Rieber,Chanie Zaklikovsky; Goldie Azimov,,3,40.43347,-74.51717,https://www.chabad.org/jewish-centers/1789519/North-Brunswick/Cheder/Cheder-Menachem,1789519
USA,NJ,Old Tappan,Chabad of Old Tappan,Chabad House,New Jersey,Mendy Herson,Mendy Lewis,Devora Lewis,,2,41.01415,-73.98137,https://www.chabad.org/jewish-centers/416264/Old-Tappan/Synagogue/Chabad-of-Old-Tappan,416264
USA,NJ,Paramus,Chabad of Paramus,Chabad House,New Jersey,Mendy Herson,Moshe Grossbaum,Zeesy Grossbaum; Levi Marasow; Mussi Marasow,,4,40.94435,-74.05428,https://www.chabad.org/jewish-centers/118533/Paramus/Synagogue/Chabad-of-Paramus,118533
USA,NJ,Paramus,Friendship Circle,Friendship Circle,New Jersey,Mendy Herson,Moshe Grossbaum,Zeesy Grossbaum,,2,40.94435,-74.05428,https://www.chabad.org/jewish-centers/359995/Paramus/Friendship-Circle/Friendship-Circle,359995
USA,NJ,Paramus,The Living Legacy,Chabad House,New Jersey,Mendy Herson,Moshe Grossbaum,,,1,40.94435,-74.05428,https://www.chabad.org/jewish-centers/150723/Paramus/Synagogue/The-Living-Legacy,150723
USA,NJ,Passaic,Chabad Passaic Clifton,,New Jersey,Mendy Herson,Michel Gurkov,,,1,40.85977,-74.12987,https://www.chabad.org/jewish-centers/4961934/Passaic/Chabad-Passaic-Clifton,4961934
USA,NJ,Philadelphia,Chabad of Fishtown @ Northern Liberties,Chabad House,New Jersey,Mendy Herson,Berel Paltiel,Bracha Paltiel,,2,39.96897,-75.10764,https://www.chabad.org/jewish-centers/5574170/Philadelphia/Synagogue/Chabad-of-Fishtown-Northern-Liberties,5574170
USA,NJ,Pine Brook,Chabad of Montville Township,Synagogue,New Jersey,Mendy Herson,Yosef Spalter,Chaya Schera Spalter,,2,40.86555,-74.34925,https://www.chabad.org/jewish-centers/118626/Pine-Brook/Synagogue/Chabad-of-Montville-Township,118626
USA,NJ,Princeton,Chabad of Mercer County - Princeton,Chabad House,New Jersey,Mendy Herson,Dovid Dubov,Malka Dubov,,2,40.38835,-74.68764,https://www.chabad.org/jewish-centers/117658/Princeton/Synagogue/Chabad-of-Mercer-County-Princeton,117658
USA,NJ,Princeton,Chabad of Princeton University,Campus Chabad House,New Jersey,Mendy Herson,Eitan Webb,Gitty Webb; Bentzi Brook; Chaya Brook,,4,40.34687,-74.66267,https://www.chabad.org/jewish-centers/118577/Princeton/Campus-Chabad-House/Chabad-of-Princeton-University,118577
USA,NJ,Princeton,Friendship Circle of Greater Mercer County,Friendship Circle,New Jersey,Mendy Herson,Shmuel Dovid Wilhelm,Mushky Wilhelm,,2,40.35039,-74.65714,https://www.chabad.org/jewish-centers/1110855/Princeton/Friendship-Circle/Friendship-Circle-of-Greater-Mercer-County,1110855
USA,NJ,Randolph,Chabad of Randolph,Chabad House,New Jersey,Mendy Herson,Avraham Bekhor,Chava Bekhor,,2,40.8279,-74.5651,https://www.chabad.org/jewish-centers/118547/Randolph/Synagogue/Chabad-of-Randolph,118547
USA,NJ,Riverdale,Chabad Lubavitch of Riverdale,Chabad House,New Jersey,Mendy Herson,Levi Shemtov,Sorah Shemtov,,2,40.89157,-73.93333,https://www.chabad.org/jewish-centers/117901/Riverdale/Synagogue/Chabad-Lubavitch-of-Riverdale,117901
USA,NJ,Rockaway,Chabad Center of Northwest New Jersey,Chabad House,New Jersey,Mendy Herson,Asher Herson,Mordechai Baumgarten; Sarah Herson; Devori Baumgarten; Mendel Stiefel,,5,40.90217,-74.51402,https://www.chabad.org/jewish-centers/117659/Rockaway/Synagogue/Chabad-Center-of-Northwest-New-Jersey,117659
USA,NJ,Rockaway,Chabad Early Learning Center,Preschool,New Jersey,Mendy Herson,Sarah Herson,,,1,40.92048,-74.51069,https://www.chabad.org/jewish-centers/118912/Rockaway/Preschool/Chabad-Early-Learning-Center,118912
USA,NJ,Rockaway,David Hoffman Hebrew School,Hebrew School,New Jersey,Mendy Herson,Sarah Herson,,,1,40.92048,-74.51069,https://www.chabad.org/jewish-centers/120058/Rockaway/Hebrew-School/David-Hoffman-Hebrew-School,120058
USA,NJ,Rockaway,Hebrew High,Hebrew High,New Jersey,Mendy Herson,Mordechai Baumgarten,Sarah Herson,,2,40.92048,-74.51069,https://www.chabad.org/jewish-centers/828109/Rockaway/Hebrew-High/Hebrew-High,828109
USA,NJ,Rockaway,Mei Menachem Community Mikvah,Mikveh,New Jersey,Mendy Herson,Sarah Herson,,,1,40.92048,-74.51069,https://www.chabad.org/jewish-centers/405402/Rockaway/Mikveh/Mei-Menachem-Community-Mikvah,405402
USA,NJ,Roselle park,Chabad of Linden,Chabad House,New Jersey,Mendy Herson,Menachem Mendel Gurary,Zissel Gurary,,2,40.65956,-74.28343,https://www.chabad.org/jewish-centers/6998028/Roselle-park/Synagogue/Chabad-of-Linden,6998028
USA,NJ,Rutherford,Chabad of South Bergen County and The Meadowlands,Chabad House,New Jersey,Mendy Herson,Yitzchok Lerman,Bina Lerman; Ephraim Balter; Shprintza Balter,,4,40.83235,-74.11098,https://www.chabad.org/jewish-centers/3423247/Rutherford/Synagogue/Chabad-of-South-Bergen-County-and-The-Meadowlands,3423247
USA,NJ,Scotch Plains,Chabad of Union County,Chabad House,New Jersey,Mendy Herson,Avrohom Blesofsky,Malky Blesofsky; Levi Raskin; Moussia Raskin,,4,40.63051,-74.36581,https://www.chabad.org/jewish-centers/118518/Scotch-Plains/Synagogue/Chabad-of-Union-County,118518
USA,NJ,Short Hills,Chabad at Short Hills,Chabad House,New Jersey,Mendy Herson,Mendel Solomon,Chana Devora Solomon,,2,40.75929,-74.32201,https://www.chabad.org/jewish-centers/118396/Short-Hills/Synagogue/Chabad-at-Short-Hills,118396
USA,NJ,Sparta,Chabad of Sussex County,Synagogue,New Jersey,Mendy Herson,Mendel Dubov,Chava Mushka Dubov,,2,41.02016,-74.62574,https://www.chabad.org/jewish-centers/118550/Sparta/Synagogue/Chabad-of-Sussex-County,118550
USA,NJ,Springfield,Jewish Learning Center of Springfield,,New Jersey,Mendy Herson,Mendy Avtzon,,,1,40.68816,-74.3251,https://www.chabad.org/jewish-centers/7210685/Springfield/Jewish-Learning-Center-of-Springfield,7210685
USA,NJ,Summit,Chabad of Summit,,New Jersey,Mendy Herson,Mendel Marasow,Chana Miriam Marasow,,2,40.73076,-74.37656,https://www.chabad.org/jewish-centers/6388831/Summit/Chabad-of-Summit,6388831
USA,NJ,Teaneck,Friends of Lubavitch of Bergen County,Chabad House,New Jersey,Mendy Herson,Ephraim Simon,Nechamy Simon; Michoel Goldin; Velvel Konikov,,4,40.88758,-74.02769,https://www.chabad.org/jewish-centers/117660/Teaneck/Synagogue/Friends-of-Lubavitch-of-Bergen-County,117660
USA,NJ,Tenafly,Lubavitch on the Palisades,Chabad House,New Jersey,Mendy Herson,Mordechai Shain,Malkie  Shain; Yitzchak Gershovitz; Naomi Gershovitz; Yossi Katz; Bassi Katz; Leah Engel; Daniel Namdar; Sossie Namdar,,9,40.92928,-73.96291,https://www.chabad.org/jewish-centers/117998/Tenafly/Synagogue/Lubavitch-on-the-Palisades,117998
USA,NJ,Toms River,Chabad of Toms River,Chabad House,New Jersey,Mendy Herson,Moshe Gourarie,Sara Chana Gourarie,,2,40.01582,-74.16864,https://www.chabad.org/jewish-centers/150720/Toms-River/Synagogue/Chabad-of-Toms-River,150720
USA,NJ,Ventnor,Chabad Ventnor Shul,Synagogue,New Jersey,Mendy Herson,Avrohom Rapoport,,,1,39.33312,-74.48606,https://www.chabad.org/jewish-centers/698690/Ventnor/Synagogue/Chabad-Ventnor-Shul,698690
USA,NJ,Ventnor,Chabad at the Shore,Chabad House,New Jersey,Mendy Herson,Shmuel Rapoport,Tova Rapoport; Mashie Rapoport; Avrohom Rapoport; Leibel Scheiman; Nechama Scheiman,,6,39.33581,-74.48412,https://www.chabad.org/jewish-centers/117655/Ventnor/Synagogue/Chabad-at-the-Shore,117655
USA,NJ,Vineland,Chabad House of Vineland,Senior Center,New Jersey,Mendy Herson,,,Yisroel Rapoport obm,1,39.47,-74.98,https://www.chabad.org/jewish-centers/117661/Vineland/Senior-Center/Chabad-House-of-Vineland,117661
USA,NJ,Wanaque,Chabad Center for Jewish Life | Upper Passaic County,Chabad House,New Jersey,Mendy Herson,Mendy Gurkov,Esty Gurkov,,2,41.04059,-74.2933,https://www.chabad.org/jewish-centers/1539663/Wanaque/Synagogue/Chabad-Center-for-Jewish-Life-Upper-Passaic-County,1539663
USA,NJ,Wayne,Chabad Center of Passaic County,Chabad House,New Jersey,Mendy Herson,Michel Gurkov,Chani Gurkov; Mayer Gurkov; Chanie B. Gurkov,,4,40.94643,-74.27016,https://www.chabad.org/jewish-centers/117992/Wayne/Synagogue/Chabad-Center-of-Passaic-County,117992
USA,NJ,Wayne,Simha Maftsir Preschool,Preschool,New Jersey,Mendy Herson,Mayer Gurkov,Chanie B. Gurkov,,2,40.94693,-74.26987,https://www.chabad.org/jewish-centers/5653140/Wayne/Preschool/Simha-Maftsir-Preschool,5653140
USA,NJ,West Orange,Chabad of West Orange,Chabad House,New Jersey,Mendy Herson,Mendy Kasowitz,Altie Kasowitz,,2,40.81225,-74.2599,https://www.chabad.org/jewish-centers/3186402/West-Orange/Synagogue/Chabad-of-West-Orange,3186402
USA,NJ,West Orange,Lubavitch Center of Essex County,Chabad House,New Jersey,Mendy Herson,Boruch Klar,Devorah Klar,,2,40.8104,-74.26018,https://www.chabad.org/jewish-centers/117656/West-Orange/Synagogue/Lubavitch-Center-of-Essex-County,117656
USA,NJ,West Orange,Shabbat House,,New Jersey,Mendy Herson,Devorah Klar,,,1,40.81028,-74.26147,https://www.chabad.org/jewish-centers/2941342/West-Orange/Shabbat-House,2941342
USA,NJ,West Windsor,Chabad of the Windsors,Chabad House,New Jersey,Mendy Herson,Sholom Leverton,Aliza Leverton,,2,40.25595,-74.61327,https://www.chabad.org/jewish-centers/118402/West-Windsor/Synagogue/Chabad-of-the-Windsors,118402
USA,NJ,Wharton,Chabad of Northwest NJ - Berkshire Valley,Chabad House,New Jersey,Mendy Herson,Levi Naparstek,Chaya Naparstek,,2,40.89883,-74.58309,https://www.chabad.org/jewish-centers/5837382/Wharton/Synagogue/Chabad-of-Northwest-NJ-Berkshire-Valley,5837382
USA,NJ,Woodcliff Lake,Valley Chabad,Chabad House,New Jersey,Mendy Herson,Dov Drizin,Hindy Drizin; Yosef Orenstein; Estie Orenstein,,4,41.04395,-74.07104,https://www.chabad.org/jewish-centers/117968/Woodcliff-Lake/Synagogue/Valley-Chabad,117968
USA,NM,Albuquerque,Chabad of New Mexico,Chabad House,New Mexico,Chaim Shmukler,Chaim Schmukler,Devorah Leah Schmukler,,2,35.13012,-106.57722,https://www.chabad.org/jewish-centers/117962/Albuquerque/Synagogue/Chabad-of-New-Mexico,117962
USA,NM,Eldorado,Chabad of Eldorado,,New Mexico,Chaim Shmukler,Levi Shemtov,Sara Shemtov,,2,35.5417,-105.91724,https://www.chabad.org/jewish-centers/7309271/Eldorado/Chabad-of-Eldorado,7309271
USA,NM,Las Cruces,Alevy Chabad Jewish Center de Las Cruces,Chabad House,New Mexico,Chaim Shmukler,Bery Schmukler,Chenchie Schmukler,,2,32.30637,-106.73781,https://www.chabad.org/jewish-centers/810309/Las-Cruces/Synagogue/Alevy-Chabad-Jewish-Center-de-Las-Cruces,810309
USA,NM,Santa Fe,Mikvah Moshe,Mikveh,New Mexico,Chaim Shmukler,Devorah Leah Levertov,,,1,35.66494,-105.94757,https://www.chabad.org/jewish-centers/1601116/Santa-Fe/Mikveh/Mikvah-Moshe,1601116
USA,NM,Santa Fe,Santa Fe Jewish Center-Chabad,Chabad House,New Mexico,Chaim Shmukler,Berel Levertov,Devorah Leah Levertov; Shmuel Itkin; Esther Itkin,,4,35.68241,-105.94416,https://www.chabad.org/jewish-centers/118225/Santa-Fe/Synagogue/Santa-Fe-Jewish-Center-Chabad,118225
USA,NM,Taos,Chabad of Taos,Chabad House,New Mexico,Chaim Shmukler,Eliyahu Kaminetzky,Batsheva Kaminetzky,,2,36.41032,-105.57041,https://www.chabad.org/jewish-centers/705397/Taos/Synagogue/Chabad-of-Taos,705397
USA,NV,Carson City,Chabad of Carson City,Chabad House,West Coast,Shlomo Cunin,Levi Sputz,Chana  Sputz,,2,39.17388,-119.84184,https://www.chabad.org/jewish-centers/6556446/Carson-City/Synagogue/Chabad-of-Carson-City,6556446
USA,NV,Henderson,Chabad of Henderson,Chabad House,West Coast,Shlomo Cunin,Mendy Harlig,Chaya Harlig,,2,36.00712,-115.09477,https://www.chabad.org/jewish-centers/118296/Henderson/Synagogue/Chabad-of-Henderson,118296
USA,NV,Las Vegas,Camp Gan Israel,Day Camp,West Coast,Shlomo Cunin,Dina Harlig,,,1,36.15706,-115.19799,https://www.chabad.org/jewish-centers/286052/Las-Vegas/Day-Camp/Camp-Gan-Israel,286052
USA,NV,Las Vegas,Chabad East Las Vegas / Or Bamidbar Chabad,Chabad House,West Coast,Shlomo Cunin,Yosef Yitzchok Shuchat,Miriam Bryna Shuchat,,2,36.12575,-115.11002,https://www.chabad.org/jewish-centers/2263673/Las-Vegas/Synagogue/Chabad-East-Las-Vegas-Or-Bamidbar-Chabad,2263673
USA,NV,Las Vegas,Chabad Hebrew Center,Israeli Center,West Coast,Shlomo Cunin,Shmuel Attal,Shaina Attal,,2,36.19872,-115.27982,https://www.chabad.org/jewish-centers/118644/Las-Vegas/Israeli-Center/Chabad-Hebrew-Center,118644
USA,NV,Las Vegas,Chabad of Centennial Hills,Chabad House,West Coast,Shlomo Cunin,Mendy Schanowitz,Chaya Schanowitz,,2,36.3086,-115.2965,https://www.chabad.org/jewish-centers/5985625/Las-Vegas/Synagogue/Chabad-of-Centennial-Hills,5985625
USA,NV,Las Vegas,Chabad of Las Vegas Blvd,,West Coast,Shlomo Cunin,Levi Harlig,,,1,36.15743,-115.19877,https://www.chabad.org/jewish-centers/3448653/Las-Vegas/Chabad-of-Las-Vegas-Blvd,3448653
USA,NV,Las Vegas,Chabad of Red Rock,Chabad House,West Coast,Shlomo Cunin,Yosef Rivkin,Bina Rivkin,,2,36.19294,-115.34751,https://www.chabad.org/jewish-centers/2900911/Las-Vegas/Synagogue/Chabad-of-Red-Rock,2900911
USA,NV,Las Vegas,Chabad of Southern Nevada,Chabad House,West Coast,Shlomo Cunin,Shea Harlig,Dina Harlig; Tzvi Bronchtain; Levi Wilhelm; Yosef Rivkin; Shmuel Attal; Yisroel Schanowitz; Mendy Harlig; Yosef Yitzchok Shuchat; Mendy Harlig; Yoseph Chaiton; Menachem Mendel Jacobs,,12,36.15743,-115.19877,https://www.chabad.org/jewish-centers/117662/Las-Vegas/Synagogue/Chabad-of-Southern-Nevada,117662
USA,NV,Las Vegas,Chabad of Southwest Las Vegas,Chabad House,West Coast,Shlomo Cunin,Levi Wilhelm,Chayala Wilhelm,,2,36.08616,-115.30762,https://www.chabad.org/jewish-centers/1990199/Las-Vegas/Synagogue/Chabad-of-Southwest-Las-Vegas,1990199
USA,NV,Las Vegas,Chabad of Summerlin,Synagogue,West Coast,Shlomo Cunin,Yisroel Schanowitz,Chaim Ozer Metal; Dovber Chaiton; Shterna Schanowitz; Racheli Metal; Mushkie Chaiton,,6,36.20769,-115.26927,https://www.chabad.org/jewish-centers/118354/Las-Vegas/Synagogue/Chabad-of-Summerlin,118354
USA,NV,Las Vegas,Desert Torah Academy-Bais Menachem,Day School,West Coast,Shlomo Cunin,Shea Harlig,Dina Harlig; Yosef Blasberg; Schneur Zalman Polter; Shmulik Cohen; Yoseph Chaiton,,6,36.15706,-115.19799,https://www.chabad.org/jewish-centers/120014/Las-Vegas/Day-School/Desert-Torah-Academy-Bais-Menachem,120014
USA,NV,Las Vegas,Friendship Circle of Las Vegas,,West Coast,Shlomo Cunin,Levi Harlig,Nechama Harlig,,2,36.15743,-115.19877,https://www.chabad.org/jewish-centers/5000322/Las-Vegas/Friendship-Circle-of-Las-Vegas,5000322
USA,NV,Las Vegas,Talmud Torah,Preschool,West Coast,Shlomo Cunin,Moishe Baruch Rodman,Dina Harlig,,2,36.15706,-115.19799,https://www.chabad.org/jewish-centers/119961/Las-Vegas/Preschool/Talmud-Torah,119961
USA,NV,Las Vegas,The Alevy Center For Jewish Student Life at the Rohr Chabad House at the University of Nevada - UNLV,Campus Chabad House,West Coast,Shlomo Cunin,Tzvi Bronchtain,Rivkah Bronchtain,,2,36.10449,-115.13076,https://www.chabad.org/jewish-centers/304842/Las-Vegas/Campus-Chabad-House/The-Alevy-Center-For-Jewish-Student-Life-at-the-Rohr-Chabad-House-at-the-University-of-Nevada-UNLV,304842
USA,NV,Las Vegas,YJP Las Vegas,Young Professionals,West Coast,Shlomo Cunin,Motti Harlig,Mushkie Harlig,,2,36.15743,-115.19877,https://www.chabad.org/jewish-centers/3758005/Las-Vegas/Young-Professionals/YJP-Las-Vegas,3758005
USA,NV,North Las Vegas,Chabad of Aliante & North Las Vegas,Chabad House,West Coast,Shlomo Cunin,Sholom Wilansky,Leah Wilansky,,2,36.27872,-115.18518,https://www.chabad.org/jewish-centers/5181695/North-Las-Vegas/Synagogue/Chabad-of-Aliante-North-Las-Vegas,5181695
USA,NV,Reno,Chabad Cares Northern Nevada,,West Coast,Shlomo Cunin,Moshe Cunin,Doba Cunin,,2,39.49142,-119.80995,https://www.chabad.org/jewish-centers/6902208/Reno/Chabad-Cares-Northern-Nevada,6902208
USA,NV,Reno,Chabad Learning Center of Northern Nevada,,West Coast,Shlomo Cunin,Levi Sputz,,,1,39.49538,-119.82366,https://www.chabad.org/jewish-centers/5523204/Reno/Chabad-Learning-Center-of-Northern-Nevada,5523204
USA,NV,Reno,Chabad at UNR,Campus Chabad House,West Coast,Shlomo Cunin,Daniel Libersohn,Rochel Libersohn,,2,39.54439,-119.82899,https://www.chabad.org/jewish-centers/5181561/Reno/Campus-Chabad-House/Chabad-at-UNR,5181561
USA,NV,Reno,Chabad of Northern Nevada,Chabad House,West Coast,Shlomo Cunin,Mendel Cunin,Chaya Sara Cunin,,2,39.49142,-119.80995,https://www.chabad.org/jewish-centers/118253/Reno/Synagogue/Chabad-of-Northern-Nevada,118253
USA,NV,Reno,Mikvah,Mikveh,West Coast,Shlomo Cunin,Chaya Sara Cunin,,,1,39.49028,-119.8099,https://www.chabad.org/jewish-centers/405427/Reno/Mikveh/Mikvah,405427
USA,NV,Stateline,Chabad at Lake Tahoe,Chabad House,West Coast,Shlomo Cunin,Mordechai Richler,Shaina Richler,,2,38.96812,-119.93076,https://www.chabad.org/jewish-centers/2212004/Stateline/Synagogue/Chabad-at-Lake-Tahoe,2212004
USA,NY,Airmont,Cheder Chabad of Monsey Girls School,Cheder,New York City,Tzach,Yisroel Shusterman,Sarah Faiga Shusterman,,2,41.09644,-74.08254,https://www.chabad.org/jewish-centers/756922/Airmont/Cheder/Cheder-Chabad-of-Monsey-Girls-School,756922
USA,NY,Airmont,Monsey Beis Chaya Mushka High,High School - Girls,New York City,Tzach,Chaim Dovid Kagan,Yossi Touger,,2,41.09618,-74.08225,https://www.chabad.org/jewish-centers/767854/Airmont/High-School-Girls/Monsey-Beis-Chaya-Mushka-High,767854
USA,NY,Albany,Camp Gan Israel,Day Camp,Eastern New York,Yisroel Rubin,Mendy Mathless,Devora Leah Mathless,,2,42.65643,-73.79074,https://www.chabad.org/jewish-centers/6382479/Albany/Day-Camp/Camp-Gan-Israel,6382479
USA,NY,Albany,Chabad of the Capital District,Chabad House,Eastern New York,Yisroel Rubin,Yisroel Rubin,Rochel Rubin,,2,42.65963,-73.79373,https://www.chabad.org/jewish-centers/117663/Albany/Synagogue/Chabad-of-the-Capital-District,117663
USA,NY,Albany,Maimonides Hebrew Day School,Day School,Eastern New York,Yisroel Rubin,Yisroel Rubin,Rochel Rubin,,2,42.65643,-73.79074,https://www.chabad.org/jewish-centers/119060/Albany/Day-School/Maimonides-Hebrew-Day-School,119060
USA,NY,Albany,Shabbos House Rohr Chabad Jewish Student Center,Campus Chabad House,Eastern New York,Yisroel Rubin,Mendel Rubin,Raizy Rubin,,2,42.6852,-73.83493,https://www.chabad.org/jewish-centers/118281/Albany/Campus-Chabad-House/Shabbos-House-Rohr-Chabad-Jewish-Student-Center,118281
USA,NY,Albany,The Friendship Circle,Social Services,Eastern New York,Yisroel Rubin,,,,0,42.66157,-73.79673,https://www.chabad.org/jewish-centers/303883/Albany/Social-Services/The-Friendship-Circle,303883
USA,NY,Albany,University Heights Chabad,Campus Chabad House,Eastern New York,Yisroel Rubin,Mendy Mathless,Devora Leah Mathless,,2,42.65417,-73.78195,https://www.chabad.org/jewish-centers/1377561/Albany/Campus-Chabad-House/University-Heights-Chabad,1377561
USA,NY,Amenia,Chabad of Amenia,,Eastern New York,Yisroel Rubin,Mendy Mochkin,Miki Mochkin,,2,41.84926,-73.55679,https://www.chabad.org/jewish-centers/7200101/Amenia/Chabad-of-Amenia,7200101
USA,NY,Andes,Camp L'man Achai,Overnight Camp,Eastern New York,Yisroel Rubin,Yitzchok Steinmetz,Asher Steinmetz,,2,42.11598,-74.80048,https://www.chabad.org/jewish-centers/120219/Andes/Overnight-Camp/Camp-Lman-Achai,120219
USA,NY,Armonk,Chabad of ACP,Chabad House,New York City,Tzach,Yosef Y. Butman,Esther Butman,,2,41.12941,-73.71354,https://www.chabad.org/jewish-centers/1398239/Armonk/Synagogue/Chabad-of-ACP,1398239
USA,NY,Bayside,Chabad of Northeast Queens,Chabad House,New York City,Tzach,Yossi Blesofsky,Dina Blesofsky,,2,40.77802,-73.77731,https://www.chabad.org/jewish-centers/117923/Bayside/Synagogue/Chabad-of-Northeast-Queens,117923
USA,NY,Beacon,Chabad of Beacon,Synagogue,Eastern New York,Yisroel Rubin,Shaya Itkin,Esther Itkin,,2,41.52289,-73.98809,https://www.chabad.org/jewish-centers/6075142/Beacon/Synagogue/Chabad-of-Beacon,6075142
USA,NY,Bedford Corners,Chabad of Bedford,Chabad House,New York City,Tzach,Arik Wolf,Sara Wolf; Mendel Wolf; Lieba Wolf,,4,41.2003,-73.70994,https://www.chabad.org/jewish-centers/118560/Bedford-Corners/Synagogue/Chabad-of-Bedford,118560
USA,NY,Briarwood,Chabad of Briarwood,Chabad House,New York City,Tzach,Dovi Steinmetz,Chani Steinmetz,,2,40.71093,-73.81356,https://www.chabad.org/jewish-centers/887422/Briarwood/Synagogue/Chabad-of-Briarwood,887422
USA,NY,Bronx,Chabad of South Bronx,Chabad House,New York City,Tzach,Choli Mishulovin,Chana Mushka Mishulovin,,2,40.82686,-73.92169,https://www.chabad.org/jewish-centers/4178434/Bronx/Synagogue/Chabad-of-South-Bronx,4178434
USA,NY,Bronx,Chabad of the Medical Community,Campus Chabad House,New York City,Tzach,Shneur Zalman Teitelbaum,Tamar Teitelbaum,,2,40.85494,-73.85134,https://www.chabad.org/jewish-centers/335328/Bronx/Campus-Chabad-House/Chabad-of-the-Medical-Community,335328
USA,NY,Brooklyn,770 Visitors Center,,New York City,Tzach,Chaim Boruch Halberstam,,,1,40.66897,-73.94282,https://www.chabad.org/jewish-centers/5965187/Brooklyn/770-Visitors-Center,5965187
USA,NY,Brooklyn,ALIYA,Adult Education,New York City,Tzach,Moishe Feiglin,Sara Feiglin; Noteh Shemtov; Menachem Baitz,,4,40.66207,-73.94508,https://www.chabad.org/jewish-centers/120264/Brooklyn/Adult-Education/ALIYA,120264
USA,NY,Brooklyn,Agudas Chassidei Chabad,Chabad House,New York City,Tzach,Avrohom Shemtov,,,1,40.66897,-73.94282,https://www.chabad.org/jewish-centers/118267/Brooklyn/Synagogue/Agudas-Chassidei-Chabad,118267
USA,NY,Brooklyn,Aliya Girls,Youth Center,New York City,Tzach,Meir New,Chaviva New,,2,40.6643,-73.94434,https://www.chabad.org/jewish-centers/2455396/Brooklyn/Youth-Center/Aliya-Girls,2455396
USA,NY,Brooklyn,American Friends of Chabad Venezuelan Jewry,Drug Rehabilitation Center,New York City,Tzach,,,,0,40.66452,-73.94674,https://www.chabad.org/jewish-centers/4436127/Brooklyn/Drug-Rehabilitation-Center/American-Friends-of-Chabad-Venezuelan-Jewry,4436127
USA,NY,Brooklyn,Associated Beth Rivkah Schools,Day School,New York City,Tzach,Bentzion Stock,,,1,40.66612,-73.94982,https://www.chabad.org/jewish-centers/117667/Brooklyn/Day-School/Associated-Beth-Rivkah-Schools,117667
USA,NY,Brooklyn,Bais Menachem Mendel,Synagogue,New York City,Tzach,,,,0,40.62564,-73.95929,https://www.chabad.org/jewish-centers/1441397/Brooklyn/Synagogue/Bais-Menachem-Mendel,1441397
USA,NY,Brooklyn,Beth Rivkah Headstart,Preschool,New York City,Tzach,Bentzion Stock,,,1,40.66555,-73.95061,https://www.chabad.org/jewish-centers/119810/Brooklyn/Preschool/Beth-Rivkah-Headstart,119810
USA,NY,Brooklyn,Brownstone Gan Katan Preschool,Preschool,New York City,Tzach,,,,0,40.67289,-73.95209,https://www.chabad.org/jewish-centers/2573862/Brooklyn/Preschool/Brownstone-Gan-Katan-Preschool,2573862
USA,NY,Brooklyn,CTeen Program,Chabad House,New York City,Tzach,Yisroel Langsam,,,1,40.63635,-73.96893,https://www.chabad.org/jewish-centers/4568477/Brooklyn/Synagogue/CTeen-Program,4568477
USA,NY,Brooklyn,CYP - F.R.E.E.,Young Professionals,New York City,Tzach,Dovid Okonov,Ruta Okonov,,2,40.58124,-73.96253,https://www.chabad.org/jewish-centers/5955485/Brooklyn/Young-Professionals/CYP-FREE,5955485
USA,NY,Brooklyn,Camp F.R.E.E. - Gan Israel,Day Camp,New York City,Tzach,Mayer Okunov,Mendel Okunov; Dan Dashevsky; Dovid Okunov,,4,40.62779,-73.97047,https://www.chabad.org/jewish-centers/159405/Brooklyn/Day-Camp/Camp-FREE-Gan-Israel,159405
USA,NY,Brooklyn,Central Yeshiva Tomchei Tmimim Lubavitch,,New York City,Tzach,,,Yoel Kahn obm,1,40.66897,-73.94282,https://www.chabad.org/jewish-centers/1678406/Brooklyn/Central-Yeshiva-Tomchei-Tmimim-Lubavitch,1678406
USA,NY,Brooklyn,Chabad Colleges Downtown Brooklyn,Campus Chabad House,New York City,Tzach,Eliyahu Raskin,Shaindy Raskin,,2,40.69459,-73.99428,https://www.chabad.org/jewish-centers/3211263/Brooklyn/Campus-Chabad-House/Chabad-Colleges-Downtown-Brooklyn,3211263
USA,NY,Brooklyn,Chabad Downtown Brooklyn,Chabad House,New York City,Tzach,Zalman Korf,Mushka Korf,,2,40.68809,-73.98698,https://www.chabad.org/jewish-centers/5838552/Brooklyn/Synagogue/Chabad-Downtown-Brooklyn,5838552
USA,NY,Brooklyn,Chabad Hebrew School MB,Hebrew School,New York City,Tzach,Avrohom Winner,Alta Shula Winner,,2,40.5942,-73.98177,https://www.chabad.org/jewish-centers/519227/Brooklyn/Hebrew-School/Chabad-Hebrew-School-MB,519227
USA,NY,Brooklyn,Chabad Israeli Tourist and Delegations,,New York City,Tzach,Yosef Yitzchok Noyman,Rivka Noyman,,2,40.66408,-73.93842,https://www.chabad.org/jewish-centers/6993780/Brooklyn/Chabad-Israeli-Tourist-and-Delegations,6993780
USA,NY,Brooklyn,Chabad Jewish Center Prospect Heights West,Chabad House,New York City,Tzach,Menachem M. Hecht,Chaya Mushka Hecht,,2,40.68064,-73.96751,https://www.chabad.org/jewish-centers/1341865/Brooklyn/Synagogue/Chabad-Jewish-Center-Prospect-Heights-West,1341865
USA,NY,Brooklyn,Chabad Lubavitch Headquarters,Social Services,New York City,Tzach,Yehuda Krinsky,Yirmi Berkowitz,,2,40.66897,-73.94282,https://www.chabad.org/jewish-centers/117678/Brooklyn/Social-Services/Chabad-Lubavitch-Headquarters,117678
USA,NY,Brooklyn,Chabad Lubavitch Media Center,,New York City,Tzach,Zalman Shmotkin,,,1,40.66897,-73.94282,https://www.chabad.org/jewish-centers/118005/Brooklyn/Chabad-Lubavitch-Media-Center,118005
USA,NY,Brooklyn,Chabad Lubavitch of Boro Park,Chabad House,New York City,Tzach,Aron Ginsberg,,,1,40.63765,-73.98183,https://www.chabad.org/jewish-centers/118340/Brooklyn/Synagogue/Chabad-Lubavitch-of-Boro-Park,118340
USA,NY,Brooklyn,Chabad Lubavitch of Kensington,Jewish Community Center,New York City,Tzach,Moshe Chaim Levin,Doba Levin; Yehuda Levin; Yisroel Langsam; Mushkie Langsam; Chana Levin,,6,40.63372,-73.97159,https://www.chabad.org/jewish-centers/117983/Brooklyn/Synagogue/Chabad-Lubavitch-of-Kensington,117983
USA,NY,Brooklyn,Chabad Lubavitch of Kingsborough College,Campus Chabad House,New York City,Tzach,Efraim Zaltzman,Hannah Zaltzman,,2,40.58823,-73.96678,https://www.chabad.org/jewish-centers/118366/Brooklyn/Campus-Chabad-House/Chabad-Lubavitch-of-Kingsborough-College,118366
USA,NY,Brooklyn,Chabad Lubavitch of Manhattan Beach,Russian Jewry Center,New York City,Tzach,Avrohom Winner,Alta Shula Winner,,2,40.5942,-73.98177,https://www.chabad.org/jewish-centers/118558/Brooklyn/Synagogue/Chabad-Lubavitch-of-Manhattan-Beach,118558
USA,NY,Brooklyn,Chabad Lubavitch of West Brighton,Russian Jewry Center,New York City,Tzach,Zushe Winner,Avrohom Winner; Esther Winner; Alta Shula Winner; Moishe Dovid Winner; Leah Winner; Shimon Silver; Sarah Silver; Mendel Winner; Jana Winner,,10,40.57788,-73.96756,https://www.chabad.org/jewish-centers/117680/Brooklyn/Synagogue/Chabad-Lubavitch-of-West-Brighton,117680
USA,NY,Brooklyn,Chabad Oceanview Jewish Center,Jewish Community Center,New York City,Tzach,David Okunov,Yocheved Okunov,,2,40.57662,-73.96343,https://www.chabad.org/jewish-centers/7105371/Brooklyn/Synagogue/Chabad-Oceanview-Jewish-Center,7105371
USA,NY,Brooklyn,Chabad Prospect Heights East,Jewish Community Center,New York City,Tzach,Ari Kirschenbaum,Chaya Kirschenbaum; Menachem Kirschenbaum; Hadassah Kirschenbaum,,4,40.67304,-73.9566,https://www.chabad.org/jewish-centers/792964/Brooklyn/Synagogue/Chabad-Prospect-Heights-East,792964
USA,NY,Brooklyn,Chabad at Brooklyn College,Campus Chabad House,New York City,Tzach,Moshe Raichik,Riky Raichik,,2,40.62852,-73.9448,https://www.chabad.org/jewish-centers/477762/Brooklyn/Campus-Chabad-House/Chabad-at-Brooklyn-College,477762
USA,NY,Brooklyn,Chabad of Bay Ridge,Chabad House,New York City,Tzach,Tzvi Stroh,Kalman Krinsky,,2,40.63503,-74.02394,https://www.chabad.org/jewish-centers/118501/Brooklyn/Synagogue/Chabad-of-Bay-Ridge,118501
USA,NY,Brooklyn,Chabad of Bensonhurst,Chabad House,New York City,Tzach,Avrohom Hertz,Chana Hertz,,2,40.60261,-73.98984,https://www.chabad.org/jewish-centers/118391/Brooklyn/Synagogue/Chabad-of-Bensonhurst,118391
USA,NY,Brooklyn,Chabad of Brooklyn Heights,Chabad House,New York City,Tzach,Aaron Raskin,Eliyahu Raskin; Yankel Raskin,,3,40.69406,-73.99362,https://www.chabad.org/jewish-centers/117665/Brooklyn/Synagogue/Chabad-of-Brooklyn-Heights,117665
USA,NY,Brooklyn,Chabad of Brooklyn Law School,,New York City,Tzach,,,,0,40.69203,-73.98605,https://www.chabad.org/jewish-centers/3211203/Brooklyn/Chabad-of-Brooklyn-Law-School,3211203
USA,NY,Brooklyn,Chabad of Bushwick,Chabad House,New York City,Tzach,Menachem Heller,Chana Heller,,2,40.70499,-73.92874,https://www.chabad.org/jewish-centers/475066/Brooklyn/Synagogue/Chabad-of-Bushwick,475066
USA,NY,Brooklyn,Chabad of Canarsie and Starrett City,Chabad House,New York City,Tzach,Levi Yitzchok Tzfasman,Faigy Tzfasman; Levi Matusof; Chana Matusof,,4,40.64636,-73.89026,https://www.chabad.org/jewish-centers/2760734/Brooklyn/Synagogue/Chabad-of-Canarsie-and-Starrett-City,2760734
USA,NY,Brooklyn,Chabad of Clinton Hill and Pratt Institute,Campus Chabad House,New York City,Tzach,Yossi Eliav,Chaya Eliav,,2,40.69426,-73.96259,https://www.chabad.org/jewish-centers/419469/Brooklyn/Campus-Chabad-House/Chabad-of-Clinton-Hill-and-Pratt-Institute,419469
USA,NY,Brooklyn,Chabad of Ditmas Park,Chabad House,New York City,Tzach,Yehuda Levin,Chana Levin,,2,40.6361,-73.97079,https://www.chabad.org/jewish-centers/2121036/Brooklyn/Synagogue/Chabad-of-Ditmas-Park,2121036
USA,NY,Brooklyn,Chabad of Dumbo,Chabad House,New York City,Tzach,Avrom Tov Chakoff,Esther Chakoff,,2,40.70384,-73.98508,https://www.chabad.org/jewish-centers/328486/Brooklyn/Synagogue/Chabad-of-Dumbo,328486
USA,NY,Brooklyn,Chabad of Gerritsen Beach,Chabad House,New York City,Tzach,Mendel Mann,Bracha Mann,,2,40.58911,-73.92681,https://www.chabad.org/jewish-centers/6165402/Brooklyn/Synagogue/Chabad-of-Gerritsen-Beach,6165402
USA,NY,Brooklyn,Chabad of Gravesend,Chabad House,New York City,Tzach,Shimon Silver,Sarah Silver; Yanky Blasberg; Batsheva Blasberg,,4,40.60092,-73.97713,https://www.chabad.org/jewish-centers/3196458/Brooklyn/Synagogue/Chabad-of-Gravesend,3196458
USA,NY,Brooklyn,Chabad of Greenpoint,Chabad House,New York City,Tzach,Yisroel Nissim,Raizel Nissim,,2,40.73179,-73.95871,https://www.chabad.org/jewish-centers/2880856/Brooklyn/Synagogue/Chabad-of-Greenpoint,2880856
USA,NY,Brooklyn,Chabad of Kings Highway,Chabad House,New York City,Tzach,Zalmen Drizin,Frumie Drizin,,2,40.5942,-73.98177,https://www.chabad.org/jewish-centers/262258/Brooklyn/Synagogue/Chabad-of-Kings-Highway,262258
USA,NY,Brooklyn,Chabad of North Brooklyn,Chabad House,New York City,Tzach,Shmuel Lein,Devora Leah Lein; Yekutiel Feldman; Menachem Mendel Morozow,,4,40.71672,-73.95936,https://www.chabad.org/jewish-centers/212289/Brooklyn/Synagogue/Chabad-of-North-Brooklyn,212289
USA,NY,Brooklyn,Chabad of Park Slope,Synagogue,New York City,Tzach,Shimon Hecht,Sarah Hecht; Moshe Hecht; Mushky Hecht; Menashe Wolf,,5,40.66851,-73.9738,https://www.chabad.org/jewish-centers/118272/Brooklyn/Synagogue/Chabad-of-Park-Slope,118272
USA,NY,Brooklyn,Chabad of Prospect Lefferts Gardens,Chabad House,New York City,Tzach,Yisroel  Botnick,Devorah Leah Botnick,,2,40.66086,-73.95819,https://www.chabad.org/jewish-centers/6995078/Brooklyn/Synagogue/Chabad-of-Prospect-Lefferts-Gardens,6995078
USA,NY,Brooklyn,Chabad of SUNY Downstate,Campus Chabad House,New York City,Tzach,Yosef Yitzchok Holzman,Tamar Holzman,,2,40.65434,-73.94358,https://www.chabad.org/jewish-centers/7156512/Brooklyn/Campus-Chabad-House/Chabad-of-SUNY-Downstate,7156512
USA,NY,Brooklyn,Chabad of Sea-Gate,Chabad House,New York City,Tzach,Heshy Ceitlin,Rivkah Brikman; Rochel Chana Ceitlin; Isser Brikman; Chani Brikman,Chaim Brikman obm,6,40.57602,-74.00563,https://www.chabad.org/jewish-centers/117668/Brooklyn/Synagogue/Chabad-of-Sea-Gate,117668
USA,NY,Brooklyn,Chabad of Sheepshead Bay,Chabad House,New York City,Tzach,Shlomo Z. Cohen,Tzippy Cohen; Chaim Yitzchok Schwartz; Chaya Mussia Schwartz; Moishy Teitelbaum; Moishy Teitelbaum; Chayale Teitelbaum,,7,40.59016,-73.95605,https://www.chabad.org/jewish-centers/117911/Brooklyn/Synagogue/Chabad-of-Sheepshead-Bay,117911
USA,NY,Brooklyn,Chabad of Windsor Terrace,Chabad House,New York City,Tzach,,,,0,40.65234,-73.97633,https://www.chabad.org/jewish-centers/2698274/Brooklyn/Synagogue/Chabad-of-Windsor-Terrace,2698274
USA,NY,Brooklyn,Chabad on Campus International,Campus Chabad House,New York City,Tzach,Yossy Gordon,Menachem Schmidt; Avi Weinstein; Shlomie Chein; Moshe Chaim Dubrowski; Levi Yitzchok Rabin; Ephraim Merovitch; Shmuel Levin; Aharon Berelowitz; Yossi Witkes,Moshe Kotlarsky obm,11,40.67,-73.94441,https://www.chabad.org/jewish-centers/118590/Brooklyn/Campus-Chabad-House/Chabad-on-Campus-International,118590
USA,NY,Brooklyn,Chabad-House of Flatbush,Chabad House,New York City,Tzach,Zalman Liberow,Dovber Bryski,,2,40.61058,-73.95112,https://www.chabad.org/jewish-centers/117679/Brooklyn/Synagogue/Chabad-House-of-Flatbush,117679
USA,NY,Brooklyn,Chabad-Lubavitch of Clinton Hill,Chabad House,New York City,Tzach,Zalman Abramowitz,Esther Abramowitz,,2,40.6929,-73.9666,https://www.chabad.org/jewish-centers/1114832/Brooklyn/Synagogue/Chabad-Lubavitch-of-Clinton-Hill,1114832
USA,NY,Brooklyn,Chabad-Lubavitch of Midwood,Chabad House,New York City,Tzach,Yochanan Marosov,Devorah Marosov,,2,40.62424,-73.96,https://www.chabad.org/jewish-centers/766703/Brooklyn/Synagogue/Chabad-Lubavitch-of-Midwood,766703
USA,NY,Brooklyn,Chinuch Office,Educational Resource Center,New York City,Tzach,Nochem Kaplan,,,1,40.66897,-73.94282,https://www.chabad.org/jewish-centers/118568/Brooklyn/Educational-Resource-Center/Chinuch-Office,118568
USA,NY,Brooklyn,Colel Chabad,Social Services,New York City,Tzach,Sholom Duchman,Shmuel Lipsker; Zalman Duchman; Ephraim Duchman; Sruly Duchman,Chaim Gurevitch obm,6,40.66891,-73.94162,https://www.chabad.org/jewish-centers/117672/Brooklyn/Social-Services/Colel-Chabad,117672
USA,NY,Brooklyn,Colel Menachem,Kollel,New York City,Tzach,,,Binyomin Klein obm,1,40.66897,-73.94282,https://www.chabad.org/jewish-centers/117666/Brooklyn/Kollel/Colel-Menachem,117666
USA,NY,Brooklyn,Collel Menachem,Kollel,New York City,Tzach,,,Binyomin Klein obm,1,40.66864,-73.94287,https://www.chabad.org/jewish-centers/119722/Brooklyn/Kollel/Collel-Menachem,119722
USA,NY,Brooklyn,F.R.E.E. Brit Milah (Circumcision) Center,Russian Jewry Center,New York City,Tzach,Mayer Okunov,David Okunov,,2,40.57662,-73.96343,https://www.chabad.org/jewish-centers/160169/Brooklyn/Synagogue/FREE-Brit-Milah-Circumcision-Center,160169
USA,NY,Brooklyn,F.R.E.E. Educational Center - Ohel Dovid,High School - Boys,New York City,Tzach,Mayer Okunov,Schleima Galperin; Mendel Okunov; Dan Dashevsky; David Okunov,,5,40.62779,-73.97047,https://www.chabad.org/jewish-centers/223158/Brooklyn/High-School-Boys/FREE-Educational-Center-Ohel-Dovid,223158
USA,NY,Brooklyn,F.R.E.E. HQ - Friends of Refugees of Eastern Europe,Russian Jewry Center,New York City,Tzach,Mayer Okunov,Hershel Okonov; Schleima Galperin; Yosef Y. Okunov; David Okunov,,5,40.66797,-73.94319,https://www.chabad.org/jewish-centers/117671/Brooklyn/Synagogue/FREE-HQ-Friends-of-Refugees-of-Eastern-Europe,117671
USA,NY,Brooklyn,F.R.E.E. of Brighton Beach - The Jewish Russian Community Center,Russian Jewry Center,New York City,Tzach,Dovid Okonov,Hershel Okonov; Choni Goldman; Zlata Okonov; Bassie Goldman; Ruta Okonov; Menachem Mendel Okonov; Yehudis Okonov,,8,40.581,-73.96248,https://www.chabad.org/jewish-centers/273334/Brooklyn/Synagogue/FREE-of-Brighton-Beach-The-Jewish-Russian-Community-Center,273334
USA,NY,Brooklyn,Friendship Circle of Brooklyn,Friendship Circle,New York City,Tzach,Berel Majesky,Chani Majesky,,2,40.65984,-73.9384,https://www.chabad.org/jewish-centers/582828/Brooklyn/Friendship-Circle/Friendship-Circle-of-Brooklyn,582828
USA,NY,Brooklyn,Gan Yisroel School,Day School,New York City,Tzach,Aron Ginsberg,Shneur Zalman Bryski; Yoseph Lipskier,,3,40.63765,-73.98183,https://www.chabad.org/jewish-centers/1439356/Brooklyn/Day-School/Gan-Yisroel-School,1439356
USA,NY,Brooklyn,Gan on Greene - Fort Greene Preschool,Preschool,New York City,Tzach,,,,0,40.68602,-73.97028,https://www.chabad.org/jewish-centers/3168881/Brooklyn/Preschool/Gan-on-Greene-Fort-Greene-Preschool,3168881
USA,NY,Brooklyn,Heichal Menachem,Library,New York City,Tzach,Leib Altein,Meir Kleinman; Yisroel Stern; Dovid Moshe Meisels,,4,40.62963,-73.98728,https://www.chabad.org/jewish-centers/118011/Brooklyn/Library/Heichal-Menachem,118011
USA,NY,Brooklyn,IYYUN / CHABAD,Chabad House,New York City,Tzach,DovBer Pinson,Rochie Pinson,,2,40.67817,-73.98352,https://www.chabad.org/jewish-centers/7295252/Brooklyn/Synagogue/IYYUN-CHABAD,7295252
USA,NY,Brooklyn,Igud Mesivtos V'Yeshivos Lubavitch,Yeshivah Ketanah/Mesivtah,New York City,Tzach,Mendel Itzinger,Yossi Baitz,,2,40.66897,-73.94282,https://www.chabad.org/jewish-centers/3009170/Brooklyn/Yeshivah-KetanahMesivtah/Igud-Mesivtos-VYeshivos-Lubavitch,3009170
USA,NY,Brooklyn,JLI - F.R.E.E.,,New York City,Tzach,,,,0,40.581,-73.96248,https://www.chabad.org/jewish-centers/5955538/Brooklyn/JLI-FREE,5955538
USA,NY,Brooklyn,Jewish Educational Media,Preschool,New York City,Tzach,Efroyim Grossberger,Hillel D. Krinsky; Elkanah Shmotkin; Mendel Gourarie; Yechiel Cagen; Levi Greisman; Yitzchok Tsap; Yaakov Rozenblat; Choli Mishulovin; Eli Sapochkinsky; Chaim Loschak; Shmuel Hurwitz,,12,40.66897,-73.94282,https://www.chabad.org/jewish-centers/118186/Brooklyn/Preschool/Jewish-Educational-Media,118186
USA,NY,Brooklyn,Kehot Publication Society,Publishing House,New York City,Tzach,Yosef B. Friedman,Dovid Olidort; Elie Matusof; Mendel Laine; Avraham Dovid Vaisfiche; Nisson Moishe Vaisfiche; Yechiel Goldberg,,7,40.66897,-73.94282,https://www.chabad.org/jewish-centers/118192/Brooklyn/Publishing-House/Kehot-Publication-Society,118192
USA,NY,Brooklyn,"Kehot Publication Society, Showroom",Publishing House,New York City,Tzach,Yosef B. Friedman,Moishe Markel,,2,40.6698,-73.9419,https://www.chabad.org/jewish-centers/119732/Brooklyn/Publishing-House/Kehot-Publication-Society-Showroom,119732
USA,NY,Brooklyn,Kiddie Gan Day Camp,Day Camp,New York City,Tzach,Moshe Hecht,,,1,40.66851,-73.9738,https://www.chabad.org/jewish-centers/1156720/Brooklyn/Day-Camp/Kiddie-Gan-Day-Camp,1156720
USA,NY,Brooklyn,Lahak Hanochos Inc.,Publishing House,New York City,Tzach,Chaim Shaul Brook,Dovid Feldman; Mendel Kaplan; Yisroel Shimon Kalmenson; Yisroel Zilbershtrom,,5,40.66897,-73.94282,https://www.chabad.org/jewish-centers/118193/Brooklyn/Publishing-House/Lahak-Hanochos-Inc,118193
USA,NY,Brooklyn,Levi Yitzchok Library - LYO,Library,New York City,Tzach,Dovid A. Polter,,,1,40.66867,-73.94206,https://www.chabad.org/jewish-centers/119962/Brooklyn/Library/Levi-Yitzchok-Library-LYO,119962
USA,NY,Brooklyn,Library of Agudas Chasidei Chabad,Library,New York City,Tzach,Shalom Dovber Levine,Gavriel Schapiro; Yitzhok Wilhelm; Schneur Zalmen Levine,,4,40.66897,-73.94282,https://www.chabad.org/jewish-centers/117986/Brooklyn/Library/Library-of-Agudas-Chasidei-Chabad,117986
USA,NY,Brooklyn,Living Chassidus,Chabad House,New York City,Tzach,Sharon Weiss,Michal Weiss,,2,40.66867,-73.94206,https://www.chabad.org/jewish-centers/6762711/Brooklyn/Synagogue/Living-Chassidus,6762711
USA,NY,Brooklyn,Lubavitch Youth Mitzvah Tank,Chabad House,New York City,Tzach,Levi Baumgarten,Shlomo Friedman; Avrohom Baumgarten; Mendel Sorkin,Shmuel M. Butman obm,5,40.66731,-73.94116,https://www.chabad.org/jewish-centers/119921/Brooklyn/Synagogue/Lubavitch-Youth-Mitzvah-Tank,119921
USA,NY,Brooklyn,Lubavitch Youth Organization,Chabad House,New York City,Tzach,,,Shmuel M. Butman obm,1,40.66867,-73.94206,https://www.chabad.org/jewish-centers/119923/Brooklyn/Synagogue/Lubavitch-Youth-Organization,119923
USA,NY,Brooklyn,Lubavitch Youth Organization Headquarters,Chabad House,New York City,Tzach,Kasriel Kastel,Shlomo Friedman; Dovid A. Polter; Menachem Mendel Alperowics; Yossi Rapp; Dovid Friedman; Meyer Soussan,Dovid Raskin obm; Shmuel M. Butman obm,9,40.66897,-73.94282,https://www.chabad.org/jewish-centers/117669/Brooklyn/Synagogue/Lubavitch-Youth-Organization-Headquarters,117669
USA,NY,Brooklyn,Machon L'Yahadus,Yeshivah for Beginners - Women,New York City,Tzach,Sholem Ber Hecht,,,1,40.66974,-73.94091,https://www.chabad.org/jewish-centers/119688/Brooklyn/Yeshivah-for-Beginners-Women/Machon-LYahadus,119688
USA,NY,Brooklyn,Mayan Yisroel,Synagogue,New York City,Tzach,Yoseph Vigler,Tzippy Vigler; Menachem Mendel Kahn,,3,40.61779,-73.94173,https://www.chabad.org/jewish-centers/118573/Brooklyn/Synagogue/Mayan-Yisroel,118573
USA,NY,Brooklyn,Mazel Day School,Day School,New York City,Tzach,Avremel Okonov,Chana Okonov; Menachem Mendel Okonov; Yehudis Okonov; Hershel Okonov; Yaakov Jelen,,6,40.58124,-73.96253,https://www.chabad.org/jewish-centers/609491/Brooklyn/Day-School/Mazel-Day-School,609491
USA,NY,Brooklyn,Mercaz Yisroel L'Chinuch,Day School,New York City,Tzach,Shneur Zalman Mendelsohn,Sarah Basya Mendelsohn,,2,40.60684,-73.95013,https://www.chabad.org/jewish-centers/452757/Brooklyn/Day-School/Mercaz-Yisroel-LChinuch,452757
USA,NY,Brooklyn,Merkos L'inyonei Chinuch,,New York City,Tzach,Avraham Berkowitz,Zalman Leib Markowitz,Moshe Kotlarsky obm,3,40.66897,-73.94282,https://www.chabad.org/jewish-centers/117670/Brooklyn/Merkos-Linyonei-Chinuch,117670
USA,NY,Brooklyn,Merkos Suite 302,Adult Education,New York City,Tzach,Mendy Kotlarsky,Nochum Schapiro; Yosef Cadaner; Chai Kohan; Dovid Feldman; Mendel Chaiton,,6,40.66895,-73.94247,https://www.chabad.org/jewish-centers/325693/Brooklyn/Adult-Education/Merkos-Suite-302,325693
USA,NY,Brooklyn,Mifal Hafatza,Adult Education,New York City,Tzach,Yoel Naparstek,,,1,40.63824,-73.99099,https://www.chabad.org/jewish-centers/5487881/Brooklyn/Adult-Education/Mifal-Hafatza,5487881
USA,NY,Brooklyn,Mill Basin Jewish Center,Chabad House,New York City,Tzach,Mattisyohu Charytan,Chana Charytan,,2,40.63271,-73.9235,https://www.chabad.org/jewish-centers/5300608/Brooklyn/Synagogue/Mill-Basin-Jewish-Center,5300608
USA,NY,Brooklyn,Mitzvah Tank Organization,Mitzvah Mobile,New York City,Tzach,Mordy Hirsch,,,1,40.66813,-73.94209,https://www.chabad.org/jewish-centers/1486042/Brooklyn/Mitzvah-Mobile/Mitzvah-Tank-Organization,1486042
USA,NY,Brooklyn,National Committee for Furtherance of Jewish Education,Jewish Community Center,New York City,Tzach,Sholem Ber Hecht,Y. Yitzhak Hecht; Shloma Leib Abramowitz; Shimon Hecht; Eli Muli Abramowitz; Faivel Rimler; Moshe Hecht; Menashe Wolf; Yanky Hecht,Chave Hecht obm; Michoel Behrman obm,11,40.66888,-73.94104,https://www.chabad.org/jewish-centers/117674/Brooklyn/Synagogue/National-Committee-for-Furtherance-of-Jewish-Education,117674
USA,NY,Brooklyn,Neiros Lehuir,Chabad House,New York City,Tzach,Levi Ginsberg,Chayale Ginsberg,,2,40.62185,-73.98492,https://www.chabad.org/jewish-centers/7167732/Brooklyn/Synagogue/Neiros-Lehuir,7167732
USA,NY,Brooklyn,Oceanview Chabad House,Chabad House,New York City,Tzach,David Okunov,Yocheved Okunov,,2,40.57515,-73.96167,https://www.chabad.org/jewish-centers/7144239/Brooklyn/Synagogue/Oceanview-Chabad-House,7144239
USA,NY,Brooklyn,Or Hachasidus Publishing,Chabad House,New York City,Tzach,Avraham Mann,,,1,40.66777,-73.93998,https://www.chabad.org/jewish-centers/1567261/Brooklyn/Synagogue/Or-Hachasidus-Publishing,1567261
USA,NY,Brooklyn,Shabbat Candles Campaign - Mivtza Neshek,,New York City,Tzach,,,,0,40.66325,-73.94134,https://www.chabad.org/jewish-centers/713395/Brooklyn/Shabbat-Candles-Campaign-Mivtza-Neshek,713395
USA,NY,Brooklyn,Sichos in English,Publishing House,New York City,Tzach,Shmuel Avtzon,Mushka Avtzon,,2,40.66895,-73.94247,https://www.chabad.org/jewish-centers/117675/Brooklyn/Publishing-House/Sichos-in-English,117675
USA,NY,Brooklyn,TAG Counceling Programs,Social Services,New York City,Tzach,,,,0,40.66888,-73.94104,https://www.chabad.org/jewish-centers/120020/Brooklyn/Social-Services/TAG-Counceling-Programs,120020
USA,NY,Brooklyn,Taharas Hamishpacha International,Adult Education,New York City,Tzach,Chaya Sarah Zarchi,Kraindy Klein,,2,40.66829,-73.94254,https://www.chabad.org/jewish-centers/117664/Brooklyn/Adult-Education/Taharas-Hamishpacha-International,117664
USA,NY,Brooklyn,The Chabad Center for Russian Speakers,,New York City,Tzach,Mendy Weissberg,Sterny Weissberg,,2,40.61914,-73.9063,https://www.chabad.org/jewish-centers/5554934/Brooklyn/The-Chabad-Center-for-Russian-Speakers,5554934
USA,NY,Brooklyn,The Jewish Learning Institute,Jewish Learning Institute,New York City,Tzach,Efraim Mintz,Mendel Sirota; Yisrael Rice; Shaina Basha Mintz; Zalman Moshe Abraham; Dubi Rabinowitz; Naftali Silberberg; Shaindy Jacobson; Heshy Epstein; Mordechai Dinerman; Aharon Loschak; Yanki Tauber; Mendel Rosenfeld; Shmuly Karp; Shmuel Super; Shlomie Tenenbaum; Mendel Glazman; Mendel Ashkenazi; Aron Liberow; Isaac Mintz; Zalman Korf; Yirmi Emmer; Motti Klein; Levi Moscowitz; Berel Polityko; Schabse Soffer; Levi Goldshmid,,27,40.66888,-73.94104,https://www.chabad.org/jewish-centers/246082/Brooklyn/Jewish-Learning-Institute/The-Jewish-Learning-Institute,246082
USA,NY,Brooklyn,The Shluchim Office,,New York City,Tzach,Gedalya Shemtov,Avraham Green; Bassie Shemtov; Yehoshua Steinberg; Mendy Shemtov; Yossi Goodman; Menachem Mendel Greenberg; Yisroel Taub,Elkanah Hazan obm,9,40.66888,-73.94104,https://www.chabad.org/jewish-centers/117979/Brooklyn/The-Shluchim-Office,117979
USA,NY,Brooklyn,Tzivos Hashem,Jewish Community Center,New York City,Tzach,Yerachmiel Benjaminson,Zalman Glick; Mendel Nemes; Dovid Sholom Pape; Shimmy Weinbaum; Chaim Benjaminson; Berel Majesky; Sholom Ber Baumgarten; Mendel Spalter; Yossi Leverton,,10,40.66867,-73.94206,https://www.chabad.org/jewish-centers/117676/Brooklyn/Synagogue/Tzivos-Hashem,117676
USA,NY,Brooklyn,Tzivos Hashem of Boro Park,Tzivos Hashem Chapter,New York City,Tzach,Mendel Ginsberg,Nechama Ginsberg; Shneur Zalman Bryski; Yosef Yitzchak Scheiner,,4,40.63028,-73.98657,https://www.chabad.org/jewish-centers/4636347/Brooklyn/Tzivos-Hashem-Chapter/Tzivos-Hashem-of-Boro-Park,4636347
USA,NY,Brooklyn,United Lubavitcher Yeshivoth,Day School,New York City,Tzach,,,Dovid Raskin obm,1,40.62779,-73.97047,https://www.chabad.org/jewish-centers/119714/Brooklyn/Day-School/United-Lubavitcher-Yeshivoth,119714
USA,NY,Brooklyn,United Lubavitcher Yeshivoth Mesivta & High School,Yeshivah Gedolah,New York City,Tzach,,,,0,40.66976,-73.93878,https://www.chabad.org/jewish-centers/119812/Brooklyn/Yeshivah-Gedolah/United-Lubavitcher-Yeshivoth-Mesivta-High-School,119812
USA,NY,Brooklyn,Vaad Hanochos Hatmimim,Publishing House,New York City,Tzach,Simon Jacobson,,,1,40.66897,-73.94282,https://www.chabad.org/jewish-centers/117673/Brooklyn/Publishing-House/Vaad-Hanochos-Hatmimim,117673
USA,NY,Brooklyn,Vaad Rabonei Lubavitch,Rabbinic Council,New York City,Tzach,Nochum Schapiro,,,1,40.66897,-73.94282,https://www.chabad.org/jewish-centers/118201/Brooklyn/Rabbinic-Council/Vaad-Rabonei-Lubavitch,118201
USA,NY,Brooklyn,Vaad Talmidei Hatmimim,Yeshivah Gedolah,New York City,Tzach,Tzvi Altein,Yossi Bendet,,2,40.66897,-73.94282,https://www.chabad.org/jewish-centers/1601992/Brooklyn/Yeshivah-Gedolah/Vaad-Talmidei-Hatmimim,1601992
USA,NY,Brooklyn,Womens' Mikvah,Mikveh,New York City,Tzach,,,,0,40.66813,-73.93978,https://www.chabad.org/jewish-centers/119808/Brooklyn/Mikveh/Womens-Mikvah,119808
USA,NY,Brooklyn,Yad L'Shliach,Social Services,New York City,Tzach,Shlomo Friedman,,,1,40.66867,-73.94206,https://www.chabad.org/jewish-centers/261335/Brooklyn/Social-Services/Yad-LShliach,261335
USA,NY,Brooklyn,Yaldei Shluchei Harebbe,Social Services,New York City,Tzach,Sholly Weiser,Dovid Leib Shur; Eliyahu Wolff,,3,40.66696,-73.94227,https://www.chabad.org/jewish-centers/1706966/Brooklyn/Social-Services/Yaldei-Shluchei-Harebbe,1706966
USA,NY,Brookville,Chabad of Brookville,Jewish Community Center,Long Island,Tuvia Teldon,Mendy Heber,Shifra Heber; Schneur Heber,,3,40.82457,-73.58613,https://www.chabad.org/jewish-centers/118551/Brookville/Synagogue/Chabad-of-Brookville,118551
USA,NY,Buffalo,Bais Haknesset Hagadol - Lubavitch,Synagogue,Upstate New York,Nosson Gurary,Shmaryahu Charitonow,,Shaina Rochel Charitonow obm,2,42.95373,-78.8444,https://www.chabad.org/jewish-centers/118228/Buffalo/Synagogue/Bais-Haknesset-Hagadol-Lubavitch,118228
USA,NY,Buffalo,Chabad of the Southtowns,,Upstate New York,Nosson Gurary,Menachem Gurary,Mushky  Gurary,,2,42.9483,-78.85708,https://www.chabad.org/jewish-centers/6624983/Buffalo/Chabad-of-the-Southtowns,6624983
USA,NY,Buffalo,Torah Temimah School,Day School,Upstate New York,Nosson Gurary,Shmaryahu Charitonow,,,1,42.95373,-78.8444,https://www.chabad.org/jewish-centers/119464/Buffalo/Day-School/Torah-Temimah-School,119464
USA,NY,Cambria Heights,Ohel Chabad Lubavitch,Chabad House,New York City,Tzach,Abba Refson,Avraham Yakov Gluckowsky,,2,40.68654,-73.7376,https://www.chabad.org/jewish-centers/118002/Cambria-Heights/Synagogue/Ohel-Chabad-Lubavitch,118002
USA,NY,Carmel,Chabad of Putnam,Chabad House,Eastern New York,Yisroel Rubin,Avi Korer,Michal Korer,,2,41.42745,-73.67811,https://www.chabad.org/jewish-centers/567022/Carmel/Synagogue/Chabad-of-Putnam,567022
USA,NY,Cedarhurst,Chabad of the Five Towns,Chabad House,Long Island,Tuvia Teldon,Zalman Wolowik,Chanie Wolowik; Meir Geisinsky; Hadassa Geisinsky; Shais Taub,,5,40.6231,-73.72043,https://www.chabad.org/jewish-centers/117896/Cedarhurst/Synagogue/Chabad-of-the-Five-Towns,117896
USA,NY,Cedarhurst,Levi Yitzchak Library,Chabad House,Long Island,Tuvia Teldon,,,,0,40.62298,-73.72244,https://www.chabad.org/jewish-centers/4276857/Cedarhurst/Synagogue/Levi-Yitzchak-Library,4276857
USA,NY,Chautauqua,Chabad of Chautauqua,Chabad House,Upstate New York,Nosson Gurary,Zalman Vilenkin,Esther Vilenkin,,2,42.20898,-79.46713,https://www.chabad.org/jewish-centers/118464/Chautauqua/Synagogue/Chabad-of-Chautauqua,118464
USA,NY,Clifton Park,Chabad of Clifton Park,Chabad House,Eastern New York,Yisroel Rubin,Yossi Rubin,Leyee Rubin,,2,42.86103,-73.79399,https://www.chabad.org/jewish-centers/316626/Clifton-Park/Synagogue/Chabad-of-Clifton-Park,316626
USA,NY,Clinton,Chabad of Clinton,Campus Chabad House,Upstate New York,Nosson Gurary,Didy Waks,Devorah Waks,,2,43.04867,-75.39249,https://www.chabad.org/jewish-centers/2664693/Clinton/Campus-Chabad-House/Chabad-of-Clinton,2664693
USA,NY,Commack,Chabad of Mid Suffolk,Chabad House,Long Island,Tuvia Teldon,Mendel Teldon,Brocha Teldon,,2,40.84558,-73.26813,https://www.chabad.org/jewish-centers/118572/Commack/Synagogue/Chabad-of-Mid-Suffolk,118572
USA,NY,Commack,Lubavitch of Long Island,Chabad House,Long Island,Tuvia Teldon,Tuvia Teldon,Chaya Teldon,,2,40.83535,-73.26695,https://www.chabad.org/jewish-centers/117681/Commack/Synagogue/Lubavitch-of-Long-Island,117681
USA,NY,Coram,Lubavitch of the East End,Chabad House,Long Island,Tuvia Teldon,Mendy Goldberg,Leibel Baumgarten; Rochel Goldberg,,3,40.88211,-72.99216,https://www.chabad.org/jewish-centers/117682/Coram/Synagogue/Lubavitch-of-the-East-End,117682
USA,NY,Cortland,Chabad of Cortland,Campus Chabad House,Upstate New York,Nosson Gurary,Mendel Hecht,Nechama Dina Hecht,,2,42.59854,-76.18388,https://www.chabad.org/jewish-centers/3293464/Cortland/Campus-Chabad-House/Chabad-of-Cortland,3293464
USA,NY,Dairyland,Shaloh Center 1,Day Camp,Eastern New York,Yisroel Rubin,,,,0,41.74793,-74.53239,https://www.chabad.org/jewish-centers/120018/Dairyland/Day-Camp/Shaloh-Center-1,120018
USA,NY,Delmar,Bethlehem Chabad,Chabad House,Eastern New York,Yisroel Rubin,Zalman Simon,Chanie Simon,,2,42.62179,-73.83516,https://www.chabad.org/jewish-centers/1269036/Delmar/Synagogue/Bethlehem-Chabad,1269036
USA,NY,Delmar,Bethlehem Chabad Hebrew School,Hebrew School,Eastern New York,Yisroel Rubin,Zalman Simon,Nachman Simon; Clara Simon; Chanie Simon,,4,42.62179,-73.83516,https://www.chabad.org/jewish-centers/119465/Delmar/Hebrew-School/Bethlehem-Chabad-Hebrew-School,119465
USA,NY,Delmar,Chabad House of Delmar,Chabad House,Eastern New York,Yisroel Rubin,Nachman Simon,Clara Simon,,2,42.63635,-73.83008,https://www.chabad.org/jewish-centers/117683/Delmar/Synagogue/Chabad-House-of-Delmar,117683
USA,NY,Dix Hills,The Chai Center,Chabad House,Long Island,Tuvia Teldon,Yakov Saacks,Zoey Saacks,,2,40.81165,-73.34325,https://www.chabad.org/jewish-centers/117904/Dix-Hills/Synagogue/The-Chai-Center,117904
USA,NY,Dobbs Ferry,Chabad of the Rivertowns,Chabad House,New York City,Tzach,Benjy Silverman,Hinda Silverman; Yosef Silverman; Miriam Silverman,,4,41.01383,-73.87468,https://www.chabad.org/jewish-centers/118541/Dobbs-Ferry/Synagogue/Chabad-of-the-Rivertowns,118541
USA,NY,East Greenbush,Chabad-Lubavitch of Southern Rensselaer County,Chabad House,Eastern New York,Yisroel Rubin,Avraham Laber,Nechama Dina Laber,,2,42.63126,-73.69888,https://www.chabad.org/jewish-centers/596689/East-Greenbush/Synagogue/Chabad-Lubavitch-of-Southern-Rensselaer-County,596689
USA,NY,East Hampton,Chabad of Montauk,Jewish Community Center,Long Island,Tuvia Teldon,Aizik Baumgarten,Musia Baumgarten,,2,40.96162,-72.19213,https://www.chabad.org/jewish-centers/4000162/East-Hampton/Synagogue/Chabad-of-Montauk,4000162
USA,NY,East Hampton,Chabad of the Hamptons,Chabad House,Long Island,Tuvia Teldon,Leibel Baumgarten,Goldie Baumgarten; Aizik Baumgarten; Musia Baumgarten,,4,40.95284,-72.19561,https://www.chabad.org/jewish-centers/119792/East-Hampton/Synagogue/Chabad-of-the-Hamptons,119792
USA,NY,East Setauket,Village Chabad - Stony Brook,Chabad House,Long Island,Tuvia Teldon,Chaim Grossbaum,Rivkie Grossbaum; Motti Grossbaum; Shalom Ber Cohen,,4,40.89508,-73.08836,https://www.chabad.org/jewish-centers/117695/East-Setauket/Synagogue/Village-Chabad-Stony-Brook,117695
USA,NY,Eastchester,Chabad Jewish Center,Chabad House,New York City,Tzach,Sruli Deitsch,Mushka Deitsch,,2,40.95727,-73.81358,https://www.chabad.org/jewish-centers/1658534/Eastchester/Synagogue/Chabad-Jewish-Center,1658534
USA,NY,Ellenville,Congregation Ezrath Israel Chabad,Synagogue,Eastern New York,Yisroel Rubin,Yakov Raskin,Chaya Raskin,,2,41.718,-74.39914,https://www.chabad.org/jewish-centers/2806356/Ellenville/Synagogue/Congregation-Ezrath-Israel-Chabad,2806356
USA,NY,Ellenville,Hebrew School,Hebrew School,Eastern New York,Yisroel Rubin,,,,0,41.7156,-74.39077,https://www.chabad.org/jewish-centers/599872/Ellenville/Hebrew-School/Hebrew-School,599872
USA,NY,Elmont,Elmont Jewish Center,Synagogue,Long Island,Tuvia Teldon,,,,0,40.69768,-73.71514,https://www.chabad.org/jewish-centers/2498555/Elmont/Synagogue/Elmont-Jewish-Center,2498555
USA,NY,Fallsburg,Chabad of the Catskills,Chabad House,Eastern New York,Yisroel Rubin,Yaakov Taubenfliegel,,,1,41.72821,-74.62314,https://www.chabad.org/jewish-centers/117700/Fallsburg/Synagogue/Chabad-of-the-Catskills,117700
USA,NY,Far Rockaway,Chabad Lubavitch of Far Rockaway,Chabad House,New York City,Tzach,Pesach Schmerling,Devora Schmerling,,2,40.60466,-73.74845,https://www.chabad.org/jewish-centers/118633/Far-Rockaway/Synagogue/Chabad-Lubavitch-of-Far-Rockaway,118633
USA,NY,Flushing,Chabad House of Flushing New York,Jewish Community Center,New York City,Tzach,Shraga Zalmanov,,,1,40.72123,-73.8187,https://www.chabad.org/jewish-centers/117684/Flushing/Synagogue/Chabad-House-of-Flushing-New-York,117684
USA,NY,Forest Hills,Chabad of Forest Hills North,Chabad House,New York City,Tzach,Mendy Hecht,Chaya Hecht,,2,40.72321,-73.84045,https://www.chabad.org/jewish-centers/1971123/Forest-Hills/Synagogue/Chabad-of-Forest-Hills-North,1971123
USA,NY,Garden City,Chabad at Adelphi University,Campus Chabad House,Long Island,Tuvia Teldon,Yaakov Lipskier,Mushka Lipskier,,2,40.73153,-73.67271,https://www.chabad.org/jewish-centers/2354985/Garden-City/Campus-Chabad-House/Chabad-at-Adelphi-University,2354985
USA,NY,Geneseo,Chabad of Geneseo,Campus Chabad House,Upstate New York,Nosson Gurary,Laivy Mochkin,Goldy Mochkin,,2,42.80489,-77.80899,https://www.chabad.org/jewish-centers/6699193/Geneseo/Campus-Chabad-House/Chabad-of-Geneseo,6699193
USA,NY,Getzville,Chabad House of Buffalo,Jewish Community Center,Upstate New York,Nosson Gurary,Avrohom Gurary,Nosson Gurary; Yossel Sirota; Moshe Gurary; Leah Gurary; Rivka Leah Gurary; Chani Gurary,,7,43.01114,-78.78038,https://www.chabad.org/jewish-centers/117976/Getzville/Synagogue/Chabad-House-of-Buffalo,117976
USA,NY,Glen Cove,Chabad of Sea Cliff & Glen Cove,Chabad House,Long Island,Tuvia Teldon,Sholom Heber,Miriam Heber,,2,40.86388,-73.63117,https://www.chabad.org/jewish-centers/5685044/Glen-Cove/Synagogue/Chabad-of-Sea-Cliff-Glen-Cove,5685044
USA,NY,Great Neck,Chabad Hebrew School,Hebrew School,Long Island,Tuvia Teldon,Yoseph Y. Geisinsky,,,1,40.78317,-73.73383,https://www.chabad.org/jewish-centers/120059/Great-Neck/Hebrew-School/Chabad-Hebrew-School,120059
USA,NY,Great Neck,Chabad of Great Neck,Chabad House,Long Island,Tuvia Teldon,Yoseph Y. Geisinsky,Yonasan Biggs; Chana Geisinsky; Osher Kravitsky; Zevy Geisinsky; Shani Geisinsky; Zalman Baumgarten; Tzivi Baumgarten; Miriam Sarah Kravitsky,,9,40.80838,-73.71855,https://www.chabad.org/jewish-centers/117687/Great-Neck/Synagogue/Chabad-of-Great-Neck,117687
USA,NY,Great Neck,Chabad of Lake Success & University Gardens,Chabad House,Long Island,Tuvia Teldon,Dovid Ezagui,Chumy Ezagui,,2,40.77944,-73.71558,https://www.chabad.org/jewish-centers/393813/Great-Neck/Synagogue/Chabad-of-Lake-Success-University-Gardens,393813
USA,NY,Great Neck,Silverstein Hebrew Academy,Day School,Long Island,Tuvia Teldon,Dovid Ezagui,Yoseph Y. Geisinsky,,2,40.78317,-73.73383,https://www.chabad.org/jewish-centers/403344/Great-Neck/Day-School/Silverstein-Hebrew-Academy,403344
USA,NY,Greenfield Park,Camp Emunah,Overnight Camp,Eastern New York,Yisroel Rubin,Sholem Ber Hecht,,,1,41.72612,-74.48603,https://www.chabad.org/jewish-centers/119462/Greenfield-Park/Overnight-Camp/Camp-Emunah,119462
USA,NY,Greenlawn,Chabad of Greenlawn & Centerport,,Long Island,Tuvia Teldon,Shmuli Laufer,Rivky Laufer,,2,40.86769,-73.36498,https://www.chabad.org/jewish-centers/6368968/Greenlawn/Chabad-of-Greenlawn-Centerport,6368968
USA,NY,Hamilton,Chabad of Madison County,Campus Chabad House,Upstate New York,Nosson Gurary,Shmuly Haskelevich,Chaya Haskelevich,,2,42.82324,-75.5427,https://www.chabad.org/jewish-centers/2933889/Hamilton/Campus-Chabad-House/Chabad-of-Madison-County,2933889
USA,NY,Hastings-On-Hudson,Yeshiva Mesivta Menachem,Yeshivah Ketanah/Mesivtah,New York City,Tzach,Zalman Heller,Mendel Levin; Sholom Ber Perlstein; Mendel Perlow,,4,40.98485,-73.86131,https://www.chabad.org/jewish-centers/120254/Hastings-On-Hudson/Yeshivah-KetanahMesivtah/Yeshiva-Mesivta-Menachem,120254
USA,NY,Hempstead,Chabad Jewish Student Center,Campus Chabad House,Long Island,Tuvia Teldon,Shmuel Lieberman,Chavie Lieberman,,2,40.71074,-73.60431,https://www.chabad.org/jewish-centers/324583/Hempstead/Campus-Chabad-House/Chabad-Jewish-Student-Center,324583
USA,NY,Hewlett,Chabad of Hewlett,Chabad House,Long Island,Tuvia Teldon,Nochem Tenenboim,Rivkie Tenenboim,,2,40.64102,-73.69995,https://www.chabad.org/jewish-centers/1487398/Hewlett/Synagogue/Chabad-of-Hewlett,1487398
USA,NY,Hopewell Junction,Pardess Chabad Farm,Chabad House,Eastern New York,Yisroel Rubin,Zalman Sandhaus,Goldy Sandhaus,,2,41.5475,-73.79863,https://www.chabad.org/jewish-centers/2509685/Hopewell-Junction/Synagogue/Pardess-Chabad-Farm,2509685
USA,NY,Howard Beach,Chabad of Howard Beach,Chabad House,New York City,Tzach,Avrohom Richter,Zeldi Richter,,2,40.65571,-73.84457,https://www.chabad.org/jewish-centers/315565/Howard-Beach/Synagogue/Chabad-of-Howard-Beach,315565
USA,NY,Hudson,Chabad of Columbia County,Chabad House,Eastern New York,Yisroel Rubin,Mendel Kremer,Rochie Kremer,,2,42.21765,-73.74252,https://www.chabad.org/jewish-centers/5763972/Hudson/Synagogue/Chabad-of-Columbia-County,5763972
USA,NY,Huntington,Chabad of Huntington Village,Chabad House,Long Island,Tuvia Teldon,Yaakov Yosef Raskin,Chaya Mushka Raskin,,2,40.86879,-73.424,https://www.chabad.org/jewish-centers/2613667/Huntington/Synagogue/Chabad-of-Huntington-Village,2613667
USA,NY,Hyde Park,Chabad at Marist and CIA,Campus Chabad House,Eastern New York,Yisroel Rubin,Moshe Kalmenson,Chavie Kalmenson,,2,41.74352,-73.93063,https://www.chabad.org/jewish-centers/4782624/Hyde-Park/Campus-Chabad-House/Chabad-at-Marist-and-CIA,4782624
USA,NY,Islip,Chabad of Islip,Chabad House,Long Island,Tuvia Teldon,Shimon Stillerman,Zeldy Stillerman,,2,40.71923,-73.2196,https://www.chabad.org/jewish-centers/2029974/Islip/Synagogue/Chabad-of-Islip,2029974
USA,NY,Ithaca,Chabad at Ithaca College,Campus Chabad House,Upstate New York,Nosson Gurary,Raffy Filler,Chana Filler,,2,42.42754,-76.4838,https://www.chabad.org/jewish-centers/5585945/Ithaca/Campus-Chabad-House/Chabad-at-Ithaca-College,5585945
USA,NY,Ithaca,Roitman Chabad Center at Cornell University,Campus Chabad House,Upstate New York,Nosson Gurary,Eli Silberstein,Chana Silberstein; Dovid Birk; Miri Birk,,4,42.45011,-76.49211,https://www.chabad.org/jewish-centers/117688/Ithaca/Campus-Chabad-House/Roitman-Chabad-Center-at-Cornell-University,117688
USA,NY,Jackson Heights,Chabad of Jackson Heights,,New York City,Tzach,Meir Pape,Chana Pape,,2,40.78132,-73.89915,https://www.chabad.org/jewish-centers/6672961/Jackson-Heights/Chabad-of-Jackson-Heights,6672961
USA,NY,Jericho,Chabad of Brush Hollow,Chabad House,Long Island,Tuvia Teldon,Mendy Brownstein,Devorah Brownstein,,2,40.80835,-73.55526,https://www.chabad.org/jewish-centers/6059234/Jericho/Synagogue/Chabad-of-Brush-Hollow,6059234
USA,NY,Kew Gardens,Chabad House of Queens-Kew Gardens,Chabad House,New York City,Tzach,Shmuel Tuvel,Mushky Tuvel,,2,40.70393,-73.82658,https://www.chabad.org/jewish-centers/117974/Kew-Gardens/Synagogue/Chabad-House-of-Queens-Kew-Gardens,117974
USA,NY,Kew Gardens,Chabad of Forest Hills,Chabad House,New York City,Tzach,Mordechai Zev Hecht,Mendy Hecht; Schneur Zalman Mergui,,3,40.70814,-73.83433,https://www.chabad.org/jewish-centers/416302/Kew-Gardens/Synagogue/Chabad-of-Forest-Hills,416302
USA,NY,Kew Gardens Hills,Chabad on Campus - Queens,Campus Chabad House,New York City,Tzach,Shaul Wertheimer,Tzipah Wertheimer,,2,40.73158,-73.82395,https://www.chabad.org/jewish-centers/259816/Kew-Gardens-Hills/Campus-Chabad-House/Chabad-on-Campus-Queens,259816
USA,NY,Kingston,Chabad of Ulster County,Chabad House,Eastern New York,Yisroel Rubin,Y. Yitzhak Hecht,Leah Hecht; Avrohom Boruch Itkin; Binie Itkin,,4,41.93033,-74.0329,https://www.chabad.org/jewish-centers/150727/Kingston/Synagogue/Chabad-of-Ulster-County,150727
USA,NY,Kingston,Chabad-Lubavitch of Greene County,Chabad House,Eastern New York,Yisroel Rubin,Avrohom Boruch Itkin,Binie Itkin,,2,41.93033,-74.0329,https://www.chabad.org/jewish-centers/628828/Kingston/Synagogue/Chabad-Lubavitch-of-Greene-County,628828
USA,NY,Kingston,Jewish Women's Circle,Women's Group,Eastern New York,Yisroel Rubin,Leah Hecht,Binie Itkin,,2,41.93027,-74.0222,https://www.chabad.org/jewish-centers/1922760/Kingston/Womens-Group/Jewish-Womens-Circle,1922760
USA,NY,Lake Placid,Chabad Lake Placid,Chabad House,Eastern New York,Yisroel Rubin,Chaim Langsam,Henchi Langsam,,2,44.25565,-73.97163,https://www.chabad.org/jewish-centers/7381940/Lake-Placid/Synagogue/Chabad-Lake-Placid,7381940
USA,NY,Little Neck,Chabad of Little Neck,Chabad House,New York City,Tzach,Eli Shifrin,Rivky Shifrin,,2,40.75554,-73.72354,https://www.chabad.org/jewish-centers/364555/Little-Neck/Synagogue/Chabad-of-Little-Neck,364555
USA,NY,Long Beach,Chabad of the Beaches,Jewish Community Center,Long Island,Tuvia Teldon,Eli Goodman,Beila Goodman,,2,40.58733,-73.68089,https://www.chabad.org/jewish-centers/221245/Long-Beach/Synagogue/Chabad-of-the-Beaches,221245
USA,NY,Long Island City,Chabad of Long Island City,Chabad House,New York City,Tzach,Zev Wineberg,Rivka Wineberg,,2,40.74404,-73.95238,https://www.chabad.org/jewish-centers/357153/Long-Island-City/Synagogue/Chabad-of-Long-Island-City,357153
USA,NY,Loudonville,Colonie Chabad Chai Jewish Center,Jewish Community Center,Eastern New York,Yisroel Rubin,Mordechai Rubin,Chana Rubin,,2,42.7005,-73.75292,https://www.chabad.org/jewish-centers/3703105/Loudonville/Synagogue/Colonie-Chabad-Chai-Jewish-Center,3703105
USA,NY,Mamaroneck,Chabad Lubavitch of Larchmont & Mamaroneck,Chabad House,New York City,Tzach,Mendel Silberstein,Chana Silberstein; Chaim Pinczower; Chaya Pinczower,,4,40.94902,-73.73282,https://www.chabad.org/jewish-centers/417521/Mamaroneck/Synagogue/Chabad-Lubavitch-of-Larchmont-Mamaroneck,417521
USA,NY,Manhasset,Chabad of Manhasset,Chabad House,Long Island,Tuvia Teldon,Levi Paltiel,Shani Paltiel,,2,40.78663,-73.68949,https://www.chabad.org/jewish-centers/4103691/Manhasset/Synagogue/Chabad-of-Manhasset,4103691
USA,NY,Massapequa,Chabad of South Bay Long Island,Chabad House,Long Island,Tuvia Teldon,Yona Edelkopf,Devorah L. Edelkopf,,2,40.66688,-73.44099,https://www.chabad.org/jewish-centers/1263753/Massapequa/Synagogue/Chabad-of-South-Bay-Long-Island,1263753
USA,NY,Mattituck,Chabad of North Fork,Chabad House,Long Island,Tuvia Teldon,Shaya Hurwitz,Mushky Hurwitz,,2,40.99334,-72.54871,https://www.chabad.org/jewish-centers/3490568/Mattituck/Synagogue/Chabad-of-North-Fork,3490568
USA,NY,Melville,Melville & Huntington Chabad Center,Chabad House,Long Island,Tuvia Teldon,Asher Vaisfiche,Miriam Vaisfiche; Avromi Vaisfiche; Goldie Vaisfiche,,4,40.79375,-73.42052,https://www.chabad.org/jewish-centers/117689/Melville/Synagogue/Melville-Huntington-Chabad-Center,117689
USA,NY,Merrick,Chabad Center for Jewish Life,Chabad House,Long Island,Tuvia Teldon,Shimon Kramer,Chana Kramer; Mendel Kramer; Esther Malka Kramer,,4,40.66535,-73.55054,https://www.chabad.org/jewish-centers/118566/Merrick/Synagogue/Chabad-Center-for-Jewish-Life,118566
USA,NY,Merrick,Chabad Hebrew Schools of Nassau County,Hebrew School,Long Island,Tuvia Teldon,,,,0,40.6876,-73.56928,https://www.chabad.org/jewish-centers/233897/Merrick/Hebrew-School/Chabad-Hebrew-Schools-of-Nassau-County,233897
USA,NY,Merrick,Gan Israel Day Camp,Day Camp,Long Island,Tuvia Teldon,Shimon Kramer,Chana Kramer,,2,40.66535,-73.55054,https://www.chabad.org/jewish-centers/119471/Merrick/Day-Camp/Gan-Israel-Day-Camp,119471
USA,NY,Mineola,Chabad of Mineola,Chabad House,Long Island,Tuvia Teldon,Anchelle Perl,Bluma Perl; Levi Sudak; Rivka Sudak,,4,40.74824,-73.64085,https://www.chabad.org/jewish-centers/117685/Mineola/Synagogue/Chabad-of-Mineola,117685
USA,NY,Monroe,Chabad Lubavitch of Orange County,Chabad House,Eastern New York,Yisroel Rubin,Pesach Burston,Chana Burston,,2,41.33151,-74.19573,https://www.chabad.org/jewish-centers/150726/Monroe/Synagogue/Chabad-Lubavitch-of-Orange-County,150726
USA,NY,Monsey,Heichal Menachem of Monsey,Library,New York City,Tzach,Gedalia Oberlander,Dovid Oberlander,,2,41.11524,-74.0576,https://www.chabad.org/jewish-centers/1676572/Monsey/Library/Heichal-Menachem-of-Monsey,1676572
USA,NY,Monsey,Mayan Torah Tomchei Tmimim,,New York City,Tzach,Avremel Kotlarsky,Yossi Lesches; Naftali Salzman; Naftali Stein,,4,41.12309,-74.07824,https://www.chabad.org/jewish-centers/7109019/Monsey/Mayan-Torah-Tomchei-Tmimim,7109019
USA,NY,Monsey,Mesivta Lev Tmimim,,New York City,Tzach,Dovid Volfman,Avrohom Dovid Losh,,2,41.12874,-74.06168,https://www.chabad.org/jewish-centers/4166847/Monsey/Mesivta-Lev-Tmimim,4166847
USA,NY,Monsey,National Committee for Jewish Education,Yeshivah Ketanah/Mesivtah,New York City,Tzach,Simcha Werner,Pinchas David Weber,,2,41.11665,-74.06635,https://www.chabad.org/jewish-centers/117690/Monsey/Yeshivah-KetanahMesivtah/National-Committee-for-Jewish-Education,117690
USA,NY,Montebello,Chabad Jewish Center of Suffern,Chabad House,New York City,Tzach,Isaac Lefkowitz,Aaron Dovid Gancz; Shmuel Gancz,,3,41.13496,-74.13075,https://www.chabad.org/jewish-centers/577207/Montebello/Synagogue/Chabad-Jewish-Center-of-Suffern,577207
USA,NY,Monticello,Chabad Jewish Monticello,,Eastern New York,Yisroel Rubin,Yosef Dovid Chanowitz,Shternie Chanowitz,,2,41.65448,-74.67606,https://www.chabad.org/jewish-centers/6983637/Monticello/Chabad-Jewish-Monticello,6983637
USA,NY,Monticello,Chabad of Monticello,,Eastern New York,Yisroel Rubin,Benzion Chanowitz,Rochel Chanowitz,,2,41.65567,-74.68543,https://www.chabad.org/jewish-centers/5988088/Monticello/Chabad-of-Monticello,5988088
USA,NY,Monticello,Mikvah,Mikveh,Eastern New York,Yisroel Rubin,Rochel Chanowitz,,,1,41.65608,-74.68528,https://www.chabad.org/jewish-centers/119795/Monticello/Mikveh/Mikvah,119795
USA,NY,Nanuet,Chabad Israel Center,Israeli Center,New York City,Tzach,Shneur Zalmen Haddad,Hodaya Haddad,,2,41.09913,-74.01239,https://www.chabad.org/jewish-centers/5161431/Nanuet/Israeli-Center/Chabad-Israel-Center,5161431
USA,NY,Napanoch,Shaloh Center 2,Yeshiva Camp,Eastern New York,Yisroel Rubin,,,,0,41.78317,-74.41724,https://www.chabad.org/jewish-centers/119804/Napanoch/Yeshiva-Camp/Shaloh-Center-2,119804
USA,NY,New City,Chabad of Rockland,Chabad House,New York City,Tzach,Avremel Kotlarsky,Chany Kotlarsky,,2,41.16494,-73.98942,https://www.chabad.org/jewish-centers/117691/New-City/Synagogue/Chabad-of-Rockland,117691
USA,NY,New Hartford,Chabad of the Mohawk Valley,Chabad House,Upstate New York,Nosson Gurary,Levi Yitzchok Charitonow,Frumie Charitonow,,2,43.04689,-75.2942,https://www.chabad.org/jewish-centers/4194029/New-Hartford/Synagogue/Chabad-of-the-Mohawk-Valley,4194029
USA,NY,New Hyde Park,Chabad @ The Medical Centers,Chabad House,New York City,Tzach,Boruch Sholom Wolf,Mushkie Wolf,,2,40.75059,-73.70966,https://www.chabad.org/jewish-centers/1684335/New-Hyde-Park/Synagogue/Chabad-The-Medical-Centers,1684335
USA,NY,New Paltz,Chabad of New Paltz,Campus Chabad House,Eastern New York,Yisroel Rubin,Moshe Plotkin,Bracha Plotkin,,2,41.74596,-74.08059,https://www.chabad.org/jewish-centers/118613/New-Paltz/Campus-Chabad-House/Chabad-of-New-Paltz,118613
USA,NY,New Rochelle,Chabad Lubavitch of Westchester County,Chabad House,New York City,Tzach,Rochel Butman,,,1,40.94396,-73.79545,https://www.chabad.org/jewish-centers/117915/New-Rochelle/Synagogue/Chabad-Lubavitch-of-Westchester-County,117915
USA,NY,New Windsor,Chabad of Eastern Orange County,Chabad House,Eastern New York,Yisroel Rubin,Shmuel Serebryanski,Faige Serebryanski,,2,41.48475,-74.08254,https://www.chabad.org/jewish-centers/3367025/New-Windsor/Synagogue/Chabad-of-Eastern-Orange-County,3367025
USA,NY,New York,Aleph Learning Center,Synagogue,New York City,Tzach,Raphael Benchimol,Rachel Benchimol; Menachem Mendel Benzecry; Sara Benzecry,,4,40.7704,-73.95554,https://www.chabad.org/jewish-centers/3187125/New-York/Synagogue/Aleph-Learning-Center,3187125
USA,NY,New York,CTeen Upper West Side,Youth Center,New York City,Tzach,Eliyahu Sapochkinsky,Shayna Sapochkinsky,,2,40.79445,-73.96952,https://www.chabad.org/jewish-centers/4444340/New-York/Youth-Center/CTeen-Upper-West-Side,4444340
USA,NY,New York,Chabad East Village,,New York City,Tzach,Meir Lerman,Tani Lerman,,2,40.73225,-73.98741,https://www.chabad.org/jewish-centers/5566079/New-York/Chabad-East-Village,5566079
USA,NY,New York,Chabad House Bowery (Serving NYU),Campus Chabad House,New York City,Tzach,Dov Yona Korn,Sara Korn; Yisroel Kievman; Liba Kievman,,4,40.72664,-73.99149,https://www.chabad.org/jewish-centers/268087/New-York/Campus-Chabad-House/Chabad-House-Bowery-Serving-NYU,268087
USA,NY,New York,Chabad Israel Center,Chabad House,New York City,Tzach,Uriel Vigler,Shevy Vigler,,2,40.78168,-73.94855,https://www.chabad.org/jewish-centers/449325/New-York/Synagogue/Chabad-Israel-Center,449325
USA,NY,New York,Chabad Lubavitch Upper East Side,Jewish Community Center,New York City,Tzach,Ben Tzion Krasnianski,Chanie Krasnianski; Moishe Krasnjansky; Yocheved Krasnjansky,,4,40.77098,-73.95272,https://www.chabad.org/jewish-centers/117891/New-York/Synagogue/Chabad-Lubavitch-Upper-East-Side,117891
USA,NY,New York,Chabad Lubavitch of Midtown Manhattan,Chabad House,New York City,Tzach,Joshua Metzger,Noach Heber; Brocha Metzger; Binyomin Dubroff,,4,40.7538,-73.98045,https://www.chabad.org/jewish-centers/117905/New-York/Synagogue/Chabad-Lubavitch-of-Midtown-Manhattan,117905
USA,NY,New York,Chabad Pod,,New York City,Tzach,Zev Kugel,Chana Kugel,,2,40.77208,-73.98856,https://www.chabad.org/jewish-centers/4912499/New-York/Chabad-Pod,4912499
USA,NY,New York,Chabad West Village,Jewish Community Center,New York City,Tzach,Berel Gurevitch,Chana Gurevitch,,2,40.70417,-74.01601,https://www.chabad.org/jewish-centers/4133903/New-York/Synagogue/Chabad-West-Village,4133903
USA,NY,New York,Chabad Young Professionals UES,Young Professionals,New York City,Tzach,Yosef Wilhelm,Devora Wilhelm,,2,40.77098,-73.95272,https://www.chabad.org/jewish-centers/1019019/New-York/Young-Professionals/Chabad-Young-Professionals-UES,1019019
USA,NY,New York,Chabad Young Professionals UWS,Young Professionals,New York City,Tzach,Yisrael Kugel,Chanchy Kugel,,2,40.78524,-73.97838,https://www.chabad.org/jewish-centers/1984490/New-York/Young-Professionals/Chabad-Young-Professionals-UWS,1984490
USA,NY,New York,Chabad at CUMC,Campus Chabad House,New York City,Tzach,Yudi Shmotkin,,,1,40.83643,-73.91622,https://www.chabad.org/jewish-centers/4861143/New-York/Campus-Chabad-House/Chabad-at-CUMC,4861143
USA,NY,New York,Chabad at Columbia University,Campus Chabad House,New York City,Tzach,Yehuda Drizin,Naomi Drizin; Yonah Blum; Keren Blum,,4,40.80682,-73.96662,https://www.chabad.org/jewish-centers/118372/New-York/Campus-Chabad-House/Chabad-at-Columbia-University,118372
USA,NY,New York,Chabad at Fordham,Campus Chabad House,New York City,Tzach,Zev Kugel,,,1,40.77208,-73.98856,https://www.chabad.org/jewish-centers/3737215/New-York/Campus-Chabad-House/Chabad-at-Fordham,3737215
USA,NY,New York,Chabad at Hunter College,Campus Chabad House,New York City,Tzach,Boruch Sholom Jacobson,,,1,40.77098,-73.95272,https://www.chabad.org/jewish-centers/315152/New-York/Campus-Chabad-House/Chabad-at-Hunter-College,315152
USA,NY,New York,Chabad for Diplomats,,New York City,Tzach,Yosef Yitzchok Noyman,Rivka Noyman,,2,40.75016,-73.97157,https://www.chabad.org/jewish-centers/6993775/New-York/Chabad-for-Diplomats,6993775
USA,NY,New York,Chabad for Young Professionals,Chabad House,New York City,Tzach,Levi Shmotkin,Perel Shmotkin,,2,40.75369,-73.99916,https://www.chabad.org/jewish-centers/765467/New-York/Synagogue/Chabad-for-Young-Professionals,765467
USA,NY,New York,Chabad of Battery Park City,Chabad House,New York City,Tzach,Chaim Zaklos,Mushka Zaklos,,2,40.70864,-74.01749,https://www.chabad.org/jewish-centers/1366529/New-York/Synagogue/Chabad-of-Battery-Park-City,1366529
USA,NY,New York,Chabad of Hamilton Heights,Campus Chabad House,New York City,Tzach,Yudi Shmotkin,Chanie Shmotkin,,2,40.83643,-73.91622,https://www.chabad.org/jewish-centers/2588768/New-York/Campus-Chabad-House/Chabad-of-Hamilton-Heights,2588768
USA,NY,New York,Chabad of Harlem,Jewish Community Center,New York City,Tzach,Yossel Gansbourg,Goldie Gansbourg; Mushka Gansbourg,Shaya Gansbourg obm,4,40.81405,-73.94624,https://www.chabad.org/jewish-centers/314172/New-York/Synagogue/Chabad-of-Harlem,314172
USA,NY,New York,Chabad of Roosevelt Island,Chabad House,New York City,Tzach,Zalman Duchman,Nechama Duchman,,2,40.75866,-73.95309,https://www.chabad.org/jewish-centers/387119/New-York/Synagogue/Chabad-of-Roosevelt-Island,387119
USA,NY,New York,Chabad of Tribeca and SoHo,Chabad House,New York City,Tzach,Zalman Paris,Chana Paris,,2,40.72078,-74.00316,https://www.chabad.org/jewish-centers/734171/New-York/Synagogue/Chabad-of-Tribeca-and-SoHo,734171
USA,NY,New York,Chabad of Wall Street,Chabad House,New York City,Tzach,Shmaya Katz,Shaina Rochel Katz; Nissi Eber; Chaya Eber,,4,40.71035,-74.00783,https://www.chabad.org/jewish-centers/118234/New-York/Synagogue/Chabad-of-Wall-Street,118234
USA,NY,New York,Chabad of Washington Heights,Chabad House,New York City,Tzach,Yakov D. Kirschenbaum,Shulamit Kirschenbaum,,2,40.85432,-73.93597,https://www.chabad.org/jewish-centers/223137/New-York/Synagogue/Chabad-of-Washington-Heights,223137
USA,NY,New York,Chabad of Washington Heights East,Chabad House,New York City,Tzach,Levi Sputz,Leah Sputz,,2,40.85091,-73.93103,https://www.chabad.org/jewish-centers/4832111/New-York/Synagogue/Chabad-of-Washington-Heights-East,4832111
USA,NY,New York,Chabad of the Diamond District,Synagogue,New York City,Tzach,Joshua Metzger,,,1,40.75716,-73.9802,https://www.chabad.org/jewish-centers/3502291/New-York/Synagogue/Chabad-of-the-Diamond-District,3502291
USA,NY,New York,Chabad of the Lower East Side,Chabad House,New York City,Tzach,Yisroel Stone,Chani Stone,,2,40.71619,-73.98972,https://www.chabad.org/jewish-centers/398217/New-York/Synagogue/Chabad-of-the-Lower-East-Side,398217
USA,NY,New York,Chabad of the Plaza District,Chabad House,New York City,Tzach,Joshua Metzger,,,1,40.76346,-73.97428,https://www.chabad.org/jewish-centers/1012589/New-York/Synagogue/Chabad-of-the-Plaza-District,1012589
USA,NY,New York,Chabad of the West Side,Chabad House,New York City,Tzach,Shlomo Kugel,Rivka Kugel; Meir Ossey; Yisroel Fried; Mendel Kugel; Chayale Kugel; Esther Fried; Sarah Ossey; Eliyahu Sapochkinsky; Shayna Sapochkinsky,,10,40.79445,-73.96952,https://www.chabad.org/jewish-centers/117692/New-York/Synagogue/Chabad-of-the-West-Side,117692
USA,NY,New York,Chabad of the West Side Annex,Chabad House,New York City,Tzach,Mendel Kugel,Yisrael Kugel; Chanchy Kugel; Chayale Kugel,,4,40.79208,-73.97217,https://www.chabad.org/jewish-centers/5321982/New-York/Synagogue/Chabad-of-the-West-Side-Annex,5321982
USA,NY,New York,Chabad of the West Sixties,Chabad House,New York City,Tzach,Yehuda Lipskier,Faya Lipskier; Zev Kugel; Chana Kugel,,4,40.77207,-73.98921,https://www.chabad.org/jewish-centers/223146/New-York/Synagogue/Chabad-of-the-West-Sixties,223146
USA,NY,New York,Chabad-Sutton,Chabad House,New York City,Tzach,Shmuel Metzger,Raizel Metzger,,2,40.75891,-73.9618,https://www.chabad.org/jewish-centers/354284/New-York/Synagogue/Chabad-Sutton,354284
USA,NY,New York,FiDi Hebrew School,Hebrew School,New York City,Tzach,Nissi Eber,Chaya Eber,,2,40.70795,-74.00549,https://www.chabad.org/jewish-centers/4422402/New-York/Hebrew-School/FiDi-Hebrew-School,4422402
USA,NY,New York,Gan Accademia,Preschool,New York City,Tzach,Chaya Eber,,,1,40.70795,-74.00549,https://www.chabad.org/jewish-centers/5062547/New-York/Preschool/Gan-Accademia,5062547
USA,NY,New York,Hebrew School,Hebrew School,New York City,Tzach,Chana Paris,,,1,40.71494,-74.00624,https://www.chabad.org/jewish-centers/2537617/New-York/Hebrew-School/Hebrew-School,2537617
USA,NY,New York,Jewish Latin Center,Synagogue,New York City,Tzach,Mendy Weitman,Frumie Weitman; Hilel Raskin; Lea Raskin,,4,40.77949,-73.95925,https://www.chabad.org/jewish-centers/836703/New-York/Synagogue/Jewish-Latin-Center,836703
USA,NY,New York,Mini Gan Summer Camp,Day Camp,New York City,Tzach,Chana Paris,,,1,40.71494,-74.00624,https://www.chabad.org/jewish-centers/1426976/New-York/Day-Camp/Mini-Gan-Summer-Camp,1426976
USA,NY,New York,My Little School,Preschool,New York City,Tzach,Chana Paris,,,1,40.71494,-74.00624,https://www.chabad.org/jewish-centers/1227811/New-York/Preschool/My-Little-School,1227811
USA,NY,New York,New York Hebrew,Hebrew School,New York City,Tzach,Menachem Shanowitz,Gillie Shanowitz,,2,40.71278,-74.00597,https://www.chabad.org/jewish-centers/118826/New-York/Hebrew-School/New-York-Hebrew,118826
USA,NY,New York,The Chabad Jewish Center Of FiDi,Chabad House,New York City,Tzach,Nissi Eber,Chaya Eber,,2,40.70795,-74.00549,https://www.chabad.org/jewish-centers/5525492/New-York/Synagogue/The-Chabad-Jewish-Center-Of-FiDi,5525492
USA,NY,New York,The Chabad Loft,Chabad House,New York City,Tzach,Yakov Bankhalter,Avital Sara Bankhalter,,2,40.73176,-73.99575,https://www.chabad.org/jewish-centers/313119/New-York/Synagogue/The-Chabad-Loft,313119
USA,NY,New York,The Chelsea Shul & Rohr Center for Jgrads,Synagogue,New York City,Tzach,Chezky Wolff,Perry Wolff,,2,40.74448,-73.99722,https://www.chabad.org/jewish-centers/709099/New-York/Synagogue/The-Chelsea-Shul-Rohr-Center-for-Jgrads,709099
USA,NY,New York,The Institute of American & Talmudic Law,Adult Education,New York City,Tzach,Noach Heber,Mendy Wolf; Shlomo Yaffe,,3,40.76346,-73.97428,https://www.chabad.org/jewish-centers/469333/New-York/Adult-Education/The-Institute-of-American-Talmudic-Law,469333
USA,NY,New York,The Jewish Conversation,Adult Education,New York City,Tzach,Yitzchok Itkin,Chanie Itkin,,2,40.77284,-73.95582,https://www.chabad.org/jewish-centers/767793/New-York/Adult-Education/The-Jewish-Conversation,767793
USA,NY,New York,The Young Minyan,Young Professionals,New York City,Tzach,Mendel Kugel,Chayale Kugel; Yisrael Kugel; Chanchy Kugel,,4,40.76314,-73.99254,https://www.chabad.org/jewish-centers/5955505/New-York/Young-Professionals/The-Young-Minyan,5955505
USA,NY,Nyack,Chabad of The Nyacks,Chabad House,New York City,Tzach,Chaim Zvi Ehrenreich,Chaya Ehrenreich,,2,41.09106,-73.92381,https://www.chabad.org/jewish-centers/118346/Nyack/Synagogue/Chabad-of-The-Nyacks,118346
USA,NY,Oakland Gardens,Chabad of Eastern Queens,Chabad House,New York City,Tzach,Yerachmiel Zalmanov,Chanie Zalmanov; Levi Schtroks; Rochel Schtroks,,4,40.73376,-73.75967,https://www.chabad.org/jewish-centers/118270/Oakland-Gardens/Synagogue/Chabad-of-Eastern-Queens,118270
USA,NY,Oceanside,Chabad of Oceanside,Chabad House,Long Island,Tuvia Teldon,Levi Gurkov,Soshie Gurkov; Sholom Refson; Zev Baumgarten; Leiba Baumgarten,,5,40.62106,-73.63293,https://www.chabad.org/jewish-centers/118419/Oceanside/Synagogue/Chabad-of-Oceanside,118419
USA,NY,Old Westbury,Chabad of Old Westbury,Chabad House,Long Island,Tuvia Teldon,Aaron Konikov,,,1,40.78007,-73.62355,https://www.chabad.org/jewish-centers/295912/Old-Westbury/Synagogue/Chabad-of-Old-Westbury,295912
USA,NY,Oneonta,Chabad of Oneonta - Rohr Jewish Student Center,Campus Chabad House,Eastern New York,Yisroel Rubin,Meir Rubashkin,Fraidy Rubashkin,,2,42.45372,-75.06553,https://www.chabad.org/jewish-centers/1421374/Oneonta/Campus-Chabad-House/Chabad-of-Oneonta-Rohr-Jewish-Student-Center,1421374
USA,NY,Ossining,Chabad of Briarcliff-Ossining,Chabad House,New York City,Tzach,Dovid Labkowski,Miriam Labkowski; Yisrael Enayatian; Ita Enayatian,,4,41.16848,-73.84361,https://www.chabad.org/jewish-centers/118575/Ossining/Synagogue/Chabad-of-Briarcliff-Ossining,118575
USA,NY,Oswego,Chabad of Oswego,Campus Chabad House,Upstate New York,Nosson Gurary,Yossi Madvig,Chana Madvig,,2,43.45173,-76.53819,https://www.chabad.org/jewish-centers/588942/Oswego/Campus-Chabad-House/Chabad-of-Oswego,588942
USA,NY,Oyster Bay,Chabad Jewish Learning Center,Chabad House,Long Island,Tuvia Teldon,Aaron Shain,Chana Shain; Mendy Brownstein; Devorah Brownstein,,4,40.86149,-73.53194,https://www.chabad.org/jewish-centers/362254/Oyster-Bay/Synagogue/Chabad-Jewish-Learning-Center,362254
USA,NY,Parksville,Camp Gan Israel,Overnight Camp,Eastern New York,Yisroel Rubin,Yossie Futerfas,Avrohom Shemtov,,2,41.84476,-74.75074,https://www.chabad.org/jewish-centers/119793/Parksville/Overnight-Camp/Camp-Gan-Israel,119793
USA,NY,Patchogue,Chabad of Patchogue,Chabad House,Long Island,Tuvia Teldon,Berel Sasonkin,,,1,40.77405,-73.02862,https://www.chabad.org/jewish-centers/118642/Patchogue/Synagogue/Chabad-of-Patchogue,118642
USA,NY,Pelham,Chabad Pelham,Chabad House,New York City,Tzach,Levi Groner,Chaya Groner,,2,40.91478,-73.80541,https://www.chabad.org/jewish-centers/2293335/Pelham/Synagogue/Chabad-Pelham,2293335
USA,NY,Pittsford,Chabad of Pittsford,Chabad House,Upstate New York,Nosson Gurary,Yitzi Hein,Rishi Hein; Moshe Vogel; Chayi Vogel,,4,43.08979,-77.51786,https://www.chabad.org/jewish-centers/707116/Pittsford/Synagogue/Chabad-of-Pittsford,707116
USA,NY,Plattsburgh,Chabad of Plattsburgh,Chabad House,Eastern New York,Yisroel Rubin,Dovid Gold,Chana Leah Gold,,2,44.70278,-73.46388,https://www.chabad.org/jewish-centers/2313340/Plattsburgh/Synagogue/Chabad-of-Plattsburgh,2313340
USA,NY,Plattsburgh,Chabad of SUNY Plattsburgh,,Eastern New York,Yisroel Rubin,Meir Aharon Goldberg,Leah Goldberg,,2,44.69949,-73.45291,https://www.chabad.org/jewish-centers/6820138/Plattsburgh/Chabad-of-SUNY-Plattsburgh,6820138
USA,NY,Port Washington,Chabad of Port Washington,Chabad House,Long Island,Tuvia Teldon,Shalom Moshe Paltiel,Sara Esther Paltiel; Berel Paltiel; Esti Paltiel,,4,40.83891,-73.70345,https://www.chabad.org/jewish-centers/117897/Port-Washington/Synagogue/Chabad-of-Port-Washington,117897
USA,NY,Poughkeepsie,Chabad for Vassar Students,Campus Chabad House,Eastern New York,Yisroel Rubin,Daniel Sanoff,Dalia Sanoff,,2,41.69007,-73.90314,https://www.chabad.org/jewish-centers/2192617/Poughkeepsie/Campus-Chabad-House/Chabad-for-Vassar-Students,2192617
USA,NY,Poughkeepsie,Mikvah Ma'ayan Chaya,Mikveh,Eastern New York,Yisroel Rubin,,,,0,41.65098,-73.87392,https://www.chabad.org/jewish-centers/120141/Poughkeepsie/Mikveh/Mikvah-Maayan-Chaya,120141
USA,NY,Rego Park,Chabad Association for Georgian Jews,Russian Jewry Center,New York City,Tzach,Aharon Chein,,,1,40.72622,-73.85528,https://www.chabad.org/jewish-centers/117971/Rego-Park/Synagogue/Chabad-Association-for-Georgian-Jews,117971
USA,NY,Rego Park,Chabad of Forest Hills South and Crescents,Chabad House,New York City,Tzach,Schneur Zalman Mergui,Sarah Mergui,,2,40.71788,-73.85959,https://www.chabad.org/jewish-centers/5568934/Rego-Park/Synagogue/Chabad-of-Forest-Hills-South-and-Crescents,5568934
USA,NY,Rego Park,Chabad of Rego Park,Chabad House,New York City,Tzach,Eli Blokh,Shulamis Blokh; Mushky Mendelson,,3,40.72935,-73.85572,https://www.chabad.org/jewish-centers/118339/Rego-Park/Synagogue/Chabad-of-Rego-Park,118339
USA,NY,Rhinebeck,Chabad Dutchess - Rhinebeck Jewish Center,Chabad House,Eastern New York,Yisroel Rubin,,,,0,41.93506,-73.91525,https://www.chabad.org/jewish-centers/312343/Rhinebeck/Synagogue/Chabad-Dutchess-Rhinebeck-Jewish-Center,312343
USA,NY,Ridgewood,Chabad of Ridgewood,Chabad House,New York City,Tzach,Asher Denebeim,Sara Denebeim,,2,41.07373,-74.06098,https://www.chabad.org/jewish-centers/6644585/Ridgewood/Synagogue/Chabad-of-Ridgewood,6644585
USA,NY,Ridgewood,Chabad of Ridgewood Congregation Beit Aharon,Jewish Community Center,New York City,Tzach,Nachum Sarytchev,Nurit Sarytchev,,2,40.70015,-73.9072,https://www.chabad.org/jewish-centers/4058792/Ridgewood/Synagogue/Chabad-of-Ridgewood-Congregation-Beit-Aharon,4058792
USA,NY,Rochester,Chabad Young Professionals of Rochester,Young Professionals,Upstate New York,Nosson Gurary,Moshe Vogel,Chayi Vogel,,2,43.14851,-77.57594,https://www.chabad.org/jewish-centers/4568269/Rochester/Young-Professionals/Chabad-Young-Professionals-of-Rochester,4568269
USA,NY,Rochester,Kessler Family Chabad Center,Chabad House,Upstate New York,Nosson Gurary,Nechemia Vogel,Chanie Vogel; Dovid Aba Mochkin; Asher Yaras; Yitzi Hein; Chany Mochkin; Devorah Leah Yaras; Rishi Hein; Moshe Vogel; Mendel Vogel; Mussy Vogel,Masha Vogel obm,12,43.1257,-77.56664,https://www.chabad.org/jewish-centers/117693/Rochester/Synagogue/Kessler-Family-Chabad-Center,117693
USA,NY,Rochester,Rohr Chabad House - Center for Jewish Life,Campus Chabad House,Upstate New York,Nosson Gurary,Asher Yaras,Devorah Leah Yaras,,2,43.13124,-77.63632,https://www.chabad.org/jewish-centers/159422/Rochester/Campus-Chabad-House/Rohr-Chabad-House-Center-for-Jewish-Life,159422
USA,NY,Rock Hill,Chabad of Rock Hill,Chabad House,Eastern New York,Yisroel Rubin,Simcha Zajac,Chany Zajac,,2,41.61231,-74.59928,https://www.chabad.org/jewish-centers/2840155/Rock-Hill/Synagogue/Chabad-of-Rock-Hill,2840155
USA,NY,Rockaway Park,Belle Harbor Chai Center,Chabad House,New York City,Tzach,Levi Osdoba,,,1,40.57247,-73.85709,https://www.chabad.org/jewish-centers/428106/Rockaway-Park/Synagogue/Belle-Harbor-Chai-Center,428106
USA,NY,Rockville Centre,Chabad of Rockville Centre,Chabad House,Long Island,Tuvia Teldon,Mendel Gurkov,Rivka Gurkov,,2,40.67647,-73.65597,https://www.chabad.org/jewish-centers/5158149/Rockville-Centre/Synagogue/Chabad-of-Rockville-Centre,5158149
USA,NY,Roslyn Heights,Camp Gan Israel,Day Camp,Long Island,Tuvia Teldon,Yaakov Reiter,Devorah Leah Reiter,,2,40.78551,-73.64531,https://www.chabad.org/jewish-centers/283100/Roslyn-Heights/Day-Camp/Camp-Gan-Israel,283100
USA,NY,Roslyn Heights,Chabad of Roslyn,Chabad House,Long Island,Tuvia Teldon,Aaron Konikov,Yaakov Wilansky; Chaya Wilansky; Chanie Konikov,,4,40.78551,-73.64531,https://www.chabad.org/jewish-centers/117965/Roslyn-Heights/Synagogue/Chabad-of-Roslyn,117965
USA,NY,Saratoga Springs,Chabad Lubavitch of Saratoga Springs,Campus Chabad House,Eastern New York,Yisroel Rubin,Avraham Abba Rubin,Raizel Rubin,,2,43.08193,-73.78006,https://www.chabad.org/jewish-centers/118482/Saratoga-Springs/Campus-Chabad-House/Chabad-Lubavitch-of-Saratoga-Springs,118482
USA,NY,Scarsdale,Chabad of Scarsdale,Chabad House,New York City,Tzach,,,,0,40.98939,-73.80721,https://www.chabad.org/jewish-centers/3152405/Scarsdale/Synagogue/Chabad-of-Scarsdale,3152405
USA,NY,Schenectady,Chabad at Union - The Rohr Jewish Student Center,Campus Chabad House,Eastern New York,Yisroel Rubin,Shmuly Rubin,Laiky Rubin,,2,42.81803,-73.93316,https://www.chabad.org/jewish-centers/541851/Schenectady/Campus-Chabad-House/Chabad-at-Union-The-Rohr-Jewish-Student-Center,541851
USA,NY,Sea Cliff,Camp Gan Israel,,Long Island,Tuvia Teldon,Sholom Heber,,,1,40.84741,-73.64549,https://www.chabad.org/jewish-centers/7244635/Sea-Cliff/Camp-Gan-Israel,7244635
USA,NY,Southampton,Chabad of Southampton Jewish Center,Chabad House,Long Island,Tuvia Teldon,Rafe Konikov,Chany Konikov,,2,40.88444,-72.40076,https://www.chabad.org/jewish-centers/118378/Southampton/Synagogue/Chabad-of-Southampton-Jewish-Center,118378
USA,NY,Spring Valley,Cheder Chabad of Monsey,Cheder,New York City,Tzach,Yisroel Shusterman,Menachem Mendel  Vogel,,2,41.12628,-74.05598,https://www.chabad.org/jewish-centers/118578/Spring-Valley/Cheder/Cheder-Chabad-of-Monsey,118578
USA,NY,Spring Valley,Cheder Zichron Shmuel,Cheder,New York City,Tzach,Moshe Gourarie,Menachem Kleinman; Mendel Baumgarten; Schneur Zalman Schapiro; Yisroel Goldberg; Yoel Muller; Menachem Tzfasman; Menachem Feldman; Yosef Weinberger; Yisroel Blank; Yechiel Weiser; Menachem Mendel Reizes; Modechai Nemni,,13,41.1174,-74.04953,https://www.chabad.org/jewish-centers/6656482/Spring-Valley/Cheder/Cheder-Zichron-Shmuel,6656482
USA,NY,Spring Valley,Mesivta Lubavitch of Monsey,Yeshivah Ketanah/Mesivtah,New York City,Tzach,Moshe Liberow,Mendy Landa; Sender Lustig; Levi Tiechtel; Shneur Vogel; Shlomie Kagan; Mendy Klyne,,7,41.13885,-74.05842,https://www.chabad.org/jewish-centers/4173591/Spring-Valley/Yeshivah-KetanahMesivtah/Mesivta-Lubavitch-of-Monsey,4173591
USA,NY,Staten Island,Chabad Israel Center,Chabad House,New York City,Tzach,Nachman Segal,Chaya Segal,,2,40.58406,-74.15856,https://www.chabad.org/jewish-centers/216555/Staten-Island/Synagogue/Chabad-Israel-Center,216555
USA,NY,Staten Island,Chabad Lubavitch of Staten Island,Chabad House,New York City,Tzach,Moshe Katzman,Chana Katzman; Mendy Katzman; Malka Katzman,,4,40.60155,-74.13083,https://www.chabad.org/jewish-centers/117696/Staten-Island/Synagogue/Chabad-Lubavitch-of-Staten-Island,117696
USA,NY,Staten Island,Chabad of Mid Island,Chabad House,New York City,Tzach,Aizik Vogel,Hinda Rivka Vogel,,2,40.57623,-74.10241,https://www.chabad.org/jewish-centers/6135580/Staten-Island/Synagogue/Chabad-of-Mid-Island,6135580
USA,NY,Staten Island,Chabad of Tottenville,,New York City,Tzach,Mendel Katzman,Esty Katzman,,2,40.50806,-74.24954,https://www.chabad.org/jewish-centers/6933230/Staten-Island/Chabad-of-Tottenville,6933230
USA,NY,Staten Island,Chabad of the South Shore,Chabad House,New York City,Tzach,Levi Katzman,Freidy Katzman,,2,40.55067,-74.18672,https://www.chabad.org/jewish-centers/442309/Staten-Island/Synagogue/Chabad-of-the-South-Shore,442309
USA,NY,Staten Island,Gan Israel School,Day School,New York City,Tzach,Chana Katzman,,,1,40.62152,-74.12354,https://www.chabad.org/jewish-centers/118921/Staten-Island/Day-School/Gan-Israel-School,118921
USA,NY,Stony Brook,Chabad at Stony Brook University,Campus Chabad House,Long Island,Tuvia Teldon,Adam Stein,Esther Stein,,2,40.91047,-73.13253,https://www.chabad.org/jewish-centers/118375/Stony-Brook/Campus-Chabad-House/Chabad-at-Stony-Brook-University,118375
USA,NY,Stony Point,Chabad of Stony Point,,New York City,Tzach,Shea Werner,Hadassah Werner,,2,41.23039,-74.01765,https://www.chabad.org/jewish-centers/6169151/Stony-Point/Chabad-of-Stony-Point,6169151
USA,NY,Swan Lake,Chabad of Swan Lake,Chabad House,Eastern New York,Yisroel Rubin,Yossi Hurwitz,Esther Hurwitz,,2,41.7533,-74.78043,https://www.chabad.org/jewish-centers/1035617/Swan-Lake/Synagogue/Chabad-of-Swan-Lake,1035617
USA,NY,Syracuse,Chabad at Syracuse University,Campus Chabad House,Upstate New York,Nosson Gurary,Mendy Rapoport,Lakey Rapoport,,2,43.03552,-76.12785,https://www.chabad.org/jewish-centers/158198/Syracuse/Campus-Chabad-House/Chabad-at-Syracuse-University,158198
USA,NY,Syracuse,Chabad-Lubavitch of Central New York,Chabad House,Upstate New York,Nosson Gurary,Yaakov T. Rapoport,Chanie Rapoport,,2,43.03339,-76.12746,https://www.chabad.org/jewish-centers/117697/Syracuse/Synagogue/Chabad-Lubavitch-of-Central-New-York,117697
USA,NY,Troy,Mikvah Chabad,Mikveh,Eastern New York,Yisroel Rubin,Elisheva Morrison,,,1,42.73669,-73.67532,https://www.chabad.org/jewish-centers/119480/Troy/Mikveh/Mikvah-Chabad,119480
USA,NY,Troy,Troy Chabad Center,Chabad House,Eastern New York,Yisroel Rubin,Leible Morrison,,,1,42.7365,-73.65879,https://www.chabad.org/jewish-centers/117698/Troy/Synagogue/Troy-Chabad-Center,117698
USA,NY,Troy,Troy Chabad on Campus,,Eastern New York,Yisroel Rubin,Shlomo Morrison,Chaya Mushka Morrison,,2,42.72841,-73.69179,https://www.chabad.org/jewish-centers/5555239/Troy/Troy-Chabad-on-Campus,5555239
USA,NY,Valley Stream,Chabad of Valley Stream,Chabad House,Long Island,Tuvia Teldon,Yitzchak Goldshmid,Itty Goldshmid; Mendi Marasow; Cheli Marasow,,4,40.65194,-73.71748,https://www.chabad.org/jewish-centers/117999/Valley-Stream/Synagogue/Chabad-of-Valley-Stream,117999
USA,NY,Valley Stream,Cong. Beth Shalom,Synagogue,Long Island,Tuvia Teldon,Yitzchak Goldshmid,,,1,40.65661,-73.70093,https://www.chabad.org/jewish-centers/118923/Valley-Stream/Synagogue/Cong-Beth-Shalom,118923
USA,NY,Valley Stream,Gan Chabad Preschool,Preschool,Long Island,Tuvia Teldon,Cheli Marasow,Itty Goldshmid,,2,40.65661,-73.70093,https://www.chabad.org/jewish-centers/7438183/Valley-Stream/Preschool/Gan-Chabad-Preschool,7438183
USA,NY,Valley Stream,Hebrew School,Hebrew School,Long Island,Tuvia Teldon,Itty Goldshmid,Cheli Marasow,,2,40.65661,-73.70093,https://www.chabad.org/jewish-centers/118924/Valley-Stream/Hebrew-School/Hebrew-School,118924
USA,NY,Vestal,The Rohr Chabad Center for Jewish Student Life at Binghamton University,Campus Chabad House,Upstate New York,Nosson Gurary,Aharon Slonim,Rivkah Slonim; Zalman Chein; Rochel Chein; Levi Slonim; Hadasa Slonim; Yisroel Ohana; Goldie Ohana,,8,42.088,-75.95968,https://www.chabad.org/jewish-centers/117699/Vestal/Campus-Chabad-House/The-Rohr-Chabad-Center-for-Jewish-Student-Life-at-Binghamton-University,117699
USA,NY,Water Mill,Chabad of Watermill,Chabad House,Long Island,Tuvia Teldon,Levi Baumgarten,Avrohom Baumgarten; Raizel Baumgarten; Mendel Sorkin,,4,40.906,-72.37127,https://www.chabad.org/jewish-centers/118489/Water-Mill/Synagogue/Chabad-of-Watermill,118489
USA,NY,West Hempstead,Chabad of West Hempstead,Chabad House,Long Island,Tuvia Teldon,Yossi Lieberman,Chaya Rochel Lieberman,,2,40.70502,-73.65478,https://www.chabad.org/jewish-centers/118563/West-Hempstead/Synagogue/Chabad-of-West-Hempstead,118563
USA,NY,West Henrietta,Chabad at RIT,Campus Chabad House,Upstate New York,Nosson Gurary,Yossi Cohen,Leah Cohen,,2,43.08398,-77.68578,https://www.chabad.org/jewish-centers/3373588/West-Henrietta/Campus-Chabad-House/Chabad-at-RIT,3373588
USA,NY,White Plains,Chabad of White Plains,Chabad House,New York City,Tzach,,,,0,41.01923,-73.77362,https://www.chabad.org/jewish-centers/636554/White-Plains/Synagogue/Chabad-of-White-Plains,636554
USA,NY,White Plains,Hebrew School,Hebrew School,New York City,Tzach,,,,0,41.0255,-73.76593,https://www.chabad.org/jewish-centers/599771/White-Plains/Hebrew-School/Hebrew-School,599771
USA,NY,Woodbury,Town of Oyster Bay Chabad,Chabad House,Long Island,Tuvia Teldon,Shmuel Lipszyc,Shalom Lipszyc,,2,40.80819,-73.47437,https://www.chabad.org/jewish-centers/117686/Woodbury/Synagogue/Town-of-Oyster-Bay-Chabad,117686
USA,NY,Woodmere,Chabad of Hewlett Neck & Old Woodmere,,Long Island,Tuvia Teldon,Mendel Gordon,Goldie Gordon,,2,40.62785,-73.69742,https://www.chabad.org/jewish-centers/5805649/Woodmere/Chabad-of-Hewlett-Neck-Old-Woodmere,5805649
USA,NY,Woodmere,Gan Chamesh Early Childhood Center,Preschool,Long Island,Tuvia Teldon,Chanie Wolowik,,,1,40.62701,-73.71702,https://www.chabad.org/jewish-centers/120268/Woodmere/Preschool/Gan-Chamesh-Early-Childhood-Center,120268
USA,NY,Woodstock,Chabad of Woodstock,Chabad House,Eastern New York,Yisroel Rubin,Mendy Karczag,Shaindy Karczag,,2,42.01895,-74.09724,https://www.chabad.org/jewish-centers/4475795/Woodstock/Synagogue/Chabad-of-Woodstock,4475795
USA,NY,Yonkers,Chabad-Lubavitch of Yonkers,Chabad House,New York City,Tzach,Mendy Hurwitz,Chanie Hurwitz,,2,40.95476,-73.88864,https://www.chabad.org/jewish-centers/710262/Yonkers/Synagogue/Chabad-Lubavitch-of-Yonkers,710262
USA,NY,Yorktown Heights,Chabad of Yorktown,Chabad House,New York City,Tzach,Yehuda Heber,Hadassah Heber,,2,41.29571,-73.80881,https://www.chabad.org/jewish-centers/1281832/Yorktown-Heights/Synagogue/Chabad-of-Yorktown,1281832
USA,OH,Akron,Anshe Sfard Synagogue,Synagogue,Northeast Ohio,Alevsky family,Moshe Sasonkin,,,1,41.13976,-81.59799,https://www.chabad.org/jewish-centers/526300/Akron/Synagogue/Anshe-Sfard-Synagogue,526300
USA,OH,Akron,Chabad of Akron & Canton,Chabad House,Northeast Ohio,Alevsky family,Moshe Sasonkin,Kaila Sasonkin; Chaim Sasonkin; Mushkee Sasonkin; Mussie Sasonkin,Mendel Sasonkin obm,6,41.14004,-81.59827,https://www.chabad.org/jewish-centers/117702/Akron/Synagogue/Chabad-of-Akron-Canton,117702
USA,OH,Akron,Hebrew School,Hebrew School,Northeast Ohio,Alevsky family,Kaila Sasonkin,Mussie Sasonkin,,2,41.13976,-81.59799,https://www.chabad.org/jewish-centers/613999/Akron/Hebrew-School/Hebrew-School,613999
USA,OH,Amberley Village,Chabad of Southern Ohio,,Southern Ohio,Sholom Ber Kalmanson,,,,0,39.20176,-84.44424,,extra-chabad-southern-ohio
USA,OH,Athens,Chabad of Athens and Ohio University,Campus Chabad House,Northeast Ohio,Alevsky family,Levi Raichik,Chanee Raichik,,2,39.33131,-82.10085,https://www.chabad.org/jewish-centers/2842082/Athens/Campus-Chabad-House/Chabad-of-Athens-and-Ohio-University,2842082
USA,OH,Beachwood,Anash Youth Club,,Northeast Ohio,Alevsky family,Yitzchak Chein,Chaya Chein,,2,41.49162,-81.51632,https://www.chabad.org/jewish-centers/6933480/Beachwood/Anash-Youth-Club,6933480
USA,OH,Beachwood,Camp Gan Israel of Beachwood,Day Camp,Northeast Ohio,Alevsky family,Shmuli Friedman,Rivky Friedman,,2,41.48578,-81.49955,https://www.chabad.org/jewish-centers/4736058/Beachwood/Day-Camp/Camp-Gan-Israel-of-Beachwood,4736058
USA,OH,Beachwood,Chabad of Beachwood,Chabad House,Northeast Ohio,Alevsky family,Sholom Ber Chaikin,,,1,41.49195,-81.51264,https://www.chabad.org/jewish-centers/117537/Beachwood/Synagogue/Chabad-of-Beachwood,117537
USA,OH,Beachwood,Chabad's Enrichment Programs,Youth Center,Northeast Ohio,Alevsky family,Shmuli Friedman,Rivky Friedman,,2,41.48578,-81.49955,https://www.chabad.org/jewish-centers/658716/Beachwood/Youth-Center/Chabads-Enrichment-Programs,658716
USA,OH,Beachwood,Fromovitz Chabad Center,Chabad House,Northeast Ohio,Alevsky family,Moshe Gancz,Rivky Gancz,,2,41.46494,-81.51117,https://www.chabad.org/jewish-centers/3923569/Beachwood/Synagogue/Fromovitz-Chabad-Center,3923569
USA,OH,Bexley,Chabad of Bexley,Chabad House,Central Ohio,Areyah Kaltmann,Shea Kaltmann,Sarah Kaltmann,,2,39.95676,-82.93129,https://www.chabad.org/jewish-centers/6925466/Bexley/Synagogue/Chabad-of-Bexley,6925466
USA,OH,Chagrin Falls,Chabad Jewish Center of Chagrin Falls,,Northeast Ohio,Alevsky family,Shneur Itzinger,Simi Itzinger,,2,41.43282,-81.39274,https://www.chabad.org/jewish-centers/5333495/Chagrin-Falls/Chabad-Jewish-Center-of-Chagrin-Falls,5333495
USA,OH,Cincinnati,Chabad Jewish Center,Chabad House,Southern Ohio,Sholom Ber Kalmanson,Yisroel Mangel,Chana Alta Mangel; Yitzchok M. Lifshitz; Shoshana Lifshitz,,4,39.2256,-84.40097,https://www.chabad.org/jewish-centers/117703/Cincinnati/Synagogue/Chabad-Jewish-Center,117703
USA,OH,Cincinnati,Chabad Young Professionals Cincinnati,,Southern Ohio,Sholom Ber Kalmanson,Levik Gourarie,Mushky Gourarie,,2,39.10312,-84.51202,https://www.chabad.org/jewish-centers/6958605/Cincinnati/Chabad-Young-Professionals-Cincinnati,6958605
USA,OH,Cincinnati,Chabad at the University of Cincinnati,Campus Chabad House,Southern Ohio,Sholom Ber Kalmanson,Yitzchak Creeger,Dina Creeger,,2,39.13424,-84.5222,https://www.chabad.org/jewish-centers/2124148/Cincinnati/Campus-Chabad-House/Chabad-at-the-University-of-Cincinnati,2124148
USA,OH,Cleveland,CYP Cleveland,Young Professionals,Northeast Ohio,Alevsky family,Yossi Freedman,Chaya M. Freedman,,2,41.53021,-81.67956,https://www.chabad.org/jewish-centers/6892760/Cleveland/Young-Professionals/CYP-Cleveland,6892760
USA,OH,Cleveland,Chabad at CWRU,Campus Chabad House,Northeast Ohio,Alevsky family,Mendy Alevsky,Sara Alevsky,,2,41.5164,-81.60505,https://www.chabad.org/jewish-centers/2045594/Cleveland/Campus-Chabad-House/Chabad-at-CWRU,2045594
USA,OH,Cleveland,Chabad of Cleveland,Jewish Community Center,Northeast Ohio,Alevsky family,Leibel Alevsky,Devorah Alevsky; Shmuli Friedman; Moshe Gancz; Rivky Friedman; Sholom Ber Chaikin; Levi Greenberg,,7,41.49162,-81.51632,https://www.chabad.org/jewish-centers/117708/Cleveland/Synagogue/Chabad-of-Cleveland,117708
USA,OH,Cleveland,Chabad of Downtown Cleveland,Young Professionals,Northeast Ohio,Alevsky family,Yossi Freedman,Chaya M. Freedman,,2,41.50369,-81.68692,https://www.chabad.org/jewish-centers/2112170/Cleveland/Young-Professionals/Chabad-of-Downtown-Cleveland,2112170
USA,OH,Cleveland Heights,Chabad of Cleveland Heights,Chabad House,Northeast Ohio,Alevsky family,Mordechai Mendelson,Chanan Rose,,2,41.50944,-81.55439,https://www.chabad.org/jewish-centers/117709/Cleveland-Heights/Synagogue/Chabad-of-Cleveland-Heights,117709
USA,OH,Cleveland Heights,Congregation Tzemach Tzedek,Chabad House,Northeast Ohio,Alevsky family,,,Zalman Kazen obm,1,41.50719,-81.56574,https://www.chabad.org/jewish-centers/117707/Cleveland-Heights/Synagogue/Congregation-Tzemach-Tzedek,117707
USA,OH,Columbus,Chabad of Downtown Columbus,,Central Ohio,Areyah Kaltmann,Yitzi Kaltmann,Sara Kaltmann,,2,39.96086,-82.99545,https://www.chabad.org/jewish-centers/3660798/Columbus/Chabad-of-Downtown-Columbus,3660798
USA,OH,Columbus,Schottenstein Chabad House,Campus Chabad House,Central Ohio,Areyah Kaltmann,Levi Andrusier,Zalman Deitsch; Sarah Deitsch; Aviva Andrusier,,4,39.99947,-83.00229,https://www.chabad.org/jewish-centers/349392/Columbus/Campus-Chabad-House/Schottenstein-Chabad-House,349392
USA,OH,Dayton,Chabad of Greater Dayton,Chabad House,Southern Ohio,Sholom Ber Kalmanson,Nochum Mangel,Devorah Leah Mangel; Shmuel Klatzkin; Levi Simon; Rochel Simon,,5,39.713,-84.17204,https://www.chabad.org/jewish-centers/117967/Dayton/Synagogue/Chabad-of-Greater-Dayton,117967
USA,OH,Kent,Chabad at Kent State,Campus Chabad House,Northeast Ohio,Alevsky family,Berel Sasonkin,Rochel Sasonkin,,2,41.14552,-81.35237,https://www.chabad.org/jewish-centers/3547107/Kent/Campus-Chabad-House/Chabad-at-Kent-State,3547107
USA,OH,Lakewood,The Jewish Discovery Center,Jewish Community Center,Northeast Ohio,Alevsky family,Mendel Jacobs,Devorah Jacobs,,2,41.47731,-81.80639,https://www.chabad.org/jewish-centers/5435870/Lakewood/Synagogue/The-Jewish-Discovery-Center,5435870
USA,OH,Lyndhurst,Lyndhurst Chabad Family Center,Chabad House,Northeast Ohio,Alevsky family,Mendy Freedman,Chaya Freedman,,2,41.53006,-81.49541,https://www.chabad.org/jewish-centers/2357326/Lyndhurst/Synagogue/Lyndhurst-Chabad-Family-Center,2357326
USA,OH,Mason,The Jewish Discovery Center,Chabad House,Southern Ohio,Sholom Ber Kalmanson,Yosef Y. Kalmanson,Rochel Kalmanson; Yisroel Bronstein; Chana Bronstein; Menachem Mendel  Kalmanson; Goldy Kalmanson,,6,39.32903,-84.31852,https://www.chabad.org/jewish-centers/118177/Mason/Synagogue/The-Jewish-Discovery-Center,118177
USA,OH,New Albany,Chabad of Columbus,Chabad House,Central Ohio,Areyah Kaltmann,Areyah Kaltmann,Esther Kaltmann; Yitzi Kaltmann,,3,40.08184,-82.82389,https://www.chabad.org/jewish-centers/117950/New-Albany/Synagogue/Chabad-of-Columbus,117950
USA,OH,Oberlin,Chabad of Oberlin College,Campus Chabad House,Northeast Ohio,Alevsky family,Yisroel Pinson,Sarah Pinson,,2,41.29211,-82.22518,https://www.chabad.org/jewish-centers/1338841/Oberlin/Campus-Chabad-House/Chabad-of-Oberlin-College,1338841
USA,OH,Oxford,Chabad at Miami University,Campus Chabad House,Southern Ohio,Sholom Ber Kalmanson,Yossi Greenberg,Mushka Greenberg,,2,39.50707,-84.74006,https://www.chabad.org/jewish-centers/2342907/Oxford/Campus-Chabad-House/Chabad-at-Miami-University,2342907
USA,OH,Pepper Pike,Friendship Circle,Friendship Circle,Northeast Ohio,Alevsky family,Yossi Marozov,Estie Marozov,,2,41.47913,-81.4813,https://www.chabad.org/jewish-centers/118540/Pepper-Pike/Friendship-Circle/Friendship-Circle,118540
USA,OH,S Euclid,Cleveland Kosher Food Pantry,,Northeast Ohio,Alevsky family,Chayim Boruch Alevsky,Sarah Alevsky,,2,41.50502,-81.51989,https://www.chabad.org/jewish-centers/6057204/S-Euclid/Cleveland-Kosher-Food-Pantry,6057204
USA,OH,S. Euclid,Semach Sedek Shul,Russian Jewry Center,Northeast Ohio,Alevsky family,Yossi Marozov,,,1,41.50502,-81.51989,https://www.chabad.org/jewish-centers/119647/S-Euclid/Synagogue/Semach-Sedek-Shul,119647
USA,OH,Shaker Heights,Shaker Chabad,Chabad House,Northeast Ohio,Alevsky family,Choli Mishulovin,Chana Mushka Mishulovin,,2,41.46466,-81.5742,https://www.chabad.org/jewish-centers/6940306/Shaker-Heights/Synagogue/Shaker-Chabad,6940306
USA,OH,Solon,Chabad Jewish Center of Solon,Synagogue,Northeast Ohio,Alevsky family,Zushe Greenberg,Miriam Greenberg; Shimon Galperin; Mushkie Galperin,,4,41.40849,-81.46752,https://www.chabad.org/jewish-centers/117710/Solon/Synagogue/Chabad-Jewish-Center-of-Solon,117710
USA,OH,Toledo,Chabad House-Lubavitch of Greater Toledo,Chabad House,Michigan,Berel Shemtov,Yossi Shemtov,Raizel Shemtov; Shmouel Matusof; Mushka Matusof,,4,41.66879,-83.72171,https://www.chabad.org/jewish-centers/117711/Toledo/Synagogue/Chabad-House-Lubavitch-of-Greater-Toledo,117711
USA,OH,Toledo,Food & Learning Center,Social Services,Michigan,Berel Shemtov,Yossi Shemtov,,,1,41.66739,-83.61002,https://www.chabad.org/jewish-centers/119975/Toledo/Social-Services/Food-Learning-Center,119975
USA,OH,Toledo,Gan Yeladim Preschool,Preschool,Michigan,Berel Shemtov,Raizel Shemtov,,,1,41.68954,-83.69876,https://www.chabad.org/jewish-centers/119974/Toledo/Preschool/Gan-Yeladim-Preschool,119974
USA,OH,Twinsburg,Twinsburg Chabad,Chabad House,Northeast Ohio,Alevsky family,Mendy Greenberg,Mussie Greenberg,,2,41.33893,-81.43627,https://www.chabad.org/jewish-centers/3596832/Twinsburg/Synagogue/Twinsburg-Chabad,3596832
USA,OH,Westlake,Chabad of the West Side,Chabad House,Northeast Ohio,Alevsky family,Mendel Jacobs,Devorah Jacobs,,2,41.43327,-81.93324,https://www.chabad.org/jewish-centers/3011242/Westlake/Synagogue/Chabad-of-the-West-Side,3011242
USA,OK,Norman,Lubavitch Chabad of Norman,,Oklahoma,Yehuda Weg,Mendel Goldman,Basya Goldman,,2,35.22159,-97.44462,https://www.chabad.org/jewish-centers/5941552/Norman/Lubavitch-Chabad-of-Norman,5941552
USA,OK,Oklahoma City,Chabad Community Center For Jewish Life and Learning,Chabad House,Oklahoma,Yehuda Weg,Ovadia Goldman,Nechama Goldman,,2,35.57955,-97.57097,https://www.chabad.org/jewish-centers/118273/Oklahoma-City/Synagogue/Chabad-Community-Center-For-Jewish-Life-and-Learning,118273
USA,OK,Tulsa,Chabad House Lubavitch,Chabad House,Oklahoma,Yehuda Weg,Yehuda Weg,Etel Devorah Weg,,2,36.06703,-95.96725,https://www.chabad.org/jewish-centers/117712/Tulsa/Synagogue/Chabad-House-Lubavitch,117712
USA,OR,Ashland,Chabad Jewish Center of Southern Oregon,Chabad House,Oregon,Moshe Wilhelm,Avi Zwiebel,Faigy Zwiebel,,2,42.18408,-122.6898,https://www.chabad.org/jewish-centers/118601/Ashland/Synagogue/Chabad-Jewish-Center-of-Southern-Oregon,118601
USA,OR,Bend,Chabad-Lubavitch of Central Oregon,Chabad House,Oregon,Moshe Wilhelm,Yitzchok Feldman,Mimi Feldman,,2,44.01664,-121.32463,https://www.chabad.org/jewish-centers/597075/Bend/Synagogue/Chabad-Lubavitch-of-Central-Oregon,597075
USA,OR,Corvallis,Chabad of Corvallis,Chabad House,Oregon,Moshe Wilhelm,Menachem Angster,Zahava Angster,,2,44.57139,-123.27718,https://www.chabad.org/jewish-centers/5801568/Corvallis/Synagogue/Chabad-of-Corvallis,5801568
USA,OR,Eugene,Chabad of Eugene,Campus Chabad House,Oregon,Moshe Wilhelm,Berel Gurevitch,Rivkah Gurevitch,,2,44.04424,-123.0885,https://www.chabad.org/jewish-centers/118557/Eugene/Campus-Chabad-House/Chabad-of-Eugene,118557
USA,OR,Gresham,Chabad Jewish Center of Gresham / East County,Chabad House,Oregon,Moshe Wilhelm,Avrohom Moshe Dyce,Cheina Dyce,,2,45.5141,-122.42287,https://www.chabad.org/jewish-centers/5115061/Gresham/Synagogue/Chabad-Jewish-Center-of-Gresham-East-County,5115061
USA,OR,Hillsboro,Chabad of Hillsboro,Chabad House,Oregon,Moshe Wilhelm,Menachem Rivkin,Chaya Rivkin,,2,45.51673,-122.93633,https://www.chabad.org/jewish-centers/449303/Hillsboro/Synagogue/Chabad-of-Hillsboro,449303
USA,OR,Portland,Chabad Lubavitch of Oregon,Chabad House,Oregon,Moshe Wilhelm,Moshe Wilhelm,Chayim Eliyohu Mishulovin; Devora Wilhelm; Sima Mishulovin; Motti Wilhelm; Mimi Wilhelm,,6,45.47573,-122.7027,https://www.chabad.org/jewish-centers/118188/Portland/Synagogue/Chabad-Lubavitch-of-Oregon,118188
USA,OR,Portland,Chabad SW Portland,Chabad House,Oregon,Moshe Wilhelm,Motti Wilhelm,Mimi Wilhelm,,2,45.47573,-122.7027,https://www.chabad.org/jewish-centers/3779201/Portland/Synagogue/Chabad-SW-Portland,3779201
USA,OR,Portland,Chabad Young Professionals Portland & Chabad Northwest Portland,Young Professionals,Oregon,Moshe Wilhelm,Meir Posner,Sheina Posner,,2,45.5267,-122.68805,https://www.chabad.org/jewish-centers/4461549/Portland/Young-Professionals/Chabad-Young-Professionals-Portland-Chabad-Northwest-Portland,4461549
USA,OR,Portland,Chabad at Portland Campuses,Campus Chabad House,Oregon,Moshe Wilhelm,Dov Bialo,Chani Bialo,,2,45.48492,-122.62952,https://www.chabad.org/jewish-centers/566599/Portland/Campus-Chabad-House/Chabad-at-Portland-Campuses,566599
USA,OR,Portland,Chabad of Northeast Portland,Chabad House,Oregon,Moshe Wilhelm,Chaim Wilhelm,Mushka Wilhelm,,2,45.55672,-122.65692,https://www.chabad.org/jewish-centers/1676554/Portland/Synagogue/Chabad-of-Northeast-Portland,1676554
USA,OR,Portland,Chabad on Call NorthEast Portland,,Oregon,Moshe Wilhelm,Eliyohu Elyovics,,,1,45.51523,-122.67839,https://www.chabad.org/jewish-centers/6671612/Portland/Chabad-on-Call-NorthEast-Portland,6671612
USA,OR,Portland,Chabad on Campus SW Portland,Campus Chabad House,Oregon,Moshe Wilhelm,Eliyahu Citron,Chaya Mushka Citron,,2,45.45392,-122.68648,https://www.chabad.org/jewish-centers/5609506/Portland/Campus-Chabad-House/Chabad-on-Campus-SW-Portland,5609506
USA,OR,Portland,Congregation Bais Menachem-Chabad,Synagogue,Oregon,Moshe Wilhelm,Moshe Wilhelm,,,1,45.47627,-122.70114,https://www.chabad.org/jewish-centers/119776/Portland/Synagogue/Congregation-Bais-Menachem-Chabad,119776
USA,OR,Portland,Jewish Oasis - Chabad,Chabad House,Oregon,Moshe Wilhelm,Chayim Eliyohu Mishulovin,Sima Mishulovin,,2,45.52642,-122.68377,https://www.chabad.org/jewish-centers/1351834/Portland/Synagogue/Jewish-Oasis-Chabad,1351834
USA,OR,Portland,Maimonides Jewish Day School,Day School,Oregon,Moshe Wilhelm,Shammai Eidelman,Devora Wilhelm,,2,45.55672,-122.65692,https://www.chabad.org/jewish-centers/119650/Portland/Day-School/Maimonides-Jewish-Day-School,119650
USA,OR,Salem,Chabad Center for Jewish Life,Chabad House,Oregon,Moshe Wilhelm,Avrohom Yitzchok Perlstein,Fruma Ita Perlstein,,2,44.88728,-123.02691,https://www.chabad.org/jewish-centers/476686/Salem/Synagogue/Chabad-Center-for-Jewish-Life,476686
USA,OR,Tigard,Tigard Chabad Jewish Center,Chabad House,Oregon,Moshe Wilhelm,Menachem Orenstein,Chaya Orenstein,,2,45.40813,-122.80338,https://www.chabad.org/jewish-centers/4494283/Tigard/Synagogue/Tigard-Chabad-Jewish-Center,4494283
USA,OR,West Linn,Chabad of Lake Oswego,,Oregon,Moshe Wilhelm,Shimon Wilhelm,Etty Wilhelm,,2,45.34791,-122.68063,https://www.chabad.org/jewish-centers/4909804/West-Linn/Chabad-of-Lake-Oswego,4909804
USA,PA,,Chabad of Rural Western Pennsylvania,,Pennsylvania,Avremel Shemtov,Yisroel Gordon,,,1,41.20332,-77.19452,https://www.chabad.org/jewish-centers/7375651/Chabad-of-Rural-Western-Pennsylvania,7375651
USA,PA,Allentown,Chabad Lubavitch of Lehigh Valley,Chabad House,Pennsylvania,Avremel Shemtov,Yaacov Halperin,Devora Halperin; Tzvi E. Spalter; Chaya Spalter,,4,40.60332,-75.56125,https://www.chabad.org/jewish-centers/118473/Allentown/Synagogue/Chabad-Lubavitch-of-Lehigh-Valley,118473
USA,PA,Allentown,"Chabad Student Center - Allentown, PA",Campus Chabad House,Pennsylvania,Avremel Shemtov,Boruch Sholom Greenberg,Rivka Greenberg,,2,40.61556,-75.53756,https://www.chabad.org/jewish-centers/2751379/Allentown/Campus-Chabad-House/Chabad-Student-Center-Allentown-PA,2751379
USA,PA,Altoona,Chabad of Altoona,Chabad House,Western Pennsylvania,Yisroel Rosenfeld,Shneur Horowitz,Miriam Horowitz,,2,40.53587,-78.39513,https://www.chabad.org/jewish-centers/1174865/Altoona/Synagogue/Chabad-of-Altoona,1174865
USA,PA,Back Mountain,Chabad of Back Mountain,Chabad House,Pennsylvania,Avremel Shemtov,Shlomie Sirota,,,1,41.31122,-75.9608,https://www.chabad.org/jewish-centers/6010288/Back-Mountain/Synagogue/Chabad-of-Back-Mountain,6010288
USA,PA,Bala Cynwyd,Bala Chabad,Chabad House,Pennsylvania,Avremel Shemtov,Baruch Shalom Davidson,Batsheva Davidson,,2,40.0051,-75.23239,https://www.chabad.org/jewish-centers/6358286/Bala-Cynwyd/Synagogue/Bala-Chabad,6358286
USA,PA,Bethlehem,Chabad at Lehigh University,Campus Chabad House,Pennsylvania,Avremel Shemtov,Zalman Greenberg,Dit Greenberg,,2,40.61132,-75.38452,https://www.chabad.org/jewish-centers/744158/Bethlehem/Campus-Chabad-House/Chabad-at-Lehigh-University,744158
USA,PA,Bryn Mawr,Chabad Lubavitch of Northern Delaware County,Chabad House,Pennsylvania,Avremel Shemtov,Tzvi Altein,Rikki Altein,,2,40.01906,-75.32432,https://www.chabad.org/jewish-centers/2752570/Bryn-Mawr/Synagogue/Chabad-Lubavitch-of-Northern-Delaware-County,2752570
USA,PA,Camp Hill,Chabad West Shore Jewish Center,Chabad House,Pennsylvania,Avremel Shemtov,Nissen Pewzner,Chana Pewzner,,2,40.23856,-76.9531,https://www.chabad.org/jewish-centers/5386600/Camp-Hill/Synagogue/Chabad-West-Shore-Jewish-Center,5386600
USA,PA,Clarks Summit,Chabad of the Abingtons - Jewish Discovery Center,Chabad House,Pennsylvania,Avremel Shemtov,Benny Rapoport,Chana Rapoport; Yosef Rapoport; Esther Rapoport,,4,41.52246,-75.6887,https://www.chabad.org/jewish-centers/118420/Clarks-Summit/Synagogue/Chabad-of-the-Abingtons-Jewish-Discovery-Center,118420
USA,PA,Devon,Chabad of Chester County & Western Main Line,Chabad House,Pennsylvania,Avremel Shemtov,Yossi Kaplan,Tickey Kaplan,,2,40.06643,-75.43369,https://www.chabad.org/jewish-centers/118280/Devon/Synagogue/Chabad-of-Chester-County-Western-Main-Line,118280
USA,PA,Doylestown,Chabad-Lubavitch of Doylestown,Jewish Community Center,Pennsylvania,Avremel Shemtov,,,,0,40.32154,-75.12917,https://www.chabad.org/jewish-centers/2929389/Doylestown/Synagogue/Chabad-Lubavitch-of-Doylestown,2929389
USA,PA,Doylestown,Lubavitch of Central Bucks County West,Chabad House,Pennsylvania,Avremel Shemtov,Mendel Prus,Dassie Prus,,2,40.31847,-75.11408,https://www.chabad.org/jewish-centers/347784/Doylestown/Synagogue/Lubavitch-of-Central-Bucks-County-West,347784
USA,PA,Erie,Chabad of Erie County,Chabad House,Western Pennsylvania,Yisroel Rosenfeld,Dovie Kivman,Mushkie Kivman,,2,42.1035,-80.0773,https://www.chabad.org/jewish-centers/4736226/Erie/Synagogue/Chabad-of-Erie-County,4736226
USA,PA,Fort Washington,Lubavitch of Montgomery County,Chabad House,Pennsylvania,Avremel Shemtov,Shaya Deitsch,Devorah L. Deitsch; Hillel Sperlin; Chaya Sperlin; Sholom Loebenstein; Liba Loebenstein,,6,40.15455,-75.19352,https://www.chabad.org/jewish-centers/118217/Fort-Washington/Synagogue/Lubavitch-of-Montgomery-County,118217
USA,PA,Freedom,Chabad of Cranberry Township and Butler County,Chabad House,Western Pennsylvania,Yisroel Rosenfeld,Yossi Feller,Leah Feller,,2,40.68206,-80.15255,https://www.chabad.org/jewish-centers/4808845/Freedom/Synagogue/Chabad-of-Cranberry-Township-and-Butler-County,4808845
USA,PA,Glen Mills,Chabad of Aston,Chabad House,Pennsylvania,Avremel Shemtov,Yehuda Gerber,Chana Gerber,,2,39.84157,-75.46243,https://www.chabad.org/jewish-centers/4555491/Glen-Mills/Synagogue/Chabad-of-Aston,4555491
USA,PA,Harrisburg,Chabad Jewish Learning Center,Chabad House,Pennsylvania,Avremel Shemtov,Mendy Pewzner,Chana Pewzner,,2,40.30508,-76.89887,https://www.chabad.org/jewish-centers/2052403/Harrisburg/Synagogue/Chabad-Jewish-Learning-Center,2052403
USA,PA,Harrisburg,Chabad Lubavitch of Harrisburg,Chabad House,Pennsylvania,Avremel Shemtov,Shmuel Pewzner,,,1,40.30508,-76.89887,https://www.chabad.org/jewish-centers/117713/Harrisburg/Synagogue/Chabad-Lubavitch-of-Harrisburg,117713
USA,PA,Haverford,Rohr Center for Jewish Life - Chabad House,Campus Chabad House,Pennsylvania,Avremel Shemtov,Eli Gurevitz,Blumie Gurevitz,,2,40.01079,-75.31034,https://www.chabad.org/jewish-centers/420369/Haverford/Campus-Chabad-House/Rohr-Center-for-Jewish-Life-Chabad-House,420369
USA,PA,Havertown,Chabad Living Legacy,Chabad House,Pennsylvania,Avremel Shemtov,Eli Dovid Strasberg,Rivkah Strasberg,,2,39.97212,-75.28755,https://www.chabad.org/jewish-centers/118618/Havertown/Synagogue/Chabad-Living-Legacy,118618
USA,PA,Huntingdon Valley,Chabad Israeli Center,Israeli Center,Pennsylvania,Avremel Shemtov,Levy Weber,Doba Weber,,2,40.12162,-75.0477,https://www.chabad.org/jewish-centers/1773417/Huntingdon-Valley/Israeli-Center/Chabad-Israeli-Center,1773417
USA,PA,Kingston,Bais Menachem Youth Development Program,High School - Boys,Pennsylvania,Avremel Shemtov,Zvi Perlman,Uri Perlman; Pinchus Levitin,,3,41.25464,-75.88743,https://www.chabad.org/jewish-centers/117714/Kingston/High-School-Boys/Bais-Menachem-Youth-Development-Program,117714
USA,PA,Lafayette Hill,Chabad of Lafayette Hill,Chabad House,Pennsylvania,Avremel Shemtov,Yisroel Kotlarsky,Chaya Kotlarsky,,2,40.1088,-75.29401,https://www.chabad.org/jewish-centers/1337491/Lafayette-Hill/Synagogue/Chabad-of-Lafayette-Hill,1337491
USA,PA,Lancaster,Rohr Chabad Jewish Center,Chabad House,Pennsylvania,Avremel Shemtov,Elazar Green,Shira Green,,2,40.05191,-76.32234,https://www.chabad.org/jewish-centers/319750/Lancaster/Synagogue/Rohr-Chabad-Jewish-Center,319750
USA,PA,Lewisburg,Chabad of Lewisburg,Campus Chabad House,Pennsylvania,Avremel Shemtov,Yisroel Baumgarten,Mariasha Baumgarten,,2,40.96653,-76.88947,https://www.chabad.org/jewish-centers/3408190/Lewisburg/Campus-Chabad-House/Chabad-of-Lewisburg,3408190
USA,PA,Lords Valley,Chabad of Lords Valley,,Pennsylvania,Avremel Shemtov,Shmuel Shur,Nechama Shur,,2,41.36759,-75.06239,https://www.chabad.org/jewish-centers/5381238/Lords-Valley/Chabad-of-Lords-Valley,5381238
USA,PA,Media,Chabad of Media,,Pennsylvania,Avremel Shemtov,Avraham Deitsch,Chani Deitsch,,2,39.92224,-75.37005,https://www.chabad.org/jewish-centers/6670209/Media/Chabad-of-Media,6670209
USA,PA,Merion Station,Chabad of the Main Line,Chabad House,Pennsylvania,Avremel Shemtov,Shraga Sherman,Michal Sherman; Mendy Cohen; Temma Cohen; Baruch Shalom Davidson; Batsheva Davidson,,6,40.00927,-75.25351,https://www.chabad.org/jewish-centers/118357/Merion-Station/Synagogue/Chabad-of-the-Main-Line,118357
USA,PA,Monroeville,Chabad-Lubavitch of Monroeville,Chabad House,Western Pennsylvania,Yisroel Rosenfeld,Mendy Schapiro,Esther Schapiro,,2,40.42535,-79.75405,https://www.chabad.org/jewish-centers/742111/Monroeville/Synagogue/Chabad-Lubavitch-of-Monroeville,742111
USA,PA,Newtown,Lubavitch of Bucks County,Chabad House,Pennsylvania,Avremel Shemtov,Yehuda Shemtov,Aryeh Weinstein; Miriam Shemtov; Menachem Lezell; Rosie Weinstein; Rechama Lezell; Chaim Shemtov; Nina Shemtov,,8,40.23025,-74.93618,https://www.chabad.org/jewish-centers/117880/Newtown/Synagogue/Lubavitch-of-Bucks-County,117880
USA,PA,Philadelphia,Chabad House @ University of Pennsylvania,Campus Chabad House,Pennsylvania,Avremel Shemtov,Ephraim Levin,Levi Haskelevich; Nechama Haskelevich; Flora Levin; Menachem Schmidt,,5,39.95166,-75.20452,https://www.chabad.org/jewish-centers/117945/Philadelphia/Campus-Chabad-House/Chabad-House-University-of-Pennsylvania,117945
USA,PA,Philadelphia,Chabad House for Students,Campus Chabad House,Pennsylvania,Avremel Shemtov,Daniel Grodnitzky,Reuvena Leah Grodnitzky,,2,39.94517,-75.16868,https://www.chabad.org/jewish-centers/1304267/Philadelphia/Campus-Chabad-House/Chabad-House-for-Students,1304267
USA,PA,Philadelphia,Chabad Lubavitch NE Philadelphia Jewish Education Center,Jewish Community Center,Pennsylvania,Avremel Shemtov,Mendel Gansburg,Moussia Gansburg,,2,40.05673,-75.06133,https://www.chabad.org/jewish-centers/6642528/Philadelphia/Synagogue/Chabad-Lubavitch-NE-Philadelphia-Jewish-Education-Center,6642528
USA,PA,Philadelphia,Chabad Serving Drexel University - Rohr Jewish Student Center,Campus Chabad House,Pennsylvania,Avremel Shemtov,Chaim Goldstein,Moussia Goldstein; Menny Greenberg; Rochel Raizel Greenberg,,4,39.95939,-75.19479,https://www.chabad.org/jewish-centers/1337772/Philadelphia/Campus-Chabad-House/Chabad-Serving-Drexel-University-Rohr-Jewish-Student-Center,1337772
USA,PA,Philadelphia,Chabad at Vilna Congregation,Synagogue,Pennsylvania,Avremel Shemtov,Menachem Schmidt,Chava Schmidt,,2,39.94393,-75.15079,https://www.chabad.org/jewish-centers/119651/Philadelphia/Synagogue/Chabad-at-Vilna-Congregation,119651
USA,PA,Philadelphia,Chabad of Fairmount,Jewish Community Center,Pennsylvania,Avremel Shemtov,Hirshi Sputz,Shevy Sputz,,2,39.96856,-75.17487,https://www.chabad.org/jewish-centers/3757460/Philadelphia/Synagogue/Chabad-of-Fairmount,3757460
USA,PA,Philadelphia,Chabad of Penn Wynne,Chabad House,Pennsylvania,Avremel Shemtov,Moishe Brennan,Devorah Brennan,,2,39.97987,-75.26764,https://www.chabad.org/jewish-centers/117717/Philadelphia/Synagogue/Chabad-of-Penn-Wynne,117717
USA,PA,Philadelphia,Chabad of West Philadelphia,,Pennsylvania,Avremel Shemtov,Menachem Dubrowski,,,1,39.95258,-75.16522,https://www.chabad.org/jewish-centers/7446707/Philadelphia/Chabad-of-West-Philadelphia,7446707
USA,PA,Philadelphia,Cheder Chabad of Philadelphia,,Pennsylvania,Avremel Shemtov,Mendy Levin,Menachem Mendel Chesney; Menachem Mendel Lishner; Motti Yarmush; Chanee Yarmush; Yossi Reizes; Levi Lipinski; Nissen Moscowitz; Yaakov Backman; Levi Lipinski; Yochi Lipinski; Moussie Reizes,,12,40.06849,-75.13327,https://www.chabad.org/jewish-centers/6166219/Philadelphia/Cheder-Chabad-of-Philadelphia,6166219
USA,PA,Philadelphia,Jewish Care On Call,,Pennsylvania,Avremel Shemtov,Uri Feldman,,,1,39.9819,-75.26368,https://www.chabad.org/jewish-centers/6162604/Philadelphia/Jewish-Care-On-Call,6162604
USA,PA,Philadelphia,Jewish Center of Northern Liberties,Chabad House,Pennsylvania,Avremel Shemtov,Gedaliah Lowenstein,Shevy Lowenstein,,2,39.96437,-75.14146,https://www.chabad.org/jewish-centers/425767/Philadelphia/Synagogue/Jewish-Center-of-Northern-Liberties,425767
USA,PA,Philadelphia,Lubavitch Center for Russian Jewry,Russian Jewry Center,Pennsylvania,Avremel Shemtov,Sholom Goldshmid,,,1,40.12273,-75.01331,https://www.chabad.org/jewish-centers/118521/Philadelphia/Synagogue/Lubavitch-Center-for-Russian-Jewry,118521
USA,PA,Philadelphia,Lubavitch House of Philadelphia,Chabad House,Pennsylvania,Avremel Shemtov,Menachem Schmidt,Chava Schmidt,,2,39.94022,-75.15779,https://www.chabad.org/jewish-centers/117716/Philadelphia/Synagogue/Lubavitch-House-of-Philadelphia,117716
USA,PA,Philadelphia,Lubavitch of Center City,Chabad House,Pennsylvania,Avremel Shemtov,Yochonon Goldman,Leah Goldman; Hirshi Sputz; Shevy Sputz,,4,39.94315,-75.1513,https://www.chabad.org/jewish-centers/117957/Philadelphia/Synagogue/Lubavitch-of-Center-City,117957
USA,PA,Philadelphia,Lubavitch of Northwest Philadelphia,Chabad House,Pennsylvania,Avremel Shemtov,Yitzchok Gurevitz,Pessy Gurevitz,,2,40.05919,-75.19573,https://www.chabad.org/jewish-centers/155891/Philadelphia/Synagogue/Lubavitch-of-Northwest-Philadelphia,155891
USA,PA,Philadelphia,Lubavitcher Center,Jewish Community Center,Pennsylvania,Avremel Shemtov,Avrohom Shemtov,Bentzion Avtzon; Chaya Avtzon; Meilech Bronstein; Odelia Bronstein; Nissen Moscowitz; Mushka Moscowitz; Mendel Gansburg; Moussia Gansburg,,9,40.05673,-75.06133,https://www.chabad.org/jewish-centers/117715/Philadelphia/Synagogue/Lubavitcher-Center,117715
USA,PA,Philadelphia,Old City Jewish Arts Center,Jewish Community Center,Pennsylvania,Avremel Shemtov,Zalman Shimon Wircberg,Emunah Wircberg,,2,39.95271,-75.14485,https://www.chabad.org/jewish-centers/4809936/Philadelphia/Synagogue/Old-City-Jewish-Arts-Center,4809936
USA,PA,Philadelphia,"The Friendship Circle, Philadelphia Region South",Friendship Circle,Pennsylvania,Avremel Shemtov,Zev Baram,Chana Baram,,2,39.93018,-75.16418,https://www.chabad.org/jewish-centers/516456/Philadelphia/Friendship-Circle/The-Friendship-Circle-Philadelphia-Region-South,516456
USA,PA,Philadelphia,The Stanley Middleman Center for Jewish Life - Rohr Chabad @ Temple University,Campus Chabad House,Pennsylvania,Avremel Shemtov,Baruch S. Kantor,Chanie Kantor,,2,39.97538,-75.15903,https://www.chabad.org/jewish-centers/484384/Philadelphia/Campus-Chabad-House/The-Stanley-Middleman-Center-for-Jewish-Life-Rohr-Chabad-Temple-University,484384
USA,PA,Philadelphia,Va'adah L'dovrei Ivrit Chabad,Israeli Center,Pennsylvania,Avremel Shemtov,Zalman Lipsker,Faige Lipsker,,2,39.94917,-75.15432,https://www.chabad.org/jewish-centers/117718/Philadelphia/Israeli-Center/Vaadah-Ldovrei-Ivrit-Chabad,117718
USA,PA,Pittsburgh,B'nai Emunoh Chabad - Greenfield,Synagogue,Western Pennsylvania,Yisroel Rosenfeld,Elchonon Friedman,Yisroel Rosenfeld; Menachem Friedman; Chana Friedman; Moshe Aaron Geisinsky,,5,40.42148,-79.9285,https://www.chabad.org/jewish-centers/1641277/Pittsburgh/Synagogue/Bnai-Emunoh-Chabad-Greenfield,1641277
USA,PA,Pittsburgh,Beis Medrash Chabad of Pittsburgh,Yeshivah Gedolah,Western Pennsylvania,Yisroel Rosenfeld,Menachem Friedman,Elchonon Friedman; Moshe Aaron Geisinsky; Mendy Volfman,,4,40.42148,-79.9285,https://www.chabad.org/jewish-centers/6589811/Pittsburgh/Yeshivah-Gedolah/Beis-Medrash-Chabad-of-Pittsburgh,6589811
USA,PA,Pittsburgh,Chabad House on Campus - Pittsburgh,Campus Chabad House,Western Pennsylvania,Yisroel Rosenfeld,Shmuel Weinstein,Sara Weinstein,,2,40.45145,-79.94857,https://www.chabad.org/jewish-centers/117720/Pittsburgh/Campus-Chabad-House/Chabad-House-on-Campus-Pittsburgh,117720
USA,PA,Pittsburgh,Chabad Lubavitch of Western PA,Synagogue,Western Pennsylvania,Yisroel Rosenfeld,Yisroel Rosenfeld,Elchonon Friedman; Dovid Small; Mendel Markel; Ely Rosenfeld,,5,40.43223,-79.92783,https://www.chabad.org/jewish-centers/117721/Pittsburgh/Synagogue/Chabad-Lubavitch-of-Western-PA,117721
USA,PA,Pittsburgh,Chabad Young Professionals Pittsburgh,Young Professionals,Western Pennsylvania,Yisroel Rosenfeld,Henoch Rosenfeld,Sarah Rosenfeld,,2,40.43259,-79.93225,https://www.chabad.org/jewish-centers/5474211/Pittsburgh/Young-Professionals/Chabad-Young-Professionals-Pittsburgh,5474211
USA,PA,Pittsburgh,Chabad at Pitt,Campus Chabad House,Western Pennsylvania,Yisroel Rosenfeld,Shmuel Rothstein,Chasi Rothstein,,2,40.44727,-79.95713,https://www.chabad.org/jewish-centers/3532791/Pittsburgh/Campus-Chabad-House/Chabad-at-Pitt,3532791
USA,PA,Pittsburgh,Chabad of Carnegie Mellon University,Campus Chabad House,Western Pennsylvania,Yisroel Rosenfeld,Shlomo Silverman,Chani Silverman,,2,40.44406,-79.93785,https://www.chabad.org/jewish-centers/704343/Pittsburgh/Campus-Chabad-House/Chabad-of-Carnegie-Mellon-University,704343
USA,PA,Pittsburgh,Chabad of Fox Chapel,Chabad House,Western Pennsylvania,Yisroel Rosenfeld,,,,0,40.489,-79.87345,https://www.chabad.org/jewish-centers/118529/Pittsburgh/Synagogue/Chabad-of-Fox-Chapel,118529
USA,PA,Pittsburgh,Chabad of Greenfield,Chabad House,Western Pennsylvania,Yisroel Rosenfeld,Yitzi Goldwasser,Miri Goldwasser,,2,40.42148,-79.9285,https://www.chabad.org/jewish-centers/4851753/Pittsburgh/Synagogue/Chabad-of-Greenfield,4851753
USA,PA,Pittsburgh,Chabad of Shadyside,Chabad House,Western Pennsylvania,Yisroel Rosenfeld,Mordy Rudolph,Rivkee Rudolph,,2,40.45231,-79.9371,https://www.chabad.org/jewish-centers/432614/Pittsburgh/Synagogue/Chabad-of-Shadyside,432614
USA,PA,Pittsburgh,Chabad of Squirrel Hill,Chabad House,Western Pennsylvania,Yisroel Rosenfeld,Yisroel Altein,Chani Altein; Yehuda Gorkin; Nechama Gorkin,,4,40.4378,-79.91648,https://www.chabad.org/jewish-centers/119771/Pittsburgh/Synagogue/Chabad-of-Squirrel-Hill,119771
USA,PA,Pittsburgh,Chabad of the Hospitals,Chabad House,Western Pennsylvania,Yisroel Rosenfeld,Shlomie Deren,Mushky Deren,,2,40.42341,-79.93103,https://www.chabad.org/jewish-centers/5572550/Pittsburgh/Synagogue/Chabad-of-the-Hospitals,5572550
USA,PA,Pittsburgh,Chabad of the South Hills,Chabad House,Western Pennsylvania,Yisroel Rosenfeld,Mendy Rosenblum,Batya Rosenblum; Levi Rosenblum; Hindy Rosenblum,,4,40.39682,-80.04658,https://www.chabad.org/jewish-centers/118288/Pittsburgh/Synagogue/Chabad-of-the-South-Hills,118288
USA,PA,Pittsburgh,Keren Rachem,Social Services,Western Pennsylvania,Yisroel Rosenfeld,,,Miriam Rosenblum obm,1,40.4318,-79.9222,https://www.chabad.org/jewish-centers/120026/Pittsburgh/Social-Services/Keren-Rachem,120026
USA,PA,Pittsburgh,Lubavitch Yeshiva Girls School,High School - Girls,Western Pennsylvania,Yisroel Rosenfeld,Yisroel Rosenfeld,Batsheva Deren; Nami Friedman,,3,40.43861,-79.91749,https://www.chabad.org/jewish-centers/120024/Pittsburgh/High-School-Girls/Lubavitch-Yeshiva-Girls-School,120024
USA,PA,Pittsburgh,Mikvah Lubavitch,Mikveh,Western Pennsylvania,Yisroel Rosenfeld,,,,0,40.43271,-79.92487,https://www.chabad.org/jewish-centers/120027/Pittsburgh/Mikveh/Mikvah-Lubavitch,120027
USA,PA,Pittsburgh,Our Giving Kitchen Pittsburgh,,Western Pennsylvania,Yisroel Rosenfeld,Chezky Rosenfeld,Bassie Rosenfeld,,2,40.43272,-79.9311,https://www.chabad.org/jewish-centers/6134464/Pittsburgh/Our-Giving-Kitchen-Pittsburgh,6134464
USA,PA,Pittsburgh,The Aleph Institute - N.E. Regional Headquarters,Chabad House,Western Pennsylvania,Yisroel Rosenfeld,Moishe Mayir Vogel,Nechama Vogel; Manes Weingarten; Nechama Weingarten,,4,40.43452,-79.92242,https://www.chabad.org/jewish-centers/118222/Pittsburgh/Synagogue/The-Aleph-Institute-NE-Regional-Headquarters,118222
USA,PA,Pittsburgh,The Friendship Circle of Pittsburgh,Friendship Circle,Western Pennsylvania,Yisroel Rosenfeld,Mordy Rudolph,Rivkee Rudolph,,2,40.44149,-79.9208,https://www.chabad.org/jewish-centers/576109/Pittsburgh/Friendship-Circle/The-Friendship-Circle-of-Pittsburgh,576109
USA,PA,Pittsburgh,Tzohar Seminary for Chassidus and the Arts,Teachers' Seminary,Western Pennsylvania,Yisroel Rosenfeld,Aaron Herman,,,1,40.43779,-79.91749,https://www.chabad.org/jewish-centers/2021440/Pittsburgh/Teachers-Seminary/Tzohar-Seminary-for-Chassidus-and-the-Arts,2021440
USA,PA,Pittsburgh,Yeshiva Schools,Day School,Western Pennsylvania,Yisroel Rosenfeld,Yisroel Rosenfeld,Blumi Rosenfeld; Yossi Rosenblum; Batsheva Deren; Nami Friedman; Nossin Hoen; Sara Shur; Henoch Rosenfeld; Zev Greenwald; Zalman Raskin; Yosef Itkin; Mannis Frankel; Moshe Levertov; Chaim Itkin; Avraham Weinstein; Ephraim Lerner; Moishe Mindick,Ephraim Rosenblum obm; Yehuda Shomer obm,19,40.43223,-79.92783,https://www.chabad.org/jewish-centers/119653/Pittsburgh/Day-School/Yeshiva-Schools,119653
USA,PA,Pittsburgh,jGrads Pittsburgh,Campus Chabad House,Western Pennsylvania,Yisroel Rosenfeld,Shua Hoexter,Shoshana Hoexter,,2,40.43424,-79.92485,https://www.chabad.org/jewish-centers/3533668/Pittsburgh/Campus-Chabad-House/jGrads-Pittsburgh,3533668
USA,PA,Pocono Lake,Chabad of Pocono Pines,,Pennsylvania,Avremel Shemtov,Nison Deitsch,Chaya Deitsch,,2,41.12051,-75.54491,https://www.chabad.org/jewish-centers/5399392/Pocono-Lake/Chabad-of-Pocono-Pines,5399392
USA,PA,Reading,Chabad-Lubavitch of Berks County,Synagogue,Pennsylvania,Avremel Shemtov,Yosef Lipsker,Chana Lipsker,,2,40.37026,-75.90003,https://www.chabad.org/jewish-centers/118237/Reading/Synagogue/Chabad-Lubavitch-of-Berks-County,118237
USA,PA,Rydal,Chabad Jewish Center,Chabad House,Pennsylvania,Avremel Shemtov,Zushe Gurevitz,Dini Gurevitz,,2,40.09254,-75.1168,https://www.chabad.org/jewish-centers/372781/Rydal/Synagogue/Chabad-Jewish-Center,372781
USA,PA,Scranton,Chabad of North Pocono,Mitzvah Mobile,Pennsylvania,Avremel Shemtov,Mendel Raices,Chaya Raices,,2,41.41308,-75.64664,https://www.chabad.org/jewish-centers/2761055/Scranton/Mitzvah-Mobile/Chabad-of-North-Pocono,2761055
USA,PA,Scranton,Chabad of Scranton,Chabad House,Pennsylvania,Avremel Shemtov,Yehudah L. Itkin,Rashi Leah Itkin,,2,41.41366,-75.65165,https://www.chabad.org/jewish-centers/117722/Scranton/Synagogue/Chabad-of-Scranton,117722
USA,PA,Scranton,Ohev Zedek - Chabad,Synagogue,Pennsylvania,Avremel Shemtov,,,,0,41.40311,-75.65011,https://www.chabad.org/jewish-centers/2734156/Scranton/Synagogue/Ohev-Zedek-Chabad,2734156
USA,PA,State College,Chabad of Penn State,Campus Chabad House,Pennsylvania,Avremel Shemtov,Nosson Meretsky,Sarah Meretsky,,2,40.79497,-77.84759,https://www.chabad.org/jewish-centers/118495/State-College/Campus-Chabad-House/Chabad-of-Penn-State,118495
USA,PA,State College,PSJews - Chabad of the Undergrads,Campus Chabad House,Pennsylvania,Avremel Shemtov,Hershy Gourarie,Miri Gourarie; Ari Weindruch; Chanie Weindruch,,4,40.79698,-77.85081,https://www.chabad.org/jewish-centers/3027498/State-College/Campus-Chabad-House/PSJews-Chabad-of-the-Undergrads,3027498
USA,PA,Stroudsburg,Chabad Lubavitch of The Poconos,Chabad House,Pennsylvania,Avremel Shemtov,Mendel Bendet,Shterni Bendet,,2,40.98676,-75.19462,https://www.chabad.org/jewish-centers/118619/Stroudsburg/Synagogue/Chabad-Lubavitch-of-The-Poconos,118619
USA,PA,Swarthmore,Swarthmore Chabad,Campus Chabad House,Pennsylvania,Avremel Shemtov,Mordi Wolf,Reizel Wolf,,2,39.92224,-75.37005,https://www.chabad.org/jewish-centers/6021390/Swarthmore/Campus-Chabad-House/Swarthmore-Chabad,6021390
USA,PA,Wynnewood,Gan Israel Camps & Youth Services,Day Camp,Pennsylvania,Avremel Shemtov,Zalman Gerber,Miriam Gerber; Yehuda Gerber; Chana Gerber,,4,39.9862,-75.27418,https://www.chabad.org/jewish-centers/119652/Wynnewood/Day-Camp/Gan-Israel-Camps-Youth-Services,119652
USA,PA,Yardley,Chabad Lubavitch of Yardley,Chabad House,Pennsylvania,Avremel Shemtov,Zalman Blecher,Chaya Blecher,,2,40.23748,-74.86379,https://www.chabad.org/jewish-centers/1618146/Yardley/Synagogue/Chabad-Lubavitch-of-Yardley,1618146
USA,PA,Yardley,The Shul at Yardley,Synagogue,Pennsylvania,Avremel Shemtov,Yehuda Shemtov,Zalman Blecher,,2,40.23748,-74.86379,https://www.chabad.org/jewish-centers/1618143/Yardley/Synagogue/The-Shul-at-Yardley,1618143
USA,PA,York,"Chabad of York, PA",Chabad House,Pennsylvania,Avremel Shemtov,Elazar Green,Shira Green,,2,39.96275,-76.72886,https://www.chabad.org/jewish-centers/562076/York/Synagogue/Chabad-of-York-PA,562076
USA,RI,Barrington,Chabad House of Barrington-Newport,Chabad House,Rhode Island,Yehoshua Laufer,,,,0,41.73908,-71.31855,https://www.chabad.org/jewish-centers/419786/Barrington/Synagogue/Chabad-House-of-Barrington-Newport,419786
USA,RI,Kingston,Chabad of the University of Rhode Island - Kingston,Campus Chabad House,Rhode Island,Yehoshua Laufer,Avraham Adam Goldstein,Tzippy Goldstein,,2,41.48279,-71.53023,https://www.chabad.org/jewish-centers/3329974/Kingston/Campus-Chabad-House/Chabad-of-the-University-of-Rhode-Island-Kingston,3329974
USA,RI,Lincoln,Chabad House of Northern Rhode Island,Chabad House,Rhode Island,Yehoshua Laufer,Aryeh Laufer,Mushka Laufer,,2,41.90022,-71.45029,https://www.chabad.org/jewish-centers/2743772/Lincoln/Synagogue/Chabad-House-of-Northern-Rhode-Island,2743772
USA,RI,Providence,Chabad of College Hill,Campus Chabad House,Rhode Island,Yehoshua Laufer,Menachem Mendel Laufer,Chana Laufer,,2,41.82849,-71.40389,https://www.chabad.org/jewish-centers/118593/Providence/Campus-Chabad-House/Chabad-of-College-Hill,118593
USA,RI,Providence,Chabad of Providence,,Rhode Island,Yehoshua Laufer,Berel Laufer,,,1,41.83609,-71.40168,https://www.chabad.org/jewish-centers/7222988/Providence/Chabad-of-Providence,7222988
USA,RI,Providence,Merkos - Chabad of Rhode Island / Chabad of Providence,Chabad House,Rhode Island,Yehoshua Laufer,Yehoshua Laufer,Michla Laufer; Berel Laufer; Batya Laufer,,4,41.83609,-71.40168,https://www.chabad.org/jewish-centers/117723/Providence/Synagogue/Merkos-Chabad-of-Rhode-Island-Chabad-of-Providence,117723
USA,RI,South Kingstown,Chabad of South County,Chabad House,Rhode Island,Yehoshua Laufer,Mendy Reinitz,Lieba Reinitz,,2,41.44143,-71.49144,https://www.chabad.org/jewish-centers/5097669/South-Kingstown/Synagogue/Chabad-of-South-County,5097669
USA,RI,Warwick,Chabad of West Bay Chai Center,Chabad House,Rhode Island,Yehoshua Laufer,Yossi Laufer,Shoshana Laufer,,2,41.68484,-71.45326,https://www.chabad.org/jewish-centers/117949/Warwick/Synagogue/Chabad-of-West-Bay-Chai-Center,117949
USA,SC,Bluffton,Chabad of Greater Hilton Head,Chabad House,The Carolinas,Yossi Groner,Mendel Hertz,Sheina Hertz,,2,32.26886,-80.93537,https://www.chabad.org/jewish-centers/4090936/Bluffton/Synagogue/Chabad-of-Greater-Hilton-Head,4090936
USA,SC,Columbia,Chabad @ the University of South Carolina,Campus Chabad House,The Carolinas,Yossi Groner,Israel Epstein,Shlomit Epstein,,2,34.00615,-81.02869,https://www.chabad.org/jewish-centers/2753679/Columbia/Campus-Chabad-House/Chabad-the-University-of-South-Carolina,2753679
USA,SC,Columbia,Chabad of South Carolina,Synagogue,The Carolinas,Yossi Groner,Heshy Epstein,Chava Epstein; Meir Muller; Sheindel Muller; Levi Marrus; Devorah Marrus,,6,34.05848,-80.95112,https://www.chabad.org/jewish-centers/117724/Columbia/Synagogue/Chabad-of-South-Carolina,117724
USA,SC,Columbia,Cutler Jewish Day School,Day School,The Carolinas,Yossi Groner,Meir Muller,Sheindel Muller; Levi Marrus; Hershel Spalter; Mendy Drihem; Mushka Drihem; Pesha Spalter,,7,34.03406,-80.96559,https://www.chabad.org/jewish-centers/119657/Columbia/Day-School/Cutler-Jewish-Day-School,119657
USA,SC,Greenville,Chabad of Greenville,Chabad House,The Carolinas,Yossi Groner,Leibel Kesselman,Musie Kesselman,,2,34.87242,-82.33077,https://www.chabad.org/jewish-centers/1680993/Greenville/Synagogue/Chabad-of-Greenville,1680993
USA,SC,Mount Pleasant,Chabad of Charleston & The Low Country,Chabad House,The Carolinas,Yossi Groner,Yossi Refson,Sarah Refson,,2,32.8102,-79.88602,https://www.chabad.org/jewish-centers/506593/Mount-Pleasant/Synagogue/Chabad-of-Charleston-The-Low-Country,506593
USA,SC,Myrtle Beach,Chabad of Myrtle Beach,Chabad House,The Carolinas,Yossi Groner,Doron Aizenman,Yoseph Naparstek; Chana Naparstek; Leah Aizenman; Eli Reyder; Sara Reyder; Menachem Mendel Raskin; Michal Raskin,,8,33.71074,-78.86713,https://www.chabad.org/jewish-centers/117725/Myrtle-Beach/Synagogue/Chabad-of-Myrtle-Beach,117725
USA,SD,Sioux Falls,Chabad Jewish Center of South Dakota,Chabad House,Upper Midwest,Moshe Feller,Mendel Alperowitz,Mussie Alperowitz,,2,43.49899,-96.74587,https://www.chabad.org/jewish-centers/3451535/Sioux-Falls/Synagogue/Chabad-Jewish-Center-of-South-Dakota,3451535
USA,TN,Chattanooga,Chabad-Lubavitch of Chattanooga,Chabad House,Tennessee,Levi Klein,Shaul Perlstein,Rosie Perlstein,,2,35.04372,-85.29062,https://www.chabad.org/jewish-centers/957897/Chattanooga/Synagogue/Chabad-Lubavitch-of-Chattanooga,957897
USA,TN,Franklin,Chabad of Williamson County,,Tennessee,Levi Klein,Mendel Baron,Chana Baron,,2,35.19469,-86.05296,https://www.chabad.org/jewish-centers/6549164/Franklin/Chabad-of-Williamson-County,6549164
USA,TN,Knoxville,Chabad of Knoxville,Chabad House,Tennessee,Levi Klein,Yossi Wilhelm,Miriam Esther Wilhelm; Mendel Pinson; Mimi Pinson; Nochum Eisenbach; Chani Eisenbach,,6,35.92774,-84.02564,https://www.chabad.org/jewish-centers/118476/Knoxville/Synagogue/Chabad-of-Knoxville,118476
USA,TN,Knoxville,Stanford Eisenberg Knoxville Jewish Day School,Day School,Tennessee,Levi Klein,Yossi Wilhelm,Miriam Esther Wilhelm,,2,35.91861,-84.04854,https://www.chabad.org/jewish-centers/384002/Knoxville/Day-School/Stanford-Eisenberg-Knoxville-Jewish-Day-School,384002
USA,TN,Memphis,Chabad Lubavitch of Tennessee,Chabad House,Tennessee,Levi Klein,Levi Klein,Rivka Klein,,2,35.07897,-89.84142,https://www.chabad.org/jewish-centers/117977/Memphis/Synagogue/Chabad-Lubavitch-of-Tennessee,117977
USA,TN,Nashville,Chabad of Nashville,Chabad House,Tennessee,Levi Klein,Yitzchok Tiechtel,Esther Tiechtel; Levi Tiechtel; Mushka Tiechtel,,4,36.06213,-86.92306,https://www.chabad.org/jewish-centers/211894/Nashville/Synagogue/Chabad-of-Nashville,211894
USA,TN,Nashville,Rohr Chabad House at Vanderbilt,Campus Chabad House,Tennessee,Levi Klein,Shlomo Rothstein,Nechama Rothstein; Gavriel Isenberg; Menucha Isenberg; Sholom Ber Gurary,,5,36.14952,-86.80538,https://www.chabad.org/jewish-centers/582611/Nashville/Campus-Chabad-House/Rohr-Chabad-House-at-Vanderbilt,582611
USA,TX,Austin,Chabad Young Families,,Texas,Shimon Lazaroff,Levi Levertov,Menucha Levertov,,2,30.40136,-97.75254,https://www.chabad.org/jewish-centers/4994871/Austin/Chabad-Young-Families,4994871
USA,TX,Austin,Chabad Young Jewish Professionals,Young Professionals,Texas,Shimon Lazaroff,Mendy Levertov,,,1,30.25886,-97.73514,https://www.chabad.org/jewish-centers/3027143/Austin/Young-Professionals/Chabad-Young-Jewish-Professionals,3027143
USA,TX,Austin,Chabad of Austin,Chabad House,Texas,Shimon Lazaroff,Yosef Levertov,Rochel Levertov; Mendy Levertov; Mussy Levertov,,4,30.37467,-97.74093,https://www.chabad.org/jewish-centers/117727/Austin/Synagogue/Chabad-of-Austin,117727
USA,TX,Austin,Chabad of South Austin,Chabad House,Texas,Shimon Lazaroff,Mendel Hertz,Rivkah Hertz,,2,30.23779,-97.84751,https://www.chabad.org/jewish-centers/4887459/Austin/Synagogue/Chabad-of-South-Austin,4887459
USA,TX,Austin,Mikvah Tahara,Mikveh,Texas,Shimon Lazaroff,Rochel Levertov,,,1,30.28411,-97.74376,https://www.chabad.org/jewish-centers/119659/Austin/Mikveh/Mikvah-Tahara,119659
USA,TX,Austin,The Igor Tulchinsky Chabad Campus at the University of Texas at Austin,Campus Chabad House,Texas,Shimon Lazaroff,Zev Johnson,Ariela Johnson,,2,30.28411,-97.74376,https://www.chabad.org/jewish-centers/536472/Austin/Campus-Chabad-House/The-Igor-Tulchinsky-Chabad-Campus-at-the-University-of-Texas-at-Austin,536472
USA,TX,Bellaire,The Shul of Bellaire,Chabad House,Texas,Shimon Lazaroff,Yossi Zaklikofsky,Esty Zaklikofsky,,2,29.70405,-95.47344,https://www.chabad.org/jewish-centers/1392216/Bellaire/Synagogue/The-Shul-of-Bellaire,1392216
USA,TX,Boerne,Chabad of Boerne,Chabad House,Texas,Shimon Lazaroff,Yossi Marrus,Malkie Marrus,,2,29.72923,-98.6699,https://www.chabad.org/jewish-centers/5381032/Boerne/Synagogue/Chabad-of-Boerne,5381032
USA,TX,College Station,Rohr Chabad Jewish Center at Texas A&M University,Campus Chabad House,Texas,Shimon Lazaroff,Yossi Lazaroff,Manya Lazaroff; Menachem Lazaroff; Moussie Lazaroff,,4,30.6283,-96.33215,https://www.chabad.org/jewish-centers/512666/College-Station/Campus-Chabad-House/Rohr-Chabad-Jewish-Center-at-Texas-AM-University,512666
USA,TX,Corpus Christi,Chabad Coastal Bend,Chabad House,Texas,Shimon Lazaroff,Naftoli Schmukler,Nene Schmukler,,2,27.72603,-97.34729,https://www.chabad.org/jewish-centers/2581956/Corpus-Christi/Synagogue/Chabad-Coastal-Bend,2581956
USA,TX,Cypress,Chabad of Cypress,Chabad House,Texas,Shimon Lazaroff,Levi Marinovsky,Devorah Leah Marinovsky,,2,29.94799,-95.63783,https://www.chabad.org/jewish-centers/4026720/Cypress/Synagogue/Chabad-of-Cypress,4026720
USA,TX,Dallas,Chabad Kesher Foundation,Chabad House,Texas,Shimon Lazaroff,Asher Goldschmidt,,,1,32.98872,-96.7925,https://www.chabad.org/jewish-centers/118176/Dallas/Synagogue/Chabad-Kesher-Foundation,118176
USA,TX,Dallas,Chabad of Dallas,Chabad House,Texas,Shimon Lazaroff,Mendel Dubrawsky,Moshe Naparstek; Chana Naparstek; Peretz Shapiro; Dan Lewin; Yoel Gitler; Mendel Zajac; Manya Zajac,,8,32.98872,-96.7925,https://www.chabad.org/jewish-centers/117728/Dallas/Synagogue/Chabad-of-Dallas,117728
USA,TX,Dallas,Chabad of Preston Hollow,Chabad House,Texas,Shimon Lazaroff,Levi Dubrawsky,Leah Dubrawsky,,2,32.90051,-96.78688,https://www.chabad.org/jewish-centers/4106454/Dallas/Synagogue/Chabad-of-Preston-Hollow,4106454
USA,TX,Dallas,Chabad of UNT,,Texas,Shimon Lazaroff,Mendel Rubashkin,Chaya Rubashkin,,2,32.98872,-96.7925,https://www.chabad.org/jewish-centers/6504050/Dallas/Chabad-of-UNT,6504050
USA,TX,Dallas,Chabad of the Park Cities,,Texas,Shimon Lazaroff,Baruch Hecht,Mooka Hecht,,2,32.79948,-96.78688,https://www.chabad.org/jewish-centers/6522358/Dallas/Chabad-of-the-Park-Cities,6522358
USA,TX,Dallas,Chabad on Campus - DFW,Campus Chabad House,Texas,Shimon Lazaroff,Levi Dubrawsky,Leah Dubrawsky,,2,32.98872,-96.7925,https://www.chabad.org/jewish-centers/1819160/Dallas/Campus-Chabad-House/Chabad-on-Campus-DFW,1819160
USA,TX,Dallas,Cheder Lubavitch of Dallas,Cheder,Texas,Shimon Lazaroff,Moshe Naparstek,Levi Dubrawsky; Aharon Simon; Mendel Rubashkin; Menachem Schmerling,,5,32.98872,-96.7925,https://www.chabad.org/jewish-centers/5112185/Dallas/Cheder/Cheder-Lubavitch-of-Dallas,5112185
USA,TX,Dallas,Maayan Chai,Chabad House,Texas,Shimon Lazaroff,Dan Lewin,Yael Lewin,,2,32.91997,-96.79207,https://www.chabad.org/jewish-centers/5215392/Dallas/Synagogue/Maayan-Chai,5215392
USA,TX,Dallas,The Friendship Circle of Dallas,Friendship Circle,Texas,Shimon Lazaroff,Levi Dubrawsky,Leah Dubrawsky,,2,32.89628,-96.78878,https://www.chabad.org/jewish-centers/3400376/Dallas/Friendship-Circle/The-Friendship-Circle-of-Dallas,3400376
USA,TX,Dallas,The Intown Chabad,Chabad House,Texas,Shimon Lazaroff,Zvi Drizin,Aida Drizin; Mendy Plotkin; Mushka Plotkin,,4,32.79736,-96.80008,https://www.chabad.org/jewish-centers/1279173/Dallas/Synagogue/The-Intown-Chabad,1279173
USA,TX,El Paso,Chabad Lubavitch,Chabad House,Texas,Shimon Lazaroff,Yisroel Greenberg,Chana Greenberg; Levi Greenberg; Shaina Greenberg,,4,31.84364,-106.53705,https://www.chabad.org/jewish-centers/117729/El-Paso/Synagogue/Chabad-Lubavitch,117729
USA,TX,El Paso,Chabad Youth,Youth Center,Texas,Shimon Lazaroff,Levi Greenberg,Shaina Greenberg,,2,31.84364,-106.53705,https://www.chabad.org/jewish-centers/1558736/El-Paso/Youth-Center/Chabad-Youth,1558736
USA,TX,El Paso,Mikvah Chaya Mushka,Mikveh,Texas,Shimon Lazaroff,Chana Greenberg,,,1,31.84287,-106.53561,https://www.chabad.org/jewish-centers/119660/El-Paso/Mikveh/Mikvah-Chaya-Mushka,119660
USA,TX,Fort Worth,Chabad-Lubavitch of Fort Worth & Tarrant County,Chabad House,Texas,Shimon Lazaroff,Dov Mandel,Chana Tovah Mandel,,2,32.66054,-97.3766,https://www.chabad.org/jewish-centers/118556/Fort-Worth/Synagogue/Chabad-Lubavitch-of-Fort-Worth-Tarrant-County,118556
USA,TX,Frisco,Chabad of Frisco,Chabad House,Texas,Shimon Lazaroff,Yisroel Menachem Mendel Kesselman,Mushkie Kesselman,,2,33.15412,-96.76011,https://www.chabad.org/jewish-centers/2456591/Frisco/Synagogue/Chabad-of-Frisco,2456591
USA,TX,Haltom City,Hillel Academy,Day School,Texas,Shimon Lazaroff,Dov Mandel,Chana Tovah Mandel,,2,32.85305,-97.26356,https://www.chabad.org/jewish-centers/2259836/Haltom-City/Day-School/Hillel-Academy,2259836
USA,TX,Houston,Chabad Israeli Center,,Texas,Shimon Lazaroff,Mendel Raichik,Peri Raichik,,2,29.68213,-95.52066,https://www.chabad.org/jewish-centers/4816645/Houston/Chabad-Israeli-Center,4816645
USA,TX,Houston,Chabad Lubavitch Center Regional Hdqts.,Chabad House,Texas,Shimon Lazaroff,Shimon Lazaroff,Betzalel Marinovsky; Chaim Lazaroff; Chiena Lazaroff; Menachem Mendel  Marinovsky; Chanah Brochoh Marinovsky,,6,29.66133,-95.50923,https://www.chabad.org/jewish-centers/117731/Houston/Synagogue/Chabad-Lubavitch-Center-Regional-Hdqts,117731
USA,TX,Houston,Chabad Lubavitch of Montrose,Chabad House,Texas,Shimon Lazaroff,Peretz Lazaroff,Mushky Lazaroff,,2,29.74653,-95.43264,https://www.chabad.org/jewish-centers/3394316/Houston/Synagogue/Chabad-Lubavitch-of-Montrose,3394316
USA,TX,Houston,Chabad Outreach of Houston,Chabad House,Texas,Shimon Lazaroff,Moishe Traxler,Shoshana Traxler; Dovid Goldstein; Mendel Traxler,,4,29.66039,-95.50869,https://www.chabad.org/jewish-centers/117730/Houston/Synagogue/Chabad-Outreach-of-Houston,117730
USA,TX,Houston,Chabad at Rice University,Campus Chabad House,Texas,Shimon Lazaroff,Shmuel Slonim,Nechama Slonim,,2,29.71157,-95.40357,https://www.chabad.org/jewish-centers/157731/Houston/Campus-Chabad-House/Chabad-at-Rice-University,157731
USA,TX,Houston,Chabad at Texas Medical Center,Chabad House,Texas,Shimon Lazaroff,Eliezer Lazaroff,Rochel Lazaroff; Naftali Lazaroff; Sara Lazaroff,,4,29.71219,-95.40357,https://www.chabad.org/jewish-centers/117919/Houston/Synagogue/Chabad-at-Texas-Medical-Center,117919
USA,TX,Houston,Chabad of Texas Towns,,Texas,Shimon Lazaroff,Saadya Kaufmann,Chaya Sara Kaufmann,,2,29.66133,-95.50923,https://www.chabad.org/jewish-centers/4814414/Houston/Chabad-of-Texas-Towns,4814414
USA,TX,Houston,Chabad of Uptown,Chabad House,Texas,Shimon Lazaroff,Chaim Lazaroff,Chanie Lazaroff; Yosef Cohen; Chana Cohen,,4,29.74367,-95.45158,https://www.chabad.org/jewish-centers/356368/Houston/Synagogue/Chabad-of-Uptown,356368
USA,TX,Houston,Chabad of West Houston,Chabad House,Texas,Shimon Lazaroff,Dovid Goldstein,Elisa Goldstein; Levi Shusterman,,3,29.7454,-95.60757,https://www.chabad.org/jewish-centers/758578/Houston/Synagogue/Chabad-of-West-Houston,758578
USA,TX,Houston,Circle Houston Inc,,Texas,Shimon Lazaroff,Dovid Goldstein,,,1,29.67105,-95.50758,https://www.chabad.org/jewish-centers/7440338/Houston/Circle-Houston-Inc,7440338
USA,TX,Houston,Friendship Garden,Social Services,Texas,Shimon Lazaroff,Dovid Goldstein,,,1,29.7454,-95.60757,https://www.chabad.org/jewish-centers/4952330/Houston/Social-Services/Friendship-Garden,4952330
USA,TX,Houston,The Friendship Circle of Houston,Friendship Circle,Texas,Shimon Lazaroff,Dovid Goldstein,Elisa Goldstein,,2,29.67105,-95.50758,https://www.chabad.org/jewish-centers/658258/Houston/Friendship-Circle/The-Friendship-Circle-of-Houston,658258
USA,TX,Houston,The Heights Chabad,Chabad House,Texas,Shimon Lazaroff,,,,0,29.66133,-95.50923,https://www.chabad.org/jewish-centers/5554915/Houston/Synagogue/The-Heights-Chabad,5554915
USA,TX,League City,Chabad of the Bay Area,Chabad House,Texas,Shimon Lazaroff,Yitzchok Schmukler,Malky Schmukler,,2,29.50528,-95.06845,https://www.chabad.org/jewish-centers/1595101/League-City/Synagogue/Chabad-of-the-Bay-Area,1595101
USA,TX,Leander,Chabad of Leander,Chabad House,Texas,Shimon Lazaroff,Shmuel Levertov,Nechama Fradel Levertov,,2,30.57881,-97.85307,https://www.chabad.org/jewish-centers/5587788/Leander/Synagogue/Chabad-of-Leander,5587788
USA,TX,Lewisville,Chabad of Carrollton-Lewisville,Chabad House,Texas,Shimon Lazaroff,Yehuda Horowitz,Esther Horowitz,,2,33.04149,-96.88876,https://www.chabad.org/jewish-centers/6262181/Lewisville/Synagogue/Chabad-of-Carrollton-Lewisville,6262181
USA,TX,Lubbock,Chabad of Lubbock at Texas Tech University,Campus Chabad House,Texas,Shimon Lazaroff,Zalman Braun,Chana Liba Braun,,2,33.60001,-101.82118,https://www.chabad.org/jewish-centers/6293873/Lubbock/Campus-Chabad-House/Chabad-of-Lubbock-at-Texas-Tech-University,6293873
USA,TX,McAllen,Chabad of the Rio Grande Valley,Chabad House,Texas,Shimon Lazaroff,Asher Hecht,Dina Hecht,,2,26.25255,-98.21746,https://www.chabad.org/jewish-centers/397245/McAllen/Synagogue/Chabad-of-the-Rio-Grande-Valley,397245
USA,TX,McKinney,Chabad of Allen-McKinney,Chabad House,Texas,Shimon Lazaroff,Eli Newman,Nechama Newman,,2,33.15218,-96.67635,https://www.chabad.org/jewish-centers/4476658/McKinney/Synagogue/Chabad-of-Allen-McKinney,4476658
USA,TX,Missouri City,Chabad of Sugar Land,Chabad House,Texas,Shimon Lazaroff,Mendel Feigenson,Chaya Feigenson; Ari Feigenson; Bas Sheva Feigenson,,4,29.58157,-95.577,https://www.chabad.org/jewish-centers/118570/Missouri-City/Synagogue/Chabad-of-Sugar-Land,118570
USA,TX,Plano,Chabad of Plano/Collin County,Chabad House,Texas,Shimon Lazaroff,Mendel Block,Rivka Block; Eliyahu Block; Sara Block; Sholom Block; Chaya Block,,6,33.02626,-96.76781,https://www.chabad.org/jewish-centers/117926/Plano/Synagogue/Chabad-of-PlanoCollin-County,117926
USA,TX,Richardson,Chabad of Richardson and UTD,Campus Chabad House,Texas,Shimon Lazaroff,Shmuly Druk,Dini Druk,,2,32.99715,-96.65847,https://www.chabad.org/jewish-centers/4158975/Richardson/Campus-Chabad-House/Chabad-of-Richardson-and-UTD,4158975
USA,TX,Rockwall,Chabad of Rockwall County,Chabad House,Texas,Shimon Lazaroff,Moishy Kalmenson,Chanale Kalmenson,,2,32.94304,-96.44634,https://www.chabad.org/jewish-centers/4866998/Rockwall/Synagogue/Chabad-of-Rockwall-County,4866998
USA,TX,Round Rock,Chabad of Roundrock,Chabad House,Texas,Shimon Lazaroff,Mendel Marasow,Mussi Marasow,,2,30.49483,-97.70913,https://www.chabad.org/jewish-centers/4174253/Round-Rock/Synagogue/Chabad-of-Roundrock,4174253
USA,TX,S. Antonio,Chabad Center for Jewish Life & Learning,Chabad House,Texas,Shimon Lazaroff,Chaim Block,Rivkie Block; Levi Teldon; Rochel Teldon; Levi Grossbaum; Naomi Grossbaum; Eliyahu Nachum Block; Tzivia Block; Zelig Weiss; Devorah Weiss,,10,29.5751,-98.51426,https://www.chabad.org/jewish-centers/117732/S-Antonio/Synagogue/Chabad-Center-for-Jewish-Life-Learning,117732
USA,TX,S. Antonio,Chabad Israeli Center,Israeli Center,Texas,Shimon Lazaroff,Tal Shaul,,,1,29.58936,-98.63171,https://www.chabad.org/jewish-centers/3872731/S-Antonio/Israeli-Center/Chabad-Israeli-Center,3872731
USA,TX,San Antonio,Chabad of Downtown SA,Jewish Community Center,Texas,Shimon Lazaroff,Levi Teldon,Rochel Teldon,,2,29.42661,-98.48769,https://www.chabad.org/jewish-centers/6525180/San-Antonio/Synagogue/Chabad-of-Downtown-SA,6525180
USA,TX,San Marcos,Chabad Jewish Center of San Marcos Texas,Campus Chabad House,Texas,Shimon Lazaroff,Ari Weingarten,Chaya Weingarten,,2,29.88459,-97.9537,https://www.chabad.org/jewish-centers/3486373/San-Marcos/Campus-Chabad-House/Chabad-Jewish-Center-of-San-Marcos-Texas,3486373
USA,TX,South Padre Island,Camp Gan Israel South Padre Island Texas,Overnight Camp,Texas,Shimon Lazaroff,Asher Hecht,Dina Hecht,,2,26.09059,-97.16434,https://www.chabad.org/jewish-centers/1090905/South-Padre-Island/Overnight-Camp/Camp-Gan-Israel-South-Padre-Island-Texas,1090905
USA,TX,Southlake,Chabad of Southlake,Chabad House,Texas,Shimon Lazaroff,Levi Gurevitch,Rishi Gurevitch,,2,32.96308,-97.12044,https://www.chabad.org/jewish-centers/674341/Southlake/Synagogue/Chabad-of-Southlake,674341
USA,TX,The Woodlands,Chabad of The Woodlands,Chabad House,Texas,Shimon Lazaroff,Mendel Blecher,Leah Blecher,,2,30.13689,-95.45037,https://www.chabad.org/jewish-centers/1324719/The-Woodlands/Synagogue/Chabad-of-The-Woodlands,1324719
USA,UT,Lehi,Chabad of Utah County,Chabad House,Utah,Benny Zippel,Chaim Zippel,Esty Zippel,,2,40.44719,-111.88143,https://www.chabad.org/jewish-centers/5643848/Lehi/Synagogue/Chabad-of-Utah-County,5643848
USA,UT,Park City,Chabad Lubavitch of Park City,Chabad House,Utah,Benny Zippel,Yehudi Steiger,Devori Steiger,,2,40.7435,-111.54683,https://www.chabad.org/jewish-centers/1962343/Park-City/Synagogue/Chabad-Lubavitch-of-Park-City,1962343
USA,UT,Salt Lake City,Chabad Lubavitch of Utah,Chabad House,Utah,Benny Zippel,Benny Zippel,Sharonne Zippel; Avremi Zippel; Sheina Zippel; Moshe Nigri; Sarahle Nigri,,6,40.73198,-111.85964,https://www.chabad.org/jewish-centers/117910/Salt-Lake-City/Synagogue/Chabad-Lubavitch-of-Utah,117910
USA,UT,St. George,Chabad Jewish Community Center of Southern Utah,Chabad House,Utah,Benny Zippel,Mendy Cohen,Chaya Cohen,,2,37.11151,-113.59383,https://www.chabad.org/jewish-centers/4100713/St-George/Synagogue/Chabad-Jewish-Community-Center-of-Southern-Utah,4100713
USA,VA,Arlington,Chabad Lubavitch of Alexandria-Arlington,Chabad House,Virginia,Yossel Kranz,Mordechai Newman,Yehudis Newman,,2,38.88903,-77.09497,https://www.chabad.org/jewish-centers/118496/Arlington/Synagogue/Chabad-Lubavitch-of-Alexandria-Arlington,118496
USA,VA,Ashburn,Chabad of Loudoun County,Chabad House,Virginia,Yossel Kranz,Chaim Levi Cohen,Yehudis Cohen,,2,39.02727,-77.50927,https://www.chabad.org/jewish-centers/4106868/Ashburn/Synagogue/Chabad-of-Loudoun-County,4106868
USA,VA,Blacksburg,"Chabad at Virginia Tech, Librescu Center",Campus Chabad House,Virginia,Yossel Kranz,Zvi Yaakov Zwiebel,Chanie Zwiebel,,2,37.22707,-80.41588,https://www.chabad.org/jewish-centers/565251/Blacksburg/Campus-Chabad-House/Chabad-at-Virginia-Tech-Librescu-Center,565251
USA,VA,Charlottesville,Chabad of Charlottesville,Chabad House,Virginia,Yossel Kranz,Shlomo Mayer,Channa Mayer; Reuvi Mayer; Shani Mayer,,4,38.03813,-78.51492,https://www.chabad.org/jewish-centers/6867362/Charlottesville/Synagogue/Chabad-of-Charlottesville,6867362
USA,VA,Charlottesville,Rohr Chabad House at The University of Virginia,Campus Chabad House,Virginia,Yossel Kranz,Reuvi Mayer,Shlomo Mayer; Channa Mayer; Shani Mayer,,4,38.03634,-78.50016,https://www.chabad.org/jewish-centers/118528/Charlottesville/Campus-Chabad-House/Rohr-Chabad-House-at-The-University-of-Virginia,118528
USA,VA,Fairfax,Chabad Lubavitch of Northern Virginia,Chabad House,Virginia,Yossel Kranz,Sholom Deitsch,Chanie Deitsch; Shloime Adler; Leibel Fajnland; Sara Adler; Yitzy Oster; Chaya Oster; Tzemach Lerman; Hindy Lerman,,9,38.84038,-77.26126,https://www.chabad.org/jewish-centers/117733/Fairfax/Synagogue/Chabad-Lubavitch-of-Northern-Virginia,117733
USA,VA,Fairfax,Chabad at George Mason University,Campus Chabad House,Virginia,Yossel Kranz,Ezra Wiemer,Bracha Wiemer,,2,38.80833,-77.31334,https://www.chabad.org/jewish-centers/2953559/Fairfax/Campus-Chabad-House/Chabad-at-George-Mason-University,2953559
USA,VA,Fairfax,Nova YJP,Jewish Learning Institute,Virginia,Yossel Kranz,Tzemach Lerman,Hindy Lerman,,2,38.84446,-77.27675,https://www.chabad.org/jewish-centers/7019796/Fairfax/Jewish-Learning-Institute/Nova-YJP,7019796
USA,VA,Fredericksburg,Chabad of Fredericksburg,Campus Chabad House,Virginia,Yossel Kranz,Shaya Gourarie,Mushky Gourarie,,2,38.30159,-77.47648,https://www.chabad.org/jewish-centers/6442724/Fredericksburg/Campus-Chabad-House/Chabad-of-Fredericksburg,6442724
USA,VA,Gainesville,Chabad of Greater Gainesville & Manassas,Jewish Community Center,Virginia,Yossel Kranz,Shmuel Perlstein,Golda Perlstein,,2,38.79591,-77.6089,https://www.chabad.org/jewish-centers/3588518/Gainesville/Synagogue/Chabad-of-Greater-Gainesville-Manassas,3588518
USA,VA,Harrisonburg,Chabad of The Shenandoah Valley,Chabad House,Virginia,Yossel Kranz,Mordy Leimdorfer,Nomi Leimdorfer,,2,38.44389,-78.87074,https://www.chabad.org/jewish-centers/2036760/Harrisonburg/Synagogue/Chabad-of-The-Shenandoah-Valley,2036760
USA,VA,Norfolk,Chabad Lubavitch of Tidewater,Chabad House,Virginia,Yossel Kranz,Aaron Margolin,Rychel Margolin; Levi Brashevitzky; Rashi Brashevitzky,,4,36.86994,-76.29646,https://www.chabad.org/jewish-centers/117735/Norfolk/Synagogue/Chabad-Lubavitch-of-Tidewater,117735
USA,VA,Reston,Chabad-Lubavitch of Reston and Herndon,Chabad House,Virginia,Yossel Kranz,Leibel Fajnland,Nechama Fajnland,,2,38.9515,-77.34893,https://www.chabad.org/jewish-centers/564734/Reston/Synagogue/Chabad-Lubavitch-of-Reston-and-Herndon,564734
USA,VA,Richmond,Chabad of Virginia,Chabad House,Virginia,Yossel Kranz,Yossel Kranz,Nechomi Kranz; Fay Kranz; Mendy Weiss,,4,37.58779,-77.60152,https://www.chabad.org/jewish-centers/117734/Richmond/Synagogue/Chabad-of-Virginia,117734
USA,VA,Richmond,Jewish Life at VCU,Campus Chabad House,Virginia,Yossel Kranz,Menachem Mendel Lessoff,Yossel Kranz; Daniela Lessoff,,3,37.54815,-77.45422,https://www.chabad.org/jewish-centers/2922904/Richmond/Campus-Chabad-House/Jewish-Life-at-VCU,2922904
USA,VA,Vienna,Chabad Tysons Jewish Center,Chabad House,Virginia,Yossel Kranz,Yechezkiel Deitsch,Miriam Deitsch; Laya Deitsch,Levi Deitsch obm,4,38.91543,-77.23917,https://www.chabad.org/jewish-centers/118545/Vienna/Synagogue/Chabad-Tysons-Jewish-Center,118545
USA,VA,West Springfield,Chabad Lubavitch of Springfield - Burke,Chabad House,Virginia,Yossel Kranz,Shloime Adler,Sara Adler,,2,38.78254,-77.2323,https://www.chabad.org/jewish-centers/4646307/West-Springfield/Synagogue/Chabad-Lubavitch-of-Springfield-Burke,4646307
USA,VA,Williamsburg,Chabad Williamsburg Virginia,Chabad House,Virginia,Yossel Kranz,Mendy Heber,Esther Heber,,2,37.28174,-76.74589,https://www.chabad.org/jewish-centers/4976610/Williamsburg/Synagogue/Chabad-Williamsburg-Virginia,4976610
USA,VA,Winchester,Chabad of Winchester,,Virginia,Yossel Kranz,Yishai Dinerman,Bluma Dinerman,,2,39.1713,-78.17069,https://www.chabad.org/jewish-centers/4351635/Winchester/Chabad-of-Winchester,4351635
USA,VT,Brattleboro,Chabad of Southern Vermont,Chabad House,Vermont,Yitzchok Raskin,Avrohom Raskin,Chaya Raskin,,2,42.88873,-72.59569,https://www.chabad.org/jewish-centers/1671455/Brattleboro/Synagogue/Chabad-of-Southern-Vermont,1671455
USA,VT,Burlington,Chabad @ UVM,Campus Chabad House,Vermont,Yitzchok Raskin,Zalman Wilhelm,Chana Wilhelm,,2,44.475,-73.20184,https://www.chabad.org/jewish-centers/389837/Burlington/Campus-Chabad-House/Chabad-UVM,389837
USA,VT,Burlington,Chabad of Vermont,Chabad House,Vermont,Yitzchok Raskin,Eliyahu Junik,Yitzchok Raskin; Zeesy Raskin; Draizy Junik,,4,44.47905,-73.20365,https://www.chabad.org/jewish-centers/117736/Burlington/Synagogue/Chabad-of-Vermont,117736
USA,VT,Burlington,Mikvah Chaya Mushka,Mikveh,Vermont,Yitzchok Raskin,Zeesy Raskin,Draizy Junik,,2,44.46998,-73.20226,https://www.chabad.org/jewish-centers/119676/Burlington/Mikveh/Mikvah-Chaya-Mushka,119676
USA,VT,Manchester,Chabad of Bennington County,Chabad House,Vermont,Yitzchok Raskin,Menachem Andrusier,Faygie Andrusier,,2,43.14846,-73.07014,https://www.chabad.org/jewish-centers/2698131/Manchester/Synagogue/Chabad-of-Bennington-County,2698131
USA,VT,Middlebury,Middlebury Chabad,Campus Chabad House,Vermont,Yitzchok Raskin,Binyamin Murray,Davida Murray,,2,44.01323,-73.17568,https://www.chabad.org/jewish-centers/3548886/Middlebury/Campus-Chabad-House/Middlebury-Chabad,3548886
USA,VT,South Burlington,Chabad of Northwest Vermont,,Vermont,Yitzchok Raskin,Shmuel Grossman,Gittel Grossman,,2,44.45985,-73.1737,https://www.chabad.org/jewish-centers/5644326/South-Burlington/Chabad-of-Northwest-Vermont,5644326
USA,VT,Waterbury Center,Chabad of Stowe,Chabad House,Vermont,Yitzchok Raskin,Baruch Simon,Sara Simon,,2,44.39257,-72.70647,https://www.chabad.org/jewish-centers/5684614/Waterbury-Center/Synagogue/Chabad-of-Stowe,5684614
USA,WA,Bainbridge Island,Chabad of Bainbridge Island,Jewish Community Center,Washington,Sholom Ber Levitin,Mendy Goldshmid,Shaina Goldshmid,,2,47.63522,-122.55232,https://www.chabad.org/jewish-centers/4161193/Bainbridge-Island/Synagogue/Chabad-of-Bainbridge-Island,4161193
USA,WA,Bellevue,Eastside Torah Center - Chabad,Chabad House,Washington,Sholom Ber Levitin,Mordechai Farkash,Rochel Farkash; Sholom Elishevitz; Chaya Elishevitz; Levi Farkash; Mina Farkash,,6,47.6251,-122.1247,https://www.chabad.org/jewish-centers/118195/Bellevue/Synagogue/Eastside-Torah-Center-Chabad,118195
USA,WA,Bellingham,Rohr Center for Jewish Life,Chabad House,Washington,Sholom Ber Levitin,Avremi Yarmush,Nissa Yarmush; Yosef Truxton; Noa Miriam Truxton,,4,48.73636,-122.48916,https://www.chabad.org/jewish-centers/355518/Bellingham/Synagogue/Rohr-Center-for-Jewish-Life,355518
USA,WA,Issaquah,Chabad of the Central Cascades,Chabad House,Washington,Sholom Ber Levitin,Shalom Dovber Farkash,Nechama Farkash,,2,47.55022,-122.01798,https://www.chabad.org/jewish-centers/164329/Issaquah/Synagogue/Chabad-of-the-Central-Cascades,164329
USA,WA,Issaquah,Riki's Mikvah,Mikveh,Washington,Sholom Ber Levitin,Nechama Farkash,,,1,47.55031,-122.01726,https://www.chabad.org/jewish-centers/4237756/Issaquah/Mikveh/Rikis-Mikvah,4237756
USA,WA,Issaquah,Smile on Seniors,Hospitality Center,Washington,Sholom Ber Levitin,Shalom Dovber Farkash,,,1,47.55031,-122.01726,https://www.chabad.org/jewish-centers/4237766/Issaquah/Hospitality-Center/Smile-on-Seniors,4237766
USA,WA,Kirkland,Chabad of Kirkland,Chabad House,Washington,Sholom Ber Levitin,Chaim Shoul Rivkin,Sarale Rivkin,,2,47.70782,-122.21188,https://www.chabad.org/jewish-centers/3487329/Kirkland/Synagogue/Chabad-of-Kirkland,3487329
USA,WA,Lynnwood,Chabad of Snohomish County,Chabad House,Washington,Sholom Ber Levitin,Berel Paltiel,Goldie Paltiel; Avi Herbstman; Marave Herbstman,,4,47.8396,-122.31657,https://www.chabad.org/jewish-centers/438639/Lynnwood/Synagogue/Chabad-of-Snohomish-County,438639
USA,WA,Maple Valley,Chabad of Maple Valley,Jewish Community Center,Washington,Sholom Ber Levitin,Shmuly Gurary,Shevy Gurary,,2,47.36219,-122.04102,https://www.chabad.org/jewish-centers/5502685/Maple-Valley/Synagogue/Chabad-of-Maple-Valley,5502685
USA,WA,Mercer Island,Chabad Mercer Island,Chabad House,Washington,Sholom Ber Levitin,Nissan Kornfeld,Mushka Kornfeld,,2,47.57761,-122.21279,https://www.chabad.org/jewish-centers/3027906/Mercer-Island/Synagogue/Chabad-Mercer-Island,3027906
USA,WA,Mercer Island,The Friendship Circle of Washington,Friendship Circle,Washington,Sholom Ber Levitin,Elazar Bogomilsky,Esther Bogomilsky,,2,47.58572,-122.23578,https://www.chabad.org/jewish-centers/159410/Mercer-Island/Friendship-Circle/The-Friendship-Circle-of-Washington,159410
USA,WA,Mount Vernon,Chabad of Skagit County,Jewish Community Center,Washington,Sholom Ber Levitin,Shmuel Silver,Shevy Silver,,2,48.45067,-122.25513,https://www.chabad.org/jewish-centers/5977289/Mount-Vernon/Synagogue/Chabad-of-Skagit-County,5977289
USA,WA,Normandy Park,Chabad of Burien and Federal Way,Chabad House,Washington,Sholom Ber Levitin,Moshe Wolff,Devorah Wolff,,2,47.4424,-122.33565,https://www.chabad.org/jewish-centers/4922719/Normandy-Park/Synagogue/Chabad-of-Burien-and-Federal-Way,4922719
USA,WA,Olympia,Chabad Jewish Center of Olympia,Chabad House,Washington,Sholom Ber Levitin,Yosef Schtroks,Rivka Schtroks,,2,47.03521,-122.92942,https://www.chabad.org/jewish-centers/627208/Olympia/Synagogue/Chabad-Jewish-Center-of-Olympia,627208
USA,WA,Renton,Chabad Jewish Center of Renton,Chabad House,Washington,Sholom Ber Levitin,Yisroel Treitel,Shternie Treitel,,2,47.49145,-122.16573,https://www.chabad.org/jewish-centers/4080577/Renton/Synagogue/Chabad-Jewish-Center-of-Renton,4080577
USA,WA,Seattle,Chabad Jewish Center of North Seattle,Chabad House,Washington,Sholom Ber Levitin,Shneur Marasow,Rivkah Marasow,,2,47.71231,-122.29833,https://www.chabad.org/jewish-centers/5103013/Seattle/Synagogue/Chabad-Jewish-Center-of-North-Seattle,5103013
USA,WA,Seattle,Chabad North East Seattle,Chabad House,Washington,Sholom Ber Levitin,Yossi Rodal,Zelda Rodal,,2,47.67668,-122.29082,https://www.chabad.org/jewish-centers/6469119/Seattle/Synagogue/Chabad-North-East-Seattle,6469119
USA,WA,Seattle,Chabad at the University of Washington,Campus Chabad House,Washington,Sholom Ber Levitin,Mendel Weingarten,Miriam Weingarten,,2,47.6869,-122.30981,https://www.chabad.org/jewish-centers/216023/Seattle/Campus-Chabad-House/Chabad-at-the-University-of-Washington,216023
USA,WA,Seattle,Chabad of Capitol Hill,Synagogue,Washington,Sholom Ber Levitin,Levi Levitin,Rivkah Levitin,,2,47.62108,-122.30846,https://www.chabad.org/jewish-centers/3113908/Seattle/Synagogue/Chabad-of-Capitol-Hill,3113908
USA,WA,Seattle,Chabad of Downtown Seattle & Chabad Young Professionals Seattle,Chabad House,Washington,Sholom Ber Levitin,Shmuel Levitin,Chaya Levitin,,2,47.6121,-122.34493,https://www.chabad.org/jewish-centers/3104923/Seattle/Synagogue/Chabad-of-Downtown-Seattle-Chabad-Young-Professionals-Seattle,3104923
USA,WA,Seattle,Chabad of NW Seattle,Chabad House,Washington,Sholom Ber Levitin,Yoni Levitin,Mushka Levitin,,2,47.69041,-122.35726,https://www.chabad.org/jewish-centers/3026673/Seattle/Synagogue/Chabad-of-NW-Seattle,3026673
USA,WA,Seattle,Chabad of Queen Anne - Magnolia,Chabad House,Washington,Sholom Ber Levitin,Shnear Levitin,Chaya Mushka Levitin,,2,47.63556,-122.35737,https://www.chabad.org/jewish-centers/3096341/Seattle/Synagogue/Chabad-of-Queen-Anne-Magnolia,3096341
USA,WA,Seattle,Chai Center of Greater Seattle,Jewish Community Center,Washington,Sholom Ber Levitin,Elazar Bogomilsky,Esther Bogomilsky,,2,47.67018,-122.28984,https://www.chabad.org/jewish-centers/118399/Seattle/Synagogue/Chai-Center-of-Greater-Seattle,118399
USA,WA,Seattle,Cong. Shaarei Tefilah - Lubavitch,Synagogue,Washington,Sholom Ber Levitin,Yossi Rodal,Sholom Ber Levitin; Zelda Rodal,,3,47.67563,-122.28192,https://www.chabad.org/jewish-centers/118400/Seattle/Synagogue/Cong-Shaarei-Tefilah-Lubavitch,118400
USA,WA,Seattle,Hebrew School,Hebrew School,Washington,Sholom Ber Levitin,Avi Herbstman,Marave Herbstman,,2,47.69074,-122.31301,https://www.chabad.org/jewish-centers/1908052/Seattle/Hebrew-School/Hebrew-School,1908052
USA,WA,Seattle,Menachem Mendel Seattle Cheder Day School,Day School,Washington,Sholom Ber Levitin,Avi Herbstman,Chaya Elishevitz; Marave Herbstman; Devorah Kornfeld; Shimon Emlen,,5,47.597,-122.30537,https://www.chabad.org/jewish-centers/118398/Seattle/Day-School/Menachem-Mendel-Seattle-Cheder-Day-School,118398
USA,WA,Seattle,Regional Offices of Chabad-Lubavitch of the Pacific Northwest & Seattle,Chabad House,Washington,Sholom Ber Levitin,Sholom Ber Levitin,Yechezkel Kornfeld; Avrohom Kavka,,3,47.71901,-122.29124,https://www.chabad.org/jewish-centers/117737/Seattle/Synagogue/Regional-Offices-of-Chabad-Lubavitch-of-the-Pacific-Northwest-Seattle,117737
USA,WA,Shoreline,Chabad Jewish Center of Shoreline,Jewish Community Center,Washington,Sholom Ber Levitin,Sadya Davidoff,Shimona Davidoff,,2,47.76465,-122.31806,https://www.chabad.org/jewish-centers/4093988/Shoreline/Synagogue/Chabad-Jewish-Center-of-Shoreline,4093988
USA,WA,Shoreline,Chabad Jewish Russian Center,Russian Jewry Center,Washington,Sholom Ber Levitin,Yechezkel Rapoport,Ora Rapoport,,2,47.76824,-122.31701,https://www.chabad.org/jewish-centers/119845/Shoreline/Synagogue/Chabad-Jewish-Russian-Center,119845
USA,WA,Shoreline,Chabad On the Go,Chabad House,Washington,Sholom Ber Levitin,Yechezkel Rapoport,Ora Rapoport,,2,47.76824,-122.31701,https://www.chabad.org/jewish-centers/1878576/Shoreline/Synagogue/Chabad-On-the-Go,1878576
USA,WA,Spokane,Chabad of Spokane County,Chabad House,Washington,Sholom Ber Levitin,Yisroel Hahn,Chaya Sarah Hahn,,2,47.62066,-117.3505,https://www.chabad.org/jewish-centers/525757/Spokane/Synagogue/Chabad-of-Spokane-County,525757
USA,WA,Tacoma,Chabad of Pierce County,Chabad House,Washington,Sholom Ber Levitin,Mendel Kesselman,Chaya Kesselman,,2,47.26934,-122.52694,https://www.chabad.org/jewish-centers/118645/Tacoma/Synagogue/Chabad-of-Pierce-County,118645
USA,WA,Vancouver,Chabad Jewish Center of Clark County,Jewish Community Center,Washington,Sholom Ber Levitin,Shmulik Greenberg,Tzivie Greenberg,,2,45.69192,-122.54517,https://www.chabad.org/jewish-centers/118598/Vancouver/Synagogue/Chabad-Jewish-Center-of-Clark-County,118598
USA,WI,Brookfield,Chabad of Waukesha - Brookfield,Chabad House,Wisconsin,Yisroel Shmotkin,Levi Brook,Freida Brook,,2,43.04816,-88.16722,https://www.chabad.org/jewish-centers/1899937/Brookfield/Synagogue/Chabad-of-Waukesha-Brookfield,1899937
USA,WI,Fox Point,Friendship Circle,Friendship Circle,Wisconsin,Yisroel Shmotkin,Levi Stein,Leah Stein,,2,43.17422,-87.91303,https://www.chabad.org/jewish-centers/768432/Fox-Point/Friendship-Circle/Friendship-Circle,768432
USA,WI,Glendale,Bader Hillel High,High School - Boys,Wisconsin,Yisroel Shmotkin,Yosef Bassman,Chayim Friedman; Chana Friedman; Ilana Bassman; Dovid Rechavel; Levi Wise; Nachman Kastel,,7,43.14035,-87.93406,https://www.chabad.org/jewish-centers/2236192/Glendale/High-School-Boys/Bader-Hillel-High,2236192
USA,WI,Glendale,Chabad Lubavitch Bay View,,Wisconsin,Yisroel Shmotkin,Yisroel Bresinger,,,1,43.14035,-87.93406,https://www.chabad.org/jewish-centers/7429629/Glendale/Chabad-Lubavitch-Bay-View,7429629
USA,WI,Glendale,Chabad of Glendale,Synagogue,Wisconsin,Yisroel Shmotkin,Mendel Shmotkin,Devora Shmotkin; Yaakov Elman; Chedva Federman; Menachem Deren; Mussie Deren,,6,43.14021,-87.93325,https://www.chabad.org/jewish-centers/2901465/Glendale/Synagogue/Chabad-of-Glendale,2901465
USA,WI,Green Bay,Chabad of the Bay Area,Chabad House,Wisconsin,Yisroel Shmotkin,Michoel Feinstein,Esther Feinstein,,2,44.45603,-88.03087,https://www.chabad.org/jewish-centers/1113327/Green-Bay/Synagogue/Chabad-of-the-Bay-Area,1113327
USA,WI,Kenosha,Chabad of Kenosha,Chabad House,Wisconsin,Yisroel Shmotkin,Betzalel Wilschanski,Rivka Wilschanski,,2,42.57496,-87.88418,https://www.chabad.org/jewish-centers/540234/Kenosha/Synagogue/Chabad-of-Kenosha,540234
USA,WI,Madison,Chabad Madison,Chabad House,Wisconsin,Yisroel Shmotkin,Yona Matusof,Faygie Matusof; Avremel Matusof; Mushkie Matusof,,4,43.06573,-89.41549,https://www.chabad.org/jewish-centers/117738/Madison/Synagogue/Chabad-Madison,117738
USA,WI,Madison,Chabad at the University of Wisconsin,Campus Chabad House,Wisconsin,Yisroel Shmotkin,Mendel Matusof,Henya Matusof,,2,43.07538,-89.39218,https://www.chabad.org/jewish-centers/304247/Madison/Campus-Chabad-House/Chabad-at-the-University-of-Wisconsin,304247
USA,WI,Madison,Mikvah Chaya Moussia,Mikveh,Wisconsin,Yisroel Shmotkin,Faygie Matusof,,,1,43.06441,-89.41058,https://www.chabad.org/jewish-centers/119680/Madison/Mikveh/Mikvah-Chaya-Moussia,119680
USA,WI,Madison,YJP - Young Jewish Professionals - Madison,Young Professionals,Wisconsin,Yisroel Shmotkin,Avremel Matusof,Mushkie Matusof,,2,43.06764,-89.41936,https://www.chabad.org/jewish-centers/1792807/Madison/Young-Professionals/YJP-Young-Jewish-Professionals-Madison,1792807
USA,WI,Mequon,Mequon Jewish Preschool,Preschool,Wisconsin,Yisroel Shmotkin,Rivka Spalter,,,1,43.22046,-87.93831,https://www.chabad.org/jewish-centers/213104/Mequon/Preschool/Mequon-Jewish-Preschool,213104
USA,WI,Mequon,The Peltz Center for Jewish Life,Jewish Community Center,Wisconsin,Yisroel Shmotkin,Dovid Rapoport,Menachem Rapoport; Moshe Rapoport; Mordechai Spalter; Faige Rapoport; Rivka Spalter; Hudi Rapoport; Dinie Rapoport; Moshe Luchins; Dov Lisker,,10,43.22046,-87.93831,https://www.chabad.org/jewish-centers/213095/Mequon/Synagogue/The-Peltz-Center-for-Jewish-Life,213095
USA,WI,Milwaukee,Bader Hillel Academy,Day School,Wisconsin,Yisroel Shmotkin,Yossi Hecht,Brocho Devorah Leah Shmotkin; Sholom Munitz; Leah Emmer; Shlomo Wolvovsky; Zalmy Frankel; Levi Shmotkin; Shmuel Feiner,,8,43.1333,-87.90733,https://www.chabad.org/jewish-centers/316577/Milwaukee/Day-School/Bader-Hillel-Academy,316577
USA,WI,Milwaukee,Chabad of Downtown,Chabad House,Wisconsin,Yisroel Shmotkin,Yoseph Samuels,,,1,43.04706,-87.89996,https://www.chabad.org/jewish-centers/117739/Milwaukee/Synagogue/Chabad-of-Downtown,117739
USA,WI,Milwaukee,Chabad of the East Side,Chabad House,Wisconsin,Yisroel Shmotkin,Yisroel Lein,Chaya Mushka Lein,,2,43.07499,-87.87252,https://www.chabad.org/jewish-centers/315558/Milwaukee/Synagogue/Chabad-of-the-East-Side,315558
USA,WI,Milwaukee,Jewish Beginnings - Lubavitch Preschool,Preschool,Wisconsin,Yisroel Shmotkin,Devora Shmotkin,Brocho Devorah Leah Shmotkin; Shaindy Schapiro; Yehudis Hecht,,4,43.14856,-87.91625,https://www.chabad.org/jewish-centers/119683/Milwaukee/Preschool/Jewish-Beginnings-Lubavitch-Preschool,119683
USA,WI,Milwaukee,Jewish Reach - Russian Education & Aid Center,Russian Jewry Center,Wisconsin,Yisroel Shmotkin,Yaakov Elman,Chedva Federman,,2,43.08234,-87.88722,https://www.chabad.org/jewish-centers/117920/Milwaukee/Synagogue/Jewish-Reach-Russian-Education-Aid-Center,117920
USA,WI,Milwaukee,Lubavitch of Wisconsin,Chabad House,Wisconsin,Yisroel Shmotkin,Yisroel Shmotkin,Mendel Shmotkin,,2,43.07499,-87.87252,https://www.chabad.org/jewish-centers/117740/Milwaukee/Synagogue/Lubavitch-of-Wisconsin,117740
USA,WI,Milwaukee,Ovation Senior Home,Senior Center,Wisconsin,Yisroel Shmotkin,Levi Emmer,,,1,43.04856,-87.89366,https://www.chabad.org/jewish-centers/4441729/Milwaukee/Senior-Center/Ovation-Senior-Home,4441729
USA,WI,Milwaukee,Rohr Chabad Jewish Student Center,Campus Chabad House,Wisconsin,Yisroel Shmotkin,Lev Voskoboynik,Talia Voskoboynik,,2,43.07399,-87.87649,https://www.chabad.org/jewish-centers/1471811/Milwaukee/Campus-Chabad-House/Rohr-Chabad-Jewish-Student-Center,1471811
USA,WI,Milwaukee,The Shul,Synagogue,Wisconsin,Yisroel Shmotkin,Cheski Edelman,Tzvi Tornek; Tova Tornek,Chava Edelman obm,4,43.17716,-87.89603,https://www.chabad.org/jewish-centers/150714/Milwaukee/Synagogue/The-Shul,150714
USA,WI,Wauwatosa,Chabad of Wauwatosa,Chabad House,Wisconsin,Yisroel Shmotkin,Levi Shmotkin,Chana Shmotkin,,2,43.01122,-88.02519,https://www.chabad.org/jewish-centers/6490794/Wauwatosa/Synagogue/Chabad-of-Wauwatosa,6490794
USA,WV,Morgantown,Rohr Chabad Jewish Center,Campus Chabad House,Western Pennsylvania,Yisroel Rosenfeld,Shneur Gurevitz,Hinda Gurevitz,,2,39.63214,-79.95344,https://www.chabad.org/jewish-centers/541856/Morgantown/Campus-Chabad-House/Rohr-Chabad-Jewish-Center,541856
USA,WY,Jackson,Chabad-Lubavitch of Wyoming,Chabad House,Wyoming,Zalman Mendelsohn,Zalman Mendelsohn,Raizy Mendelsohn,,2,43.46952,-110.78917,https://www.chabad.org/jewish-centers/672689/Jackson/Synagogue/Chabad-Lubavitch-of-Wyoming,672689
USA,WY,Laramie,Chabad of Laramie,Chabad House,Wyoming,Zalman Mendelsohn,Yaakov Raskin,Malkie Raskin,,2,41.32634,-105.58131,https://www.chabad.org/jewish-centers/5568314/Laramie/Synagogue/Chabad-of-Laramie,5568314
Canada,AB,Calgary,Chabad Lubavitch of Alberta,Chabad House,Alberta,Menachem Matusof,Menachem M. Matusof,Rochel Leah Matusof; Mordechai Groner; Esther Groner; Zalmy Levin; Brochie Levin; Daniel Shimonov; Adina Shimonov; Yosef Avriel Gafni; Rivka Gafni; Yisroel Levi Matusof; Mushka Matusof,,12,50.99347,-114.06125,https://www.chabad.org/jewish-centers/117787/Calgary/Synagogue/Chabad-Lubavitch-of-Alberta,117787
Canada,AB,Canmore,Chabad of the Canadian Rockies,Chabad House,Alberta,Menachem Matusof,Dovid Pinson,Devorah Pinson,,2,51.08718,-115.33481,https://www.chabad.org/jewish-centers/6076916/Canmore/Synagogue/Chabad-of-the-Canadian-Rockies,6076916
Canada,AB,Edmonton,Chabad Lubavitch of Edmonton,Chabad House,Alberta,Menachem Matusof,Ari Drelich,Rifka Drelich; Mendy Blachman; Chaya Sarah Blachman,,4,53.50679,-113.60681,https://www.chabad.org/jewish-centers/117898/Edmonton/Synagogue/Chabad-Lubavitch-of-Edmonton,117898
Canada,BC,Coquitlam,Chabad of the Tri-Cities,Chabad House,British Columbia,Yitzchok Wineberg,Mordechai Gurevitz,Nechama Gurevitz,,2,49.25551,-122.84481,https://www.chabad.org/jewish-centers/5599806/Coquitlam/Synagogue/Chabad-of-the-Tri-Cities,5599806
Canada,BC,Kelowna,The Okanagan Chabad House,Chabad House,British Columbia,Yitzchok Wineberg,Shmuly Hecht,Fraidy Hecht,,2,49.87075,-119.48559,https://www.chabad.org/jewish-centers/1365280/Kelowna/Synagogue/The-Okanagan-Chabad-House,1365280
Canada,BC,Nanaimo,Chabad of Nanaimo,Chabad House,British Columbia,Yitzchok Wineberg,Bentzi Shemtov,Blumie Shemtov,,2,49.22603,-124.03598,https://www.chabad.org/jewish-centers/3118301/Nanaimo/Synagogue/Chabad-of-Nanaimo,3118301
Canada,BC,North Vancouver,Chabad of the North Shore,Chabad House,British Columbia,Yitzchok Wineberg,Mordechai Slavin,Raizy Slavin,,2,49.25411,-123.06741,https://www.chabad.org/jewish-centers/7011661/North-Vancouver/Synagogue/Chabad-of-the-North-Shore,7011661
Canada,BC,Richmond,Chabad Richmond,Chabad House,British Columbia,Yitzchok Wineberg,Yechiel Baitelman,Chanah Baitelman; Menachem Wolf; Esther Miriam Wolf,,4,49.15595,-123.17073,https://www.chabad.org/jewish-centers/118276/Richmond/Synagogue/Chabad-Richmond,118276
Canada,BC,Surrey,Centre for Judaism of the Lower Fraser Valley,Chabad House,British Columbia,Yitzchok Wineberg,Falik Schtroks,Simie Schtroks,,2,49.04491,-122.8678,https://www.chabad.org/jewish-centers/118190/Surrey/Synagogue/Centre-for-Judaism-of-the-Lower-Fraser-Valley,118190
Canada,BC,Vancouver,Chabad East Van,Chabad House,British Columbia,Yitzchok Wineberg,,,,0,49.24647,-123.09002,https://www.chabad.org/jewish-centers/1261478/Vancouver/Synagogue/Chabad-East-Van,1261478
Canada,BC,Vancouver,Chabad Jewish Student Centre - Vancouver,Campus Chabad House,British Columbia,Yitzchok Wineberg,Chalom Loeub,Esti Loeub,,2,49.27004,-123.24134,https://www.chabad.org/jewish-centers/2026603/Vancouver/Campus-Chabad-House/Chabad-Jewish-Student-Centre-Vancouver,2026603
Canada,BC,Vancouver,Chabad of Downtown,Chabad House,British Columbia,Yitzchok Wineberg,Binyomin Bitton,Malky Bitton,,2,49.277,-123.12785,https://www.chabad.org/jewish-centers/314635/Vancouver/Synagogue/Chabad-of-Downtown,314635
Canada,BC,Vancouver,Chabad-Lubavitch of British Columbia,Chabad House,British Columbia,Yitzchok Wineberg,Yitzchok Wineberg,Dovid Rosenfeld; Chaya Rosenfeld; Yechiel Baitelman; Falik Schtroks; Binyomin Bitton; Chalom Loeub; Meir Kaplan; Shmuly Hecht; Yechiel Oirechman; Riki Oirechman; Yosef Fischer,Lipa Dubrawsky obm,13,49.23361,-123.12765,https://www.chabad.org/jewish-centers/117788/Vancouver/Synagogue/Chabad-Lubavitch-of-British-Columbia,117788
Canada,BC,Victoria,Chabad of Vancouver Island,Jewish Community Center,British Columbia,Yitzchok Wineberg,Meir Kaplan,Chani Kaplan; Menachem Mendel Marozov; Rivky Marozov; Pinchas Pomanski; Zahava Pomanski,,6,48.44359,-123.36151,https://www.chabad.org/jewish-centers/118610/Victoria/Synagogue/Chabad-of-Vancouver-Island,118610
Canada,BC,Victoria,Chabad on Campus Victoria,,British Columbia,Yitzchok Wineberg,Menachem Mendel Stiefel,Mushka Stiefel,,2,48.44328,-123.36136,https://www.chabad.org/jewish-centers/7009926/Victoria/Chabad-on-Campus-Victoria,7009926
Canada,BC,Whistler,Chabad of Whistler,,British Columbia,Yitzchok Wineberg,Schneur Druk,Bina Druk,,2,50.11617,-122.95351,https://www.chabad.org/jewish-centers/6887507/Whistler/Chabad-of-Whistler,6887507
Canada,MB,Winnipeg,Chabad Israeli Centre,,Manitoba-Saskatchewan,Avrohom Altein,Menachem Mendel Altein,Devorah Leah Altein,,2,49.89542,-97.13851,https://www.chabad.org/jewish-centers/4749846/Winnipeg/Chabad-Israeli-Centre,4749846
Canada,MB,Winnipeg,Chabad Lubavitch Mikvah - NE Branch,Mikveh,Manitoba-Saskatchewan,Avrohom Altein,Brocha Altein,,,1,49.94035,-97.13028,https://www.chabad.org/jewish-centers/3195061/Winnipeg/Mikveh/Chabad-Lubavitch-Mikvah-NE-Branch,3195061
Canada,MB,Winnipeg,Chabad-Lubavitch of Winnipeg,Chabad House,Manitoba-Saskatchewan,Avrohom Altein,Avrohom Altein,Brocha Altein; Boruch Heidingsfeld; Shmuel Altein; Adina Altein; Yitzchok Yaacov Charytan; Chana Heidingsfeld; Menachem Mendel Altein; Devorah Leah Altein,,9,49.85412,-97.20307,https://www.chabad.org/jewish-centers/117789/Winnipeg/Synagogue/Chabad-Lubavitch-of-Winnipeg,117789
Canada,MB,Winnipeg,The Friendship Circle,Friendship Circle,Manitoba-Saskatchewan,Avrohom Altein,Boruch Heidingsfeld,,,1,49.85694,-97.18828,https://www.chabad.org/jewish-centers/746050/Winnipeg/Friendship-Circle/The-Friendship-Circle,746050
Canada,NL,St. John's,Chabad of Newfoundland,Chabad House,Newfoundland and Labrador,Chanan Chernitsky,Chanan Chernitsky,Tuba Chernitsky,,2,47.57949,-52.72506,https://www.chabad.org/jewish-centers/3610901/St-Johns/Synagogue/Chabad-of-Newfoundland,3610901
Canada,NS,Halifax,Chabad-Lubavitch of the Maritimes,Chabad House,Maritimes,Mendel Feldman,Mendel Feldman,Basya Chanah Feldman,,2,44.63556,-63.58701,https://www.chabad.org/jewish-centers/117790/Halifax/Synagogue/Chabad-Lubavitch-of-the-Maritimes,117790
Canada,ON,Barrie,Chabad Jewish Centre of Barrie,Chabad House,Ontario,Zalman Grossbaum,Mendel Nakkar,Muci Nakkar,,2,44.35105,-79.66345,https://www.chabad.org/jewish-centers/2746858/Barrie/Synagogue/Chabad-Jewish-Centre-of-Barrie,2746858
Canada,ON,Collingwood,Chabad Collingwood,Chabad House,Ontario,Zalman Grossbaum,Berel Shur,Sara Shur,,2,44.49192,-80.2237,https://www.chabad.org/jewish-centers/6696249/Collingwood/Synagogue/Chabad-Collingwood,6696249
Canada,ON,Etobicoke,Chabad of Etobicoke,Chabad House,Ontario,Zalman Grossbaum,Duni Blotner,Chaya Blotner,,2,43.65495,-79.53014,https://www.chabad.org/jewish-centers/5567381/Etobicoke/Synagogue/Chabad-of-Etobicoke,5567381
Canada,ON,Guelph,Chabad of Guelph,Chabad House,Ontario,Zalman Grossbaum,Raphi Steiner,Mussie Steiner,,2,43.52842,-80.23873,https://www.chabad.org/jewish-centers/1848654/Guelph/Synagogue/Chabad-of-Guelph,1848654
Canada,ON,Hamilton,Chabad Lubavitch Hamilton,Chabad House,Ontario,Zalman Grossbaum,Chanoch Rosenfeld,Fajgi Itkin-Lieberman; Shaina Rosenfeld,,3,43.26207,-79.91509,https://www.chabad.org/jewish-centers/117791/Hamilton/Synagogue/Chabad-Lubavitch-Hamilton,117791
Canada,ON,Innisfil,Chabad Innisfil,Chabad House,Ontario,Zalman Grossbaum,Zevi Kaplan,Mussy Kaplan,,2,44.28997,-79.54817,https://www.chabad.org/jewish-centers/5361702/Innisfil/Synagogue/Chabad-Innisfil,5361702
Canada,ON,Keswick,Chabad Jewish Centre of Georgina,,Ontario,Zalman Grossbaum,Yossi Vorovitch,Chaya Vorovitch,,2,44.22938,-79.4627,https://www.chabad.org/jewish-centers/7045323/Keswick/Chabad-Jewish-Centre-of-Georgina,7045323
Canada,ON,Kingston,Chabad Student Centre of Kingston - Rohr Chabad House,Campus Chabad House,Ontario,Zalman Grossbaum,Sruly Simon,Esther Simon,,2,44.23186,-76.4889,https://www.chabad.org/jewish-centers/1261471/Kingston/Campus-Chabad-House/Chabad-Student-Centre-of-Kingston-Rohr-Chabad-House,1261471
Canada,ON,London,Chabad Center for Jewish Life and Learning of London Ontario,Jewish Community Center,Ontario,Zalman Grossbaum,Mendel Gurkow,Chani Gurkow,,2,42.95033,-81.32932,https://www.chabad.org/jewish-centers/6817840/London/Synagogue/Chabad-Center-for-Jewish-Life-and-Learning-of-London-Ontario,6817840
Canada,ON,London,Chabad at Western,Campus Chabad House,Ontario,Zalman Grossbaum,Mordechai Silberberg,Nechamie Silberberg; Yossi Swued; Mushkie Swued,,4,43.00759,-81.25923,https://www.chabad.org/jewish-centers/119816/London/Campus-Chabad-House/Chabad-at-Western,119816
Canada,ON,London,Friends of Lubavitch,Chabad House,Ontario,Zalman Grossbaum,Mordechai Silberberg,Lazer Gurkow,Yitzchak Block obm,3,43.00759,-81.25923,https://www.chabad.org/jewish-centers/117792/London/Synagogue/Friends-of-Lubavitch,117792
Canada,ON,Maple,Chabad Romano Centre,Chabad House,Ontario,Zalman Grossbaum,Mendel Bernstein,Toby Bernstein; Shlomo Vorovich; Yossi Bernstein,,4,43.88105,-79.4674,https://www.chabad.org/jewish-centers/118374/Maple/Synagogue/Chabad-Romano-Centre,118374
Canada,ON,Maple,Chabad of Maple,Chabad House,Ontario,Zalman Grossbaum,Yechezkel Deren,Shaina Deren,,2,43.85957,-79.48893,https://www.chabad.org/jewish-centers/713289/Maple/Synagogue/Chabad-of-Maple,713289
Canada,ON,Maple,JRCC Maple Hebrew School,Hebrew School,Ontario,Zalman Grossbaum,,,,0,43.85463,-79.47164,https://www.chabad.org/jewish-centers/7083267/Maple/Hebrew-School/JRCC-Maple-Hebrew-School,7083267
Canada,ON,Mississauga,Chabad Jewish Discovery Centre,Chabad House,Ontario,Zalman Grossbaum,Yitzchok Slavin,Sara Slavin,,2,43.5462,-79.65216,https://www.chabad.org/jewish-centers/118663/Mississauga/Synagogue/Chabad-Jewish-Discovery-Centre,118663
Canada,ON,Newmarket,Chabad Newmarket,Chabad House,Ontario,Zalman Grossbaum,Mendy Grossbaum,Libby Grossbaum,,2,44.05946,-79.49206,https://www.chabad.org/jewish-centers/3585579/Newmarket/Synagogue/Chabad-Newmarket,3585579
Canada,ON,Niagara Falls,Chabad Niagara Falls USA,Chabad House,Ontario,Zalman Grossbaum,Yehuda Lorber,Yehudis Lorber,,2,43.08677,-79.06852,https://www.chabad.org/jewish-centers/6624274/Niagara-Falls/Synagogue/Chabad-Niagara-Falls-USA,6624274
Canada,ON,North York,JRCC @ Rockford,Russian Jewry Center,Ontario,Zalman Grossbaum,Yoseph Y. Zaltzman,Shmuel Neft; Esther Neft,,3,43.78564,-79.44846,https://www.chabad.org/jewish-centers/559417/North-York/Synagogue/JRCC-Rockford,559417
Canada,ON,North York,Uptown Chabad Lubavitch,Chabad House,Ontario,Zalman Grossbaum,Moshe Steiner,Yehudis Steiner; Sruli Steiner; Chomi Steiner,,4,43.75601,-79.44041,https://www.chabad.org/jewish-centers/449787/North-York/Synagogue/Uptown-Chabad-Lubavitch,449787
Canada,ON,Ottawa,Chabad Lubavitch of Ottawa,Jewish Community Center,Ontario,Zalman Grossbaum,Dovid Hayes,Yehoshua Botnick; Chana Hayes,,3,45.37894,-75.74195,https://www.chabad.org/jewish-centers/119209/Ottawa/Synagogue/Chabad-Lubavitch-of-Ottawa,119209
Canada,ON,Ottawa,Chabad of Centrepointe,Chabad House,Ontario,Zalman Grossbaum,Chaim Mendelsohn,Bassy Mendelsohn,,2,45.3366,-75.76896,https://www.chabad.org/jewish-centers/118589/Ottawa/Synagogue/Chabad-of-Centrepointe,118589
Canada,ON,Ottawa,Chabad of Kanata,Chabad House,Ontario,Zalman Grossbaum,Michoel Gershzon,Miriam Gershzon,,2,45.27868,-75.86733,https://www.chabad.org/jewish-centers/559424/Ottawa/Synagogue/Chabad-of-Kanata,559424
Canada,ON,Ottawa,Chabad of Wellington West,,Ontario,Zalman Grossbaum,Moshe Caytak,Sheina Caytak,,2,45.39888,-75.73289,https://www.chabad.org/jewish-centers/5456142/Ottawa/Chabad-of-Wellington-West,5456142
Canada,ON,Ottawa,Chabad of Westboro Village,,Ontario,Zalman Grossbaum,,,,0,45.38528,-75.74183,https://www.chabad.org/jewish-centers/4406734/Ottawa/Chabad-of-Westboro-Village,4406734
Canada,ON,Ottawa,Congregation Lubavitch,Synagogue,Ontario,Zalman Grossbaum,Yehoshua Botnick,Rivka Cyril Botnick,,2,45.37894,-75.74195,https://www.chabad.org/jewish-centers/118409/Ottawa/Synagogue/Congregation-Lubavitch,118409
Canada,ON,Ottawa,Irving Aaron Kitchen of Kindness,Social Services,Ontario,Zalman Grossbaum,Chaim Mendelsohn,Bassy Mendelsohn,,2,45.37827,-75.75138,https://www.chabad.org/jewish-centers/7475377/Ottawa/Social-Services/Irving-Aaron-Kitchen-of-Kindness,7475377
Canada,ON,Ottawa,Jewish Youth Library of Ottawa,Library,Ontario,Zalman Grossbaum,Joseph Caytak,Devora Caytak,,2,45.38528,-75.74183,https://www.chabad.org/jewish-centers/118369/Ottawa/Library/Jewish-Youth-Library-of-Ottawa,118369
Canada,ON,Ottawa,Ottawa Torah Centre Chabad,Synagogue,Ontario,Zalman Grossbaum,Menachem Mendel Blum,Dina Blum; Leibel Blum; Shterna Blum,,4,45.26571,-75.77374,https://www.chabad.org/jewish-centers/118251/Ottawa/Synagogue/Ottawa-Torah-Centre-Chabad,118251
Canada,ON,Ottawa,Rohr Chabad Student Network of Ottawa,Campus Chabad House,Ontario,Zalman Grossbaum,Chaim Boyarsky,Yocheved Boyarsky,,2,45.42967,-75.68237,https://www.chabad.org/jewish-centers/677505/Ottawa/Campus-Chabad-House/Rohr-Chabad-Student-Network-of-Ottawa,677505
Canada,ON,Richmond Hill,Chabad Lubavitch of Aurora,Chabad House,Ontario,Zalman Grossbaum,Yosef Hecht,Naftoli Shanowitz; Chaya Mushka Shanowitz,,3,43.93506,-79.45257,https://www.chabad.org/jewish-centers/282401/Richmond-Hill/Synagogue/Chabad-Lubavitch-of-Aurora,282401
Canada,ON,Richmond Hill,Chabad of King Township,,Ontario,Zalman Grossbaum,Naftoli Shanowitz,Chaya Mushka Shanowitz,,2,43.94266,-79.46521,https://www.chabad.org/jewish-centers/7107123/Richmond-Hill/Chabad-of-King-Township,7107123
Canada,ON,Richmond Hill,Hebrew School,Hebrew School,Ontario,Zalman Grossbaum,Mendel Bernstein,Toby Bernstein,,2,43.88892,-79.45676,https://www.chabad.org/jewish-centers/118781/Richmond-Hill/Hebrew-School/Hebrew-School,118781
Canada,ON,Richmond Hill,JRCC S Richmond Hill & Maple,Russian Jewry Center,Ontario,Zalman Grossbaum,Avrohom Zaltzman,Sarale Zaltzman,,2,43.85879,-79.46056,https://www.chabad.org/jewish-centers/6990607/Richmond-Hill/Synagogue/JRCC-S-Richmond-Hill-Maple,6990607
Canada,ON,Thornhill,Bais Chaya Mushka,Day School,Ontario,Zalman Grossbaum,,,,0,43.83672,-79.45678,https://www.chabad.org/jewish-centers/118898/Thornhill/Day-School/Bais-Chaya-Mushka,118898
Canada,ON,Thornhill,Chabad Flamingo,Synagogue,Ontario,Zalman Grossbaum,Mendel Kaplan,Faygie Kaplan; Yossi Sandhaus; Rivki Sandhaus; Leibel Kaplan; Draiza Kaplan; Shmuel Kaplan; Shani Kaplan,,8,43.82216,-79.45201,https://www.chabad.org/jewish-centers/118329/Thornhill/Synagogue/Chabad-Flamingo,118329
Canada,ON,Thornhill,Chabad Lubavitch Of Southern Ontario,Jewish Community Center,Ontario,Zalman Grossbaum,Zalman Aaron Grossbaum,Esther Rochel Grossbaum; Yosef Simcha Gansburg; Moshe Spalter; Yitzchok Grossbaum; Goldy Grossbaum,Dovid Schochet obm,7,43.79879,-79.44527,https://www.chabad.org/jewish-centers/117797/Thornhill/Synagogue/Chabad-Lubavitch-Of-Southern-Ontario,117797
Canada,ON,Thornhill,Chabad Lubavitch of Markham,Chabad House,Ontario,Zalman Grossbaum,Avrohom E. Plotkin,Goldie Plotkin; Meir Gitlin; Esther Gitlin; Sholom Dovber Plotkin; Itta Plotkin,,6,43.82241,-79.39419,https://www.chabad.org/jewish-centers/117795/Thornhill/Synagogue/Chabad-Lubavitch-of-Markham,117795
Canada,ON,Thornhill,Chabad Russian Center of Thornhill Woods,Jewish Community Center,Ontario,Zalman Grossbaum,Chaim Leib Hildeshaim,Chanie Hildeshaim,,2,43.83672,-79.45678,https://www.chabad.org/jewish-centers/174317/Thornhill/Synagogue/Chabad-Russian-Center-of-Thornhill-Woods,174317
Canada,ON,Thornhill,JRCC East Thornhill,Russian Jewry Center,Ontario,Zalman Grossbaum,Mendel Zaltzman,Chanie Zaltzman,,2,43.81261,-79.42406,https://www.chabad.org/jewish-centers/559427/Thornhill/Synagogue/JRCC-East-Thornhill,559427
Canada,ON,Thornhill,JRCC West Thornhill,Russian Jewry Center,Ontario,Zalman Grossbaum,Levi Jacobson,Nechama Dina Jacobson,,2,43.80929,-79.4628,https://www.chabad.org/jewish-centers/559415/Thornhill/Synagogue/JRCC-West-Thornhill,559415
Canada,ON,Thornhill,Jewish Youth Network,Youth Center,Ontario,Zalman Grossbaum,Shmuli Nachlas,Chani Nachlas; Binyomin Warmflash; Fraida Warmflash,,4,43.83451,-79.45606,https://www.chabad.org/jewish-centers/608335/Thornhill/Youth-Center/Jewish-Youth-Network,608335
Canada,ON,Thornhill,Ohr Temimim,,Ontario,Zalman Grossbaum,Eliezer Posner,Menachem Shusterman; Baruch Zaltzman; Menachem Mendel Blesofsky; Mendy Wagner,,5,43.80605,-79.44852,https://www.chabad.org/jewish-centers/3108509/Thornhill/Ohr-Temimim,3108509
Canada,ON,Thornhill,Rohr Chabad Jewish Student Centre at York University,Campus Chabad House,Ontario,Zalman Grossbaum,Vidal Bekerman,Chanah Leah Bekerman,,2,43.79966,-79.44794,https://www.chabad.org/jewish-centers/439219/Thornhill/Campus-Chabad-House/Rohr-Chabad-Jewish-Student-Centre-at-York-University,439219
Canada,ON,Thornhill,Shmuel Zahavy Cheder Chabad,Day School,Ontario,Zalman Grossbaum,Yona Shur,Yechiel Goldberg; Mendel Korf; Yitzchok Rosenfeld; Eli Serebryanski; Menachem Marmulszteyn; Yisroel Bard-wigdor; Levi Rosenfeld; Avrohom Moshe Weinfeld; Meir Shlomo Zaltzman,,10,43.81113,-79.4379,https://www.chabad.org/jewish-centers/117796/Thornhill/Day-School/Shmuel-Zahavy-Cheder-Chabad,117796
Canada,ON,Toronto,Aleph Champ Hebrew School - Allenby,Hebrew School,Ontario,Zalman Grossbaum,Shaya Spalter,Chana S. Gansburg; Esther Spalter,,3,43.70946,-79.41277,https://www.chabad.org/jewish-centers/2991533/Toronto/Hebrew-School/Aleph-Champ-Hebrew-School-Allenby,2991533
Canada,ON,Toronto,Aleph Champ Hebrew School - John Wanless,Hebrew School,Ontario,Zalman Grossbaum,Chana S. Gansburg,,,1,43.72893,-79.41188,https://www.chabad.org/jewish-centers/4480419/Toronto/Hebrew-School/Aleph-Champ-Hebrew-School-John-Wanless,4480419
Canada,ON,Toronto,Aleph Champ Hebrew School - Ledbury Park,Hebrew School,Ontario,Zalman Grossbaum,Shaya Spalter,Chana S. Gansburg; Esther Spalter,,3,43.72754,-79.42723,https://www.chabad.org/jewish-centers/702897/Toronto/Hebrew-School/Aleph-Champ-Hebrew-School-Ledbury-Park,702897
Canada,ON,Toronto,Aleph Champ Hebrew School - Summit Heights,Hebrew School,Ontario,Zalman Grossbaum,Shaya Spalter,Esther Spalter; Chana S. Gansburg,,3,43.74138,-79.43005,https://www.chabad.org/jewish-centers/2991535/Toronto/Hebrew-School/Aleph-Champ-Hebrew-School-Summit-Heights,2991535
Canada,ON,Toronto,Aleph Champ Hebrew School - West Prep,Hebrew School,Ontario,Zalman Grossbaum,Shaya Spalter,Chana S. Gansburg; Esther Spalter,,3,43.70257,-79.43309,https://www.chabad.org/jewish-centers/2488604/Toronto/Hebrew-School/Aleph-Champ-Hebrew-School-West-Prep,2488604
Canada,ON,Toronto,Bais Chaya Mushka School,Day School,Ontario,Zalman Grossbaum,Nochum Sosover,Yaacov Vidal,,2,43.76071,-79.47743,https://www.chabad.org/jewish-centers/118649/Toronto/Day-School/Bais-Chaya-Mushka-School,118649
Canada,ON,Toronto,Bais Chomesh Girls High School,High School - Girls,Ontario,Zalman Grossbaum,Aaron Yarmush,Avrohom E. Plotkin; Rochie Wagner; Miriam Kamman,,4,43.7311,-79.43303,https://www.chabad.org/jewish-centers/326603/Toronto/High-School-Girls/Bais-Chomesh-Girls-High-School,326603
Canada,ON,Toronto,Chabad Lubavitch on the East Side,Chabad House,Ontario,Zalman Grossbaum,Shmuel Grossbaum,Mushkie Grossbaum,,2,43.70106,-79.39734,https://www.chabad.org/jewish-centers/3828697/Toronto/Synagogue/Chabad-Lubavitch-on-the-East-Side,3828697
Canada,ON,Toronto,Chabad of Downtown Toronto,Chabad House,Ontario,Zalman Grossbaum,Mendel Chaikin,Chanie Chaikin,,2,43.64484,-79.39341,https://www.chabad.org/jewish-centers/440133/Toronto/Synagogue/Chabad-of-Downtown-Toronto,440133
Canada,ON,Toronto,Chabad of Midtown Toronto,Jewish Community Center,Ontario,Zalman Grossbaum,Nechemia Deitsch,Devorah Deitsch; Mendel Deitsch; Mussy Deitsch; Yossi Deitsch; Aliza Deitsch,,6,43.67949,-79.41706,https://www.chabad.org/jewish-centers/118383/Toronto/Synagogue/Chabad-of-Midtown-Toronto,118383
Canada,ON,Toronto,Chabad on Bayview,Chabad House,Ontario,Zalman Grossbaum,Levi Gansburg,Rivky Gansburg; Rafi Chemel; Baila Chemel; Rafael Plax; Naomi Plax,,6,43.7392,-79.38165,https://www.chabad.org/jewish-centers/549656/Toronto/Synagogue/Chabad-on-Bayview,549656
Canada,ON,Toronto,Chabad-Lubavitch of Danforth Beaches,Chabad House,Ontario,Zalman Grossbaum,Sholom Lezell,Devora Lezell,,2,43.67133,-79.29298,https://www.chabad.org/jewish-centers/533758/Toronto/Synagogue/Chabad-Lubavitch-of-Danforth-Beaches,533758
Canada,ON,Toronto,Gan Shalom Day Camp,Day Camp,Ontario,Zalman Grossbaum,Chana S. Gansburg,,,1,43.72754,-79.42723,https://www.chabad.org/jewish-centers/2104854/Toronto/Day-Camp/Gan-Shalom-Day-Camp,2104854
Canada,ON,Toronto,JRCC Bathurst & Lawrence,Russian Jewry Center,Ontario,Zalman Grossbaum,,,,0,43.72187,-79.431,https://www.chabad.org/jewish-centers/4031052/Toronto/Synagogue/JRCC-Bathurst-Lawrence,4031052
Canada,ON,Toronto,JRCC Preschool & Daycare,Preschool,Ontario,Zalman Grossbaum,Chiena Zaltzman,,,1,43.78345,-79.4461,https://www.chabad.org/jewish-centers/118938/Toronto/Preschool/JRCC-Preschool-Daycare,118938
Canada,ON,Toronto,JRCC Willowdale,Russian Jewry Center,Ontario,Zalman Grossbaum,Yisroel Zaltzman,Shaina Zaltzman,,2,43.7813,-79.41642,https://www.chabad.org/jewish-centers/6990612/Toronto/Synagogue/JRCC-Willowdale,6990612
Canada,ON,Toronto,Jewish Russian Community Centre of Ontario,Russian Jewry Center,Ontario,Zalman Grossbaum,Yoseph Y. Zaltzman,David Davidov; Mendel Zaltzman; Levi Jacobson; Levi Blau; Shmuel Neft; Mushky Blau; Menachem Wolff,,8,43.7863,-79.44568,https://www.chabad.org/jewish-centers/117798/Toronto/Synagogue/Jewish-Russian-Community-Centre-of-Ontario,117798
Canada,ON,Toronto,Kosh & Chai,,Ontario,Zalman Grossbaum,,,,0,43.67912,-79.4385,https://www.chabad.org/jewish-centers/6796533/Toronto/Kosh-Chai,6796533
Canada,ON,Toronto,Ledbury Jewish Centre,Chabad House,Ontario,Zalman Grossbaum,Menachem Gansburg,Chana S. Gansburg; Shaya Spalter; Esther Spalter; Yisroel Eizicovics; Chava Eizicovics,,6,43.73101,-79.42793,https://www.chabad.org/jewish-centers/438211/Toronto/Synagogue/Ledbury-Jewish-Centre,438211
Canada,ON,Toronto,Mesivta Lubavitch Toronto,Yeshivah Ketanah/Mesivtah,Ontario,Zalman Grossbaum,Zalman Oster,Dov Schochet; Yosef Leib Wechter; Yosef Gorman; Mordechai Wilhelm; Levi Blau; Mendel Chaikin; Aaron David Rappaport; Shneor Wilhelm,,9,43.71885,-79.42927,https://www.chabad.org/jewish-centers/118407/Toronto/Yeshivah-KetanahMesivtah/Mesivta-Lubavitch-Toronto,118407
Canada,ON,Toronto,The Interactive Jewish Education Centre,Children's Club,Ontario,Zalman Grossbaum,Yonah Vilenkin,,,1,43.78165,-79.47276,https://www.chabad.org/jewish-centers/347106/Toronto/Childrens-Club/The-Interactive-Jewish-Education-Centre,347106
Canada,ON,Toronto,The Jewish Learning Institute,Adult Education,Ontario,Zalman Grossbaum,Menachem Gansburg,,,1,43.72704,-79.43085,https://www.chabad.org/jewish-centers/735367/Toronto/Adult-Education/The-Jewish-Learning-Institute,735367
Canada,ON,Toronto,The Jewish Women's Circle,Women's Group,Ontario,Zalman Grossbaum,Chana S. Gansburg,,,1,43.72704,-79.43085,https://www.chabad.org/jewish-centers/735370/Toronto/Womens-Group/The-Jewish-Womens-Circle,735370
Canada,ON,Toronto,Yeshivas Lubavitch Toronto,,Ontario,Zalman Grossbaum,Avrohom Mann,Aron Kamman; Nachman Perl; Shmaryahu Labkowski; Chone Perman; Menachem Mendel Lieberman; Leibel Ceitlin; Levi Zaltzman; Shmuel Teitlebaum; Menachem Wagner; Mayer Nochum Fridman; Tzvi Hirsh Morozow,Akiva Wagner obm,13,43.71885,-79.42927,https://www.chabad.org/jewish-centers/2567221/Toronto/Yeshivas-Lubavitch-Toronto,2567221
Canada,ON,Vaughan,Beth Chabad Israeli Community,Israeli Center,Ontario,Zalman Grossbaum,Yisroel Landa,Rochel Landa; Shimon Israel Binshtock; Libby Landa; Benny Kamchaji; Yaakov Landa; Rivka Landa,Menachem Mendel Landa obm,8,43.81299,-79.45112,https://www.chabad.org/jewish-centers/117951/Vaughan/Israeli-Center/Beth-Chabad-Israeli-Community,117951
Canada,ON,Waterloo,The Rohr Chabad Centre for Jewish Life,Chabad House,Ontario,Zalman Grossbaum,Moshe Goldman,Rivky Goldman,,2,43.4749,-80.53296,https://www.chabad.org/jewish-centers/698452/Waterloo/Synagogue/The-Rohr-Chabad-Centre-for-Jewish-Life,698452
Canada,ON,Whitby,Chabad of Durham Region,Chabad House,Ontario,Zalman Grossbaum,Tzali Borenstein,Chana Borenstein,,2,43.88297,-78.92352,https://www.chabad.org/jewish-centers/1082813/Whitby/Synagogue/Chabad-of-Durham-Region,1082813
Canada,ON,Windsor,Chabad Jewish Centre of Windsor,Chabad House,Michigan,Berel Shemtov,Sholom Galperin,Rivka Galperin,,2,42.29986,-83.02953,https://www.chabad.org/jewish-centers/1851659/Windsor/Synagogue/Chabad-Jewish-Centre-of-Windsor,1851659
Canada,ON,Woodbridge,Chabad Jewish Centre of Woodbridge,Chabad House,Ontario,Zalman Grossbaum,Shalom Ber Bakshi,Chana Bakshi,,2,43.86568,-79.54837,https://www.chabad.org/jewish-centers/4585801/Woodbridge/Synagogue/Chabad-Jewish-Centre-of-Woodbridge,4585801
Canada,QC,Brossard,Chabad South Shore / Rive-Sud,Jewish Community Center,Quebec,Berel Mochkin,Zalman Samama,Sterna Samama,,2,45.45223,-73.46848,https://www.chabad.org/jewish-centers/1604353/Brossard/Synagogue/Chabad-South-Shore-Rive-Sud,1604353
Canada,QC,Chomedey,Chabad of Chomedey & Laval,Jewish Learning Institute,Quebec,Berel Mochkin,David Raphael Banon,Shoshana Banon; Avram Banon,,3,45.52675,-73.76331,https://www.chabad.org/jewish-centers/331810/Chomedey/Jewish-Learning-Institute/Chabad-of-Chomedey-Laval,331810
Canada,QC,Cote St. Luc,Hebrew Day School Tots,Preschool,Quebec,Berel Mochkin,Sara Kramer,,,1,45.46173,-73.67059,https://www.chabad.org/jewish-centers/1407880/Cote-St-Luc/Preschool/Hebrew-Day-School-Tots,1407880
Canada,QC,Côte St. Luc,Beth Chabad Cote S. Luc,Chabad House,Quebec,Berel Mochkin,Mendel Raskin,Sarah Raskin; Shmuel Shuchat; Sholom Ber Sternberg; Rivka Sternberg; Levi Raskin; Itta Raskin; Shmuel Zirkind; Tzemach Raskin; Devorah Raskin; Levi Naparstek; Chaya Mushka Naparstek; Sender Zirkind; Devorah Zirkind,,14,45.47983,-73.65863,https://www.chabad.org/jewish-centers/117799/Cote-St-Luc/Synagogue/Beth-Chabad-Cote-S-Luc,117799
Canada,QC,Côte St. Luc,Hebrew Day School,Preschool,Quebec,Berel Mochkin,Shmuel Kramer,Sara Kramer; Shua Naparstek,,3,45.46173,-73.67059,https://www.chabad.org/jewish-centers/120252/Cote-St-Luc/Preschool/Hebrew-Day-School,120252
Canada,QC,Côte St. Luc,Mikvah Israel,Mikveh,Quebec,Berel Mochkin,Itche Meir Gurary,Chana Mochkin,,2,45.47073,-73.66537,https://www.chabad.org/jewish-centers/119925/Cote-St-Luc/Mikveh/Mikvah-Israel,119925
Canada,QC,Dollard-des-Ormeaux,Chabad of Dollard,Chabad House,Quebec,Berel Mochkin,Leibel Fine,Chana Fine,,2,45.49365,-73.8061,https://www.chabad.org/jewish-centers/442509/Dollard-des-Ormeaux/Synagogue/Chabad-of-Dollard,442509
Canada,QC,Dollard-des-Ormeaux,Gutnick Mazal Jewish Center,Chabad House,Quebec,Berel Mochkin,Yehoshua Yarmush,Feige Esther Yarmush,,2,45.48227,-73.84107,https://www.chabad.org/jewish-centers/117917/Dollard-des-Ormeaux/Synagogue/Gutnick-Mazal-Jewish-Center,117917
Canada,QC,Dorval,Dorval Jewish Centre,Chabad House,Quebec,Berel Mochkin,Shmuel Kaufmann,Rivka Kaufmann; Yitzchok Jacobs; Esther Raizel Jacobs,,4,45.44249,-73.7384,https://www.chabad.org/jewish-centers/1585033/Dorval/Synagogue/Dorval-Jewish-Centre,1585033
Canada,QC,Hampstead,Montreal Torah Center,Chabad House,Quebec,Berel Mochkin,Moishe New,Itchy Treitel; Velvel Minkowitz; Nechama New; Zeldie Treitel; Levi Y. New; Ita New; Getzel Markowitz; Menachem Mendel Mellul; Aaron Spiro,,10,45.48582,-73.65382,https://www.chabad.org/jewish-centers/117890/Hampstead/Synagogue/Montreal-Torah-Center,117890
Canada,QC,Kirkland,Chabad of Kirkland,Jewish Community Center,Quebec,Berel Mochkin,Shmuel Cohen,Chana Cohen,,2,45.44708,-73.85248,https://www.chabad.org/jewish-centers/545438/Kirkland/Synagogue/Chabad-of-Kirkland,545438
Canada,QC,La Minerve,Camp Gan Israel,Overnight Camp,Quebec,Berel Mochkin,Yisroel Mochkin,,,1,46.27257,-74.90507,https://www.chabad.org/jewish-centers/117909/La-Minerve/Overnight-Camp/Camp-Gan-Israel,117909
Canada,QC,Lachine,Chabad of Lachine,Chabad House,Quebec,Berel Mochkin,Raphael Wilmowsky,Goldi Wilmowsky,,2,45.43907,-73.68115,https://www.chabad.org/jewish-centers/7251670/Lachine/Synagogue/Chabad-of-Lachine,7251670
Canada,QC,Lasalle,Chabad of Lasalle,Chabad House,Quebec,Berel Mochkin,Chaim A. Brand,Chanie Brand,,2,45.43594,-73.62442,https://www.chabad.org/jewish-centers/2025470/Lasalle/Synagogue/Chabad-of-Lasalle,2025470
Canada,QC,Laurentians,Chabad of Lower Laurentians,Chabad House,Quebec,Berel Mochkin,Yitzchok Ezagui,Chyena Ezagui,,2,45.89089,-74.16729,https://www.chabad.org/jewish-centers/1560498/Laurentians/Synagogue/Chabad-of-Lower-Laurentians,1560498
Canada,QC,Laval,Torah Academy Summer Camp,Day Camp,Quebec,Berel Mochkin,Zalmen Stiefel,,,1,45.53915,-73.75989,https://www.chabad.org/jewish-centers/465934/Laval/Day-Camp/Torah-Academy-Summer-Camp,465934
Canada,QC,Mont-Tremblant,Chabad of Mont Tremblant,Chabad House,Quebec,Berel Mochkin,Yisroel Mochkin,Liba Mochkin,,2,46.21356,-74.58864,https://www.chabad.org/jewish-centers/312417/Mont-Tremblant/Synagogue/Chabad-of-Mont-Tremblant,312417
Canada,QC,Montreal,BCM - Adult Education,Adult Education,Quebec,Berel Mochkin,Michoel Dahan,Nechama Dahan; Avraham Cohen,,3,45.49107,-73.65073,https://www.chabad.org/jewish-centers/604448/Montreal/Adult-Education/BCM-Adult-Education,604448
Canada,QC,Montreal,Beth Hamedrash Lubavitch,Synagogue,Quebec,Berel Mochkin,,,Itzchok Hendel obm,1,45.49271,-73.64313,https://www.chabad.org/jewish-centers/119156/Montreal/Synagogue/Beth-Hamedrash-Lubavitch,119156
Canada,QC,Montreal,Beth Rivkah Academy,Day School,Quebec,Berel Mochkin,Yosef Minkowitz,Schneur Zalman Rabin; Menachem Mendel Rosenfeld; Shmuel Shneur; Eli Muller; Zalman Samama,,6,45.49436,-73.64604,https://www.chabad.org/jewish-centers/117800/Montreal/Day-School/Beth-Rivkah-Academy,117800
Canada,QC,Montreal,CPE Yeshiva Levi Yitzchak,Preschool,Quebec,Berel Mochkin,Avrohom Teitlebaum,,,1,45.49271,-73.64313,https://www.chabad.org/jewish-centers/831117/Montreal/Preschool/CPE-Yeshiva-Levi-Yitzchak,831117
Canada,QC,Montreal,Camp Pardas Chanah,Overnight Camp,Quebec,Berel Mochkin,Avrohom Gurary,Dinie Gurary,,2,45.49398,-73.63966,https://www.chabad.org/jewish-centers/118940/Montreal/Overnight-Camp/Camp-Pardas-Chanah,118940
Canada,QC,Montreal,Centre Chabad,Chabad House,Quebec,Berel Mochkin,Shalom Chriqui,,,1,45.4954,-73.63695,https://www.chabad.org/jewish-centers/117805/Montreal/Synagogue/Centre-Chabad,117805
Canada,QC,Montreal,Chabad @ CEGEP,Campus Chabad House,Quebec,Berel Mochkin,Elchonon Kazen,Kayla Kazen; Dinah Perlstein; Dovid Perlstein; Sara Lev; Reuven Lev,,6,45.49489,-73.6473,https://www.chabad.org/jewish-centers/1252165/Montreal/Campus-Chabad-House/Chabad-CEGEP,1252165
Canada,QC,Montreal,Chabad Chabanel & Maison Belfield,Jewish Community Center,Quebec,Berel Mochkin,Zushe Silberstein,Menachem Silberstein; Raphael Pre,,3,45.54017,-73.65334,https://www.chabad.org/jewish-centers/117810/Montreal/Synagogue/Chabad-Chabanel-Maison-Belfield,117810
Canada,QC,Montreal,Chabad Chai Center,Jewish Community Center,Quebec,Berel Mochkin,Yossi Kessler,Naftoli Perlstein; Yossi Wenger; Moshe Reikhtman; Sarah Kessler; Dovid Lazare; Dovid Perlstein; Reuven Lev; Sara Lev; Benyamin Haziza; Rivka Haziza; Iosef Itzchak Kaprow,,12,45.49489,-73.6473,https://www.chabad.org/jewish-centers/117803/Montreal/Synagogue/Chabad-Chai-Center,117803
Canada,QC,Montreal,Chabad Côte-des-Neiges,Chabad House,Quebec,Berel Mochkin,Sholom Dovber Ceitlin,Chana Ceitlin,,2,45.51254,-73.63245,https://www.chabad.org/jewish-centers/3805014/Montreal/Synagogue/Chabad-Cote-des-Neiges,3805014
Canada,QC,Montreal,Chabad Hope Center / The Family Store,Social Services,Quebec,Berel Mochkin,Yossi Kessler,Getzel Markowitz; Itchy Treitel,,3,45.49489,-73.6473,https://www.chabad.org/jewish-centers/3827161/Montreal/Social-Services/Chabad-Hope-Center-The-Family-Store,3827161
Canada,QC,Montreal,Chabad Latino Montreal,Chabad House,Quebec,Berel Mochkin,DovBer Kremer,Rivkah Kremer,,2,45.49559,-73.63896,https://www.chabad.org/jewish-centers/4844967/Montreal/Synagogue/Chabad-Latino-Montreal,4844967
Canada,QC,Montreal,Chabad Lifeline,Drug Rehabilitation Center,Quebec,Berel Mochkin,Ronnie Fine,Benyamin Bresinger; Keren Bresinger,,3,45.49433,-73.6318,https://www.chabad.org/jewish-centers/119093/Montreal/Drug-Rehabilitation-Center/Chabad-Lifeline,119093
Canada,QC,Montreal,Chabad Lubavitch Youth Organization,Chabad House,Quebec,Berel Mochkin,Sholom Dovber Mochkin,Nachman Mochkin; Eliahou Gabay; Moishe Cohen; Emmanuel Chaviv,,5,45.50258,-73.57742,https://www.chabad.org/jewish-centers/117801/Montreal/Synagogue/Chabad-Lubavitch-Youth-Organization,117801
Canada,QC,Montreal,Chabad Mile End,Chabad House,Quebec,Berel Mochkin,Yehuda Eliezer Winterfeld,Bruchy Winterfeld,,2,45.52099,-73.6001,https://www.chabad.org/jewish-centers/1670935/Montreal/Synagogue/Chabad-Mile-End,1670935
Canada,QC,Montreal,Chabad Montreal West,Chabad House,Quebec,Berel Mochkin,Pesach Sperlin,Esther Sperlin; Levi Karp; Chana Karp,,4,45.4618,-73.65724,https://www.chabad.org/jewish-centers/624989/Montreal/Synagogue/Chabad-Montreal-West,624989
Canada,QC,Montreal,Chabad Resource & Education Center,Library,Quebec,Berel Mochkin,Yechiel Yosef Ceitlin,,,1,45.49605,-73.63864,https://www.chabad.org/jewish-centers/117807/Montreal/Library/Chabad-Resource-Education-Center,117807
Canada,QC,Montreal,Chabad Russian Youth Center,Russian Jewry Center,Quebec,Berel Mochkin,Moshe Reikhtman,Ayelet Reikhtman,,2,45.49627,-73.63905,https://www.chabad.org/jewish-centers/675951/Montreal/Synagogue/Chabad-Russian-Youth-Center,675951
Canada,QC,Montreal,Chabad Zichron Kedoshim,Chabad House,Quebec,Berel Mochkin,Ronnie Fine,Simcha Fine; Mendel Fine; Shaina Fine; Mendy Bresinger,,5,45.48632,-73.62968,https://www.chabad.org/jewish-centers/119146/Montreal/Synagogue/Chabad-Zichron-Kedoshim,119146
Canada,QC,Montreal,Chabad des Etudiants,Campus Chabad House,Quebec,Berel Mochkin,Shlomo Banon,Matti Banon; Nathan Shmouel Shlomo Bounan; Chen Chaya Bounan,,4,45.52318,-73.60833,https://www.chabad.org/jewish-centers/2463156/Montreal/Campus-Chabad-House/Chabad-des-Etudiants,2463156
Canada,QC,Montreal,Chabad of Old Montreal and Griffintown,Chabad House,Quebec,Berel Mochkin,Nissan Gansbourg,Chanie Gansbourg,,2,45.49934,-73.55842,https://www.chabad.org/jewish-centers/895293/Montreal/Synagogue/Chabad-of-Old-Montreal-and-Griffintown,895293
Canada,QC,Montreal,Chabad of the Town,Chabad House,Quebec,Berel Mochkin,Moishe Krasnanski,Dina Krasnanski; Shneur Zalman Rader; Shaya Zirkind; Peretz Mockin,,5,45.50076,-73.64497,https://www.chabad.org/jewish-centers/118597/Montreal/Synagogue/Chabad-of-the-Town,118597
Canada,QC,Montreal,ChabadHeart,Chabad House,Quebec,Berel Mochkin,Barak Hetsroni,Reut Malka Hetsroni,,2,45.4986,-73.63493,https://www.chabad.org/jewish-centers/6729898/Montreal/Synagogue/ChabadHeart,6729898
Canada,QC,Montreal,Chai Friendship Club,Social Services,Quebec,Berel Mochkin,,,,0,45.49489,-73.6473,https://www.chabad.org/jewish-centers/119147/Montreal/Social-Services/Chai-Friendship-Club,119147
Canada,QC,Montreal,Chaya Mushka Seminary,Teachers' Seminary,Quebec,Berel Mochkin,Michoel Dahan,Isser Smetana; Avraham Cohen; Berel Bell; Mendel Teitlebaum; Mordechai Wenger; Hirshel Raskin; Adina Ceitlin; Tzvi Hirsh Gurary; Nechama Dahan; Zushe Silberstein; Moshe Nosson Fischer; Getzel Markowitz; Mendy Marlow; Pesach Sperlin; Sholom Dovber Shaingarten,,16,45.49416,-73.64624,https://www.chabad.org/jewish-centers/117802/Montreal/Teachers-Seminary/Chaya-Mushka-Seminary,117802
Canada,QC,Montreal,Chayolei Tzivos Hashem,Tzivos Hashem Chapter,Quebec,Berel Mochkin,Shmuel Vaisfiche,Naphtoli Rapoport,,2,45.49489,-73.6473,https://www.chabad.org/jewish-centers/1709582/Montreal/Tzivos-Hashem-Chapter/Chayolei-Tzivos-Hashem,1709582
Canada,QC,Montreal,Free Hebrew For Juniors,Hebrew School,Quebec,Berel Mochkin,Yosef Y. Paris,Sima Paris; Schneur Zalman Lesches; Netanel Shwartz; Refael Paris; Chana Paris; Chany Zagury,,7,45.49549,-73.63309,https://www.chabad.org/jewish-centers/117809/Montreal/Hebrew-School/Free-Hebrew-For-Juniors,117809
Canada,QC,Montreal,Heichal Menachem,Chabad House,Quebec,Berel Mochkin,Boruch Aron Hus,,,1,45.52012,-73.59915,https://www.chabad.org/jewish-centers/443207/Montreal/Synagogue/Heichal-Menachem,443207
Canada,QC,Montreal,Jewish Russian Community Center of Montreal,Russian Jewry Center,Quebec,Berel Mochkin,Yisroel Sirota,,,1,45.48657,-73.6401,https://www.chabad.org/jewish-centers/118504/Montreal/Synagogue/Jewish-Russian-Community-Center-of-Montreal,118504
Canada,QC,Montreal,Kollel Beth Yossef,Kollel,Quebec,Berel Mochkin,Maimon Pinto,,,1,45.49489,-73.6473,https://www.chabad.org/jewish-centers/590613/Montreal/Kollel/Kollel-Beth-Yossef,590613
Canada,QC,Montreal,Mada Community Center,Jewish Community Center,Quebec,Berel Mochkin,Chaim Shlomo Cohen,Yosef Drihem; Moshe Yaacov Sharf; Shmuel Pinson; Schneur Zalmen Yarmush; Sholom Cohen; Asher Golowinski; Nochum Leidiker,,8,45.49202,-73.64669,https://www.chabad.org/jewish-centers/118505/Montreal/Synagogue/Mada-Community-Center,118505
Canada,QC,Montreal,Mikvah Golda,Mikveh,Quebec,Berel Mochkin,Sara Bernath,,,1,45.46788,-73.62032,https://www.chabad.org/jewish-centers/6577379/Montreal/Mikveh/Mikvah-Golda,6577379
Canada,QC,Montreal,Neshei Chabad,N'Shei Chabad,Quebec,Berel Mochkin,Chaya Sara Marozov,Rivka Ceitlin,,2,45.49654,-73.63869,https://www.chabad.org/jewish-centers/119152/Montreal/NShei-Chabad/Neshei-Chabad,119152
Canada,QC,Montreal,Non Profit Loan Organization,Free Loan Fund,Quebec,Berel Mochkin,Yossi Kessler,,,1,45.49585,-73.63799,https://www.chabad.org/jewish-centers/119155/Montreal/Free-Loan-Fund/Non-Profit-Loan-Organization,119155
Canada,QC,Montreal,Rabbinical College of Canada T.T.L.,Cheder,Quebec,Berel Mochkin,Mordechai Nelken,Chaim Berkowitz; Avrohom Chaim Cohen; Shmuel Kaufmann; Shneur Zalman Hendel; Yisroel Menkes; Yosef Chaim Teitlebaum; Reuven Bochurberg; Levi Berger; Yarden Elyahou; Simcha Shneur; Yehudah Leib Lison; Mendel Gottlieb; Daniel Meir Amar; Boruch Chaikin,,15,45.49271,-73.64313,https://www.chabad.org/jewish-centers/117808/Montreal/Cheder/Rabbinical-College-of-Canada-TTL,117808
Canada,QC,Montreal,Rabbinical College of Quebec,Yeshivah Gedolah,Quebec,Berel Mochkin,Leibel Kaplan,Itche Meir Gurary; Sholom Ber Cohen; Moshe Nosson Fischer; Tzvi Hirsh Gurary; Shmuel Kramer; Mordechai Wenger; Chaim Langsam; Moshe Stern,Menachem Greenglass obm,10,45.49245,-73.64247,https://www.chabad.org/jewish-centers/262675/Montreal/Yeshivah-Gedolah/Rabbinical-College-of-Quebec,262675
Canada,QC,Montreal,Rohr Chabad House of Montreal,Chabad House,Quebec,Berel Mochkin,Shmuly Weiss,Rashi Weiss,,2,45.50258,-73.57742,https://www.chabad.org/jewish-centers/117804/Montreal/Synagogue/Rohr-Chabad-House-of-Montreal,117804
Canada,QC,Montreal,Rohr Chabad of NDG,Chabad House,Quebec,Berel Mochkin,Yisroel Bernath,Sara Bernath; Yehoshua Berkowicz; Chani Berkowicz,,4,45.46788,-73.62032,https://www.chabad.org/jewish-centers/757095/Montreal/Synagogue/Rohr-Chabad-of-NDG,757095
Canada,QC,Montreal,Teenage Social Center,Children's Club,Quebec,Berel Mochkin,Naftoli Perlstein,,,1,45.49489,-73.6473,https://www.chabad.org/jewish-centers/119148/Montreal/Childrens-Club/Teenage-Social-Center,119148
Canada,QC,Montreal,The Sunshine Club,,Quebec,Berel Mochkin,Zalmen Marozov,Leibel Brikman,,2,45.49605,-73.63864,https://www.chabad.org/jewish-centers/4252413/Montreal/The-Sunshine-Club,4252413
Canada,QC,Montreal,Torah Fax,Publications,Quebec,Berel Mochkin,Zalmen Marozov,,,1,45.49605,-73.63864,https://www.chabad.org/jewish-centers/119154/Montreal/Publications/Torah-Fax,119154
Canada,QC,Montreal,Yagdil Torah,Kollel,Quebec,Berel Mochkin,Shmuel Shuchat,,,1,45.49514,-73.64721,https://www.chabad.org/jewish-centers/5688626/Montreal/Kollel/Yagdil-Torah,5688626
Canada,QC,Montreal West,Chabad Westminster,Chabad House,Quebec,Berel Mochkin,Mendy Marlow,Chaya Marlow,,2,45.45788,-73.65547,https://www.chabad.org/jewish-centers/3436159/Montreal-West/Synagogue/Chabad-Westminster,3436159
Canada,QC,Napierville,Yeshiva Tomchei Tmimim Or Menachem,Yeshivah Ketanah/Mesivtah,Quebec,Berel Mochkin,Yehuda M. Dahan,Barak Hetsroni; Menachem Mendel Scheiner; Yosef Yitzchak Doron; Mordechay Amzallag; Aba Amzallag,,6,45.18807,-73.40599,https://www.chabad.org/jewish-centers/1215189/Napierville/Yeshivah-KetanahMesivtah/Yeshiva-Tomchei-Tmimim-Or-Menachem,1215189
Canada,QC,Quebec City,Jewish Community of Quebec City,Jewish Community Center,Quebec,Berel Mochkin,Dovid Lewin,Devorah Leah Lewin,,2,46.80005,-71.22525,https://www.chabad.org/jewish-centers/398220/Quebec-City/Synagogue/Jewish-Community-of-Quebec-City,398220
Canada,QC,Quebec City,La Maison Chabad,Adult Education,Quebec,Berel Mochkin,Dovid Lewin,Devorah Leah Lewin,,2,46.80522,-71.21813,https://www.chabad.org/jewish-centers/398876/Quebec-City/Adult-Education/La-Maison-Chabad,398876
Canada,QC,S. Agathe,Etz Haim,Synagogue,Quebec,Berel Mochkin,,,,0,46.06464,-74.32822,https://www.chabad.org/jewish-centers/4477083/S-Agathe/Synagogue/Etz-Haim,4477083
Canada,QC,S. Lazare,Chabad Centre for Jewish Life S. Lazare,Chabad House,Quebec,Berel Mochkin,Nachum Labkowski,Malki Labkowski,,2,45.4005,-74.14209,https://www.chabad.org/jewish-centers/1013109/S-Lazare/Synagogue/Chabad-Centre-for-Jewish-Life-S-Lazare,1013109
Canada,QC,Sherbrooke,Chabad of Sherbrooke,Chabad House,Quebec,Berel Mochkin,Moishe Notik,Miriam Notik,,2,45.38186,-71.92321,https://www.chabad.org/jewish-centers/1617611/Sherbrooke/Synagogue/Chabad-of-Sherbrooke,1617611
Canada,QC,Trois-Rivières,Chabad of Trois-Rivières,Chabad House,Quebec,Berel Mochkin,Aaron Spiro,Sara Rivah Spiro,,2,46.34102,-72.54051,https://www.chabad.org/jewish-centers/6673125/Trois-Rivieres/Synagogue/Chabad-of-Trois-Rivieres,6673125
Canada,QC,Verdun,Chabad of Nuns Island,Chabad House,Quebec,Berel Mochkin,Levi Itkin,Mushkie Itkin,,2,45.45639,-73.5467,https://www.chabad.org/jewish-centers/1341925/Verdun/Synagogue/Chabad-of-Nuns-Island,1341925
Canada,QC,Ville S. Laurent,Chabad V.s.L. & Chabad Bois Franc,Chabad House,Quebec,Berel Mochkin,Schneur Silberstein,Devorah Leah Silberstein,,2,45.4973,-73.6885,https://www.chabad.org/jewish-centers/118494/Ville-S-Laurent/Synagogue/Chabad-VsL-Chabad-Bois-Franc,118494
Canada,QC,Ville S. Laurent,Community Hebrew School,Hebrew School,Quebec,Berel Mochkin,Devorah Leah Silberstein,,,1,45.51292,-73.71086,https://www.chabad.org/jewish-centers/1620511/Ville-S-Laurent/Hebrew-School/Community-Hebrew-School,1620511
Canada,QC,Westmount,Chabad Care,Hospitality Center,Quebec,Berel Mochkin,Shimon Partouche,Rivkah Partouche,,2,45.47408,-73.60461,https://www.chabad.org/jewish-centers/5567985/Westmount/Hospitality-Center/Chabad-Care,5567985
Canada,QC,Westmount,Chabad of Westmount Educational Centre,Chabad House,Quebec,Berel Mochkin,Yossi Shanowitz,Devorah Leah Shanowitz; Ariel Stern; Mushky Stern; Mendy Berkowitz; Aydlah Berkowitz,,6,45.48722,-73.58971,https://www.chabad.org/jewish-centers/118194/Westmount/Synagogue/Chabad-of-Westmount-Educational-Centre,118194
Canada,SK,Regina,Chabad Lubavitch of Regina,Chabad House,Manitoba-Saskatchewan,Avrohom Altein,Avrohom Simmonds,Shterna Simmonds,,2,50.4519,-104.61431,https://www.chabad.org/jewish-centers/2051293/Regina/Synagogue/Chabad-Lubavitch-of-Regina,2051293
Canada,SK,Saskatoon,Chabad-Lubavitch of Saskatoon,Chabad House,Manitoba-Saskatchewan,Avrohom Altein,Raphael Kats,Sarah Kats,,2,52.1579,-106.67016,https://www.chabad.org/jewish-centers/1344050/Saskatoon/Synagogue/Chabad-Lubavitch-of-Saskatoon,1344050
